lb_atom,lb_substituent_1,lb_substituent_2,linker,la_substituent_1,la_substituent_2,fragment_tokens,canonical_smiles
P,phenyl,phenyl,C1,phenyl,phenyl,<LB_P><LB1_phenyl><LB2_phenyl><LINKER_C1><LA1_phenyl><LA2_phenyl>,c1ccc(B(CP(c2ccccc2)c2ccccc2)c2ccccc2)cc1
P,phenyl,phenyl,C2,phenyl,phenyl,<LB_P><LB1_phenyl><LB2_phenyl><LINKER_C2><LA1_phenyl><LA2_phenyl>,c1ccc(B(CCP(c2ccccc2)c2ccccc2)c2ccccc2)cc1
P,phenyl,phenyl,C3,phenyl,phenyl,<LB_P><LB1_phenyl><LB2_phenyl><LINKER_C3><LA1_phenyl><LA2_phenyl>,c1ccc(B(CCCP(c2ccccc2)c2ccccc2)c2ccccc2)cc1
P,phenyl,phenyl,C4,phenyl,phenyl,<LB_P><LB1_phenyl><LB2_phenyl><LINKER_C4><LA1_phenyl><LA2_phenyl>,c1ccc(B(CCCCP(c2ccccc2)c2ccccc2)c2ccccc2)cc1
P,phenyl,phenyl,C5,phenyl,phenyl,<LB_P><LB1_phenyl><LB2_phenyl><LINKER_C5><LA1_phenyl><LA2_phenyl>,c1ccc(B(CCCCCP(c2ccccc2)c2ccccc2)c2ccccc2)cc1
P,phenyl,phenyl,C6,phenyl,phenyl,<LB_P><LB1_phenyl><LB2_phenyl><LINKER_C6><LA1_phenyl><LA2_phenyl>,c1ccc(B(CCCCCCP(c2ccccc2)c2ccccc2)c2ccccc2)cc1
P,phenyl,phenyl,C1,phenyl,p_tolyl,<LB_P><LB1_phenyl><LB2_phenyl><LINKER_C1><LA1_phenyl><LA2_p_tolyl>,Cc1ccc(B(CP(c2ccccc2)c2ccccc2)c2ccccc2)cc1
P,phenyl,phenyl,C2,phenyl,p_tolyl,<LB_P><LB1_phenyl><LB2_phenyl><LINKER_C2><LA1_phenyl><LA2_p_tolyl>,Cc1ccc(B(CCP(c2ccccc2)c2ccccc2)c2ccccc2)cc1
P,phenyl,phenyl,C3,phenyl,p_tolyl,<LB_P><LB1_phenyl><LB2_phenyl><LINKER_C3><LA1_phenyl><LA2_p_tolyl>,Cc1ccc(B(CCCP(c2ccccc2)c2ccccc2)c2ccccc2)cc1
P,phenyl,phenyl,C4,phenyl,p_tolyl,<LB_P><LB1_phenyl><LB2_phenyl><LINKER_C4><LA1_phenyl><LA2_p_tolyl>,Cc1ccc(B(CCCCP(c2ccccc2)c2ccccc2)c2ccccc2)cc1
P,phenyl,phenyl,C5,phenyl,p_tolyl,<LB_P><LB1_phenyl><LB2_phenyl><LINKER_C5><LA1_phenyl><LA2_p_tolyl>,Cc1ccc(B(CCCCCP(c2ccccc2)c2ccccc2)c2ccccc2)cc1
P,phenyl,phenyl,C6,phenyl,p_tolyl,<LB_P><LB1_phenyl><LB2_phenyl><LINKER_C6><LA1_phenyl><LA2_p_tolyl>,Cc1ccc(B(CCCCCCP(c2ccccc2)c2ccccc2)c2ccccc2)cc1
P,phenyl,phenyl,C1,phenyl,mesityl,<LB_P><LB1_phenyl><LB2_phenyl><LINKER_C1><LA1_phenyl><LA2_mesityl>,Cc1cc(C)c(B(CP(c2ccccc2)c2ccccc2)c2ccccc2)c(C)c1
P,phenyl,phenyl,C2,phenyl,mesityl,<LB_P><LB1_phenyl><LB2_phenyl><LINKER_C2><LA1_phenyl><LA2_mesityl>,Cc1cc(C)c(B(CCP(c2ccccc2)c2ccccc2)c2ccccc2)c(C)c1
P,phenyl,phenyl,C3,phenyl,mesityl,<LB_P><LB1_phenyl><LB2_phenyl><LINKER_C3><LA1_phenyl><LA2_mesityl>,Cc1cc(C)c(B(CCCP(c2ccccc2)c2ccccc2)c2ccccc2)c(C)c1
P,phenyl,phenyl,C4,phenyl,mesityl,<LB_P><LB1_phenyl><LB2_phenyl><LINKER_C4><LA1_phenyl><LA2_mesityl>,Cc1cc(C)c(B(CCCCP(c2ccccc2)c2ccccc2)c2ccccc2)c(C)c1
P,phenyl,phenyl,C5,phenyl,mesityl,<LB_P><LB1_phenyl><LB2_phenyl><LINKER_C5><LA1_phenyl><LA2_mesityl>,Cc1cc(C)c(B(CCCCCP(c2ccccc2)c2ccccc2)c2ccccc2)c(C)c1
P,phenyl,phenyl,C6,phenyl,mesityl,<LB_P><LB1_phenyl><LB2_phenyl><LINKER_C6><LA1_phenyl><LA2_mesityl>,Cc1cc(C)c(B(CCCCCCP(c2ccccc2)c2ccccc2)c2ccccc2)c(C)c1
P,phenyl,phenyl,C1,phenyl,pentafluorophenyl,<LB_P><LB1_phenyl><LB2_phenyl><LINKER_C1><LA1_phenyl><LA2_pentafluorophenyl>,Fc1c(F)c(F)c(B(CP(c2ccccc2)c2ccccc2)c2ccccc2)c(F)c1F
P,phenyl,phenyl,C2,phenyl,pentafluorophenyl,<LB_P><LB1_phenyl><LB2_phenyl><LINKER_C2><LA1_phenyl><LA2_pentafluorophenyl>,Fc1c(F)c(F)c(B(CCP(c2ccccc2)c2ccccc2)c2ccccc2)c(F)c1F
P,phenyl,phenyl,C3,phenyl,pentafluorophenyl,<LB_P><LB1_phenyl><LB2_phenyl><LINKER_C3><LA1_phenyl><LA2_pentafluorophenyl>,Fc1c(F)c(F)c(B(CCCP(c2ccccc2)c2ccccc2)c2ccccc2)c(F)c1F
P,phenyl,phenyl,C4,phenyl,pentafluorophenyl,<LB_P><LB1_phenyl><LB2_phenyl><LINKER_C4><LA1_phenyl><LA2_pentafluorophenyl>,Fc1c(F)c(F)c(B(CCCCP(c2ccccc2)c2ccccc2)c2ccccc2)c(F)c1F
P,phenyl,phenyl,C5,phenyl,pentafluorophenyl,<LB_P><LB1_phenyl><LB2_phenyl><LINKER_C5><LA1_phenyl><LA2_pentafluorophenyl>,Fc1c(F)c(F)c(B(CCCCCP(c2ccccc2)c2ccccc2)c2ccccc2)c(F)c1F
P,phenyl,phenyl,C6,phenyl,pentafluorophenyl,<LB_P><LB1_phenyl><LB2_phenyl><LINKER_C6><LA1_phenyl><LA2_pentafluorophenyl>,Fc1c(F)c(F)c(B(CCCCCCP(c2ccccc2)c2ccccc2)c2ccccc2)c(F)c1F
P,phenyl,phenyl,C1,phenyl,pentachlorophenyl,<LB_P><LB1_phenyl><LB2_phenyl><LINKER_C1><LA1_phenyl><LA2_pentachlorophenyl>,Clc1c(Cl)c(Cl)c(B(CP(c2ccccc2)c2ccccc2)c2ccccc2)c(Cl)c1Cl
P,phenyl,phenyl,C2,phenyl,pentachlorophenyl,<LB_P><LB1_phenyl><LB2_phenyl><LINKER_C2><LA1_phenyl><LA2_pentachlorophenyl>,Clc1c(Cl)c(Cl)c(B(CCP(c2ccccc2)c2ccccc2)c2ccccc2)c(Cl)c1Cl
P,phenyl,phenyl,C3,phenyl,pentachlorophenyl,<LB_P><LB1_phenyl><LB2_phenyl><LINKER_C3><LA1_phenyl><LA2_pentachlorophenyl>,Clc1c(Cl)c(Cl)c(B(CCCP(c2ccccc2)c2ccccc2)c2ccccc2)c(Cl)c1Cl
P,phenyl,phenyl,C4,phenyl,pentachlorophenyl,<LB_P><LB1_phenyl><LB2_phenyl><LINKER_C4><LA1_phenyl><LA2_pentachlorophenyl>,Clc1c(Cl)c(Cl)c(B(CCCCP(c2ccccc2)c2ccccc2)c2ccccc2)c(Cl)c1Cl
P,phenyl,phenyl,C5,phenyl,pentachlorophenyl,<LB_P><LB1_phenyl><LB2_phenyl><LINKER_C5><LA1_phenyl><LA2_pentachlorophenyl>,Clc1c(Cl)c(Cl)c(B(CCCCCP(c2ccccc2)c2ccccc2)c2ccccc2)c(Cl)c1Cl
P,phenyl,phenyl,C6,phenyl,pentachlorophenyl,<LB_P><LB1_phenyl><LB2_phenyl><LINKER_C6><LA1_phenyl><LA2_pentachlorophenyl>,Clc1c(Cl)c(Cl)c(B(CCCCCCP(c2ccccc2)c2ccccc2)c2ccccc2)c(Cl)c1Cl
P,phenyl,phenyl,C1,phenyl,bis_cf3_phenyl,<LB_P><LB1_phenyl><LB2_phenyl><LINKER_C1><LA1_phenyl><LA2_bis_cf3_phenyl>,FC(F)(F)c1cc(B(CP(c2ccccc2)c2ccccc2)c2ccccc2)cc(C(F)(F)F)c1
P,phenyl,phenyl,C2,phenyl,bis_cf3_phenyl,<LB_P><LB1_phenyl><LB2_phenyl><LINKER_C2><LA1_phenyl><LA2_bis_cf3_phenyl>,FC(F)(F)c1cc(B(CCP(c2ccccc2)c2ccccc2)c2ccccc2)cc(C(F)(F)F)c1
P,phenyl,phenyl,C3,phenyl,bis_cf3_phenyl,<LB_P><LB1_phenyl><LB2_phenyl><LINKER_C3><LA1_phenyl><LA2_bis_cf3_phenyl>,FC(F)(F)c1cc(B(CCCP(c2ccccc2)c2ccccc2)c2ccccc2)cc(C(F)(F)F)c1
P,phenyl,phenyl,C4,phenyl,bis_cf3_phenyl,<LB_P><LB1_phenyl><LB2_phenyl><LINKER_C4><LA1_phenyl><LA2_bis_cf3_phenyl>,FC(F)(F)c1cc(B(CCCCP(c2ccccc2)c2ccccc2)c2ccccc2)cc(C(F)(F)F)c1
P,phenyl,phenyl,C5,phenyl,bis_cf3_phenyl,<LB_P><LB1_phenyl><LB2_phenyl><LINKER_C5><LA1_phenyl><LA2_bis_cf3_phenyl>,FC(F)(F)c1cc(B(CCCCCP(c2ccccc2)c2ccccc2)c2ccccc2)cc(C(F)(F)F)c1
P,phenyl,phenyl,C6,phenyl,bis_cf3_phenyl,<LB_P><LB1_phenyl><LB2_phenyl><LINKER_C6><LA1_phenyl><LA2_bis_cf3_phenyl>,FC(F)(F)c1cc(B(CCCCCCP(c2ccccc2)c2ccccc2)c2ccccc2)cc(C(F)(F)F)c1
P,phenyl,phenyl,C1,p_tolyl,p_tolyl,<LB_P><LB1_phenyl><LB2_phenyl><LINKER_C1><LA1_p_tolyl><LA2_p_tolyl>,Cc1ccc(B(CP(c2ccccc2)c2ccccc2)c2ccc(C)cc2)cc1
P,phenyl,phenyl,C2,p_tolyl,p_tolyl,<LB_P><LB1_phenyl><LB2_phenyl><LINKER_C2><LA1_p_tolyl><LA2_p_tolyl>,Cc1ccc(B(CCP(c2ccccc2)c2ccccc2)c2ccc(C)cc2)cc1
P,phenyl,phenyl,C3,p_tolyl,p_tolyl,<LB_P><LB1_phenyl><LB2_phenyl><LINKER_C3><LA1_p_tolyl><LA2_p_tolyl>,Cc1ccc(B(CCCP(c2ccccc2)c2ccccc2)c2ccc(C)cc2)cc1
P,phenyl,phenyl,C4,p_tolyl,p_tolyl,<LB_P><LB1_phenyl><LB2_phenyl><LINKER_C4><LA1_p_tolyl><LA2_p_tolyl>,Cc1ccc(B(CCCCP(c2ccccc2)c2ccccc2)c2ccc(C)cc2)cc1
P,phenyl,phenyl,C5,p_tolyl,p_tolyl,<LB_P><LB1_phenyl><LB2_phenyl><LINKER_C5><LA1_p_tolyl><LA2_p_tolyl>,Cc1ccc(B(CCCCCP(c2ccccc2)c2ccccc2)c2ccc(C)cc2)cc1
P,phenyl,phenyl,C6,p_tolyl,p_tolyl,<LB_P><LB1_phenyl><LB2_phenyl><LINKER_C6><LA1_p_tolyl><LA2_p_tolyl>,Cc1ccc(B(CCCCCCP(c2ccccc2)c2ccccc2)c2ccc(C)cc2)cc1
P,phenyl,phenyl,C1,p_tolyl,mesityl,<LB_P><LB1_phenyl><LB2_phenyl><LINKER_C1><LA1_p_tolyl><LA2_mesityl>,Cc1ccc(B(CP(c2ccccc2)c2ccccc2)c2c(C)cc(C)cc2C)cc1
P,phenyl,phenyl,C2,p_tolyl,mesityl,<LB_P><LB1_phenyl><LB2_phenyl><LINKER_C2><LA1_p_tolyl><LA2_mesityl>,Cc1ccc(B(CCP(c2ccccc2)c2ccccc2)c2c(C)cc(C)cc2C)cc1
P,phenyl,phenyl,C3,p_tolyl,mesityl,<LB_P><LB1_phenyl><LB2_phenyl><LINKER_C3><LA1_p_tolyl><LA2_mesityl>,Cc1ccc(B(CCCP(c2ccccc2)c2ccccc2)c2c(C)cc(C)cc2C)cc1
P,phenyl,phenyl,C4,p_tolyl,mesityl,<LB_P><LB1_phenyl><LB2_phenyl><LINKER_C4><LA1_p_tolyl><LA2_mesityl>,Cc1ccc(B(CCCCP(c2ccccc2)c2ccccc2)c2c(C)cc(C)cc2C)cc1
P,phenyl,phenyl,C5,p_tolyl,mesityl,<LB_P><LB1_phenyl><LB2_phenyl><LINKER_C5><LA1_p_tolyl><LA2_mesityl>,Cc1ccc(B(CCCCCP(c2ccccc2)c2ccccc2)c2c(C)cc(C)cc2C)cc1
P,phenyl,phenyl,C6,p_tolyl,mesityl,<LB_P><LB1_phenyl><LB2_phenyl><LINKER_C6><LA1_p_tolyl><LA2_mesityl>,Cc1ccc(B(CCCCCCP(c2ccccc2)c2ccccc2)c2c(C)cc(C)cc2C)cc1
P,phenyl,phenyl,C1,p_tolyl,pentafluorophenyl,<LB_P><LB1_phenyl><LB2_phenyl><LINKER_C1><LA1_p_tolyl><LA2_pentafluorophenyl>,Cc1ccc(B(CP(c2ccccc2)c2ccccc2)c2c(F)c(F)c(F)c(F)c2F)cc1
P,phenyl,phenyl,C2,p_tolyl,pentafluorophenyl,<LB_P><LB1_phenyl><LB2_phenyl><LINKER_C2><LA1_p_tolyl><LA2_pentafluorophenyl>,Cc1ccc(B(CCP(c2ccccc2)c2ccccc2)c2c(F)c(F)c(F)c(F)c2F)cc1
P,phenyl,phenyl,C3,p_tolyl,pentafluorophenyl,<LB_P><LB1_phenyl><LB2_phenyl><LINKER_C3><LA1_p_tolyl><LA2_pentafluorophenyl>,Cc1ccc(B(CCCP(c2ccccc2)c2ccccc2)c2c(F)c(F)c(F)c(F)c2F)cc1
P,phenyl,phenyl,C4,p_tolyl,pentafluorophenyl,<LB_P><LB1_phenyl><LB2_phenyl><LINKER_C4><LA1_p_tolyl><LA2_pentafluorophenyl>,Cc1ccc(B(CCCCP(c2ccccc2)c2ccccc2)c2c(F)c(F)c(F)c(F)c2F)cc1
P,phenyl,phenyl,C5,p_tolyl,pentafluorophenyl,<LB_P><LB1_phenyl><LB2_phenyl><LINKER_C5><LA1_p_tolyl><LA2_pentafluorophenyl>,Cc1ccc(B(CCCCCP(c2ccccc2)c2ccccc2)c2c(F)c(F)c(F)c(F)c2F)cc1
P,phenyl,phenyl,C6,p_tolyl,pentafluorophenyl,<LB_P><LB1_phenyl><LB2_phenyl><LINKER_C6><LA1_p_tolyl><LA2_pentafluorophenyl>,Cc1ccc(B(CCCCCCP(c2ccccc2)c2ccccc2)c2c(F)c(F)c(F)c(F)c2F)cc1
P,phenyl,phenyl,C1,p_tolyl,pentachlorophenyl,<LB_P><LB1_phenyl><LB2_phenyl><LINKER_C1><LA1_p_tolyl><LA2_pentachlorophenyl>,Cc1ccc(B(CP(c2ccccc2)c2ccccc2)c2c(Cl)c(Cl)c(Cl)c(Cl)c2Cl)cc1
P,phenyl,phenyl,C2,p_tolyl,pentachlorophenyl,<LB_P><LB1_phenyl><LB2_phenyl><LINKER_C2><LA1_p_tolyl><LA2_pentachlorophenyl>,Cc1ccc(B(CCP(c2ccccc2)c2ccccc2)c2c(Cl)c(Cl)c(Cl)c(Cl)c2Cl)cc1
P,phenyl,phenyl,C3,p_tolyl,pentachlorophenyl,<LB_P><LB1_phenyl><LB2_phenyl><LINKER_C3><LA1_p_tolyl><LA2_pentachlorophenyl>,Cc1ccc(B(CCCP(c2ccccc2)c2ccccc2)c2c(Cl)c(Cl)c(Cl)c(Cl)c2Cl)cc1
P,phenyl,phenyl,C4,p_tolyl,pentachlorophenyl,<LB_P><LB1_phenyl><LB2_phenyl><LINKER_C4><LA1_p_tolyl><LA2_pentachlorophenyl>,Cc1ccc(B(CCCCP(c2ccccc2)c2ccccc2)c2c(Cl)c(Cl)c(Cl)c(Cl)c2Cl)cc1
P,phenyl,phenyl,C5,p_tolyl,pentachlorophenyl,<LB_P><LB1_phenyl><LB2_phenyl><LINKER_C5><LA1_p_tolyl><LA2_pentachlorophenyl>,Cc1ccc(B(CCCCCP(c2ccccc2)c2ccccc2)c2c(Cl)c(Cl)c(Cl)c(Cl)c2Cl)cc1
P,phenyl,phenyl,C6,p_tolyl,pentachlorophenyl,<LB_P><LB1_phenyl><LB2_phenyl><LINKER_C6><LA1_p_tolyl><LA2_pentachlorophenyl>,Cc1ccc(B(CCCCCCP(c2ccccc2)c2ccccc2)c2c(Cl)c(Cl)c(Cl)c(Cl)c2Cl)cc1
P,phenyl,phenyl,C1,p_tolyl,bis_cf3_phenyl,<LB_P><LB1_phenyl><LB2_phenyl><LINKER_C1><LA1_p_tolyl><LA2_bis_cf3_phenyl>,Cc1ccc(B(CP(c2ccccc2)c2ccccc2)c2cc(C(F)(F)F)cc(C(F)(F)F)c2)cc1
P,phenyl,phenyl,C2,p_tolyl,bis_cf3_phenyl,<LB_P><LB1_phenyl><LB2_phenyl><LINKER_C2><LA1_p_tolyl><LA2_bis_cf3_phenyl>,Cc1ccc(B(CCP(c2ccccc2)c2ccccc2)c2cc(C(F)(F)F)cc(C(F)(F)F)c2)cc1
P,phenyl,phenyl,C3,p_tolyl,bis_cf3_phenyl,<LB_P><LB1_phenyl><LB2_phenyl><LINKER_C3><LA1_p_tolyl><LA2_bis_cf3_phenyl>,Cc1ccc(B(CCCP(c2ccccc2)c2ccccc2)c2cc(C(F)(F)F)cc(C(F)(F)F)c2)cc1
P,phenyl,phenyl,C4,p_tolyl,bis_cf3_phenyl,<LB_P><LB1_phenyl><LB2_phenyl><LINKER_C4><LA1_p_tolyl><LA2_bis_cf3_phenyl>,Cc1ccc(B(CCCCP(c2ccccc2)c2ccccc2)c2cc(C(F)(F)F)cc(C(F)(F)F)c2)cc1
P,phenyl,phenyl,C5,p_tolyl,bis_cf3_phenyl,<LB_P><LB1_phenyl><LB2_phenyl><LINKER_C5><LA1_p_tolyl><LA2_bis_cf3_phenyl>,Cc1ccc(B(CCCCCP(c2ccccc2)c2ccccc2)c2cc(C(F)(F)F)cc(C(F)(F)F)c2)cc1
P,phenyl,phenyl,C6,p_tolyl,bis_cf3_phenyl,<LB_P><LB1_phenyl><LB2_phenyl><LINKER_C6><LA1_p_tolyl><LA2_bis_cf3_phenyl>,Cc1ccc(B(CCCCCCP(c2ccccc2)c2ccccc2)c2cc(C(F)(F)F)cc(C(F)(F)F)c2)cc1
P,phenyl,phenyl,C1,mesityl,mesityl,<LB_P><LB1_phenyl><LB2_phenyl><LINKER_C1><LA1_mesityl><LA2_mesityl>,Cc1cc(C)c(B(CP(c2ccccc2)c2ccccc2)c2c(C)cc(C)cc2C)c(C)c1
P,phenyl,phenyl,C2,mesityl,mesityl,<LB_P><LB1_phenyl><LB2_phenyl><LINKER_C2><LA1_mesityl><LA2_mesityl>,Cc1cc(C)c(B(CCP(c2ccccc2)c2ccccc2)c2c(C)cc(C)cc2C)c(C)c1
P,phenyl,phenyl,C3,mesityl,mesityl,<LB_P><LB1_phenyl><LB2_phenyl><LINKER_C3><LA1_mesityl><LA2_mesityl>,Cc1cc(C)c(B(CCCP(c2ccccc2)c2ccccc2)c2c(C)cc(C)cc2C)c(C)c1
P,phenyl,phenyl,C4,mesityl,mesityl,<LB_P><LB1_phenyl><LB2_phenyl><LINKER_C4><LA1_mesityl><LA2_mesityl>,Cc1cc(C)c(B(CCCCP(c2ccccc2)c2ccccc2)c2c(C)cc(C)cc2C)c(C)c1
P,phenyl,phenyl,C5,mesityl,mesityl,<LB_P><LB1_phenyl><LB2_phenyl><LINKER_C5><LA1_mesityl><LA2_mesityl>,Cc1cc(C)c(B(CCCCCP(c2ccccc2)c2ccccc2)c2c(C)cc(C)cc2C)c(C)c1
P,phenyl,phenyl,C6,mesityl,mesityl,<LB_P><LB1_phenyl><LB2_phenyl><LINKER_C6><LA1_mesityl><LA2_mesityl>,Cc1cc(C)c(B(CCCCCCP(c2ccccc2)c2ccccc2)c2c(C)cc(C)cc2C)c(C)c1
P,phenyl,phenyl,C1,mesityl,pentafluorophenyl,<LB_P><LB1_phenyl><LB2_phenyl><LINKER_C1><LA1_mesityl><LA2_pentafluorophenyl>,Cc1cc(C)c(B(CP(c2ccccc2)c2ccccc2)c2c(F)c(F)c(F)c(F)c2F)c(C)c1
P,phenyl,phenyl,C2,mesityl,pentafluorophenyl,<LB_P><LB1_phenyl><LB2_phenyl><LINKER_C2><LA1_mesityl><LA2_pentafluorophenyl>,Cc1cc(C)c(B(CCP(c2ccccc2)c2ccccc2)c2c(F)c(F)c(F)c(F)c2F)c(C)c1
P,phenyl,phenyl,C3,mesityl,pentafluorophenyl,<LB_P><LB1_phenyl><LB2_phenyl><LINKER_C3><LA1_mesityl><LA2_pentafluorophenyl>,Cc1cc(C)c(B(CCCP(c2ccccc2)c2ccccc2)c2c(F)c(F)c(F)c(F)c2F)c(C)c1
P,phenyl,phenyl,C4,mesityl,pentafluorophenyl,<LB_P><LB1_phenyl><LB2_phenyl><LINKER_C4><LA1_mesityl><LA2_pentafluorophenyl>,Cc1cc(C)c(B(CCCCP(c2ccccc2)c2ccccc2)c2c(F)c(F)c(F)c(F)c2F)c(C)c1
P,phenyl,phenyl,C5,mesityl,pentafluorophenyl,<LB_P><LB1_phenyl><LB2_phenyl><LINKER_C5><LA1_mesityl><LA2_pentafluorophenyl>,Cc1cc(C)c(B(CCCCCP(c2ccccc2)c2ccccc2)c2c(F)c(F)c(F)c(F)c2F)c(C)c1
P,phenyl,phenyl,C6,mesityl,pentafluorophenyl,<LB_P><LB1_phenyl><LB2_phenyl><LINKER_C6><LA1_mesityl><LA2_pentafluorophenyl>,Cc1cc(C)c(B(CCCCCCP(c2ccccc2)c2ccccc2)c2c(F)c(F)c(F)c(F)c2F)c(C)c1
P,phenyl,phenyl,C1,mesityl,pentachlorophenyl,<LB_P><LB1_phenyl><LB2_phenyl><LINKER_C1><LA1_mesityl><LA2_pentachlorophenyl>,Cc1cc(C)c(B(CP(c2ccccc2)c2ccccc2)c2c(Cl)c(Cl)c(Cl)c(Cl)c2Cl)c(C)c1
P,phenyl,phenyl,C2,mesityl,pentachlorophenyl,<LB_P><LB1_phenyl><LB2_phenyl><LINKER_C2><LA1_mesityl><LA2_pentachlorophenyl>,Cc1cc(C)c(B(CCP(c2ccccc2)c2ccccc2)c2c(Cl)c(Cl)c(Cl)c(Cl)c2Cl)c(C)c1
P,phenyl,phenyl,C3,mesityl,pentachlorophenyl,<LB_P><LB1_phenyl><LB2_phenyl><LINKER_C3><LA1_mesityl><LA2_pentachlorophenyl>,Cc1cc(C)c(B(CCCP(c2ccccc2)c2ccccc2)c2c(Cl)c(Cl)c(Cl)c(Cl)c2Cl)c(C)c1
P,phenyl,phenyl,C4,mesityl,pentachlorophenyl,<LB_P><LB1_phenyl><LB2_phenyl><LINKER_C4><LA1_mesityl><LA2_pentachlorophenyl>,Cc1cc(C)c(B(CCCCP(c2ccccc2)c2ccccc2)c2c(Cl)c(Cl)c(Cl)c(Cl)c2Cl)c(C)c1
P,phenyl,phenyl,C5,mesityl,pentachlorophenyl,<LB_P><LB1_phenyl><LB2_phenyl><LINKER_C5><LA1_mesityl><LA2_pentachlorophenyl>,Cc1cc(C)c(B(CCCCCP(c2ccccc2)c2ccccc2)c2c(Cl)c(Cl)c(Cl)c(Cl)c2Cl)c(C)c1
P,phenyl,phenyl,C6,mesityl,pentachlorophenyl,<LB_P><LB1_phenyl><LB2_phenyl><LINKER_C6><LA1_mesityl><LA2_pentachlorophenyl>,Cc1cc(C)c(B(CCCCCCP(c2ccccc2)c2ccccc2)c2c(Cl)c(Cl)c(Cl)c(Cl)c2Cl)c(C)c1
P,phenyl,phenyl,C1,mesityl,bis_cf3_phenyl,<LB_P><LB1_phenyl><LB2_phenyl><LINKER_C1><LA1_mesityl><LA2_bis_cf3_phenyl>,Cc1cc(C)c(B(CP(c2ccccc2)c2ccccc2)c2cc(C(F)(F)F)cc(C(F)(F)F)c2)c(C)c1
P,phenyl,phenyl,C2,mesityl,bis_cf3_phenyl,<LB_P><LB1_phenyl><LB2_phenyl><LINKER_C2><LA1_mesityl><LA2_bis_cf3_phenyl>,Cc1cc(C)c(B(CCP(c2ccccc2)c2ccccc2)c2cc(C(F)(F)F)cc(C(F)(F)F)c2)c(C)c1
P,phenyl,phenyl,C3,mesityl,bis_cf3_phenyl,<LB_P><LB1_phenyl><LB2_phenyl><LINKER_C3><LA1_mesityl><LA2_bis_cf3_phenyl>,Cc1cc(C)c(B(CCCP(c2ccccc2)c2ccccc2)c2cc(C(F)(F)F)cc(C(F)(F)F)c2)c(C)c1
P,phenyl,phenyl,C4,mesityl,bis_cf3_phenyl,<LB_P><LB1_phenyl><LB2_phenyl><LINKER_C4><LA1_mesityl><LA2_bis_cf3_phenyl>,Cc1cc(C)c(B(CCCCP(c2ccccc2)c2ccccc2)c2cc(C(F)(F)F)cc(C(F)(F)F)c2)c(C)c1
P,phenyl,phenyl,C5,mesityl,bis_cf3_phenyl,<LB_P><LB1_phenyl><LB2_phenyl><LINKER_C5><LA1_mesityl><LA2_bis_cf3_phenyl>,Cc1cc(C)c(B(CCCCCP(c2ccccc2)c2ccccc2)c2cc(C(F)(F)F)cc(C(F)(F)F)c2)c(C)c1
P,phenyl,phenyl,C6,mesityl,bis_cf3_phenyl,<LB_P><LB1_phenyl><LB2_phenyl><LINKER_C6><LA1_mesityl><LA2_bis_cf3_phenyl>,Cc1cc(C)c(B(CCCCCCP(c2ccccc2)c2ccccc2)c2cc(C(F)(F)F)cc(C(F)(F)F)c2)c(C)c1
P,phenyl,phenyl,C1,pentafluorophenyl,pentafluorophenyl,<LB_P><LB1_phenyl><LB2_phenyl><LINKER_C1><LA1_pentafluorophenyl><LA2_pentafluorophenyl>,Fc1c(F)c(F)c(B(CP(c2ccccc2)c2ccccc2)c2c(F)c(F)c(F)c(F)c2F)c(F)c1F
P,phenyl,phenyl,C2,pentafluorophenyl,pentafluorophenyl,<LB_P><LB1_phenyl><LB2_phenyl><LINKER_C2><LA1_pentafluorophenyl><LA2_pentafluorophenyl>,Fc1c(F)c(F)c(B(CCP(c2ccccc2)c2ccccc2)c2c(F)c(F)c(F)c(F)c2F)c(F)c1F
P,phenyl,phenyl,C3,pentafluorophenyl,pentafluorophenyl,<LB_P><LB1_phenyl><LB2_phenyl><LINKER_C3><LA1_pentafluorophenyl><LA2_pentafluorophenyl>,Fc1c(F)c(F)c(B(CCCP(c2ccccc2)c2ccccc2)c2c(F)c(F)c(F)c(F)c2F)c(F)c1F
P,phenyl,phenyl,C4,pentafluorophenyl,pentafluorophenyl,<LB_P><LB1_phenyl><LB2_phenyl><LINKER_C4><LA1_pentafluorophenyl><LA2_pentafluorophenyl>,Fc1c(F)c(F)c(B(CCCCP(c2ccccc2)c2ccccc2)c2c(F)c(F)c(F)c(F)c2F)c(F)c1F
P,phenyl,phenyl,C5,pentafluorophenyl,pentafluorophenyl,<LB_P><LB1_phenyl><LB2_phenyl><LINKER_C5><LA1_pentafluorophenyl><LA2_pentafluorophenyl>,Fc1c(F)c(F)c(B(CCCCCP(c2ccccc2)c2ccccc2)c2c(F)c(F)c(F)c(F)c2F)c(F)c1F
P,phenyl,phenyl,C6,pentafluorophenyl,pentafluorophenyl,<LB_P><LB1_phenyl><LB2_phenyl><LINKER_C6><LA1_pentafluorophenyl><LA2_pentafluorophenyl>,Fc1c(F)c(F)c(B(CCCCCCP(c2ccccc2)c2ccccc2)c2c(F)c(F)c(F)c(F)c2F)c(F)c1F
P,phenyl,phenyl,C1,pentafluorophenyl,pentachlorophenyl,<LB_P><LB1_phenyl><LB2_phenyl><LINKER_C1><LA1_pentafluorophenyl><LA2_pentachlorophenyl>,Fc1c(F)c(F)c(B(CP(c2ccccc2)c2ccccc2)c2c(Cl)c(Cl)c(Cl)c(Cl)c2Cl)c(F)c1F
P,phenyl,phenyl,C2,pentafluorophenyl,pentachlorophenyl,<LB_P><LB1_phenyl><LB2_phenyl><LINKER_C2><LA1_pentafluorophenyl><LA2_pentachlorophenyl>,Fc1c(F)c(F)c(B(CCP(c2ccccc2)c2ccccc2)c2c(Cl)c(Cl)c(Cl)c(Cl)c2Cl)c(F)c1F
P,phenyl,phenyl,C3,pentafluorophenyl,pentachlorophenyl,<LB_P><LB1_phenyl><LB2_phenyl><LINKER_C3><LA1_pentafluorophenyl><LA2_pentachlorophenyl>,Fc1c(F)c(F)c(B(CCCP(c2ccccc2)c2ccccc2)c2c(Cl)c(Cl)c(Cl)c(Cl)c2Cl)c(F)c1F
P,phenyl,phenyl,C4,pentafluorophenyl,pentachlorophenyl,<LB_P><LB1_phenyl><LB2_phenyl><LINKER_C4><LA1_pentafluorophenyl><LA2_pentachlorophenyl>,Fc1c(F)c(F)c(B(CCCCP(c2ccccc2)c2ccccc2)c2c(Cl)c(Cl)c(Cl)c(Cl)c2Cl)c(F)c1F
P,phenyl,phenyl,C5,pentafluorophenyl,pentachlorophenyl,<LB_P><LB1_phenyl><LB2_phenyl><LINKER_C5><LA1_pentafluorophenyl><LA2_pentachlorophenyl>,Fc1c(F)c(F)c(B(CCCCCP(c2ccccc2)c2ccccc2)c2c(Cl)c(Cl)c(Cl)c(Cl)c2Cl)c(F)c1F
P,phenyl,phenyl,C6,pentafluorophenyl,pentachlorophenyl,<LB_P><LB1_phenyl><LB2_phenyl><LINKER_C6><LA1_pentafluorophenyl><LA2_pentachlorophenyl>,Fc1c(F)c(F)c(B(CCCCCCP(c2ccccc2)c2ccccc2)c2c(Cl)c(Cl)c(Cl)c(Cl)c2Cl)c(F)c1F
P,phenyl,phenyl,C1,pentafluorophenyl,bis_cf3_phenyl,<LB_P><LB1_phenyl><LB2_phenyl><LINKER_C1><LA1_pentafluorophenyl><LA2_bis_cf3_phenyl>,Fc1c(F)c(F)c(B(CP(c2ccccc2)c2ccccc2)c2cc(C(F)(F)F)cc(C(F)(F)F)c2)c(F)c1F
P,phenyl,phenyl,C2,pentafluorophenyl,bis_cf3_phenyl,<LB_P><LB1_phenyl><LB2_phenyl><LINKER_C2><LA1_pentafluorophenyl><LA2_bis_cf3_phenyl>,Fc1c(F)c(F)c(B(CCP(c2ccccc2)c2ccccc2)c2cc(C(F)(F)F)cc(C(F)(F)F)c2)c(F)c1F
P,phenyl,phenyl,C3,pentafluorophenyl,bis_cf3_phenyl,<LB_P><LB1_phenyl><LB2_phenyl><LINKER_C3><LA1_pentafluorophenyl><LA2_bis_cf3_phenyl>,Fc1c(F)c(F)c(B(CCCP(c2ccccc2)c2ccccc2)c2cc(C(F)(F)F)cc(C(F)(F)F)c2)c(F)c1F
P,phenyl,phenyl,C4,pentafluorophenyl,bis_cf3_phenyl,<LB_P><LB1_phenyl><LB2_phenyl><LINKER_C4><LA1_pentafluorophenyl><LA2_bis_cf3_phenyl>,Fc1c(F)c(F)c(B(CCCCP(c2ccccc2)c2ccccc2)c2cc(C(F)(F)F)cc(C(F)(F)F)c2)c(F)c1F
P,phenyl,phenyl,C5,pentafluorophenyl,bis_cf3_phenyl,<LB_P><LB1_phenyl><LB2_phenyl><LINKER_C5><LA1_pentafluorophenyl><LA2_bis_cf3_phenyl>,Fc1c(F)c(F)c(B(CCCCCP(c2ccccc2)c2ccccc2)c2cc(C(F)(F)F)cc(C(F)(F)F)c2)c(F)c1F
P,phenyl,phenyl,C6,pentafluorophenyl,bis_cf3_phenyl,<LB_P><LB1_phenyl><LB2_phenyl><LINKER_C6><LA1_pentafluorophenyl><LA2_bis_cf3_phenyl>,Fc1c(F)c(F)c(B(CCCCCCP(c2ccccc2)c2ccccc2)c2cc(C(F)(F)F)cc(C(F)(F)F)c2)c(F)c1F
P,phenyl,phenyl,C1,pentachlorophenyl,pentachlorophenyl,<LB_P><LB1_phenyl><LB2_phenyl><LINKER_C1><LA1_pentachlorophenyl><LA2_pentachlorophenyl>,Clc1c(Cl)c(Cl)c(B(CP(c2ccccc2)c2ccccc2)c2c(Cl)c(Cl)c(Cl)c(Cl)c2Cl)c(Cl)c1Cl
P,phenyl,phenyl,C2,pentachlorophenyl,pentachlorophenyl,<LB_P><LB1_phenyl><LB2_phenyl><LINKER_C2><LA1_pentachlorophenyl><LA2_pentachlorophenyl>,Clc1c(Cl)c(Cl)c(B(CCP(c2ccccc2)c2ccccc2)c2c(Cl)c(Cl)c(Cl)c(Cl)c2Cl)c(Cl)c1Cl
P,phenyl,phenyl,C3,pentachlorophenyl,pentachlorophenyl,<LB_P><LB1_phenyl><LB2_phenyl><LINKER_C3><LA1_pentachlorophenyl><LA2_pentachlorophenyl>,Clc1c(Cl)c(Cl)c(B(CCCP(c2ccccc2)c2ccccc2)c2c(Cl)c(Cl)c(Cl)c(Cl)c2Cl)c(Cl)c1Cl
P,phenyl,phenyl,C4,pentachlorophenyl,pentachlorophenyl,<LB_P><LB1_phenyl><LB2_phenyl><LINKER_C4><LA1_pentachlorophenyl><LA2_pentachlorophenyl>,Clc1c(Cl)c(Cl)c(B(CCCCP(c2ccccc2)c2ccccc2)c2c(Cl)c(Cl)c(Cl)c(Cl)c2Cl)c(Cl)c1Cl
P,phenyl,phenyl,C5,pentachlorophenyl,pentachlorophenyl,<LB_P><LB1_phenyl><LB2_phenyl><LINKER_C5><LA1_pentachlorophenyl><LA2_pentachlorophenyl>,Clc1c(Cl)c(Cl)c(B(CCCCCP(c2ccccc2)c2ccccc2)c2c(Cl)c(Cl)c(Cl)c(Cl)c2Cl)c(Cl)c1Cl
P,phenyl,phenyl,C6,pentachlorophenyl,pentachlorophenyl,<LB_P><LB1_phenyl><LB2_phenyl><LINKER_C6><LA1_pentachlorophenyl><LA2_pentachlorophenyl>,Clc1c(Cl)c(Cl)c(B(CCCCCCP(c2ccccc2)c2ccccc2)c2c(Cl)c(Cl)c(Cl)c(Cl)c2Cl)c(Cl)c1Cl
P,phenyl,phenyl,C1,pentachlorophenyl,bis_cf3_phenyl,<LB_P><LB1_phenyl><LB2_phenyl><LINKER_C1><LA1_pentachlorophenyl><LA2_bis_cf3_phenyl>,FC(F)(F)c1cc(B(CP(c2ccccc2)c2ccccc2)c2c(Cl)c(Cl)c(Cl)c(Cl)c2Cl)cc(C(F)(F)F)c1
P,phenyl,phenyl,C2,pentachlorophenyl,bis_cf3_phenyl,<LB_P><LB1_phenyl><LB2_phenyl><LINKER_C2><LA1_pentachlorophenyl><LA2_bis_cf3_phenyl>,FC(F)(F)c1cc(B(CCP(c2ccccc2)c2ccccc2)c2c(Cl)c(Cl)c(Cl)c(Cl)c2Cl)cc(C(F)(F)F)c1
P,phenyl,phenyl,C3,pentachlorophenyl,bis_cf3_phenyl,<LB_P><LB1_phenyl><LB2_phenyl><LINKER_C3><LA1_pentachlorophenyl><LA2_bis_cf3_phenyl>,FC(F)(F)c1cc(B(CCCP(c2ccccc2)c2ccccc2)c2c(Cl)c(Cl)c(Cl)c(Cl)c2Cl)cc(C(F)(F)F)c1
P,phenyl,phenyl,C4,pentachlorophenyl,bis_cf3_phenyl,<LB_P><LB1_phenyl><LB2_phenyl><LINKER_C4><LA1_pentachlorophenyl><LA2_bis_cf3_phenyl>,FC(F)(F)c1cc(B(CCCCP(c2ccccc2)c2ccccc2)c2c(Cl)c(Cl)c(Cl)c(Cl)c2Cl)cc(C(F)(F)F)c1
P,phenyl,phenyl,C5,pentachlorophenyl,bis_cf3_phenyl,<LB_P><LB1_phenyl><LB2_phenyl><LINKER_C5><LA1_pentachlorophenyl><LA2_bis_cf3_phenyl>,FC(F)(F)c1cc(B(CCCCCP(c2ccccc2)c2ccccc2)c2c(Cl)c(Cl)c(Cl)c(Cl)c2Cl)cc(C(F)(F)F)c1
P,phenyl,phenyl,C6,pentachlorophenyl,bis_cf3_phenyl,<LB_P><LB1_phenyl><LB2_phenyl><LINKER_C6><LA1_pentachlorophenyl><LA2_bis_cf3_phenyl>,FC(F)(F)c1cc(B(CCCCCCP(c2ccccc2)c2ccccc2)c2c(Cl)c(Cl)c(Cl)c(Cl)c2Cl)cc(C(F)(F)F)c1
P,phenyl,phenyl,C1,bis_cf3_phenyl,bis_cf3_phenyl,<LB_P><LB1_phenyl><LB2_phenyl><LINKER_C1><LA1_bis_cf3_phenyl><LA2_bis_cf3_phenyl>,FC(F)(F)c1cc(B(CP(c2ccccc2)c2ccccc2)c2cc(C(F)(F)F)cc(C(F)(F)F)c2)cc(C(F)(F)F)c1
P,phenyl,phenyl,C2,bis_cf3_phenyl,bis_cf3_phenyl,<LB_P><LB1_phenyl><LB2_phenyl><LINKER_C2><LA1_bis_cf3_phenyl><LA2_bis_cf3_phenyl>,FC(F)(F)c1cc(B(CCP(c2ccccc2)c2ccccc2)c2cc(C(F)(F)F)cc(C(F)(F)F)c2)cc(C(F)(F)F)c1
P,phenyl,phenyl,C3,bis_cf3_phenyl,bis_cf3_phenyl,<LB_P><LB1_phenyl><LB2_phenyl><LINKER_C3><LA1_bis_cf3_phenyl><LA2_bis_cf3_phenyl>,FC(F)(F)c1cc(B(CCCP(c2ccccc2)c2ccccc2)c2cc(C(F)(F)F)cc(C(F)(F)F)c2)cc(C(F)(F)F)c1
P,phenyl,phenyl,C4,bis_cf3_phenyl,bis_cf3_phenyl,<LB_P><LB1_phenyl><LB2_phenyl><LINKER_C4><LA1_bis_cf3_phenyl><LA2_bis_cf3_phenyl>,FC(F)(F)c1cc(B(CCCCP(c2ccccc2)c2ccccc2)c2cc(C(F)(F)F)cc(C(F)(F)F)c2)cc(C(F)(F)F)c1
P,phenyl,phenyl,C5,bis_cf3_phenyl,bis_cf3_phenyl,<LB_P><LB1_phenyl><LB2_phenyl><LINKER_C5><LA1_bis_cf3_phenyl><LA2_bis_cf3_phenyl>,FC(F)(F)c1cc(B(CCCCCP(c2ccccc2)c2ccccc2)c2cc(C(F)(F)F)cc(C(F)(F)F)c2)cc(C(F)(F)F)c1
P,phenyl,phenyl,C6,bis_cf3_phenyl,bis_cf3_phenyl,<LB_P><LB1_phenyl><LB2_phenyl><LINKER_C6><LA1_bis_cf3_phenyl><LA2_bis_cf3_phenyl>,FC(F)(F)c1cc(B(CCCCCCP(c2ccccc2)c2ccccc2)c2cc(C(F)(F)F)cc(C(F)(F)F)c2)cc(C(F)(F)F)c1
P,phenyl,mesityl,C1,phenyl,phenyl,<LB_P><LB1_phenyl><LB2_mesityl><LINKER_C1><LA1_phenyl><LA2_phenyl>,Cc1cc(C)c(P(CB(c2ccccc2)c2ccccc2)c2ccccc2)c(C)c1
P,phenyl,mesityl,C2,phenyl,phenyl,<LB_P><LB1_phenyl><LB2_mesityl><LINKER_C2><LA1_phenyl><LA2_phenyl>,Cc1cc(C)c(P(CCB(c2ccccc2)c2ccccc2)c2ccccc2)c(C)c1
P,phenyl,mesityl,C3,phenyl,phenyl,<LB_P><LB1_phenyl><LB2_mesityl><LINKER_C3><LA1_phenyl><LA2_phenyl>,Cc1cc(C)c(P(CCCB(c2ccccc2)c2ccccc2)c2ccccc2)c(C)c1
P,phenyl,mesityl,C4,phenyl,phenyl,<LB_P><LB1_phenyl><LB2_mesityl><LINKER_C4><LA1_phenyl><LA2_phenyl>,Cc1cc(C)c(P(CCCCB(c2ccccc2)c2ccccc2)c2ccccc2)c(C)c1
P,phenyl,mesityl,C5,phenyl,phenyl,<LB_P><LB1_phenyl><LB2_mesityl><LINKER_C5><LA1_phenyl><LA2_phenyl>,Cc1cc(C)c(P(CCCCCB(c2ccccc2)c2ccccc2)c2ccccc2)c(C)c1
P,phenyl,mesityl,C6,phenyl,phenyl,<LB_P><LB1_phenyl><LB2_mesityl><LINKER_C6><LA1_phenyl><LA2_phenyl>,Cc1cc(C)c(P(CCCCCCB(c2ccccc2)c2ccccc2)c2ccccc2)c(C)c1
P,phenyl,mesityl,C1,phenyl,p_tolyl,<LB_P><LB1_phenyl><LB2_mesityl><LINKER_C1><LA1_phenyl><LA2_p_tolyl>,Cc1ccc(B(CP(c2ccccc2)c2c(C)cc(C)cc2C)c2ccccc2)cc1
P,phenyl,mesityl,C2,phenyl,p_tolyl,<LB_P><LB1_phenyl><LB2_mesityl><LINKER_C2><LA1_phenyl><LA2_p_tolyl>,Cc1ccc(B(CCP(c2ccccc2)c2c(C)cc(C)cc2C)c2ccccc2)cc1
P,phenyl,mesityl,C3,phenyl,p_tolyl,<LB_P><LB1_phenyl><LB2_mesityl><LINKER_C3><LA1_phenyl><LA2_p_tolyl>,Cc1ccc(B(CCCP(c2ccccc2)c2c(C)cc(C)cc2C)c2ccccc2)cc1
P,phenyl,mesityl,C4,phenyl,p_tolyl,<LB_P><LB1_phenyl><LB2_mesityl><LINKER_C4><LA1_phenyl><LA2_p_tolyl>,Cc1ccc(B(CCCCP(c2ccccc2)c2c(C)cc(C)cc2C)c2ccccc2)cc1
P,phenyl,mesityl,C5,phenyl,p_tolyl,<LB_P><LB1_phenyl><LB2_mesityl><LINKER_C5><LA1_phenyl><LA2_p_tolyl>,Cc1ccc(B(CCCCCP(c2ccccc2)c2c(C)cc(C)cc2C)c2ccccc2)cc1
P,phenyl,mesityl,C6,phenyl,p_tolyl,<LB_P><LB1_phenyl><LB2_mesityl><LINKER_C6><LA1_phenyl><LA2_p_tolyl>,Cc1ccc(B(CCCCCCP(c2ccccc2)c2c(C)cc(C)cc2C)c2ccccc2)cc1
P,phenyl,mesityl,C1,phenyl,mesityl,<LB_P><LB1_phenyl><LB2_mesityl><LINKER_C1><LA1_phenyl><LA2_mesityl>,Cc1cc(C)c(B(CP(c2ccccc2)c2c(C)cc(C)cc2C)c2ccccc2)c(C)c1
P,phenyl,mesityl,C2,phenyl,mesityl,<LB_P><LB1_phenyl><LB2_mesityl><LINKER_C2><LA1_phenyl><LA2_mesityl>,Cc1cc(C)c(B(CCP(c2ccccc2)c2c(C)cc(C)cc2C)c2ccccc2)c(C)c1
P,phenyl,mesityl,C3,phenyl,mesityl,<LB_P><LB1_phenyl><LB2_mesityl><LINKER_C3><LA1_phenyl><LA2_mesityl>,Cc1cc(C)c(B(CCCP(c2ccccc2)c2c(C)cc(C)cc2C)c2ccccc2)c(C)c1
P,phenyl,mesityl,C4,phenyl,mesityl,<LB_P><LB1_phenyl><LB2_mesityl><LINKER_C4><LA1_phenyl><LA2_mesityl>,Cc1cc(C)c(B(CCCCP(c2ccccc2)c2c(C)cc(C)cc2C)c2ccccc2)c(C)c1
P,phenyl,mesityl,C5,phenyl,mesityl,<LB_P><LB1_phenyl><LB2_mesityl><LINKER_C5><LA1_phenyl><LA2_mesityl>,Cc1cc(C)c(B(CCCCCP(c2ccccc2)c2c(C)cc(C)cc2C)c2ccccc2)c(C)c1
P,phenyl,mesityl,C6,phenyl,mesityl,<LB_P><LB1_phenyl><LB2_mesityl><LINKER_C6><LA1_phenyl><LA2_mesityl>,Cc1cc(C)c(B(CCCCCCP(c2ccccc2)c2c(C)cc(C)cc2C)c2ccccc2)c(C)c1
P,phenyl,mesityl,C1,phenyl,pentafluorophenyl,<LB_P><LB1_phenyl><LB2_mesityl><LINKER_C1><LA1_phenyl><LA2_pentafluorophenyl>,Cc1cc(C)c(P(CB(c2ccccc2)c2c(F)c(F)c(F)c(F)c2F)c2ccccc2)c(C)c1
P,phenyl,mesityl,C2,phenyl,pentafluorophenyl,<LB_P><LB1_phenyl><LB2_mesityl><LINKER_C2><LA1_phenyl><LA2_pentafluorophenyl>,Cc1cc(C)c(P(CCB(c2ccccc2)c2c(F)c(F)c(F)c(F)c2F)c2ccccc2)c(C)c1
P,phenyl,mesityl,C3,phenyl,pentafluorophenyl,<LB_P><LB1_phenyl><LB2_mesityl><LINKER_C3><LA1_phenyl><LA2_pentafluorophenyl>,Cc1cc(C)c(P(CCCB(c2ccccc2)c2c(F)c(F)c(F)c(F)c2F)c2ccccc2)c(C)c1
P,phenyl,mesityl,C4,phenyl,pentafluorophenyl,<LB_P><LB1_phenyl><LB2_mesityl><LINKER_C4><LA1_phenyl><LA2_pentafluorophenyl>,Cc1cc(C)c(P(CCCCB(c2ccccc2)c2c(F)c(F)c(F)c(F)c2F)c2ccccc2)c(C)c1
P,phenyl,mesityl,C5,phenyl,pentafluorophenyl,<LB_P><LB1_phenyl><LB2_mesityl><LINKER_C5><LA1_phenyl><LA2_pentafluorophenyl>,Cc1cc(C)c(P(CCCCCB(c2ccccc2)c2c(F)c(F)c(F)c(F)c2F)c2ccccc2)c(C)c1
P,phenyl,mesityl,C6,phenyl,pentafluorophenyl,<LB_P><LB1_phenyl><LB2_mesityl><LINKER_C6><LA1_phenyl><LA2_pentafluorophenyl>,Cc1cc(C)c(P(CCCCCCB(c2ccccc2)c2c(F)c(F)c(F)c(F)c2F)c2ccccc2)c(C)c1
P,phenyl,mesityl,C1,phenyl,pentachlorophenyl,<LB_P><LB1_phenyl><LB2_mesityl><LINKER_C1><LA1_phenyl><LA2_pentachlorophenyl>,Cc1cc(C)c(P(CB(c2ccccc2)c2c(Cl)c(Cl)c(Cl)c(Cl)c2Cl)c2ccccc2)c(C)c1
P,phenyl,mesityl,C2,phenyl,pentachlorophenyl,<LB_P><LB1_phenyl><LB2_mesityl><LINKER_C2><LA1_phenyl><LA2_pentachlorophenyl>,Cc1cc(C)c(P(CCB(c2ccccc2)c2c(Cl)c(Cl)c(Cl)c(Cl)c2Cl)c2ccccc2)c(C)c1
P,phenyl,mesityl,C3,phenyl,pentachlorophenyl,<LB_P><LB1_phenyl><LB2_mesityl><LINKER_C3><LA1_phenyl><LA2_pentachlorophenyl>,Cc1cc(C)c(P(CCCB(c2ccccc2)c2c(Cl)c(Cl)c(Cl)c(Cl)c2Cl)c2ccccc2)c(C)c1
P,phenyl,mesityl,C4,phenyl,pentachlorophenyl,<LB_P><LB1_phenyl><LB2_mesityl><LINKER_C4><LA1_phenyl><LA2_pentachlorophenyl>,Cc1cc(C)c(P(CCCCB(c2ccccc2)c2c(Cl)c(Cl)c(Cl)c(Cl)c2Cl)c2ccccc2)c(C)c1
P,phenyl,mesityl,C5,phenyl,pentachlorophenyl,<LB_P><LB1_phenyl><LB2_mesityl><LINKER_C5><LA1_phenyl><LA2_pentachlorophenyl>,Cc1cc(C)c(P(CCCCCB(c2ccccc2)c2c(Cl)c(Cl)c(Cl)c(Cl)c2Cl)c2ccccc2)c(C)c1
P,phenyl,mesityl,C6,phenyl,pentachlorophenyl,<LB_P><LB1_phenyl><LB2_mesityl><LINKER_C6><LA1_phenyl><LA2_pentachlorophenyl>,Cc1cc(C)c(P(CCCCCCB(c2ccccc2)c2c(Cl)c(Cl)c(Cl)c(Cl)c2Cl)c2ccccc2)c(C)c1
P,phenyl,mesityl,C1,phenyl,bis_cf3_phenyl,<LB_P><LB1_phenyl><LB2_mesityl><LINKER_C1><LA1_phenyl><LA2_bis_cf3_phenyl>,Cc1cc(C)c(P(CB(c2ccccc2)c2cc(C(F)(F)F)cc(C(F)(F)F)c2)c2ccccc2)c(C)c1
P,phenyl,mesityl,C2,phenyl,bis_cf3_phenyl,<LB_P><LB1_phenyl><LB2_mesityl><LINKER_C2><LA1_phenyl><LA2_bis_cf3_phenyl>,Cc1cc(C)c(P(CCB(c2ccccc2)c2cc(C(F)(F)F)cc(C(F)(F)F)c2)c2ccccc2)c(C)c1
P,phenyl,mesityl,C3,phenyl,bis_cf3_phenyl,<LB_P><LB1_phenyl><LB2_mesityl><LINKER_C3><LA1_phenyl><LA2_bis_cf3_phenyl>,Cc1cc(C)c(P(CCCB(c2ccccc2)c2cc(C(F)(F)F)cc(C(F)(F)F)c2)c2ccccc2)c(C)c1
P,phenyl,mesityl,C4,phenyl,bis_cf3_phenyl,<LB_P><LB1_phenyl><LB2_mesityl><LINKER_C4><LA1_phenyl><LA2_bis_cf3_phenyl>,Cc1cc(C)c(P(CCCCB(c2ccccc2)c2cc(C(F)(F)F)cc(C(F)(F)F)c2)c2ccccc2)c(C)c1
P,phenyl,mesityl,C5,phenyl,bis_cf3_phenyl,<LB_P><LB1_phenyl><LB2_mesityl><LINKER_C5><LA1_phenyl><LA2_bis_cf3_phenyl>,Cc1cc(C)c(P(CCCCCB(c2ccccc2)c2cc(C(F)(F)F)cc(C(F)(F)F)c2)c2ccccc2)c(C)c1
P,phenyl,mesityl,C6,phenyl,bis_cf3_phenyl,<LB_P><LB1_phenyl><LB2_mesityl><LINKER_C6><LA1_phenyl><LA2_bis_cf3_phenyl>,Cc1cc(C)c(P(CCCCCCB(c2ccccc2)c2cc(C(F)(F)F)cc(C(F)(F)F)c2)c2ccccc2)c(C)c1
P,phenyl,mesityl,C1,p_tolyl,p_tolyl,<LB_P><LB1_phenyl><LB2_mesityl><LINKER_C1><LA1_p_tolyl><LA2_p_tolyl>,Cc1ccc(B(CP(c2ccccc2)c2c(C)cc(C)cc2C)c2ccc(C)cc2)cc1
P,phenyl,mesityl,C2,p_tolyl,p_tolyl,<LB_P><LB1_phenyl><LB2_mesityl><LINKER_C2><LA1_p_tolyl><LA2_p_tolyl>,Cc1ccc(B(CCP(c2ccccc2)c2c(C)cc(C)cc2C)c2ccc(C)cc2)cc1
P,phenyl,mesityl,C3,p_tolyl,p_tolyl,<LB_P><LB1_phenyl><LB2_mesityl><LINKER_C3><LA1_p_tolyl><LA2_p_tolyl>,Cc1ccc(B(CCCP(c2ccccc2)c2c(C)cc(C)cc2C)c2ccc(C)cc2)cc1
P,phenyl,mesityl,C4,p_tolyl,p_tolyl,<LB_P><LB1_phenyl><LB2_mesityl><LINKER_C4><LA1_p_tolyl><LA2_p_tolyl>,Cc1ccc(B(CCCCP(c2ccccc2)c2c(C)cc(C)cc2C)c2ccc(C)cc2)cc1
P,phenyl,mesityl,C5,p_tolyl,p_tolyl,<LB_P><LB1_phenyl><LB2_mesityl><LINKER_C5><LA1_p_tolyl><LA2_p_tolyl>,Cc1ccc(B(CCCCCP(c2ccccc2)c2c(C)cc(C)cc2C)c2ccc(C)cc2)cc1
P,phenyl,mesityl,C6,p_tolyl,p_tolyl,<LB_P><LB1_phenyl><LB2_mesityl><LINKER_C6><LA1_p_tolyl><LA2_p_tolyl>,Cc1ccc(B(CCCCCCP(c2ccccc2)c2c(C)cc(C)cc2C)c2ccc(C)cc2)cc1
P,phenyl,mesityl,C1,p_tolyl,mesityl,<LB_P><LB1_phenyl><LB2_mesityl><LINKER_C1><LA1_p_tolyl><LA2_mesityl>,Cc1ccc(B(CP(c2ccccc2)c2c(C)cc(C)cc2C)c2c(C)cc(C)cc2C)cc1
P,phenyl,mesityl,C2,p_tolyl,mesityl,<LB_P><LB1_phenyl><LB2_mesityl><LINKER_C2><LA1_p_tolyl><LA2_mesityl>,Cc1ccc(B(CCP(c2ccccc2)c2c(C)cc(C)cc2C)c2c(C)cc(C)cc2C)cc1
P,phenyl,mesityl,C3,p_tolyl,mesityl,<LB_P><LB1_phenyl><LB2_mesityl><LINKER_C3><LA1_p_tolyl><LA2_mesityl>,Cc1ccc(B(CCCP(c2ccccc2)c2c(C)cc(C)cc2C)c2c(C)cc(C)cc2C)cc1
P,phenyl,mesityl,C4,p_tolyl,mesityl,<LB_P><LB1_phenyl><LB2_mesityl><LINKER_C4><LA1_p_tolyl><LA2_mesityl>,Cc1ccc(B(CCCCP(c2ccccc2)c2c(C)cc(C)cc2C)c2c(C)cc(C)cc2C)cc1
P,phenyl,mesityl,C5,p_tolyl,mesityl,<LB_P><LB1_phenyl><LB2_mesityl><LINKER_C5><LA1_p_tolyl><LA2_mesityl>,Cc1ccc(B(CCCCCP(c2ccccc2)c2c(C)cc(C)cc2C)c2c(C)cc(C)cc2C)cc1
P,phenyl,mesityl,C6,p_tolyl,mesityl,<LB_P><LB1_phenyl><LB2_mesityl><LINKER_C6><LA1_p_tolyl><LA2_mesityl>,Cc1ccc(B(CCCCCCP(c2ccccc2)c2c(C)cc(C)cc2C)c2c(C)cc(C)cc2C)cc1
P,phenyl,mesityl,C1,p_tolyl,pentafluorophenyl,<LB_P><LB1_phenyl><LB2_mesityl><LINKER_C1><LA1_p_tolyl><LA2_pentafluorophenyl>,Cc1ccc(B(CP(c2ccccc2)c2c(C)cc(C)cc2C)c2c(F)c(F)c(F)c(F)c2F)cc1
P,phenyl,mesityl,C2,p_tolyl,pentafluorophenyl,<LB_P><LB1_phenyl><LB2_mesityl><LINKER_C2><LA1_p_tolyl><LA2_pentafluorophenyl>,Cc1ccc(B(CCP(c2ccccc2)c2c(C)cc(C)cc2C)c2c(F)c(F)c(F)c(F)c2F)cc1
P,phenyl,mesityl,C3,p_tolyl,pentafluorophenyl,<LB_P><LB1_phenyl><LB2_mesityl><LINKER_C3><LA1_p_tolyl><LA2_pentafluorophenyl>,Cc1ccc(B(CCCP(c2ccccc2)c2c(C)cc(C)cc2C)c2c(F)c(F)c(F)c(F)c2F)cc1
P,phenyl,mesityl,C4,p_tolyl,pentafluorophenyl,<LB_P><LB1_phenyl><LB2_mesityl><LINKER_C4><LA1_p_tolyl><LA2_pentafluorophenyl>,Cc1ccc(B(CCCCP(c2ccccc2)c2c(C)cc(C)cc2C)c2c(F)c(F)c(F)c(F)c2F)cc1
P,phenyl,mesityl,C5,p_tolyl,pentafluorophenyl,<LB_P><LB1_phenyl><LB2_mesityl><LINKER_C5><LA1_p_tolyl><LA2_pentafluorophenyl>,Cc1ccc(B(CCCCCP(c2ccccc2)c2c(C)cc(C)cc2C)c2c(F)c(F)c(F)c(F)c2F)cc1
P,phenyl,mesityl,C6,p_tolyl,pentafluorophenyl,<LB_P><LB1_phenyl><LB2_mesityl><LINKER_C6><LA1_p_tolyl><LA2_pentafluorophenyl>,Cc1ccc(B(CCCCCCP(c2ccccc2)c2c(C)cc(C)cc2C)c2c(F)c(F)c(F)c(F)c2F)cc1
P,phenyl,mesityl,C1,p_tolyl,pentachlorophenyl,<LB_P><LB1_phenyl><LB2_mesityl><LINKER_C1><LA1_p_tolyl><LA2_pentachlorophenyl>,Cc1ccc(B(CP(c2ccccc2)c2c(C)cc(C)cc2C)c2c(Cl)c(Cl)c(Cl)c(Cl)c2Cl)cc1
P,phenyl,mesityl,C2,p_tolyl,pentachlorophenyl,<LB_P><LB1_phenyl><LB2_mesityl><LINKER_C2><LA1_p_tolyl><LA2_pentachlorophenyl>,Cc1ccc(B(CCP(c2ccccc2)c2c(C)cc(C)cc2C)c2c(Cl)c(Cl)c(Cl)c(Cl)c2Cl)cc1
P,phenyl,mesityl,C3,p_tolyl,pentachlorophenyl,<LB_P><LB1_phenyl><LB2_mesityl><LINKER_C3><LA1_p_tolyl><LA2_pentachlorophenyl>,Cc1ccc(B(CCCP(c2ccccc2)c2c(C)cc(C)cc2C)c2c(Cl)c(Cl)c(Cl)c(Cl)c2Cl)cc1
P,phenyl,mesityl,C4,p_tolyl,pentachlorophenyl,<LB_P><LB1_phenyl><LB2_mesityl><LINKER_C4><LA1_p_tolyl><LA2_pentachlorophenyl>,Cc1ccc(B(CCCCP(c2ccccc2)c2c(C)cc(C)cc2C)c2c(Cl)c(Cl)c(Cl)c(Cl)c2Cl)cc1
P,phenyl,mesityl,C5,p_tolyl,pentachlorophenyl,<LB_P><LB1_phenyl><LB2_mesityl><LINKER_C5><LA1_p_tolyl><LA2_pentachlorophenyl>,Cc1ccc(B(CCCCCP(c2ccccc2)c2c(C)cc(C)cc2C)c2c(Cl)c(Cl)c(Cl)c(Cl)c2Cl)cc1
P,phenyl,mesityl,C6,p_tolyl,pentachlorophenyl,<LB_P><LB1_phenyl><LB2_mesityl><LINKER_C6><LA1_p_tolyl><LA2_pentachlorophenyl>,Cc1ccc(B(CCCCCCP(c2ccccc2)c2c(C)cc(C)cc2C)c2c(Cl)c(Cl)c(Cl)c(Cl)c2Cl)cc1
P,phenyl,mesityl,C1,p_tolyl,bis_cf3_phenyl,<LB_P><LB1_phenyl><LB2_mesityl><LINKER_C1><LA1_p_tolyl><LA2_bis_cf3_phenyl>,Cc1ccc(B(CP(c2ccccc2)c2c(C)cc(C)cc2C)c2cc(C(F)(F)F)cc(C(F)(F)F)c2)cc1
P,phenyl,mesityl,C2,p_tolyl,bis_cf3_phenyl,<LB_P><LB1_phenyl><LB2_mesityl><LINKER_C2><LA1_p_tolyl><LA2_bis_cf3_phenyl>,Cc1ccc(B(CCP(c2ccccc2)c2c(C)cc(C)cc2C)c2cc(C(F)(F)F)cc(C(F)(F)F)c2)cc1
P,phenyl,mesityl,C3,p_tolyl,bis_cf3_phenyl,<LB_P><LB1_phenyl><LB2_mesityl><LINKER_C3><LA1_p_tolyl><LA2_bis_cf3_phenyl>,Cc1ccc(B(CCCP(c2ccccc2)c2c(C)cc(C)cc2C)c2cc(C(F)(F)F)cc(C(F)(F)F)c2)cc1
P,phenyl,mesityl,C4,p_tolyl,bis_cf3_phenyl,<LB_P><LB1_phenyl><LB2_mesityl><LINKER_C4><LA1_p_tolyl><LA2_bis_cf3_phenyl>,Cc1ccc(B(CCCCP(c2ccccc2)c2c(C)cc(C)cc2C)c2cc(C(F)(F)F)cc(C(F)(F)F)c2)cc1
P,phenyl,mesityl,C5,p_tolyl,bis_cf3_phenyl,<LB_P><LB1_phenyl><LB2_mesityl><LINKER_C5><LA1_p_tolyl><LA2_bis_cf3_phenyl>,Cc1ccc(B(CCCCCP(c2ccccc2)c2c(C)cc(C)cc2C)c2cc(C(F)(F)F)cc(C(F)(F)F)c2)cc1
P,phenyl,mesityl,C6,p_tolyl,bis_cf3_phenyl,<LB_P><LB1_phenyl><LB2_mesityl><LINKER_C6><LA1_p_tolyl><LA2_bis_cf3_phenyl>,Cc1ccc(B(CCCCCCP(c2ccccc2)c2c(C)cc(C)cc2C)c2cc(C(F)(F)F)cc(C(F)(F)F)c2)cc1
P,phenyl,mesityl,C1,mesityl,mesityl,<LB_P><LB1_phenyl><LB2_mesityl><LINKER_C1><LA1_mesityl><LA2_mesityl>,Cc1cc(C)c(B(CP(c2ccccc2)c2c(C)cc(C)cc2C)c2c(C)cc(C)cc2C)c(C)c1
P,phenyl,mesityl,C2,mesityl,mesityl,<LB_P><LB1_phenyl><LB2_mesityl><LINKER_C2><LA1_mesityl><LA2_mesityl>,Cc1cc(C)c(B(CCP(c2ccccc2)c2c(C)cc(C)cc2C)c2c(C)cc(C)cc2C)c(C)c1
P,phenyl,mesityl,C3,mesityl,mesityl,<LB_P><LB1_phenyl><LB2_mesityl><LINKER_C3><LA1_mesityl><LA2_mesityl>,Cc1cc(C)c(B(CCCP(c2ccccc2)c2c(C)cc(C)cc2C)c2c(C)cc(C)cc2C)c(C)c1
P,phenyl,mesityl,C4,mesityl,mesityl,<LB_P><LB1_phenyl><LB2_mesityl><LINKER_C4><LA1_mesityl><LA2_mesityl>,Cc1cc(C)c(B(CCCCP(c2ccccc2)c2c(C)cc(C)cc2C)c2c(C)cc(C)cc2C)c(C)c1
P,phenyl,mesityl,C5,mesityl,mesityl,<LB_P><LB1_phenyl><LB2_mesityl><LINKER_C5><LA1_mesityl><LA2_mesityl>,Cc1cc(C)c(B(CCCCCP(c2ccccc2)c2c(C)cc(C)cc2C)c2c(C)cc(C)cc2C)c(C)c1
P,phenyl,mesityl,C6,mesityl,mesityl,<LB_P><LB1_phenyl><LB2_mesityl><LINKER_C6><LA1_mesityl><LA2_mesityl>,Cc1cc(C)c(B(CCCCCCP(c2ccccc2)c2c(C)cc(C)cc2C)c2c(C)cc(C)cc2C)c(C)c1
P,phenyl,mesityl,C1,mesityl,pentafluorophenyl,<LB_P><LB1_phenyl><LB2_mesityl><LINKER_C1><LA1_mesityl><LA2_pentafluorophenyl>,Cc1cc(C)c(B(CP(c2ccccc2)c2c(C)cc(C)cc2C)c2c(F)c(F)c(F)c(F)c2F)c(C)c1
P,phenyl,mesityl,C2,mesityl,pentafluorophenyl,<LB_P><LB1_phenyl><LB2_mesityl><LINKER_C2><LA1_mesityl><LA2_pentafluorophenyl>,Cc1cc(C)c(B(CCP(c2ccccc2)c2c(C)cc(C)cc2C)c2c(F)c(F)c(F)c(F)c2F)c(C)c1
P,phenyl,mesityl,C3,mesityl,pentafluorophenyl,<LB_P><LB1_phenyl><LB2_mesityl><LINKER_C3><LA1_mesityl><LA2_pentafluorophenyl>,Cc1cc(C)c(B(CCCP(c2ccccc2)c2c(C)cc(C)cc2C)c2c(F)c(F)c(F)c(F)c2F)c(C)c1
P,phenyl,mesityl,C4,mesityl,pentafluorophenyl,<LB_P><LB1_phenyl><LB2_mesityl><LINKER_C4><LA1_mesityl><LA2_pentafluorophenyl>,Cc1cc(C)c(B(CCCCP(c2ccccc2)c2c(C)cc(C)cc2C)c2c(F)c(F)c(F)c(F)c2F)c(C)c1
P,phenyl,mesityl,C5,mesityl,pentafluorophenyl,<LB_P><LB1_phenyl><LB2_mesityl><LINKER_C5><LA1_mesityl><LA2_pentafluorophenyl>,Cc1cc(C)c(B(CCCCCP(c2ccccc2)c2c(C)cc(C)cc2C)c2c(F)c(F)c(F)c(F)c2F)c(C)c1
P,phenyl,mesityl,C6,mesityl,pentafluorophenyl,<LB_P><LB1_phenyl><LB2_mesityl><LINKER_C6><LA1_mesityl><LA2_pentafluorophenyl>,Cc1cc(C)c(B(CCCCCCP(c2ccccc2)c2c(C)cc(C)cc2C)c2c(F)c(F)c(F)c(F)c2F)c(C)c1
P,phenyl,mesityl,C1,mesityl,pentachlorophenyl,<LB_P><LB1_phenyl><LB2_mesityl><LINKER_C1><LA1_mesityl><LA2_pentachlorophenyl>,Cc1cc(C)c(B(CP(c2ccccc2)c2c(C)cc(C)cc2C)c2c(Cl)c(Cl)c(Cl)c(Cl)c2Cl)c(C)c1
P,phenyl,mesityl,C2,mesityl,pentachlorophenyl,<LB_P><LB1_phenyl><LB2_mesityl><LINKER_C2><LA1_mesityl><LA2_pentachlorophenyl>,Cc1cc(C)c(B(CCP(c2ccccc2)c2c(C)cc(C)cc2C)c2c(Cl)c(Cl)c(Cl)c(Cl)c2Cl)c(C)c1
P,phenyl,mesityl,C3,mesityl,pentachlorophenyl,<LB_P><LB1_phenyl><LB2_mesityl><LINKER_C3><LA1_mesityl><LA2_pentachlorophenyl>,Cc1cc(C)c(B(CCCP(c2ccccc2)c2c(C)cc(C)cc2C)c2c(Cl)c(Cl)c(Cl)c(Cl)c2Cl)c(C)c1
P,phenyl,mesityl,C4,mesityl,pentachlorophenyl,<LB_P><LB1_phenyl><LB2_mesityl><LINKER_C4><LA1_mesityl><LA2_pentachlorophenyl>,Cc1cc(C)c(B(CCCCP(c2ccccc2)c2c(C)cc(C)cc2C)c2c(Cl)c(Cl)c(Cl)c(Cl)c2Cl)c(C)c1
P,phenyl,mesityl,C5,mesityl,pentachlorophenyl,<LB_P><LB1_phenyl><LB2_mesityl><LINKER_C5><LA1_mesityl><LA2_pentachlorophenyl>,Cc1cc(C)c(B(CCCCCP(c2ccccc2)c2c(C)cc(C)cc2C)c2c(Cl)c(Cl)c(Cl)c(Cl)c2Cl)c(C)c1
P,phenyl,mesityl,C6,mesityl,pentachlorophenyl,<LB_P><LB1_phenyl><LB2_mesityl><LINKER_C6><LA1_mesityl><LA2_pentachlorophenyl>,Cc1cc(C)c(B(CCCCCCP(c2ccccc2)c2c(C)cc(C)cc2C)c2c(Cl)c(Cl)c(Cl)c(Cl)c2Cl)c(C)c1
P,phenyl,mesityl,C1,mesityl,bis_cf3_phenyl,<LB_P><LB1_phenyl><LB2_mesityl><LINKER_C1><LA1_mesityl><LA2_bis_cf3_phenyl>,Cc1cc(C)c(B(CP(c2ccccc2)c2c(C)cc(C)cc2C)c2cc(C(F)(F)F)cc(C(F)(F)F)c2)c(C)c1
P,phenyl,mesityl,C2,mesityl,bis_cf3_phenyl,<LB_P><LB1_phenyl><LB2_mesityl><LINKER_C2><LA1_mesityl><LA2_bis_cf3_phenyl>,Cc1cc(C)c(B(CCP(c2ccccc2)c2c(C)cc(C)cc2C)c2cc(C(F)(F)F)cc(C(F)(F)F)c2)c(C)c1
P,phenyl,mesityl,C3,mesityl,bis_cf3_phenyl,<LB_P><LB1_phenyl><LB2_mesityl><LINKER_C3><LA1_mesityl><LA2_bis_cf3_phenyl>,Cc1cc(C)c(B(CCCP(c2ccccc2)c2c(C)cc(C)cc2C)c2cc(C(F)(F)F)cc(C(F)(F)F)c2)c(C)c1
P,phenyl,mesityl,C4,mesityl,bis_cf3_phenyl,<LB_P><LB1_phenyl><LB2_mesityl><LINKER_C4><LA1_mesityl><LA2_bis_cf3_phenyl>,Cc1cc(C)c(B(CCCCP(c2ccccc2)c2c(C)cc(C)cc2C)c2cc(C(F)(F)F)cc(C(F)(F)F)c2)c(C)c1
P,phenyl,mesityl,C5,mesityl,bis_cf3_phenyl,<LB_P><LB1_phenyl><LB2_mesityl><LINKER_C5><LA1_mesityl><LA2_bis_cf3_phenyl>,Cc1cc(C)c(B(CCCCCP(c2ccccc2)c2c(C)cc(C)cc2C)c2cc(C(F)(F)F)cc(C(F)(F)F)c2)c(C)c1
P,phenyl,mesityl,C6,mesityl,bis_cf3_phenyl,<LB_P><LB1_phenyl><LB2_mesityl><LINKER_C6><LA1_mesityl><LA2_bis_cf3_phenyl>,Cc1cc(C)c(B(CCCCCCP(c2ccccc2)c2c(C)cc(C)cc2C)c2cc(C(F)(F)F)cc(C(F)(F)F)c2)c(C)c1
P,phenyl,mesityl,C1,pentafluorophenyl,pentafluorophenyl,<LB_P><LB1_phenyl><LB2_mesityl><LINKER_C1><LA1_pentafluorophenyl><LA2_pentafluorophenyl>,Cc1cc(C)c(P(CB(c2c(F)c(F)c(F)c(F)c2F)c2c(F)c(F)c(F)c(F)c2F)c2ccccc2)c(C)c1
P,phenyl,mesityl,C2,pentafluorophenyl,pentafluorophenyl,<LB_P><LB1_phenyl><LB2_mesityl><LINKER_C2><LA1_pentafluorophenyl><LA2_pentafluorophenyl>,Cc1cc(C)c(P(CCB(c2c(F)c(F)c(F)c(F)c2F)c2c(F)c(F)c(F)c(F)c2F)c2ccccc2)c(C)c1
P,phenyl,mesityl,C3,pentafluorophenyl,pentafluorophenyl,<LB_P><LB1_phenyl><LB2_mesityl><LINKER_C3><LA1_pentafluorophenyl><LA2_pentafluorophenyl>,Cc1cc(C)c(P(CCCB(c2c(F)c(F)c(F)c(F)c2F)c2c(F)c(F)c(F)c(F)c2F)c2ccccc2)c(C)c1
P,phenyl,mesityl,C4,pentafluorophenyl,pentafluorophenyl,<LB_P><LB1_phenyl><LB2_mesityl><LINKER_C4><LA1_pentafluorophenyl><LA2_pentafluorophenyl>,Cc1cc(C)c(P(CCCCB(c2c(F)c(F)c(F)c(F)c2F)c2c(F)c(F)c(F)c(F)c2F)c2ccccc2)c(C)c1
P,phenyl,mesityl,C5,pentafluorophenyl,pentafluorophenyl,<LB_P><LB1_phenyl><LB2_mesityl><LINKER_C5><LA1_pentafluorophenyl><LA2_pentafluorophenyl>,Cc1cc(C)c(P(CCCCCB(c2c(F)c(F)c(F)c(F)c2F)c2c(F)c(F)c(F)c(F)c2F)c2ccccc2)c(C)c1
P,phenyl,mesityl,C6,pentafluorophenyl,pentafluorophenyl,<LB_P><LB1_phenyl><LB2_mesityl><LINKER_C6><LA1_pentafluorophenyl><LA2_pentafluorophenyl>,Cc1cc(C)c(P(CCCCCCB(c2c(F)c(F)c(F)c(F)c2F)c2c(F)c(F)c(F)c(F)c2F)c2ccccc2)c(C)c1
P,phenyl,mesityl,C1,pentafluorophenyl,pentachlorophenyl,<LB_P><LB1_phenyl><LB2_mesityl><LINKER_C1><LA1_pentafluorophenyl><LA2_pentachlorophenyl>,Cc1cc(C)c(P(CB(c2c(F)c(F)c(F)c(F)c2F)c2c(Cl)c(Cl)c(Cl)c(Cl)c2Cl)c2ccccc2)c(C)c1
P,phenyl,mesityl,C2,pentafluorophenyl,pentachlorophenyl,<LB_P><LB1_phenyl><LB2_mesityl><LINKER_C2><LA1_pentafluorophenyl><LA2_pentachlorophenyl>,Cc1cc(C)c(P(CCB(c2c(F)c(F)c(F)c(F)c2F)c2c(Cl)c(Cl)c(Cl)c(Cl)c2Cl)c2ccccc2)c(C)c1
P,phenyl,mesityl,C3,pentafluorophenyl,pentachlorophenyl,<LB_P><LB1_phenyl><LB2_mesityl><LINKER_C3><LA1_pentafluorophenyl><LA2_pentachlorophenyl>,Cc1cc(C)c(P(CCCB(c2c(F)c(F)c(F)c(F)c2F)c2c(Cl)c(Cl)c(Cl)c(Cl)c2Cl)c2ccccc2)c(C)c1
P,phenyl,mesityl,C4,pentafluorophenyl,pentachlorophenyl,<LB_P><LB1_phenyl><LB2_mesityl><LINKER_C4><LA1_pentafluorophenyl><LA2_pentachlorophenyl>,Cc1cc(C)c(P(CCCCB(c2c(F)c(F)c(F)c(F)c2F)c2c(Cl)c(Cl)c(Cl)c(Cl)c2Cl)c2ccccc2)c(C)c1
P,phenyl,mesityl,C5,pentafluorophenyl,pentachlorophenyl,<LB_P><LB1_phenyl><LB2_mesityl><LINKER_C5><LA1_pentafluorophenyl><LA2_pentachlorophenyl>,Cc1cc(C)c(P(CCCCCB(c2c(F)c(F)c(F)c(F)c2F)c2c(Cl)c(Cl)c(Cl)c(Cl)c2Cl)c2ccccc2)c(C)c1
P,phenyl,mesityl,C6,pentafluorophenyl,pentachlorophenyl,<LB_P><LB1_phenyl><LB2_mesityl><LINKER_C6><LA1_pentafluorophenyl><LA2_pentachlorophenyl>,Cc1cc(C)c(P(CCCCCCB(c2c(F)c(F)c(F)c(F)c2F)c2c(Cl)c(Cl)c(Cl)c(Cl)c2Cl)c2ccccc2)c(C)c1
P,phenyl,mesityl,C1,pentafluorophenyl,bis_cf3_phenyl,<LB_P><LB1_phenyl><LB2_mesityl><LINKER_C1><LA1_pentafluorophenyl><LA2_bis_cf3_phenyl>,Cc1cc(C)c(P(CB(c2cc(C(F)(F)F)cc(C(F)(F)F)c2)c2c(F)c(F)c(F)c(F)c2F)c2ccccc2)c(C)c1
P,phenyl,mesityl,C2,pentafluorophenyl,bis_cf3_phenyl,<LB_P><LB1_phenyl><LB2_mesityl><LINKER_C2><LA1_pentafluorophenyl><LA2_bis_cf3_phenyl>,Cc1cc(C)c(P(CCB(c2cc(C(F)(F)F)cc(C(F)(F)F)c2)c2c(F)c(F)c(F)c(F)c2F)c2ccccc2)c(C)c1
P,phenyl,mesityl,C3,pentafluorophenyl,bis_cf3_phenyl,<LB_P><LB1_phenyl><LB2_mesityl><LINKER_C3><LA1_pentafluorophenyl><LA2_bis_cf3_phenyl>,Cc1cc(C)c(P(CCCB(c2cc(C(F)(F)F)cc(C(F)(F)F)c2)c2c(F)c(F)c(F)c(F)c2F)c2ccccc2)c(C)c1
P,phenyl,mesityl,C4,pentafluorophenyl,bis_cf3_phenyl,<LB_P><LB1_phenyl><LB2_mesityl><LINKER_C4><LA1_pentafluorophenyl><LA2_bis_cf3_phenyl>,Cc1cc(C)c(P(CCCCB(c2cc(C(F)(F)F)cc(C(F)(F)F)c2)c2c(F)c(F)c(F)c(F)c2F)c2ccccc2)c(C)c1
P,phenyl,mesityl,C5,pentafluorophenyl,bis_cf3_phenyl,<LB_P><LB1_phenyl><LB2_mesityl><LINKER_C5><LA1_pentafluorophenyl><LA2_bis_cf3_phenyl>,Cc1cc(C)c(P(CCCCCB(c2cc(C(F)(F)F)cc(C(F)(F)F)c2)c2c(F)c(F)c(F)c(F)c2F)c2ccccc2)c(C)c1
P,phenyl,mesityl,C6,pentafluorophenyl,bis_cf3_phenyl,<LB_P><LB1_phenyl><LB2_mesityl><LINKER_C6><LA1_pentafluorophenyl><LA2_bis_cf3_phenyl>,Cc1cc(C)c(P(CCCCCCB(c2cc(C(F)(F)F)cc(C(F)(F)F)c2)c2c(F)c(F)c(F)c(F)c2F)c2ccccc2)c(C)c1
P,phenyl,mesityl,C1,pentachlorophenyl,pentachlorophenyl,<LB_P><LB1_phenyl><LB2_mesityl><LINKER_C1><LA1_pentachlorophenyl><LA2_pentachlorophenyl>,Cc1cc(C)c(P(CB(c2c(Cl)c(Cl)c(Cl)c(Cl)c2Cl)c2c(Cl)c(Cl)c(Cl)c(Cl)c2Cl)c2ccccc2)c(C)c1
P,phenyl,mesityl,C2,pentachlorophenyl,pentachlorophenyl,<LB_P><LB1_phenyl><LB2_mesityl><LINKER_C2><LA1_pentachlorophenyl><LA2_pentachlorophenyl>,Cc1cc(C)c(P(CCB(c2c(Cl)c(Cl)c(Cl)c(Cl)c2Cl)c2c(Cl)c(Cl)c(Cl)c(Cl)c2Cl)c2ccccc2)c(C)c1
P,phenyl,mesityl,C3,pentachlorophenyl,pentachlorophenyl,<LB_P><LB1_phenyl><LB2_mesityl><LINKER_C3><LA1_pentachlorophenyl><LA2_pentachlorophenyl>,Cc1cc(C)c(P(CCCB(c2c(Cl)c(Cl)c(Cl)c(Cl)c2Cl)c2c(Cl)c(Cl)c(Cl)c(Cl)c2Cl)c2ccccc2)c(C)c1
P,phenyl,mesityl,C4,pentachlorophenyl,pentachlorophenyl,<LB_P><LB1_phenyl><LB2_mesityl><LINKER_C4><LA1_pentachlorophenyl><LA2_pentachlorophenyl>,Cc1cc(C)c(P(CCCCB(c2c(Cl)c(Cl)c(Cl)c(Cl)c2Cl)c2c(Cl)c(Cl)c(Cl)c(Cl)c2Cl)c2ccccc2)c(C)c1
P,phenyl,mesityl,C5,pentachlorophenyl,pentachlorophenyl,<LB_P><LB1_phenyl><LB2_mesityl><LINKER_C5><LA1_pentachlorophenyl><LA2_pentachlorophenyl>,Cc1cc(C)c(P(CCCCCB(c2c(Cl)c(Cl)c(Cl)c(Cl)c2Cl)c2c(Cl)c(Cl)c(Cl)c(Cl)c2Cl)c2ccccc2)c(C)c1
P,phenyl,mesityl,C6,pentachlorophenyl,pentachlorophenyl,<LB_P><LB1_phenyl><LB2_mesityl><LINKER_C6><LA1_pentachlorophenyl><LA2_pentachlorophenyl>,Cc1cc(C)c(P(CCCCCCB(c2c(Cl)c(Cl)c(Cl)c(Cl)c2Cl)c2c(Cl)c(Cl)c(Cl)c(Cl)c2Cl)c2ccccc2)c(C)c1
P,phenyl,mesityl,C1,pentachlorophenyl,bis_cf3_phenyl,<LB_P><LB1_phenyl><LB2_mesityl><LINKER_C1><LA1_pentachlorophenyl><LA2_bis_cf3_phenyl>,Cc1cc(C)c(P(CB(c2cc(C(F)(F)F)cc(C(F)(F)F)c2)c2c(Cl)c(Cl)c(Cl)c(Cl)c2Cl)c2ccccc2)c(C)c1
P,phenyl,mesityl,C2,pentachlorophenyl,bis_cf3_phenyl,<LB_P><LB1_phenyl><LB2_mesityl><LINKER_C2><LA1_pentachlorophenyl><LA2_bis_cf3_phenyl>,Cc1cc(C)c(P(CCB(c2cc(C(F)(F)F)cc(C(F)(F)F)c2)c2c(Cl)c(Cl)c(Cl)c(Cl)c2Cl)c2ccccc2)c(C)c1
P,phenyl,mesityl,C3,pentachlorophenyl,bis_cf3_phenyl,<LB_P><LB1_phenyl><LB2_mesityl><LINKER_C3><LA1_pentachlorophenyl><LA2_bis_cf3_phenyl>,Cc1cc(C)c(P(CCCB(c2cc(C(F)(F)F)cc(C(F)(F)F)c2)c2c(Cl)c(Cl)c(Cl)c(Cl)c2Cl)c2ccccc2)c(C)c1
P,phenyl,mesityl,C4,pentachlorophenyl,bis_cf3_phenyl,<LB_P><LB1_phenyl><LB2_mesityl><LINKER_C4><LA1_pentachlorophenyl><LA2_bis_cf3_phenyl>,Cc1cc(C)c(P(CCCCB(c2cc(C(F)(F)F)cc(C(F)(F)F)c2)c2c(Cl)c(Cl)c(Cl)c(Cl)c2Cl)c2ccccc2)c(C)c1
P,phenyl,mesityl,C5,pentachlorophenyl,bis_cf3_phenyl,<LB_P><LB1_phenyl><LB2_mesityl><LINKER_C5><LA1_pentachlorophenyl><LA2_bis_cf3_phenyl>,Cc1cc(C)c(P(CCCCCB(c2cc(C(F)(F)F)cc(C(F)(F)F)c2)c2c(Cl)c(Cl)c(Cl)c(Cl)c2Cl)c2ccccc2)c(C)c1
P,phenyl,mesityl,C6,pentachlorophenyl,bis_cf3_phenyl,<LB_P><LB1_phenyl><LB2_mesityl><LINKER_C6><LA1_pentachlorophenyl><LA2_bis_cf3_phenyl>,Cc1cc(C)c(P(CCCCCCB(c2cc(C(F)(F)F)cc(C(F)(F)F)c2)c2c(Cl)c(Cl)c(Cl)c(Cl)c2Cl)c2ccccc2)c(C)c1
P,phenyl,mesityl,C1,bis_cf3_phenyl,bis_cf3_phenyl,<LB_P><LB1_phenyl><LB2_mesityl><LINKER_C1><LA1_bis_cf3_phenyl><LA2_bis_cf3_phenyl>,Cc1cc(C)c(P(CB(c2cc(C(F)(F)F)cc(C(F)(F)F)c2)c2cc(C(F)(F)F)cc(C(F)(F)F)c2)c2ccccc2)c(C)c1
P,phenyl,mesityl,C2,bis_cf3_phenyl,bis_cf3_phenyl,<LB_P><LB1_phenyl><LB2_mesityl><LINKER_C2><LA1_bis_cf3_phenyl><LA2_bis_cf3_phenyl>,Cc1cc(C)c(P(CCB(c2cc(C(F)(F)F)cc(C(F)(F)F)c2)c2cc(C(F)(F)F)cc(C(F)(F)F)c2)c2ccccc2)c(C)c1
P,phenyl,mesityl,C3,bis_cf3_phenyl,bis_cf3_phenyl,<LB_P><LB1_phenyl><LB2_mesityl><LINKER_C3><LA1_bis_cf3_phenyl><LA2_bis_cf3_phenyl>,Cc1cc(C)c(P(CCCB(c2cc(C(F)(F)F)cc(C(F)(F)F)c2)c2cc(C(F)(F)F)cc(C(F)(F)F)c2)c2ccccc2)c(C)c1
P,phenyl,mesityl,C4,bis_cf3_phenyl,bis_cf3_phenyl,<LB_P><LB1_phenyl><LB2_mesityl><LINKER_C4><LA1_bis_cf3_phenyl><LA2_bis_cf3_phenyl>,Cc1cc(C)c(P(CCCCB(c2cc(C(F)(F)F)cc(C(F)(F)F)c2)c2cc(C(F)(F)F)cc(C(F)(F)F)c2)c2ccccc2)c(C)c1
P,phenyl,mesityl,C5,bis_cf3_phenyl,bis_cf3_phenyl,<LB_P><LB1_phenyl><LB2_mesityl><LINKER_C5><LA1_bis_cf3_phenyl><LA2_bis_cf3_phenyl>,Cc1cc(C)c(P(CCCCCB(c2cc(C(F)(F)F)cc(C(F)(F)F)c2)c2cc(C(F)(F)F)cc(C(F)(F)F)c2)c2ccccc2)c(C)c1
P,phenyl,mesityl,C6,bis_cf3_phenyl,bis_cf3_phenyl,<LB_P><LB1_phenyl><LB2_mesityl><LINKER_C6><LA1_bis_cf3_phenyl><LA2_bis_cf3_phenyl>,Cc1cc(C)c(P(CCCCCCB(c2cc(C(F)(F)F)cc(C(F)(F)F)c2)c2cc(C(F)(F)F)cc(C(F)(F)F)c2)c2ccccc2)c(C)c1
P,phenyl,tert_butyl,C1,phenyl,phenyl,<LB_P><LB1_phenyl><LB2_tert_butyl><LINKER_C1><LA1_phenyl><LA2_phenyl>,CC(C)(C)P(CB(c1ccccc1)c1ccccc1)c1ccccc1
P,phenyl,tert_butyl,C2,phenyl,phenyl,<LB_P><LB1_phenyl><LB2_tert_butyl><LINKER_C2><LA1_phenyl><LA2_phenyl>,CC(C)(C)P(CCB(c1ccccc1)c1ccccc1)c1ccccc1
P,phenyl,tert_butyl,C3,phenyl,phenyl,<LB_P><LB1_phenyl><LB2_tert_butyl><LINKER_C3><LA1_phenyl><LA2_phenyl>,CC(C)(C)P(CCCB(c1ccccc1)c1ccccc1)c1ccccc1
P,phenyl,tert_butyl,C4,phenyl,phenyl,<LB_P><LB1_phenyl><LB2_tert_butyl><LINKER_C4><LA1_phenyl><LA2_phenyl>,CC(C)(C)P(CCCCB(c1ccccc1)c1ccccc1)c1ccccc1
P,phenyl,tert_butyl,C5,phenyl,phenyl,<LB_P><LB1_phenyl><LB2_tert_butyl><LINKER_C5><LA1_phenyl><LA2_phenyl>,CC(C)(C)P(CCCCCB(c1ccccc1)c1ccccc1)c1ccccc1
P,phenyl,tert_butyl,C6,phenyl,phenyl,<LB_P><LB1_phenyl><LB2_tert_butyl><LINKER_C6><LA1_phenyl><LA2_phenyl>,CC(C)(C)P(CCCCCCB(c1ccccc1)c1ccccc1)c1ccccc1
P,phenyl,tert_butyl,C1,phenyl,p_tolyl,<LB_P><LB1_phenyl><LB2_tert_butyl><LINKER_C1><LA1_phenyl><LA2_p_tolyl>,Cc1ccc(B(CP(c2ccccc2)C(C)(C)C)c2ccccc2)cc1
P,phenyl,tert_butyl,C2,phenyl,p_tolyl,<LB_P><LB1_phenyl><LB2_tert_butyl><LINKER_C2><LA1_phenyl><LA2_p_tolyl>,Cc1ccc(B(CCP(c2ccccc2)C(C)(C)C)c2ccccc2)cc1
P,phenyl,tert_butyl,C3,phenyl,p_tolyl,<LB_P><LB1_phenyl><LB2_tert_butyl><LINKER_C3><LA1_phenyl><LA2_p_tolyl>,Cc1ccc(B(CCCP(c2ccccc2)C(C)(C)C)c2ccccc2)cc1
P,phenyl,tert_butyl,C4,phenyl,p_tolyl,<LB_P><LB1_phenyl><LB2_tert_butyl><LINKER_C4><LA1_phenyl><LA2_p_tolyl>,Cc1ccc(B(CCCCP(c2ccccc2)C(C)(C)C)c2ccccc2)cc1
P,phenyl,tert_butyl,C5,phenyl,p_tolyl,<LB_P><LB1_phenyl><LB2_tert_butyl><LINKER_C5><LA1_phenyl><LA2_p_tolyl>,Cc1ccc(B(CCCCCP(c2ccccc2)C(C)(C)C)c2ccccc2)cc1
P,phenyl,tert_butyl,C6,phenyl,p_tolyl,<LB_P><LB1_phenyl><LB2_tert_butyl><LINKER_C6><LA1_phenyl><LA2_p_tolyl>,Cc1ccc(B(CCCCCCP(c2ccccc2)C(C)(C)C)c2ccccc2)cc1
P,phenyl,tert_butyl,C1,phenyl,mesityl,<LB_P><LB1_phenyl><LB2_tert_butyl><LINKER_C1><LA1_phenyl><LA2_mesityl>,Cc1cc(C)c(B(CP(c2ccccc2)C(C)(C)C)c2ccccc2)c(C)c1
P,phenyl,tert_butyl,C2,phenyl,mesityl,<LB_P><LB1_phenyl><LB2_tert_butyl><LINKER_C2><LA1_phenyl><LA2_mesityl>,Cc1cc(C)c(B(CCP(c2ccccc2)C(C)(C)C)c2ccccc2)c(C)c1
P,phenyl,tert_butyl,C3,phenyl,mesityl,<LB_P><LB1_phenyl><LB2_tert_butyl><LINKER_C3><LA1_phenyl><LA2_mesityl>,Cc1cc(C)c(B(CCCP(c2ccccc2)C(C)(C)C)c2ccccc2)c(C)c1
P,phenyl,tert_butyl,C4,phenyl,mesityl,<LB_P><LB1_phenyl><LB2_tert_butyl><LINKER_C4><LA1_phenyl><LA2_mesityl>,Cc1cc(C)c(B(CCCCP(c2ccccc2)C(C)(C)C)c2ccccc2)c(C)c1
P,phenyl,tert_butyl,C5,phenyl,mesityl,<LB_P><LB1_phenyl><LB2_tert_butyl><LINKER_C5><LA1_phenyl><LA2_mesityl>,Cc1cc(C)c(B(CCCCCP(c2ccccc2)C(C)(C)C)c2ccccc2)c(C)c1
P,phenyl,tert_butyl,C6,phenyl,mesityl,<LB_P><LB1_phenyl><LB2_tert_butyl><LINKER_C6><LA1_phenyl><LA2_mesityl>,Cc1cc(C)c(B(CCCCCCP(c2ccccc2)C(C)(C)C)c2ccccc2)c(C)c1
P,phenyl,tert_butyl,C1,phenyl,pentafluorophenyl,<LB_P><LB1_phenyl><LB2_tert_butyl><LINKER_C1><LA1_phenyl><LA2_pentafluorophenyl>,CC(C)(C)P(CB(c1ccccc1)c1c(F)c(F)c(F)c(F)c1F)c1ccccc1
P,phenyl,tert_butyl,C2,phenyl,pentafluorophenyl,<LB_P><LB1_phenyl><LB2_tert_butyl><LINKER_C2><LA1_phenyl><LA2_pentafluorophenyl>,CC(C)(C)P(CCB(c1ccccc1)c1c(F)c(F)c(F)c(F)c1F)c1ccccc1
P,phenyl,tert_butyl,C3,phenyl,pentafluorophenyl,<LB_P><LB1_phenyl><LB2_tert_butyl><LINKER_C3><LA1_phenyl><LA2_pentafluorophenyl>,CC(C)(C)P(CCCB(c1ccccc1)c1c(F)c(F)c(F)c(F)c1F)c1ccccc1
P,phenyl,tert_butyl,C4,phenyl,pentafluorophenyl,<LB_P><LB1_phenyl><LB2_tert_butyl><LINKER_C4><LA1_phenyl><LA2_pentafluorophenyl>,CC(C)(C)P(CCCCB(c1ccccc1)c1c(F)c(F)c(F)c(F)c1F)c1ccccc1
P,phenyl,tert_butyl,C5,phenyl,pentafluorophenyl,<LB_P><LB1_phenyl><LB2_tert_butyl><LINKER_C5><LA1_phenyl><LA2_pentafluorophenyl>,CC(C)(C)P(CCCCCB(c1ccccc1)c1c(F)c(F)c(F)c(F)c1F)c1ccccc1
P,phenyl,tert_butyl,C6,phenyl,pentafluorophenyl,<LB_P><LB1_phenyl><LB2_tert_butyl><LINKER_C6><LA1_phenyl><LA2_pentafluorophenyl>,CC(C)(C)P(CCCCCCB(c1ccccc1)c1c(F)c(F)c(F)c(F)c1F)c1ccccc1
P,phenyl,tert_butyl,C1,phenyl,pentachlorophenyl,<LB_P><LB1_phenyl><LB2_tert_butyl><LINKER_C1><LA1_phenyl><LA2_pentachlorophenyl>,CC(C)(C)P(CB(c1ccccc1)c1c(Cl)c(Cl)c(Cl)c(Cl)c1Cl)c1ccccc1
P,phenyl,tert_butyl,C2,phenyl,pentachlorophenyl,<LB_P><LB1_phenyl><LB2_tert_butyl><LINKER_C2><LA1_phenyl><LA2_pentachlorophenyl>,CC(C)(C)P(CCB(c1ccccc1)c1c(Cl)c(Cl)c(Cl)c(Cl)c1Cl)c1ccccc1
P,phenyl,tert_butyl,C3,phenyl,pentachlorophenyl,<LB_P><LB1_phenyl><LB2_tert_butyl><LINKER_C3><LA1_phenyl><LA2_pentachlorophenyl>,CC(C)(C)P(CCCB(c1ccccc1)c1c(Cl)c(Cl)c(Cl)c(Cl)c1Cl)c1ccccc1
P,phenyl,tert_butyl,C4,phenyl,pentachlorophenyl,<LB_P><LB1_phenyl><LB2_tert_butyl><LINKER_C4><LA1_phenyl><LA2_pentachlorophenyl>,CC(C)(C)P(CCCCB(c1ccccc1)c1c(Cl)c(Cl)c(Cl)c(Cl)c1Cl)c1ccccc1
P,phenyl,tert_butyl,C5,phenyl,pentachlorophenyl,<LB_P><LB1_phenyl><LB2_tert_butyl><LINKER_C5><LA1_phenyl><LA2_pentachlorophenyl>,CC(C)(C)P(CCCCCB(c1ccccc1)c1c(Cl)c(Cl)c(Cl)c(Cl)c1Cl)c1ccccc1
P,phenyl,tert_butyl,C6,phenyl,pentachlorophenyl,<LB_P><LB1_phenyl><LB2_tert_butyl><LINKER_C6><LA1_phenyl><LA2_pentachlorophenyl>,CC(C)(C)P(CCCCCCB(c1ccccc1)c1c(Cl)c(Cl)c(Cl)c(Cl)c1Cl)c1ccccc1
P,phenyl,tert_butyl,C1,phenyl,bis_cf3_phenyl,<LB_P><LB1_phenyl><LB2_tert_butyl><LINKER_C1><LA1_phenyl><LA2_bis_cf3_phenyl>,CC(C)(C)P(CB(c1ccccc1)c1cc(C(F)(F)F)cc(C(F)(F)F)c1)c1ccccc1
P,phenyl,tert_butyl,C2,phenyl,bis_cf3_phenyl,<LB_P><LB1_phenyl><LB2_tert_butyl><LINKER_C2><LA1_phenyl><LA2_bis_cf3_phenyl>,CC(C)(C)P(CCB(c1ccccc1)c1cc(C(F)(F)F)cc(C(F)(F)F)c1)c1ccccc1
P,phenyl,tert_butyl,C3,phenyl,bis_cf3_phenyl,<LB_P><LB1_phenyl><LB2_tert_butyl><LINKER_C3><LA1_phenyl><LA2_bis_cf3_phenyl>,CC(C)(C)P(CCCB(c1ccccc1)c1cc(C(F)(F)F)cc(C(F)(F)F)c1)c1ccccc1
P,phenyl,tert_butyl,C4,phenyl,bis_cf3_phenyl,<LB_P><LB1_phenyl><LB2_tert_butyl><LINKER_C4><LA1_phenyl><LA2_bis_cf3_phenyl>,CC(C)(C)P(CCCCB(c1ccccc1)c1cc(C(F)(F)F)cc(C(F)(F)F)c1)c1ccccc1
P,phenyl,tert_butyl,C5,phenyl,bis_cf3_phenyl,<LB_P><LB1_phenyl><LB2_tert_butyl><LINKER_C5><LA1_phenyl><LA2_bis_cf3_phenyl>,CC(C)(C)P(CCCCCB(c1ccccc1)c1cc(C(F)(F)F)cc(C(F)(F)F)c1)c1ccccc1
P,phenyl,tert_butyl,C6,phenyl,bis_cf3_phenyl,<LB_P><LB1_phenyl><LB2_tert_butyl><LINKER_C6><LA1_phenyl><LA2_bis_cf3_phenyl>,CC(C)(C)P(CCCCCCB(c1ccccc1)c1cc(C(F)(F)F)cc(C(F)(F)F)c1)c1ccccc1
P,phenyl,tert_butyl,C1,p_tolyl,p_tolyl,<LB_P><LB1_phenyl><LB2_tert_butyl><LINKER_C1><LA1_p_tolyl><LA2_p_tolyl>,Cc1ccc(B(CP(c2ccccc2)C(C)(C)C)c2ccc(C)cc2)cc1
P,phenyl,tert_butyl,C2,p_tolyl,p_tolyl,<LB_P><LB1_phenyl><LB2_tert_butyl><LINKER_C2><LA1_p_tolyl><LA2_p_tolyl>,Cc1ccc(B(CCP(c2ccccc2)C(C)(C)C)c2ccc(C)cc2)cc1
P,phenyl,tert_butyl,C3,p_tolyl,p_tolyl,<LB_P><LB1_phenyl><LB2_tert_butyl><LINKER_C3><LA1_p_tolyl><LA2_p_tolyl>,Cc1ccc(B(CCCP(c2ccccc2)C(C)(C)C)c2ccc(C)cc2)cc1
P,phenyl,tert_butyl,C4,p_tolyl,p_tolyl,<LB_P><LB1_phenyl><LB2_tert_butyl><LINKER_C4><LA1_p_tolyl><LA2_p_tolyl>,Cc1ccc(B(CCCCP(c2ccccc2)C(C)(C)C)c2ccc(C)cc2)cc1
P,phenyl,tert_butyl,C5,p_tolyl,p_tolyl,<LB_P><LB1_phenyl><LB2_tert_butyl><LINKER_C5><LA1_p_tolyl><LA2_p_tolyl>,Cc1ccc(B(CCCCCP(c2ccccc2)C(C)(C)C)c2ccc(C)cc2)cc1
P,phenyl,tert_butyl,C6,p_tolyl,p_tolyl,<LB_P><LB1_phenyl><LB2_tert_butyl><LINKER_C6><LA1_p_tolyl><LA2_p_tolyl>,Cc1ccc(B(CCCCCCP(c2ccccc2)C(C)(C)C)c2ccc(C)cc2)cc1
P,phenyl,tert_butyl,C1,p_tolyl,mesityl,<LB_P><LB1_phenyl><LB2_tert_butyl><LINKER_C1><LA1_p_tolyl><LA2_mesityl>,Cc1ccc(B(CP(c2ccccc2)C(C)(C)C)c2c(C)cc(C)cc2C)cc1
P,phenyl,tert_butyl,C2,p_tolyl,mesityl,<LB_P><LB1_phenyl><LB2_tert_butyl><LINKER_C2><LA1_p_tolyl><LA2_mesityl>,Cc1ccc(B(CCP(c2ccccc2)C(C)(C)C)c2c(C)cc(C)cc2C)cc1
P,phenyl,tert_butyl,C3,p_tolyl,mesityl,<LB_P><LB1_phenyl><LB2_tert_butyl><LINKER_C3><LA1_p_tolyl><LA2_mesityl>,Cc1ccc(B(CCCP(c2ccccc2)C(C)(C)C)c2c(C)cc(C)cc2C)cc1
P,phenyl,tert_butyl,C4,p_tolyl,mesityl,<LB_P><LB1_phenyl><LB2_tert_butyl><LINKER_C4><LA1_p_tolyl><LA2_mesityl>,Cc1ccc(B(CCCCP(c2ccccc2)C(C)(C)C)c2c(C)cc(C)cc2C)cc1
P,phenyl,tert_butyl,C5,p_tolyl,mesityl,<LB_P><LB1_phenyl><LB2_tert_butyl><LINKER_C5><LA1_p_tolyl><LA2_mesityl>,Cc1ccc(B(CCCCCP(c2ccccc2)C(C)(C)C)c2c(C)cc(C)cc2C)cc1
P,phenyl,tert_butyl,C6,p_tolyl,mesityl,<LB_P><LB1_phenyl><LB2_tert_butyl><LINKER_C6><LA1_p_tolyl><LA2_mesityl>,Cc1ccc(B(CCCCCCP(c2ccccc2)C(C)(C)C)c2c(C)cc(C)cc2C)cc1
P,phenyl,tert_butyl,C1,p_tolyl,pentafluorophenyl,<LB_P><LB1_phenyl><LB2_tert_butyl><LINKER_C1><LA1_p_tolyl><LA2_pentafluorophenyl>,Cc1ccc(B(CP(c2ccccc2)C(C)(C)C)c2c(F)c(F)c(F)c(F)c2F)cc1
P,phenyl,tert_butyl,C2,p_tolyl,pentafluorophenyl,<LB_P><LB1_phenyl><LB2_tert_butyl><LINKER_C2><LA1_p_tolyl><LA2_pentafluorophenyl>,Cc1ccc(B(CCP(c2ccccc2)C(C)(C)C)c2c(F)c(F)c(F)c(F)c2F)cc1
P,phenyl,tert_butyl,C3,p_tolyl,pentafluorophenyl,<LB_P><LB1_phenyl><LB2_tert_butyl><LINKER_C3><LA1_p_tolyl><LA2_pentafluorophenyl>,Cc1ccc(B(CCCP(c2ccccc2)C(C)(C)C)c2c(F)c(F)c(F)c(F)c2F)cc1
P,phenyl,tert_butyl,C4,p_tolyl,pentafluorophenyl,<LB_P><LB1_phenyl><LB2_tert_butyl><LINKER_C4><LA1_p_tolyl><LA2_pentafluorophenyl>,Cc1ccc(B(CCCCP(c2ccccc2)C(C)(C)C)c2c(F)c(F)c(F)c(F)c2F)cc1
P,phenyl,tert_butyl,C5,p_tolyl,pentafluorophenyl,<LB_P><LB1_phenyl><LB2_tert_butyl><LINKER_C5><LA1_p_tolyl><LA2_pentafluorophenyl>,Cc1ccc(B(CCCCCP(c2ccccc2)C(C)(C)C)c2c(F)c(F)c(F)c(F)c2F)cc1
P,phenyl,tert_butyl,C6,p_tolyl,pentafluorophenyl,<LB_P><LB1_phenyl><LB2_tert_butyl><LINKER_C6><LA1_p_tolyl><LA2_pentafluorophenyl>,Cc1ccc(B(CCCCCCP(c2ccccc2)C(C)(C)C)c2c(F)c(F)c(F)c(F)c2F)cc1
P,phenyl,tert_butyl,C1,p_tolyl,pentachlorophenyl,<LB_P><LB1_phenyl><LB2_tert_butyl><LINKER_C1><LA1_p_tolyl><LA2_pentachlorophenyl>,Cc1ccc(B(CP(c2ccccc2)C(C)(C)C)c2c(Cl)c(Cl)c(Cl)c(Cl)c2Cl)cc1
P,phenyl,tert_butyl,C2,p_tolyl,pentachlorophenyl,<LB_P><LB1_phenyl><LB2_tert_butyl><LINKER_C2><LA1_p_tolyl><LA2_pentachlorophenyl>,Cc1ccc(B(CCP(c2ccccc2)C(C)(C)C)c2c(Cl)c(Cl)c(Cl)c(Cl)c2Cl)cc1
P,phenyl,tert_butyl,C3,p_tolyl,pentachlorophenyl,<LB_P><LB1_phenyl><LB2_tert_butyl><LINKER_C3><LA1_p_tolyl><LA2_pentachlorophenyl>,Cc1ccc(B(CCCP(c2ccccc2)C(C)(C)C)c2c(Cl)c(Cl)c(Cl)c(Cl)c2Cl)cc1
P,phenyl,tert_butyl,C4,p_tolyl,pentachlorophenyl,<LB_P><LB1_phenyl><LB2_tert_butyl><LINKER_C4><LA1_p_tolyl><LA2_pentachlorophenyl>,Cc1ccc(B(CCCCP(c2ccccc2)C(C)(C)C)c2c(Cl)c(Cl)c(Cl)c(Cl)c2Cl)cc1
P,phenyl,tert_butyl,C5,p_tolyl,pentachlorophenyl,<LB_P><LB1_phenyl><LB2_tert_butyl><LINKER_C5><LA1_p_tolyl><LA2_pentachlorophenyl>,Cc1ccc(B(CCCCCP(c2ccccc2)C(C)(C)C)c2c(Cl)c(Cl)c(Cl)c(Cl)c2Cl)cc1
P,phenyl,tert_butyl,C6,p_tolyl,pentachlorophenyl,<LB_P><LB1_phenyl><LB2_tert_butyl><LINKER_C6><LA1_p_tolyl><LA2_pentachlorophenyl>,Cc1ccc(B(CCCCCCP(c2ccccc2)C(C)(C)C)c2c(Cl)c(Cl)c(Cl)c(Cl)c2Cl)cc1
P,phenyl,tert_butyl,C1,p_tolyl,bis_cf3_phenyl,<LB_P><LB1_phenyl><LB2_tert_butyl><LINKER_C1><LA1_p_tolyl><LA2_bis_cf3_phenyl>,Cc1ccc(B(CP(c2ccccc2)C(C)(C)C)c2cc(C(F)(F)F)cc(C(F)(F)F)c2)cc1
P,phenyl,tert_butyl,C2,p_tolyl,bis_cf3_phenyl,<LB_P><LB1_phenyl><LB2_tert_butyl><LINKER_C2><LA1_p_tolyl><LA2_bis_cf3_phenyl>,Cc1ccc(B(CCP(c2ccccc2)C(C)(C)C)c2cc(C(F)(F)F)cc(C(F)(F)F)c2)cc1
P,phenyl,tert_butyl,C3,p_tolyl,bis_cf3_phenyl,<LB_P><LB1_phenyl><LB2_tert_butyl><LINKER_C3><LA1_p_tolyl><LA2_bis_cf3_phenyl>,Cc1ccc(B(CCCP(c2ccccc2)C(C)(C)C)c2cc(C(F)(F)F)cc(C(F)(F)F)c2)cc1
P,phenyl,tert_butyl,C4,p_tolyl,bis_cf3_phenyl,<LB_P><LB1_phenyl><LB2_tert_butyl><LINKER_C4><LA1_p_tolyl><LA2_bis_cf3_phenyl>,Cc1ccc(B(CCCCP(c2ccccc2)C(C)(C)C)c2cc(C(F)(F)F)cc(C(F)(F)F)c2)cc1
P,phenyl,tert_butyl,C5,p_tolyl,bis_cf3_phenyl,<LB_P><LB1_phenyl><LB2_tert_butyl><LINKER_C5><LA1_p_tolyl><LA2_bis_cf3_phenyl>,Cc1ccc(B(CCCCCP(c2ccccc2)C(C)(C)C)c2cc(C(F)(F)F)cc(C(F)(F)F)c2)cc1
P,phenyl,tert_butyl,C6,p_tolyl,bis_cf3_phenyl,<LB_P><LB1_phenyl><LB2_tert_butyl><LINKER_C6><LA1_p_tolyl><LA2_bis_cf3_phenyl>,Cc1ccc(B(CCCCCCP(c2ccccc2)C(C)(C)C)c2cc(C(F)(F)F)cc(C(F)(F)F)c2)cc1
P,phenyl,tert_butyl,C1,mesityl,mesityl,<LB_P><LB1_phenyl><LB2_tert_butyl><LINKER_C1><LA1_mesityl><LA2_mesityl>,Cc1cc(C)c(B(CP(c2ccccc2)C(C)(C)C)c2c(C)cc(C)cc2C)c(C)c1
P,phenyl,tert_butyl,C2,mesityl,mesityl,<LB_P><LB1_phenyl><LB2_tert_butyl><LINKER_C2><LA1_mesityl><LA2_mesityl>,Cc1cc(C)c(B(CCP(c2ccccc2)C(C)(C)C)c2c(C)cc(C)cc2C)c(C)c1
P,phenyl,tert_butyl,C3,mesityl,mesityl,<LB_P><LB1_phenyl><LB2_tert_butyl><LINKER_C3><LA1_mesityl><LA2_mesityl>,Cc1cc(C)c(B(CCCP(c2ccccc2)C(C)(C)C)c2c(C)cc(C)cc2C)c(C)c1
P,phenyl,tert_butyl,C4,mesityl,mesityl,<LB_P><LB1_phenyl><LB2_tert_butyl><LINKER_C4><LA1_mesityl><LA2_mesityl>,Cc1cc(C)c(B(CCCCP(c2ccccc2)C(C)(C)C)c2c(C)cc(C)cc2C)c(C)c1
P,phenyl,tert_butyl,C5,mesityl,mesityl,<LB_P><LB1_phenyl><LB2_tert_butyl><LINKER_C5><LA1_mesityl><LA2_mesityl>,Cc1cc(C)c(B(CCCCCP(c2ccccc2)C(C)(C)C)c2c(C)cc(C)cc2C)c(C)c1
P,phenyl,tert_butyl,C6,mesityl,mesityl,<LB_P><LB1_phenyl><LB2_tert_butyl><LINKER_C6><LA1_mesityl><LA2_mesityl>,Cc1cc(C)c(B(CCCCCCP(c2ccccc2)C(C)(C)C)c2c(C)cc(C)cc2C)c(C)c1
P,phenyl,tert_butyl,C1,mesityl,pentafluorophenyl,<LB_P><LB1_phenyl><LB2_tert_butyl><LINKER_C1><LA1_mesityl><LA2_pentafluorophenyl>,Cc1cc(C)c(B(CP(c2ccccc2)C(C)(C)C)c2c(F)c(F)c(F)c(F)c2F)c(C)c1
P,phenyl,tert_butyl,C2,mesityl,pentafluorophenyl,<LB_P><LB1_phenyl><LB2_tert_butyl><LINKER_C2><LA1_mesityl><LA2_pentafluorophenyl>,Cc1cc(C)c(B(CCP(c2ccccc2)C(C)(C)C)c2c(F)c(F)c(F)c(F)c2F)c(C)c1
P,phenyl,tert_butyl,C3,mesityl,pentafluorophenyl,<LB_P><LB1_phenyl><LB2_tert_butyl><LINKER_C3><LA1_mesityl><LA2_pentafluorophenyl>,Cc1cc(C)c(B(CCCP(c2ccccc2)C(C)(C)C)c2c(F)c(F)c(F)c(F)c2F)c(C)c1
P,phenyl,tert_butyl,C4,mesityl,pentafluorophenyl,<LB_P><LB1_phenyl><LB2_tert_butyl><LINKER_C4><LA1_mesityl><LA2_pentafluorophenyl>,Cc1cc(C)c(B(CCCCP(c2ccccc2)C(C)(C)C)c2c(F)c(F)c(F)c(F)c2F)c(C)c1
P,phenyl,tert_butyl,C5,mesityl,pentafluorophenyl,<LB_P><LB1_phenyl><LB2_tert_butyl><LINKER_C5><LA1_mesityl><LA2_pentafluorophenyl>,Cc1cc(C)c(B(CCCCCP(c2ccccc2)C(C)(C)C)c2c(F)c(F)c(F)c(F)c2F)c(C)c1
P,phenyl,tert_butyl,C6,mesityl,pentafluorophenyl,<LB_P><LB1_phenyl><LB2_tert_butyl><LINKER_C6><LA1_mesityl><LA2_pentafluorophenyl>,Cc1cc(C)c(B(CCCCCCP(c2ccccc2)C(C)(C)C)c2c(F)c(F)c(F)c(F)c2F)c(C)c1
P,phenyl,tert_butyl,C1,mesityl,pentachlorophenyl,<LB_P><LB1_phenyl><LB2_tert_butyl><LINKER_C1><LA1_mesityl><LA2_pentachlorophenyl>,Cc1cc(C)c(B(CP(c2ccccc2)C(C)(C)C)c2c(Cl)c(Cl)c(Cl)c(Cl)c2Cl)c(C)c1
P,phenyl,tert_butyl,C2,mesityl,pentachlorophenyl,<LB_P><LB1_phenyl><LB2_tert_butyl><LINKER_C2><LA1_mesityl><LA2_pentachlorophenyl>,Cc1cc(C)c(B(CCP(c2ccccc2)C(C)(C)C)c2c(Cl)c(Cl)c(Cl)c(Cl)c2Cl)c(C)c1
P,phenyl,tert_butyl,C3,mesityl,pentachlorophenyl,<LB_P><LB1_phenyl><LB2_tert_butyl><LINKER_C3><LA1_mesityl><LA2_pentachlorophenyl>,Cc1cc(C)c(B(CCCP(c2ccccc2)C(C)(C)C)c2c(Cl)c(Cl)c(Cl)c(Cl)c2Cl)c(C)c1
P,phenyl,tert_butyl,C4,mesityl,pentachlorophenyl,<LB_P><LB1_phenyl><LB2_tert_butyl><LINKER_C4><LA1_mesityl><LA2_pentachlorophenyl>,Cc1cc(C)c(B(CCCCP(c2ccccc2)C(C)(C)C)c2c(Cl)c(Cl)c(Cl)c(Cl)c2Cl)c(C)c1
P,phenyl,tert_butyl,C5,mesityl,pentachlorophenyl,<LB_P><LB1_phenyl><LB2_tert_butyl><LINKER_C5><LA1_mesityl><LA2_pentachlorophenyl>,Cc1cc(C)c(B(CCCCCP(c2ccccc2)C(C)(C)C)c2c(Cl)c(Cl)c(Cl)c(Cl)c2Cl)c(C)c1
P,phenyl,tert_butyl,C6,mesityl,pentachlorophenyl,<LB_P><LB1_phenyl><LB2_tert_butyl><LINKER_C6><LA1_mesityl><LA2_pentachlorophenyl>,Cc1cc(C)c(B(CCCCCCP(c2ccccc2)C(C)(C)C)c2c(Cl)c(Cl)c(Cl)c(Cl)c2Cl)c(C)c1
P,phenyl,tert_butyl,C1,mesityl,bis_cf3_phenyl,<LB_P><LB1_phenyl><LB2_tert_butyl><LINKER_C1><LA1_mesityl><LA2_bis_cf3_phenyl>,Cc1cc(C)c(B(CP(c2ccccc2)C(C)(C)C)c2cc(C(F)(F)F)cc(C(F)(F)F)c2)c(C)c1
P,phenyl,tert_butyl,C2,mesityl,bis_cf3_phenyl,<LB_P><LB1_phenyl><LB2_tert_butyl><LINKER_C2><LA1_mesityl><LA2_bis_cf3_phenyl>,Cc1cc(C)c(B(CCP(c2ccccc2)C(C)(C)C)c2cc(C(F)(F)F)cc(C(F)(F)F)c2)c(C)c1
P,phenyl,tert_butyl,C3,mesityl,bis_cf3_phenyl,<LB_P><LB1_phenyl><LB2_tert_butyl><LINKER_C3><LA1_mesityl><LA2_bis_cf3_phenyl>,Cc1cc(C)c(B(CCCP(c2ccccc2)C(C)(C)C)c2cc(C(F)(F)F)cc(C(F)(F)F)c2)c(C)c1
P,phenyl,tert_butyl,C4,mesityl,bis_cf3_phenyl,<LB_P><LB1_phenyl><LB2_tert_butyl><LINKER_C4><LA1_mesityl><LA2_bis_cf3_phenyl>,Cc1cc(C)c(B(CCCCP(c2ccccc2)C(C)(C)C)c2cc(C(F)(F)F)cc(C(F)(F)F)c2)c(C)c1
P,phenyl,tert_butyl,C5,mesityl,bis_cf3_phenyl,<LB_P><LB1_phenyl><LB2_tert_butyl><LINKER_C5><LA1_mesityl><LA2_bis_cf3_phenyl>,Cc1cc(C)c(B(CCCCCP(c2ccccc2)C(C)(C)C)c2cc(C(F)(F)F)cc(C(F)(F)F)c2)c(C)c1
P,phenyl,tert_butyl,C6,mesityl,bis_cf3_phenyl,<LB_P><LB1_phenyl><LB2_tert_butyl><LINKER_C6><LA1_mesityl><LA2_bis_cf3_phenyl>,Cc1cc(C)c(B(CCCCCCP(c2ccccc2)C(C)(C)C)c2cc(C(F)(F)F)cc(C(F)(F)F)c2)c(C)c1
P,phenyl,tert_butyl,C1,pentafluorophenyl,pentafluorophenyl,<LB_P><LB1_phenyl><LB2_tert_butyl><LINKER_C1><LA1_pentafluorophenyl><LA2_pentafluorophenyl>,CC(C)(C)P(CB(c1c(F)c(F)c(F)c(F)c1F)c1c(F)c(F)c(F)c(F)c1F)c1ccccc1
P,phenyl,tert_butyl,C2,pentafluorophenyl,pentafluorophenyl,<LB_P><LB1_phenyl><LB2_tert_butyl><LINKER_C2><LA1_pentafluorophenyl><LA2_pentafluorophenyl>,CC(C)(C)P(CCB(c1c(F)c(F)c(F)c(F)c1F)c1c(F)c(F)c(F)c(F)c1F)c1ccccc1
P,phenyl,tert_butyl,C3,pentafluorophenyl,pentafluorophenyl,<LB_P><LB1_phenyl><LB2_tert_butyl><LINKER_C3><LA1_pentafluorophenyl><LA2_pentafluorophenyl>,CC(C)(C)P(CCCB(c1c(F)c(F)c(F)c(F)c1F)c1c(F)c(F)c(F)c(F)c1F)c1ccccc1
P,phenyl,tert_butyl,C4,pentafluorophenyl,pentafluorophenyl,<LB_P><LB1_phenyl><LB2_tert_butyl><LINKER_C4><LA1_pentafluorophenyl><LA2_pentafluorophenyl>,CC(C)(C)P(CCCCB(c1c(F)c(F)c(F)c(F)c1F)c1c(F)c(F)c(F)c(F)c1F)c1ccccc1
P,phenyl,tert_butyl,C5,pentafluorophenyl,pentafluorophenyl,<LB_P><LB1_phenyl><LB2_tert_butyl><LINKER_C5><LA1_pentafluorophenyl><LA2_pentafluorophenyl>,CC(C)(C)P(CCCCCB(c1c(F)c(F)c(F)c(F)c1F)c1c(F)c(F)c(F)c(F)c1F)c1ccccc1
P,phenyl,tert_butyl,C6,pentafluorophenyl,pentafluorophenyl,<LB_P><LB1_phenyl><LB2_tert_butyl><LINKER_C6><LA1_pentafluorophenyl><LA2_pentafluorophenyl>,CC(C)(C)P(CCCCCCB(c1c(F)c(F)c(F)c(F)c1F)c1c(F)c(F)c(F)c(F)c1F)c1ccccc1
P,phenyl,tert_butyl,C1,pentafluorophenyl,pentachlorophenyl,<LB_P><LB1_phenyl><LB2_tert_butyl><LINKER_C1><LA1_pentafluorophenyl><LA2_pentachlorophenyl>,CC(C)(C)P(CB(c1c(F)c(F)c(F)c(F)c1F)c1c(Cl)c(Cl)c(Cl)c(Cl)c1Cl)c1ccccc1
P,phenyl,tert_butyl,C2,pentafluorophenyl,pentachlorophenyl,<LB_P><LB1_phenyl><LB2_tert_butyl><LINKER_C2><LA1_pentafluorophenyl><LA2_pentachlorophenyl>,CC(C)(C)P(CCB(c1c(F)c(F)c(F)c(F)c1F)c1c(Cl)c(Cl)c(Cl)c(Cl)c1Cl)c1ccccc1
P,phenyl,tert_butyl,C3,pentafluorophenyl,pentachlorophenyl,<LB_P><LB1_phenyl><LB2_tert_butyl><LINKER_C3><LA1_pentafluorophenyl><LA2_pentachlorophenyl>,CC(C)(C)P(CCCB(c1c(F)c(F)c(F)c(F)c1F)c1c(Cl)c(Cl)c(Cl)c(Cl)c1Cl)c1ccccc1
P,phenyl,tert_butyl,C4,pentafluorophenyl,pentachlorophenyl,<LB_P><LB1_phenyl><LB2_tert_butyl><LINKER_C4><LA1_pentafluorophenyl><LA2_pentachlorophenyl>,CC(C)(C)P(CCCCB(c1c(F)c(F)c(F)c(F)c1F)c1c(Cl)c(Cl)c(Cl)c(Cl)c1Cl)c1ccccc1
P,phenyl,tert_butyl,C5,pentafluorophenyl,pentachlorophenyl,<LB_P><LB1_phenyl><LB2_tert_butyl><LINKER_C5><LA1_pentafluorophenyl><LA2_pentachlorophenyl>,CC(C)(C)P(CCCCCB(c1c(F)c(F)c(F)c(F)c1F)c1c(Cl)c(Cl)c(Cl)c(Cl)c1Cl)c1ccccc1
P,phenyl,tert_butyl,C6,pentafluorophenyl,pentachlorophenyl,<LB_P><LB1_phenyl><LB2_tert_butyl><LINKER_C6><LA1_pentafluorophenyl><LA2_pentachlorophenyl>,CC(C)(C)P(CCCCCCB(c1c(F)c(F)c(F)c(F)c1F)c1c(Cl)c(Cl)c(Cl)c(Cl)c1Cl)c1ccccc1
P,phenyl,tert_butyl,C1,pentafluorophenyl,bis_cf3_phenyl,<LB_P><LB1_phenyl><LB2_tert_butyl><LINKER_C1><LA1_pentafluorophenyl><LA2_bis_cf3_phenyl>,CC(C)(C)P(CB(c1cc(C(F)(F)F)cc(C(F)(F)F)c1)c1c(F)c(F)c(F)c(F)c1F)c1ccccc1
P,phenyl,tert_butyl,C2,pentafluorophenyl,bis_cf3_phenyl,<LB_P><LB1_phenyl><LB2_tert_butyl><LINKER_C2><LA1_pentafluorophenyl><LA2_bis_cf3_phenyl>,CC(C)(C)P(CCB(c1cc(C(F)(F)F)cc(C(F)(F)F)c1)c1c(F)c(F)c(F)c(F)c1F)c1ccccc1
P,phenyl,tert_butyl,C3,pentafluorophenyl,bis_cf3_phenyl,<LB_P><LB1_phenyl><LB2_tert_butyl><LINKER_C3><LA1_pentafluorophenyl><LA2_bis_cf3_phenyl>,CC(C)(C)P(CCCB(c1cc(C(F)(F)F)cc(C(F)(F)F)c1)c1c(F)c(F)c(F)c(F)c1F)c1ccccc1
P,phenyl,tert_butyl,C4,pentafluorophenyl,bis_cf3_phenyl,<LB_P><LB1_phenyl><LB2_tert_butyl><LINKER_C4><LA1_pentafluorophenyl><LA2_bis_cf3_phenyl>,CC(C)(C)P(CCCCB(c1cc(C(F)(F)F)cc(C(F)(F)F)c1)c1c(F)c(F)c(F)c(F)c1F)c1ccccc1
P,phenyl,tert_butyl,C5,pentafluorophenyl,bis_cf3_phenyl,<LB_P><LB1_phenyl><LB2_tert_butyl><LINKER_C5><LA1_pentafluorophenyl><LA2_bis_cf3_phenyl>,CC(C)(C)P(CCCCCB(c1cc(C(F)(F)F)cc(C(F)(F)F)c1)c1c(F)c(F)c(F)c(F)c1F)c1ccccc1
P,phenyl,tert_butyl,C6,pentafluorophenyl,bis_cf3_phenyl,<LB_P><LB1_phenyl><LB2_tert_butyl><LINKER_C6><LA1_pentafluorophenyl><LA2_bis_cf3_phenyl>,CC(C)(C)P(CCCCCCB(c1cc(C(F)(F)F)cc(C(F)(F)F)c1)c1c(F)c(F)c(F)c(F)c1F)c1ccccc1
P,phenyl,tert_butyl,C1,pentachlorophenyl,pentachlorophenyl,<LB_P><LB1_phenyl><LB2_tert_butyl><LINKER_C1><LA1_pentachlorophenyl><LA2_pentachlorophenyl>,CC(C)(C)P(CB(c1c(Cl)c(Cl)c(Cl)c(Cl)c1Cl)c1c(Cl)c(Cl)c(Cl)c(Cl)c1Cl)c1ccccc1
P,phenyl,tert_butyl,C2,pentachlorophenyl,pentachlorophenyl,<LB_P><LB1_phenyl><LB2_tert_butyl><LINKER_C2><LA1_pentachlorophenyl><LA2_pentachlorophenyl>,CC(C)(C)P(CCB(c1c(Cl)c(Cl)c(Cl)c(Cl)c1Cl)c1c(Cl)c(Cl)c(Cl)c(Cl)c1Cl)c1ccccc1
P,phenyl,tert_butyl,C3,pentachlorophenyl,pentachlorophenyl,<LB_P><LB1_phenyl><LB2_tert_butyl><LINKER_C3><LA1_pentachlorophenyl><LA2_pentachlorophenyl>,CC(C)(C)P(CCCB(c1c(Cl)c(Cl)c(Cl)c(Cl)c1Cl)c1c(Cl)c(Cl)c(Cl)c(Cl)c1Cl)c1ccccc1
P,phenyl,tert_butyl,C4,pentachlorophenyl,pentachlorophenyl,<LB_P><LB1_phenyl><LB2_tert_butyl><LINKER_C4><LA1_pentachlorophenyl><LA2_pentachlorophenyl>,CC(C)(C)P(CCCCB(c1c(Cl)c(Cl)c(Cl)c(Cl)c1Cl)c1c(Cl)c(Cl)c(Cl)c(Cl)c1Cl)c1ccccc1
P,phenyl,tert_butyl,C5,pentachlorophenyl,pentachlorophenyl,<LB_P><LB1_phenyl><LB2_tert_butyl><LINKER_C5><LA1_pentachlorophenyl><LA2_pentachlorophenyl>,CC(C)(C)P(CCCCCB(c1c(Cl)c(Cl)c(Cl)c(Cl)c1Cl)c1c(Cl)c(Cl)c(Cl)c(Cl)c1Cl)c1ccccc1
P,phenyl,tert_butyl,C6,pentachlorophenyl,pentachlorophenyl,<LB_P><LB1_phenyl><LB2_tert_butyl><LINKER_C6><LA1_pentachlorophenyl><LA2_pentachlorophenyl>,CC(C)(C)P(CCCCCCB(c1c(Cl)c(Cl)c(Cl)c(Cl)c1Cl)c1c(Cl)c(Cl)c(Cl)c(Cl)c1Cl)c1ccccc1
P,phenyl,tert_butyl,C1,pentachlorophenyl,bis_cf3_phenyl,<LB_P><LB1_phenyl><LB2_tert_butyl><LINKER_C1><LA1_pentachlorophenyl><LA2_bis_cf3_phenyl>,CC(C)(C)P(CB(c1cc(C(F)(F)F)cc(C(F)(F)F)c1)c1c(Cl)c(Cl)c(Cl)c(Cl)c1Cl)c1ccccc1
P,phenyl,tert_butyl,C2,pentachlorophenyl,bis_cf3_phenyl,<LB_P><LB1_phenyl><LB2_tert_butyl><LINKER_C2><LA1_pentachlorophenyl><LA2_bis_cf3_phenyl>,CC(C)(C)P(CCB(c1cc(C(F)(F)F)cc(C(F)(F)F)c1)c1c(Cl)c(Cl)c(Cl)c(Cl)c1Cl)c1ccccc1
P,phenyl,tert_butyl,C3,pentachlorophenyl,bis_cf3_phenyl,<LB_P><LB1_phenyl><LB2_tert_butyl><LINKER_C3><LA1_pentachlorophenyl><LA2_bis_cf3_phenyl>,CC(C)(C)P(CCCB(c1cc(C(F)(F)F)cc(C(F)(F)F)c1)c1c(Cl)c(Cl)c(Cl)c(Cl)c1Cl)c1ccccc1
P,phenyl,tert_butyl,C4,pentachlorophenyl,bis_cf3_phenyl,<LB_P><LB1_phenyl><LB2_tert_butyl><LINKER_C4><LA1_pentachlorophenyl><LA2_bis_cf3_phenyl>,CC(C)(C)P(CCCCB(c1cc(C(F)(F)F)cc(C(F)(F)F)c1)c1c(Cl)c(Cl)c(Cl)c(Cl)c1Cl)c1ccccc1
P,phenyl,tert_butyl,C5,pentachlorophenyl,bis_cf3_phenyl,<LB_P><LB1_phenyl><LB2_tert_butyl><LINKER_C5><LA1_pentachlorophenyl><LA2_bis_cf3_phenyl>,CC(C)(C)P(CCCCCB(c1cc(C(F)(F)F)cc(C(F)(F)F)c1)c1c(Cl)c(Cl)c(Cl)c(Cl)c1Cl)c1ccccc1
P,phenyl,tert_butyl,C6,pentachlorophenyl,bis_cf3_phenyl,<LB_P><LB1_phenyl><LB2_tert_butyl><LINKER_C6><LA1_pentachlorophenyl><LA2_bis_cf3_phenyl>,CC(C)(C)P(CCCCCCB(c1cc(C(F)(F)F)cc(C(F)(F)F)c1)c1c(Cl)c(Cl)c(Cl)c(Cl)c1Cl)c1ccccc1
P,phenyl,tert_butyl,C1,bis_cf3_phenyl,bis_cf3_phenyl,<LB_P><LB1_phenyl><LB2_tert_butyl><LINKER_C1><LA1_bis_cf3_phenyl><LA2_bis_cf3_phenyl>,CC(C)(C)P(CB(c1cc(C(F)(F)F)cc(C(F)(F)F)c1)c1cc(C(F)(F)F)cc(C(F)(F)F)c1)c1ccccc1
P,phenyl,tert_butyl,C2,bis_cf3_phenyl,bis_cf3_phenyl,<LB_P><LB1_phenyl><LB2_tert_butyl><LINKER_C2><LA1_bis_cf3_phenyl><LA2_bis_cf3_phenyl>,CC(C)(C)P(CCB(c1cc(C(F)(F)F)cc(C(F)(F)F)c1)c1cc(C(F)(F)F)cc(C(F)(F)F)c1)c1ccccc1
P,phenyl,tert_butyl,C3,bis_cf3_phenyl,bis_cf3_phenyl,<LB_P><LB1_phenyl><LB2_tert_butyl><LINKER_C3><LA1_bis_cf3_phenyl><LA2_bis_cf3_phenyl>,CC(C)(C)P(CCCB(c1cc(C(F)(F)F)cc(C(F)(F)F)c1)c1cc(C(F)(F)F)cc(C(F)(F)F)c1)c1ccccc1
P,phenyl,tert_butyl,C4,bis_cf3_phenyl,bis_cf3_phenyl,<LB_P><LB1_phenyl><LB2_tert_butyl><LINKER_C4><LA1_bis_cf3_phenyl><LA2_bis_cf3_phenyl>,CC(C)(C)P(CCCCB(c1cc(C(F)(F)F)cc(C(F)(F)F)c1)c1cc(C(F)(F)F)cc(C(F)(F)F)c1)c1ccccc1
P,phenyl,tert_butyl,C5,bis_cf3_phenyl,bis_cf3_phenyl,<LB_P><LB1_phenyl><LB2_tert_butyl><LINKER_C5><LA1_bis_cf3_phenyl><LA2_bis_cf3_phenyl>,CC(C)(C)P(CCCCCB(c1cc(C(F)(F)F)cc(C(F)(F)F)c1)c1cc(C(F)(F)F)cc(C(F)(F)F)c1)c1ccccc1
P,phenyl,tert_butyl,C6,bis_cf3_phenyl,bis_cf3_phenyl,<LB_P><LB1_phenyl><LB2_tert_butyl><LINKER_C6><LA1_bis_cf3_phenyl><LA2_bis_cf3_phenyl>,CC(C)(C)P(CCCCCCB(c1cc(C(F)(F)F)cc(C(F)(F)F)c1)c1cc(C(F)(F)F)cc(C(F)(F)F)c1)c1ccccc1
P,phenyl,cyclohexyl,C1,phenyl,phenyl,<LB_P><LB1_phenyl><LB2_cyclohexyl><LINKER_C1><LA1_phenyl><LA2_phenyl>,c1ccc(B(CP(c2ccccc2)C2CCCCC2)c2ccccc2)cc1
P,phenyl,cyclohexyl,C2,phenyl,phenyl,<LB_P><LB1_phenyl><LB2_cyclohexyl><LINKER_C2><LA1_phenyl><LA2_phenyl>,c1ccc(B(CCP(c2ccccc2)C2CCCCC2)c2ccccc2)cc1
P,phenyl,cyclohexyl,C3,phenyl,phenyl,<LB_P><LB1_phenyl><LB2_cyclohexyl><LINKER_C3><LA1_phenyl><LA2_phenyl>,c1ccc(B(CCCP(c2ccccc2)C2CCCCC2)c2ccccc2)cc1
P,phenyl,cyclohexyl,C4,phenyl,phenyl,<LB_P><LB1_phenyl><LB2_cyclohexyl><LINKER_C4><LA1_phenyl><LA2_phenyl>,c1ccc(B(CCCCP(c2ccccc2)C2CCCCC2)c2ccccc2)cc1
P,phenyl,cyclohexyl,C5,phenyl,phenyl,<LB_P><LB1_phenyl><LB2_cyclohexyl><LINKER_C5><LA1_phenyl><LA2_phenyl>,c1ccc(B(CCCCCP(c2ccccc2)C2CCCCC2)c2ccccc2)cc1
P,phenyl,cyclohexyl,C6,phenyl,phenyl,<LB_P><LB1_phenyl><LB2_cyclohexyl><LINKER_C6><LA1_phenyl><LA2_phenyl>,c1ccc(B(CCCCCCP(c2ccccc2)C2CCCCC2)c2ccccc2)cc1
P,phenyl,cyclohexyl,C1,phenyl,p_tolyl,<LB_P><LB1_phenyl><LB2_cyclohexyl><LINKER_C1><LA1_phenyl><LA2_p_tolyl>,Cc1ccc(B(CP(c2ccccc2)C2CCCCC2)c2ccccc2)cc1
P,phenyl,cyclohexyl,C2,phenyl,p_tolyl,<LB_P><LB1_phenyl><LB2_cyclohexyl><LINKER_C2><LA1_phenyl><LA2_p_tolyl>,Cc1ccc(B(CCP(c2ccccc2)C2CCCCC2)c2ccccc2)cc1
P,phenyl,cyclohexyl,C3,phenyl,p_tolyl,<LB_P><LB1_phenyl><LB2_cyclohexyl><LINKER_C3><LA1_phenyl><LA2_p_tolyl>,Cc1ccc(B(CCCP(c2ccccc2)C2CCCCC2)c2ccccc2)cc1
P,phenyl,cyclohexyl,C4,phenyl,p_tolyl,<LB_P><LB1_phenyl><LB2_cyclohexyl><LINKER_C4><LA1_phenyl><LA2_p_tolyl>,Cc1ccc(B(CCCCP(c2ccccc2)C2CCCCC2)c2ccccc2)cc1
P,phenyl,cyclohexyl,C5,phenyl,p_tolyl,<LB_P><LB1_phenyl><LB2_cyclohexyl><LINKER_C5><LA1_phenyl><LA2_p_tolyl>,Cc1ccc(B(CCCCCP(c2ccccc2)C2CCCCC2)c2ccccc2)cc1
P,phenyl,cyclohexyl,C6,phenyl,p_tolyl,<LB_P><LB1_phenyl><LB2_cyclohexyl><LINKER_C6><LA1_phenyl><LA2_p_tolyl>,Cc1ccc(B(CCCCCCP(c2ccccc2)C2CCCCC2)c2ccccc2)cc1
P,phenyl,cyclohexyl,C1,phenyl,mesityl,<LB_P><LB1_phenyl><LB2_cyclohexyl><LINKER_C1><LA1_phenyl><LA2_mesityl>,Cc1cc(C)c(B(CP(c2ccccc2)C2CCCCC2)c2ccccc2)c(C)c1
P,phenyl,cyclohexyl,C2,phenyl,mesityl,<LB_P><LB1_phenyl><LB2_cyclohexyl><LINKER_C2><LA1_phenyl><LA2_mesityl>,Cc1cc(C)c(B(CCP(c2ccccc2)C2CCCCC2)c2ccccc2)c(C)c1
P,phenyl,cyclohexyl,C3,phenyl,mesityl,<LB_P><LB1_phenyl><LB2_cyclohexyl><LINKER_C3><LA1_phenyl><LA2_mesityl>,Cc1cc(C)c(B(CCCP(c2ccccc2)C2CCCCC2)c2ccccc2)c(C)c1
P,phenyl,cyclohexyl,C4,phenyl,mesityl,<LB_P><LB1_phenyl><LB2_cyclohexyl><LINKER_C4><LA1_phenyl><LA2_mesityl>,Cc1cc(C)c(B(CCCCP(c2ccccc2)C2CCCCC2)c2ccccc2)c(C)c1
P,phenyl,cyclohexyl,C5,phenyl,mesityl,<LB_P><LB1_phenyl><LB2_cyclohexyl><LINKER_C5><LA1_phenyl><LA2_mesityl>,Cc1cc(C)c(B(CCCCCP(c2ccccc2)C2CCCCC2)c2ccccc2)c(C)c1
P,phenyl,cyclohexyl,C6,phenyl,mesityl,<LB_P><LB1_phenyl><LB2_cyclohexyl><LINKER_C6><LA1_phenyl><LA2_mesityl>,Cc1cc(C)c(B(CCCCCCP(c2ccccc2)C2CCCCC2)c2ccccc2)c(C)c1
P,phenyl,cyclohexyl,C1,phenyl,pentafluorophenyl,<LB_P><LB1_phenyl><LB2_cyclohexyl><LINKER_C1><LA1_phenyl><LA2_pentafluorophenyl>,Fc1c(F)c(F)c(B(CP(c2ccccc2)C2CCCCC2)c2ccccc2)c(F)c1F
P,phenyl,cyclohexyl,C2,phenyl,pentafluorophenyl,<LB_P><LB1_phenyl><LB2_cyclohexyl><LINKER_C2><LA1_phenyl><LA2_pentafluorophenyl>,Fc1c(F)c(F)c(B(CCP(c2ccccc2)C2CCCCC2)c2ccccc2)c(F)c1F
P,phenyl,cyclohexyl,C3,phenyl,pentafluorophenyl,<LB_P><LB1_phenyl><LB2_cyclohexyl><LINKER_C3><LA1_phenyl><LA2_pentafluorophenyl>,Fc1c(F)c(F)c(B(CCCP(c2ccccc2)C2CCCCC2)c2ccccc2)c(F)c1F
P,phenyl,cyclohexyl,C4,phenyl,pentafluorophenyl,<LB_P><LB1_phenyl><LB2_cyclohexyl><LINKER_C4><LA1_phenyl><LA2_pentafluorophenyl>,Fc1c(F)c(F)c(B(CCCCP(c2ccccc2)C2CCCCC2)c2ccccc2)c(F)c1F
P,phenyl,cyclohexyl,C5,phenyl,pentafluorophenyl,<LB_P><LB1_phenyl><LB2_cyclohexyl><LINKER_C5><LA1_phenyl><LA2_pentafluorophenyl>,Fc1c(F)c(F)c(B(CCCCCP(c2ccccc2)C2CCCCC2)c2ccccc2)c(F)c1F
P,phenyl,cyclohexyl,C6,phenyl,pentafluorophenyl,<LB_P><LB1_phenyl><LB2_cyclohexyl><LINKER_C6><LA1_phenyl><LA2_pentafluorophenyl>,Fc1c(F)c(F)c(B(CCCCCCP(c2ccccc2)C2CCCCC2)c2ccccc2)c(F)c1F
P,phenyl,cyclohexyl,C1,phenyl,pentachlorophenyl,<LB_P><LB1_phenyl><LB2_cyclohexyl><LINKER_C1><LA1_phenyl><LA2_pentachlorophenyl>,Clc1c(Cl)c(Cl)c(B(CP(c2ccccc2)C2CCCCC2)c2ccccc2)c(Cl)c1Cl
P,phenyl,cyclohexyl,C2,phenyl,pentachlorophenyl,<LB_P><LB1_phenyl><LB2_cyclohexyl><LINKER_C2><LA1_phenyl><LA2_pentachlorophenyl>,Clc1c(Cl)c(Cl)c(B(CCP(c2ccccc2)C2CCCCC2)c2ccccc2)c(Cl)c1Cl
P,phenyl,cyclohexyl,C3,phenyl,pentachlorophenyl,<LB_P><LB1_phenyl><LB2_cyclohexyl><LINKER_C3><LA1_phenyl><LA2_pentachlorophenyl>,Clc1c(Cl)c(Cl)c(B(CCCP(c2ccccc2)C2CCCCC2)c2ccccc2)c(Cl)c1Cl
P,phenyl,cyclohexyl,C4,phenyl,pentachlorophenyl,<LB_P><LB1_phenyl><LB2_cyclohexyl><LINKER_C4><LA1_phenyl><LA2_pentachlorophenyl>,Clc1c(Cl)c(Cl)c(B(CCCCP(c2ccccc2)C2CCCCC2)c2ccccc2)c(Cl)c1Cl
P,phenyl,cyclohexyl,C5,phenyl,pentachlorophenyl,<LB_P><LB1_phenyl><LB2_cyclohexyl><LINKER_C5><LA1_phenyl><LA2_pentachlorophenyl>,Clc1c(Cl)c(Cl)c(B(CCCCCP(c2ccccc2)C2CCCCC2)c2ccccc2)c(Cl)c1Cl
P,phenyl,cyclohexyl,C6,phenyl,pentachlorophenyl,<LB_P><LB1_phenyl><LB2_cyclohexyl><LINKER_C6><LA1_phenyl><LA2_pentachlorophenyl>,Clc1c(Cl)c(Cl)c(B(CCCCCCP(c2ccccc2)C2CCCCC2)c2ccccc2)c(Cl)c1Cl
P,phenyl,cyclohexyl,C1,phenyl,bis_cf3_phenyl,<LB_P><LB1_phenyl><LB2_cyclohexyl><LINKER_C1><LA1_phenyl><LA2_bis_cf3_phenyl>,FC(F)(F)c1cc(B(CP(c2ccccc2)C2CCCCC2)c2ccccc2)cc(C(F)(F)F)c1
P,phenyl,cyclohexyl,C2,phenyl,bis_cf3_phenyl,<LB_P><LB1_phenyl><LB2_cyclohexyl><LINKER_C2><LA1_phenyl><LA2_bis_cf3_phenyl>,FC(F)(F)c1cc(B(CCP(c2ccccc2)C2CCCCC2)c2ccccc2)cc(C(F)(F)F)c1
P,phenyl,cyclohexyl,C3,phenyl,bis_cf3_phenyl,<LB_P><LB1_phenyl><LB2_cyclohexyl><LINKER_C3><LA1_phenyl><LA2_bis_cf3_phenyl>,FC(F)(F)c1cc(B(CCCP(c2ccccc2)C2CCCCC2)c2ccccc2)cc(C(F)(F)F)c1
P,phenyl,cyclohexyl,C4,phenyl,bis_cf3_phenyl,<LB_P><LB1_phenyl><LB2_cyclohexyl><LINKER_C4><LA1_phenyl><LA2_bis_cf3_phenyl>,FC(F)(F)c1cc(B(CCCCP(c2ccccc2)C2CCCCC2)c2ccccc2)cc(C(F)(F)F)c1
P,phenyl,cyclohexyl,C5,phenyl,bis_cf3_phenyl,<LB_P><LB1_phenyl><LB2_cyclohexyl><LINKER_C5><LA1_phenyl><LA2_bis_cf3_phenyl>,FC(F)(F)c1cc(B(CCCCCP(c2ccccc2)C2CCCCC2)c2ccccc2)cc(C(F)(F)F)c1
P,phenyl,cyclohexyl,C6,phenyl,bis_cf3_phenyl,<LB_P><LB1_phenyl><LB2_cyclohexyl><LINKER_C6><LA1_phenyl><LA2_bis_cf3_phenyl>,FC(F)(F)c1cc(B(CCCCCCP(c2ccccc2)C2CCCCC2)c2ccccc2)cc(C(F)(F)F)c1
P,phenyl,cyclohexyl,C1,p_tolyl,p_tolyl,<LB_P><LB1_phenyl><LB2_cyclohexyl><LINKER_C1><LA1_p_tolyl><LA2_p_tolyl>,Cc1ccc(B(CP(c2ccccc2)C2CCCCC2)c2ccc(C)cc2)cc1
P,phenyl,cyclohexyl,C2,p_tolyl,p_tolyl,<LB_P><LB1_phenyl><LB2_cyclohexyl><LINKER_C2><LA1_p_tolyl><LA2_p_tolyl>,Cc1ccc(B(CCP(c2ccccc2)C2CCCCC2)c2ccc(C)cc2)cc1
P,phenyl,cyclohexyl,C3,p_tolyl,p_tolyl,<LB_P><LB1_phenyl><LB2_cyclohexyl><LINKER_C3><LA1_p_tolyl><LA2_p_tolyl>,Cc1ccc(B(CCCP(c2ccccc2)C2CCCCC2)c2ccc(C)cc2)cc1
P,phenyl,cyclohexyl,C4,p_tolyl,p_tolyl,<LB_P><LB1_phenyl><LB2_cyclohexyl><LINKER_C4><LA1_p_tolyl><LA2_p_tolyl>,Cc1ccc(B(CCCCP(c2ccccc2)C2CCCCC2)c2ccc(C)cc2)cc1
P,phenyl,cyclohexyl,C5,p_tolyl,p_tolyl,<LB_P><LB1_phenyl><LB2_cyclohexyl><LINKER_C5><LA1_p_tolyl><LA2_p_tolyl>,Cc1ccc(B(CCCCCP(c2ccccc2)C2CCCCC2)c2ccc(C)cc2)cc1
P,phenyl,cyclohexyl,C6,p_tolyl,p_tolyl,<LB_P><LB1_phenyl><LB2_cyclohexyl><LINKER_C6><LA1_p_tolyl><LA2_p_tolyl>,Cc1ccc(B(CCCCCCP(c2ccccc2)C2CCCCC2)c2ccc(C)cc2)cc1
P,phenyl,cyclohexyl,C1,p_tolyl,mesityl,<LB_P><LB1_phenyl><LB2_cyclohexyl><LINKER_C1><LA1_p_tolyl><LA2_mesityl>,Cc1ccc(B(CP(c2ccccc2)C2CCCCC2)c2c(C)cc(C)cc2C)cc1
P,phenyl,cyclohexyl,C2,p_tolyl,mesityl,<LB_P><LB1_phenyl><LB2_cyclohexyl><LINKER_C2><LA1_p_tolyl><LA2_mesityl>,Cc1ccc(B(CCP(c2ccccc2)C2CCCCC2)c2c(C)cc(C)cc2C)cc1
P,phenyl,cyclohexyl,C3,p_tolyl,mesityl,<LB_P><LB1_phenyl><LB2_cyclohexyl><LINKER_C3><LA1_p_tolyl><LA2_mesityl>,Cc1ccc(B(CCCP(c2ccccc2)C2CCCCC2)c2c(C)cc(C)cc2C)cc1
P,phenyl,cyclohexyl,C4,p_tolyl,mesityl,<LB_P><LB1_phenyl><LB2_cyclohexyl><LINKER_C4><LA1_p_tolyl><LA2_mesityl>,Cc1ccc(B(CCCCP(c2ccccc2)C2CCCCC2)c2c(C)cc(C)cc2C)cc1
P,phenyl,cyclohexyl,C5,p_tolyl,mesityl,<LB_P><LB1_phenyl><LB2_cyclohexyl><LINKER_C5><LA1_p_tolyl><LA2_mesityl>,Cc1ccc(B(CCCCCP(c2ccccc2)C2CCCCC2)c2c(C)cc(C)cc2C)cc1
P,phenyl,cyclohexyl,C6,p_tolyl,mesityl,<LB_P><LB1_phenyl><LB2_cyclohexyl><LINKER_C6><LA1_p_tolyl><LA2_mesityl>,Cc1ccc(B(CCCCCCP(c2ccccc2)C2CCCCC2)c2c(C)cc(C)cc2C)cc1
P,phenyl,cyclohexyl,C1,p_tolyl,pentafluorophenyl,<LB_P><LB1_phenyl><LB2_cyclohexyl><LINKER_C1><LA1_p_tolyl><LA2_pentafluorophenyl>,Cc1ccc(B(CP(c2ccccc2)C2CCCCC2)c2c(F)c(F)c(F)c(F)c2F)cc1
P,phenyl,cyclohexyl,C2,p_tolyl,pentafluorophenyl,<LB_P><LB1_phenyl><LB2_cyclohexyl><LINKER_C2><LA1_p_tolyl><LA2_pentafluorophenyl>,Cc1ccc(B(CCP(c2ccccc2)C2CCCCC2)c2c(F)c(F)c(F)c(F)c2F)cc1
P,phenyl,cyclohexyl,C3,p_tolyl,pentafluorophenyl,<LB_P><LB1_phenyl><LB2_cyclohexyl><LINKER_C3><LA1_p_tolyl><LA2_pentafluorophenyl>,Cc1ccc(B(CCCP(c2ccccc2)C2CCCCC2)c2c(F)c(F)c(F)c(F)c2F)cc1
P,phenyl,cyclohexyl,C4,p_tolyl,pentafluorophenyl,<LB_P><LB1_phenyl><LB2_cyclohexyl><LINKER_C4><LA1_p_tolyl><LA2_pentafluorophenyl>,Cc1ccc(B(CCCCP(c2ccccc2)C2CCCCC2)c2c(F)c(F)c(F)c(F)c2F)cc1
P,phenyl,cyclohexyl,C5,p_tolyl,pentafluorophenyl,<LB_P><LB1_phenyl><LB2_cyclohexyl><LINKER_C5><LA1_p_tolyl><LA2_pentafluorophenyl>,Cc1ccc(B(CCCCCP(c2ccccc2)C2CCCCC2)c2c(F)c(F)c(F)c(F)c2F)cc1
P,phenyl,cyclohexyl,C6,p_tolyl,pentafluorophenyl,<LB_P><LB1_phenyl><LB2_cyclohexyl><LINKER_C6><LA1_p_tolyl><LA2_pentafluorophenyl>,Cc1ccc(B(CCCCCCP(c2ccccc2)C2CCCCC2)c2c(F)c(F)c(F)c(F)c2F)cc1
P,phenyl,cyclohexyl,C1,p_tolyl,pentachlorophenyl,<LB_P><LB1_phenyl><LB2_cyclohexyl><LINKER_C1><LA1_p_tolyl><LA2_pentachlorophenyl>,Cc1ccc(B(CP(c2ccccc2)C2CCCCC2)c2c(Cl)c(Cl)c(Cl)c(Cl)c2Cl)cc1
P,phenyl,cyclohexyl,C2,p_tolyl,pentachlorophenyl,<LB_P><LB1_phenyl><LB2_cyclohexyl><LINKER_C2><LA1_p_tolyl><LA2_pentachlorophenyl>,Cc1ccc(B(CCP(c2ccccc2)C2CCCCC2)c2c(Cl)c(Cl)c(Cl)c(Cl)c2Cl)cc1
P,phenyl,cyclohexyl,C3,p_tolyl,pentachlorophenyl,<LB_P><LB1_phenyl><LB2_cyclohexyl><LINKER_C3><LA1_p_tolyl><LA2_pentachlorophenyl>,Cc1ccc(B(CCCP(c2ccccc2)C2CCCCC2)c2c(Cl)c(Cl)c(Cl)c(Cl)c2Cl)cc1
P,phenyl,cyclohexyl,C4,p_tolyl,pentachlorophenyl,<LB_P><LB1_phenyl><LB2_cyclohexyl><LINKER_C4><LA1_p_tolyl><LA2_pentachlorophenyl>,Cc1ccc(B(CCCCP(c2ccccc2)C2CCCCC2)c2c(Cl)c(Cl)c(Cl)c(Cl)c2Cl)cc1
P,phenyl,cyclohexyl,C5,p_tolyl,pentachlorophenyl,<LB_P><LB1_phenyl><LB2_cyclohexyl><LINKER_C5><LA1_p_tolyl><LA2_pentachlorophenyl>,Cc1ccc(B(CCCCCP(c2ccccc2)C2CCCCC2)c2c(Cl)c(Cl)c(Cl)c(Cl)c2Cl)cc1
P,phenyl,cyclohexyl,C6,p_tolyl,pentachlorophenyl,<LB_P><LB1_phenyl><LB2_cyclohexyl><LINKER_C6><LA1_p_tolyl><LA2_pentachlorophenyl>,Cc1ccc(B(CCCCCCP(c2ccccc2)C2CCCCC2)c2c(Cl)c(Cl)c(Cl)c(Cl)c2Cl)cc1
P,phenyl,cyclohexyl,C1,p_tolyl,bis_cf3_phenyl,<LB_P><LB1_phenyl><LB2_cyclohexyl><LINKER_C1><LA1_p_tolyl><LA2_bis_cf3_phenyl>,Cc1ccc(B(CP(c2ccccc2)C2CCCCC2)c2cc(C(F)(F)F)cc(C(F)(F)F)c2)cc1
P,phenyl,cyclohexyl,C2,p_tolyl,bis_cf3_phenyl,<LB_P><LB1_phenyl><LB2_cyclohexyl><LINKER_C2><LA1_p_tolyl><LA2_bis_cf3_phenyl>,Cc1ccc(B(CCP(c2ccccc2)C2CCCCC2)c2cc(C(F)(F)F)cc(C(F)(F)F)c2)cc1
P,phenyl,cyclohexyl,C3,p_tolyl,bis_cf3_phenyl,<LB_P><LB1_phenyl><LB2_cyclohexyl><LINKER_C3><LA1_p_tolyl><LA2_bis_cf3_phenyl>,Cc1ccc(B(CCCP(c2ccccc2)C2CCCCC2)c2cc(C(F)(F)F)cc(C(F)(F)F)c2)cc1
P,phenyl,cyclohexyl,C4,p_tolyl,bis_cf3_phenyl,<LB_P><LB1_phenyl><LB2_cyclohexyl><LINKER_C4><LA1_p_tolyl><LA2_bis_cf3_phenyl>,Cc1ccc(B(CCCCP(c2ccccc2)C2CCCCC2)c2cc(C(F)(F)F)cc(C(F)(F)F)c2)cc1
P,phenyl,cyclohexyl,C5,p_tolyl,bis_cf3_phenyl,<LB_P><LB1_phenyl><LB2_cyclohexyl><LINKER_C5><LA1_p_tolyl><LA2_bis_cf3_phenyl>,Cc1ccc(B(CCCCCP(c2ccccc2)C2CCCCC2)c2cc(C(F)(F)F)cc(C(F)(F)F)c2)cc1
P,phenyl,cyclohexyl,C6,p_tolyl,bis_cf3_phenyl,<LB_P><LB1_phenyl><LB2_cyclohexyl><LINKER_C6><LA1_p_tolyl><LA2_bis_cf3_phenyl>,Cc1ccc(B(CCCCCCP(c2ccccc2)C2CCCCC2)c2cc(C(F)(F)F)cc(C(F)(F)F)c2)cc1
P,phenyl,cyclohexyl,C1,mesityl,mesityl,<LB_P><LB1_phenyl><LB2_cyclohexyl><LINKER_C1><LA1_mesityl><LA2_mesityl>,Cc1cc(C)c(B(CP(c2ccccc2)C2CCCCC2)c2c(C)cc(C)cc2C)c(C)c1
P,phenyl,cyclohexyl,C2,mesityl,mesityl,<LB_P><LB1_phenyl><LB2_cyclohexyl><LINKER_C2><LA1_mesityl><LA2_mesityl>,Cc1cc(C)c(B(CCP(c2ccccc2)C2CCCCC2)c2c(C)cc(C)cc2C)c(C)c1
P,phenyl,cyclohexyl,C3,mesityl,mesityl,<LB_P><LB1_phenyl><LB2_cyclohexyl><LINKER_C3><LA1_mesityl><LA2_mesityl>,Cc1cc(C)c(B(CCCP(c2ccccc2)C2CCCCC2)c2c(C)cc(C)cc2C)c(C)c1
P,phenyl,cyclohexyl,C4,mesityl,mesityl,<LB_P><LB1_phenyl><LB2_cyclohexyl><LINKER_C4><LA1_mesityl><LA2_mesityl>,Cc1cc(C)c(B(CCCCP(c2ccccc2)C2CCCCC2)c2c(C)cc(C)cc2C)c(C)c1
P,phenyl,cyclohexyl,C5,mesityl,mesityl,<LB_P><LB1_phenyl><LB2_cyclohexyl><LINKER_C5><LA1_mesityl><LA2_mesityl>,Cc1cc(C)c(B(CCCCCP(c2ccccc2)C2CCCCC2)c2c(C)cc(C)cc2C)c(C)c1
P,phenyl,cyclohexyl,C6,mesityl,mesityl,<LB_P><LB1_phenyl><LB2_cyclohexyl><LINKER_C6><LA1_mesityl><LA2_mesityl>,Cc1cc(C)c(B(CCCCCCP(c2ccccc2)C2CCCCC2)c2c(C)cc(C)cc2C)c(C)c1
P,phenyl,cyclohexyl,C1,mesityl,pentafluorophenyl,<LB_P><LB1_phenyl><LB2_cyclohexyl><LINKER_C1><LA1_mesityl><LA2_pentafluorophenyl>,Cc1cc(C)c(B(CP(c2ccccc2)C2CCCCC2)c2c(F)c(F)c(F)c(F)c2F)c(C)c1
P,phenyl,cyclohexyl,C2,mesityl,pentafluorophenyl,<LB_P><LB1_phenyl><LB2_cyclohexyl><LINKER_C2><LA1_mesityl><LA2_pentafluorophenyl>,Cc1cc(C)c(B(CCP(c2ccccc2)C2CCCCC2)c2c(F)c(F)c(F)c(F)c2F)c(C)c1
P,phenyl,cyclohexyl,C3,mesityl,pentafluorophenyl,<LB_P><LB1_phenyl><LB2_cyclohexyl><LINKER_C3><LA1_mesityl><LA2_pentafluorophenyl>,Cc1cc(C)c(B(CCCP(c2ccccc2)C2CCCCC2)c2c(F)c(F)c(F)c(F)c2F)c(C)c1
P,phenyl,cyclohexyl,C4,mesityl,pentafluorophenyl,<LB_P><LB1_phenyl><LB2_cyclohexyl><LINKER_C4><LA1_mesityl><LA2_pentafluorophenyl>,Cc1cc(C)c(B(CCCCP(c2ccccc2)C2CCCCC2)c2c(F)c(F)c(F)c(F)c2F)c(C)c1
P,phenyl,cyclohexyl,C5,mesityl,pentafluorophenyl,<LB_P><LB1_phenyl><LB2_cyclohexyl><LINKER_C5><LA1_mesityl><LA2_pentafluorophenyl>,Cc1cc(C)c(B(CCCCCP(c2ccccc2)C2CCCCC2)c2c(F)c(F)c(F)c(F)c2F)c(C)c1
P,phenyl,cyclohexyl,C6,mesityl,pentafluorophenyl,<LB_P><LB1_phenyl><LB2_cyclohexyl><LINKER_C6><LA1_mesityl><LA2_pentafluorophenyl>,Cc1cc(C)c(B(CCCCCCP(c2ccccc2)C2CCCCC2)c2c(F)c(F)c(F)c(F)c2F)c(C)c1
P,phenyl,cyclohexyl,C1,mesityl,pentachlorophenyl,<LB_P><LB1_phenyl><LB2_cyclohexyl><LINKER_C1><LA1_mesityl><LA2_pentachlorophenyl>,Cc1cc(C)c(B(CP(c2ccccc2)C2CCCCC2)c2c(Cl)c(Cl)c(Cl)c(Cl)c2Cl)c(C)c1
P,phenyl,cyclohexyl,C2,mesityl,pentachlorophenyl,<LB_P><LB1_phenyl><LB2_cyclohexyl><LINKER_C2><LA1_mesityl><LA2_pentachlorophenyl>,Cc1cc(C)c(B(CCP(c2ccccc2)C2CCCCC2)c2c(Cl)c(Cl)c(Cl)c(Cl)c2Cl)c(C)c1
P,phenyl,cyclohexyl,C3,mesityl,pentachlorophenyl,<LB_P><LB1_phenyl><LB2_cyclohexyl><LINKER_C3><LA1_mesityl><LA2_pentachlorophenyl>,Cc1cc(C)c(B(CCCP(c2ccccc2)C2CCCCC2)c2c(Cl)c(Cl)c(Cl)c(Cl)c2Cl)c(C)c1
P,phenyl,cyclohexyl,C4,mesityl,pentachlorophenyl,<LB_P><LB1_phenyl><LB2_cyclohexyl><LINKER_C4><LA1_mesityl><LA2_pentachlorophenyl>,Cc1cc(C)c(B(CCCCP(c2ccccc2)C2CCCCC2)c2c(Cl)c(Cl)c(Cl)c(Cl)c2Cl)c(C)c1
P,phenyl,cyclohexyl,C5,mesityl,pentachlorophenyl,<LB_P><LB1_phenyl><LB2_cyclohexyl><LINKER_C5><LA1_mesityl><LA2_pentachlorophenyl>,Cc1cc(C)c(B(CCCCCP(c2ccccc2)C2CCCCC2)c2c(Cl)c(Cl)c(Cl)c(Cl)c2Cl)c(C)c1
P,phenyl,cyclohexyl,C6,mesityl,pentachlorophenyl,<LB_P><LB1_phenyl><LB2_cyclohexyl><LINKER_C6><LA1_mesityl><LA2_pentachlorophenyl>,Cc1cc(C)c(B(CCCCCCP(c2ccccc2)C2CCCCC2)c2c(Cl)c(Cl)c(Cl)c(Cl)c2Cl)c(C)c1
P,phenyl,cyclohexyl,C1,mesityl,bis_cf3_phenyl,<LB_P><LB1_phenyl><LB2_cyclohexyl><LINKER_C1><LA1_mesityl><LA2_bis_cf3_phenyl>,Cc1cc(C)c(B(CP(c2ccccc2)C2CCCCC2)c2cc(C(F)(F)F)cc(C(F)(F)F)c2)c(C)c1
P,phenyl,cyclohexyl,C2,mesityl,bis_cf3_phenyl,<LB_P><LB1_phenyl><LB2_cyclohexyl><LINKER_C2><LA1_mesityl><LA2_bis_cf3_phenyl>,Cc1cc(C)c(B(CCP(c2ccccc2)C2CCCCC2)c2cc(C(F)(F)F)cc(C(F)(F)F)c2)c(C)c1
P,phenyl,cyclohexyl,C3,mesityl,bis_cf3_phenyl,<LB_P><LB1_phenyl><LB2_cyclohexyl><LINKER_C3><LA1_mesityl><LA2_bis_cf3_phenyl>,Cc1cc(C)c(B(CCCP(c2ccccc2)C2CCCCC2)c2cc(C(F)(F)F)cc(C(F)(F)F)c2)c(C)c1
P,phenyl,cyclohexyl,C4,mesityl,bis_cf3_phenyl,<LB_P><LB1_phenyl><LB2_cyclohexyl><LINKER_C4><LA1_mesityl><LA2_bis_cf3_phenyl>,Cc1cc(C)c(B(CCCCP(c2ccccc2)C2CCCCC2)c2cc(C(F)(F)F)cc(C(F)(F)F)c2)c(C)c1
P,phenyl,cyclohexyl,C5,mesityl,bis_cf3_phenyl,<LB_P><LB1_phenyl><LB2_cyclohexyl><LINKER_C5><LA1_mesityl><LA2_bis_cf3_phenyl>,Cc1cc(C)c(B(CCCCCP(c2ccccc2)C2CCCCC2)c2cc(C(F)(F)F)cc(C(F)(F)F)c2)c(C)c1
P,phenyl,cyclohexyl,C6,mesityl,bis_cf3_phenyl,<LB_P><LB1_phenyl><LB2_cyclohexyl><LINKER_C6><LA1_mesityl><LA2_bis_cf3_phenyl>,Cc1cc(C)c(B(CCCCCCP(c2ccccc2)C2CCCCC2)c2cc(C(F)(F)F)cc(C(F)(F)F)c2)c(C)c1
P,phenyl,cyclohexyl,C1,pentafluorophenyl,pentafluorophenyl,<LB_P><LB1_phenyl><LB2_cyclohexyl><LINKER_C1><LA1_pentafluorophenyl><LA2_pentafluorophenyl>,Fc1c(F)c(F)c(B(CP(c2ccccc2)C2CCCCC2)c2c(F)c(F)c(F)c(F)c2F)c(F)c1F
P,phenyl,cyclohexyl,C2,pentafluorophenyl,pentafluorophenyl,<LB_P><LB1_phenyl><LB2_cyclohexyl><LINKER_C2><LA1_pentafluorophenyl><LA2_pentafluorophenyl>,Fc1c(F)c(F)c(B(CCP(c2ccccc2)C2CCCCC2)c2c(F)c(F)c(F)c(F)c2F)c(F)c1F
P,phenyl,cyclohexyl,C3,pentafluorophenyl,pentafluorophenyl,<LB_P><LB1_phenyl><LB2_cyclohexyl><LINKER_C3><LA1_pentafluorophenyl><LA2_pentafluorophenyl>,Fc1c(F)c(F)c(B(CCCP(c2ccccc2)C2CCCCC2)c2c(F)c(F)c(F)c(F)c2F)c(F)c1F
P,phenyl,cyclohexyl,C4,pentafluorophenyl,pentafluorophenyl,<LB_P><LB1_phenyl><LB2_cyclohexyl><LINKER_C4><LA1_pentafluorophenyl><LA2_pentafluorophenyl>,Fc1c(F)c(F)c(B(CCCCP(c2ccccc2)C2CCCCC2)c2c(F)c(F)c(F)c(F)c2F)c(F)c1F
P,phenyl,cyclohexyl,C5,pentafluorophenyl,pentafluorophenyl,<LB_P><LB1_phenyl><LB2_cyclohexyl><LINKER_C5><LA1_pentafluorophenyl><LA2_pentafluorophenyl>,Fc1c(F)c(F)c(B(CCCCCP(c2ccccc2)C2CCCCC2)c2c(F)c(F)c(F)c(F)c2F)c(F)c1F
P,phenyl,cyclohexyl,C6,pentafluorophenyl,pentafluorophenyl,<LB_P><LB1_phenyl><LB2_cyclohexyl><LINKER_C6><LA1_pentafluorophenyl><LA2_pentafluorophenyl>,Fc1c(F)c(F)c(B(CCCCCCP(c2ccccc2)C2CCCCC2)c2c(F)c(F)c(F)c(F)c2F)c(F)c1F
P,phenyl,cyclohexyl,C1,pentafluorophenyl,pentachlorophenyl,<LB_P><LB1_phenyl><LB2_cyclohexyl><LINKER_C1><LA1_pentafluorophenyl><LA2_pentachlorophenyl>,Fc1c(F)c(F)c(B(CP(c2ccccc2)C2CCCCC2)c2c(Cl)c(Cl)c(Cl)c(Cl)c2Cl)c(F)c1F
P,phenyl,cyclohexyl,C2,pentafluorophenyl,pentachlorophenyl,<LB_P><LB1_phenyl><LB2_cyclohexyl><LINKER_C2><LA1_pentafluorophenyl><LA2_pentachlorophenyl>,Fc1c(F)c(F)c(B(CCP(c2ccccc2)C2CCCCC2)c2c(Cl)c(Cl)c(Cl)c(Cl)c2Cl)c(F)c1F
P,phenyl,cyclohexyl,C3,pentafluorophenyl,pentachlorophenyl,<LB_P><LB1_phenyl><LB2_cyclohexyl><LINKER_C3><LA1_pentafluorophenyl><LA2_pentachlorophenyl>,Fc1c(F)c(F)c(B(CCCP(c2ccccc2)C2CCCCC2)c2c(Cl)c(Cl)c(Cl)c(Cl)c2Cl)c(F)c1F
P,phenyl,cyclohexyl,C4,pentafluorophenyl,pentachlorophenyl,<LB_P><LB1_phenyl><LB2_cyclohexyl><LINKER_C4><LA1_pentafluorophenyl><LA2_pentachlorophenyl>,Fc1c(F)c(F)c(B(CCCCP(c2ccccc2)C2CCCCC2)c2c(Cl)c(Cl)c(Cl)c(Cl)c2Cl)c(F)c1F
P,phenyl,cyclohexyl,C5,pentafluorophenyl,pentachlorophenyl,<LB_P><LB1_phenyl><LB2_cyclohexyl><LINKER_C5><LA1_pentafluorophenyl><LA2_pentachlorophenyl>,Fc1c(F)c(F)c(B(CCCCCP(c2ccccc2)C2CCCCC2)c2c(Cl)c(Cl)c(Cl)c(Cl)c2Cl)c(F)c1F
P,phenyl,cyclohexyl,C6,pentafluorophenyl,pentachlorophenyl,<LB_P><LB1_phenyl><LB2_cyclohexyl><LINKER_C6><LA1_pentafluorophenyl><LA2_pentachlorophenyl>,Fc1c(F)c(F)c(B(CCCCCCP(c2ccccc2)C2CCCCC2)c2c(Cl)c(Cl)c(Cl)c(Cl)c2Cl)c(F)c1F
P,phenyl,cyclohexyl,C1,pentafluorophenyl,bis_cf3_phenyl,<LB_P><LB1_phenyl><LB2_cyclohexyl><LINKER_C1><LA1_pentafluorophenyl><LA2_bis_cf3_phenyl>,Fc1c(F)c(F)c(B(CP(c2ccccc2)C2CCCCC2)c2cc(C(F)(F)F)cc(C(F)(F)F)c2)c(F)c1F
P,phenyl,cyclohexyl,C2,pentafluorophenyl,bis_cf3_phenyl,<LB_P><LB1_phenyl><LB2_cyclohexyl><LINKER_C2><LA1_pentafluorophenyl><LA2_bis_cf3_phenyl>,Fc1c(F)c(F)c(B(CCP(c2ccccc2)C2CCCCC2)c2cc(C(F)(F)F)cc(C(F)(F)F)c2)c(F)c1F
P,phenyl,cyclohexyl,C3,pentafluorophenyl,bis_cf3_phenyl,<LB_P><LB1_phenyl><LB2_cyclohexyl><LINKER_C3><LA1_pentafluorophenyl><LA2_bis_cf3_phenyl>,Fc1c(F)c(F)c(B(CCCP(c2ccccc2)C2CCCCC2)c2cc(C(F)(F)F)cc(C(F)(F)F)c2)c(F)c1F
P,phenyl,cyclohexyl,C4,pentafluorophenyl,bis_cf3_phenyl,<LB_P><LB1_phenyl><LB2_cyclohexyl><LINKER_C4><LA1_pentafluorophenyl><LA2_bis_cf3_phenyl>,Fc1c(F)c(F)c(B(CCCCP(c2ccccc2)C2CCCCC2)c2cc(C(F)(F)F)cc(C(F)(F)F)c2)c(F)c1F
P,phenyl,cyclohexyl,C5,pentafluorophenyl,bis_cf3_phenyl,<LB_P><LB1_phenyl><LB2_cyclohexyl><LINKER_C5><LA1_pentafluorophenyl><LA2_bis_cf3_phenyl>,Fc1c(F)c(F)c(B(CCCCCP(c2ccccc2)C2CCCCC2)c2cc(C(F)(F)F)cc(C(F)(F)F)c2)c(F)c1F
P,phenyl,cyclohexyl,C6,pentafluorophenyl,bis_cf3_phenyl,<LB_P><LB1_phenyl><LB2_cyclohexyl><LINKER_C6><LA1_pentafluorophenyl><LA2_bis_cf3_phenyl>,Fc1c(F)c(F)c(B(CCCCCCP(c2ccccc2)C2CCCCC2)c2cc(C(F)(F)F)cc(C(F)(F)F)c2)c(F)c1F
P,phenyl,cyclohexyl,C1,pentachlorophenyl,pentachlorophenyl,<LB_P><LB1_phenyl><LB2_cyclohexyl><LINKER_C1><LA1_pentachlorophenyl><LA2_pentachlorophenyl>,Clc1c(Cl)c(Cl)c(B(CP(c2ccccc2)C2CCCCC2)c2c(Cl)c(Cl)c(Cl)c(Cl)c2Cl)c(Cl)c1Cl
P,phenyl,cyclohexyl,C2,pentachlorophenyl,pentachlorophenyl,<LB_P><LB1_phenyl><LB2_cyclohexyl><LINKER_C2><LA1_pentachlorophenyl><LA2_pentachlorophenyl>,Clc1c(Cl)c(Cl)c(B(CCP(c2ccccc2)C2CCCCC2)c2c(Cl)c(Cl)c(Cl)c(Cl)c2Cl)c(Cl)c1Cl
P,phenyl,cyclohexyl,C3,pentachlorophenyl,pentachlorophenyl,<LB_P><LB1_phenyl><LB2_cyclohexyl><LINKER_C3><LA1_pentachlorophenyl><LA2_pentachlorophenyl>,Clc1c(Cl)c(Cl)c(B(CCCP(c2ccccc2)C2CCCCC2)c2c(Cl)c(Cl)c(Cl)c(Cl)c2Cl)c(Cl)c1Cl
P,phenyl,cyclohexyl,C4,pentachlorophenyl,pentachlorophenyl,<LB_P><LB1_phenyl><LB2_cyclohexyl><LINKER_C4><LA1_pentachlorophenyl><LA2_pentachlorophenyl>,Clc1c(Cl)c(Cl)c(B(CCCCP(c2ccccc2)C2CCCCC2)c2c(Cl)c(Cl)c(Cl)c(Cl)c2Cl)c(Cl)c1Cl
P,phenyl,cyclohexyl,C5,pentachlorophenyl,pentachlorophenyl,<LB_P><LB1_phenyl><LB2_cyclohexyl><LINKER_C5><LA1_pentachlorophenyl><LA2_pentachlorophenyl>,Clc1c(Cl)c(Cl)c(B(CCCCCP(c2ccccc2)C2CCCCC2)c2c(Cl)c(Cl)c(Cl)c(Cl)c2Cl)c(Cl)c1Cl
P,phenyl,cyclohexyl,C6,pentachlorophenyl,pentachlorophenyl,<LB_P><LB1_phenyl><LB2_cyclohexyl><LINKER_C6><LA1_pentachlorophenyl><LA2_pentachlorophenyl>,Clc1c(Cl)c(Cl)c(B(CCCCCCP(c2ccccc2)C2CCCCC2)c2c(Cl)c(Cl)c(Cl)c(Cl)c2Cl)c(Cl)c1Cl
P,phenyl,cyclohexyl,C1,pentachlorophenyl,bis_cf3_phenyl,<LB_P><LB1_phenyl><LB2_cyclohexyl><LINKER_C1><LA1_pentachlorophenyl><LA2_bis_cf3_phenyl>,FC(F)(F)c1cc(B(CP(c2ccccc2)C2CCCCC2)c2c(Cl)c(Cl)c(Cl)c(Cl)c2Cl)cc(C(F)(F)F)c1
P,phenyl,cyclohexyl,C2,pentachlorophenyl,bis_cf3_phenyl,<LB_P><LB1_phenyl><LB2_cyclohexyl><LINKER_C2><LA1_pentachlorophenyl><LA2_bis_cf3_phenyl>,FC(F)(F)c1cc(B(CCP(c2ccccc2)C2CCCCC2)c2c(Cl)c(Cl)c(Cl)c(Cl)c2Cl)cc(C(F)(F)F)c1
P,phenyl,cyclohexyl,C3,pentachlorophenyl,bis_cf3_phenyl,<LB_P><LB1_phenyl><LB2_cyclohexyl><LINKER_C3><LA1_pentachlorophenyl><LA2_bis_cf3_phenyl>,FC(F)(F)c1cc(B(CCCP(c2ccccc2)C2CCCCC2)c2c(Cl)c(Cl)c(Cl)c(Cl)c2Cl)cc(C(F)(F)F)c1
P,phenyl,cyclohexyl,C4,pentachlorophenyl,bis_cf3_phenyl,<LB_P><LB1_phenyl><LB2_cyclohexyl><LINKER_C4><LA1_pentachlorophenyl><LA2_bis_cf3_phenyl>,FC(F)(F)c1cc(B(CCCCP(c2ccccc2)C2CCCCC2)c2c(Cl)c(Cl)c(Cl)c(Cl)c2Cl)cc(C(F)(F)F)c1
P,phenyl,cyclohexyl,C5,pentachlorophenyl,bis_cf3_phenyl,<LB_P><LB1_phenyl><LB2_cyclohexyl><LINKER_C5><LA1_pentachlorophenyl><LA2_bis_cf3_phenyl>,FC(F)(F)c1cc(B(CCCCCP(c2ccccc2)C2CCCCC2)c2c(Cl)c(Cl)c(Cl)c(Cl)c2Cl)cc(C(F)(F)F)c1
P,phenyl,cyclohexyl,C6,pentachlorophenyl,bis_cf3_phenyl,<LB_P><LB1_phenyl><LB2_cyclohexyl><LINKER_C6><LA1_pentachlorophenyl><LA2_bis_cf3_phenyl>,FC(F)(F)c1cc(B(CCCCCCP(c2ccccc2)C2CCCCC2)c2c(Cl)c(Cl)c(Cl)c(Cl)c2Cl)cc(C(F)(F)F)c1
P,phenyl,cyclohexyl,C1,bis_cf3_phenyl,bis_cf3_phenyl,<LB_P><LB1_phenyl><LB2_cyclohexyl><LINKER_C1><LA1_bis_cf3_phenyl><LA2_bis_cf3_phenyl>,FC(F)(F)c1cc(B(CP(c2ccccc2)C2CCCCC2)c2cc(C(F)(F)F)cc(C(F)(F)F)c2)cc(C(F)(F)F)c1
P,phenyl,cyclohexyl,C2,bis_cf3_phenyl,bis_cf3_phenyl,<LB_P><LB1_phenyl><LB2_cyclohexyl><LINKER_C2><LA1_bis_cf3_phenyl><LA2_bis_cf3_phenyl>,FC(F)(F)c1cc(B(CCP(c2ccccc2)C2CCCCC2)c2cc(C(F)(F)F)cc(C(F)(F)F)c2)cc(C(F)(F)F)c1
P,phenyl,cyclohexyl,C3,bis_cf3_phenyl,bis_cf3_phenyl,<LB_P><LB1_phenyl><LB2_cyclohexyl><LINKER_C3><LA1_bis_cf3_phenyl><LA2_bis_cf3_phenyl>,FC(F)(F)c1cc(B(CCCP(c2ccccc2)C2CCCCC2)c2cc(C(F)(F)F)cc(C(F)(F)F)c2)cc(C(F)(F)F)c1
P,phenyl,cyclohexyl,C4,bis_cf3_phenyl,bis_cf3_phenyl,<LB_P><LB1_phenyl><LB2_cyclohexyl><LINKER_C4><LA1_bis_cf3_phenyl><LA2_bis_cf3_phenyl>,FC(F)(F)c1cc(B(CCCCP(c2ccccc2)C2CCCCC2)c2cc(C(F)(F)F)cc(C(F)(F)F)c2)cc(C(F)(F)F)c1
P,phenyl,cyclohexyl,C5,bis_cf3_phenyl,bis_cf3_phenyl,<LB_P><LB1_phenyl><LB2_cyclohexyl><LINKER_C5><LA1_bis_cf3_phenyl><LA2_bis_cf3_phenyl>,FC(F)(F)c1cc(B(CCCCCP(c2ccccc2)C2CCCCC2)c2cc(C(F)(F)F)cc(C(F)(F)F)c2)cc(C(F)(F)F)c1
P,phenyl,cyclohexyl,C6,bis_cf3_phenyl,bis_cf3_phenyl,<LB_P><LB1_phenyl><LB2_cyclohexyl><LINKER_C6><LA1_bis_cf3_phenyl><LA2_bis_cf3_phenyl>,FC(F)(F)c1cc(B(CCCCCCP(c2ccccc2)C2CCCCC2)c2cc(C(F)(F)F)cc(C(F)(F)F)c2)cc(C(F)(F)F)c1
P,phenyl,isopropyl,C1,phenyl,phenyl,<LB_P><LB1_phenyl><LB2_isopropyl><LINKER_C1><LA1_phenyl><LA2_phenyl>,CC(C)P(CB(c1ccccc1)c1ccccc1)c1ccccc1
P,phenyl,isopropyl,C2,phenyl,phenyl,<LB_P><LB1_phenyl><LB2_isopropyl><LINKER_C2><LA1_phenyl><LA2_phenyl>,CC(C)P(CCB(c1ccccc1)c1ccccc1)c1ccccc1
P,phenyl,isopropyl,C3,phenyl,phenyl,<LB_P><LB1_phenyl><LB2_isopropyl><LINKER_C3><LA1_phenyl><LA2_phenyl>,CC(C)P(CCCB(c1ccccc1)c1ccccc1)c1ccccc1
P,phenyl,isopropyl,C4,phenyl,phenyl,<LB_P><LB1_phenyl><LB2_isopropyl><LINKER_C4><LA1_phenyl><LA2_phenyl>,CC(C)P(CCCCB(c1ccccc1)c1ccccc1)c1ccccc1
P,phenyl,isopropyl,C5,phenyl,phenyl,<LB_P><LB1_phenyl><LB2_isopropyl><LINKER_C5><LA1_phenyl><LA2_phenyl>,CC(C)P(CCCCCB(c1ccccc1)c1ccccc1)c1ccccc1
P,phenyl,isopropyl,C6,phenyl,phenyl,<LB_P><LB1_phenyl><LB2_isopropyl><LINKER_C6><LA1_phenyl><LA2_phenyl>,CC(C)P(CCCCCCB(c1ccccc1)c1ccccc1)c1ccccc1
P,phenyl,isopropyl,C1,phenyl,p_tolyl,<LB_P><LB1_phenyl><LB2_isopropyl><LINKER_C1><LA1_phenyl><LA2_p_tolyl>,Cc1ccc(B(CP(c2ccccc2)C(C)C)c2ccccc2)cc1
P,phenyl,isopropyl,C2,phenyl,p_tolyl,<LB_P><LB1_phenyl><LB2_isopropyl><LINKER_C2><LA1_phenyl><LA2_p_tolyl>,Cc1ccc(B(CCP(c2ccccc2)C(C)C)c2ccccc2)cc1
P,phenyl,isopropyl,C3,phenyl,p_tolyl,<LB_P><LB1_phenyl><LB2_isopropyl><LINKER_C3><LA1_phenyl><LA2_p_tolyl>,Cc1ccc(B(CCCP(c2ccccc2)C(C)C)c2ccccc2)cc1
P,phenyl,isopropyl,C4,phenyl,p_tolyl,<LB_P><LB1_phenyl><LB2_isopropyl><LINKER_C4><LA1_phenyl><LA2_p_tolyl>,Cc1ccc(B(CCCCP(c2ccccc2)C(C)C)c2ccccc2)cc1
P,phenyl,isopropyl,C5,phenyl,p_tolyl,<LB_P><LB1_phenyl><LB2_isopropyl><LINKER_C5><LA1_phenyl><LA2_p_tolyl>,Cc1ccc(B(CCCCCP(c2ccccc2)C(C)C)c2ccccc2)cc1
P,phenyl,isopropyl,C6,phenyl,p_tolyl,<LB_P><LB1_phenyl><LB2_isopropyl><LINKER_C6><LA1_phenyl><LA2_p_tolyl>,Cc1ccc(B(CCCCCCP(c2ccccc2)C(C)C)c2ccccc2)cc1
P,phenyl,isopropyl,C1,phenyl,mesityl,<LB_P><LB1_phenyl><LB2_isopropyl><LINKER_C1><LA1_phenyl><LA2_mesityl>,Cc1cc(C)c(B(CP(c2ccccc2)C(C)C)c2ccccc2)c(C)c1
P,phenyl,isopropyl,C2,phenyl,mesityl,<LB_P><LB1_phenyl><LB2_isopropyl><LINKER_C2><LA1_phenyl><LA2_mesityl>,Cc1cc(C)c(B(CCP(c2ccccc2)C(C)C)c2ccccc2)c(C)c1
P,phenyl,isopropyl,C3,phenyl,mesityl,<LB_P><LB1_phenyl><LB2_isopropyl><LINKER_C3><LA1_phenyl><LA2_mesityl>,Cc1cc(C)c(B(CCCP(c2ccccc2)C(C)C)c2ccccc2)c(C)c1
P,phenyl,isopropyl,C4,phenyl,mesityl,<LB_P><LB1_phenyl><LB2_isopropyl><LINKER_C4><LA1_phenyl><LA2_mesityl>,Cc1cc(C)c(B(CCCCP(c2ccccc2)C(C)C)c2ccccc2)c(C)c1
P,phenyl,isopropyl,C5,phenyl,mesityl,<LB_P><LB1_phenyl><LB2_isopropyl><LINKER_C5><LA1_phenyl><LA2_mesityl>,Cc1cc(C)c(B(CCCCCP(c2ccccc2)C(C)C)c2ccccc2)c(C)c1
P,phenyl,isopropyl,C6,phenyl,mesityl,<LB_P><LB1_phenyl><LB2_isopropyl><LINKER_C6><LA1_phenyl><LA2_mesityl>,Cc1cc(C)c(B(CCCCCCP(c2ccccc2)C(C)C)c2ccccc2)c(C)c1
P,phenyl,isopropyl,C1,phenyl,pentafluorophenyl,<LB_P><LB1_phenyl><LB2_isopropyl><LINKER_C1><LA1_phenyl><LA2_pentafluorophenyl>,CC(C)P(CB(c1ccccc1)c1c(F)c(F)c(F)c(F)c1F)c1ccccc1
P,phenyl,isopropyl,C2,phenyl,pentafluorophenyl,<LB_P><LB1_phenyl><LB2_isopropyl><LINKER_C2><LA1_phenyl><LA2_pentafluorophenyl>,CC(C)P(CCB(c1ccccc1)c1c(F)c(F)c(F)c(F)c1F)c1ccccc1
P,phenyl,isopropyl,C3,phenyl,pentafluorophenyl,<LB_P><LB1_phenyl><LB2_isopropyl><LINKER_C3><LA1_phenyl><LA2_pentafluorophenyl>,CC(C)P(CCCB(c1ccccc1)c1c(F)c(F)c(F)c(F)c1F)c1ccccc1
P,phenyl,isopropyl,C4,phenyl,pentafluorophenyl,<LB_P><LB1_phenyl><LB2_isopropyl><LINKER_C4><LA1_phenyl><LA2_pentafluorophenyl>,CC(C)P(CCCCB(c1ccccc1)c1c(F)c(F)c(F)c(F)c1F)c1ccccc1
P,phenyl,isopropyl,C5,phenyl,pentafluorophenyl,<LB_P><LB1_phenyl><LB2_isopropyl><LINKER_C5><LA1_phenyl><LA2_pentafluorophenyl>,CC(C)P(CCCCCB(c1ccccc1)c1c(F)c(F)c(F)c(F)c1F)c1ccccc1
P,phenyl,isopropyl,C6,phenyl,pentafluorophenyl,<LB_P><LB1_phenyl><LB2_isopropyl><LINKER_C6><LA1_phenyl><LA2_pentafluorophenyl>,CC(C)P(CCCCCCB(c1ccccc1)c1c(F)c(F)c(F)c(F)c1F)c1ccccc1
P,phenyl,isopropyl,C1,phenyl,pentachlorophenyl,<LB_P><LB1_phenyl><LB2_isopropyl><LINKER_C1><LA1_phenyl><LA2_pentachlorophenyl>,CC(C)P(CB(c1ccccc1)c1c(Cl)c(Cl)c(Cl)c(Cl)c1Cl)c1ccccc1
P,phenyl,isopropyl,C2,phenyl,pentachlorophenyl,<LB_P><LB1_phenyl><LB2_isopropyl><LINKER_C2><LA1_phenyl><LA2_pentachlorophenyl>,CC(C)P(CCB(c1ccccc1)c1c(Cl)c(Cl)c(Cl)c(Cl)c1Cl)c1ccccc1
P,phenyl,isopropyl,C3,phenyl,pentachlorophenyl,<LB_P><LB1_phenyl><LB2_isopropyl><LINKER_C3><LA1_phenyl><LA2_pentachlorophenyl>,CC(C)P(CCCB(c1ccccc1)c1c(Cl)c(Cl)c(Cl)c(Cl)c1Cl)c1ccccc1
P,phenyl,isopropyl,C4,phenyl,pentachlorophenyl,<LB_P><LB1_phenyl><LB2_isopropyl><LINKER_C4><LA1_phenyl><LA2_pentachlorophenyl>,CC(C)P(CCCCB(c1ccccc1)c1c(Cl)c(Cl)c(Cl)c(Cl)c1Cl)c1ccccc1
P,phenyl,isopropyl,C5,phenyl,pentachlorophenyl,<LB_P><LB1_phenyl><LB2_isopropyl><LINKER_C5><LA1_phenyl><LA2_pentachlorophenyl>,CC(C)P(CCCCCB(c1ccccc1)c1c(Cl)c(Cl)c(Cl)c(Cl)c1Cl)c1ccccc1
P,phenyl,isopropyl,C6,phenyl,pentachlorophenyl,<LB_P><LB1_phenyl><LB2_isopropyl><LINKER_C6><LA1_phenyl><LA2_pentachlorophenyl>,CC(C)P(CCCCCCB(c1ccccc1)c1c(Cl)c(Cl)c(Cl)c(Cl)c1Cl)c1ccccc1
P,phenyl,isopropyl,C1,phenyl,bis_cf3_phenyl,<LB_P><LB1_phenyl><LB2_isopropyl><LINKER_C1><LA1_phenyl><LA2_bis_cf3_phenyl>,CC(C)P(CB(c1ccccc1)c1cc(C(F)(F)F)cc(C(F)(F)F)c1)c1ccccc1
P,phenyl,isopropyl,C2,phenyl,bis_cf3_phenyl,<LB_P><LB1_phenyl><LB2_isopropyl><LINKER_C2><LA1_phenyl><LA2_bis_cf3_phenyl>,CC(C)P(CCB(c1ccccc1)c1cc(C(F)(F)F)cc(C(F)(F)F)c1)c1ccccc1
P,phenyl,isopropyl,C3,phenyl,bis_cf3_phenyl,<LB_P><LB1_phenyl><LB2_isopropyl><LINKER_C3><LA1_phenyl><LA2_bis_cf3_phenyl>,CC(C)P(CCCB(c1ccccc1)c1cc(C(F)(F)F)cc(C(F)(F)F)c1)c1ccccc1
P,phenyl,isopropyl,C4,phenyl,bis_cf3_phenyl,<LB_P><LB1_phenyl><LB2_isopropyl><LINKER_C4><LA1_phenyl><LA2_bis_cf3_phenyl>,CC(C)P(CCCCB(c1ccccc1)c1cc(C(F)(F)F)cc(C(F)(F)F)c1)c1ccccc1
P,phenyl,isopropyl,C5,phenyl,bis_cf3_phenyl,<LB_P><LB1_phenyl><LB2_isopropyl><LINKER_C5><LA1_phenyl><LA2_bis_cf3_phenyl>,CC(C)P(CCCCCB(c1ccccc1)c1cc(C(F)(F)F)cc(C(F)(F)F)c1)c1ccccc1
P,phenyl,isopropyl,C6,phenyl,bis_cf3_phenyl,<LB_P><LB1_phenyl><LB2_isopropyl><LINKER_C6><LA1_phenyl><LA2_bis_cf3_phenyl>,CC(C)P(CCCCCCB(c1ccccc1)c1cc(C(F)(F)F)cc(C(F)(F)F)c1)c1ccccc1
P,phenyl,isopropyl,C1,p_tolyl,p_tolyl,<LB_P><LB1_phenyl><LB2_isopropyl><LINKER_C1><LA1_p_tolyl><LA2_p_tolyl>,Cc1ccc(B(CP(c2ccccc2)C(C)C)c2ccc(C)cc2)cc1
P,phenyl,isopropyl,C2,p_tolyl,p_tolyl,<LB_P><LB1_phenyl><LB2_isopropyl><LINKER_C2><LA1_p_tolyl><LA2_p_tolyl>,Cc1ccc(B(CCP(c2ccccc2)C(C)C)c2ccc(C)cc2)cc1
P,phenyl,isopropyl,C3,p_tolyl,p_tolyl,<LB_P><LB1_phenyl><LB2_isopropyl><LINKER_C3><LA1_p_tolyl><LA2_p_tolyl>,Cc1ccc(B(CCCP(c2ccccc2)C(C)C)c2ccc(C)cc2)cc1
P,phenyl,isopropyl,C4,p_tolyl,p_tolyl,<LB_P><LB1_phenyl><LB2_isopropyl><LINKER_C4><LA1_p_tolyl><LA2_p_tolyl>,Cc1ccc(B(CCCCP(c2ccccc2)C(C)C)c2ccc(C)cc2)cc1
P,phenyl,isopropyl,C5,p_tolyl,p_tolyl,<LB_P><LB1_phenyl><LB2_isopropyl><LINKER_C5><LA1_p_tolyl><LA2_p_tolyl>,Cc1ccc(B(CCCCCP(c2ccccc2)C(C)C)c2ccc(C)cc2)cc1
P,phenyl,isopropyl,C6,p_tolyl,p_tolyl,<LB_P><LB1_phenyl><LB2_isopropyl><LINKER_C6><LA1_p_tolyl><LA2_p_tolyl>,Cc1ccc(B(CCCCCCP(c2ccccc2)C(C)C)c2ccc(C)cc2)cc1
P,phenyl,isopropyl,C1,p_tolyl,mesityl,<LB_P><LB1_phenyl><LB2_isopropyl><LINKER_C1><LA1_p_tolyl><LA2_mesityl>,Cc1ccc(B(CP(c2ccccc2)C(C)C)c2c(C)cc(C)cc2C)cc1
P,phenyl,isopropyl,C2,p_tolyl,mesityl,<LB_P><LB1_phenyl><LB2_isopropyl><LINKER_C2><LA1_p_tolyl><LA2_mesityl>,Cc1ccc(B(CCP(c2ccccc2)C(C)C)c2c(C)cc(C)cc2C)cc1
P,phenyl,isopropyl,C3,p_tolyl,mesityl,<LB_P><LB1_phenyl><LB2_isopropyl><LINKER_C3><LA1_p_tolyl><LA2_mesityl>,Cc1ccc(B(CCCP(c2ccccc2)C(C)C)c2c(C)cc(C)cc2C)cc1
P,phenyl,isopropyl,C4,p_tolyl,mesityl,<LB_P><LB1_phenyl><LB2_isopropyl><LINKER_C4><LA1_p_tolyl><LA2_mesityl>,Cc1ccc(B(CCCCP(c2ccccc2)C(C)C)c2c(C)cc(C)cc2C)cc1
P,phenyl,isopropyl,C5,p_tolyl,mesityl,<LB_P><LB1_phenyl><LB2_isopropyl><LINKER_C5><LA1_p_tolyl><LA2_mesityl>,Cc1ccc(B(CCCCCP(c2ccccc2)C(C)C)c2c(C)cc(C)cc2C)cc1
P,phenyl,isopropyl,C6,p_tolyl,mesityl,<LB_P><LB1_phenyl><LB2_isopropyl><LINKER_C6><LA1_p_tolyl><LA2_mesityl>,Cc1ccc(B(CCCCCCP(c2ccccc2)C(C)C)c2c(C)cc(C)cc2C)cc1
P,phenyl,isopropyl,C1,p_tolyl,pentafluorophenyl,<LB_P><LB1_phenyl><LB2_isopropyl><LINKER_C1><LA1_p_tolyl><LA2_pentafluorophenyl>,Cc1ccc(B(CP(c2ccccc2)C(C)C)c2c(F)c(F)c(F)c(F)c2F)cc1
P,phenyl,isopropyl,C2,p_tolyl,pentafluorophenyl,<LB_P><LB1_phenyl><LB2_isopropyl><LINKER_C2><LA1_p_tolyl><LA2_pentafluorophenyl>,Cc1ccc(B(CCP(c2ccccc2)C(C)C)c2c(F)c(F)c(F)c(F)c2F)cc1
P,phenyl,isopropyl,C3,p_tolyl,pentafluorophenyl,<LB_P><LB1_phenyl><LB2_isopropyl><LINKER_C3><LA1_p_tolyl><LA2_pentafluorophenyl>,Cc1ccc(B(CCCP(c2ccccc2)C(C)C)c2c(F)c(F)c(F)c(F)c2F)cc1
P,phenyl,isopropyl,C4,p_tolyl,pentafluorophenyl,<LB_P><LB1_phenyl><LB2_isopropyl><LINKER_C4><LA1_p_tolyl><LA2_pentafluorophenyl>,Cc1ccc(B(CCCCP(c2ccccc2)C(C)C)c2c(F)c(F)c(F)c(F)c2F)cc1
P,phenyl,isopropyl,C5,p_tolyl,pentafluorophenyl,<LB_P><LB1_phenyl><LB2_isopropyl><LINKER_C5><LA1_p_tolyl><LA2_pentafluorophenyl>,Cc1ccc(B(CCCCCP(c2ccccc2)C(C)C)c2c(F)c(F)c(F)c(F)c2F)cc1
P,phenyl,isopropyl,C6,p_tolyl,pentafluorophenyl,<LB_P><LB1_phenyl><LB2_isopropyl><LINKER_C6><LA1_p_tolyl><LA2_pentafluorophenyl>,Cc1ccc(B(CCCCCCP(c2ccccc2)C(C)C)c2c(F)c(F)c(F)c(F)c2F)cc1
P,phenyl,isopropyl,C1,p_tolyl,pentachlorophenyl,<LB_P><LB1_phenyl><LB2_isopropyl><LINKER_C1><LA1_p_tolyl><LA2_pentachlorophenyl>,Cc1ccc(B(CP(c2ccccc2)C(C)C)c2c(Cl)c(Cl)c(Cl)c(Cl)c2Cl)cc1
P,phenyl,isopropyl,C2,p_tolyl,pentachlorophenyl,<LB_P><LB1_phenyl><LB2_isopropyl><LINKER_C2><LA1_p_tolyl><LA2_pentachlorophenyl>,Cc1ccc(B(CCP(c2ccccc2)C(C)C)c2c(Cl)c(Cl)c(Cl)c(Cl)c2Cl)cc1
P,phenyl,isopropyl,C3,p_tolyl,pentachlorophenyl,<LB_P><LB1_phenyl><LB2_isopropyl><LINKER_C3><LA1_p_tolyl><LA2_pentachlorophenyl>,Cc1ccc(B(CCCP(c2ccccc2)C(C)C)c2c(Cl)c(Cl)c(Cl)c(Cl)c2Cl)cc1
P,phenyl,isopropyl,C4,p_tolyl,pentachlorophenyl,<LB_P><LB1_phenyl><LB2_isopropyl><LINKER_C4><LA1_p_tolyl><LA2_pentachlorophenyl>,Cc1ccc(B(CCCCP(c2ccccc2)C(C)C)c2c(Cl)c(Cl)c(Cl)c(Cl)c2Cl)cc1
P,phenyl,isopropyl,C5,p_tolyl,pentachlorophenyl,<LB_P><LB1_phenyl><LB2_isopropyl><LINKER_C5><LA1_p_tolyl><LA2_pentachlorophenyl>,Cc1ccc(B(CCCCCP(c2ccccc2)C(C)C)c2c(Cl)c(Cl)c(Cl)c(Cl)c2Cl)cc1
P,phenyl,isopropyl,C6,p_tolyl,pentachlorophenyl,<LB_P><LB1_phenyl><LB2_isopropyl><LINKER_C6><LA1_p_tolyl><LA2_pentachlorophenyl>,Cc1ccc(B(CCCCCCP(c2ccccc2)C(C)C)c2c(Cl)c(Cl)c(Cl)c(Cl)c2Cl)cc1
P,phenyl,isopropyl,C1,p_tolyl,bis_cf3_phenyl,<LB_P><LB1_phenyl><LB2_isopropyl><LINKER_C1><LA1_p_tolyl><LA2_bis_cf3_phenyl>,Cc1ccc(B(CP(c2ccccc2)C(C)C)c2cc(C(F)(F)F)cc(C(F)(F)F)c2)cc1
P,phenyl,isopropyl,C2,p_tolyl,bis_cf3_phenyl,<LB_P><LB1_phenyl><LB2_isopropyl><LINKER_C2><LA1_p_tolyl><LA2_bis_cf3_phenyl>,Cc1ccc(B(CCP(c2ccccc2)C(C)C)c2cc(C(F)(F)F)cc(C(F)(F)F)c2)cc1
P,phenyl,isopropyl,C3,p_tolyl,bis_cf3_phenyl,<LB_P><LB1_phenyl><LB2_isopropyl><LINKER_C3><LA1_p_tolyl><LA2_bis_cf3_phenyl>,Cc1ccc(B(CCCP(c2ccccc2)C(C)C)c2cc(C(F)(F)F)cc(C(F)(F)F)c2)cc1
P,phenyl,isopropyl,C4,p_tolyl,bis_cf3_phenyl,<LB_P><LB1_phenyl><LB2_isopropyl><LINKER_C4><LA1_p_tolyl><LA2_bis_cf3_phenyl>,Cc1ccc(B(CCCCP(c2ccccc2)C(C)C)c2cc(C(F)(F)F)cc(C(F)(F)F)c2)cc1
P,phenyl,isopropyl,C5,p_tolyl,bis_cf3_phenyl,<LB_P><LB1_phenyl><LB2_isopropyl><LINKER_C5><LA1_p_tolyl><LA2_bis_cf3_phenyl>,Cc1ccc(B(CCCCCP(c2ccccc2)C(C)C)c2cc(C(F)(F)F)cc(C(F)(F)F)c2)cc1
P,phenyl,isopropyl,C6,p_tolyl,bis_cf3_phenyl,<LB_P><LB1_phenyl><LB2_isopropyl><LINKER_C6><LA1_p_tolyl><LA2_bis_cf3_phenyl>,Cc1ccc(B(CCCCCCP(c2ccccc2)C(C)C)c2cc(C(F)(F)F)cc(C(F)(F)F)c2)cc1
P,phenyl,isopropyl,C1,mesityl,mesityl,<LB_P><LB1_phenyl><LB2_isopropyl><LINKER_C1><LA1_mesityl><LA2_mesityl>,Cc1cc(C)c(B(CP(c2ccccc2)C(C)C)c2c(C)cc(C)cc2C)c(C)c1
P,phenyl,isopropyl,C2,mesityl,mesityl,<LB_P><LB1_phenyl><LB2_isopropyl><LINKER_C2><LA1_mesityl><LA2_mesityl>,Cc1cc(C)c(B(CCP(c2ccccc2)C(C)C)c2c(C)cc(C)cc2C)c(C)c1
P,phenyl,isopropyl,C3,mesityl,mesityl,<LB_P><LB1_phenyl><LB2_isopropyl><LINKER_C3><LA1_mesityl><LA2_mesityl>,Cc1cc(C)c(B(CCCP(c2ccccc2)C(C)C)c2c(C)cc(C)cc2C)c(C)c1
P,phenyl,isopropyl,C4,mesityl,mesityl,<LB_P><LB1_phenyl><LB2_isopropyl><LINKER_C4><LA1_mesityl><LA2_mesityl>,Cc1cc(C)c(B(CCCCP(c2ccccc2)C(C)C)c2c(C)cc(C)cc2C)c(C)c1
P,phenyl,isopropyl,C5,mesityl,mesityl,<LB_P><LB1_phenyl><LB2_isopropyl><LINKER_C5><LA1_mesityl><LA2_mesityl>,Cc1cc(C)c(B(CCCCCP(c2ccccc2)C(C)C)c2c(C)cc(C)cc2C)c(C)c1
P,phenyl,isopropyl,C6,mesityl,mesityl,<LB_P><LB1_phenyl><LB2_isopropyl><LINKER_C6><LA1_mesityl><LA2_mesityl>,Cc1cc(C)c(B(CCCCCCP(c2ccccc2)C(C)C)c2c(C)cc(C)cc2C)c(C)c1
P,phenyl,isopropyl,C1,mesityl,pentafluorophenyl,<LB_P><LB1_phenyl><LB2_isopropyl><LINKER_C1><LA1_mesityl><LA2_pentafluorophenyl>,Cc1cc(C)c(B(CP(c2ccccc2)C(C)C)c2c(F)c(F)c(F)c(F)c2F)c(C)c1
P,phenyl,isopropyl,C2,mesityl,pentafluorophenyl,<LB_P><LB1_phenyl><LB2_isopropyl><LINKER_C2><LA1_mesityl><LA2_pentafluorophenyl>,Cc1cc(C)c(B(CCP(c2ccccc2)C(C)C)c2c(F)c(F)c(F)c(F)c2F)c(C)c1
P,phenyl,isopropyl,C3,mesityl,pentafluorophenyl,<LB_P><LB1_phenyl><LB2_isopropyl><LINKER_C3><LA1_mesityl><LA2_pentafluorophenyl>,Cc1cc(C)c(B(CCCP(c2ccccc2)C(C)C)c2c(F)c(F)c(F)c(F)c2F)c(C)c1
P,phenyl,isopropyl,C4,mesityl,pentafluorophenyl,<LB_P><LB1_phenyl><LB2_isopropyl><LINKER_C4><LA1_mesityl><LA2_pentafluorophenyl>,Cc1cc(C)c(B(CCCCP(c2ccccc2)C(C)C)c2c(F)c(F)c(F)c(F)c2F)c(C)c1
P,phenyl,isopropyl,C5,mesityl,pentafluorophenyl,<LB_P><LB1_phenyl><LB2_isopropyl><LINKER_C5><LA1_mesityl><LA2_pentafluorophenyl>,Cc1cc(C)c(B(CCCCCP(c2ccccc2)C(C)C)c2c(F)c(F)c(F)c(F)c2F)c(C)c1
P,phenyl,isopropyl,C6,mesityl,pentafluorophenyl,<LB_P><LB1_phenyl><LB2_isopropyl><LINKER_C6><LA1_mesityl><LA2_pentafluorophenyl>,Cc1cc(C)c(B(CCCCCCP(c2ccccc2)C(C)C)c2c(F)c(F)c(F)c(F)c2F)c(C)c1
P,phenyl,isopropyl,C1,mesityl,pentachlorophenyl,<LB_P><LB1_phenyl><LB2_isopropyl><LINKER_C1><LA1_mesityl><LA2_pentachlorophenyl>,Cc1cc(C)c(B(CP(c2ccccc2)C(C)C)c2c(Cl)c(Cl)c(Cl)c(Cl)c2Cl)c(C)c1
P,phenyl,isopropyl,C2,mesityl,pentachlorophenyl,<LB_P><LB1_phenyl><LB2_isopropyl><LINKER_C2><LA1_mesityl><LA2_pentachlorophenyl>,Cc1cc(C)c(B(CCP(c2ccccc2)C(C)C)c2c(Cl)c(Cl)c(Cl)c(Cl)c2Cl)c(C)c1
P,phenyl,isopropyl,C3,mesityl,pentachlorophenyl,<LB_P><LB1_phenyl><LB2_isopropyl><LINKER_C3><LA1_mesityl><LA2_pentachlorophenyl>,Cc1cc(C)c(B(CCCP(c2ccccc2)C(C)C)c2c(Cl)c(Cl)c(Cl)c(Cl)c2Cl)c(C)c1
P,phenyl,isopropyl,C4,mesityl,pentachlorophenyl,<LB_P><LB1_phenyl><LB2_isopropyl><LINKER_C4><LA1_mesityl><LA2_pentachlorophenyl>,Cc1cc(C)c(B(CCCCP(c2ccccc2)C(C)C)c2c(Cl)c(Cl)c(Cl)c(Cl)c2Cl)c(C)c1
P,phenyl,isopropyl,C5,mesityl,pentachlorophenyl,<LB_P><LB1_phenyl><LB2_isopropyl><LINKER_C5><LA1_mesityl><LA2_pentachlorophenyl>,Cc1cc(C)c(B(CCCCCP(c2ccccc2)C(C)C)c2c(Cl)c(Cl)c(Cl)c(Cl)c2Cl)c(C)c1
P,phenyl,isopropyl,C6,mesityl,pentachlorophenyl,<LB_P><LB1_phenyl><LB2_isopropyl><LINKER_C6><LA1_mesityl><LA2_pentachlorophenyl>,Cc1cc(C)c(B(CCCCCCP(c2ccccc2)C(C)C)c2c(Cl)c(Cl)c(Cl)c(Cl)c2Cl)c(C)c1
P,phenyl,isopropyl,C1,mesityl,bis_cf3_phenyl,<LB_P><LB1_phenyl><LB2_isopropyl><LINKER_C1><LA1_mesityl><LA2_bis_cf3_phenyl>,Cc1cc(C)c(B(CP(c2ccccc2)C(C)C)c2cc(C(F)(F)F)cc(C(F)(F)F)c2)c(C)c1
P,phenyl,isopropyl,C2,mesityl,bis_cf3_phenyl,<LB_P><LB1_phenyl><LB2_isopropyl><LINKER_C2><LA1_mesityl><LA2_bis_cf3_phenyl>,Cc1cc(C)c(B(CCP(c2ccccc2)C(C)C)c2cc(C(F)(F)F)cc(C(F)(F)F)c2)c(C)c1
P,phenyl,isopropyl,C3,mesityl,bis_cf3_phenyl,<LB_P><LB1_phenyl><LB2_isopropyl><LINKER_C3><LA1_mesityl><LA2_bis_cf3_phenyl>,Cc1cc(C)c(B(CCCP(c2ccccc2)C(C)C)c2cc(C(F)(F)F)cc(C(F)(F)F)c2)c(C)c1
P,phenyl,isopropyl,C4,mesityl,bis_cf3_phenyl,<LB_P><LB1_phenyl><LB2_isopropyl><LINKER_C4><LA1_mesityl><LA2_bis_cf3_phenyl>,Cc1cc(C)c(B(CCCCP(c2ccccc2)C(C)C)c2cc(C(F)(F)F)cc(C(F)(F)F)c2)c(C)c1
P,phenyl,isopropyl,C5,mesityl,bis_cf3_phenyl,<LB_P><LB1_phenyl><LB2_isopropyl><LINKER_C5><LA1_mesityl><LA2_bis_cf3_phenyl>,Cc1cc(C)c(B(CCCCCP(c2ccccc2)C(C)C)c2cc(C(F)(F)F)cc(C(F)(F)F)c2)c(C)c1
P,phenyl,isopropyl,C6,mesityl,bis_cf3_phenyl,<LB_P><LB1_phenyl><LB2_isopropyl><LINKER_C6><LA1_mesityl><LA2_bis_cf3_phenyl>,Cc1cc(C)c(B(CCCCCCP(c2ccccc2)C(C)C)c2cc(C(F)(F)F)cc(C(F)(F)F)c2)c(C)c1
P,phenyl,isopropyl,C1,pentafluorophenyl,pentafluorophenyl,<LB_P><LB1_phenyl><LB2_isopropyl><LINKER_C1><LA1_pentafluorophenyl><LA2_pentafluorophenyl>,CC(C)P(CB(c1c(F)c(F)c(F)c(F)c1F)c1c(F)c(F)c(F)c(F)c1F)c1ccccc1
P,phenyl,isopropyl,C2,pentafluorophenyl,pentafluorophenyl,<LB_P><LB1_phenyl><LB2_isopropyl><LINKER_C2><LA1_pentafluorophenyl><LA2_pentafluorophenyl>,CC(C)P(CCB(c1c(F)c(F)c(F)c(F)c1F)c1c(F)c(F)c(F)c(F)c1F)c1ccccc1
P,phenyl,isopropyl,C3,pentafluorophenyl,pentafluorophenyl,<LB_P><LB1_phenyl><LB2_isopropyl><LINKER_C3><LA1_pentafluorophenyl><LA2_pentafluorophenyl>,CC(C)P(CCCB(c1c(F)c(F)c(F)c(F)c1F)c1c(F)c(F)c(F)c(F)c1F)c1ccccc1
P,phenyl,isopropyl,C4,pentafluorophenyl,pentafluorophenyl,<LB_P><LB1_phenyl><LB2_isopropyl><LINKER_C4><LA1_pentafluorophenyl><LA2_pentafluorophenyl>,CC(C)P(CCCCB(c1c(F)c(F)c(F)c(F)c1F)c1c(F)c(F)c(F)c(F)c1F)c1ccccc1
P,phenyl,isopropyl,C5,pentafluorophenyl,pentafluorophenyl,<LB_P><LB1_phenyl><LB2_isopropyl><LINKER_C5><LA1_pentafluorophenyl><LA2_pentafluorophenyl>,CC(C)P(CCCCCB(c1c(F)c(F)c(F)c(F)c1F)c1c(F)c(F)c(F)c(F)c1F)c1ccccc1
P,phenyl,isopropyl,C6,pentafluorophenyl,pentafluorophenyl,<LB_P><LB1_phenyl><LB2_isopropyl><LINKER_C6><LA1_pentafluorophenyl><LA2_pentafluorophenyl>,CC(C)P(CCCCCCB(c1c(F)c(F)c(F)c(F)c1F)c1c(F)c(F)c(F)c(F)c1F)c1ccccc1
P,phenyl,isopropyl,C1,pentafluorophenyl,pentachlorophenyl,<LB_P><LB1_phenyl><LB2_isopropyl><LINKER_C1><LA1_pentafluorophenyl><LA2_pentachlorophenyl>,CC(C)P(CB(c1c(F)c(F)c(F)c(F)c1F)c1c(Cl)c(Cl)c(Cl)c(Cl)c1Cl)c1ccccc1
P,phenyl,isopropyl,C2,pentafluorophenyl,pentachlorophenyl,<LB_P><LB1_phenyl><LB2_isopropyl><LINKER_C2><LA1_pentafluorophenyl><LA2_pentachlorophenyl>,CC(C)P(CCB(c1c(F)c(F)c(F)c(F)c1F)c1c(Cl)c(Cl)c(Cl)c(Cl)c1Cl)c1ccccc1
P,phenyl,isopropyl,C3,pentafluorophenyl,pentachlorophenyl,<LB_P><LB1_phenyl><LB2_isopropyl><LINKER_C3><LA1_pentafluorophenyl><LA2_pentachlorophenyl>,CC(C)P(CCCB(c1c(F)c(F)c(F)c(F)c1F)c1c(Cl)c(Cl)c(Cl)c(Cl)c1Cl)c1ccccc1
P,phenyl,isopropyl,C4,pentafluorophenyl,pentachlorophenyl,<LB_P><LB1_phenyl><LB2_isopropyl><LINKER_C4><LA1_pentafluorophenyl><LA2_pentachlorophenyl>,CC(C)P(CCCCB(c1c(F)c(F)c(F)c(F)c1F)c1c(Cl)c(Cl)c(Cl)c(Cl)c1Cl)c1ccccc1
P,phenyl,isopropyl,C5,pentafluorophenyl,pentachlorophenyl,<LB_P><LB1_phenyl><LB2_isopropyl><LINKER_C5><LA1_pentafluorophenyl><LA2_pentachlorophenyl>,CC(C)P(CCCCCB(c1c(F)c(F)c(F)c(F)c1F)c1c(Cl)c(Cl)c(Cl)c(Cl)c1Cl)c1ccccc1
P,phenyl,isopropyl,C6,pentafluorophenyl,pentachlorophenyl,<LB_P><LB1_phenyl><LB2_isopropyl><LINKER_C6><LA1_pentafluorophenyl><LA2_pentachlorophenyl>,CC(C)P(CCCCCCB(c1c(F)c(F)c(F)c(F)c1F)c1c(Cl)c(Cl)c(Cl)c(Cl)c1Cl)c1ccccc1
P,phenyl,isopropyl,C1,pentafluorophenyl,bis_cf3_phenyl,<LB_P><LB1_phenyl><LB2_isopropyl><LINKER_C1><LA1_pentafluorophenyl><LA2_bis_cf3_phenyl>,CC(C)P(CB(c1cc(C(F)(F)F)cc(C(F)(F)F)c1)c1c(F)c(F)c(F)c(F)c1F)c1ccccc1
P,phenyl,isopropyl,C2,pentafluorophenyl,bis_cf3_phenyl,<LB_P><LB1_phenyl><LB2_isopropyl><LINKER_C2><LA1_pentafluorophenyl><LA2_bis_cf3_phenyl>,CC(C)P(CCB(c1cc(C(F)(F)F)cc(C(F)(F)F)c1)c1c(F)c(F)c(F)c(F)c1F)c1ccccc1
P,phenyl,isopropyl,C3,pentafluorophenyl,bis_cf3_phenyl,<LB_P><LB1_phenyl><LB2_isopropyl><LINKER_C3><LA1_pentafluorophenyl><LA2_bis_cf3_phenyl>,CC(C)P(CCCB(c1cc(C(F)(F)F)cc(C(F)(F)F)c1)c1c(F)c(F)c(F)c(F)c1F)c1ccccc1
P,phenyl,isopropyl,C4,pentafluorophenyl,bis_cf3_phenyl,<LB_P><LB1_phenyl><LB2_isopropyl><LINKER_C4><LA1_pentafluorophenyl><LA2_bis_cf3_phenyl>,CC(C)P(CCCCB(c1cc(C(F)(F)F)cc(C(F)(F)F)c1)c1c(F)c(F)c(F)c(F)c1F)c1ccccc1
P,phenyl,isopropyl,C5,pentafluorophenyl,bis_cf3_phenyl,<LB_P><LB1_phenyl><LB2_isopropyl><LINKER_C5><LA1_pentafluorophenyl><LA2_bis_cf3_phenyl>,CC(C)P(CCCCCB(c1cc(C(F)(F)F)cc(C(F)(F)F)c1)c1c(F)c(F)c(F)c(F)c1F)c1ccccc1
P,phenyl,isopropyl,C6,pentafluorophenyl,bis_cf3_phenyl,<LB_P><LB1_phenyl><LB2_isopropyl><LINKER_C6><LA1_pentafluorophenyl><LA2_bis_cf3_phenyl>,CC(C)P(CCCCCCB(c1cc(C(F)(F)F)cc(C(F)(F)F)c1)c1c(F)c(F)c(F)c(F)c1F)c1ccccc1
P,phenyl,isopropyl,C1,pentachlorophenyl,pentachlorophenyl,<LB_P><LB1_phenyl><LB2_isopropyl><LINKER_C1><LA1_pentachlorophenyl><LA2_pentachlorophenyl>,CC(C)P(CB(c1c(Cl)c(Cl)c(Cl)c(Cl)c1Cl)c1c(Cl)c(Cl)c(Cl)c(Cl)c1Cl)c1ccccc1
P,phenyl,isopropyl,C2,pentachlorophenyl,pentachlorophenyl,<LB_P><LB1_phenyl><LB2_isopropyl><LINKER_C2><LA1_pentachlorophenyl><LA2_pentachlorophenyl>,CC(C)P(CCB(c1c(Cl)c(Cl)c(Cl)c(Cl)c1Cl)c1c(Cl)c(Cl)c(Cl)c(Cl)c1Cl)c1ccccc1
P,phenyl,isopropyl,C3,pentachlorophenyl,pentachlorophenyl,<LB_P><LB1_phenyl><LB2_isopropyl><LINKER_C3><LA1_pentachlorophenyl><LA2_pentachlorophenyl>,CC(C)P(CCCB(c1c(Cl)c(Cl)c(Cl)c(Cl)c1Cl)c1c(Cl)c(Cl)c(Cl)c(Cl)c1Cl)c1ccccc1
P,phenyl,isopropyl,C4,pentachlorophenyl,pentachlorophenyl,<LB_P><LB1_phenyl><LB2_isopropyl><LINKER_C4><LA1_pentachlorophenyl><LA2_pentachlorophenyl>,CC(C)P(CCCCB(c1c(Cl)c(Cl)c(Cl)c(Cl)c1Cl)c1c(Cl)c(Cl)c(Cl)c(Cl)c1Cl)c1ccccc1
P,phenyl,isopropyl,C5,pentachlorophenyl,pentachlorophenyl,<LB_P><LB1_phenyl><LB2_isopropyl><LINKER_C5><LA1_pentachlorophenyl><LA2_pentachlorophenyl>,CC(C)P(CCCCCB(c1c(Cl)c(Cl)c(Cl)c(Cl)c1Cl)c1c(Cl)c(Cl)c(Cl)c(Cl)c1Cl)c1ccccc1
P,phenyl,isopropyl,C6,pentachlorophenyl,pentachlorophenyl,<LB_P><LB1_phenyl><LB2_isopropyl><LINKER_C6><LA1_pentachlorophenyl><LA2_pentachlorophenyl>,CC(C)P(CCCCCCB(c1c(Cl)c(Cl)c(Cl)c(Cl)c1Cl)c1c(Cl)c(Cl)c(Cl)c(Cl)c1Cl)c1ccccc1
P,phenyl,isopropyl,C1,pentachlorophenyl,bis_cf3_phenyl,<LB_P><LB1_phenyl><LB2_isopropyl><LINKER_C1><LA1_pentachlorophenyl><LA2_bis_cf3_phenyl>,CC(C)P(CB(c1cc(C(F)(F)F)cc(C(F)(F)F)c1)c1c(Cl)c(Cl)c(Cl)c(Cl)c1Cl)c1ccccc1
P,phenyl,isopropyl,C2,pentachlorophenyl,bis_cf3_phenyl,<LB_P><LB1_phenyl><LB2_isopropyl><LINKER_C2><LA1_pentachlorophenyl><LA2_bis_cf3_phenyl>,CC(C)P(CCB(c1cc(C(F)(F)F)cc(C(F)(F)F)c1)c1c(Cl)c(Cl)c(Cl)c(Cl)c1Cl)c1ccccc1
P,phenyl,isopropyl,C3,pentachlorophenyl,bis_cf3_phenyl,<LB_P><LB1_phenyl><LB2_isopropyl><LINKER_C3><LA1_pentachlorophenyl><LA2_bis_cf3_phenyl>,CC(C)P(CCCB(c1cc(C(F)(F)F)cc(C(F)(F)F)c1)c1c(Cl)c(Cl)c(Cl)c(Cl)c1Cl)c1ccccc1
P,phenyl,isopropyl,C4,pentachlorophenyl,bis_cf3_phenyl,<LB_P><LB1_phenyl><LB2_isopropyl><LINKER_C4><LA1_pentachlorophenyl><LA2_bis_cf3_phenyl>,CC(C)P(CCCCB(c1cc(C(F)(F)F)cc(C(F)(F)F)c1)c1c(Cl)c(Cl)c(Cl)c(Cl)c1Cl)c1ccccc1
P,phenyl,isopropyl,C5,pentachlorophenyl,bis_cf3_phenyl,<LB_P><LB1_phenyl><LB2_isopropyl><LINKER_C5><LA1_pentachlorophenyl><LA2_bis_cf3_phenyl>,CC(C)P(CCCCCB(c1cc(C(F)(F)F)cc(C(F)(F)F)c1)c1c(Cl)c(Cl)c(Cl)c(Cl)c1Cl)c1ccccc1
P,phenyl,isopropyl,C6,pentachlorophenyl,bis_cf3_phenyl,<LB_P><LB1_phenyl><LB2_isopropyl><LINKER_C6><LA1_pentachlorophenyl><LA2_bis_cf3_phenyl>,CC(C)P(CCCCCCB(c1cc(C(F)(F)F)cc(C(F)(F)F)c1)c1c(Cl)c(Cl)c(Cl)c(Cl)c1Cl)c1ccccc1
P,phenyl,isopropyl,C1,bis_cf3_phenyl,bis_cf3_phenyl,<LB_P><LB1_phenyl><LB2_isopropyl><LINKER_C1><LA1_bis_cf3_phenyl><LA2_bis_cf3_phenyl>,CC(C)P(CB(c1cc(C(F)(F)F)cc(C(F)(F)F)c1)c1cc(C(F)(F)F)cc(C(F)(F)F)c1)c1ccccc1
P,phenyl,isopropyl,C2,bis_cf3_phenyl,bis_cf3_phenyl,<LB_P><LB1_phenyl><LB2_isopropyl><LINKER_C2><LA1_bis_cf3_phenyl><LA2_bis_cf3_phenyl>,CC(C)P(CCB(c1cc(C(F)(F)F)cc(C(F)(F)F)c1)c1cc(C(F)(F)F)cc(C(F)(F)F)c1)c1ccccc1
P,phenyl,isopropyl,C3,bis_cf3_phenyl,bis_cf3_phenyl,<LB_P><LB1_phenyl><LB2_isopropyl><LINKER_C3><LA1_bis_cf3_phenyl><LA2_bis_cf3_phenyl>,CC(C)P(CCCB(c1cc(C(F)(F)F)cc(C(F)(F)F)c1)c1cc(C(F)(F)F)cc(C(F)(F)F)c1)c1ccccc1
P,phenyl,isopropyl,C4,bis_cf3_phenyl,bis_cf3_phenyl,<LB_P><LB1_phenyl><LB2_isopropyl><LINKER_C4><LA1_bis_cf3_phenyl><LA2_bis_cf3_phenyl>,CC(C)P(CCCCB(c1cc(C(F)(F)F)cc(C(F)(F)F)c1)c1cc(C(F)(F)F)cc(C(F)(F)F)c1)c1ccccc1
P,phenyl,isopropyl,C5,bis_cf3_phenyl,bis_cf3_phenyl,<LB_P><LB1_phenyl><LB2_isopropyl><LINKER_C5><LA1_bis_cf3_phenyl><LA2_bis_cf3_phenyl>,CC(C)P(CCCCCB(c1cc(C(F)(F)F)cc(C(F)(F)F)c1)c1cc(C(F)(F)F)cc(C(F)(F)F)c1)c1ccccc1
P,phenyl,isopropyl,C6,bis_cf3_phenyl,bis_cf3_phenyl,<LB_P><LB1_phenyl><LB2_isopropyl><LINKER_C6><LA1_bis_cf3_phenyl><LA2_bis_cf3_phenyl>,CC(C)P(CCCCCCB(c1cc(C(F)(F)F)cc(C(F)(F)F)c1)c1cc(C(F)(F)F)cc(C(F)(F)F)c1)c1ccccc1
P,mesityl,mesityl,C1,phenyl,phenyl,<LB_P><LB1_mesityl><LB2_mesityl><LINKER_C1><LA1_phenyl><LA2_phenyl>,Cc1cc(C)c(P(CB(c2ccccc2)c2ccccc2)c2c(C)cc(C)cc2C)c(C)c1
P,mesityl,mesityl,C2,phenyl,phenyl,<LB_P><LB1_mesityl><LB2_mesityl><LINKER_C2><LA1_phenyl><LA2_phenyl>,Cc1cc(C)c(P(CCB(c2ccccc2)c2ccccc2)c2c(C)cc(C)cc2C)c(C)c1
P,mesityl,mesityl,C3,phenyl,phenyl,<LB_P><LB1_mesityl><LB2_mesityl><LINKER_C3><LA1_phenyl><LA2_phenyl>,Cc1cc(C)c(P(CCCB(c2ccccc2)c2ccccc2)c2c(C)cc(C)cc2C)c(C)c1
P,mesityl,mesityl,C4,phenyl,phenyl,<LB_P><LB1_mesityl><LB2_mesityl><LINKER_C4><LA1_phenyl><LA2_phenyl>,Cc1cc(C)c(P(CCCCB(c2ccccc2)c2ccccc2)c2c(C)cc(C)cc2C)c(C)c1
P,mesityl,mesityl,C5,phenyl,phenyl,<LB_P><LB1_mesityl><LB2_mesityl><LINKER_C5><LA1_phenyl><LA2_phenyl>,Cc1cc(C)c(P(CCCCCB(c2ccccc2)c2ccccc2)c2c(C)cc(C)cc2C)c(C)c1
P,mesityl,mesityl,C6,phenyl,phenyl,<LB_P><LB1_mesityl><LB2_mesityl><LINKER_C6><LA1_phenyl><LA2_phenyl>,Cc1cc(C)c(P(CCCCCCB(c2ccccc2)c2ccccc2)c2c(C)cc(C)cc2C)c(C)c1
P,mesityl,mesityl,C1,phenyl,p_tolyl,<LB_P><LB1_mesityl><LB2_mesityl><LINKER_C1><LA1_phenyl><LA2_p_tolyl>,Cc1ccc(B(CP(c2c(C)cc(C)cc2C)c2c(C)cc(C)cc2C)c2ccccc2)cc1
P,mesityl,mesityl,C2,phenyl,p_tolyl,<LB_P><LB1_mesityl><LB2_mesityl><LINKER_C2><LA1_phenyl><LA2_p_tolyl>,Cc1ccc(B(CCP(c2c(C)cc(C)cc2C)c2c(C)cc(C)cc2C)c2ccccc2)cc1
P,mesityl,mesityl,C3,phenyl,p_tolyl,<LB_P><LB1_mesityl><LB2_mesityl><LINKER_C3><LA1_phenyl><LA2_p_tolyl>,Cc1ccc(B(CCCP(c2c(C)cc(C)cc2C)c2c(C)cc(C)cc2C)c2ccccc2)cc1
P,mesityl,mesityl,C4,phenyl,p_tolyl,<LB_P><LB1_mesityl><LB2_mesityl><LINKER_C4><LA1_phenyl><LA2_p_tolyl>,Cc1ccc(B(CCCCP(c2c(C)cc(C)cc2C)c2c(C)cc(C)cc2C)c2ccccc2)cc1
P,mesityl,mesityl,C5,phenyl,p_tolyl,<LB_P><LB1_mesityl><LB2_mesityl><LINKER_C5><LA1_phenyl><LA2_p_tolyl>,Cc1ccc(B(CCCCCP(c2c(C)cc(C)cc2C)c2c(C)cc(C)cc2C)c2ccccc2)cc1
P,mesityl,mesityl,C6,phenyl,p_tolyl,<LB_P><LB1_mesityl><LB2_mesityl><LINKER_C6><LA1_phenyl><LA2_p_tolyl>,Cc1ccc(B(CCCCCCP(c2c(C)cc(C)cc2C)c2c(C)cc(C)cc2C)c2ccccc2)cc1
P,mesityl,mesityl,C1,phenyl,mesityl,<LB_P><LB1_mesityl><LB2_mesityl><LINKER_C1><LA1_phenyl><LA2_mesityl>,Cc1cc(C)c(B(CP(c2c(C)cc(C)cc2C)c2c(C)cc(C)cc2C)c2ccccc2)c(C)c1
P,mesityl,mesityl,C2,phenyl,mesityl,<LB_P><LB1_mesityl><LB2_mesityl><LINKER_C2><LA1_phenyl><LA2_mesityl>,Cc1cc(C)c(B(CCP(c2c(C)cc(C)cc2C)c2c(C)cc(C)cc2C)c2ccccc2)c(C)c1
P,mesityl,mesityl,C3,phenyl,mesityl,<LB_P><LB1_mesityl><LB2_mesityl><LINKER_C3><LA1_phenyl><LA2_mesityl>,Cc1cc(C)c(B(CCCP(c2c(C)cc(C)cc2C)c2c(C)cc(C)cc2C)c2ccccc2)c(C)c1
P,mesityl,mesityl,C4,phenyl,mesityl,<LB_P><LB1_mesityl><LB2_mesityl><LINKER_C4><LA1_phenyl><LA2_mesityl>,Cc1cc(C)c(B(CCCCP(c2c(C)cc(C)cc2C)c2c(C)cc(C)cc2C)c2ccccc2)c(C)c1
P,mesityl,mesityl,C5,phenyl,mesityl,<LB_P><LB1_mesityl><LB2_mesityl><LINKER_C5><LA1_phenyl><LA2_mesityl>,Cc1cc(C)c(B(CCCCCP(c2c(C)cc(C)cc2C)c2c(C)cc(C)cc2C)c2ccccc2)c(C)c1
P,mesityl,mesityl,C6,phenyl,mesityl,<LB_P><LB1_mesityl><LB2_mesityl><LINKER_C6><LA1_phenyl><LA2_mesityl>,Cc1cc(C)c(B(CCCCCCP(c2c(C)cc(C)cc2C)c2c(C)cc(C)cc2C)c2ccccc2)c(C)c1
P,mesityl,mesityl,C1,phenyl,pentafluorophenyl,<LB_P><LB1_mesityl><LB2_mesityl><LINKER_C1><LA1_phenyl><LA2_pentafluorophenyl>,Cc1cc(C)c(P(CB(c2ccccc2)c2c(F)c(F)c(F)c(F)c2F)c2c(C)cc(C)cc2C)c(C)c1
P,mesityl,mesityl,C2,phenyl,pentafluorophenyl,<LB_P><LB1_mesityl><LB2_mesityl><LINKER_C2><LA1_phenyl><LA2_pentafluorophenyl>,Cc1cc(C)c(P(CCB(c2ccccc2)c2c(F)c(F)c(F)c(F)c2F)c2c(C)cc(C)cc2C)c(C)c1
P,mesityl,mesityl,C3,phenyl,pentafluorophenyl,<LB_P><LB1_mesityl><LB2_mesityl><LINKER_C3><LA1_phenyl><LA2_pentafluorophenyl>,Cc1cc(C)c(P(CCCB(c2ccccc2)c2c(F)c(F)c(F)c(F)c2F)c2c(C)cc(C)cc2C)c(C)c1
P,mesityl,mesityl,C4,phenyl,pentafluorophenyl,<LB_P><LB1_mesityl><LB2_mesityl><LINKER_C4><LA1_phenyl><LA2_pentafluorophenyl>,Cc1cc(C)c(P(CCCCB(c2ccccc2)c2c(F)c(F)c(F)c(F)c2F)c2c(C)cc(C)cc2C)c(C)c1
P,mesityl,mesityl,C5,phenyl,pentafluorophenyl,<LB_P><LB1_mesityl><LB2_mesityl><LINKER_C5><LA1_phenyl><LA2_pentafluorophenyl>,Cc1cc(C)c(P(CCCCCB(c2ccccc2)c2c(F)c(F)c(F)c(F)c2F)c2c(C)cc(C)cc2C)c(C)c1
P,mesityl,mesityl,C6,phenyl,pentafluorophenyl,<LB_P><LB1_mesityl><LB2_mesityl><LINKER_C6><LA1_phenyl><LA2_pentafluorophenyl>,Cc1cc(C)c(P(CCCCCCB(c2ccccc2)c2c(F)c(F)c(F)c(F)c2F)c2c(C)cc(C)cc2C)c(C)c1
P,mesityl,mesityl,C1,phenyl,pentachlorophenyl,<LB_P><LB1_mesityl><LB2_mesityl><LINKER_C1><LA1_phenyl><LA2_pentachlorophenyl>,Cc1cc(C)c(P(CB(c2ccccc2)c2c(Cl)c(Cl)c(Cl)c(Cl)c2Cl)c2c(C)cc(C)cc2C)c(C)c1
P,mesityl,mesityl,C2,phenyl,pentachlorophenyl,<LB_P><LB1_mesityl><LB2_mesityl><LINKER_C2><LA1_phenyl><LA2_pentachlorophenyl>,Cc1cc(C)c(P(CCB(c2ccccc2)c2c(Cl)c(Cl)c(Cl)c(Cl)c2Cl)c2c(C)cc(C)cc2C)c(C)c1
P,mesityl,mesityl,C3,phenyl,pentachlorophenyl,<LB_P><LB1_mesityl><LB2_mesityl><LINKER_C3><LA1_phenyl><LA2_pentachlorophenyl>,Cc1cc(C)c(P(CCCB(c2ccccc2)c2c(Cl)c(Cl)c(Cl)c(Cl)c2Cl)c2c(C)cc(C)cc2C)c(C)c1
P,mesityl,mesityl,C4,phenyl,pentachlorophenyl,<LB_P><LB1_mesityl><LB2_mesityl><LINKER_C4><LA1_phenyl><LA2_pentachlorophenyl>,Cc1cc(C)c(P(CCCCB(c2ccccc2)c2c(Cl)c(Cl)c(Cl)c(Cl)c2Cl)c2c(C)cc(C)cc2C)c(C)c1
P,mesityl,mesityl,C5,phenyl,pentachlorophenyl,<LB_P><LB1_mesityl><LB2_mesityl><LINKER_C5><LA1_phenyl><LA2_pentachlorophenyl>,Cc1cc(C)c(P(CCCCCB(c2ccccc2)c2c(Cl)c(Cl)c(Cl)c(Cl)c2Cl)c2c(C)cc(C)cc2C)c(C)c1
P,mesityl,mesityl,C6,phenyl,pentachlorophenyl,<LB_P><LB1_mesityl><LB2_mesityl><LINKER_C6><LA1_phenyl><LA2_pentachlorophenyl>,Cc1cc(C)c(P(CCCCCCB(c2ccccc2)c2c(Cl)c(Cl)c(Cl)c(Cl)c2Cl)c2c(C)cc(C)cc2C)c(C)c1
P,mesityl,mesityl,C1,phenyl,bis_cf3_phenyl,<LB_P><LB1_mesityl><LB2_mesityl><LINKER_C1><LA1_phenyl><LA2_bis_cf3_phenyl>,Cc1cc(C)c(P(CB(c2ccccc2)c2cc(C(F)(F)F)cc(C(F)(F)F)c2)c2c(C)cc(C)cc2C)c(C)c1
P,mesityl,mesityl,C2,phenyl,bis_cf3_phenyl,<LB_P><LB1_mesityl><LB2_mesityl><LINKER_C2><LA1_phenyl><LA2_bis_cf3_phenyl>,Cc1cc(C)c(P(CCB(c2ccccc2)c2cc(C(F)(F)F)cc(C(F)(F)F)c2)c2c(C)cc(C)cc2C)c(C)c1
P,mesityl,mesityl,C3,phenyl,bis_cf3_phenyl,<LB_P><LB1_mesityl><LB2_mesityl><LINKER_C3><LA1_phenyl><LA2_bis_cf3_phenyl>,Cc1cc(C)c(P(CCCB(c2ccccc2)c2cc(C(F)(F)F)cc(C(F)(F)F)c2)c2c(C)cc(C)cc2C)c(C)c1
P,mesityl,mesityl,C4,phenyl,bis_cf3_phenyl,<LB_P><LB1_mesityl><LB2_mesityl><LINKER_C4><LA1_phenyl><LA2_bis_cf3_phenyl>,Cc1cc(C)c(P(CCCCB(c2ccccc2)c2cc(C(F)(F)F)cc(C(F)(F)F)c2)c2c(C)cc(C)cc2C)c(C)c1
P,mesityl,mesityl,C5,phenyl,bis_cf3_phenyl,<LB_P><LB1_mesityl><LB2_mesityl><LINKER_C5><LA1_phenyl><LA2_bis_cf3_phenyl>,Cc1cc(C)c(P(CCCCCB(c2ccccc2)c2cc(C(F)(F)F)cc(C(F)(F)F)c2)c2c(C)cc(C)cc2C)c(C)c1
P,mesityl,mesityl,C6,phenyl,bis_cf3_phenyl,<LB_P><LB1_mesityl><LB2_mesityl><LINKER_C6><LA1_phenyl><LA2_bis_cf3_phenyl>,Cc1cc(C)c(P(CCCCCCB(c2ccccc2)c2cc(C(F)(F)F)cc(C(F)(F)F)c2)c2c(C)cc(C)cc2C)c(C)c1
P,mesityl,mesityl,C1,p_tolyl,p_tolyl,<LB_P><LB1_mesityl><LB2_mesityl><LINKER_C1><LA1_p_tolyl><LA2_p_tolyl>,Cc1ccc(B(CP(c2c(C)cc(C)cc2C)c2c(C)cc(C)cc2C)c2ccc(C)cc2)cc1
P,mesityl,mesityl,C2,p_tolyl,p_tolyl,<LB_P><LB1_mesityl><LB2_mesityl><LINKER_C2><LA1_p_tolyl><LA2_p_tolyl>,Cc1ccc(B(CCP(c2c(C)cc(C)cc2C)c2c(C)cc(C)cc2C)c2ccc(C)cc2)cc1
P,mesityl,mesityl,C3,p_tolyl,p_tolyl,<LB_P><LB1_mesityl><LB2_mesityl><LINKER_C3><LA1_p_tolyl><LA2_p_tolyl>,Cc1ccc(B(CCCP(c2c(C)cc(C)cc2C)c2c(C)cc(C)cc2C)c2ccc(C)cc2)cc1
P,mesityl,mesityl,C4,p_tolyl,p_tolyl,<LB_P><LB1_mesityl><LB2_mesityl><LINKER_C4><LA1_p_tolyl><LA2_p_tolyl>,Cc1ccc(B(CCCCP(c2c(C)cc(C)cc2C)c2c(C)cc(C)cc2C)c2ccc(C)cc2)cc1
P,mesityl,mesityl,C5,p_tolyl,p_tolyl,<LB_P><LB1_mesityl><LB2_mesityl><LINKER_C5><LA1_p_tolyl><LA2_p_tolyl>,Cc1ccc(B(CCCCCP(c2c(C)cc(C)cc2C)c2c(C)cc(C)cc2C)c2ccc(C)cc2)cc1
P,mesityl,mesityl,C6,p_tolyl,p_tolyl,<LB_P><LB1_mesityl><LB2_mesityl><LINKER_C6><LA1_p_tolyl><LA2_p_tolyl>,Cc1ccc(B(CCCCCCP(c2c(C)cc(C)cc2C)c2c(C)cc(C)cc2C)c2ccc(C)cc2)cc1
P,mesityl,mesityl,C1,p_tolyl,mesityl,<LB_P><LB1_mesityl><LB2_mesityl><LINKER_C1><LA1_p_tolyl><LA2_mesityl>,Cc1ccc(B(CP(c2c(C)cc(C)cc2C)c2c(C)cc(C)cc2C)c2c(C)cc(C)cc2C)cc1
P,mesityl,mesityl,C2,p_tolyl,mesityl,<LB_P><LB1_mesityl><LB2_mesityl><LINKER_C2><LA1_p_tolyl><LA2_mesityl>,Cc1ccc(B(CCP(c2c(C)cc(C)cc2C)c2c(C)cc(C)cc2C)c2c(C)cc(C)cc2C)cc1
P,mesityl,mesityl,C3,p_tolyl,mesityl,<LB_P><LB1_mesityl><LB2_mesityl><LINKER_C3><LA1_p_tolyl><LA2_mesityl>,Cc1ccc(B(CCCP(c2c(C)cc(C)cc2C)c2c(C)cc(C)cc2C)c2c(C)cc(C)cc2C)cc1
P,mesityl,mesityl,C4,p_tolyl,mesityl,<LB_P><LB1_mesityl><LB2_mesityl><LINKER_C4><LA1_p_tolyl><LA2_mesityl>,Cc1ccc(B(CCCCP(c2c(C)cc(C)cc2C)c2c(C)cc(C)cc2C)c2c(C)cc(C)cc2C)cc1
P,mesityl,mesityl,C5,p_tolyl,mesityl,<LB_P><LB1_mesityl><LB2_mesityl><LINKER_C5><LA1_p_tolyl><LA2_mesityl>,Cc1ccc(B(CCCCCP(c2c(C)cc(C)cc2C)c2c(C)cc(C)cc2C)c2c(C)cc(C)cc2C)cc1
P,mesityl,mesityl,C6,p_tolyl,mesityl,<LB_P><LB1_mesityl><LB2_mesityl><LINKER_C6><LA1_p_tolyl><LA2_mesityl>,Cc1ccc(B(CCCCCCP(c2c(C)cc(C)cc2C)c2c(C)cc(C)cc2C)c2c(C)cc(C)cc2C)cc1
P,mesityl,mesityl,C1,p_tolyl,pentafluorophenyl,<LB_P><LB1_mesityl><LB2_mesityl><LINKER_C1><LA1_p_tolyl><LA2_pentafluorophenyl>,Cc1ccc(B(CP(c2c(C)cc(C)cc2C)c2c(C)cc(C)cc2C)c2c(F)c(F)c(F)c(F)c2F)cc1
P,mesityl,mesityl,C2,p_tolyl,pentafluorophenyl,<LB_P><LB1_mesityl><LB2_mesityl><LINKER_C2><LA1_p_tolyl><LA2_pentafluorophenyl>,Cc1ccc(B(CCP(c2c(C)cc(C)cc2C)c2c(C)cc(C)cc2C)c2c(F)c(F)c(F)c(F)c2F)cc1
P,mesityl,mesityl,C3,p_tolyl,pentafluorophenyl,<LB_P><LB1_mesityl><LB2_mesityl><LINKER_C3><LA1_p_tolyl><LA2_pentafluorophenyl>,Cc1ccc(B(CCCP(c2c(C)cc(C)cc2C)c2c(C)cc(C)cc2C)c2c(F)c(F)c(F)c(F)c2F)cc1
P,mesityl,mesityl,C4,p_tolyl,pentafluorophenyl,<LB_P><LB1_mesityl><LB2_mesityl><LINKER_C4><LA1_p_tolyl><LA2_pentafluorophenyl>,Cc1ccc(B(CCCCP(c2c(C)cc(C)cc2C)c2c(C)cc(C)cc2C)c2c(F)c(F)c(F)c(F)c2F)cc1
P,mesityl,mesityl,C5,p_tolyl,pentafluorophenyl,<LB_P><LB1_mesityl><LB2_mesityl><LINKER_C5><LA1_p_tolyl><LA2_pentafluorophenyl>,Cc1ccc(B(CCCCCP(c2c(C)cc(C)cc2C)c2c(C)cc(C)cc2C)c2c(F)c(F)c(F)c(F)c2F)cc1
P,mesityl,mesityl,C6,p_tolyl,pentafluorophenyl,<LB_P><LB1_mesityl><LB2_mesityl><LINKER_C6><LA1_p_tolyl><LA2_pentafluorophenyl>,Cc1ccc(B(CCCCCCP(c2c(C)cc(C)cc2C)c2c(C)cc(C)cc2C)c2c(F)c(F)c(F)c(F)c2F)cc1
P,mesityl,mesityl,C1,p_tolyl,pentachlorophenyl,<LB_P><LB1_mesityl><LB2_mesityl><LINKER_C1><LA1_p_tolyl><LA2_pentachlorophenyl>,Cc1ccc(B(CP(c2c(C)cc(C)cc2C)c2c(C)cc(C)cc2C)c2c(Cl)c(Cl)c(Cl)c(Cl)c2Cl)cc1
P,mesityl,mesityl,C2,p_tolyl,pentachlorophenyl,<LB_P><LB1_mesityl><LB2_mesityl><LINKER_C2><LA1_p_tolyl><LA2_pentachlorophenyl>,Cc1ccc(B(CCP(c2c(C)cc(C)cc2C)c2c(C)cc(C)cc2C)c2c(Cl)c(Cl)c(Cl)c(Cl)c2Cl)cc1
P,mesityl,mesityl,C3,p_tolyl,pentachlorophenyl,<LB_P><LB1_mesityl><LB2_mesityl><LINKER_C3><LA1_p_tolyl><LA2_pentachlorophenyl>,Cc1ccc(B(CCCP(c2c(C)cc(C)cc2C)c2c(C)cc(C)cc2C)c2c(Cl)c(Cl)c(Cl)c(Cl)c2Cl)cc1
P,mesityl,mesityl,C4,p_tolyl,pentachlorophenyl,<LB_P><LB1_mesityl><LB2_mesityl><LINKER_C4><LA1_p_tolyl><LA2_pentachlorophenyl>,Cc1ccc(B(CCCCP(c2c(C)cc(C)cc2C)c2c(C)cc(C)cc2C)c2c(Cl)c(Cl)c(Cl)c(Cl)c2Cl)cc1
P,mesityl,mesityl,C5,p_tolyl,pentachlorophenyl,<LB_P><LB1_mesityl><LB2_mesityl><LINKER_C5><LA1_p_tolyl><LA2_pentachlorophenyl>,Cc1ccc(B(CCCCCP(c2c(C)cc(C)cc2C)c2c(C)cc(C)cc2C)c2c(Cl)c(Cl)c(Cl)c(Cl)c2Cl)cc1
P,mesityl,mesityl,C6,p_tolyl,pentachlorophenyl,<LB_P><LB1_mesityl><LB2_mesityl><LINKER_C6><LA1_p_tolyl><LA2_pentachlorophenyl>,Cc1ccc(B(CCCCCCP(c2c(C)cc(C)cc2C)c2c(C)cc(C)cc2C)c2c(Cl)c(Cl)c(Cl)c(Cl)c2Cl)cc1
P,mesityl,mesityl,C1,p_tolyl,bis_cf3_phenyl,<LB_P><LB1_mesityl><LB2_mesityl><LINKER_C1><LA1_p_tolyl><LA2_bis_cf3_phenyl>,Cc1ccc(B(CP(c2c(C)cc(C)cc2C)c2c(C)cc(C)cc2C)c2cc(C(F)(F)F)cc(C(F)(F)F)c2)cc1
P,mesityl,mesityl,C2,p_tolyl,bis_cf3_phenyl,<LB_P><LB1_mesityl><LB2_mesityl><LINKER_C2><LA1_p_tolyl><LA2_bis_cf3_phenyl>,Cc1ccc(B(CCP(c2c(C)cc(C)cc2C)c2c(C)cc(C)cc2C)c2cc(C(F)(F)F)cc(C(F)(F)F)c2)cc1
P,mesityl,mesityl,C3,p_tolyl,bis_cf3_phenyl,<LB_P><LB1_mesityl><LB2_mesityl><LINKER_C3><LA1_p_tolyl><LA2_bis_cf3_phenyl>,Cc1ccc(B(CCCP(c2c(C)cc(C)cc2C)c2c(C)cc(C)cc2C)c2cc(C(F)(F)F)cc(C(F)(F)F)c2)cc1
P,mesityl,mesityl,C4,p_tolyl,bis_cf3_phenyl,<LB_P><LB1_mesityl><LB2_mesityl><LINKER_C4><LA1_p_tolyl><LA2_bis_cf3_phenyl>,Cc1ccc(B(CCCCP(c2c(C)cc(C)cc2C)c2c(C)cc(C)cc2C)c2cc(C(F)(F)F)cc(C(F)(F)F)c2)cc1
P,mesityl,mesityl,C5,p_tolyl,bis_cf3_phenyl,<LB_P><LB1_mesityl><LB2_mesityl><LINKER_C5><LA1_p_tolyl><LA2_bis_cf3_phenyl>,Cc1ccc(B(CCCCCP(c2c(C)cc(C)cc2C)c2c(C)cc(C)cc2C)c2cc(C(F)(F)F)cc(C(F)(F)F)c2)cc1
P,mesityl,mesityl,C6,p_tolyl,bis_cf3_phenyl,<LB_P><LB1_mesityl><LB2_mesityl><LINKER_C6><LA1_p_tolyl><LA2_bis_cf3_phenyl>,Cc1ccc(B(CCCCCCP(c2c(C)cc(C)cc2C)c2c(C)cc(C)cc2C)c2cc(C(F)(F)F)cc(C(F)(F)F)c2)cc1
P,mesityl,mesityl,C1,mesityl,mesityl,<LB_P><LB1_mesityl><LB2_mesityl><LINKER_C1><LA1_mesityl><LA2_mesityl>,Cc1cc(C)c(B(CP(c2c(C)cc(C)cc2C)c2c(C)cc(C)cc2C)c2c(C)cc(C)cc2C)c(C)c1
P,mesityl,mesityl,C2,mesityl,mesityl,<LB_P><LB1_mesityl><LB2_mesityl><LINKER_C2><LA1_mesityl><LA2_mesityl>,Cc1cc(C)c(B(CCP(c2c(C)cc(C)cc2C)c2c(C)cc(C)cc2C)c2c(C)cc(C)cc2C)c(C)c1
P,mesityl,mesityl,C3,mesityl,mesityl,<LB_P><LB1_mesityl><LB2_mesityl><LINKER_C3><LA1_mesityl><LA2_mesityl>,Cc1cc(C)c(B(CCCP(c2c(C)cc(C)cc2C)c2c(C)cc(C)cc2C)c2c(C)cc(C)cc2C)c(C)c1
P,mesityl,mesityl,C4,mesityl,mesityl,<LB_P><LB1_mesityl><LB2_mesityl><LINKER_C4><LA1_mesityl><LA2_mesityl>,Cc1cc(C)c(B(CCCCP(c2c(C)cc(C)cc2C)c2c(C)cc(C)cc2C)c2c(C)cc(C)cc2C)c(C)c1
P,mesityl,mesityl,C5,mesityl,mesityl,<LB_P><LB1_mesityl><LB2_mesityl><LINKER_C5><LA1_mesityl><LA2_mesityl>,Cc1cc(C)c(B(CCCCCP(c2c(C)cc(C)cc2C)c2c(C)cc(C)cc2C)c2c(C)cc(C)cc2C)c(C)c1
P,mesityl,mesityl,C6,mesityl,mesityl,<LB_P><LB1_mesityl><LB2_mesityl><LINKER_C6><LA1_mesityl><LA2_mesityl>,Cc1cc(C)c(B(CCCCCCP(c2c(C)cc(C)cc2C)c2c(C)cc(C)cc2C)c2c(C)cc(C)cc2C)c(C)c1
P,mesityl,mesityl,C1,mesityl,pentafluorophenyl,<LB_P><LB1_mesityl><LB2_mesityl><LINKER_C1><LA1_mesityl><LA2_pentafluorophenyl>,Cc1cc(C)c(B(CP(c2c(C)cc(C)cc2C)c2c(C)cc(C)cc2C)c2c(F)c(F)c(F)c(F)c2F)c(C)c1
P,mesityl,mesityl,C2,mesityl,pentafluorophenyl,<LB_P><LB1_mesityl><LB2_mesityl><LINKER_C2><LA1_mesityl><LA2_pentafluorophenyl>,Cc1cc(C)c(B(CCP(c2c(C)cc(C)cc2C)c2c(C)cc(C)cc2C)c2c(F)c(F)c(F)c(F)c2F)c(C)c1
P,mesityl,mesityl,C3,mesityl,pentafluorophenyl,<LB_P><LB1_mesityl><LB2_mesityl><LINKER_C3><LA1_mesityl><LA2_pentafluorophenyl>,Cc1cc(C)c(B(CCCP(c2c(C)cc(C)cc2C)c2c(C)cc(C)cc2C)c2c(F)c(F)c(F)c(F)c2F)c(C)c1
P,mesityl,mesityl,C4,mesityl,pentafluorophenyl,<LB_P><LB1_mesityl><LB2_mesityl><LINKER_C4><LA1_mesityl><LA2_pentafluorophenyl>,Cc1cc(C)c(B(CCCCP(c2c(C)cc(C)cc2C)c2c(C)cc(C)cc2C)c2c(F)c(F)c(F)c(F)c2F)c(C)c1
P,mesityl,mesityl,C5,mesityl,pentafluorophenyl,<LB_P><LB1_mesityl><LB2_mesityl><LINKER_C5><LA1_mesityl><LA2_pentafluorophenyl>,Cc1cc(C)c(B(CCCCCP(c2c(C)cc(C)cc2C)c2c(C)cc(C)cc2C)c2c(F)c(F)c(F)c(F)c2F)c(C)c1
P,mesityl,mesityl,C6,mesityl,pentafluorophenyl,<LB_P><LB1_mesityl><LB2_mesityl><LINKER_C6><LA1_mesityl><LA2_pentafluorophenyl>,Cc1cc(C)c(B(CCCCCCP(c2c(C)cc(C)cc2C)c2c(C)cc(C)cc2C)c2c(F)c(F)c(F)c(F)c2F)c(C)c1
P,mesityl,mesityl,C1,mesityl,pentachlorophenyl,<LB_P><LB1_mesityl><LB2_mesityl><LINKER_C1><LA1_mesityl><LA2_pentachlorophenyl>,Cc1cc(C)c(B(CP(c2c(C)cc(C)cc2C)c2c(C)cc(C)cc2C)c2c(Cl)c(Cl)c(Cl)c(Cl)c2Cl)c(C)c1
P,mesityl,mesityl,C2,mesityl,pentachlorophenyl,<LB_P><LB1_mesityl><LB2_mesityl><LINKER_C2><LA1_mesityl><LA2_pentachlorophenyl>,Cc1cc(C)c(B(CCP(c2c(C)cc(C)cc2C)c2c(C)cc(C)cc2C)c2c(Cl)c(Cl)c(Cl)c(Cl)c2Cl)c(C)c1
P,mesityl,mesityl,C3,mesityl,pentachlorophenyl,<LB_P><LB1_mesityl><LB2_mesityl><LINKER_C3><LA1_mesityl><LA2_pentachlorophenyl>,Cc1cc(C)c(B(CCCP(c2c(C)cc(C)cc2C)c2c(C)cc(C)cc2C)c2c(Cl)c(Cl)c(Cl)c(Cl)c2Cl)c(C)c1
P,mesityl,mesityl,C4,mesityl,pentachlorophenyl,<LB_P><LB1_mesityl><LB2_mesityl><LINKER_C4><LA1_mesityl><LA2_pentachlorophenyl>,Cc1cc(C)c(B(CCCCP(c2c(C)cc(C)cc2C)c2c(C)cc(C)cc2C)c2c(Cl)c(Cl)c(Cl)c(Cl)c2Cl)c(C)c1
P,mesityl,mesityl,C5,mesityl,pentachlorophenyl,<LB_P><LB1_mesityl><LB2_mesityl><LINKER_C5><LA1_mesityl><LA2_pentachlorophenyl>,Cc1cc(C)c(B(CCCCCP(c2c(C)cc(C)cc2C)c2c(C)cc(C)cc2C)c2c(Cl)c(Cl)c(Cl)c(Cl)c2Cl)c(C)c1
P,mesityl,mesityl,C6,mesityl,pentachlorophenyl,<LB_P><LB1_mesityl><LB2_mesityl><LINKER_C6><LA1_mesityl><LA2_pentachlorophenyl>,Cc1cc(C)c(B(CCCCCCP(c2c(C)cc(C)cc2C)c2c(C)cc(C)cc2C)c2c(Cl)c(Cl)c(Cl)c(Cl)c2Cl)c(C)c1
P,mesityl,mesityl,C1,mesityl,bis_cf3_phenyl,<LB_P><LB1_mesityl><LB2_mesityl><LINKER_C1><LA1_mesityl><LA2_bis_cf3_phenyl>,Cc1cc(C)c(B(CP(c2c(C)cc(C)cc2C)c2c(C)cc(C)cc2C)c2cc(C(F)(F)F)cc(C(F)(F)F)c2)c(C)c1
P,mesityl,mesityl,C2,mesityl,bis_cf3_phenyl,<LB_P><LB1_mesityl><LB2_mesityl><LINKER_C2><LA1_mesityl><LA2_bis_cf3_phenyl>,Cc1cc(C)c(B(CCP(c2c(C)cc(C)cc2C)c2c(C)cc(C)cc2C)c2cc(C(F)(F)F)cc(C(F)(F)F)c2)c(C)c1
P,mesityl,mesityl,C3,mesityl,bis_cf3_phenyl,<LB_P><LB1_mesityl><LB2_mesityl><LINKER_C3><LA1_mesityl><LA2_bis_cf3_phenyl>,Cc1cc(C)c(B(CCCP(c2c(C)cc(C)cc2C)c2c(C)cc(C)cc2C)c2cc(C(F)(F)F)cc(C(F)(F)F)c2)c(C)c1
P,mesityl,mesityl,C4,mesityl,bis_cf3_phenyl,<LB_P><LB1_mesityl><LB2_mesityl><LINKER_C4><LA1_mesityl><LA2_bis_cf3_phenyl>,Cc1cc(C)c(B(CCCCP(c2c(C)cc(C)cc2C)c2c(C)cc(C)cc2C)c2cc(C(F)(F)F)cc(C(F)(F)F)c2)c(C)c1
P,mesityl,mesityl,C5,mesityl,bis_cf3_phenyl,<LB_P><LB1_mesityl><LB2_mesityl><LINKER_C5><LA1_mesityl><LA2_bis_cf3_phenyl>,Cc1cc(C)c(B(CCCCCP(c2c(C)cc(C)cc2C)c2c(C)cc(C)cc2C)c2cc(C(F)(F)F)cc(C(F)(F)F)c2)c(C)c1
P,mesityl,mesityl,C6,mesityl,bis_cf3_phenyl,<LB_P><LB1_mesityl><LB2_mesityl><LINKER_C6><LA1_mesityl><LA2_bis_cf3_phenyl>,Cc1cc(C)c(B(CCCCCCP(c2c(C)cc(C)cc2C)c2c(C)cc(C)cc2C)c2cc(C(F)(F)F)cc(C(F)(F)F)c2)c(C)c1
P,mesityl,mesityl,C1,pentafluorophenyl,pentafluorophenyl,<LB_P><LB1_mesityl><LB2_mesityl><LINKER_C1><LA1_pentafluorophenyl><LA2_pentafluorophenyl>,Cc1cc(C)c(P(CB(c2c(F)c(F)c(F)c(F)c2F)c2c(F)c(F)c(F)c(F)c2F)c2c(C)cc(C)cc2C)c(C)c1
P,mesityl,mesityl,C2,pentafluorophenyl,pentafluorophenyl,<LB_P><LB1_mesityl><LB2_mesityl><LINKER_C2><LA1_pentafluorophenyl><LA2_pentafluorophenyl>,Cc1cc(C)c(P(CCB(c2c(F)c(F)c(F)c(F)c2F)c2c(F)c(F)c(F)c(F)c2F)c2c(C)cc(C)cc2C)c(C)c1
P,mesityl,mesityl,C3,pentafluorophenyl,pentafluorophenyl,<LB_P><LB1_mesityl><LB2_mesityl><LINKER_C3><LA1_pentafluorophenyl><LA2_pentafluorophenyl>,Cc1cc(C)c(P(CCCB(c2c(F)c(F)c(F)c(F)c2F)c2c(F)c(F)c(F)c(F)c2F)c2c(C)cc(C)cc2C)c(C)c1
P,mesityl,mesityl,C4,pentafluorophenyl,pentafluorophenyl,<LB_P><LB1_mesityl><LB2_mesityl><LINKER_C4><LA1_pentafluorophenyl><LA2_pentafluorophenyl>,Cc1cc(C)c(P(CCCCB(c2c(F)c(F)c(F)c(F)c2F)c2c(F)c(F)c(F)c(F)c2F)c2c(C)cc(C)cc2C)c(C)c1
P,mesityl,mesityl,C5,pentafluorophenyl,pentafluorophenyl,<LB_P><LB1_mesityl><LB2_mesityl><LINKER_C5><LA1_pentafluorophenyl><LA2_pentafluorophenyl>,Cc1cc(C)c(P(CCCCCB(c2c(F)c(F)c(F)c(F)c2F)c2c(F)c(F)c(F)c(F)c2F)c2c(C)cc(C)cc2C)c(C)c1
P,mesityl,mesityl,C6,pentafluorophenyl,pentafluorophenyl,<LB_P><LB1_mesityl><LB2_mesityl><LINKER_C6><LA1_pentafluorophenyl><LA2_pentafluorophenyl>,Cc1cc(C)c(P(CCCCCCB(c2c(F)c(F)c(F)c(F)c2F)c2c(F)c(F)c(F)c(F)c2F)c2c(C)cc(C)cc2C)c(C)c1
P,mesityl,mesityl,C1,pentafluorophenyl,pentachlorophenyl,<LB_P><LB1_mesityl><LB2_mesityl><LINKER_C1><LA1_pentafluorophenyl><LA2_pentachlorophenyl>,Cc1cc(C)c(P(CB(c2c(F)c(F)c(F)c(F)c2F)c2c(Cl)c(Cl)c(Cl)c(Cl)c2Cl)c2c(C)cc(C)cc2C)c(C)c1
P,mesityl,mesityl,C2,pentafluorophenyl,pentachlorophenyl,<LB_P><LB1_mesityl><LB2_mesityl><LINKER_C2><LA1_pentafluorophenyl><LA2_pentachlorophenyl>,Cc1cc(C)c(P(CCB(c2c(F)c(F)c(F)c(F)c2F)c2c(Cl)c(Cl)c(Cl)c(Cl)c2Cl)c2c(C)cc(C)cc2C)c(C)c1
P,mesityl,mesityl,C3,pentafluorophenyl,pentachlorophenyl,<LB_P><LB1_mesityl><LB2_mesityl><LINKER_C3><LA1_pentafluorophenyl><LA2_pentachlorophenyl>,Cc1cc(C)c(P(CCCB(c2c(F)c(F)c(F)c(F)c2F)c2c(Cl)c(Cl)c(Cl)c(Cl)c2Cl)c2c(C)cc(C)cc2C)c(C)c1
P,mesityl,mesityl,C4,pentafluorophenyl,pentachlorophenyl,<LB_P><LB1_mesityl><LB2_mesityl><LINKER_C4><LA1_pentafluorophenyl><LA2_pentachlorophenyl>,Cc1cc(C)c(P(CCCCB(c2c(F)c(F)c(F)c(F)c2F)c2c(Cl)c(Cl)c(Cl)c(Cl)c2Cl)c2c(C)cc(C)cc2C)c(C)c1
P,mesityl,mesityl,C5,pentafluorophenyl,pentachlorophenyl,<LB_P><LB1_mesityl><LB2_mesityl><LINKER_C5><LA1_pentafluorophenyl><LA2_pentachlorophenyl>,Cc1cc(C)c(P(CCCCCB(c2c(F)c(F)c(F)c(F)c2F)c2c(Cl)c(Cl)c(Cl)c(Cl)c2Cl)c2c(C)cc(C)cc2C)c(C)c1
P,mesityl,mesityl,C6,pentafluorophenyl,pentachlorophenyl,<LB_P><LB1_mesityl><LB2_mesityl><LINKER_C6><LA1_pentafluorophenyl><LA2_pentachlorophenyl>,Cc1cc(C)c(P(CCCCCCB(c2c(F)c(F)c(F)c(F)c2F)c2c(Cl)c(Cl)c(Cl)c(Cl)c2Cl)c2c(C)cc(C)cc2C)c(C)c1
P,mesityl,mesityl,C1,pentafluorophenyl,bis_cf3_phenyl,<LB_P><LB1_mesityl><LB2_mesityl><LINKER_C1><LA1_pentafluorophenyl><LA2_bis_cf3_phenyl>,Cc1cc(C)c(P(CB(c2cc(C(F)(F)F)cc(C(F)(F)F)c2)c2c(F)c(F)c(F)c(F)c2F)c2c(C)cc(C)cc2C)c(C)c1
P,mesityl,mesityl,C2,pentafluorophenyl,bis_cf3_phenyl,<LB_P><LB1_mesityl><LB2_mesityl><LINKER_C2><LA1_pentafluorophenyl><LA2_bis_cf3_phenyl>,Cc1cc(C)c(P(CCB(c2cc(C(F)(F)F)cc(C(F)(F)F)c2)c2c(F)c(F)c(F)c(F)c2F)c2c(C)cc(C)cc2C)c(C)c1
P,mesityl,mesityl,C3,pentafluorophenyl,bis_cf3_phenyl,<LB_P><LB1_mesityl><LB2_mesityl><LINKER_C3><LA1_pentafluorophenyl><LA2_bis_cf3_phenyl>,Cc1cc(C)c(P(CCCB(c2cc(C(F)(F)F)cc(C(F)(F)F)c2)c2c(F)c(F)c(F)c(F)c2F)c2c(C)cc(C)cc2C)c(C)c1
P,mesityl,mesityl,C4,pentafluorophenyl,bis_cf3_phenyl,<LB_P><LB1_mesityl><LB2_mesityl><LINKER_C4><LA1_pentafluorophenyl><LA2_bis_cf3_phenyl>,Cc1cc(C)c(P(CCCCB(c2cc(C(F)(F)F)cc(C(F)(F)F)c2)c2c(F)c(F)c(F)c(F)c2F)c2c(C)cc(C)cc2C)c(C)c1
P,mesityl,mesityl,C5,pentafluorophenyl,bis_cf3_phenyl,<LB_P><LB1_mesityl><LB2_mesityl><LINKER_C5><LA1_pentafluorophenyl><LA2_bis_cf3_phenyl>,Cc1cc(C)c(P(CCCCCB(c2cc(C(F)(F)F)cc(C(F)(F)F)c2)c2c(F)c(F)c(F)c(F)c2F)c2c(C)cc(C)cc2C)c(C)c1
P,mesityl,mesityl,C6,pentafluorophenyl,bis_cf3_phenyl,<LB_P><LB1_mesityl><LB2_mesityl><LINKER_C6><LA1_pentafluorophenyl><LA2_bis_cf3_phenyl>,Cc1cc(C)c(P(CCCCCCB(c2cc(C(F)(F)F)cc(C(F)(F)F)c2)c2c(F)c(F)c(F)c(F)c2F)c2c(C)cc(C)cc2C)c(C)c1
P,mesityl,mesityl,C1,pentachlorophenyl,pentachlorophenyl,<LB_P><LB1_mesityl><LB2_mesityl><LINKER_C1><LA1_pentachlorophenyl><LA2_pentachlorophenyl>,Cc1cc(C)c(P(CB(c2c(Cl)c(Cl)c(Cl)c(Cl)c2Cl)c2c(Cl)c(Cl)c(Cl)c(Cl)c2Cl)c2c(C)cc(C)cc2C)c(C)c1
P,mesityl,mesityl,C2,pentachlorophenyl,pentachlorophenyl,<LB_P><LB1_mesityl><LB2_mesityl><LINKER_C2><LA1_pentachlorophenyl><LA2_pentachlorophenyl>,Cc1cc(C)c(P(CCB(c2c(Cl)c(Cl)c(Cl)c(Cl)c2Cl)c2c(Cl)c(Cl)c(Cl)c(Cl)c2Cl)c2c(C)cc(C)cc2C)c(C)c1
P,mesityl,mesityl,C3,pentachlorophenyl,pentachlorophenyl,<LB_P><LB1_mesityl><LB2_mesityl><LINKER_C3><LA1_pentachlorophenyl><LA2_pentachlorophenyl>,Cc1cc(C)c(P(CCCB(c2c(Cl)c(Cl)c(Cl)c(Cl)c2Cl)c2c(Cl)c(Cl)c(Cl)c(Cl)c2Cl)c2c(C)cc(C)cc2C)c(C)c1
P,mesityl,mesityl,C4,pentachlorophenyl,pentachlorophenyl,<LB_P><LB1_mesityl><LB2_mesityl><LINKER_C4><LA1_pentachlorophenyl><LA2_pentachlorophenyl>,Cc1cc(C)c(P(CCCCB(c2c(Cl)c(Cl)c(Cl)c(Cl)c2Cl)c2c(Cl)c(Cl)c(Cl)c(Cl)c2Cl)c2c(C)cc(C)cc2C)c(C)c1
P,mesityl,mesityl,C5,pentachlorophenyl,pentachlorophenyl,<LB_P><LB1_mesityl><LB2_mesityl><LINKER_C5><LA1_pentachlorophenyl><LA2_pentachlorophenyl>,Cc1cc(C)c(P(CCCCCB(c2c(Cl)c(Cl)c(Cl)c(Cl)c2Cl)c2c(Cl)c(Cl)c(Cl)c(Cl)c2Cl)c2c(C)cc(C)cc2C)c(C)c1
P,mesityl,mesityl,C6,pentachlorophenyl,pentachlorophenyl,<LB_P><LB1_mesityl><LB2_mesityl><LINKER_C6><LA1_pentachlorophenyl><LA2_pentachlorophenyl>,Cc1cc(C)c(P(CCCCCCB(c2c(Cl)c(Cl)c(Cl)c(Cl)c2Cl)c2c(Cl)c(Cl)c(Cl)c(Cl)c2Cl)c2c(C)cc(C)cc2C)c(C)c1
P,mesityl,mesityl,C1,pentachlorophenyl,bis_cf3_phenyl,<LB_P><LB1_mesityl><LB2_mesityl><LINKER_C1><LA1_pentachlorophenyl><LA2_bis_cf3_phenyl>,Cc1cc(C)c(P(CB(c2cc(C(F)(F)F)cc(C(F)(F)F)c2)c2c(Cl)c(Cl)c(Cl)c(Cl)c2Cl)c2c(C)cc(C)cc2C)c(C)c1
P,mesityl,mesityl,C2,pentachlorophenyl,bis_cf3_phenyl,<LB_P><LB1_mesityl><LB2_mesityl><LINKER_C2><LA1_pentachlorophenyl><LA2_bis_cf3_phenyl>,Cc1cc(C)c(P(CCB(c2cc(C(F)(F)F)cc(C(F)(F)F)c2)c2c(Cl)c(Cl)c(Cl)c(Cl)c2Cl)c2c(C)cc(C)cc2C)c(C)c1
P,mesityl,mesityl,C3,pentachlorophenyl,bis_cf3_phenyl,<LB_P><LB1_mesityl><LB2_mesityl><LINKER_C3><LA1_pentachlorophenyl><LA2_bis_cf3_phenyl>,Cc1cc(C)c(P(CCCB(c2cc(C(F)(F)F)cc(C(F)(F)F)c2)c2c(Cl)c(Cl)c(Cl)c(Cl)c2Cl)c2c(C)cc(C)cc2C)c(C)c1
P,mesityl,mesityl,C4,pentachlorophenyl,bis_cf3_phenyl,<LB_P><LB1_mesityl><LB2_mesityl><LINKER_C4><LA1_pentachlorophenyl><LA2_bis_cf3_phenyl>,Cc1cc(C)c(P(CCCCB(c2cc(C(F)(F)F)cc(C(F)(F)F)c2)c2c(Cl)c(Cl)c(Cl)c(Cl)c2Cl)c2c(C)cc(C)cc2C)c(C)c1
P,mesityl,mesityl,C5,pentachlorophenyl,bis_cf3_phenyl,<LB_P><LB1_mesityl><LB2_mesityl><LINKER_C5><LA1_pentachlorophenyl><LA2_bis_cf3_phenyl>,Cc1cc(C)c(P(CCCCCB(c2cc(C(F)(F)F)cc(C(F)(F)F)c2)c2c(Cl)c(Cl)c(Cl)c(Cl)c2Cl)c2c(C)cc(C)cc2C)c(C)c1
P,mesityl,mesityl,C6,pentachlorophenyl,bis_cf3_phenyl,<LB_P><LB1_mesityl><LB2_mesityl><LINKER_C6><LA1_pentachlorophenyl><LA2_bis_cf3_phenyl>,Cc1cc(C)c(P(CCCCCCB(c2cc(C(F)(F)F)cc(C(F)(F)F)c2)c2c(Cl)c(Cl)c(Cl)c(Cl)c2Cl)c2c(C)cc(C)cc2C)c(C)c1
P,mesityl,mesityl,C1,bis_cf3_phenyl,bis_cf3_phenyl,<LB_P><LB1_mesityl><LB2_mesityl><LINKER_C1><LA1_bis_cf3_phenyl><LA2_bis_cf3_phenyl>,Cc1cc(C)c(P(CB(c2cc(C(F)(F)F)cc(C(F)(F)F)c2)c2cc(C(F)(F)F)cc(C(F)(F)F)c2)c2c(C)cc(C)cc2C)c(C)c1
P,mesityl,mesityl,C2,bis_cf3_phenyl,bis_cf3_phenyl,<LB_P><LB1_mesityl><LB2_mesityl><LINKER_C2><LA1_bis_cf3_phenyl><LA2_bis_cf3_phenyl>,Cc1cc(C)c(P(CCB(c2cc(C(F)(F)F)cc(C(F)(F)F)c2)c2cc(C(F)(F)F)cc(C(F)(F)F)c2)c2c(C)cc(C)cc2C)c(C)c1
P,mesityl,mesityl,C3,bis_cf3_phenyl,bis_cf3_phenyl,<LB_P><LB1_mesityl><LB2_mesityl><LINKER_C3><LA1_bis_cf3_phenyl><LA2_bis_cf3_phenyl>,Cc1cc(C)c(P(CCCB(c2cc(C(F)(F)F)cc(C(F)(F)F)c2)c2cc(C(F)(F)F)cc(C(F)(F)F)c2)c2c(C)cc(C)cc2C)c(C)c1
P,mesityl,mesityl,C4,bis_cf3_phenyl,bis_cf3_phenyl,<LB_P><LB1_mesityl><LB2_mesityl><LINKER_C4><LA1_bis_cf3_phenyl><LA2_bis_cf3_phenyl>,Cc1cc(C)c(P(CCCCB(c2cc(C(F)(F)F)cc(C(F)(F)F)c2)c2cc(C(F)(F)F)cc(C(F)(F)F)c2)c2c(C)cc(C)cc2C)c(C)c1
P,mesityl,mesityl,C5,bis_cf3_phenyl,bis_cf3_phenyl,<LB_P><LB1_mesityl><LB2_mesityl><LINKER_C5><LA1_bis_cf3_phenyl><LA2_bis_cf3_phenyl>,Cc1cc(C)c(P(CCCCCB(c2cc(C(F)(F)F)cc(C(F)(F)F)c2)c2cc(C(F)(F)F)cc(C(F)(F)F)c2)c2c(C)cc(C)cc2C)c(C)c1
P,mesityl,mesityl,C6,bis_cf3_phenyl,bis_cf3_phenyl,<LB_P><LB1_mesityl><LB2_mesityl><LINKER_C6><LA1_bis_cf3_phenyl><LA2_bis_cf3_phenyl>,Cc1cc(C)c(P(CCCCCCB(c2cc(C(F)(F)F)cc(C(F)(F)F)c2)c2cc(C(F)(F)F)cc(C(F)(F)F)c2)c2c(C)cc(C)cc2C)c(C)c1
P,mesityl,tert_butyl,C1,phenyl,phenyl,<LB_P><LB1_mesityl><LB2_tert_butyl><LINKER_C1><LA1_phenyl><LA2_phenyl>,Cc1cc(C)c(P(CB(c2ccccc2)c2ccccc2)C(C)(C)C)c(C)c1
P,mesityl,tert_butyl,C2,phenyl,phenyl,<LB_P><LB1_mesityl><LB2_tert_butyl><LINKER_C2><LA1_phenyl><LA2_phenyl>,Cc1cc(C)c(P(CCB(c2ccccc2)c2ccccc2)C(C)(C)C)c(C)c1
P,mesityl,tert_butyl,C3,phenyl,phenyl,<LB_P><LB1_mesityl><LB2_tert_butyl><LINKER_C3><LA1_phenyl><LA2_phenyl>,Cc1cc(C)c(P(CCCB(c2ccccc2)c2ccccc2)C(C)(C)C)c(C)c1
P,mesityl,tert_butyl,C4,phenyl,phenyl,<LB_P><LB1_mesityl><LB2_tert_butyl><LINKER_C4><LA1_phenyl><LA2_phenyl>,Cc1cc(C)c(P(CCCCB(c2ccccc2)c2ccccc2)C(C)(C)C)c(C)c1
P,mesityl,tert_butyl,C5,phenyl,phenyl,<LB_P><LB1_mesityl><LB2_tert_butyl><LINKER_C5><LA1_phenyl><LA2_phenyl>,Cc1cc(C)c(P(CCCCCB(c2ccccc2)c2ccccc2)C(C)(C)C)c(C)c1
P,mesityl,tert_butyl,C6,phenyl,phenyl,<LB_P><LB1_mesityl><LB2_tert_butyl><LINKER_C6><LA1_phenyl><LA2_phenyl>,Cc1cc(C)c(P(CCCCCCB(c2ccccc2)c2ccccc2)C(C)(C)C)c(C)c1
P,mesityl,tert_butyl,C1,phenyl,p_tolyl,<LB_P><LB1_mesityl><LB2_tert_butyl><LINKER_C1><LA1_phenyl><LA2_p_tolyl>,Cc1ccc(B(CP(c2c(C)cc(C)cc2C)C(C)(C)C)c2ccccc2)cc1
P,mesityl,tert_butyl,C2,phenyl,p_tolyl,<LB_P><LB1_mesityl><LB2_tert_butyl><LINKER_C2><LA1_phenyl><LA2_p_tolyl>,Cc1ccc(B(CCP(c2c(C)cc(C)cc2C)C(C)(C)C)c2ccccc2)cc1
P,mesityl,tert_butyl,C3,phenyl,p_tolyl,<LB_P><LB1_mesityl><LB2_tert_butyl><LINKER_C3><LA1_phenyl><LA2_p_tolyl>,Cc1ccc(B(CCCP(c2c(C)cc(C)cc2C)C(C)(C)C)c2ccccc2)cc1
P,mesityl,tert_butyl,C4,phenyl,p_tolyl,<LB_P><LB1_mesityl><LB2_tert_butyl><LINKER_C4><LA1_phenyl><LA2_p_tolyl>,Cc1ccc(B(CCCCP(c2c(C)cc(C)cc2C)C(C)(C)C)c2ccccc2)cc1
P,mesityl,tert_butyl,C5,phenyl,p_tolyl,<LB_P><LB1_mesityl><LB2_tert_butyl><LINKER_C5><LA1_phenyl><LA2_p_tolyl>,Cc1ccc(B(CCCCCP(c2c(C)cc(C)cc2C)C(C)(C)C)c2ccccc2)cc1
P,mesityl,tert_butyl,C6,phenyl,p_tolyl,<LB_P><LB1_mesityl><LB2_tert_butyl><LINKER_C6><LA1_phenyl><LA2_p_tolyl>,Cc1ccc(B(CCCCCCP(c2c(C)cc(C)cc2C)C(C)(C)C)c2ccccc2)cc1
P,mesityl,tert_butyl,C1,phenyl,mesityl,<LB_P><LB1_mesityl><LB2_tert_butyl><LINKER_C1><LA1_phenyl><LA2_mesityl>,Cc1cc(C)c(B(CP(c2c(C)cc(C)cc2C)C(C)(C)C)c2ccccc2)c(C)c1
P,mesityl,tert_butyl,C2,phenyl,mesityl,<LB_P><LB1_mesityl><LB2_tert_butyl><LINKER_C2><LA1_phenyl><LA2_mesityl>,Cc1cc(C)c(B(CCP(c2c(C)cc(C)cc2C)C(C)(C)C)c2ccccc2)c(C)c1
P,mesityl,tert_butyl,C3,phenyl,mesityl,<LB_P><LB1_mesityl><LB2_tert_butyl><LINKER_C3><LA1_phenyl><LA2_mesityl>,Cc1cc(C)c(B(CCCP(c2c(C)cc(C)cc2C)C(C)(C)C)c2ccccc2)c(C)c1
P,mesityl,tert_butyl,C4,phenyl,mesityl,<LB_P><LB1_mesityl><LB2_tert_butyl><LINKER_C4><LA1_phenyl><LA2_mesityl>,Cc1cc(C)c(B(CCCCP(c2c(C)cc(C)cc2C)C(C)(C)C)c2ccccc2)c(C)c1
P,mesityl,tert_butyl,C5,phenyl,mesityl,<LB_P><LB1_mesityl><LB2_tert_butyl><LINKER_C5><LA1_phenyl><LA2_mesityl>,Cc1cc(C)c(B(CCCCCP(c2c(C)cc(C)cc2C)C(C)(C)C)c2ccccc2)c(C)c1
P,mesityl,tert_butyl,C6,phenyl,mesityl,<LB_P><LB1_mesityl><LB2_tert_butyl><LINKER_C6><LA1_phenyl><LA2_mesityl>,Cc1cc(C)c(B(CCCCCCP(c2c(C)cc(C)cc2C)C(C)(C)C)c2ccccc2)c(C)c1
P,mesityl,tert_butyl,C1,phenyl,pentafluorophenyl,<LB_P><LB1_mesityl><LB2_tert_butyl><LINKER_C1><LA1_phenyl><LA2_pentafluorophenyl>,Cc1cc(C)c(P(CB(c2ccccc2)c2c(F)c(F)c(F)c(F)c2F)C(C)(C)C)c(C)c1
P,mesityl,tert_butyl,C2,phenyl,pentafluorophenyl,<LB_P><LB1_mesityl><LB2_tert_butyl><LINKER_C2><LA1_phenyl><LA2_pentafluorophenyl>,Cc1cc(C)c(P(CCB(c2ccccc2)c2c(F)c(F)c(F)c(F)c2F)C(C)(C)C)c(C)c1
P,mesityl,tert_butyl,C3,phenyl,pentafluorophenyl,<LB_P><LB1_mesityl><LB2_tert_butyl><LINKER_C3><LA1_phenyl><LA2_pentafluorophenyl>,Cc1cc(C)c(P(CCCB(c2ccccc2)c2c(F)c(F)c(F)c(F)c2F)C(C)(C)C)c(C)c1
P,mesityl,tert_butyl,C4,phenyl,pentafluorophenyl,<LB_P><LB1_mesityl><LB2_tert_butyl><LINKER_C4><LA1_phenyl><LA2_pentafluorophenyl>,Cc1cc(C)c(P(CCCCB(c2ccccc2)c2c(F)c(F)c(F)c(F)c2F)C(C)(C)C)c(C)c1
P,mesityl,tert_butyl,C5,phenyl,pentafluorophenyl,<LB_P><LB1_mesityl><LB2_tert_butyl><LINKER_C5><LA1_phenyl><LA2_pentafluorophenyl>,Cc1cc(C)c(P(CCCCCB(c2ccccc2)c2c(F)c(F)c(F)c(F)c2F)C(C)(C)C)c(C)c1
P,mesityl,tert_butyl,C6,phenyl,pentafluorophenyl,<LB_P><LB1_mesityl><LB2_tert_butyl><LINKER_C6><LA1_phenyl><LA2_pentafluorophenyl>,Cc1cc(C)c(P(CCCCCCB(c2ccccc2)c2c(F)c(F)c(F)c(F)c2F)C(C)(C)C)c(C)c1
P,mesityl,tert_butyl,C1,phenyl,pentachlorophenyl,<LB_P><LB1_mesityl><LB2_tert_butyl><LINKER_C1><LA1_phenyl><LA2_pentachlorophenyl>,Cc1cc(C)c(P(CB(c2ccccc2)c2c(Cl)c(Cl)c(Cl)c(Cl)c2Cl)C(C)(C)C)c(C)c1
P,mesityl,tert_butyl,C2,phenyl,pentachlorophenyl,<LB_P><LB1_mesityl><LB2_tert_butyl><LINKER_C2><LA1_phenyl><LA2_pentachlorophenyl>,Cc1cc(C)c(P(CCB(c2ccccc2)c2c(Cl)c(Cl)c(Cl)c(Cl)c2Cl)C(C)(C)C)c(C)c1
P,mesityl,tert_butyl,C3,phenyl,pentachlorophenyl,<LB_P><LB1_mesityl><LB2_tert_butyl><LINKER_C3><LA1_phenyl><LA2_pentachlorophenyl>,Cc1cc(C)c(P(CCCB(c2ccccc2)c2c(Cl)c(Cl)c(Cl)c(Cl)c2Cl)C(C)(C)C)c(C)c1
P,mesityl,tert_butyl,C4,phenyl,pentachlorophenyl,<LB_P><LB1_mesityl><LB2_tert_butyl><LINKER_C4><LA1_phenyl><LA2_pentachlorophenyl>,Cc1cc(C)c(P(CCCCB(c2ccccc2)c2c(Cl)c(Cl)c(Cl)c(Cl)c2Cl)C(C)(C)C)c(C)c1
P,mesityl,tert_butyl,C5,phenyl,pentachlorophenyl,<LB_P><LB1_mesityl><LB2_tert_butyl><LINKER_C5><LA1_phenyl><LA2_pentachlorophenyl>,Cc1cc(C)c(P(CCCCCB(c2ccccc2)c2c(Cl)c(Cl)c(Cl)c(Cl)c2Cl)C(C)(C)C)c(C)c1
P,mesityl,tert_butyl,C6,phenyl,pentachlorophenyl,<LB_P><LB1_mesityl><LB2_tert_butyl><LINKER_C6><LA1_phenyl><LA2_pentachlorophenyl>,Cc1cc(C)c(P(CCCCCCB(c2ccccc2)c2c(Cl)c(Cl)c(Cl)c(Cl)c2Cl)C(C)(C)C)c(C)c1
P,mesityl,tert_butyl,C1,phenyl,bis_cf3_phenyl,<LB_P><LB1_mesityl><LB2_tert_butyl><LINKER_C1><LA1_phenyl><LA2_bis_cf3_phenyl>,Cc1cc(C)c(P(CB(c2ccccc2)c2cc(C(F)(F)F)cc(C(F)(F)F)c2)C(C)(C)C)c(C)c1
P,mesityl,tert_butyl,C2,phenyl,bis_cf3_phenyl,<LB_P><LB1_mesityl><LB2_tert_butyl><LINKER_C2><LA1_phenyl><LA2_bis_cf3_phenyl>,Cc1cc(C)c(P(CCB(c2ccccc2)c2cc(C(F)(F)F)cc(C(F)(F)F)c2)C(C)(C)C)c(C)c1
P,mesityl,tert_butyl,C3,phenyl,bis_cf3_phenyl,<LB_P><LB1_mesityl><LB2_tert_butyl><LINKER_C3><LA1_phenyl><LA2_bis_cf3_phenyl>,Cc1cc(C)c(P(CCCB(c2ccccc2)c2cc(C(F)(F)F)cc(C(F)(F)F)c2)C(C)(C)C)c(C)c1
P,mesityl,tert_butyl,C4,phenyl,bis_cf3_phenyl,<LB_P><LB1_mesityl><LB2_tert_butyl><LINKER_C4><LA1_phenyl><LA2_bis_cf3_phenyl>,Cc1cc(C)c(P(CCCCB(c2ccccc2)c2cc(C(F)(F)F)cc(C(F)(F)F)c2)C(C)(C)C)c(C)c1
P,mesityl,tert_butyl,C5,phenyl,bis_cf3_phenyl,<LB_P><LB1_mesityl><LB2_tert_butyl><LINKER_C5><LA1_phenyl><LA2_bis_cf3_phenyl>,Cc1cc(C)c(P(CCCCCB(c2ccccc2)c2cc(C(F)(F)F)cc(C(F)(F)F)c2)C(C)(C)C)c(C)c1
P,mesityl,tert_butyl,C6,phenyl,bis_cf3_phenyl,<LB_P><LB1_mesityl><LB2_tert_butyl><LINKER_C6><LA1_phenyl><LA2_bis_cf3_phenyl>,Cc1cc(C)c(P(CCCCCCB(c2ccccc2)c2cc(C(F)(F)F)cc(C(F)(F)F)c2)C(C)(C)C)c(C)c1
P,mesityl,tert_butyl,C1,p_tolyl,p_tolyl,<LB_P><LB1_mesityl><LB2_tert_butyl><LINKER_C1><LA1_p_tolyl><LA2_p_tolyl>,Cc1ccc(B(CP(c2c(C)cc(C)cc2C)C(C)(C)C)c2ccc(C)cc2)cc1
P,mesityl,tert_butyl,C2,p_tolyl,p_tolyl,<LB_P><LB1_mesityl><LB2_tert_butyl><LINKER_C2><LA1_p_tolyl><LA2_p_tolyl>,Cc1ccc(B(CCP(c2c(C)cc(C)cc2C)C(C)(C)C)c2ccc(C)cc2)cc1
P,mesityl,tert_butyl,C3,p_tolyl,p_tolyl,<LB_P><LB1_mesityl><LB2_tert_butyl><LINKER_C3><LA1_p_tolyl><LA2_p_tolyl>,Cc1ccc(B(CCCP(c2c(C)cc(C)cc2C)C(C)(C)C)c2ccc(C)cc2)cc1
P,mesityl,tert_butyl,C4,p_tolyl,p_tolyl,<LB_P><LB1_mesityl><LB2_tert_butyl><LINKER_C4><LA1_p_tolyl><LA2_p_tolyl>,Cc1ccc(B(CCCCP(c2c(C)cc(C)cc2C)C(C)(C)C)c2ccc(C)cc2)cc1
P,mesityl,tert_butyl,C5,p_tolyl,p_tolyl,<LB_P><LB1_mesityl><LB2_tert_butyl><LINKER_C5><LA1_p_tolyl><LA2_p_tolyl>,Cc1ccc(B(CCCCCP(c2c(C)cc(C)cc2C)C(C)(C)C)c2ccc(C)cc2)cc1
P,mesityl,tert_butyl,C6,p_tolyl,p_tolyl,<LB_P><LB1_mesityl><LB2_tert_butyl><LINKER_C6><LA1_p_tolyl><LA2_p_tolyl>,Cc1ccc(B(CCCCCCP(c2c(C)cc(C)cc2C)C(C)(C)C)c2ccc(C)cc2)cc1
P,mesityl,tert_butyl,C1,p_tolyl,mesityl,<LB_P><LB1_mesityl><LB2_tert_butyl><LINKER_C1><LA1_p_tolyl><LA2_mesityl>,Cc1ccc(B(CP(c2c(C)cc(C)cc2C)C(C)(C)C)c2c(C)cc(C)cc2C)cc1
P,mesityl,tert_butyl,C2,p_tolyl,mesityl,<LB_P><LB1_mesityl><LB2_tert_butyl><LINKER_C2><LA1_p_tolyl><LA2_mesityl>,Cc1ccc(B(CCP(c2c(C)cc(C)cc2C)C(C)(C)C)c2c(C)cc(C)cc2C)cc1
P,mesityl,tert_butyl,C3,p_tolyl,mesityl,<LB_P><LB1_mesityl><LB2_tert_butyl><LINKER_C3><LA1_p_tolyl><LA2_mesityl>,Cc1ccc(B(CCCP(c2c(C)cc(C)cc2C)C(C)(C)C)c2c(C)cc(C)cc2C)cc1
P,mesityl,tert_butyl,C4,p_tolyl,mesityl,<LB_P><LB1_mesityl><LB2_tert_butyl><LINKER_C4><LA1_p_tolyl><LA2_mesityl>,Cc1ccc(B(CCCCP(c2c(C)cc(C)cc2C)C(C)(C)C)c2c(C)cc(C)cc2C)cc1
P,mesityl,tert_butyl,C5,p_tolyl,mesityl,<LB_P><LB1_mesityl><LB2_tert_butyl><LINKER_C5><LA1_p_tolyl><LA2_mesityl>,Cc1ccc(B(CCCCCP(c2c(C)cc(C)cc2C)C(C)(C)C)c2c(C)cc(C)cc2C)cc1
P,mesityl,tert_butyl,C6,p_tolyl,mesityl,<LB_P><LB1_mesityl><LB2_tert_butyl><LINKER_C6><LA1_p_tolyl><LA2_mesityl>,Cc1ccc(B(CCCCCCP(c2c(C)cc(C)cc2C)C(C)(C)C)c2c(C)cc(C)cc2C)cc1
P,mesityl,tert_butyl,C1,p_tolyl,pentafluorophenyl,<LB_P><LB1_mesityl><LB2_tert_butyl><LINKER_C1><LA1_p_tolyl><LA2_pentafluorophenyl>,Cc1ccc(B(CP(c2c(C)cc(C)cc2C)C(C)(C)C)c2c(F)c(F)c(F)c(F)c2F)cc1
P,mesityl,tert_butyl,C2,p_tolyl,pentafluorophenyl,<LB_P><LB1_mesityl><LB2_tert_butyl><LINKER_C2><LA1_p_tolyl><LA2_pentafluorophenyl>,Cc1ccc(B(CCP(c2c(C)cc(C)cc2C)C(C)(C)C)c2c(F)c(F)c(F)c(F)c2F)cc1
P,mesityl,tert_butyl,C3,p_tolyl,pentafluorophenyl,<LB_P><LB1_mesityl><LB2_tert_butyl><LINKER_C3><LA1_p_tolyl><LA2_pentafluorophenyl>,Cc1ccc(B(CCCP(c2c(C)cc(C)cc2C)C(C)(C)C)c2c(F)c(F)c(F)c(F)c2F)cc1
P,mesityl,tert_butyl,C4,p_tolyl,pentafluorophenyl,<LB_P><LB1_mesityl><LB2_tert_butyl><LINKER_C4><LA1_p_tolyl><LA2_pentafluorophenyl>,Cc1ccc(B(CCCCP(c2c(C)cc(C)cc2C)C(C)(C)C)c2c(F)c(F)c(F)c(F)c2F)cc1
P,mesityl,tert_butyl,C5,p_tolyl,pentafluorophenyl,<LB_P><LB1_mesityl><LB2_tert_butyl><LINKER_C5><LA1_p_tolyl><LA2_pentafluorophenyl>,Cc1ccc(B(CCCCCP(c2c(C)cc(C)cc2C)C(C)(C)C)c2c(F)c(F)c(F)c(F)c2F)cc1
P,mesityl,tert_butyl,C6,p_tolyl,pentafluorophenyl,<LB_P><LB1_mesityl><LB2_tert_butyl><LINKER_C6><LA1_p_tolyl><LA2_pentafluorophenyl>,Cc1ccc(B(CCCCCCP(c2c(C)cc(C)cc2C)C(C)(C)C)c2c(F)c(F)c(F)c(F)c2F)cc1
P,mesityl,tert_butyl,C1,p_tolyl,pentachlorophenyl,<LB_P><LB1_mesityl><LB2_tert_butyl><LINKER_C1><LA1_p_tolyl><LA2_pentachlorophenyl>,Cc1ccc(B(CP(c2c(C)cc(C)cc2C)C(C)(C)C)c2c(Cl)c(Cl)c(Cl)c(Cl)c2Cl)cc1
P,mesityl,tert_butyl,C2,p_tolyl,pentachlorophenyl,<LB_P><LB1_mesityl><LB2_tert_butyl><LINKER_C2><LA1_p_tolyl><LA2_pentachlorophenyl>,Cc1ccc(B(CCP(c2c(C)cc(C)cc2C)C(C)(C)C)c2c(Cl)c(Cl)c(Cl)c(Cl)c2Cl)cc1
P,mesityl,tert_butyl,C3,p_tolyl,pentachlorophenyl,<LB_P><LB1_mesityl><LB2_tert_butyl><LINKER_C3><LA1_p_tolyl><LA2_pentachlorophenyl>,Cc1ccc(B(CCCP(c2c(C)cc(C)cc2C)C(C)(C)C)c2c(Cl)c(Cl)c(Cl)c(Cl)c2Cl)cc1
P,mesityl,tert_butyl,C4,p_tolyl,pentachlorophenyl,<LB_P><LB1_mesityl><LB2_tert_butyl><LINKER_C4><LA1_p_tolyl><LA2_pentachlorophenyl>,Cc1ccc(B(CCCCP(c2c(C)cc(C)cc2C)C(C)(C)C)c2c(Cl)c(Cl)c(Cl)c(Cl)c2Cl)cc1
P,mesityl,tert_butyl,C5,p_tolyl,pentachlorophenyl,<LB_P><LB1_mesityl><LB2_tert_butyl><LINKER_C5><LA1_p_tolyl><LA2_pentachlorophenyl>,Cc1ccc(B(CCCCCP(c2c(C)cc(C)cc2C)C(C)(C)C)c2c(Cl)c(Cl)c(Cl)c(Cl)c2Cl)cc1
P,mesityl,tert_butyl,C6,p_tolyl,pentachlorophenyl,<LB_P><LB1_mesityl><LB2_tert_butyl><LINKER_C6><LA1_p_tolyl><LA2_pentachlorophenyl>,Cc1ccc(B(CCCCCCP(c2c(C)cc(C)cc2C)C(C)(C)C)c2c(Cl)c(Cl)c(Cl)c(Cl)c2Cl)cc1
P,mesityl,tert_butyl,C1,p_tolyl,bis_cf3_phenyl,<LB_P><LB1_mesityl><LB2_tert_butyl><LINKER_C1><LA1_p_tolyl><LA2_bis_cf3_phenyl>,Cc1ccc(B(CP(c2c(C)cc(C)cc2C)C(C)(C)C)c2cc(C(F)(F)F)cc(C(F)(F)F)c2)cc1
P,mesityl,tert_butyl,C2,p_tolyl,bis_cf3_phenyl,<LB_P><LB1_mesityl><LB2_tert_butyl><LINKER_C2><LA1_p_tolyl><LA2_bis_cf3_phenyl>,Cc1ccc(B(CCP(c2c(C)cc(C)cc2C)C(C)(C)C)c2cc(C(F)(F)F)cc(C(F)(F)F)c2)cc1
P,mesityl,tert_butyl,C3,p_tolyl,bis_cf3_phenyl,<LB_P><LB1_mesityl><LB2_tert_butyl><LINKER_C3><LA1_p_tolyl><LA2_bis_cf3_phenyl>,Cc1ccc(B(CCCP(c2c(C)cc(C)cc2C)C(C)(C)C)c2cc(C(F)(F)F)cc(C(F)(F)F)c2)cc1
P,mesityl,tert_butyl,C4,p_tolyl,bis_cf3_phenyl,<LB_P><LB1_mesityl><LB2_tert_butyl><LINKER_C4><LA1_p_tolyl><LA2_bis_cf3_phenyl>,Cc1ccc(B(CCCCP(c2c(C)cc(C)cc2C)C(C)(C)C)c2cc(C(F)(F)F)cc(C(F)(F)F)c2)cc1
P,mesityl,tert_butyl,C5,p_tolyl,bis_cf3_phenyl,<LB_P><LB1_mesityl><LB2_tert_butyl><LINKER_C5><LA1_p_tolyl><LA2_bis_cf3_phenyl>,Cc1ccc(B(CCCCCP(c2c(C)cc(C)cc2C)C(C)(C)C)c2cc(C(F)(F)F)cc(C(F)(F)F)c2)cc1
P,mesityl,tert_butyl,C6,p_tolyl,bis_cf3_phenyl,<LB_P><LB1_mesityl><LB2_tert_butyl><LINKER_C6><LA1_p_tolyl><LA2_bis_cf3_phenyl>,Cc1ccc(B(CCCCCCP(c2c(C)cc(C)cc2C)C(C)(C)C)c2cc(C(F)(F)F)cc(C(F)(F)F)c2)cc1
P,mesityl,tert_butyl,C1,mesityl,mesityl,<LB_P><LB1_mesityl><LB2_tert_butyl><LINKER_C1><LA1_mesityl><LA2_mesityl>,Cc1cc(C)c(B(CP(c2c(C)cc(C)cc2C)C(C)(C)C)c2c(C)cc(C)cc2C)c(C)c1
P,mesityl,tert_butyl,C2,mesityl,mesityl,<LB_P><LB1_mesityl><LB2_tert_butyl><LINKER_C2><LA1_mesityl><LA2_mesityl>,Cc1cc(C)c(B(CCP(c2c(C)cc(C)cc2C)C(C)(C)C)c2c(C)cc(C)cc2C)c(C)c1
P,mesityl,tert_butyl,C3,mesityl,mesityl,<LB_P><LB1_mesityl><LB2_tert_butyl><LINKER_C3><LA1_mesityl><LA2_mesityl>,Cc1cc(C)c(B(CCCP(c2c(C)cc(C)cc2C)C(C)(C)C)c2c(C)cc(C)cc2C)c(C)c1
P,mesityl,tert_butyl,C4,mesityl,mesityl,<LB_P><LB1_mesityl><LB2_tert_butyl><LINKER_C4><LA1_mesityl><LA2_mesityl>,Cc1cc(C)c(B(CCCCP(c2c(C)cc(C)cc2C)C(C)(C)C)c2c(C)cc(C)cc2C)c(C)c1
P,mesityl,tert_butyl,C5,mesityl,mesityl,<LB_P><LB1_mesityl><LB2_tert_butyl><LINKER_C5><LA1_mesityl><LA2_mesityl>,Cc1cc(C)c(B(CCCCCP(c2c(C)cc(C)cc2C)C(C)(C)C)c2c(C)cc(C)cc2C)c(C)c1
P,mesityl,tert_butyl,C6,mesityl,mesityl,<LB_P><LB1_mesityl><LB2_tert_butyl><LINKER_C6><LA1_mesityl><LA2_mesityl>,Cc1cc(C)c(B(CCCCCCP(c2c(C)cc(C)cc2C)C(C)(C)C)c2c(C)cc(C)cc2C)c(C)c1
P,mesityl,tert_butyl,C1,mesityl,pentafluorophenyl,<LB_P><LB1_mesityl><LB2_tert_butyl><LINKER_C1><LA1_mesityl><LA2_pentafluorophenyl>,Cc1cc(C)c(B(CP(c2c(C)cc(C)cc2C)C(C)(C)C)c2c(F)c(F)c(F)c(F)c2F)c(C)c1
P,mesityl,tert_butyl,C2,mesityl,pentafluorophenyl,<LB_P><LB1_mesityl><LB2_tert_butyl><LINKER_C2><LA1_mesityl><LA2_pentafluorophenyl>,Cc1cc(C)c(B(CCP(c2c(C)cc(C)cc2C)C(C)(C)C)c2c(F)c(F)c(F)c(F)c2F)c(C)c1
P,mesityl,tert_butyl,C3,mesityl,pentafluorophenyl,<LB_P><LB1_mesityl><LB2_tert_butyl><LINKER_C3><LA1_mesityl><LA2_pentafluorophenyl>,Cc1cc(C)c(B(CCCP(c2c(C)cc(C)cc2C)C(C)(C)C)c2c(F)c(F)c(F)c(F)c2F)c(C)c1
P,mesityl,tert_butyl,C4,mesityl,pentafluorophenyl,<LB_P><LB1_mesityl><LB2_tert_butyl><LINKER_C4><LA1_mesityl><LA2_pentafluorophenyl>,Cc1cc(C)c(B(CCCCP(c2c(C)cc(C)cc2C)C(C)(C)C)c2c(F)c(F)c(F)c(F)c2F)c(C)c1
P,mesityl,tert_butyl,C5,mesityl,pentafluorophenyl,<LB_P><LB1_mesityl><LB2_tert_butyl><LINKER_C5><LA1_mesityl><LA2_pentafluorophenyl>,Cc1cc(C)c(B(CCCCCP(c2c(C)cc(C)cc2C)C(C)(C)C)c2c(F)c(F)c(F)c(F)c2F)c(C)c1
P,mesityl,tert_butyl,C6,mesityl,pentafluorophenyl,<LB_P><LB1_mesityl><LB2_tert_butyl><LINKER_C6><LA1_mesityl><LA2_pentafluorophenyl>,Cc1cc(C)c(B(CCCCCCP(c2c(C)cc(C)cc2C)C(C)(C)C)c2c(F)c(F)c(F)c(F)c2F)c(C)c1
P,mesityl,tert_butyl,C1,mesityl,pentachlorophenyl,<LB_P><LB1_mesityl><LB2_tert_butyl><LINKER_C1><LA1_mesityl><LA2_pentachlorophenyl>,Cc1cc(C)c(B(CP(c2c(C)cc(C)cc2C)C(C)(C)C)c2c(Cl)c(Cl)c(Cl)c(Cl)c2Cl)c(C)c1
P,mesityl,tert_butyl,C2,mesityl,pentachlorophenyl,<LB_P><LB1_mesityl><LB2_tert_butyl><LINKER_C2><LA1_mesityl><LA2_pentachlorophenyl>,Cc1cc(C)c(B(CCP(c2c(C)cc(C)cc2C)C(C)(C)C)c2c(Cl)c(Cl)c(Cl)c(Cl)c2Cl)c(C)c1
P,mesityl,tert_butyl,C3,mesityl,pentachlorophenyl,<LB_P><LB1_mesityl><LB2_tert_butyl><LINKER_C3><LA1_mesityl><LA2_pentachlorophenyl>,Cc1cc(C)c(B(CCCP(c2c(C)cc(C)cc2C)C(C)(C)C)c2c(Cl)c(Cl)c(Cl)c(Cl)c2Cl)c(C)c1
P,mesityl,tert_butyl,C4,mesityl,pentachlorophenyl,<LB_P><LB1_mesityl><LB2_tert_butyl><LINKER_C4><LA1_mesityl><LA2_pentachlorophenyl>,Cc1cc(C)c(B(CCCCP(c2c(C)cc(C)cc2C)C(C)(C)C)c2c(Cl)c(Cl)c(Cl)c(Cl)c2Cl)c(C)c1
P,mesityl,tert_butyl,C5,mesityl,pentachlorophenyl,<LB_P><LB1_mesityl><LB2_tert_butyl><LINKER_C5><LA1_mesityl><LA2_pentachlorophenyl>,Cc1cc(C)c(B(CCCCCP(c2c(C)cc(C)cc2C)C(C)(C)C)c2c(Cl)c(Cl)c(Cl)c(Cl)c2Cl)c(C)c1
P,mesityl,tert_butyl,C6,mesityl,pentachlorophenyl,<LB_P><LB1_mesityl><LB2_tert_butyl><LINKER_C6><LA1_mesityl><LA2_pentachlorophenyl>,Cc1cc(C)c(B(CCCCCCP(c2c(C)cc(C)cc2C)C(C)(C)C)c2c(Cl)c(Cl)c(Cl)c(Cl)c2Cl)c(C)c1
P,mesityl,tert_butyl,C1,mesityl,bis_cf3_phenyl,<LB_P><LB1_mesityl><LB2_tert_butyl><LINKER_C1><LA1_mesityl><LA2_bis_cf3_phenyl>,Cc1cc(C)c(B(CP(c2c(C)cc(C)cc2C)C(C)(C)C)c2cc(C(F)(F)F)cc(C(F)(F)F)c2)c(C)c1
P,mesityl,tert_butyl,C2,mesityl,bis_cf3_phenyl,<LB_P><LB1_mesityl><LB2_tert_butyl><LINKER_C2><LA1_mesityl><LA2_bis_cf3_phenyl>,Cc1cc(C)c(B(CCP(c2c(C)cc(C)cc2C)C(C)(C)C)c2cc(C(F)(F)F)cc(C(F)(F)F)c2)c(C)c1
P,mesityl,tert_butyl,C3,mesityl,bis_cf3_phenyl,<LB_P><LB1_mesityl><LB2_tert_butyl><LINKER_C3><LA1_mesityl><LA2_bis_cf3_phenyl>,Cc1cc(C)c(B(CCCP(c2c(C)cc(C)cc2C)C(C)(C)C)c2cc(C(F)(F)F)cc(C(F)(F)F)c2)c(C)c1
P,mesityl,tert_butyl,C4,mesityl,bis_cf3_phenyl,<LB_P><LB1_mesityl><LB2_tert_butyl><LINKER_C4><LA1_mesityl><LA2_bis_cf3_phenyl>,Cc1cc(C)c(B(CCCCP(c2c(C)cc(C)cc2C)C(C)(C)C)c2cc(C(F)(F)F)cc(C(F)(F)F)c2)c(C)c1
P,mesityl,tert_butyl,C5,mesityl,bis_cf3_phenyl,<LB_P><LB1_mesityl><LB2_tert_butyl><LINKER_C5><LA1_mesityl><LA2_bis_cf3_phenyl>,Cc1cc(C)c(B(CCCCCP(c2c(C)cc(C)cc2C)C(C)(C)C)c2cc(C(F)(F)F)cc(C(F)(F)F)c2)c(C)c1
P,mesityl,tert_butyl,C6,mesityl,bis_cf3_phenyl,<LB_P><LB1_mesityl><LB2_tert_butyl><LINKER_C6><LA1_mesityl><LA2_bis_cf3_phenyl>,Cc1cc(C)c(B(CCCCCCP(c2c(C)cc(C)cc2C)C(C)(C)C)c2cc(C(F)(F)F)cc(C(F)(F)F)c2)c(C)c1
P,mesityl,tert_butyl,C1,pentafluorophenyl,pentafluorophenyl,<LB_P><LB1_mesityl><LB2_tert_butyl><LINKER_C1><LA1_pentafluorophenyl><LA2_pentafluorophenyl>,Cc1cc(C)c(P(CB(c2c(F)c(F)c(F)c(F)c2F)c2c(F)c(F)c(F)c(F)c2F)C(C)(C)C)c(C)c1
P,mesityl,tert_butyl,C2,pentafluorophenyl,pentafluorophenyl,<LB_P><LB1_mesityl><LB2_tert_butyl><LINKER_C2><LA1_pentafluorophenyl><LA2_pentafluorophenyl>,Cc1cc(C)c(P(CCB(c2c(F)c(F)c(F)c(F)c2F)c2c(F)c(F)c(F)c(F)c2F)C(C)(C)C)c(C)c1
P,mesityl,tert_butyl,C3,pentafluorophenyl,pentafluorophenyl,<LB_P><LB1_mesityl><LB2_tert_butyl><LINKER_C3><LA1_pentafluorophenyl><LA2_pentafluorophenyl>,Cc1cc(C)c(P(CCCB(c2c(F)c(F)c(F)c(F)c2F)c2c(F)c(F)c(F)c(F)c2F)C(C)(C)C)c(C)c1
P,mesityl,tert_butyl,C4,pentafluorophenyl,pentafluorophenyl,<LB_P><LB1_mesityl><LB2_tert_butyl><LINKER_C4><LA1_pentafluorophenyl><LA2_pentafluorophenyl>,Cc1cc(C)c(P(CCCCB(c2c(F)c(F)c(F)c(F)c2F)c2c(F)c(F)c(F)c(F)c2F)C(C)(C)C)c(C)c1
P,mesityl,tert_butyl,C5,pentafluorophenyl,pentafluorophenyl,<LB_P><LB1_mesityl><LB2_tert_butyl><LINKER_C5><LA1_pentafluorophenyl><LA2_pentafluorophenyl>,Cc1cc(C)c(P(CCCCCB(c2c(F)c(F)c(F)c(F)c2F)c2c(F)c(F)c(F)c(F)c2F)C(C)(C)C)c(C)c1
P,mesityl,tert_butyl,C6,pentafluorophenyl,pentafluorophenyl,<LB_P><LB1_mesityl><LB2_tert_butyl><LINKER_C6><LA1_pentafluorophenyl><LA2_pentafluorophenyl>,Cc1cc(C)c(P(CCCCCCB(c2c(F)c(F)c(F)c(F)c2F)c2c(F)c(F)c(F)c(F)c2F)C(C)(C)C)c(C)c1
P,mesityl,tert_butyl,C1,pentafluorophenyl,pentachlorophenyl,<LB_P><LB1_mesityl><LB2_tert_butyl><LINKER_C1><LA1_pentafluorophenyl><LA2_pentachlorophenyl>,Cc1cc(C)c(P(CB(c2c(F)c(F)c(F)c(F)c2F)c2c(Cl)c(Cl)c(Cl)c(Cl)c2Cl)C(C)(C)C)c(C)c1
P,mesityl,tert_butyl,C2,pentafluorophenyl,pentachlorophenyl,<LB_P><LB1_mesityl><LB2_tert_butyl><LINKER_C2><LA1_pentafluorophenyl><LA2_pentachlorophenyl>,Cc1cc(C)c(P(CCB(c2c(F)c(F)c(F)c(F)c2F)c2c(Cl)c(Cl)c(Cl)c(Cl)c2Cl)C(C)(C)C)c(C)c1
P,mesityl,tert_butyl,C3,pentafluorophenyl,pentachlorophenyl,<LB_P><LB1_mesityl><LB2_tert_butyl><LINKER_C3><LA1_pentafluorophenyl><LA2_pentachlorophenyl>,Cc1cc(C)c(P(CCCB(c2c(F)c(F)c(F)c(F)c2F)c2c(Cl)c(Cl)c(Cl)c(Cl)c2Cl)C(C)(C)C)c(C)c1
P,mesityl,tert_butyl,C4,pentafluorophenyl,pentachlorophenyl,<LB_P><LB1_mesityl><LB2_tert_butyl><LINKER_C4><LA1_pentafluorophenyl><LA2_pentachlorophenyl>,Cc1cc(C)c(P(CCCCB(c2c(F)c(F)c(F)c(F)c2F)c2c(Cl)c(Cl)c(Cl)c(Cl)c2Cl)C(C)(C)C)c(C)c1
P,mesityl,tert_butyl,C5,pentafluorophenyl,pentachlorophenyl,<LB_P><LB1_mesityl><LB2_tert_butyl><LINKER_C5><LA1_pentafluorophenyl><LA2_pentachlorophenyl>,Cc1cc(C)c(P(CCCCCB(c2c(F)c(F)c(F)c(F)c2F)c2c(Cl)c(Cl)c(Cl)c(Cl)c2Cl)C(C)(C)C)c(C)c1
P,mesityl,tert_butyl,C6,pentafluorophenyl,pentachlorophenyl,<LB_P><LB1_mesityl><LB2_tert_butyl><LINKER_C6><LA1_pentafluorophenyl><LA2_pentachlorophenyl>,Cc1cc(C)c(P(CCCCCCB(c2c(F)c(F)c(F)c(F)c2F)c2c(Cl)c(Cl)c(Cl)c(Cl)c2Cl)C(C)(C)C)c(C)c1
P,mesityl,tert_butyl,C1,pentafluorophenyl,bis_cf3_phenyl,<LB_P><LB1_mesityl><LB2_tert_butyl><LINKER_C1><LA1_pentafluorophenyl><LA2_bis_cf3_phenyl>,Cc1cc(C)c(P(CB(c2cc(C(F)(F)F)cc(C(F)(F)F)c2)c2c(F)c(F)c(F)c(F)c2F)C(C)(C)C)c(C)c1
P,mesityl,tert_butyl,C2,pentafluorophenyl,bis_cf3_phenyl,<LB_P><LB1_mesityl><LB2_tert_butyl><LINKER_C2><LA1_pentafluorophenyl><LA2_bis_cf3_phenyl>,Cc1cc(C)c(P(CCB(c2cc(C(F)(F)F)cc(C(F)(F)F)c2)c2c(F)c(F)c(F)c(F)c2F)C(C)(C)C)c(C)c1
P,mesityl,tert_butyl,C3,pentafluorophenyl,bis_cf3_phenyl,<LB_P><LB1_mesityl><LB2_tert_butyl><LINKER_C3><LA1_pentafluorophenyl><LA2_bis_cf3_phenyl>,Cc1cc(C)c(P(CCCB(c2cc(C(F)(F)F)cc(C(F)(F)F)c2)c2c(F)c(F)c(F)c(F)c2F)C(C)(C)C)c(C)c1
P,mesityl,tert_butyl,C4,pentafluorophenyl,bis_cf3_phenyl,<LB_P><LB1_mesityl><LB2_tert_butyl><LINKER_C4><LA1_pentafluorophenyl><LA2_bis_cf3_phenyl>,Cc1cc(C)c(P(CCCCB(c2cc(C(F)(F)F)cc(C(F)(F)F)c2)c2c(F)c(F)c(F)c(F)c2F)C(C)(C)C)c(C)c1
P,mesityl,tert_butyl,C5,pentafluorophenyl,bis_cf3_phenyl,<LB_P><LB1_mesityl><LB2_tert_butyl><LINKER_C5><LA1_pentafluorophenyl><LA2_bis_cf3_phenyl>,Cc1cc(C)c(P(CCCCCB(c2cc(C(F)(F)F)cc(C(F)(F)F)c2)c2c(F)c(F)c(F)c(F)c2F)C(C)(C)C)c(C)c1
P,mesityl,tert_butyl,C6,pentafluorophenyl,bis_cf3_phenyl,<LB_P><LB1_mesityl><LB2_tert_butyl><LINKER_C6><LA1_pentafluorophenyl><LA2_bis_cf3_phenyl>,Cc1cc(C)c(P(CCCCCCB(c2cc(C(F)(F)F)cc(C(F)(F)F)c2)c2c(F)c(F)c(F)c(F)c2F)C(C)(C)C)c(C)c1
P,mesityl,tert_butyl,C1,pentachlorophenyl,pentachlorophenyl,<LB_P><LB1_mesityl><LB2_tert_butyl><LINKER_C1><LA1_pentachlorophenyl><LA2_pentachlorophenyl>,Cc1cc(C)c(P(CB(c2c(Cl)c(Cl)c(Cl)c(Cl)c2Cl)c2c(Cl)c(Cl)c(Cl)c(Cl)c2Cl)C(C)(C)C)c(C)c1
P,mesityl,tert_butyl,C2,pentachlorophenyl,pentachlorophenyl,<LB_P><LB1_mesityl><LB2_tert_butyl><LINKER_C2><LA1_pentachlorophenyl><LA2_pentachlorophenyl>,Cc1cc(C)c(P(CCB(c2c(Cl)c(Cl)c(Cl)c(Cl)c2Cl)c2c(Cl)c(Cl)c(Cl)c(Cl)c2Cl)C(C)(C)C)c(C)c1
P,mesityl,tert_butyl,C3,pentachlorophenyl,pentachlorophenyl,<LB_P><LB1_mesityl><LB2_tert_butyl><LINKER_C3><LA1_pentachlorophenyl><LA2_pentachlorophenyl>,Cc1cc(C)c(P(CCCB(c2c(Cl)c(Cl)c(Cl)c(Cl)c2Cl)c2c(Cl)c(Cl)c(Cl)c(Cl)c2Cl)C(C)(C)C)c(C)c1
P,mesityl,tert_butyl,C4,pentachlorophenyl,pentachlorophenyl,<LB_P><LB1_mesityl><LB2_tert_butyl><LINKER_C4><LA1_pentachlorophenyl><LA2_pentachlorophenyl>,Cc1cc(C)c(P(CCCCB(c2c(Cl)c(Cl)c(Cl)c(Cl)c2Cl)c2c(Cl)c(Cl)c(Cl)c(Cl)c2Cl)C(C)(C)C)c(C)c1
P,mesityl,tert_butyl,C5,pentachlorophenyl,pentachlorophenyl,<LB_P><LB1_mesityl><LB2_tert_butyl><LINKER_C5><LA1_pentachlorophenyl><LA2_pentachlorophenyl>,Cc1cc(C)c(P(CCCCCB(c2c(Cl)c(Cl)c(Cl)c(Cl)c2Cl)c2c(Cl)c(Cl)c(Cl)c(Cl)c2Cl)C(C)(C)C)c(C)c1
P,mesityl,tert_butyl,C6,pentachlorophenyl,pentachlorophenyl,<LB_P><LB1_mesityl><LB2_tert_butyl><LINKER_C6><LA1_pentachlorophenyl><LA2_pentachlorophenyl>,Cc1cc(C)c(P(CCCCCCB(c2c(Cl)c(Cl)c(Cl)c(Cl)c2Cl)c2c(Cl)c(Cl)c(Cl)c(Cl)c2Cl)C(C)(C)C)c(C)c1
P,mesityl,tert_butyl,C1,pentachlorophenyl,bis_cf3_phenyl,<LB_P><LB1_mesityl><LB2_tert_butyl><LINKER_C1><LA1_pentachlorophenyl><LA2_bis_cf3_phenyl>,Cc1cc(C)c(P(CB(c2cc(C(F)(F)F)cc(C(F)(F)F)c2)c2c(Cl)c(Cl)c(Cl)c(Cl)c2Cl)C(C)(C)C)c(C)c1
P,mesityl,tert_butyl,C2,pentachlorophenyl,bis_cf3_phenyl,<LB_P><LB1_mesityl><LB2_tert_butyl><LINKER_C2><LA1_pentachlorophenyl><LA2_bis_cf3_phenyl>,Cc1cc(C)c(P(CCB(c2cc(C(F)(F)F)cc(C(F)(F)F)c2)c2c(Cl)c(Cl)c(Cl)c(Cl)c2Cl)C(C)(C)C)c(C)c1
P,mesityl,tert_butyl,C3,pentachlorophenyl,bis_cf3_phenyl,<LB_P><LB1_mesityl><LB2_tert_butyl><LINKER_C3><LA1_pentachlorophenyl><LA2_bis_cf3_phenyl>,Cc1cc(C)c(P(CCCB(c2cc(C(F)(F)F)cc(C(F)(F)F)c2)c2c(Cl)c(Cl)c(Cl)c(Cl)c2Cl)C(C)(C)C)c(C)c1
P,mesityl,tert_butyl,C4,pentachlorophenyl,bis_cf3_phenyl,<LB_P><LB1_mesityl><LB2_tert_butyl><LINKER_C4><LA1_pentachlorophenyl><LA2_bis_cf3_phenyl>,Cc1cc(C)c(P(CCCCB(c2cc(C(F)(F)F)cc(C(F)(F)F)c2)c2c(Cl)c(Cl)c(Cl)c(Cl)c2Cl)C(C)(C)C)c(C)c1
P,mesityl,tert_butyl,C5,pentachlorophenyl,bis_cf3_phenyl,<LB_P><LB1_mesityl><LB2_tert_butyl><LINKER_C5><LA1_pentachlorophenyl><LA2_bis_cf3_phenyl>,Cc1cc(C)c(P(CCCCCB(c2cc(C(F)(F)F)cc(C(F)(F)F)c2)c2c(Cl)c(Cl)c(Cl)c(Cl)c2Cl)C(C)(C)C)c(C)c1
P,mesityl,tert_butyl,C6,pentachlorophenyl,bis_cf3_phenyl,<LB_P><LB1_mesityl><LB2_tert_butyl><LINKER_C6><LA1_pentachlorophenyl><LA2_bis_cf3_phenyl>,Cc1cc(C)c(P(CCCCCCB(c2cc(C(F)(F)F)cc(C(F)(F)F)c2)c2c(Cl)c(Cl)c(Cl)c(Cl)c2Cl)C(C)(C)C)c(C)c1
P,mesityl,tert_butyl,C1,bis_cf3_phenyl,bis_cf3_phenyl,<LB_P><LB1_mesityl><LB2_tert_butyl><LINKER_C1><LA1_bis_cf3_phenyl><LA2_bis_cf3_phenyl>,Cc1cc(C)c(P(CB(c2cc(C(F)(F)F)cc(C(F)(F)F)c2)c2cc(C(F)(F)F)cc(C(F)(F)F)c2)C(C)(C)C)c(C)c1
P,mesityl,tert_butyl,C2,bis_cf3_phenyl,bis_cf3_phenyl,<LB_P><LB1_mesityl><LB2_tert_butyl><LINKER_C2><LA1_bis_cf3_phenyl><LA2_bis_cf3_phenyl>,Cc1cc(C)c(P(CCB(c2cc(C(F)(F)F)cc(C(F)(F)F)c2)c2cc(C(F)(F)F)cc(C(F)(F)F)c2)C(C)(C)C)c(C)c1
P,mesityl,tert_butyl,C3,bis_cf3_phenyl,bis_cf3_phenyl,<LB_P><LB1_mesityl><LB2_tert_butyl><LINKER_C3><LA1_bis_cf3_phenyl><LA2_bis_cf3_phenyl>,Cc1cc(C)c(P(CCCB(c2cc(C(F)(F)F)cc(C(F)(F)F)c2)c2cc(C(F)(F)F)cc(C(F)(F)F)c2)C(C)(C)C)c(C)c1
P,mesityl,tert_butyl,C4,bis_cf3_phenyl,bis_cf3_phenyl,<LB_P><LB1_mesityl><LB2_tert_butyl><LINKER_C4><LA1_bis_cf3_phenyl><LA2_bis_cf3_phenyl>,Cc1cc(C)c(P(CCCCB(c2cc(C(F)(F)F)cc(C(F)(F)F)c2)c2cc(C(F)(F)F)cc(C(F)(F)F)c2)C(C)(C)C)c(C)c1
P,mesityl,tert_butyl,C5,bis_cf3_phenyl,bis_cf3_phenyl,<LB_P><LB1_mesityl><LB2_tert_butyl><LINKER_C5><LA1_bis_cf3_phenyl><LA2_bis_cf3_phenyl>,Cc1cc(C)c(P(CCCCCB(c2cc(C(F)(F)F)cc(C(F)(F)F)c2)c2cc(C(F)(F)F)cc(C(F)(F)F)c2)C(C)(C)C)c(C)c1
P,mesityl,tert_butyl,C6,bis_cf3_phenyl,bis_cf3_phenyl,<LB_P><LB1_mesityl><LB2_tert_butyl><LINKER_C6><LA1_bis_cf3_phenyl><LA2_bis_cf3_phenyl>,Cc1cc(C)c(P(CCCCCCB(c2cc(C(F)(F)F)cc(C(F)(F)F)c2)c2cc(C(F)(F)F)cc(C(F)(F)F)c2)C(C)(C)C)c(C)c1
P,mesityl,cyclohexyl,C1,phenyl,phenyl,<LB_P><LB1_mesityl><LB2_cyclohexyl><LINKER_C1><LA1_phenyl><LA2_phenyl>,Cc1cc(C)c(P(CB(c2ccccc2)c2ccccc2)C2CCCCC2)c(C)c1
P,mesityl,cyclohexyl,C2,phenyl,phenyl,<LB_P><LB1_mesityl><LB2_cyclohexyl><LINKER_C2><LA1_phenyl><LA2_phenyl>,Cc1cc(C)c(P(CCB(c2ccccc2)c2ccccc2)C2CCCCC2)c(C)c1
P,mesityl,cyclohexyl,C3,phenyl,phenyl,<LB_P><LB1_mesityl><LB2_cyclohexyl><LINKER_C3><LA1_phenyl><LA2_phenyl>,Cc1cc(C)c(P(CCCB(c2ccccc2)c2ccccc2)C2CCCCC2)c(C)c1
P,mesityl,cyclohexyl,C4,phenyl,phenyl,<LB_P><LB1_mesityl><LB2_cyclohexyl><LINKER_C4><LA1_phenyl><LA2_phenyl>,Cc1cc(C)c(P(CCCCB(c2ccccc2)c2ccccc2)C2CCCCC2)c(C)c1
P,mesityl,cyclohexyl,C5,phenyl,phenyl,<LB_P><LB1_mesityl><LB2_cyclohexyl><LINKER_C5><LA1_phenyl><LA2_phenyl>,Cc1cc(C)c(P(CCCCCB(c2ccccc2)c2ccccc2)C2CCCCC2)c(C)c1
P,mesityl,cyclohexyl,C6,phenyl,phenyl,<LB_P><LB1_mesityl><LB2_cyclohexyl><LINKER_C6><LA1_phenyl><LA2_phenyl>,Cc1cc(C)c(P(CCCCCCB(c2ccccc2)c2ccccc2)C2CCCCC2)c(C)c1
P,mesityl,cyclohexyl,C1,phenyl,p_tolyl,<LB_P><LB1_mesityl><LB2_cyclohexyl><LINKER_C1><LA1_phenyl><LA2_p_tolyl>,Cc1ccc(B(CP(c2c(C)cc(C)cc2C)C2CCCCC2)c2ccccc2)cc1
P,mesityl,cyclohexyl,C2,phenyl,p_tolyl,<LB_P><LB1_mesityl><LB2_cyclohexyl><LINKER_C2><LA1_phenyl><LA2_p_tolyl>,Cc1ccc(B(CCP(c2c(C)cc(C)cc2C)C2CCCCC2)c2ccccc2)cc1
P,mesityl,cyclohexyl,C3,phenyl,p_tolyl,<LB_P><LB1_mesityl><LB2_cyclohexyl><LINKER_C3><LA1_phenyl><LA2_p_tolyl>,Cc1ccc(B(CCCP(c2c(C)cc(C)cc2C)C2CCCCC2)c2ccccc2)cc1
P,mesityl,cyclohexyl,C4,phenyl,p_tolyl,<LB_P><LB1_mesityl><LB2_cyclohexyl><LINKER_C4><LA1_phenyl><LA2_p_tolyl>,Cc1ccc(B(CCCCP(c2c(C)cc(C)cc2C)C2CCCCC2)c2ccccc2)cc1
P,mesityl,cyclohexyl,C5,phenyl,p_tolyl,<LB_P><LB1_mesityl><LB2_cyclohexyl><LINKER_C5><LA1_phenyl><LA2_p_tolyl>,Cc1ccc(B(CCCCCP(c2c(C)cc(C)cc2C)C2CCCCC2)c2ccccc2)cc1
P,mesityl,cyclohexyl,C6,phenyl,p_tolyl,<LB_P><LB1_mesityl><LB2_cyclohexyl><LINKER_C6><LA1_phenyl><LA2_p_tolyl>,Cc1ccc(B(CCCCCCP(c2c(C)cc(C)cc2C)C2CCCCC2)c2ccccc2)cc1
P,mesityl,cyclohexyl,C1,phenyl,mesityl,<LB_P><LB1_mesityl><LB2_cyclohexyl><LINKER_C1><LA1_phenyl><LA2_mesityl>,Cc1cc(C)c(B(CP(c2c(C)cc(C)cc2C)C2CCCCC2)c2ccccc2)c(C)c1
P,mesityl,cyclohexyl,C2,phenyl,mesityl,<LB_P><LB1_mesityl><LB2_cyclohexyl><LINKER_C2><LA1_phenyl><LA2_mesityl>,Cc1cc(C)c(B(CCP(c2c(C)cc(C)cc2C)C2CCCCC2)c2ccccc2)c(C)c1
P,mesityl,cyclohexyl,C3,phenyl,mesityl,<LB_P><LB1_mesityl><LB2_cyclohexyl><LINKER_C3><LA1_phenyl><LA2_mesityl>,Cc1cc(C)c(B(CCCP(c2c(C)cc(C)cc2C)C2CCCCC2)c2ccccc2)c(C)c1
P,mesityl,cyclohexyl,C4,phenyl,mesityl,<LB_P><LB1_mesityl><LB2_cyclohexyl><LINKER_C4><LA1_phenyl><LA2_mesityl>,Cc1cc(C)c(B(CCCCP(c2c(C)cc(C)cc2C)C2CCCCC2)c2ccccc2)c(C)c1
P,mesityl,cyclohexyl,C5,phenyl,mesityl,<LB_P><LB1_mesityl><LB2_cyclohexyl><LINKER_C5><LA1_phenyl><LA2_mesityl>,Cc1cc(C)c(B(CCCCCP(c2c(C)cc(C)cc2C)C2CCCCC2)c2ccccc2)c(C)c1
P,mesityl,cyclohexyl,C6,phenyl,mesityl,<LB_P><LB1_mesityl><LB2_cyclohexyl><LINKER_C6><LA1_phenyl><LA2_mesityl>,Cc1cc(C)c(B(CCCCCCP(c2c(C)cc(C)cc2C)C2CCCCC2)c2ccccc2)c(C)c1
P,mesityl,cyclohexyl,C1,phenyl,pentafluorophenyl,<LB_P><LB1_mesityl><LB2_cyclohexyl><LINKER_C1><LA1_phenyl><LA2_pentafluorophenyl>,Cc1cc(C)c(P(CB(c2ccccc2)c2c(F)c(F)c(F)c(F)c2F)C2CCCCC2)c(C)c1
P,mesityl,cyclohexyl,C2,phenyl,pentafluorophenyl,<LB_P><LB1_mesityl><LB2_cyclohexyl><LINKER_C2><LA1_phenyl><LA2_pentafluorophenyl>,Cc1cc(C)c(P(CCB(c2ccccc2)c2c(F)c(F)c(F)c(F)c2F)C2CCCCC2)c(C)c1
P,mesityl,cyclohexyl,C3,phenyl,pentafluorophenyl,<LB_P><LB1_mesityl><LB2_cyclohexyl><LINKER_C3><LA1_phenyl><LA2_pentafluorophenyl>,Cc1cc(C)c(P(CCCB(c2ccccc2)c2c(F)c(F)c(F)c(F)c2F)C2CCCCC2)c(C)c1
P,mesityl,cyclohexyl,C4,phenyl,pentafluorophenyl,<LB_P><LB1_mesityl><LB2_cyclohexyl><LINKER_C4><LA1_phenyl><LA2_pentafluorophenyl>,Cc1cc(C)c(P(CCCCB(c2ccccc2)c2c(F)c(F)c(F)c(F)c2F)C2CCCCC2)c(C)c1
P,mesityl,cyclohexyl,C5,phenyl,pentafluorophenyl,<LB_P><LB1_mesityl><LB2_cyclohexyl><LINKER_C5><LA1_phenyl><LA2_pentafluorophenyl>,Cc1cc(C)c(P(CCCCCB(c2ccccc2)c2c(F)c(F)c(F)c(F)c2F)C2CCCCC2)c(C)c1
P,mesityl,cyclohexyl,C6,phenyl,pentafluorophenyl,<LB_P><LB1_mesityl><LB2_cyclohexyl><LINKER_C6><LA1_phenyl><LA2_pentafluorophenyl>,Cc1cc(C)c(P(CCCCCCB(c2ccccc2)c2c(F)c(F)c(F)c(F)c2F)C2CCCCC2)c(C)c1
P,mesityl,cyclohexyl,C1,phenyl,pentachlorophenyl,<LB_P><LB1_mesityl><LB2_cyclohexyl><LINKER_C1><LA1_phenyl><LA2_pentachlorophenyl>,Cc1cc(C)c(P(CB(c2ccccc2)c2c(Cl)c(Cl)c(Cl)c(Cl)c2Cl)C2CCCCC2)c(C)c1
P,mesityl,cyclohexyl,C2,phenyl,pentachlorophenyl,<LB_P><LB1_mesityl><LB2_cyclohexyl><LINKER_C2><LA1_phenyl><LA2_pentachlorophenyl>,Cc1cc(C)c(P(CCB(c2ccccc2)c2c(Cl)c(Cl)c(Cl)c(Cl)c2Cl)C2CCCCC2)c(C)c1
P,mesityl,cyclohexyl,C3,phenyl,pentachlorophenyl,<LB_P><LB1_mesityl><LB2_cyclohexyl><LINKER_C3><LA1_phenyl><LA2_pentachlorophenyl>,Cc1cc(C)c(P(CCCB(c2ccccc2)c2c(Cl)c(Cl)c(Cl)c(Cl)c2Cl)C2CCCCC2)c(C)c1
P,mesityl,cyclohexyl,C4,phenyl,pentachlorophenyl,<LB_P><LB1_mesityl><LB2_cyclohexyl><LINKER_C4><LA1_phenyl><LA2_pentachlorophenyl>,Cc1cc(C)c(P(CCCCB(c2ccccc2)c2c(Cl)c(Cl)c(Cl)c(Cl)c2Cl)C2CCCCC2)c(C)c1
P,mesityl,cyclohexyl,C5,phenyl,pentachlorophenyl,<LB_P><LB1_mesityl><LB2_cyclohexyl><LINKER_C5><LA1_phenyl><LA2_pentachlorophenyl>,Cc1cc(C)c(P(CCCCCB(c2ccccc2)c2c(Cl)c(Cl)c(Cl)c(Cl)c2Cl)C2CCCCC2)c(C)c1
P,mesityl,cyclohexyl,C6,phenyl,pentachlorophenyl,<LB_P><LB1_mesityl><LB2_cyclohexyl><LINKER_C6><LA1_phenyl><LA2_pentachlorophenyl>,Cc1cc(C)c(P(CCCCCCB(c2ccccc2)c2c(Cl)c(Cl)c(Cl)c(Cl)c2Cl)C2CCCCC2)c(C)c1
P,mesityl,cyclohexyl,C1,phenyl,bis_cf3_phenyl,<LB_P><LB1_mesityl><LB2_cyclohexyl><LINKER_C1><LA1_phenyl><LA2_bis_cf3_phenyl>,Cc1cc(C)c(P(CB(c2ccccc2)c2cc(C(F)(F)F)cc(C(F)(F)F)c2)C2CCCCC2)c(C)c1
P,mesityl,cyclohexyl,C2,phenyl,bis_cf3_phenyl,<LB_P><LB1_mesityl><LB2_cyclohexyl><LINKER_C2><LA1_phenyl><LA2_bis_cf3_phenyl>,Cc1cc(C)c(P(CCB(c2ccccc2)c2cc(C(F)(F)F)cc(C(F)(F)F)c2)C2CCCCC2)c(C)c1
P,mesityl,cyclohexyl,C3,phenyl,bis_cf3_phenyl,<LB_P><LB1_mesityl><LB2_cyclohexyl><LINKER_C3><LA1_phenyl><LA2_bis_cf3_phenyl>,Cc1cc(C)c(P(CCCB(c2ccccc2)c2cc(C(F)(F)F)cc(C(F)(F)F)c2)C2CCCCC2)c(C)c1
P,mesityl,cyclohexyl,C4,phenyl,bis_cf3_phenyl,<LB_P><LB1_mesityl><LB2_cyclohexyl><LINKER_C4><LA1_phenyl><LA2_bis_cf3_phenyl>,Cc1cc(C)c(P(CCCCB(c2ccccc2)c2cc(C(F)(F)F)cc(C(F)(F)F)c2)C2CCCCC2)c(C)c1
P,mesityl,cyclohexyl,C5,phenyl,bis_cf3_phenyl,<LB_P><LB1_mesityl><LB2_cyclohexyl><LINKER_C5><LA1_phenyl><LA2_bis_cf3_phenyl>,Cc1cc(C)c(P(CCCCCB(c2ccccc2)c2cc(C(F)(F)F)cc(C(F)(F)F)c2)C2CCCCC2)c(C)c1
P,mesityl,cyclohexyl,C6,phenyl,bis_cf3_phenyl,<LB_P><LB1_mesityl><LB2_cyclohexyl><LINKER_C6><LA1_phenyl><LA2_bis_cf3_phenyl>,Cc1cc(C)c(P(CCCCCCB(c2ccccc2)c2cc(C(F)(F)F)cc(C(F)(F)F)c2)C2CCCCC2)c(C)c1
P,mesityl,cyclohexyl,C1,p_tolyl,p_tolyl,<LB_P><LB1_mesityl><LB2_cyclohexyl><LINKER_C1><LA1_p_tolyl><LA2_p_tolyl>,Cc1ccc(B(CP(c2c(C)cc(C)cc2C)C2CCCCC2)c2ccc(C)cc2)cc1
P,mesityl,cyclohexyl,C2,p_tolyl,p_tolyl,<LB_P><LB1_mesityl><LB2_cyclohexyl><LINKER_C2><LA1_p_tolyl><LA2_p_tolyl>,Cc1ccc(B(CCP(c2c(C)cc(C)cc2C)C2CCCCC2)c2ccc(C)cc2)cc1
P,mesityl,cyclohexyl,C3,p_tolyl,p_tolyl,<LB_P><LB1_mesityl><LB2_cyclohexyl><LINKER_C3><LA1_p_tolyl><LA2_p_tolyl>,Cc1ccc(B(CCCP(c2c(C)cc(C)cc2C)C2CCCCC2)c2ccc(C)cc2)cc1
P,mesityl,cyclohexyl,C4,p_tolyl,p_tolyl,<LB_P><LB1_mesityl><LB2_cyclohexyl><LINKER_C4><LA1_p_tolyl><LA2_p_tolyl>,Cc1ccc(B(CCCCP(c2c(C)cc(C)cc2C)C2CCCCC2)c2ccc(C)cc2)cc1
P,mesityl,cyclohexyl,C5,p_tolyl,p_tolyl,<LB_P><LB1_mesityl><LB2_cyclohexyl><LINKER_C5><LA1_p_tolyl><LA2_p_tolyl>,Cc1ccc(B(CCCCCP(c2c(C)cc(C)cc2C)C2CCCCC2)c2ccc(C)cc2)cc1
P,mesityl,cyclohexyl,C6,p_tolyl,p_tolyl,<LB_P><LB1_mesityl><LB2_cyclohexyl><LINKER_C6><LA1_p_tolyl><LA2_p_tolyl>,Cc1ccc(B(CCCCCCP(c2c(C)cc(C)cc2C)C2CCCCC2)c2ccc(C)cc2)cc1
P,mesityl,cyclohexyl,C1,p_tolyl,mesityl,<LB_P><LB1_mesityl><LB2_cyclohexyl><LINKER_C1><LA1_p_tolyl><LA2_mesityl>,Cc1ccc(B(CP(c2c(C)cc(C)cc2C)C2CCCCC2)c2c(C)cc(C)cc2C)cc1
P,mesityl,cyclohexyl,C2,p_tolyl,mesityl,<LB_P><LB1_mesityl><LB2_cyclohexyl><LINKER_C2><LA1_p_tolyl><LA2_mesityl>,Cc1ccc(B(CCP(c2c(C)cc(C)cc2C)C2CCCCC2)c2c(C)cc(C)cc2C)cc1
P,mesityl,cyclohexyl,C3,p_tolyl,mesityl,<LB_P><LB1_mesityl><LB2_cyclohexyl><LINKER_C3><LA1_p_tolyl><LA2_mesityl>,Cc1ccc(B(CCCP(c2c(C)cc(C)cc2C)C2CCCCC2)c2c(C)cc(C)cc2C)cc1
P,mesityl,cyclohexyl,C4,p_tolyl,mesityl,<LB_P><LB1_mesityl><LB2_cyclohexyl><LINKER_C4><LA1_p_tolyl><LA2_mesityl>,Cc1ccc(B(CCCCP(c2c(C)cc(C)cc2C)C2CCCCC2)c2c(C)cc(C)cc2C)cc1
P,mesityl,cyclohexyl,C5,p_tolyl,mesityl,<LB_P><LB1_mesityl><LB2_cyclohexyl><LINKER_C5><LA1_p_tolyl><LA2_mesityl>,Cc1ccc(B(CCCCCP(c2c(C)cc(C)cc2C)C2CCCCC2)c2c(C)cc(C)cc2C)cc1
P,mesityl,cyclohexyl,C6,p_tolyl,mesityl,<LB_P><LB1_mesityl><LB2_cyclohexyl><LINKER_C6><LA1_p_tolyl><LA2_mesityl>,Cc1ccc(B(CCCCCCP(c2c(C)cc(C)cc2C)C2CCCCC2)c2c(C)cc(C)cc2C)cc1
P,mesityl,cyclohexyl,C1,p_tolyl,pentafluorophenyl,<LB_P><LB1_mesityl><LB2_cyclohexyl><LINKER_C1><LA1_p_tolyl><LA2_pentafluorophenyl>,Cc1ccc(B(CP(c2c(C)cc(C)cc2C)C2CCCCC2)c2c(F)c(F)c(F)c(F)c2F)cc1
P,mesityl,cyclohexyl,C2,p_tolyl,pentafluorophenyl,<LB_P><LB1_mesityl><LB2_cyclohexyl><LINKER_C2><LA1_p_tolyl><LA2_pentafluorophenyl>,Cc1ccc(B(CCP(c2c(C)cc(C)cc2C)C2CCCCC2)c2c(F)c(F)c(F)c(F)c2F)cc1
P,mesityl,cyclohexyl,C3,p_tolyl,pentafluorophenyl,<LB_P><LB1_mesityl><LB2_cyclohexyl><LINKER_C3><LA1_p_tolyl><LA2_pentafluorophenyl>,Cc1ccc(B(CCCP(c2c(C)cc(C)cc2C)C2CCCCC2)c2c(F)c(F)c(F)c(F)c2F)cc1
P,mesityl,cyclohexyl,C4,p_tolyl,pentafluorophenyl,<LB_P><LB1_mesityl><LB2_cyclohexyl><LINKER_C4><LA1_p_tolyl><LA2_pentafluorophenyl>,Cc1ccc(B(CCCCP(c2c(C)cc(C)cc2C)C2CCCCC2)c2c(F)c(F)c(F)c(F)c2F)cc1
P,mesityl,cyclohexyl,C5,p_tolyl,pentafluorophenyl,<LB_P><LB1_mesityl><LB2_cyclohexyl><LINKER_C5><LA1_p_tolyl><LA2_pentafluorophenyl>,Cc1ccc(B(CCCCCP(c2c(C)cc(C)cc2C)C2CCCCC2)c2c(F)c(F)c(F)c(F)c2F)cc1
P,mesityl,cyclohexyl,C6,p_tolyl,pentafluorophenyl,<LB_P><LB1_mesityl><LB2_cyclohexyl><LINKER_C6><LA1_p_tolyl><LA2_pentafluorophenyl>,Cc1ccc(B(CCCCCCP(c2c(C)cc(C)cc2C)C2CCCCC2)c2c(F)c(F)c(F)c(F)c2F)cc1
P,mesityl,cyclohexyl,C1,p_tolyl,pentachlorophenyl,<LB_P><LB1_mesityl><LB2_cyclohexyl><LINKER_C1><LA1_p_tolyl><LA2_pentachlorophenyl>,Cc1ccc(B(CP(c2c(C)cc(C)cc2C)C2CCCCC2)c2c(Cl)c(Cl)c(Cl)c(Cl)c2Cl)cc1
P,mesityl,cyclohexyl,C2,p_tolyl,pentachlorophenyl,<LB_P><LB1_mesityl><LB2_cyclohexyl><LINKER_C2><LA1_p_tolyl><LA2_pentachlorophenyl>,Cc1ccc(B(CCP(c2c(C)cc(C)cc2C)C2CCCCC2)c2c(Cl)c(Cl)c(Cl)c(Cl)c2Cl)cc1
P,mesityl,cyclohexyl,C3,p_tolyl,pentachlorophenyl,<LB_P><LB1_mesityl><LB2_cyclohexyl><LINKER_C3><LA1_p_tolyl><LA2_pentachlorophenyl>,Cc1ccc(B(CCCP(c2c(C)cc(C)cc2C)C2CCCCC2)c2c(Cl)c(Cl)c(Cl)c(Cl)c2Cl)cc1
P,mesityl,cyclohexyl,C4,p_tolyl,pentachlorophenyl,<LB_P><LB1_mesityl><LB2_cyclohexyl><LINKER_C4><LA1_p_tolyl><LA2_pentachlorophenyl>,Cc1ccc(B(CCCCP(c2c(C)cc(C)cc2C)C2CCCCC2)c2c(Cl)c(Cl)c(Cl)c(Cl)c2Cl)cc1
P,mesityl,cyclohexyl,C5,p_tolyl,pentachlorophenyl,<LB_P><LB1_mesityl><LB2_cyclohexyl><LINKER_C5><LA1_p_tolyl><LA2_pentachlorophenyl>,Cc1ccc(B(CCCCCP(c2c(C)cc(C)cc2C)C2CCCCC2)c2c(Cl)c(Cl)c(Cl)c(Cl)c2Cl)cc1
P,mesityl,cyclohexyl,C6,p_tolyl,pentachlorophenyl,<LB_P><LB1_mesityl><LB2_cyclohexyl><LINKER_C6><LA1_p_tolyl><LA2_pentachlorophenyl>,Cc1ccc(B(CCCCCCP(c2c(C)cc(C)cc2C)C2CCCCC2)c2c(Cl)c(Cl)c(Cl)c(Cl)c2Cl)cc1
P,mesityl,cyclohexyl,C1,p_tolyl,bis_cf3_phenyl,<LB_P><LB1_mesityl><LB2_cyclohexyl><LINKER_C1><LA1_p_tolyl><LA2_bis_cf3_phenyl>,Cc1ccc(B(CP(c2c(C)cc(C)cc2C)C2CCCCC2)c2cc(C(F)(F)F)cc(C(F)(F)F)c2)cc1
P,mesityl,cyclohexyl,C2,p_tolyl,bis_cf3_phenyl,<LB_P><LB1_mesityl><LB2_cyclohexyl><LINKER_C2><LA1_p_tolyl><LA2_bis_cf3_phenyl>,Cc1ccc(B(CCP(c2c(C)cc(C)cc2C)C2CCCCC2)c2cc(C(F)(F)F)cc(C(F)(F)F)c2)cc1
P,mesityl,cyclohexyl,C3,p_tolyl,bis_cf3_phenyl,<LB_P><LB1_mesityl><LB2_cyclohexyl><LINKER_C3><LA1_p_tolyl><LA2_bis_cf3_phenyl>,Cc1ccc(B(CCCP(c2c(C)cc(C)cc2C)C2CCCCC2)c2cc(C(F)(F)F)cc(C(F)(F)F)c2)cc1
P,mesityl,cyclohexyl,C4,p_tolyl,bis_cf3_phenyl,<LB_P><LB1_mesityl><LB2_cyclohexyl><LINKER_C4><LA1_p_tolyl><LA2_bis_cf3_phenyl>,Cc1ccc(B(CCCCP(c2c(C)cc(C)cc2C)C2CCCCC2)c2cc(C(F)(F)F)cc(C(F)(F)F)c2)cc1
P,mesityl,cyclohexyl,C5,p_tolyl,bis_cf3_phenyl,<LB_P><LB1_mesityl><LB2_cyclohexyl><LINKER_C5><LA1_p_tolyl><LA2_bis_cf3_phenyl>,Cc1ccc(B(CCCCCP(c2c(C)cc(C)cc2C)C2CCCCC2)c2cc(C(F)(F)F)cc(C(F)(F)F)c2)cc1
P,mesityl,cyclohexyl,C6,p_tolyl,bis_cf3_phenyl,<LB_P><LB1_mesityl><LB2_cyclohexyl><LINKER_C6><LA1_p_tolyl><LA2_bis_cf3_phenyl>,Cc1ccc(B(CCCCCCP(c2c(C)cc(C)cc2C)C2CCCCC2)c2cc(C(F)(F)F)cc(C(F)(F)F)c2)cc1
P,mesityl,cyclohexyl,C1,mesityl,mesityl,<LB_P><LB1_mesityl><LB2_cyclohexyl><LINKER_C1><LA1_mesityl><LA2_mesityl>,Cc1cc(C)c(B(CP(c2c(C)cc(C)cc2C)C2CCCCC2)c2c(C)cc(C)cc2C)c(C)c1
P,mesityl,cyclohexyl,C2,mesityl,mesityl,<LB_P><LB1_mesityl><LB2_cyclohexyl><LINKER_C2><LA1_mesityl><LA2_mesityl>,Cc1cc(C)c(B(CCP(c2c(C)cc(C)cc2C)C2CCCCC2)c2c(C)cc(C)cc2C)c(C)c1
P,mesityl,cyclohexyl,C3,mesityl,mesityl,<LB_P><LB1_mesityl><LB2_cyclohexyl><LINKER_C3><LA1_mesityl><LA2_mesityl>,Cc1cc(C)c(B(CCCP(c2c(C)cc(C)cc2C)C2CCCCC2)c2c(C)cc(C)cc2C)c(C)c1
P,mesityl,cyclohexyl,C4,mesityl,mesityl,<LB_P><LB1_mesityl><LB2_cyclohexyl><LINKER_C4><LA1_mesityl><LA2_mesityl>,Cc1cc(C)c(B(CCCCP(c2c(C)cc(C)cc2C)C2CCCCC2)c2c(C)cc(C)cc2C)c(C)c1
P,mesityl,cyclohexyl,C5,mesityl,mesityl,<LB_P><LB1_mesityl><LB2_cyclohexyl><LINKER_C5><LA1_mesityl><LA2_mesityl>,Cc1cc(C)c(B(CCCCCP(c2c(C)cc(C)cc2C)C2CCCCC2)c2c(C)cc(C)cc2C)c(C)c1
P,mesityl,cyclohexyl,C6,mesityl,mesityl,<LB_P><LB1_mesityl><LB2_cyclohexyl><LINKER_C6><LA1_mesityl><LA2_mesityl>,Cc1cc(C)c(B(CCCCCCP(c2c(C)cc(C)cc2C)C2CCCCC2)c2c(C)cc(C)cc2C)c(C)c1
P,mesityl,cyclohexyl,C1,mesityl,pentafluorophenyl,<LB_P><LB1_mesityl><LB2_cyclohexyl><LINKER_C1><LA1_mesityl><LA2_pentafluorophenyl>,Cc1cc(C)c(B(CP(c2c(C)cc(C)cc2C)C2CCCCC2)c2c(F)c(F)c(F)c(F)c2F)c(C)c1
P,mesityl,cyclohexyl,C2,mesityl,pentafluorophenyl,<LB_P><LB1_mesityl><LB2_cyclohexyl><LINKER_C2><LA1_mesityl><LA2_pentafluorophenyl>,Cc1cc(C)c(B(CCP(c2c(C)cc(C)cc2C)C2CCCCC2)c2c(F)c(F)c(F)c(F)c2F)c(C)c1
P,mesityl,cyclohexyl,C3,mesityl,pentafluorophenyl,<LB_P><LB1_mesityl><LB2_cyclohexyl><LINKER_C3><LA1_mesityl><LA2_pentafluorophenyl>,Cc1cc(C)c(B(CCCP(c2c(C)cc(C)cc2C)C2CCCCC2)c2c(F)c(F)c(F)c(F)c2F)c(C)c1
P,mesityl,cyclohexyl,C4,mesityl,pentafluorophenyl,<LB_P><LB1_mesityl><LB2_cyclohexyl><LINKER_C4><LA1_mesityl><LA2_pentafluorophenyl>,Cc1cc(C)c(B(CCCCP(c2c(C)cc(C)cc2C)C2CCCCC2)c2c(F)c(F)c(F)c(F)c2F)c(C)c1
P,mesityl,cyclohexyl,C5,mesityl,pentafluorophenyl,<LB_P><LB1_mesityl><LB2_cyclohexyl><LINKER_C5><LA1_mesityl><LA2_pentafluorophenyl>,Cc1cc(C)c(B(CCCCCP(c2c(C)cc(C)cc2C)C2CCCCC2)c2c(F)c(F)c(F)c(F)c2F)c(C)c1
P,mesityl,cyclohexyl,C6,mesityl,pentafluorophenyl,<LB_P><LB1_mesityl><LB2_cyclohexyl><LINKER_C6><LA1_mesityl><LA2_pentafluorophenyl>,Cc1cc(C)c(B(CCCCCCP(c2c(C)cc(C)cc2C)C2CCCCC2)c2c(F)c(F)c(F)c(F)c2F)c(C)c1
P,mesityl,cyclohexyl,C1,mesityl,pentachlorophenyl,<LB_P><LB1_mesityl><LB2_cyclohexyl><LINKER_C1><LA1_mesityl><LA2_pentachlorophenyl>,Cc1cc(C)c(B(CP(c2c(C)cc(C)cc2C)C2CCCCC2)c2c(Cl)c(Cl)c(Cl)c(Cl)c2Cl)c(C)c1
P,mesityl,cyclohexyl,C2,mesityl,pentachlorophenyl,<LB_P><LB1_mesityl><LB2_cyclohexyl><LINKER_C2><LA1_mesityl><LA2_pentachlorophenyl>,Cc1cc(C)c(B(CCP(c2c(C)cc(C)cc2C)C2CCCCC2)c2c(Cl)c(Cl)c(Cl)c(Cl)c2Cl)c(C)c1
P,mesityl,cyclohexyl,C3,mesityl,pentachlorophenyl,<LB_P><LB1_mesityl><LB2_cyclohexyl><LINKER_C3><LA1_mesityl><LA2_pentachlorophenyl>,Cc1cc(C)c(B(CCCP(c2c(C)cc(C)cc2C)C2CCCCC2)c2c(Cl)c(Cl)c(Cl)c(Cl)c2Cl)c(C)c1
P,mesityl,cyclohexyl,C4,mesityl,pentachlorophenyl,<LB_P><LB1_mesityl><LB2_cyclohexyl><LINKER_C4><LA1_mesityl><LA2_pentachlorophenyl>,Cc1cc(C)c(B(CCCCP(c2c(C)cc(C)cc2C)C2CCCCC2)c2c(Cl)c(Cl)c(Cl)c(Cl)c2Cl)c(C)c1
P,mesityl,cyclohexyl,C5,mesityl,pentachlorophenyl,<LB_P><LB1_mesityl><LB2_cyclohexyl><LINKER_C5><LA1_mesityl><LA2_pentachlorophenyl>,Cc1cc(C)c(B(CCCCCP(c2c(C)cc(C)cc2C)C2CCCCC2)c2c(Cl)c(Cl)c(Cl)c(Cl)c2Cl)c(C)c1
P,mesityl,cyclohexyl,C6,mesityl,pentachlorophenyl,<LB_P><LB1_mesityl><LB2_cyclohexyl><LINKER_C6><LA1_mesityl><LA2_pentachlorophenyl>,Cc1cc(C)c(B(CCCCCCP(c2c(C)cc(C)cc2C)C2CCCCC2)c2c(Cl)c(Cl)c(Cl)c(Cl)c2Cl)c(C)c1
P,mesityl,cyclohexyl,C1,mesityl,bis_cf3_phenyl,<LB_P><LB1_mesityl><LB2_cyclohexyl><LINKER_C1><LA1_mesityl><LA2_bis_cf3_phenyl>,Cc1cc(C)c(B(CP(c2c(C)cc(C)cc2C)C2CCCCC2)c2cc(C(F)(F)F)cc(C(F)(F)F)c2)c(C)c1
P,mesityl,cyclohexyl,C2,mesityl,bis_cf3_phenyl,<LB_P><LB1_mesityl><LB2_cyclohexyl><LINKER_C2><LA1_mesityl><LA2_bis_cf3_phenyl>,Cc1cc(C)c(B(CCP(c2c(C)cc(C)cc2C)C2CCCCC2)c2cc(C(F)(F)F)cc(C(F)(F)F)c2)c(C)c1
P,mesityl,cyclohexyl,C3,mesityl,bis_cf3_phenyl,<LB_P><LB1_mesityl><LB2_cyclohexyl><LINKER_C3><LA1_mesityl><LA2_bis_cf3_phenyl>,Cc1cc(C)c(B(CCCP(c2c(C)cc(C)cc2C)C2CCCCC2)c2cc(C(F)(F)F)cc(C(F)(F)F)c2)c(C)c1
P,mesityl,cyclohexyl,C4,mesityl,bis_cf3_phenyl,<LB_P><LB1_mesityl><LB2_cyclohexyl><LINKER_C4><LA1_mesityl><LA2_bis_cf3_phenyl>,Cc1cc(C)c(B(CCCCP(c2c(C)cc(C)cc2C)C2CCCCC2)c2cc(C(F)(F)F)cc(C(F)(F)F)c2)c(C)c1
P,mesityl,cyclohexyl,C5,mesityl,bis_cf3_phenyl,<LB_P><LB1_mesityl><LB2_cyclohexyl><LINKER_C5><LA1_mesityl><LA2_bis_cf3_phenyl>,Cc1cc(C)c(B(CCCCCP(c2c(C)cc(C)cc2C)C2CCCCC2)c2cc(C(F)(F)F)cc(C(F)(F)F)c2)c(C)c1
P,mesityl,cyclohexyl,C6,mesityl,bis_cf3_phenyl,<LB_P><LB1_mesityl><LB2_cyclohexyl><LINKER_C6><LA1_mesityl><LA2_bis_cf3_phenyl>,Cc1cc(C)c(B(CCCCCCP(c2c(C)cc(C)cc2C)C2CCCCC2)c2cc(C(F)(F)F)cc(C(F)(F)F)c2)c(C)c1
P,mesityl,cyclohexyl,C1,pentafluorophenyl,pentafluorophenyl,<LB_P><LB1_mesityl><LB2_cyclohexyl><LINKER_C1><LA1_pentafluorophenyl><LA2_pentafluorophenyl>,Cc1cc(C)c(P(CB(c2c(F)c(F)c(F)c(F)c2F)c2c(F)c(F)c(F)c(F)c2F)C2CCCCC2)c(C)c1
P,mesityl,cyclohexyl,C2,pentafluorophenyl,pentafluorophenyl,<LB_P><LB1_mesityl><LB2_cyclohexyl><LINKER_C2><LA1_pentafluorophenyl><LA2_pentafluorophenyl>,Cc1cc(C)c(P(CCB(c2c(F)c(F)c(F)c(F)c2F)c2c(F)c(F)c(F)c(F)c2F)C2CCCCC2)c(C)c1
P,mesityl,cyclohexyl,C3,pentafluorophenyl,pentafluorophenyl,<LB_P><LB1_mesityl><LB2_cyclohexyl><LINKER_C3><LA1_pentafluorophenyl><LA2_pentafluorophenyl>,Cc1cc(C)c(P(CCCB(c2c(F)c(F)c(F)c(F)c2F)c2c(F)c(F)c(F)c(F)c2F)C2CCCCC2)c(C)c1
P,mesityl,cyclohexyl,C4,pentafluorophenyl,pentafluorophenyl,<LB_P><LB1_mesityl><LB2_cyclohexyl><LINKER_C4><LA1_pentafluorophenyl><LA2_pentafluorophenyl>,Cc1cc(C)c(P(CCCCB(c2c(F)c(F)c(F)c(F)c2F)c2c(F)c(F)c(F)c(F)c2F)C2CCCCC2)c(C)c1
P,mesityl,cyclohexyl,C5,pentafluorophenyl,pentafluorophenyl,<LB_P><LB1_mesityl><LB2_cyclohexyl><LINKER_C5><LA1_pentafluorophenyl><LA2_pentafluorophenyl>,Cc1cc(C)c(P(CCCCCB(c2c(F)c(F)c(F)c(F)c2F)c2c(F)c(F)c(F)c(F)c2F)C2CCCCC2)c(C)c1
P,mesityl,cyclohexyl,C6,pentafluorophenyl,pentafluorophenyl,<LB_P><LB1_mesityl><LB2_cyclohexyl><LINKER_C6><LA1_pentafluorophenyl><LA2_pentafluorophenyl>,Cc1cc(C)c(P(CCCCCCB(c2c(F)c(F)c(F)c(F)c2F)c2c(F)c(F)c(F)c(F)c2F)C2CCCCC2)c(C)c1
P,mesityl,cyclohexyl,C1,pentafluorophenyl,pentachlorophenyl,<LB_P><LB1_mesityl><LB2_cyclohexyl><LINKER_C1><LA1_pentafluorophenyl><LA2_pentachlorophenyl>,Cc1cc(C)c(P(CB(c2c(F)c(F)c(F)c(F)c2F)c2c(Cl)c(Cl)c(Cl)c(Cl)c2Cl)C2CCCCC2)c(C)c1
P,mesityl,cyclohexyl,C2,pentafluorophenyl,pentachlorophenyl,<LB_P><LB1_mesityl><LB2_cyclohexyl><LINKER_C2><LA1_pentafluorophenyl><LA2_pentachlorophenyl>,Cc1cc(C)c(P(CCB(c2c(F)c(F)c(F)c(F)c2F)c2c(Cl)c(Cl)c(Cl)c(Cl)c2Cl)C2CCCCC2)c(C)c1
P,mesityl,cyclohexyl,C3,pentafluorophenyl,pentachlorophenyl,<LB_P><LB1_mesityl><LB2_cyclohexyl><LINKER_C3><LA1_pentafluorophenyl><LA2_pentachlorophenyl>,Cc1cc(C)c(P(CCCB(c2c(F)c(F)c(F)c(F)c2F)c2c(Cl)c(Cl)c(Cl)c(Cl)c2Cl)C2CCCCC2)c(C)c1
P,mesityl,cyclohexyl,C4,pentafluorophenyl,pentachlorophenyl,<LB_P><LB1_mesityl><LB2_cyclohexyl><LINKER_C4><LA1_pentafluorophenyl><LA2_pentachlorophenyl>,Cc1cc(C)c(P(CCCCB(c2c(F)c(F)c(F)c(F)c2F)c2c(Cl)c(Cl)c(Cl)c(Cl)c2Cl)C2CCCCC2)c(C)c1
P,mesityl,cyclohexyl,C5,pentafluorophenyl,pentachlorophenyl,<LB_P><LB1_mesityl><LB2_cyclohexyl><LINKER_C5><LA1_pentafluorophenyl><LA2_pentachlorophenyl>,Cc1cc(C)c(P(CCCCCB(c2c(F)c(F)c(F)c(F)c2F)c2c(Cl)c(Cl)c(Cl)c(Cl)c2Cl)C2CCCCC2)c(C)c1
P,mesityl,cyclohexyl,C6,pentafluorophenyl,pentachlorophenyl,<LB_P><LB1_mesityl><LB2_cyclohexyl><LINKER_C6><LA1_pentafluorophenyl><LA2_pentachlorophenyl>,Cc1cc(C)c(P(CCCCCCB(c2c(F)c(F)c(F)c(F)c2F)c2c(Cl)c(Cl)c(Cl)c(Cl)c2Cl)C2CCCCC2)c(C)c1
P,mesityl,cyclohexyl,C1,pentafluorophenyl,bis_cf3_phenyl,<LB_P><LB1_mesityl><LB2_cyclohexyl><LINKER_C1><LA1_pentafluorophenyl><LA2_bis_cf3_phenyl>,Cc1cc(C)c(P(CB(c2cc(C(F)(F)F)cc(C(F)(F)F)c2)c2c(F)c(F)c(F)c(F)c2F)C2CCCCC2)c(C)c1
P,mesityl,cyclohexyl,C2,pentafluorophenyl,bis_cf3_phenyl,<LB_P><LB1_mesityl><LB2_cyclohexyl><LINKER_C2><LA1_pentafluorophenyl><LA2_bis_cf3_phenyl>,Cc1cc(C)c(P(CCB(c2cc(C(F)(F)F)cc(C(F)(F)F)c2)c2c(F)c(F)c(F)c(F)c2F)C2CCCCC2)c(C)c1
P,mesityl,cyclohexyl,C3,pentafluorophenyl,bis_cf3_phenyl,<LB_P><LB1_mesityl><LB2_cyclohexyl><LINKER_C3><LA1_pentafluorophenyl><LA2_bis_cf3_phenyl>,Cc1cc(C)c(P(CCCB(c2cc(C(F)(F)F)cc(C(F)(F)F)c2)c2c(F)c(F)c(F)c(F)c2F)C2CCCCC2)c(C)c1
P,mesityl,cyclohexyl,C4,pentafluorophenyl,bis_cf3_phenyl,<LB_P><LB1_mesityl><LB2_cyclohexyl><LINKER_C4><LA1_pentafluorophenyl><LA2_bis_cf3_phenyl>,Cc1cc(C)c(P(CCCCB(c2cc(C(F)(F)F)cc(C(F)(F)F)c2)c2c(F)c(F)c(F)c(F)c2F)C2CCCCC2)c(C)c1
P,mesityl,cyclohexyl,C5,pentafluorophenyl,bis_cf3_phenyl,<LB_P><LB1_mesityl><LB2_cyclohexyl><LINKER_C5><LA1_pentafluorophenyl><LA2_bis_cf3_phenyl>,Cc1cc(C)c(P(CCCCCB(c2cc(C(F)(F)F)cc(C(F)(F)F)c2)c2c(F)c(F)c(F)c(F)c2F)C2CCCCC2)c(C)c1
P,mesityl,cyclohexyl,C6,pentafluorophenyl,bis_cf3_phenyl,<LB_P><LB1_mesityl><LB2_cyclohexyl><LINKER_C6><LA1_pentafluorophenyl><LA2_bis_cf3_phenyl>,Cc1cc(C)c(P(CCCCCCB(c2cc(C(F)(F)F)cc(C(F)(F)F)c2)c2c(F)c(F)c(F)c(F)c2F)C2CCCCC2)c(C)c1
P,mesityl,cyclohexyl,C1,pentachlorophenyl,pentachlorophenyl,<LB_P><LB1_mesityl><LB2_cyclohexyl><LINKER_C1><LA1_pentachlorophenyl><LA2_pentachlorophenyl>,Cc1cc(C)c(P(CB(c2c(Cl)c(Cl)c(Cl)c(Cl)c2Cl)c2c(Cl)c(Cl)c(Cl)c(Cl)c2Cl)C2CCCCC2)c(C)c1
P,mesityl,cyclohexyl,C2,pentachlorophenyl,pentachlorophenyl,<LB_P><LB1_mesityl><LB2_cyclohexyl><LINKER_C2><LA1_pentachlorophenyl><LA2_pentachlorophenyl>,Cc1cc(C)c(P(CCB(c2c(Cl)c(Cl)c(Cl)c(Cl)c2Cl)c2c(Cl)c(Cl)c(Cl)c(Cl)c2Cl)C2CCCCC2)c(C)c1
P,mesityl,cyclohexyl,C3,pentachlorophenyl,pentachlorophenyl,<LB_P><LB1_mesityl><LB2_cyclohexyl><LINKER_C3><LA1_pentachlorophenyl><LA2_pentachlorophenyl>,Cc1cc(C)c(P(CCCB(c2c(Cl)c(Cl)c(Cl)c(Cl)c2Cl)c2c(Cl)c(Cl)c(Cl)c(Cl)c2Cl)C2CCCCC2)c(C)c1
P,mesityl,cyclohexyl,C4,pentachlorophenyl,pentachlorophenyl,<LB_P><LB1_mesityl><LB2_cyclohexyl><LINKER_C4><LA1_pentachlorophenyl><LA2_pentachlorophenyl>,Cc1cc(C)c(P(CCCCB(c2c(Cl)c(Cl)c(Cl)c(Cl)c2Cl)c2c(Cl)c(Cl)c(Cl)c(Cl)c2Cl)C2CCCCC2)c(C)c1
P,mesityl,cyclohexyl,C5,pentachlorophenyl,pentachlorophenyl,<LB_P><LB1_mesityl><LB2_cyclohexyl><LINKER_C5><LA1_pentachlorophenyl><LA2_pentachlorophenyl>,Cc1cc(C)c(P(CCCCCB(c2c(Cl)c(Cl)c(Cl)c(Cl)c2Cl)c2c(Cl)c(Cl)c(Cl)c(Cl)c2Cl)C2CCCCC2)c(C)c1
P,mesityl,cyclohexyl,C6,pentachlorophenyl,pentachlorophenyl,<LB_P><LB1_mesityl><LB2_cyclohexyl><LINKER_C6><LA1_pentachlorophenyl><LA2_pentachlorophenyl>,Cc1cc(C)c(P(CCCCCCB(c2c(Cl)c(Cl)c(Cl)c(Cl)c2Cl)c2c(Cl)c(Cl)c(Cl)c(Cl)c2Cl)C2CCCCC2)c(C)c1
P,mesityl,cyclohexyl,C1,pentachlorophenyl,bis_cf3_phenyl,<LB_P><LB1_mesityl><LB2_cyclohexyl><LINKER_C1><LA1_pentachlorophenyl><LA2_bis_cf3_phenyl>,Cc1cc(C)c(P(CB(c2cc(C(F)(F)F)cc(C(F)(F)F)c2)c2c(Cl)c(Cl)c(Cl)c(Cl)c2Cl)C2CCCCC2)c(C)c1
P,mesityl,cyclohexyl,C2,pentachlorophenyl,bis_cf3_phenyl,<LB_P><LB1_mesityl><LB2_cyclohexyl><LINKER_C2><LA1_pentachlorophenyl><LA2_bis_cf3_phenyl>,Cc1cc(C)c(P(CCB(c2cc(C(F)(F)F)cc(C(F)(F)F)c2)c2c(Cl)c(Cl)c(Cl)c(Cl)c2Cl)C2CCCCC2)c(C)c1
P,mesityl,cyclohexyl,C3,pentachlorophenyl,bis_cf3_phenyl,<LB_P><LB1_mesityl><LB2_cyclohexyl><LINKER_C3><LA1_pentachlorophenyl><LA2_bis_cf3_phenyl>,Cc1cc(C)c(P(CCCB(c2cc(C(F)(F)F)cc(C(F)(F)F)c2)c2c(Cl)c(Cl)c(Cl)c(Cl)c2Cl)C2CCCCC2)c(C)c1
P,mesityl,cyclohexyl,C4,pentachlorophenyl,bis_cf3_phenyl,<LB_P><LB1_mesityl><LB2_cyclohexyl><LINKER_C4><LA1_pentachlorophenyl><LA2_bis_cf3_phenyl>,Cc1cc(C)c(P(CCCCB(c2cc(C(F)(F)F)cc(C(F)(F)F)c2)c2c(Cl)c(Cl)c(Cl)c(Cl)c2Cl)C2CCCCC2)c(C)c1
P,mesityl,cyclohexyl,C5,pentachlorophenyl,bis_cf3_phenyl,<LB_P><LB1_mesityl><LB2_cyclohexyl><LINKER_C5><LA1_pentachlorophenyl><LA2_bis_cf3_phenyl>,Cc1cc(C)c(P(CCCCCB(c2cc(C(F)(F)F)cc(C(F)(F)F)c2)c2c(Cl)c(Cl)c(Cl)c(Cl)c2Cl)C2CCCCC2)c(C)c1
P,mesityl,cyclohexyl,C6,pentachlorophenyl,bis_cf3_phenyl,<LB_P><LB1_mesityl><LB2_cyclohexyl><LINKER_C6><LA1_pentachlorophenyl><LA2_bis_cf3_phenyl>,Cc1cc(C)c(P(CCCCCCB(c2cc(C(F)(F)F)cc(C(F)(F)F)c2)c2c(Cl)c(Cl)c(Cl)c(Cl)c2Cl)C2CCCCC2)c(C)c1
P,mesityl,cyclohexyl,C1,bis_cf3_phenyl,bis_cf3_phenyl,<LB_P><LB1_mesityl><LB2_cyclohexyl><LINKER_C1><LA1_bis_cf3_phenyl><LA2_bis_cf3_phenyl>,Cc1cc(C)c(P(CB(c2cc(C(F)(F)F)cc(C(F)(F)F)c2)c2cc(C(F)(F)F)cc(C(F)(F)F)c2)C2CCCCC2)c(C)c1
P,mesityl,cyclohexyl,C2,bis_cf3_phenyl,bis_cf3_phenyl,<LB_P><LB1_mesityl><LB2_cyclohexyl><LINKER_C2><LA1_bis_cf3_phenyl><LA2_bis_cf3_phenyl>,Cc1cc(C)c(P(CCB(c2cc(C(F)(F)F)cc(C(F)(F)F)c2)c2cc(C(F)(F)F)cc(C(F)(F)F)c2)C2CCCCC2)c(C)c1
P,mesityl,cyclohexyl,C3,bis_cf3_phenyl,bis_cf3_phenyl,<LB_P><LB1_mesityl><LB2_cyclohexyl><LINKER_C3><LA1_bis_cf3_phenyl><LA2_bis_cf3_phenyl>,Cc1cc(C)c(P(CCCB(c2cc(C(F)(F)F)cc(C(F)(F)F)c2)c2cc(C(F)(F)F)cc(C(F)(F)F)c2)C2CCCCC2)c(C)c1
P,mesityl,cyclohexyl,C4,bis_cf3_phenyl,bis_cf3_phenyl,<LB_P><LB1_mesityl><LB2_cyclohexyl><LINKER_C4><LA1_bis_cf3_phenyl><LA2_bis_cf3_phenyl>,Cc1cc(C)c(P(CCCCB(c2cc(C(F)(F)F)cc(C(F)(F)F)c2)c2cc(C(F)(F)F)cc(C(F)(F)F)c2)C2CCCCC2)c(C)c1
P,mesityl,cyclohexyl,C5,bis_cf3_phenyl,bis_cf3_phenyl,<LB_P><LB1_mesityl><LB2_cyclohexyl><LINKER_C5><LA1_bis_cf3_phenyl><LA2_bis_cf3_phenyl>,Cc1cc(C)c(P(CCCCCB(c2cc(C(F)(F)F)cc(C(F)(F)F)c2)c2cc(C(F)(F)F)cc(C(F)(F)F)c2)C2CCCCC2)c(C)c1
P,mesityl,cyclohexyl,C6,bis_cf3_phenyl,bis_cf3_phenyl,<LB_P><LB1_mesityl><LB2_cyclohexyl><LINKER_C6><LA1_bis_cf3_phenyl><LA2_bis_cf3_phenyl>,Cc1cc(C)c(P(CCCCCCB(c2cc(C(F)(F)F)cc(C(F)(F)F)c2)c2cc(C(F)(F)F)cc(C(F)(F)F)c2)C2CCCCC2)c(C)c1
P,mesityl,isopropyl,C1,phenyl,phenyl,<LB_P><LB1_mesityl><LB2_isopropyl><LINKER_C1><LA1_phenyl><LA2_phenyl>,Cc1cc(C)c(P(CB(c2ccccc2)c2ccccc2)C(C)C)c(C)c1
P,mesityl,isopropyl,C2,phenyl,phenyl,<LB_P><LB1_mesityl><LB2_isopropyl><LINKER_C2><LA1_phenyl><LA2_phenyl>,Cc1cc(C)c(P(CCB(c2ccccc2)c2ccccc2)C(C)C)c(C)c1
P,mesityl,isopropyl,C3,phenyl,phenyl,<LB_P><LB1_mesityl><LB2_isopropyl><LINKER_C3><LA1_phenyl><LA2_phenyl>,Cc1cc(C)c(P(CCCB(c2ccccc2)c2ccccc2)C(C)C)c(C)c1
P,mesityl,isopropyl,C4,phenyl,phenyl,<LB_P><LB1_mesityl><LB2_isopropyl><LINKER_C4><LA1_phenyl><LA2_phenyl>,Cc1cc(C)c(P(CCCCB(c2ccccc2)c2ccccc2)C(C)C)c(C)c1
P,mesityl,isopropyl,C5,phenyl,phenyl,<LB_P><LB1_mesityl><LB2_isopropyl><LINKER_C5><LA1_phenyl><LA2_phenyl>,Cc1cc(C)c(P(CCCCCB(c2ccccc2)c2ccccc2)C(C)C)c(C)c1
P,mesityl,isopropyl,C6,phenyl,phenyl,<LB_P><LB1_mesityl><LB2_isopropyl><LINKER_C6><LA1_phenyl><LA2_phenyl>,Cc1cc(C)c(P(CCCCCCB(c2ccccc2)c2ccccc2)C(C)C)c(C)c1
P,mesityl,isopropyl,C1,phenyl,p_tolyl,<LB_P><LB1_mesityl><LB2_isopropyl><LINKER_C1><LA1_phenyl><LA2_p_tolyl>,Cc1ccc(B(CP(c2c(C)cc(C)cc2C)C(C)C)c2ccccc2)cc1
P,mesityl,isopropyl,C2,phenyl,p_tolyl,<LB_P><LB1_mesityl><LB2_isopropyl><LINKER_C2><LA1_phenyl><LA2_p_tolyl>,Cc1ccc(B(CCP(c2c(C)cc(C)cc2C)C(C)C)c2ccccc2)cc1
P,mesityl,isopropyl,C3,phenyl,p_tolyl,<LB_P><LB1_mesityl><LB2_isopropyl><LINKER_C3><LA1_phenyl><LA2_p_tolyl>,Cc1ccc(B(CCCP(c2c(C)cc(C)cc2C)C(C)C)c2ccccc2)cc1
P,mesityl,isopropyl,C4,phenyl,p_tolyl,<LB_P><LB1_mesityl><LB2_isopropyl><LINKER_C4><LA1_phenyl><LA2_p_tolyl>,Cc1ccc(B(CCCCP(c2c(C)cc(C)cc2C)C(C)C)c2ccccc2)cc1
P,mesityl,isopropyl,C5,phenyl,p_tolyl,<LB_P><LB1_mesityl><LB2_isopropyl><LINKER_C5><LA1_phenyl><LA2_p_tolyl>,Cc1ccc(B(CCCCCP(c2c(C)cc(C)cc2C)C(C)C)c2ccccc2)cc1
P,mesityl,isopropyl,C6,phenyl,p_tolyl,<LB_P><LB1_mesityl><LB2_isopropyl><LINKER_C6><LA1_phenyl><LA2_p_tolyl>,Cc1ccc(B(CCCCCCP(c2c(C)cc(C)cc2C)C(C)C)c2ccccc2)cc1
P,mesityl,isopropyl,C1,phenyl,mesityl,<LB_P><LB1_mesityl><LB2_isopropyl><LINKER_C1><LA1_phenyl><LA2_mesityl>,Cc1cc(C)c(B(CP(c2c(C)cc(C)cc2C)C(C)C)c2ccccc2)c(C)c1
P,mesityl,isopropyl,C2,phenyl,mesityl,<LB_P><LB1_mesityl><LB2_isopropyl><LINKER_C2><LA1_phenyl><LA2_mesityl>,Cc1cc(C)c(B(CCP(c2c(C)cc(C)cc2C)C(C)C)c2ccccc2)c(C)c1
P,mesityl,isopropyl,C3,phenyl,mesityl,<LB_P><LB1_mesityl><LB2_isopropyl><LINKER_C3><LA1_phenyl><LA2_mesityl>,Cc1cc(C)c(B(CCCP(c2c(C)cc(C)cc2C)C(C)C)c2ccccc2)c(C)c1
P,mesityl,isopropyl,C4,phenyl,mesityl,<LB_P><LB1_mesityl><LB2_isopropyl><LINKER_C4><LA1_phenyl><LA2_mesityl>,Cc1cc(C)c(B(CCCCP(c2c(C)cc(C)cc2C)C(C)C)c2ccccc2)c(C)c1
P,mesityl,isopropyl,C5,phenyl,mesityl,<LB_P><LB1_mesityl><LB2_isopropyl><LINKER_C5><LA1_phenyl><LA2_mesityl>,Cc1cc(C)c(B(CCCCCP(c2c(C)cc(C)cc2C)C(C)C)c2ccccc2)c(C)c1
P,mesityl,isopropyl,C6,phenyl,mesityl,<LB_P><LB1_mesityl><LB2_isopropyl><LINKER_C6><LA1_phenyl><LA2_mesityl>,Cc1cc(C)c(B(CCCCCCP(c2c(C)cc(C)cc2C)C(C)C)c2ccccc2)c(C)c1
P,mesityl,isopropyl,C1,phenyl,pentafluorophenyl,<LB_P><LB1_mesityl><LB2_isopropyl><LINKER_C1><LA1_phenyl><LA2_pentafluorophenyl>,Cc1cc(C)c(P(CB(c2ccccc2)c2c(F)c(F)c(F)c(F)c2F)C(C)C)c(C)c1
P,mesityl,isopropyl,C2,phenyl,pentafluorophenyl,<LB_P><LB1_mesityl><LB2_isopropyl><LINKER_C2><LA1_phenyl><LA2_pentafluorophenyl>,Cc1cc(C)c(P(CCB(c2ccccc2)c2c(F)c(F)c(F)c(F)c2F)C(C)C)c(C)c1
P,mesityl,isopropyl,C3,phenyl,pentafluorophenyl,<LB_P><LB1_mesityl><LB2_isopropyl><LINKER_C3><LA1_phenyl><LA2_pentafluorophenyl>,Cc1cc(C)c(P(CCCB(c2ccccc2)c2c(F)c(F)c(F)c(F)c2F)C(C)C)c(C)c1
P,mesityl,isopropyl,C4,phenyl,pentafluorophenyl,<LB_P><LB1_mesityl><LB2_isopropyl><LINKER_C4><LA1_phenyl><LA2_pentafluorophenyl>,Cc1cc(C)c(P(CCCCB(c2ccccc2)c2c(F)c(F)c(F)c(F)c2F)C(C)C)c(C)c1
P,mesityl,isopropyl,C5,phenyl,pentafluorophenyl,<LB_P><LB1_mesityl><LB2_isopropyl><LINKER_C5><LA1_phenyl><LA2_pentafluorophenyl>,Cc1cc(C)c(P(CCCCCB(c2ccccc2)c2c(F)c(F)c(F)c(F)c2F)C(C)C)c(C)c1
P,mesityl,isopropyl,C6,phenyl,pentafluorophenyl,<LB_P><LB1_mesityl><LB2_isopropyl><LINKER_C6><LA1_phenyl><LA2_pentafluorophenyl>,Cc1cc(C)c(P(CCCCCCB(c2ccccc2)c2c(F)c(F)c(F)c(F)c2F)C(C)C)c(C)c1
P,mesityl,isopropyl,C1,phenyl,pentachlorophenyl,<LB_P><LB1_mesityl><LB2_isopropyl><LINKER_C1><LA1_phenyl><LA2_pentachlorophenyl>,Cc1cc(C)c(P(CB(c2ccccc2)c2c(Cl)c(Cl)c(Cl)c(Cl)c2Cl)C(C)C)c(C)c1
P,mesityl,isopropyl,C2,phenyl,pentachlorophenyl,<LB_P><LB1_mesityl><LB2_isopropyl><LINKER_C2><LA1_phenyl><LA2_pentachlorophenyl>,Cc1cc(C)c(P(CCB(c2ccccc2)c2c(Cl)c(Cl)c(Cl)c(Cl)c2Cl)C(C)C)c(C)c1
P,mesityl,isopropyl,C3,phenyl,pentachlorophenyl,<LB_P><LB1_mesityl><LB2_isopropyl><LINKER_C3><LA1_phenyl><LA2_pentachlorophenyl>,Cc1cc(C)c(P(CCCB(c2ccccc2)c2c(Cl)c(Cl)c(Cl)c(Cl)c2Cl)C(C)C)c(C)c1
P,mesityl,isopropyl,C4,phenyl,pentachlorophenyl,<LB_P><LB1_mesityl><LB2_isopropyl><LINKER_C4><LA1_phenyl><LA2_pentachlorophenyl>,Cc1cc(C)c(P(CCCCB(c2ccccc2)c2c(Cl)c(Cl)c(Cl)c(Cl)c2Cl)C(C)C)c(C)c1
P,mesityl,isopropyl,C5,phenyl,pentachlorophenyl,<LB_P><LB1_mesityl><LB2_isopropyl><LINKER_C5><LA1_phenyl><LA2_pentachlorophenyl>,Cc1cc(C)c(P(CCCCCB(c2ccccc2)c2c(Cl)c(Cl)c(Cl)c(Cl)c2Cl)C(C)C)c(C)c1
P,mesityl,isopropyl,C6,phenyl,pentachlorophenyl,<LB_P><LB1_mesityl><LB2_isopropyl><LINKER_C6><LA1_phenyl><LA2_pentachlorophenyl>,Cc1cc(C)c(P(CCCCCCB(c2ccccc2)c2c(Cl)c(Cl)c(Cl)c(Cl)c2Cl)C(C)C)c(C)c1
P,mesityl,isopropyl,C1,phenyl,bis_cf3_phenyl,<LB_P><LB1_mesityl><LB2_isopropyl><LINKER_C1><LA1_phenyl><LA2_bis_cf3_phenyl>,Cc1cc(C)c(P(CB(c2ccccc2)c2cc(C(F)(F)F)cc(C(F)(F)F)c2)C(C)C)c(C)c1
P,mesityl,isopropyl,C2,phenyl,bis_cf3_phenyl,<LB_P><LB1_mesityl><LB2_isopropyl><LINKER_C2><LA1_phenyl><LA2_bis_cf3_phenyl>,Cc1cc(C)c(P(CCB(c2ccccc2)c2cc(C(F)(F)F)cc(C(F)(F)F)c2)C(C)C)c(C)c1
P,mesityl,isopropyl,C3,phenyl,bis_cf3_phenyl,<LB_P><LB1_mesityl><LB2_isopropyl><LINKER_C3><LA1_phenyl><LA2_bis_cf3_phenyl>,Cc1cc(C)c(P(CCCB(c2ccccc2)c2cc(C(F)(F)F)cc(C(F)(F)F)c2)C(C)C)c(C)c1
P,mesityl,isopropyl,C4,phenyl,bis_cf3_phenyl,<LB_P><LB1_mesityl><LB2_isopropyl><LINKER_C4><LA1_phenyl><LA2_bis_cf3_phenyl>,Cc1cc(C)c(P(CCCCB(c2ccccc2)c2cc(C(F)(F)F)cc(C(F)(F)F)c2)C(C)C)c(C)c1
P,mesityl,isopropyl,C5,phenyl,bis_cf3_phenyl,<LB_P><LB1_mesityl><LB2_isopropyl><LINKER_C5><LA1_phenyl><LA2_bis_cf3_phenyl>,Cc1cc(C)c(P(CCCCCB(c2ccccc2)c2cc(C(F)(F)F)cc(C(F)(F)F)c2)C(C)C)c(C)c1
P,mesityl,isopropyl,C6,phenyl,bis_cf3_phenyl,<LB_P><LB1_mesityl><LB2_isopropyl><LINKER_C6><LA1_phenyl><LA2_bis_cf3_phenyl>,Cc1cc(C)c(P(CCCCCCB(c2ccccc2)c2cc(C(F)(F)F)cc(C(F)(F)F)c2)C(C)C)c(C)c1
P,mesityl,isopropyl,C1,p_tolyl,p_tolyl,<LB_P><LB1_mesityl><LB2_isopropyl><LINKER_C1><LA1_p_tolyl><LA2_p_tolyl>,Cc1ccc(B(CP(c2c(C)cc(C)cc2C)C(C)C)c2ccc(C)cc2)cc1
P,mesityl,isopropyl,C2,p_tolyl,p_tolyl,<LB_P><LB1_mesityl><LB2_isopropyl><LINKER_C2><LA1_p_tolyl><LA2_p_tolyl>,Cc1ccc(B(CCP(c2c(C)cc(C)cc2C)C(C)C)c2ccc(C)cc2)cc1
P,mesityl,isopropyl,C3,p_tolyl,p_tolyl,<LB_P><LB1_mesityl><LB2_isopropyl><LINKER_C3><LA1_p_tolyl><LA2_p_tolyl>,Cc1ccc(B(CCCP(c2c(C)cc(C)cc2C)C(C)C)c2ccc(C)cc2)cc1
P,mesityl,isopropyl,C4,p_tolyl,p_tolyl,<LB_P><LB1_mesityl><LB2_isopropyl><LINKER_C4><LA1_p_tolyl><LA2_p_tolyl>,Cc1ccc(B(CCCCP(c2c(C)cc(C)cc2C)C(C)C)c2ccc(C)cc2)cc1
P,mesityl,isopropyl,C5,p_tolyl,p_tolyl,<LB_P><LB1_mesityl><LB2_isopropyl><LINKER_C5><LA1_p_tolyl><LA2_p_tolyl>,Cc1ccc(B(CCCCCP(c2c(C)cc(C)cc2C)C(C)C)c2ccc(C)cc2)cc1
P,mesityl,isopropyl,C6,p_tolyl,p_tolyl,<LB_P><LB1_mesityl><LB2_isopropyl><LINKER_C6><LA1_p_tolyl><LA2_p_tolyl>,Cc1ccc(B(CCCCCCP(c2c(C)cc(C)cc2C)C(C)C)c2ccc(C)cc2)cc1
P,mesityl,isopropyl,C1,p_tolyl,mesityl,<LB_P><LB1_mesityl><LB2_isopropyl><LINKER_C1><LA1_p_tolyl><LA2_mesityl>,Cc1ccc(B(CP(c2c(C)cc(C)cc2C)C(C)C)c2c(C)cc(C)cc2C)cc1
P,mesityl,isopropyl,C2,p_tolyl,mesityl,<LB_P><LB1_mesityl><LB2_isopropyl><LINKER_C2><LA1_p_tolyl><LA2_mesityl>,Cc1ccc(B(CCP(c2c(C)cc(C)cc2C)C(C)C)c2c(C)cc(C)cc2C)cc1
P,mesityl,isopropyl,C3,p_tolyl,mesityl,<LB_P><LB1_mesityl><LB2_isopropyl><LINKER_C3><LA1_p_tolyl><LA2_mesityl>,Cc1ccc(B(CCCP(c2c(C)cc(C)cc2C)C(C)C)c2c(C)cc(C)cc2C)cc1
P,mesityl,isopropyl,C4,p_tolyl,mesityl,<LB_P><LB1_mesityl><LB2_isopropyl><LINKER_C4><LA1_p_tolyl><LA2_mesityl>,Cc1ccc(B(CCCCP(c2c(C)cc(C)cc2C)C(C)C)c2c(C)cc(C)cc2C)cc1
P,mesityl,isopropyl,C5,p_tolyl,mesityl,<LB_P><LB1_mesityl><LB2_isopropyl><LINKER_C5><LA1_p_tolyl><LA2_mesityl>,Cc1ccc(B(CCCCCP(c2c(C)cc(C)cc2C)C(C)C)c2c(C)cc(C)cc2C)cc1
P,mesityl,isopropyl,C6,p_tolyl,mesityl,<LB_P><LB1_mesityl><LB2_isopropyl><LINKER_C6><LA1_p_tolyl><LA2_mesityl>,Cc1ccc(B(CCCCCCP(c2c(C)cc(C)cc2C)C(C)C)c2c(C)cc(C)cc2C)cc1
P,mesityl,isopropyl,C1,p_tolyl,pentafluorophenyl,<LB_P><LB1_mesityl><LB2_isopropyl><LINKER_C1><LA1_p_tolyl><LA2_pentafluorophenyl>,Cc1ccc(B(CP(c2c(C)cc(C)cc2C)C(C)C)c2c(F)c(F)c(F)c(F)c2F)cc1
P,mesityl,isopropyl,C2,p_tolyl,pentafluorophenyl,<LB_P><LB1_mesityl><LB2_isopropyl><LINKER_C2><LA1_p_tolyl><LA2_pentafluorophenyl>,Cc1ccc(B(CCP(c2c(C)cc(C)cc2C)C(C)C)c2c(F)c(F)c(F)c(F)c2F)cc1
P,mesityl,isopropyl,C3,p_tolyl,pentafluorophenyl,<LB_P><LB1_mesityl><LB2_isopropyl><LINKER_C3><LA1_p_tolyl><LA2_pentafluorophenyl>,Cc1ccc(B(CCCP(c2c(C)cc(C)cc2C)C(C)C)c2c(F)c(F)c(F)c(F)c2F)cc1
P,mesityl,isopropyl,C4,p_tolyl,pentafluorophenyl,<LB_P><LB1_mesityl><LB2_isopropyl><LINKER_C4><LA1_p_tolyl><LA2_pentafluorophenyl>,Cc1ccc(B(CCCCP(c2c(C)cc(C)cc2C)C(C)C)c2c(F)c(F)c(F)c(F)c2F)cc1
P,mesityl,isopropyl,C5,p_tolyl,pentafluorophenyl,<LB_P><LB1_mesityl><LB2_isopropyl><LINKER_C5><LA1_p_tolyl><LA2_pentafluorophenyl>,Cc1ccc(B(CCCCCP(c2c(C)cc(C)cc2C)C(C)C)c2c(F)c(F)c(F)c(F)c2F)cc1
P,mesityl,isopropyl,C6,p_tolyl,pentafluorophenyl,<LB_P><LB1_mesityl><LB2_isopropyl><LINKER_C6><LA1_p_tolyl><LA2_pentafluorophenyl>,Cc1ccc(B(CCCCCCP(c2c(C)cc(C)cc2C)C(C)C)c2c(F)c(F)c(F)c(F)c2F)cc1
P,mesityl,isopropyl,C1,p_tolyl,pentachlorophenyl,<LB_P><LB1_mesityl><LB2_isopropyl><LINKER_C1><LA1_p_tolyl><LA2_pentachlorophenyl>,Cc1ccc(B(CP(c2c(C)cc(C)cc2C)C(C)C)c2c(Cl)c(Cl)c(Cl)c(Cl)c2Cl)cc1
P,mesityl,isopropyl,C2,p_tolyl,pentachlorophenyl,<LB_P><LB1_mesityl><LB2_isopropyl><LINKER_C2><LA1_p_tolyl><LA2_pentachlorophenyl>,Cc1ccc(B(CCP(c2c(C)cc(C)cc2C)C(C)C)c2c(Cl)c(Cl)c(Cl)c(Cl)c2Cl)cc1
P,mesityl,isopropyl,C3,p_tolyl,pentachlorophenyl,<LB_P><LB1_mesityl><LB2_isopropyl><LINKER_C3><LA1_p_tolyl><LA2_pentachlorophenyl>,Cc1ccc(B(CCCP(c2c(C)cc(C)cc2C)C(C)C)c2c(Cl)c(Cl)c(Cl)c(Cl)c2Cl)cc1
P,mesityl,isopropyl,C4,p_tolyl,pentachlorophenyl,<LB_P><LB1_mesityl><LB2_isopropyl><LINKER_C4><LA1_p_tolyl><LA2_pentachlorophenyl>,Cc1ccc(B(CCCCP(c2c(C)cc(C)cc2C)C(C)C)c2c(Cl)c(Cl)c(Cl)c(Cl)c2Cl)cc1
P,mesityl,isopropyl,C5,p_tolyl,pentachlorophenyl,<LB_P><LB1_mesityl><LB2_isopropyl><LINKER_C5><LA1_p_tolyl><LA2_pentachlorophenyl>,Cc1ccc(B(CCCCCP(c2c(C)cc(C)cc2C)C(C)C)c2c(Cl)c(Cl)c(Cl)c(Cl)c2Cl)cc1
P,mesityl,isopropyl,C6,p_tolyl,pentachlorophenyl,<LB_P><LB1_mesityl><LB2_isopropyl><LINKER_C6><LA1_p_tolyl><LA2_pentachlorophenyl>,Cc1ccc(B(CCCCCCP(c2c(C)cc(C)cc2C)C(C)C)c2c(Cl)c(Cl)c(Cl)c(Cl)c2Cl)cc1
P,mesityl,isopropyl,C1,p_tolyl,bis_cf3_phenyl,<LB_P><LB1_mesityl><LB2_isopropyl><LINKER_C1><LA1_p_tolyl><LA2_bis_cf3_phenyl>,Cc1ccc(B(CP(c2c(C)cc(C)cc2C)C(C)C)c2cc(C(F)(F)F)cc(C(F)(F)F)c2)cc1
P,mesityl,isopropyl,C2,p_tolyl,bis_cf3_phenyl,<LB_P><LB1_mesityl><LB2_isopropyl><LINKER_C2><LA1_p_tolyl><LA2_bis_cf3_phenyl>,Cc1ccc(B(CCP(c2c(C)cc(C)cc2C)C(C)C)c2cc(C(F)(F)F)cc(C(F)(F)F)c2)cc1
P,mesityl,isopropyl,C3,p_tolyl,bis_cf3_phenyl,<LB_P><LB1_mesityl><LB2_isopropyl><LINKER_C3><LA1_p_tolyl><LA2_bis_cf3_phenyl>,Cc1ccc(B(CCCP(c2c(C)cc(C)cc2C)C(C)C)c2cc(C(F)(F)F)cc(C(F)(F)F)c2)cc1
P,mesityl,isopropyl,C4,p_tolyl,bis_cf3_phenyl,<LB_P><LB1_mesityl><LB2_isopropyl><LINKER_C4><LA1_p_tolyl><LA2_bis_cf3_phenyl>,Cc1ccc(B(CCCCP(c2c(C)cc(C)cc2C)C(C)C)c2cc(C(F)(F)F)cc(C(F)(F)F)c2)cc1
P,mesityl,isopropyl,C5,p_tolyl,bis_cf3_phenyl,<LB_P><LB1_mesityl><LB2_isopropyl><LINKER_C5><LA1_p_tolyl><LA2_bis_cf3_phenyl>,Cc1ccc(B(CCCCCP(c2c(C)cc(C)cc2C)C(C)C)c2cc(C(F)(F)F)cc(C(F)(F)F)c2)cc1
P,mesityl,isopropyl,C6,p_tolyl,bis_cf3_phenyl,<LB_P><LB1_mesityl><LB2_isopropyl><LINKER_C6><LA1_p_tolyl><LA2_bis_cf3_phenyl>,Cc1ccc(B(CCCCCCP(c2c(C)cc(C)cc2C)C(C)C)c2cc(C(F)(F)F)cc(C(F)(F)F)c2)cc1
P,mesityl,isopropyl,C1,mesityl,mesityl,<LB_P><LB1_mesityl><LB2_isopropyl><LINKER_C1><LA1_mesityl><LA2_mesityl>,Cc1cc(C)c(B(CP(c2c(C)cc(C)cc2C)C(C)C)c2c(C)cc(C)cc2C)c(C)c1
P,mesityl,isopropyl,C2,mesityl,mesityl,<LB_P><LB1_mesityl><LB2_isopropyl><LINKER_C2><LA1_mesityl><LA2_mesityl>,Cc1cc(C)c(B(CCP(c2c(C)cc(C)cc2C)C(C)C)c2c(C)cc(C)cc2C)c(C)c1
P,mesityl,isopropyl,C3,mesityl,mesityl,<LB_P><LB1_mesityl><LB2_isopropyl><LINKER_C3><LA1_mesityl><LA2_mesityl>,Cc1cc(C)c(B(CCCP(c2c(C)cc(C)cc2C)C(C)C)c2c(C)cc(C)cc2C)c(C)c1
P,mesityl,isopropyl,C4,mesityl,mesityl,<LB_P><LB1_mesityl><LB2_isopropyl><LINKER_C4><LA1_mesityl><LA2_mesityl>,Cc1cc(C)c(B(CCCCP(c2c(C)cc(C)cc2C)C(C)C)c2c(C)cc(C)cc2C)c(C)c1
P,mesityl,isopropyl,C5,mesityl,mesityl,<LB_P><LB1_mesityl><LB2_isopropyl><LINKER_C5><LA1_mesityl><LA2_mesityl>,Cc1cc(C)c(B(CCCCCP(c2c(C)cc(C)cc2C)C(C)C)c2c(C)cc(C)cc2C)c(C)c1
P,mesityl,isopropyl,C6,mesityl,mesityl,<LB_P><LB1_mesityl><LB2_isopropyl><LINKER_C6><LA1_mesityl><LA2_mesityl>,Cc1cc(C)c(B(CCCCCCP(c2c(C)cc(C)cc2C)C(C)C)c2c(C)cc(C)cc2C)c(C)c1
P,mesityl,isopropyl,C1,mesityl,pentafluorophenyl,<LB_P><LB1_mesityl><LB2_isopropyl><LINKER_C1><LA1_mesityl><LA2_pentafluorophenyl>,Cc1cc(C)c(B(CP(c2c(C)cc(C)cc2C)C(C)C)c2c(F)c(F)c(F)c(F)c2F)c(C)c1
P,mesityl,isopropyl,C2,mesityl,pentafluorophenyl,<LB_P><LB1_mesityl><LB2_isopropyl><LINKER_C2><LA1_mesityl><LA2_pentafluorophenyl>,Cc1cc(C)c(B(CCP(c2c(C)cc(C)cc2C)C(C)C)c2c(F)c(F)c(F)c(F)c2F)c(C)c1
P,mesityl,isopropyl,C3,mesityl,pentafluorophenyl,<LB_P><LB1_mesityl><LB2_isopropyl><LINKER_C3><LA1_mesityl><LA2_pentafluorophenyl>,Cc1cc(C)c(B(CCCP(c2c(C)cc(C)cc2C)C(C)C)c2c(F)c(F)c(F)c(F)c2F)c(C)c1
P,mesityl,isopropyl,C4,mesityl,pentafluorophenyl,<LB_P><LB1_mesityl><LB2_isopropyl><LINKER_C4><LA1_mesityl><LA2_pentafluorophenyl>,Cc1cc(C)c(B(CCCCP(c2c(C)cc(C)cc2C)C(C)C)c2c(F)c(F)c(F)c(F)c2F)c(C)c1
P,mesityl,isopropyl,C5,mesityl,pentafluorophenyl,<LB_P><LB1_mesityl><LB2_isopropyl><LINKER_C5><LA1_mesityl><LA2_pentafluorophenyl>,Cc1cc(C)c(B(CCCCCP(c2c(C)cc(C)cc2C)C(C)C)c2c(F)c(F)c(F)c(F)c2F)c(C)c1
P,mesityl,isopropyl,C6,mesityl,pentafluorophenyl,<LB_P><LB1_mesityl><LB2_isopropyl><LINKER_C6><LA1_mesityl><LA2_pentafluorophenyl>,Cc1cc(C)c(B(CCCCCCP(c2c(C)cc(C)cc2C)C(C)C)c2c(F)c(F)c(F)c(F)c2F)c(C)c1
P,mesityl,isopropyl,C1,mesityl,pentachlorophenyl,<LB_P><LB1_mesityl><LB2_isopropyl><LINKER_C1><LA1_mesityl><LA2_pentachlorophenyl>,Cc1cc(C)c(B(CP(c2c(C)cc(C)cc2C)C(C)C)c2c(Cl)c(Cl)c(Cl)c(Cl)c2Cl)c(C)c1
P,mesityl,isopropyl,C2,mesityl,pentachlorophenyl,<LB_P><LB1_mesityl><LB2_isopropyl><LINKER_C2><LA1_mesityl><LA2_pentachlorophenyl>,Cc1cc(C)c(B(CCP(c2c(C)cc(C)cc2C)C(C)C)c2c(Cl)c(Cl)c(Cl)c(Cl)c2Cl)c(C)c1
P,mesityl,isopropyl,C3,mesityl,pentachlorophenyl,<LB_P><LB1_mesityl><LB2_isopropyl><LINKER_C3><LA1_mesityl><LA2_pentachlorophenyl>,Cc1cc(C)c(B(CCCP(c2c(C)cc(C)cc2C)C(C)C)c2c(Cl)c(Cl)c(Cl)c(Cl)c2Cl)c(C)c1
P,mesityl,isopropyl,C4,mesityl,pentachlorophenyl,<LB_P><LB1_mesityl><LB2_isopropyl><LINKER_C4><LA1_mesityl><LA2_pentachlorophenyl>,Cc1cc(C)c(B(CCCCP(c2c(C)cc(C)cc2C)C(C)C)c2c(Cl)c(Cl)c(Cl)c(Cl)c2Cl)c(C)c1
P,mesityl,isopropyl,C5,mesityl,pentachlorophenyl,<LB_P><LB1_mesityl><LB2_isopropyl><LINKER_C5><LA1_mesityl><LA2_pentachlorophenyl>,Cc1cc(C)c(B(CCCCCP(c2c(C)cc(C)cc2C)C(C)C)c2c(Cl)c(Cl)c(Cl)c(Cl)c2Cl)c(C)c1
P,mesityl,isopropyl,C6,mesityl,pentachlorophenyl,<LB_P><LB1_mesityl><LB2_isopropyl><LINKER_C6><LA1_mesityl><LA2_pentachlorophenyl>,Cc1cc(C)c(B(CCCCCCP(c2c(C)cc(C)cc2C)C(C)C)c2c(Cl)c(Cl)c(Cl)c(Cl)c2Cl)c(C)c1
P,mesityl,isopropyl,C1,mesityl,bis_cf3_phenyl,<LB_P><LB1_mesityl><LB2_isopropyl><LINKER_C1><LA1_mesityl><LA2_bis_cf3_phenyl>,Cc1cc(C)c(B(CP(c2c(C)cc(C)cc2C)C(C)C)c2cc(C(F)(F)F)cc(C(F)(F)F)c2)c(C)c1
P,mesityl,isopropyl,C2,mesityl,bis_cf3_phenyl,<LB_P><LB1_mesityl><LB2_isopropyl><LINKER_C2><LA1_mesityl><LA2_bis_cf3_phenyl>,Cc1cc(C)c(B(CCP(c2c(C)cc(C)cc2C)C(C)C)c2cc(C(F)(F)F)cc(C(F)(F)F)c2)c(C)c1
P,mesityl,isopropyl,C3,mesityl,bis_cf3_phenyl,<LB_P><LB1_mesityl><LB2_isopropyl><LINKER_C3><LA1_mesityl><LA2_bis_cf3_phenyl>,Cc1cc(C)c(B(CCCP(c2c(C)cc(C)cc2C)C(C)C)c2cc(C(F)(F)F)cc(C(F)(F)F)c2)c(C)c1
P,mesityl,isopropyl,C4,mesityl,bis_cf3_phenyl,<LB_P><LB1_mesityl><LB2_isopropyl><LINKER_C4><LA1_mesityl><LA2_bis_cf3_phenyl>,Cc1cc(C)c(B(CCCCP(c2c(C)cc(C)cc2C)C(C)C)c2cc(C(F)(F)F)cc(C(F)(F)F)c2)c(C)c1
P,mesityl,isopropyl,C5,mesityl,bis_cf3_phenyl,<LB_P><LB1_mesityl><LB2_isopropyl><LINKER_C5><LA1_mesityl><LA2_bis_cf3_phenyl>,Cc1cc(C)c(B(CCCCCP(c2c(C)cc(C)cc2C)C(C)C)c2cc(C(F)(F)F)cc(C(F)(F)F)c2)c(C)c1
P,mesityl,isopropyl,C6,mesityl,bis_cf3_phenyl,<LB_P><LB1_mesityl><LB2_isopropyl><LINKER_C6><LA1_mesityl><LA2_bis_cf3_phenyl>,Cc1cc(C)c(B(CCCCCCP(c2c(C)cc(C)cc2C)C(C)C)c2cc(C(F)(F)F)cc(C(F)(F)F)c2)c(C)c1
P,mesityl,isopropyl,C1,pentafluorophenyl,pentafluorophenyl,<LB_P><LB1_mesityl><LB2_isopropyl><LINKER_C1><LA1_pentafluorophenyl><LA2_pentafluorophenyl>,Cc1cc(C)c(P(CB(c2c(F)c(F)c(F)c(F)c2F)c2c(F)c(F)c(F)c(F)c2F)C(C)C)c(C)c1
P,mesityl,isopropyl,C2,pentafluorophenyl,pentafluorophenyl,<LB_P><LB1_mesityl><LB2_isopropyl><LINKER_C2><LA1_pentafluorophenyl><LA2_pentafluorophenyl>,Cc1cc(C)c(P(CCB(c2c(F)c(F)c(F)c(F)c2F)c2c(F)c(F)c(F)c(F)c2F)C(C)C)c(C)c1
P,mesityl,isopropyl,C3,pentafluorophenyl,pentafluorophenyl,<LB_P><LB1_mesityl><LB2_isopropyl><LINKER_C3><LA1_pentafluorophenyl><LA2_pentafluorophenyl>,Cc1cc(C)c(P(CCCB(c2c(F)c(F)c(F)c(F)c2F)c2c(F)c(F)c(F)c(F)c2F)C(C)C)c(C)c1
P,mesityl,isopropyl,C4,pentafluorophenyl,pentafluorophenyl,<LB_P><LB1_mesityl><LB2_isopropyl><LINKER_C4><LA1_pentafluorophenyl><LA2_pentafluorophenyl>,Cc1cc(C)c(P(CCCCB(c2c(F)c(F)c(F)c(F)c2F)c2c(F)c(F)c(F)c(F)c2F)C(C)C)c(C)c1
P,mesityl,isopropyl,C5,pentafluorophenyl,pentafluorophenyl,<LB_P><LB1_mesityl><LB2_isopropyl><LINKER_C5><LA1_pentafluorophenyl><LA2_pentafluorophenyl>,Cc1cc(C)c(P(CCCCCB(c2c(F)c(F)c(F)c(F)c2F)c2c(F)c(F)c(F)c(F)c2F)C(C)C)c(C)c1
P,mesityl,isopropyl,C6,pentafluorophenyl,pentafluorophenyl,<LB_P><LB1_mesityl><LB2_isopropyl><LINKER_C6><LA1_pentafluorophenyl><LA2_pentafluorophenyl>,Cc1cc(C)c(P(CCCCCCB(c2c(F)c(F)c(F)c(F)c2F)c2c(F)c(F)c(F)c(F)c2F)C(C)C)c(C)c1
P,mesityl,isopropyl,C1,pentafluorophenyl,pentachlorophenyl,<LB_P><LB1_mesityl><LB2_isopropyl><LINKER_C1><LA1_pentafluorophenyl><LA2_pentachlorophenyl>,Cc1cc(C)c(P(CB(c2c(F)c(F)c(F)c(F)c2F)c2c(Cl)c(Cl)c(Cl)c(Cl)c2Cl)C(C)C)c(C)c1
P,mesityl,isopropyl,C2,pentafluorophenyl,pentachlorophenyl,<LB_P><LB1_mesityl><LB2_isopropyl><LINKER_C2><LA1_pentafluorophenyl><LA2_pentachlorophenyl>,Cc1cc(C)c(P(CCB(c2c(F)c(F)c(F)c(F)c2F)c2c(Cl)c(Cl)c(Cl)c(Cl)c2Cl)C(C)C)c(C)c1
P,mesityl,isopropyl,C3,pentafluorophenyl,pentachlorophenyl,<LB_P><LB1_mesityl><LB2_isopropyl><LINKER_C3><LA1_pentafluorophenyl><LA2_pentachlorophenyl>,Cc1cc(C)c(P(CCCB(c2c(F)c(F)c(F)c(F)c2F)c2c(Cl)c(Cl)c(Cl)c(Cl)c2Cl)C(C)C)c(C)c1
P,mesityl,isopropyl,C4,pentafluorophenyl,pentachlorophenyl,<LB_P><LB1_mesityl><LB2_isopropyl><LINKER_C4><LA1_pentafluorophenyl><LA2_pentachlorophenyl>,Cc1cc(C)c(P(CCCCB(c2c(F)c(F)c(F)c(F)c2F)c2c(Cl)c(Cl)c(Cl)c(Cl)c2Cl)C(C)C)c(C)c1
P,mesityl,isopropyl,C5,pentafluorophenyl,pentachlorophenyl,<LB_P><LB1_mesityl><LB2_isopropyl><LINKER_C5><LA1_pentafluorophenyl><LA2_pentachlorophenyl>,Cc1cc(C)c(P(CCCCCB(c2c(F)c(F)c(F)c(F)c2F)c2c(Cl)c(Cl)c(Cl)c(Cl)c2Cl)C(C)C)c(C)c1
P,mesityl,isopropyl,C6,pentafluorophenyl,pentachlorophenyl,<LB_P><LB1_mesityl><LB2_isopropyl><LINKER_C6><LA1_pentafluorophenyl><LA2_pentachlorophenyl>,Cc1cc(C)c(P(CCCCCCB(c2c(F)c(F)c(F)c(F)c2F)c2c(Cl)c(Cl)c(Cl)c(Cl)c2Cl)C(C)C)c(C)c1
P,mesityl,isopropyl,C1,pentafluorophenyl,bis_cf3_phenyl,<LB_P><LB1_mesityl><LB2_isopropyl><LINKER_C1><LA1_pentafluorophenyl><LA2_bis_cf3_phenyl>,Cc1cc(C)c(P(CB(c2cc(C(F)(F)F)cc(C(F)(F)F)c2)c2c(F)c(F)c(F)c(F)c2F)C(C)C)c(C)c1
P,mesityl,isopropyl,C2,pentafluorophenyl,bis_cf3_phenyl,<LB_P><LB1_mesityl><LB2_isopropyl><LINKER_C2><LA1_pentafluorophenyl><LA2_bis_cf3_phenyl>,Cc1cc(C)c(P(CCB(c2cc(C(F)(F)F)cc(C(F)(F)F)c2)c2c(F)c(F)c(F)c(F)c2F)C(C)C)c(C)c1
P,mesityl,isopropyl,C3,pentafluorophenyl,bis_cf3_phenyl,<LB_P><LB1_mesityl><LB2_isopropyl><LINKER_C3><LA1_pentafluorophenyl><LA2_bis_cf3_phenyl>,Cc1cc(C)c(P(CCCB(c2cc(C(F)(F)F)cc(C(F)(F)F)c2)c2c(F)c(F)c(F)c(F)c2F)C(C)C)c(C)c1
P,mesityl,isopropyl,C4,pentafluorophenyl,bis_cf3_phenyl,<LB_P><LB1_mesityl><LB2_isopropyl><LINKER_C4><LA1_pentafluorophenyl><LA2_bis_cf3_phenyl>,Cc1cc(C)c(P(CCCCB(c2cc(C(F)(F)F)cc(C(F)(F)F)c2)c2c(F)c(F)c(F)c(F)c2F)C(C)C)c(C)c1
P,mesityl,isopropyl,C5,pentafluorophenyl,bis_cf3_phenyl,<LB_P><LB1_mesityl><LB2_isopropyl><LINKER_C5><LA1_pentafluorophenyl><LA2_bis_cf3_phenyl>,Cc1cc(C)c(P(CCCCCB(c2cc(C(F)(F)F)cc(C(F)(F)F)c2)c2c(F)c(F)c(F)c(F)c2F)C(C)C)c(C)c1
P,mesityl,isopropyl,C6,pentafluorophenyl,bis_cf3_phenyl,<LB_P><LB1_mesityl><LB2_isopropyl><LINKER_C6><LA1_pentafluorophenyl><LA2_bis_cf3_phenyl>,Cc1cc(C)c(P(CCCCCCB(c2cc(C(F)(F)F)cc(C(F)(F)F)c2)c2c(F)c(F)c(F)c(F)c2F)C(C)C)c(C)c1
P,mesityl,isopropyl,C1,pentachlorophenyl,pentachlorophenyl,<LB_P><LB1_mesityl><LB2_isopropyl><LINKER_C1><LA1_pentachlorophenyl><LA2_pentachlorophenyl>,Cc1cc(C)c(P(CB(c2c(Cl)c(Cl)c(Cl)c(Cl)c2Cl)c2c(Cl)c(Cl)c(Cl)c(Cl)c2Cl)C(C)C)c(C)c1
P,mesityl,isopropyl,C2,pentachlorophenyl,pentachlorophenyl,<LB_P><LB1_mesityl><LB2_isopropyl><LINKER_C2><LA1_pentachlorophenyl><LA2_pentachlorophenyl>,Cc1cc(C)c(P(CCB(c2c(Cl)c(Cl)c(Cl)c(Cl)c2Cl)c2c(Cl)c(Cl)c(Cl)c(Cl)c2Cl)C(C)C)c(C)c1
P,mesityl,isopropyl,C3,pentachlorophenyl,pentachlorophenyl,<LB_P><LB1_mesityl><LB2_isopropyl><LINKER_C3><LA1_pentachlorophenyl><LA2_pentachlorophenyl>,Cc1cc(C)c(P(CCCB(c2c(Cl)c(Cl)c(Cl)c(Cl)c2Cl)c2c(Cl)c(Cl)c(Cl)c(Cl)c2Cl)C(C)C)c(C)c1
P,mesityl,isopropyl,C4,pentachlorophenyl,pentachlorophenyl,<LB_P><LB1_mesityl><LB2_isopropyl><LINKER_C4><LA1_pentachlorophenyl><LA2_pentachlorophenyl>,Cc1cc(C)c(P(CCCCB(c2c(Cl)c(Cl)c(Cl)c(Cl)c2Cl)c2c(Cl)c(Cl)c(Cl)c(Cl)c2Cl)C(C)C)c(C)c1
P,mesityl,isopropyl,C5,pentachlorophenyl,pentachlorophenyl,<LB_P><LB1_mesityl><LB2_isopropyl><LINKER_C5><LA1_pentachlorophenyl><LA2_pentachlorophenyl>,Cc1cc(C)c(P(CCCCCB(c2c(Cl)c(Cl)c(Cl)c(Cl)c2Cl)c2c(Cl)c(Cl)c(Cl)c(Cl)c2Cl)C(C)C)c(C)c1
P,mesityl,isopropyl,C6,pentachlorophenyl,pentachlorophenyl,<LB_P><LB1_mesityl><LB2_isopropyl><LINKER_C6><LA1_pentachlorophenyl><LA2_pentachlorophenyl>,Cc1cc(C)c(P(CCCCCCB(c2c(Cl)c(Cl)c(Cl)c(Cl)c2Cl)c2c(Cl)c(Cl)c(Cl)c(Cl)c2Cl)C(C)C)c(C)c1
P,mesityl,isopropyl,C1,pentachlorophenyl,bis_cf3_phenyl,<LB_P><LB1_mesityl><LB2_isopropyl><LINKER_C1><LA1_pentachlorophenyl><LA2_bis_cf3_phenyl>,Cc1cc(C)c(P(CB(c2cc(C(F)(F)F)cc(C(F)(F)F)c2)c2c(Cl)c(Cl)c(Cl)c(Cl)c2Cl)C(C)C)c(C)c1
P,mesityl,isopropyl,C2,pentachlorophenyl,bis_cf3_phenyl,<LB_P><LB1_mesityl><LB2_isopropyl><LINKER_C2><LA1_pentachlorophenyl><LA2_bis_cf3_phenyl>,Cc1cc(C)c(P(CCB(c2cc(C(F)(F)F)cc(C(F)(F)F)c2)c2c(Cl)c(Cl)c(Cl)c(Cl)c2Cl)C(C)C)c(C)c1
P,mesityl,isopropyl,C3,pentachlorophenyl,bis_cf3_phenyl,<LB_P><LB1_mesityl><LB2_isopropyl><LINKER_C3><LA1_pentachlorophenyl><LA2_bis_cf3_phenyl>,Cc1cc(C)c(P(CCCB(c2cc(C(F)(F)F)cc(C(F)(F)F)c2)c2c(Cl)c(Cl)c(Cl)c(Cl)c2Cl)C(C)C)c(C)c1
P,mesityl,isopropyl,C4,pentachlorophenyl,bis_cf3_phenyl,<LB_P><LB1_mesityl><LB2_isopropyl><LINKER_C4><LA1_pentachlorophenyl><LA2_bis_cf3_phenyl>,Cc1cc(C)c(P(CCCCB(c2cc(C(F)(F)F)cc(C(F)(F)F)c2)c2c(Cl)c(Cl)c(Cl)c(Cl)c2Cl)C(C)C)c(C)c1
P,mesityl,isopropyl,C5,pentachlorophenyl,bis_cf3_phenyl,<LB_P><LB1_mesityl><LB2_isopropyl><LINKER_C5><LA1_pentachlorophenyl><LA2_bis_cf3_phenyl>,Cc1cc(C)c(P(CCCCCB(c2cc(C(F)(F)F)cc(C(F)(F)F)c2)c2c(Cl)c(Cl)c(Cl)c(Cl)c2Cl)C(C)C)c(C)c1
P,mesityl,isopropyl,C6,pentachlorophenyl,bis_cf3_phenyl,<LB_P><LB1_mesityl><LB2_isopropyl><LINKER_C6><LA1_pentachlorophenyl><LA2_bis_cf3_phenyl>,Cc1cc(C)c(P(CCCCCCB(c2cc(C(F)(F)F)cc(C(F)(F)F)c2)c2c(Cl)c(Cl)c(Cl)c(Cl)c2Cl)C(C)C)c(C)c1
P,mesityl,isopropyl,C1,bis_cf3_phenyl,bis_cf3_phenyl,<LB_P><LB1_mesityl><LB2_isopropyl><LINKER_C1><LA1_bis_cf3_phenyl><LA2_bis_cf3_phenyl>,Cc1cc(C)c(P(CB(c2cc(C(F)(F)F)cc(C(F)(F)F)c2)c2cc(C(F)(F)F)cc(C(F)(F)F)c2)C(C)C)c(C)c1
P,mesityl,isopropyl,C2,bis_cf3_phenyl,bis_cf3_phenyl,<LB_P><LB1_mesityl><LB2_isopropyl><LINKER_C2><LA1_bis_cf3_phenyl><LA2_bis_cf3_phenyl>,Cc1cc(C)c(P(CCB(c2cc(C(F)(F)F)cc(C(F)(F)F)c2)c2cc(C(F)(F)F)cc(C(F)(F)F)c2)C(C)C)c(C)c1
P,mesityl,isopropyl,C3,bis_cf3_phenyl,bis_cf3_phenyl,<LB_P><LB1_mesityl><LB2_isopropyl><LINKER_C3><LA1_bis_cf3_phenyl><LA2_bis_cf3_phenyl>,Cc1cc(C)c(P(CCCB(c2cc(C(F)(F)F)cc(C(F)(F)F)c2)c2cc(C(F)(F)F)cc(C(F)(F)F)c2)C(C)C)c(C)c1
P,mesityl,isopropyl,C4,bis_cf3_phenyl,bis_cf3_phenyl,<LB_P><LB1_mesityl><LB2_isopropyl><LINKER_C4><LA1_bis_cf3_phenyl><LA2_bis_cf3_phenyl>,Cc1cc(C)c(P(CCCCB(c2cc(C(F)(F)F)cc(C(F)(F)F)c2)c2cc(C(F)(F)F)cc(C(F)(F)F)c2)C(C)C)c(C)c1
P,mesityl,isopropyl,C5,bis_cf3_phenyl,bis_cf3_phenyl,<LB_P><LB1_mesityl><LB2_isopropyl><LINKER_C5><LA1_bis_cf3_phenyl><LA2_bis_cf3_phenyl>,Cc1cc(C)c(P(CCCCCB(c2cc(C(F)(F)F)cc(C(F)(F)F)c2)c2cc(C(F)(F)F)cc(C(F)(F)F)c2)C(C)C)c(C)c1
P,mesityl,isopropyl,C6,bis_cf3_phenyl,bis_cf3_phenyl,<LB_P><LB1_mesityl><LB2_isopropyl><LINKER_C6><LA1_bis_cf3_phenyl><LA2_bis_cf3_phenyl>,Cc1cc(C)c(P(CCCCCCB(c2cc(C(F)(F)F)cc(C(F)(F)F)c2)c2cc(C(F)(F)F)cc(C(F)(F)F)c2)C(C)C)c(C)c1
P,tert_butyl,tert_butyl,C1,phenyl,phenyl,<LB_P><LB1_tert_butyl><LB2_tert_butyl><LINKER_C1><LA1_phenyl><LA2_phenyl>,CC(C)(C)P(CB(c1ccccc1)c1ccccc1)C(C)(C)C
P,tert_butyl,tert_butyl,C2,phenyl,phenyl,<LB_P><LB1_tert_butyl><LB2_tert_butyl><LINKER_C2><LA1_phenyl><LA2_phenyl>,CC(C)(C)P(CCB(c1ccccc1)c1ccccc1)C(C)(C)C
P,tert_butyl,tert_butyl,C3,phenyl,phenyl,<LB_P><LB1_tert_butyl><LB2_tert_butyl><LINKER_C3><LA1_phenyl><LA2_phenyl>,CC(C)(C)P(CCCB(c1ccccc1)c1ccccc1)C(C)(C)C
P,tert_butyl,tert_butyl,C4,phenyl,phenyl,<LB_P><LB1_tert_butyl><LB2_tert_butyl><LINKER_C4><LA1_phenyl><LA2_phenyl>,CC(C)(C)P(CCCCB(c1ccccc1)c1ccccc1)C(C)(C)C
P,tert_butyl,tert_butyl,C5,phenyl,phenyl,<LB_P><LB1_tert_butyl><LB2_tert_butyl><LINKER_C5><LA1_phenyl><LA2_phenyl>,CC(C)(C)P(CCCCCB(c1ccccc1)c1ccccc1)C(C)(C)C
P,tert_butyl,tert_butyl,C6,phenyl,phenyl,<LB_P><LB1_tert_butyl><LB2_tert_butyl><LINKER_C6><LA1_phenyl><LA2_phenyl>,CC(C)(C)P(CCCCCCB(c1ccccc1)c1ccccc1)C(C)(C)C
P,tert_butyl,tert_butyl,C1,phenyl,p_tolyl,<LB_P><LB1_tert_butyl><LB2_tert_butyl><LINKER_C1><LA1_phenyl><LA2_p_tolyl>,Cc1ccc(B(CP(C(C)(C)C)C(C)(C)C)c2ccccc2)cc1
P,tert_butyl,tert_butyl,C2,phenyl,p_tolyl,<LB_P><LB1_tert_butyl><LB2_tert_butyl><LINKER_C2><LA1_phenyl><LA2_p_tolyl>,Cc1ccc(B(CCP(C(C)(C)C)C(C)(C)C)c2ccccc2)cc1
P,tert_butyl,tert_butyl,C3,phenyl,p_tolyl,<LB_P><LB1_tert_butyl><LB2_tert_butyl><LINKER_C3><LA1_phenyl><LA2_p_tolyl>,Cc1ccc(B(CCCP(C(C)(C)C)C(C)(C)C)c2ccccc2)cc1
P,tert_butyl,tert_butyl,C4,phenyl,p_tolyl,<LB_P><LB1_tert_butyl><LB2_tert_butyl><LINKER_C4><LA1_phenyl><LA2_p_tolyl>,Cc1ccc(B(CCCCP(C(C)(C)C)C(C)(C)C)c2ccccc2)cc1
P,tert_butyl,tert_butyl,C5,phenyl,p_tolyl,<LB_P><LB1_tert_butyl><LB2_tert_butyl><LINKER_C5><LA1_phenyl><LA2_p_tolyl>,Cc1ccc(B(CCCCCP(C(C)(C)C)C(C)(C)C)c2ccccc2)cc1
P,tert_butyl,tert_butyl,C6,phenyl,p_tolyl,<LB_P><LB1_tert_butyl><LB2_tert_butyl><LINKER_C6><LA1_phenyl><LA2_p_tolyl>,Cc1ccc(B(CCCCCCP(C(C)(C)C)C(C)(C)C)c2ccccc2)cc1
P,tert_butyl,tert_butyl,C1,phenyl,mesityl,<LB_P><LB1_tert_butyl><LB2_tert_butyl><LINKER_C1><LA1_phenyl><LA2_mesityl>,Cc1cc(C)c(B(CP(C(C)(C)C)C(C)(C)C)c2ccccc2)c(C)c1
P,tert_butyl,tert_butyl,C2,phenyl,mesityl,<LB_P><LB1_tert_butyl><LB2_tert_butyl><LINKER_C2><LA1_phenyl><LA2_mesityl>,Cc1cc(C)c(B(CCP(C(C)(C)C)C(C)(C)C)c2ccccc2)c(C)c1
P,tert_butyl,tert_butyl,C3,phenyl,mesityl,<LB_P><LB1_tert_butyl><LB2_tert_butyl><LINKER_C3><LA1_phenyl><LA2_mesityl>,Cc1cc(C)c(B(CCCP(C(C)(C)C)C(C)(C)C)c2ccccc2)c(C)c1
P,tert_butyl,tert_butyl,C4,phenyl,mesityl,<LB_P><LB1_tert_butyl><LB2_tert_butyl><LINKER_C4><LA1_phenyl><LA2_mesityl>,Cc1cc(C)c(B(CCCCP(C(C)(C)C)C(C)(C)C)c2ccccc2)c(C)c1
P,tert_butyl,tert_butyl,C5,phenyl,mesityl,<LB_P><LB1_tert_butyl><LB2_tert_butyl><LINKER_C5><LA1_phenyl><LA2_mesityl>,Cc1cc(C)c(B(CCCCCP(C(C)(C)C)C(C)(C)C)c2ccccc2)c(C)c1
P,tert_butyl,tert_butyl,C6,phenyl,mesityl,<LB_P><LB1_tert_butyl><LB2_tert_butyl><LINKER_C6><LA1_phenyl><LA2_mesityl>,Cc1cc(C)c(B(CCCCCCP(C(C)(C)C)C(C)(C)C)c2ccccc2)c(C)c1
P,tert_butyl,tert_butyl,C1,phenyl,pentafluorophenyl,<LB_P><LB1_tert_butyl><LB2_tert_butyl><LINKER_C1><LA1_phenyl><LA2_pentafluorophenyl>,CC(C)(C)P(CB(c1ccccc1)c1c(F)c(F)c(F)c(F)c1F)C(C)(C)C
P,tert_butyl,tert_butyl,C2,phenyl,pentafluorophenyl,<LB_P><LB1_tert_butyl><LB2_tert_butyl><LINKER_C2><LA1_phenyl><LA2_pentafluorophenyl>,CC(C)(C)P(CCB(c1ccccc1)c1c(F)c(F)c(F)c(F)c1F)C(C)(C)C
P,tert_butyl,tert_butyl,C3,phenyl,pentafluorophenyl,<LB_P><LB1_tert_butyl><LB2_tert_butyl><LINKER_C3><LA1_phenyl><LA2_pentafluorophenyl>,CC(C)(C)P(CCCB(c1ccccc1)c1c(F)c(F)c(F)c(F)c1F)C(C)(C)C
P,tert_butyl,tert_butyl,C4,phenyl,pentafluorophenyl,<LB_P><LB1_tert_butyl><LB2_tert_butyl><LINKER_C4><LA1_phenyl><LA2_pentafluorophenyl>,CC(C)(C)P(CCCCB(c1ccccc1)c1c(F)c(F)c(F)c(F)c1F)C(C)(C)C
P,tert_butyl,tert_butyl,C5,phenyl,pentafluorophenyl,<LB_P><LB1_tert_butyl><LB2_tert_butyl><LINKER_C5><LA1_phenyl><LA2_pentafluorophenyl>,CC(C)(C)P(CCCCCB(c1ccccc1)c1c(F)c(F)c(F)c(F)c1F)C(C)(C)C
P,tert_butyl,tert_butyl,C6,phenyl,pentafluorophenyl,<LB_P><LB1_tert_butyl><LB2_tert_butyl><LINKER_C6><LA1_phenyl><LA2_pentafluorophenyl>,CC(C)(C)P(CCCCCCB(c1ccccc1)c1c(F)c(F)c(F)c(F)c1F)C(C)(C)C
P,tert_butyl,tert_butyl,C1,phenyl,pentachlorophenyl,<LB_P><LB1_tert_butyl><LB2_tert_butyl><LINKER_C1><LA1_phenyl><LA2_pentachlorophenyl>,CC(C)(C)P(CB(c1ccccc1)c1c(Cl)c(Cl)c(Cl)c(Cl)c1Cl)C(C)(C)C
P,tert_butyl,tert_butyl,C2,phenyl,pentachlorophenyl,<LB_P><LB1_tert_butyl><LB2_tert_butyl><LINKER_C2><LA1_phenyl><LA2_pentachlorophenyl>,CC(C)(C)P(CCB(c1ccccc1)c1c(Cl)c(Cl)c(Cl)c(Cl)c1Cl)C(C)(C)C
P,tert_butyl,tert_butyl,C3,phenyl,pentachlorophenyl,<LB_P><LB1_tert_butyl><LB2_tert_butyl><LINKER_C3><LA1_phenyl><LA2_pentachlorophenyl>,CC(C)(C)P(CCCB(c1ccccc1)c1c(Cl)c(Cl)c(Cl)c(Cl)c1Cl)C(C)(C)C
P,tert_butyl,tert_butyl,C4,phenyl,pentachlorophenyl,<LB_P><LB1_tert_butyl><LB2_tert_butyl><LINKER_C4><LA1_phenyl><LA2_pentachlorophenyl>,CC(C)(C)P(CCCCB(c1ccccc1)c1c(Cl)c(Cl)c(Cl)c(Cl)c1Cl)C(C)(C)C
P,tert_butyl,tert_butyl,C5,phenyl,pentachlorophenyl,<LB_P><LB1_tert_butyl><LB2_tert_butyl><LINKER_C5><LA1_phenyl><LA2_pentachlorophenyl>,CC(C)(C)P(CCCCCB(c1ccccc1)c1c(Cl)c(Cl)c(Cl)c(Cl)c1Cl)C(C)(C)C
P,tert_butyl,tert_butyl,C6,phenyl,pentachlorophenyl,<LB_P><LB1_tert_butyl><LB2_tert_butyl><LINKER_C6><LA1_phenyl><LA2_pentachlorophenyl>,CC(C)(C)P(CCCCCCB(c1ccccc1)c1c(Cl)c(Cl)c(Cl)c(Cl)c1Cl)C(C)(C)C
P,tert_butyl,tert_butyl,C1,phenyl,bis_cf3_phenyl,<LB_P><LB1_tert_butyl><LB2_tert_butyl><LINKER_C1><LA1_phenyl><LA2_bis_cf3_phenyl>,CC(C)(C)P(CB(c1ccccc1)c1cc(C(F)(F)F)cc(C(F)(F)F)c1)C(C)(C)C
P,tert_butyl,tert_butyl,C2,phenyl,bis_cf3_phenyl,<LB_P><LB1_tert_butyl><LB2_tert_butyl><LINKER_C2><LA1_phenyl><LA2_bis_cf3_phenyl>,CC(C)(C)P(CCB(c1ccccc1)c1cc(C(F)(F)F)cc(C(F)(F)F)c1)C(C)(C)C
P,tert_butyl,tert_butyl,C3,phenyl,bis_cf3_phenyl,<LB_P><LB1_tert_butyl><LB2_tert_butyl><LINKER_C3><LA1_phenyl><LA2_bis_cf3_phenyl>,CC(C)(C)P(CCCB(c1ccccc1)c1cc(C(F)(F)F)cc(C(F)(F)F)c1)C(C)(C)C
P,tert_butyl,tert_butyl,C4,phenyl,bis_cf3_phenyl,<LB_P><LB1_tert_butyl><LB2_tert_butyl><LINKER_C4><LA1_phenyl><LA2_bis_cf3_phenyl>,CC(C)(C)P(CCCCB(c1ccccc1)c1cc(C(F)(F)F)cc(C(F)(F)F)c1)C(C)(C)C
P,tert_butyl,tert_butyl,C5,phenyl,bis_cf3_phenyl,<LB_P><LB1_tert_butyl><LB2_tert_butyl><LINKER_C5><LA1_phenyl><LA2_bis_cf3_phenyl>,CC(C)(C)P(CCCCCB(c1ccccc1)c1cc(C(F)(F)F)cc(C(F)(F)F)c1)C(C)(C)C
P,tert_butyl,tert_butyl,C6,phenyl,bis_cf3_phenyl,<LB_P><LB1_tert_butyl><LB2_tert_butyl><LINKER_C6><LA1_phenyl><LA2_bis_cf3_phenyl>,CC(C)(C)P(CCCCCCB(c1ccccc1)c1cc(C(F)(F)F)cc(C(F)(F)F)c1)C(C)(C)C
P,tert_butyl,tert_butyl,C1,p_tolyl,p_tolyl,<LB_P><LB1_tert_butyl><LB2_tert_butyl><LINKER_C1><LA1_p_tolyl><LA2_p_tolyl>,Cc1ccc(B(CP(C(C)(C)C)C(C)(C)C)c2ccc(C)cc2)cc1
P,tert_butyl,tert_butyl,C2,p_tolyl,p_tolyl,<LB_P><LB1_tert_butyl><LB2_tert_butyl><LINKER_C2><LA1_p_tolyl><LA2_p_tolyl>,Cc1ccc(B(CCP(C(C)(C)C)C(C)(C)C)c2ccc(C)cc2)cc1
P,tert_butyl,tert_butyl,C3,p_tolyl,p_tolyl,<LB_P><LB1_tert_butyl><LB2_tert_butyl><LINKER_C3><LA1_p_tolyl><LA2_p_tolyl>,Cc1ccc(B(CCCP(C(C)(C)C)C(C)(C)C)c2ccc(C)cc2)cc1
P,tert_butyl,tert_butyl,C4,p_tolyl,p_tolyl,<LB_P><LB1_tert_butyl><LB2_tert_butyl><LINKER_C4><LA1_p_tolyl><LA2_p_tolyl>,Cc1ccc(B(CCCCP(C(C)(C)C)C(C)(C)C)c2ccc(C)cc2)cc1
P,tert_butyl,tert_butyl,C5,p_tolyl,p_tolyl,<LB_P><LB1_tert_butyl><LB2_tert_butyl><LINKER_C5><LA1_p_tolyl><LA2_p_tolyl>,Cc1ccc(B(CCCCCP(C(C)(C)C)C(C)(C)C)c2ccc(C)cc2)cc1
P,tert_butyl,tert_butyl,C6,p_tolyl,p_tolyl,<LB_P><LB1_tert_butyl><LB2_tert_butyl><LINKER_C6><LA1_p_tolyl><LA2_p_tolyl>,Cc1ccc(B(CCCCCCP(C(C)(C)C)C(C)(C)C)c2ccc(C)cc2)cc1
P,tert_butyl,tert_butyl,C1,p_tolyl,mesityl,<LB_P><LB1_tert_butyl><LB2_tert_butyl><LINKER_C1><LA1_p_tolyl><LA2_mesityl>,Cc1ccc(B(CP(C(C)(C)C)C(C)(C)C)c2c(C)cc(C)cc2C)cc1
P,tert_butyl,tert_butyl,C2,p_tolyl,mesityl,<LB_P><LB1_tert_butyl><LB2_tert_butyl><LINKER_C2><LA1_p_tolyl><LA2_mesityl>,Cc1ccc(B(CCP(C(C)(C)C)C(C)(C)C)c2c(C)cc(C)cc2C)cc1
P,tert_butyl,tert_butyl,C3,p_tolyl,mesityl,<LB_P><LB1_tert_butyl><LB2_tert_butyl><LINKER_C3><LA1_p_tolyl><LA2_mesityl>,Cc1ccc(B(CCCP(C(C)(C)C)C(C)(C)C)c2c(C)cc(C)cc2C)cc1
P,tert_butyl,tert_butyl,C4,p_tolyl,mesityl,<LB_P><LB1_tert_butyl><LB2_tert_butyl><LINKER_C4><LA1_p_tolyl><LA2_mesityl>,Cc1ccc(B(CCCCP(C(C)(C)C)C(C)(C)C)c2c(C)cc(C)cc2C)cc1
P,tert_butyl,tert_butyl,C5,p_tolyl,mesityl,<LB_P><LB1_tert_butyl><LB2_tert_butyl><LINKER_C5><LA1_p_tolyl><LA2_mesityl>,Cc1ccc(B(CCCCCP(C(C)(C)C)C(C)(C)C)c2c(C)cc(C)cc2C)cc1
P,tert_butyl,tert_butyl,C6,p_tolyl,mesityl,<LB_P><LB1_tert_butyl><LB2_tert_butyl><LINKER_C6><LA1_p_tolyl><LA2_mesityl>,Cc1ccc(B(CCCCCCP(C(C)(C)C)C(C)(C)C)c2c(C)cc(C)cc2C)cc1
P,tert_butyl,tert_butyl,C1,p_tolyl,pentafluorophenyl,<LB_P><LB1_tert_butyl><LB2_tert_butyl><LINKER_C1><LA1_p_tolyl><LA2_pentafluorophenyl>,Cc1ccc(B(CP(C(C)(C)C)C(C)(C)C)c2c(F)c(F)c(F)c(F)c2F)cc1
P,tert_butyl,tert_butyl,C2,p_tolyl,pentafluorophenyl,<LB_P><LB1_tert_butyl><LB2_tert_butyl><LINKER_C2><LA1_p_tolyl><LA2_pentafluorophenyl>,Cc1ccc(B(CCP(C(C)(C)C)C(C)(C)C)c2c(F)c(F)c(F)c(F)c2F)cc1
P,tert_butyl,tert_butyl,C3,p_tolyl,pentafluorophenyl,<LB_P><LB1_tert_butyl><LB2_tert_butyl><LINKER_C3><LA1_p_tolyl><LA2_pentafluorophenyl>,Cc1ccc(B(CCCP(C(C)(C)C)C(C)(C)C)c2c(F)c(F)c(F)c(F)c2F)cc1
P,tert_butyl,tert_butyl,C4,p_tolyl,pentafluorophenyl,<LB_P><LB1_tert_butyl><LB2_tert_butyl><LINKER_C4><LA1_p_tolyl><LA2_pentafluorophenyl>,Cc1ccc(B(CCCCP(C(C)(C)C)C(C)(C)C)c2c(F)c(F)c(F)c(F)c2F)cc1
P,tert_butyl,tert_butyl,C5,p_tolyl,pentafluorophenyl,<LB_P><LB1_tert_butyl><LB2_tert_butyl><LINKER_C5><LA1_p_tolyl><LA2_pentafluorophenyl>,Cc1ccc(B(CCCCCP(C(C)(C)C)C(C)(C)C)c2c(F)c(F)c(F)c(F)c2F)cc1
P,tert_butyl,tert_butyl,C6,p_tolyl,pentafluorophenyl,<LB_P><LB1_tert_butyl><LB2_tert_butyl><LINKER_C6><LA1_p_tolyl><LA2_pentafluorophenyl>,Cc1ccc(B(CCCCCCP(C(C)(C)C)C(C)(C)C)c2c(F)c(F)c(F)c(F)c2F)cc1
P,tert_butyl,tert_butyl,C1,p_tolyl,pentachlorophenyl,<LB_P><LB1_tert_butyl><LB2_tert_butyl><LINKER_C1><LA1_p_tolyl><LA2_pentachlorophenyl>,Cc1ccc(B(CP(C(C)(C)C)C(C)(C)C)c2c(Cl)c(Cl)c(Cl)c(Cl)c2Cl)cc1
P,tert_butyl,tert_butyl,C2,p_tolyl,pentachlorophenyl,<LB_P><LB1_tert_butyl><LB2_tert_butyl><LINKER_C2><LA1_p_tolyl><LA2_pentachlorophenyl>,Cc1ccc(B(CCP(C(C)(C)C)C(C)(C)C)c2c(Cl)c(Cl)c(Cl)c(Cl)c2Cl)cc1
P,tert_butyl,tert_butyl,C3,p_tolyl,pentachlorophenyl,<LB_P><LB1_tert_butyl><LB2_tert_butyl><LINKER_C3><LA1_p_tolyl><LA2_pentachlorophenyl>,Cc1ccc(B(CCCP(C(C)(C)C)C(C)(C)C)c2c(Cl)c(Cl)c(Cl)c(Cl)c2Cl)cc1
P,tert_butyl,tert_butyl,C4,p_tolyl,pentachlorophenyl,<LB_P><LB1_tert_butyl><LB2_tert_butyl><LINKER_C4><LA1_p_tolyl><LA2_pentachlorophenyl>,Cc1ccc(B(CCCCP(C(C)(C)C)C(C)(C)C)c2c(Cl)c(Cl)c(Cl)c(Cl)c2Cl)cc1
P,tert_butyl,tert_butyl,C5,p_tolyl,pentachlorophenyl,<LB_P><LB1_tert_butyl><LB2_tert_butyl><LINKER_C5><LA1_p_tolyl><LA2_pentachlorophenyl>,Cc1ccc(B(CCCCCP(C(C)(C)C)C(C)(C)C)c2c(Cl)c(Cl)c(Cl)c(Cl)c2Cl)cc1
P,tert_butyl,tert_butyl,C6,p_tolyl,pentachlorophenyl,<LB_P><LB1_tert_butyl><LB2_tert_butyl><LINKER_C6><LA1_p_tolyl><LA2_pentachlorophenyl>,Cc1ccc(B(CCCCCCP(C(C)(C)C)C(C)(C)C)c2c(Cl)c(Cl)c(Cl)c(Cl)c2Cl)cc1
P,tert_butyl,tert_butyl,C1,p_tolyl,bis_cf3_phenyl,<LB_P><LB1_tert_butyl><LB2_tert_butyl><LINKER_C1><LA1_p_tolyl><LA2_bis_cf3_phenyl>,Cc1ccc(B(CP(C(C)(C)C)C(C)(C)C)c2cc(C(F)(F)F)cc(C(F)(F)F)c2)cc1
P,tert_butyl,tert_butyl,C2,p_tolyl,bis_cf3_phenyl,<LB_P><LB1_tert_butyl><LB2_tert_butyl><LINKER_C2><LA1_p_tolyl><LA2_bis_cf3_phenyl>,Cc1ccc(B(CCP(C(C)(C)C)C(C)(C)C)c2cc(C(F)(F)F)cc(C(F)(F)F)c2)cc1
P,tert_butyl,tert_butyl,C3,p_tolyl,bis_cf3_phenyl,<LB_P><LB1_tert_butyl><LB2_tert_butyl><LINKER_C3><LA1_p_tolyl><LA2_bis_cf3_phenyl>,Cc1ccc(B(CCCP(C(C)(C)C)C(C)(C)C)c2cc(C(F)(F)F)cc(C(F)(F)F)c2)cc1
P,tert_butyl,tert_butyl,C4,p_tolyl,bis_cf3_phenyl,<LB_P><LB1_tert_butyl><LB2_tert_butyl><LINKER_C4><LA1_p_tolyl><LA2_bis_cf3_phenyl>,Cc1ccc(B(CCCCP(C(C)(C)C)C(C)(C)C)c2cc(C(F)(F)F)cc(C(F)(F)F)c2)cc1
P,tert_butyl,tert_butyl,C5,p_tolyl,bis_cf3_phenyl,<LB_P><LB1_tert_butyl><LB2_tert_butyl><LINKER_C5><LA1_p_tolyl><LA2_bis_cf3_phenyl>,Cc1ccc(B(CCCCCP(C(C)(C)C)C(C)(C)C)c2cc(C(F)(F)F)cc(C(F)(F)F)c2)cc1
P,tert_butyl,tert_butyl,C6,p_tolyl,bis_cf3_phenyl,<LB_P><LB1_tert_butyl><LB2_tert_butyl><LINKER_C6><LA1_p_tolyl><LA2_bis_cf3_phenyl>,Cc1ccc(B(CCCCCCP(C(C)(C)C)C(C)(C)C)c2cc(C(F)(F)F)cc(C(F)(F)F)c2)cc1
P,tert_butyl,tert_butyl,C1,mesityl,mesityl,<LB_P><LB1_tert_butyl><LB2_tert_butyl><LINKER_C1><LA1_mesityl><LA2_mesityl>,Cc1cc(C)c(B(CP(C(C)(C)C)C(C)(C)C)c2c(C)cc(C)cc2C)c(C)c1
P,tert_butyl,tert_butyl,C2,mesityl,mesityl,<LB_P><LB1_tert_butyl><LB2_tert_butyl><LINKER_C2><LA1_mesityl><LA2_mesityl>,Cc1cc(C)c(B(CCP(C(C)(C)C)C(C)(C)C)c2c(C)cc(C)cc2C)c(C)c1
P,tert_butyl,tert_butyl,C3,mesityl,mesityl,<LB_P><LB1_tert_butyl><LB2_tert_butyl><LINKER_C3><LA1_mesityl><LA2_mesityl>,Cc1cc(C)c(B(CCCP(C(C)(C)C)C(C)(C)C)c2c(C)cc(C)cc2C)c(C)c1
P,tert_butyl,tert_butyl,C4,mesityl,mesityl,<LB_P><LB1_tert_butyl><LB2_tert_butyl><LINKER_C4><LA1_mesityl><LA2_mesityl>,Cc1cc(C)c(B(CCCCP(C(C)(C)C)C(C)(C)C)c2c(C)cc(C)cc2C)c(C)c1
P,tert_butyl,tert_butyl,C5,mesityl,mesityl,<LB_P><LB1_tert_butyl><LB2_tert_butyl><LINKER_C5><LA1_mesityl><LA2_mesityl>,Cc1cc(C)c(B(CCCCCP(C(C)(C)C)C(C)(C)C)c2c(C)cc(C)cc2C)c(C)c1
P,tert_butyl,tert_butyl,C6,mesityl,mesityl,<LB_P><LB1_tert_butyl><LB2_tert_butyl><LINKER_C6><LA1_mesityl><LA2_mesityl>,Cc1cc(C)c(B(CCCCCCP(C(C)(C)C)C(C)(C)C)c2c(C)cc(C)cc2C)c(C)c1
P,tert_butyl,tert_butyl,C1,mesityl,pentafluorophenyl,<LB_P><LB1_tert_butyl><LB2_tert_butyl><LINKER_C1><LA1_mesityl><LA2_pentafluorophenyl>,Cc1cc(C)c(B(CP(C(C)(C)C)C(C)(C)C)c2c(F)c(F)c(F)c(F)c2F)c(C)c1
P,tert_butyl,tert_butyl,C2,mesityl,pentafluorophenyl,<LB_P><LB1_tert_butyl><LB2_tert_butyl><LINKER_C2><LA1_mesityl><LA2_pentafluorophenyl>,Cc1cc(C)c(B(CCP(C(C)(C)C)C(C)(C)C)c2c(F)c(F)c(F)c(F)c2F)c(C)c1
P,tert_butyl,tert_butyl,C3,mesityl,pentafluorophenyl,<LB_P><LB1_tert_butyl><LB2_tert_butyl><LINKER_C3><LA1_mesityl><LA2_pentafluorophenyl>,Cc1cc(C)c(B(CCCP(C(C)(C)C)C(C)(C)C)c2c(F)c(F)c(F)c(F)c2F)c(C)c1
P,tert_butyl,tert_butyl,C4,mesityl,pentafluorophenyl,<LB_P><LB1_tert_butyl><LB2_tert_butyl><LINKER_C4><LA1_mesityl><LA2_pentafluorophenyl>,Cc1cc(C)c(B(CCCCP(C(C)(C)C)C(C)(C)C)c2c(F)c(F)c(F)c(F)c2F)c(C)c1
P,tert_butyl,tert_butyl,C5,mesityl,pentafluorophenyl,<LB_P><LB1_tert_butyl><LB2_tert_butyl><LINKER_C5><LA1_mesityl><LA2_pentafluorophenyl>,Cc1cc(C)c(B(CCCCCP(C(C)(C)C)C(C)(C)C)c2c(F)c(F)c(F)c(F)c2F)c(C)c1
P,tert_butyl,tert_butyl,C6,mesityl,pentafluorophenyl,<LB_P><LB1_tert_butyl><LB2_tert_butyl><LINKER_C6><LA1_mesityl><LA2_pentafluorophenyl>,Cc1cc(C)c(B(CCCCCCP(C(C)(C)C)C(C)(C)C)c2c(F)c(F)c(F)c(F)c2F)c(C)c1
P,tert_butyl,tert_butyl,C1,mesityl,pentachlorophenyl,<LB_P><LB1_tert_butyl><LB2_tert_butyl><LINKER_C1><LA1_mesityl><LA2_pentachlorophenyl>,Cc1cc(C)c(B(CP(C(C)(C)C)C(C)(C)C)c2c(Cl)c(Cl)c(Cl)c(Cl)c2Cl)c(C)c1
P,tert_butyl,tert_butyl,C2,mesityl,pentachlorophenyl,<LB_P><LB1_tert_butyl><LB2_tert_butyl><LINKER_C2><LA1_mesityl><LA2_pentachlorophenyl>,Cc1cc(C)c(B(CCP(C(C)(C)C)C(C)(C)C)c2c(Cl)c(Cl)c(Cl)c(Cl)c2Cl)c(C)c1
P,tert_butyl,tert_butyl,C3,mesityl,pentachlorophenyl,<LB_P><LB1_tert_butyl><LB2_tert_butyl><LINKER_C3><LA1_mesityl><LA2_pentachlorophenyl>,Cc1cc(C)c(B(CCCP(C(C)(C)C)C(C)(C)C)c2c(Cl)c(Cl)c(Cl)c(Cl)c2Cl)c(C)c1
P,tert_butyl,tert_butyl,C4,mesityl,pentachlorophenyl,<LB_P><LB1_tert_butyl><LB2_tert_butyl><LINKER_C4><LA1_mesityl><LA2_pentachlorophenyl>,Cc1cc(C)c(B(CCCCP(C(C)(C)C)C(C)(C)C)c2c(Cl)c(Cl)c(Cl)c(Cl)c2Cl)c(C)c1
P,tert_butyl,tert_butyl,C5,mesityl,pentachlorophenyl,<LB_P><LB1_tert_butyl><LB2_tert_butyl><LINKER_C5><LA1_mesityl><LA2_pentachlorophenyl>,Cc1cc(C)c(B(CCCCCP(C(C)(C)C)C(C)(C)C)c2c(Cl)c(Cl)c(Cl)c(Cl)c2Cl)c(C)c1
P,tert_butyl,tert_butyl,C6,mesityl,pentachlorophenyl,<LB_P><LB1_tert_butyl><LB2_tert_butyl><LINKER_C6><LA1_mesityl><LA2_pentachlorophenyl>,Cc1cc(C)c(B(CCCCCCP(C(C)(C)C)C(C)(C)C)c2c(Cl)c(Cl)c(Cl)c(Cl)c2Cl)c(C)c1
P,tert_butyl,tert_butyl,C1,mesityl,bis_cf3_phenyl,<LB_P><LB1_tert_butyl><LB2_tert_butyl><LINKER_C1><LA1_mesityl><LA2_bis_cf3_phenyl>,Cc1cc(C)c(B(CP(C(C)(C)C)C(C)(C)C)c2cc(C(F)(F)F)cc(C(F)(F)F)c2)c(C)c1
P,tert_butyl,tert_butyl,C2,mesityl,bis_cf3_phenyl,<LB_P><LB1_tert_butyl><LB2_tert_butyl><LINKER_C2><LA1_mesityl><LA2_bis_cf3_phenyl>,Cc1cc(C)c(B(CCP(C(C)(C)C)C(C)(C)C)c2cc(C(F)(F)F)cc(C(F)(F)F)c2)c(C)c1
P,tert_butyl,tert_butyl,C3,mesityl,bis_cf3_phenyl,<LB_P><LB1_tert_butyl><LB2_tert_butyl><LINKER_C3><LA1_mesityl><LA2_bis_cf3_phenyl>,Cc1cc(C)c(B(CCCP(C(C)(C)C)C(C)(C)C)c2cc(C(F)(F)F)cc(C(F)(F)F)c2)c(C)c1
P,tert_butyl,tert_butyl,C4,mesityl,bis_cf3_phenyl,<LB_P><LB1_tert_butyl><LB2_tert_butyl><LINKER_C4><LA1_mesityl><LA2_bis_cf3_phenyl>,Cc1cc(C)c(B(CCCCP(C(C)(C)C)C(C)(C)C)c2cc(C(F)(F)F)cc(C(F)(F)F)c2)c(C)c1
P,tert_butyl,tert_butyl,C5,mesityl,bis_cf3_phenyl,<LB_P><LB1_tert_butyl><LB2_tert_butyl><LINKER_C5><LA1_mesityl><LA2_bis_cf3_phenyl>,Cc1cc(C)c(B(CCCCCP(C(C)(C)C)C(C)(C)C)c2cc(C(F)(F)F)cc(C(F)(F)F)c2)c(C)c1
P,tert_butyl,tert_butyl,C6,mesityl,bis_cf3_phenyl,<LB_P><LB1_tert_butyl><LB2_tert_butyl><LINKER_C6><LA1_mesityl><LA2_bis_cf3_phenyl>,Cc1cc(C)c(B(CCCCCCP(C(C)(C)C)C(C)(C)C)c2cc(C(F)(F)F)cc(C(F)(F)F)c2)c(C)c1
P,tert_butyl,tert_butyl,C1,pentafluorophenyl,pentafluorophenyl,<LB_P><LB1_tert_butyl><LB2_tert_butyl><LINKER_C1><LA1_pentafluorophenyl><LA2_pentafluorophenyl>,CC(C)(C)P(CB(c1c(F)c(F)c(F)c(F)c1F)c1c(F)c(F)c(F)c(F)c1F)C(C)(C)C
P,tert_butyl,tert_butyl,C2,pentafluorophenyl,pentafluorophenyl,<LB_P><LB1_tert_butyl><LB2_tert_butyl><LINKER_C2><LA1_pentafluorophenyl><LA2_pentafluorophenyl>,CC(C)(C)P(CCB(c1c(F)c(F)c(F)c(F)c1F)c1c(F)c(F)c(F)c(F)c1F)C(C)(C)C
P,tert_butyl,tert_butyl,C3,pentafluorophenyl,pentafluorophenyl,<LB_P><LB1_tert_butyl><LB2_tert_butyl><LINKER_C3><LA1_pentafluorophenyl><LA2_pentafluorophenyl>,CC(C)(C)P(CCCB(c1c(F)c(F)c(F)c(F)c1F)c1c(F)c(F)c(F)c(F)c1F)C(C)(C)C
P,tert_butyl,tert_butyl,C4,pentafluorophenyl,pentafluorophenyl,<LB_P><LB1_tert_butyl><LB2_tert_butyl><LINKER_C4><LA1_pentafluorophenyl><LA2_pentafluorophenyl>,CC(C)(C)P(CCCCB(c1c(F)c(F)c(F)c(F)c1F)c1c(F)c(F)c(F)c(F)c1F)C(C)(C)C
P,tert_butyl,tert_butyl,C5,pentafluorophenyl,pentafluorophenyl,<LB_P><LB1_tert_butyl><LB2_tert_butyl><LINKER_C5><LA1_pentafluorophenyl><LA2_pentafluorophenyl>,CC(C)(C)P(CCCCCB(c1c(F)c(F)c(F)c(F)c1F)c1c(F)c(F)c(F)c(F)c1F)C(C)(C)C
P,tert_butyl,tert_butyl,C6,pentafluorophenyl,pentafluorophenyl,<LB_P><LB1_tert_butyl><LB2_tert_butyl><LINKER_C6><LA1_pentafluorophenyl><LA2_pentafluorophenyl>,CC(C)(C)P(CCCCCCB(c1c(F)c(F)c(F)c(F)c1F)c1c(F)c(F)c(F)c(F)c1F)C(C)(C)C
P,tert_butyl,tert_butyl,C1,pentafluorophenyl,pentachlorophenyl,<LB_P><LB1_tert_butyl><LB2_tert_butyl><LINKER_C1><LA1_pentafluorophenyl><LA2_pentachlorophenyl>,CC(C)(C)P(CB(c1c(F)c(F)c(F)c(F)c1F)c1c(Cl)c(Cl)c(Cl)c(Cl)c1Cl)C(C)(C)C
P,tert_butyl,tert_butyl,C2,pentafluorophenyl,pentachlorophenyl,<LB_P><LB1_tert_butyl><LB2_tert_butyl><LINKER_C2><LA1_pentafluorophenyl><LA2_pentachlorophenyl>,CC(C)(C)P(CCB(c1c(F)c(F)c(F)c(F)c1F)c1c(Cl)c(Cl)c(Cl)c(Cl)c1Cl)C(C)(C)C
P,tert_butyl,tert_butyl,C3,pentafluorophenyl,pentachlorophenyl,<LB_P><LB1_tert_butyl><LB2_tert_butyl><LINKER_C3><LA1_pentafluorophenyl><LA2_pentachlorophenyl>,CC(C)(C)P(CCCB(c1c(F)c(F)c(F)c(F)c1F)c1c(Cl)c(Cl)c(Cl)c(Cl)c1Cl)C(C)(C)C
P,tert_butyl,tert_butyl,C4,pentafluorophenyl,pentachlorophenyl,<LB_P><LB1_tert_butyl><LB2_tert_butyl><LINKER_C4><LA1_pentafluorophenyl><LA2_pentachlorophenyl>,CC(C)(C)P(CCCCB(c1c(F)c(F)c(F)c(F)c1F)c1c(Cl)c(Cl)c(Cl)c(Cl)c1Cl)C(C)(C)C
P,tert_butyl,tert_butyl,C5,pentafluorophenyl,pentachlorophenyl,<LB_P><LB1_tert_butyl><LB2_tert_butyl><LINKER_C5><LA1_pentafluorophenyl><LA2_pentachlorophenyl>,CC(C)(C)P(CCCCCB(c1c(F)c(F)c(F)c(F)c1F)c1c(Cl)c(Cl)c(Cl)c(Cl)c1Cl)C(C)(C)C
P,tert_butyl,tert_butyl,C6,pentafluorophenyl,pentachlorophenyl,<LB_P><LB1_tert_butyl><LB2_tert_butyl><LINKER_C6><LA1_pentafluorophenyl><LA2_pentachlorophenyl>,CC(C)(C)P(CCCCCCB(c1c(F)c(F)c(F)c(F)c1F)c1c(Cl)c(Cl)c(Cl)c(Cl)c1Cl)C(C)(C)C
P,tert_butyl,tert_butyl,C1,pentafluorophenyl,bis_cf3_phenyl,<LB_P><LB1_tert_butyl><LB2_tert_butyl><LINKER_C1><LA1_pentafluorophenyl><LA2_bis_cf3_phenyl>,CC(C)(C)P(CB(c1cc(C(F)(F)F)cc(C(F)(F)F)c1)c1c(F)c(F)c(F)c(F)c1F)C(C)(C)C
P,tert_butyl,tert_butyl,C2,pentafluorophenyl,bis_cf3_phenyl,<LB_P><LB1_tert_butyl><LB2_tert_butyl><LINKER_C2><LA1_pentafluorophenyl><LA2_bis_cf3_phenyl>,CC(C)(C)P(CCB(c1cc(C(F)(F)F)cc(C(F)(F)F)c1)c1c(F)c(F)c(F)c(F)c1F)C(C)(C)C
P,tert_butyl,tert_butyl,C3,pentafluorophenyl,bis_cf3_phenyl,<LB_P><LB1_tert_butyl><LB2_tert_butyl><LINKER_C3><LA1_pentafluorophenyl><LA2_bis_cf3_phenyl>,CC(C)(C)P(CCCB(c1cc(C(F)(F)F)cc(C(F)(F)F)c1)c1c(F)c(F)c(F)c(F)c1F)C(C)(C)C
P,tert_butyl,tert_butyl,C4,pentafluorophenyl,bis_cf3_phenyl,<LB_P><LB1_tert_butyl><LB2_tert_butyl><LINKER_C4><LA1_pentafluorophenyl><LA2_bis_cf3_phenyl>,CC(C)(C)P(CCCCB(c1cc(C(F)(F)F)cc(C(F)(F)F)c1)c1c(F)c(F)c(F)c(F)c1F)C(C)(C)C
P,tert_butyl,tert_butyl,C5,pentafluorophenyl,bis_cf3_phenyl,<LB_P><LB1_tert_butyl><LB2_tert_butyl><LINKER_C5><LA1_pentafluorophenyl><LA2_bis_cf3_phenyl>,CC(C)(C)P(CCCCCB(c1cc(C(F)(F)F)cc(C(F)(F)F)c1)c1c(F)c(F)c(F)c(F)c1F)C(C)(C)C
P,tert_butyl,tert_butyl,C6,pentafluorophenyl,bis_cf3_phenyl,<LB_P><LB1_tert_butyl><LB2_tert_butyl><LINKER_C6><LA1_pentafluorophenyl><LA2_bis_cf3_phenyl>,CC(C)(C)P(CCCCCCB(c1cc(C(F)(F)F)cc(C(F)(F)F)c1)c1c(F)c(F)c(F)c(F)c1F)C(C)(C)C
P,tert_butyl,tert_butyl,C1,pentachlorophenyl,pentachlorophenyl,<LB_P><LB1_tert_butyl><LB2_tert_butyl><LINKER_C1><LA1_pentachlorophenyl><LA2_pentachlorophenyl>,CC(C)(C)P(CB(c1c(Cl)c(Cl)c(Cl)c(Cl)c1Cl)c1c(Cl)c(Cl)c(Cl)c(Cl)c1Cl)C(C)(C)C
P,tert_butyl,tert_butyl,C2,pentachlorophenyl,pentachlorophenyl,<LB_P><LB1_tert_butyl><LB2_tert_butyl><LINKER_C2><LA1_pentachlorophenyl><LA2_pentachlorophenyl>,CC(C)(C)P(CCB(c1c(Cl)c(Cl)c(Cl)c(Cl)c1Cl)c1c(Cl)c(Cl)c(Cl)c(Cl)c1Cl)C(C)(C)C
P,tert_butyl,tert_butyl,C3,pentachlorophenyl,pentachlorophenyl,<LB_P><LB1_tert_butyl><LB2_tert_butyl><LINKER_C3><LA1_pentachlorophenyl><LA2_pentachlorophenyl>,CC(C)(C)P(CCCB(c1c(Cl)c(Cl)c(Cl)c(Cl)c1Cl)c1c(Cl)c(Cl)c(Cl)c(Cl)c1Cl)C(C)(C)C
P,tert_butyl,tert_butyl,C4,pentachlorophenyl,pentachlorophenyl,<LB_P><LB1_tert_butyl><LB2_tert_butyl><LINKER_C4><LA1_pentachlorophenyl><LA2_pentachlorophenyl>,CC(C)(C)P(CCCCB(c1c(Cl)c(Cl)c(Cl)c(Cl)c1Cl)c1c(Cl)c(Cl)c(Cl)c(Cl)c1Cl)C(C)(C)C
P,tert_butyl,tert_butyl,C5,pentachlorophenyl,pentachlorophenyl,<LB_P><LB1_tert_butyl><LB2_tert_butyl><LINKER_C5><LA1_pentachlorophenyl><LA2_pentachlorophenyl>,CC(C)(C)P(CCCCCB(c1c(Cl)c(Cl)c(Cl)c(Cl)c1Cl)c1c(Cl)c(Cl)c(Cl)c(Cl)c1Cl)C(C)(C)C
P,tert_butyl,tert_butyl,C6,pentachlorophenyl,pentachlorophenyl,<LB_P><LB1_tert_butyl><LB2_tert_butyl><LINKER_C6><LA1_pentachlorophenyl><LA2_pentachlorophenyl>,CC(C)(C)P(CCCCCCB(c1c(Cl)c(Cl)c(Cl)c(Cl)c1Cl)c1c(Cl)c(Cl)c(Cl)c(Cl)c1Cl)C(C)(C)C
P,tert_butyl,tert_butyl,C1,pentachlorophenyl,bis_cf3_phenyl,<LB_P><LB1_tert_butyl><LB2_tert_butyl><LINKER_C1><LA1_pentachlorophenyl><LA2_bis_cf3_phenyl>,CC(C)(C)P(CB(c1cc(C(F)(F)F)cc(C(F)(F)F)c1)c1c(Cl)c(Cl)c(Cl)c(Cl)c1Cl)C(C)(C)C
P,tert_butyl,tert_butyl,C2,pentachlorophenyl,bis_cf3_phenyl,<LB_P><LB1_tert_butyl><LB2_tert_butyl><LINKER_C2><LA1_pentachlorophenyl><LA2_bis_cf3_phenyl>,CC(C)(C)P(CCB(c1cc(C(F)(F)F)cc(C(F)(F)F)c1)c1c(Cl)c(Cl)c(Cl)c(Cl)c1Cl)C(C)(C)C
P,tert_butyl,tert_butyl,C3,pentachlorophenyl,bis_cf3_phenyl,<LB_P><LB1_tert_butyl><LB2_tert_butyl><LINKER_C3><LA1_pentachlorophenyl><LA2_bis_cf3_phenyl>,CC(C)(C)P(CCCB(c1cc(C(F)(F)F)cc(C(F)(F)F)c1)c1c(Cl)c(Cl)c(Cl)c(Cl)c1Cl)C(C)(C)C
P,tert_butyl,tert_butyl,C4,pentachlorophenyl,bis_cf3_phenyl,<LB_P><LB1_tert_butyl><LB2_tert_butyl><LINKER_C4><LA1_pentachlorophenyl><LA2_bis_cf3_phenyl>,CC(C)(C)P(CCCCB(c1cc(C(F)(F)F)cc(C(F)(F)F)c1)c1c(Cl)c(Cl)c(Cl)c(Cl)c1Cl)C(C)(C)C
P,tert_butyl,tert_butyl,C5,pentachlorophenyl,bis_cf3_phenyl,<LB_P><LB1_tert_butyl><LB2_tert_butyl><LINKER_C5><LA1_pentachlorophenyl><LA2_bis_cf3_phenyl>,CC(C)(C)P(CCCCCB(c1cc(C(F)(F)F)cc(C(F)(F)F)c1)c1c(Cl)c(Cl)c(Cl)c(Cl)c1Cl)C(C)(C)C
P,tert_butyl,tert_butyl,C6,pentachlorophenyl,bis_cf3_phenyl,<LB_P><LB1_tert_butyl><LB2_tert_butyl><LINKER_C6><LA1_pentachlorophenyl><LA2_bis_cf3_phenyl>,CC(C)(C)P(CCCCCCB(c1cc(C(F)(F)F)cc(C(F)(F)F)c1)c1c(Cl)c(Cl)c(Cl)c(Cl)c1Cl)C(C)(C)C
P,tert_butyl,tert_butyl,C1,bis_cf3_phenyl,bis_cf3_phenyl,<LB_P><LB1_tert_butyl><LB2_tert_butyl><LINKER_C1><LA1_bis_cf3_phenyl><LA2_bis_cf3_phenyl>,CC(C)(C)P(CB(c1cc(C(F)(F)F)cc(C(F)(F)F)c1)c1cc(C(F)(F)F)cc(C(F)(F)F)c1)C(C)(C)C
P,tert_butyl,tert_butyl,C2,bis_cf3_phenyl,bis_cf3_phenyl,<LB_P><LB1_tert_butyl><LB2_tert_butyl><LINKER_C2><LA1_bis_cf3_phenyl><LA2_bis_cf3_phenyl>,CC(C)(C)P(CCB(c1cc(C(F)(F)F)cc(C(F)(F)F)c1)c1cc(C(F)(F)F)cc(C(F)(F)F)c1)C(C)(C)C
P,tert_butyl,tert_butyl,C3,bis_cf3_phenyl,bis_cf3_phenyl,<LB_P><LB1_tert_butyl><LB2_tert_butyl><LINKER_C3><LA1_bis_cf3_phenyl><LA2_bis_cf3_phenyl>,CC(C)(C)P(CCCB(c1cc(C(F)(F)F)cc(C(F)(F)F)c1)c1cc(C(F)(F)F)cc(C(F)(F)F)c1)C(C)(C)C
P,tert_butyl,tert_butyl,C4,bis_cf3_phenyl,bis_cf3_phenyl,<LB_P><LB1_tert_butyl><LB2_tert_butyl><LINKER_C4><LA1_bis_cf3_phenyl><LA2_bis_cf3_phenyl>,CC(C)(C)P(CCCCB(c1cc(C(F)(F)F)cc(C(F)(F)F)c1)c1cc(C(F)(F)F)cc(C(F)(F)F)c1)C(C)(C)C
P,tert_butyl,tert_butyl,C5,bis_cf3_phenyl,bis_cf3_phenyl,<LB_P><LB1_tert_butyl><LB2_tert_butyl><LINKER_C5><LA1_bis_cf3_phenyl><LA2_bis_cf3_phenyl>,CC(C)(C)P(CCCCCB(c1cc(C(F)(F)F)cc(C(F)(F)F)c1)c1cc(C(F)(F)F)cc(C(F)(F)F)c1)C(C)(C)C
P,tert_butyl,tert_butyl,C6,bis_cf3_phenyl,bis_cf3_phenyl,<LB_P><LB1_tert_butyl><LB2_tert_butyl><LINKER_C6><LA1_bis_cf3_phenyl><LA2_bis_cf3_phenyl>,CC(C)(C)P(CCCCCCB(c1cc(C(F)(F)F)cc(C(F)(F)F)c1)c1cc(C(F)(F)F)cc(C(F)(F)F)c1)C(C)(C)C
P,tert_butyl,cyclohexyl,C1,phenyl,phenyl,<LB_P><LB1_tert_butyl><LB2_cyclohexyl><LINKER_C1><LA1_phenyl><LA2_phenyl>,CC(C)(C)P(CB(c1ccccc1)c1ccccc1)C1CCCCC1
P,tert_butyl,cyclohexyl,C2,phenyl,phenyl,<LB_P><LB1_tert_butyl><LB2_cyclohexyl><LINKER_C2><LA1_phenyl><LA2_phenyl>,CC(C)(C)P(CCB(c1ccccc1)c1ccccc1)C1CCCCC1
P,tert_butyl,cyclohexyl,C3,phenyl,phenyl,<LB_P><LB1_tert_butyl><LB2_cyclohexyl><LINKER_C3><LA1_phenyl><LA2_phenyl>,CC(C)(C)P(CCCB(c1ccccc1)c1ccccc1)C1CCCCC1
P,tert_butyl,cyclohexyl,C4,phenyl,phenyl,<LB_P><LB1_tert_butyl><LB2_cyclohexyl><LINKER_C4><LA1_phenyl><LA2_phenyl>,CC(C)(C)P(CCCCB(c1ccccc1)c1ccccc1)C1CCCCC1
P,tert_butyl,cyclohexyl,C5,phenyl,phenyl,<LB_P><LB1_tert_butyl><LB2_cyclohexyl><LINKER_C5><LA1_phenyl><LA2_phenyl>,CC(C)(C)P(CCCCCB(c1ccccc1)c1ccccc1)C1CCCCC1
P,tert_butyl,cyclohexyl,C6,phenyl,phenyl,<LB_P><LB1_tert_butyl><LB2_cyclohexyl><LINKER_C6><LA1_phenyl><LA2_phenyl>,CC(C)(C)P(CCCCCCB(c1ccccc1)c1ccccc1)C1CCCCC1
P,tert_butyl,cyclohexyl,C1,phenyl,p_tolyl,<LB_P><LB1_tert_butyl><LB2_cyclohexyl><LINKER_C1><LA1_phenyl><LA2_p_tolyl>,Cc1ccc(B(CP(C2CCCCC2)C(C)(C)C)c2ccccc2)cc1
P,tert_butyl,cyclohexyl,C2,phenyl,p_tolyl,<LB_P><LB1_tert_butyl><LB2_cyclohexyl><LINKER_C2><LA1_phenyl><LA2_p_tolyl>,Cc1ccc(B(CCP(C2CCCCC2)C(C)(C)C)c2ccccc2)cc1
P,tert_butyl,cyclohexyl,C3,phenyl,p_tolyl,<LB_P><LB1_tert_butyl><LB2_cyclohexyl><LINKER_C3><LA1_phenyl><LA2_p_tolyl>,Cc1ccc(B(CCCP(C2CCCCC2)C(C)(C)C)c2ccccc2)cc1
P,tert_butyl,cyclohexyl,C4,phenyl,p_tolyl,<LB_P><LB1_tert_butyl><LB2_cyclohexyl><LINKER_C4><LA1_phenyl><LA2_p_tolyl>,Cc1ccc(B(CCCCP(C2CCCCC2)C(C)(C)C)c2ccccc2)cc1
P,tert_butyl,cyclohexyl,C5,phenyl,p_tolyl,<LB_P><LB1_tert_butyl><LB2_cyclohexyl><LINKER_C5><LA1_phenyl><LA2_p_tolyl>,Cc1ccc(B(CCCCCP(C2CCCCC2)C(C)(C)C)c2ccccc2)cc1
P,tert_butyl,cyclohexyl,C6,phenyl,p_tolyl,<LB_P><LB1_tert_butyl><LB2_cyclohexyl><LINKER_C6><LA1_phenyl><LA2_p_tolyl>,Cc1ccc(B(CCCCCCP(C2CCCCC2)C(C)(C)C)c2ccccc2)cc1
P,tert_butyl,cyclohexyl,C1,phenyl,mesityl,<LB_P><LB1_tert_butyl><LB2_cyclohexyl><LINKER_C1><LA1_phenyl><LA2_mesityl>,Cc1cc(C)c(B(CP(C2CCCCC2)C(C)(C)C)c2ccccc2)c(C)c1
P,tert_butyl,cyclohexyl,C2,phenyl,mesityl,<LB_P><LB1_tert_butyl><LB2_cyclohexyl><LINKER_C2><LA1_phenyl><LA2_mesityl>,Cc1cc(C)c(B(CCP(C2CCCCC2)C(C)(C)C)c2ccccc2)c(C)c1
P,tert_butyl,cyclohexyl,C3,phenyl,mesityl,<LB_P><LB1_tert_butyl><LB2_cyclohexyl><LINKER_C3><LA1_phenyl><LA2_mesityl>,Cc1cc(C)c(B(CCCP(C2CCCCC2)C(C)(C)C)c2ccccc2)c(C)c1
P,tert_butyl,cyclohexyl,C4,phenyl,mesityl,<LB_P><LB1_tert_butyl><LB2_cyclohexyl><LINKER_C4><LA1_phenyl><LA2_mesityl>,Cc1cc(C)c(B(CCCCP(C2CCCCC2)C(C)(C)C)c2ccccc2)c(C)c1
P,tert_butyl,cyclohexyl,C5,phenyl,mesityl,<LB_P><LB1_tert_butyl><LB2_cyclohexyl><LINKER_C5><LA1_phenyl><LA2_mesityl>,Cc1cc(C)c(B(CCCCCP(C2CCCCC2)C(C)(C)C)c2ccccc2)c(C)c1
P,tert_butyl,cyclohexyl,C6,phenyl,mesityl,<LB_P><LB1_tert_butyl><LB2_cyclohexyl><LINKER_C6><LA1_phenyl><LA2_mesityl>,Cc1cc(C)c(B(CCCCCCP(C2CCCCC2)C(C)(C)C)c2ccccc2)c(C)c1
P,tert_butyl,cyclohexyl,C1,phenyl,pentafluorophenyl,<LB_P><LB1_tert_butyl><LB2_cyclohexyl><LINKER_C1><LA1_phenyl><LA2_pentafluorophenyl>,CC(C)(C)P(CB(c1ccccc1)c1c(F)c(F)c(F)c(F)c1F)C1CCCCC1
P,tert_butyl,cyclohexyl,C2,phenyl,pentafluorophenyl,<LB_P><LB1_tert_butyl><LB2_cyclohexyl><LINKER_C2><LA1_phenyl><LA2_pentafluorophenyl>,CC(C)(C)P(CCB(c1ccccc1)c1c(F)c(F)c(F)c(F)c1F)C1CCCCC1
P,tert_butyl,cyclohexyl,C3,phenyl,pentafluorophenyl,<LB_P><LB1_tert_butyl><LB2_cyclohexyl><LINKER_C3><LA1_phenyl><LA2_pentafluorophenyl>,CC(C)(C)P(CCCB(c1ccccc1)c1c(F)c(F)c(F)c(F)c1F)C1CCCCC1
P,tert_butyl,cyclohexyl,C4,phenyl,pentafluorophenyl,<LB_P><LB1_tert_butyl><LB2_cyclohexyl><LINKER_C4><LA1_phenyl><LA2_pentafluorophenyl>,CC(C)(C)P(CCCCB(c1ccccc1)c1c(F)c(F)c(F)c(F)c1F)C1CCCCC1
P,tert_butyl,cyclohexyl,C5,phenyl,pentafluorophenyl,<LB_P><LB1_tert_butyl><LB2_cyclohexyl><LINKER_C5><LA1_phenyl><LA2_pentafluorophenyl>,CC(C)(C)P(CCCCCB(c1ccccc1)c1c(F)c(F)c(F)c(F)c1F)C1CCCCC1
P,tert_butyl,cyclohexyl,C6,phenyl,pentafluorophenyl,<LB_P><LB1_tert_butyl><LB2_cyclohexyl><LINKER_C6><LA1_phenyl><LA2_pentafluorophenyl>,CC(C)(C)P(CCCCCCB(c1ccccc1)c1c(F)c(F)c(F)c(F)c1F)C1CCCCC1
P,tert_butyl,cyclohexyl,C1,phenyl,pentachlorophenyl,<LB_P><LB1_tert_butyl><LB2_cyclohexyl><LINKER_C1><LA1_phenyl><LA2_pentachlorophenyl>,CC(C)(C)P(CB(c1ccccc1)c1c(Cl)c(Cl)c(Cl)c(Cl)c1Cl)C1CCCCC1
P,tert_butyl,cyclohexyl,C2,phenyl,pentachlorophenyl,<LB_P><LB1_tert_butyl><LB2_cyclohexyl><LINKER_C2><LA1_phenyl><LA2_pentachlorophenyl>,CC(C)(C)P(CCB(c1ccccc1)c1c(Cl)c(Cl)c(Cl)c(Cl)c1Cl)C1CCCCC1
P,tert_butyl,cyclohexyl,C3,phenyl,pentachlorophenyl,<LB_P><LB1_tert_butyl><LB2_cyclohexyl><LINKER_C3><LA1_phenyl><LA2_pentachlorophenyl>,CC(C)(C)P(CCCB(c1ccccc1)c1c(Cl)c(Cl)c(Cl)c(Cl)c1Cl)C1CCCCC1
P,tert_butyl,cyclohexyl,C4,phenyl,pentachlorophenyl,<LB_P><LB1_tert_butyl><LB2_cyclohexyl><LINKER_C4><LA1_phenyl><LA2_pentachlorophenyl>,CC(C)(C)P(CCCCB(c1ccccc1)c1c(Cl)c(Cl)c(Cl)c(Cl)c1Cl)C1CCCCC1
P,tert_butyl,cyclohexyl,C5,phenyl,pentachlorophenyl,<LB_P><LB1_tert_butyl><LB2_cyclohexyl><LINKER_C5><LA1_phenyl><LA2_pentachlorophenyl>,CC(C)(C)P(CCCCCB(c1ccccc1)c1c(Cl)c(Cl)c(Cl)c(Cl)c1Cl)C1CCCCC1
P,tert_butyl,cyclohexyl,C6,phenyl,pentachlorophenyl,<LB_P><LB1_tert_butyl><LB2_cyclohexyl><LINKER_C6><LA1_phenyl><LA2_pentachlorophenyl>,CC(C)(C)P(CCCCCCB(c1ccccc1)c1c(Cl)c(Cl)c(Cl)c(Cl)c1Cl)C1CCCCC1
P,tert_butyl,cyclohexyl,C1,phenyl,bis_cf3_phenyl,<LB_P><LB1_tert_butyl><LB2_cyclohexyl><LINKER_C1><LA1_phenyl><LA2_bis_cf3_phenyl>,CC(C)(C)P(CB(c1ccccc1)c1cc(C(F)(F)F)cc(C(F)(F)F)c1)C1CCCCC1
P,tert_butyl,cyclohexyl,C2,phenyl,bis_cf3_phenyl,<LB_P><LB1_tert_butyl><LB2_cyclohexyl><LINKER_C2><LA1_phenyl><LA2_bis_cf3_phenyl>,CC(C)(C)P(CCB(c1ccccc1)c1cc(C(F)(F)F)cc(C(F)(F)F)c1)C1CCCCC1
P,tert_butyl,cyclohexyl,C3,phenyl,bis_cf3_phenyl,<LB_P><LB1_tert_butyl><LB2_cyclohexyl><LINKER_C3><LA1_phenyl><LA2_bis_cf3_phenyl>,CC(C)(C)P(CCCB(c1ccccc1)c1cc(C(F)(F)F)cc(C(F)(F)F)c1)C1CCCCC1
P,tert_butyl,cyclohexyl,C4,phenyl,bis_cf3_phenyl,<LB_P><LB1_tert_butyl><LB2_cyclohexyl><LINKER_C4><LA1_phenyl><LA2_bis_cf3_phenyl>,CC(C)(C)P(CCCCB(c1ccccc1)c1cc(C(F)(F)F)cc(C(F)(F)F)c1)C1CCCCC1
P,tert_butyl,cyclohexyl,C5,phenyl,bis_cf3_phenyl,<LB_P><LB1_tert_butyl><LB2_cyclohexyl><LINKER_C5><LA1_phenyl><LA2_bis_cf3_phenyl>,CC(C)(C)P(CCCCCB(c1ccccc1)c1cc(C(F)(F)F)cc(C(F)(F)F)c1)C1CCCCC1
P,tert_butyl,cyclohexyl,C6,phenyl,bis_cf3_phenyl,<LB_P><LB1_tert_butyl><LB2_cyclohexyl><LINKER_C6><LA1_phenyl><LA2_bis_cf3_phenyl>,CC(C)(C)P(CCCCCCB(c1ccccc1)c1cc(C(F)(F)F)cc(C(F)(F)F)c1)C1CCCCC1
P,tert_butyl,cyclohexyl,C1,p_tolyl,p_tolyl,<LB_P><LB1_tert_butyl><LB2_cyclohexyl><LINKER_C1><LA1_p_tolyl><LA2_p_tolyl>,Cc1ccc(B(CP(C2CCCCC2)C(C)(C)C)c2ccc(C)cc2)cc1
P,tert_butyl,cyclohexyl,C2,p_tolyl,p_tolyl,<LB_P><LB1_tert_butyl><LB2_cyclohexyl><LINKER_C2><LA1_p_tolyl><LA2_p_tolyl>,Cc1ccc(B(CCP(C2CCCCC2)C(C)(C)C)c2ccc(C)cc2)cc1
P,tert_butyl,cyclohexyl,C3,p_tolyl,p_tolyl,<LB_P><LB1_tert_butyl><LB2_cyclohexyl><LINKER_C3><LA1_p_tolyl><LA2_p_tolyl>,Cc1ccc(B(CCCP(C2CCCCC2)C(C)(C)C)c2ccc(C)cc2)cc1
P,tert_butyl,cyclohexyl,C4,p_tolyl,p_tolyl,<LB_P><LB1_tert_butyl><LB2_cyclohexyl><LINKER_C4><LA1_p_tolyl><LA2_p_tolyl>,Cc1ccc(B(CCCCP(C2CCCCC2)C(C)(C)C)c2ccc(C)cc2)cc1
P,tert_butyl,cyclohexyl,C5,p_tolyl,p_tolyl,<LB_P><LB1_tert_butyl><LB2_cyclohexyl><LINKER_C5><LA1_p_tolyl><LA2_p_tolyl>,Cc1ccc(B(CCCCCP(C2CCCCC2)C(C)(C)C)c2ccc(C)cc2)cc1
P,tert_butyl,cyclohexyl,C6,p_tolyl,p_tolyl,<LB_P><LB1_tert_butyl><LB2_cyclohexyl><LINKER_C6><LA1_p_tolyl><LA2_p_tolyl>,Cc1ccc(B(CCCCCCP(C2CCCCC2)C(C)(C)C)c2ccc(C)cc2)cc1
P,tert_butyl,cyclohexyl,C1,p_tolyl,mesityl,<LB_P><LB1_tert_butyl><LB2_cyclohexyl><LINKER_C1><LA1_p_tolyl><LA2_mesityl>,Cc1ccc(B(CP(C2CCCCC2)C(C)(C)C)c2c(C)cc(C)cc2C)cc1
P,tert_butyl,cyclohexyl,C2,p_tolyl,mesityl,<LB_P><LB1_tert_butyl><LB2_cyclohexyl><LINKER_C2><LA1_p_tolyl><LA2_mesityl>,Cc1ccc(B(CCP(C2CCCCC2)C(C)(C)C)c2c(C)cc(C)cc2C)cc1
P,tert_butyl,cyclohexyl,C3,p_tolyl,mesityl,<LB_P><LB1_tert_butyl><LB2_cyclohexyl><LINKER_C3><LA1_p_tolyl><LA2_mesityl>,Cc1ccc(B(CCCP(C2CCCCC2)C(C)(C)C)c2c(C)cc(C)cc2C)cc1
P,tert_butyl,cyclohexyl,C4,p_tolyl,mesityl,<LB_P><LB1_tert_butyl><LB2_cyclohexyl><LINKER_C4><LA1_p_tolyl><LA2_mesityl>,Cc1ccc(B(CCCCP(C2CCCCC2)C(C)(C)C)c2c(C)cc(C)cc2C)cc1
P,tert_butyl,cyclohexyl,C5,p_tolyl,mesityl,<LB_P><LB1_tert_butyl><LB2_cyclohexyl><LINKER_C5><LA1_p_tolyl><LA2_mesityl>,Cc1ccc(B(CCCCCP(C2CCCCC2)C(C)(C)C)c2c(C)cc(C)cc2C)cc1
P,tert_butyl,cyclohexyl,C6,p_tolyl,mesityl,<LB_P><LB1_tert_butyl><LB2_cyclohexyl><LINKER_C6><LA1_p_tolyl><LA2_mesityl>,Cc1ccc(B(CCCCCCP(C2CCCCC2)C(C)(C)C)c2c(C)cc(C)cc2C)cc1
P,tert_butyl,cyclohexyl,C1,p_tolyl,pentafluorophenyl,<LB_P><LB1_tert_butyl><LB2_cyclohexyl><LINKER_C1><LA1_p_tolyl><LA2_pentafluorophenyl>,Cc1ccc(B(CP(C2CCCCC2)C(C)(C)C)c2c(F)c(F)c(F)c(F)c2F)cc1
P,tert_butyl,cyclohexyl,C2,p_tolyl,pentafluorophenyl,<LB_P><LB1_tert_butyl><LB2_cyclohexyl><LINKER_C2><LA1_p_tolyl><LA2_pentafluorophenyl>,Cc1ccc(B(CCP(C2CCCCC2)C(C)(C)C)c2c(F)c(F)c(F)c(F)c2F)cc1
P,tert_butyl,cyclohexyl,C3,p_tolyl,pentafluorophenyl,<LB_P><LB1_tert_butyl><LB2_cyclohexyl><LINKER_C3><LA1_p_tolyl><LA2_pentafluorophenyl>,Cc1ccc(B(CCCP(C2CCCCC2)C(C)(C)C)c2c(F)c(F)c(F)c(F)c2F)cc1
P,tert_butyl,cyclohexyl,C4,p_tolyl,pentafluorophenyl,<LB_P><LB1_tert_butyl><LB2_cyclohexyl><LINKER_C4><LA1_p_tolyl><LA2_pentafluorophenyl>,Cc1ccc(B(CCCCP(C2CCCCC2)C(C)(C)C)c2c(F)c(F)c(F)c(F)c2F)cc1
P,tert_butyl,cyclohexyl,C5,p_tolyl,pentafluorophenyl,<LB_P><LB1_tert_butyl><LB2_cyclohexyl><LINKER_C5><LA1_p_tolyl><LA2_pentafluorophenyl>,Cc1ccc(B(CCCCCP(C2CCCCC2)C(C)(C)C)c2c(F)c(F)c(F)c(F)c2F)cc1
P,tert_butyl,cyclohexyl,C6,p_tolyl,pentafluorophenyl,<LB_P><LB1_tert_butyl><LB2_cyclohexyl><LINKER_C6><LA1_p_tolyl><LA2_pentafluorophenyl>,Cc1ccc(B(CCCCCCP(C2CCCCC2)C(C)(C)C)c2c(F)c(F)c(F)c(F)c2F)cc1
P,tert_butyl,cyclohexyl,C1,p_tolyl,pentachlorophenyl,<LB_P><LB1_tert_butyl><LB2_cyclohexyl><LINKER_C1><LA1_p_tolyl><LA2_pentachlorophenyl>,Cc1ccc(B(CP(C2CCCCC2)C(C)(C)C)c2c(Cl)c(Cl)c(Cl)c(Cl)c2Cl)cc1
P,tert_butyl,cyclohexyl,C2,p_tolyl,pentachlorophenyl,<LB_P><LB1_tert_butyl><LB2_cyclohexyl><LINKER_C2><LA1_p_tolyl><LA2_pentachlorophenyl>,Cc1ccc(B(CCP(C2CCCCC2)C(C)(C)C)c2c(Cl)c(Cl)c(Cl)c(Cl)c2Cl)cc1
P,tert_butyl,cyclohexyl,C3,p_tolyl,pentachlorophenyl,<LB_P><LB1_tert_butyl><LB2_cyclohexyl><LINKER_C3><LA1_p_tolyl><LA2_pentachlorophenyl>,Cc1ccc(B(CCCP(C2CCCCC2)C(C)(C)C)c2c(Cl)c(Cl)c(Cl)c(Cl)c2Cl)cc1
P,tert_butyl,cyclohexyl,C4,p_tolyl,pentachlorophenyl,<LB_P><LB1_tert_butyl><LB2_cyclohexyl><LINKER_C4><LA1_p_tolyl><LA2_pentachlorophenyl>,Cc1ccc(B(CCCCP(C2CCCCC2)C(C)(C)C)c2c(Cl)c(Cl)c(Cl)c(Cl)c2Cl)cc1
P,tert_butyl,cyclohexyl,C5,p_tolyl,pentachlorophenyl,<LB_P><LB1_tert_butyl><LB2_cyclohexyl><LINKER_C5><LA1_p_tolyl><LA2_pentachlorophenyl>,Cc1ccc(B(CCCCCP(C2CCCCC2)C(C)(C)C)c2c(Cl)c(Cl)c(Cl)c(Cl)c2Cl)cc1
P,tert_butyl,cyclohexyl,C6,p_tolyl,pentachlorophenyl,<LB_P><LB1_tert_butyl><LB2_cyclohexyl><LINKER_C6><LA1_p_tolyl><LA2_pentachlorophenyl>,Cc1ccc(B(CCCCCCP(C2CCCCC2)C(C)(C)C)c2c(Cl)c(Cl)c(Cl)c(Cl)c2Cl)cc1
P,tert_butyl,cyclohexyl,C1,p_tolyl,bis_cf3_phenyl,<LB_P><LB1_tert_butyl><LB2_cyclohexyl><LINKER_C1><LA1_p_tolyl><LA2_bis_cf3_phenyl>,Cc1ccc(B(CP(C2CCCCC2)C(C)(C)C)c2cc(C(F)(F)F)cc(C(F)(F)F)c2)cc1
P,tert_butyl,cyclohexyl,C2,p_tolyl,bis_cf3_phenyl,<LB_P><LB1_tert_butyl><LB2_cyclohexyl><LINKER_C2><LA1_p_tolyl><LA2_bis_cf3_phenyl>,Cc1ccc(B(CCP(C2CCCCC2)C(C)(C)C)c2cc(C(F)(F)F)cc(C(F)(F)F)c2)cc1
P,tert_butyl,cyclohexyl,C3,p_tolyl,bis_cf3_phenyl,<LB_P><LB1_tert_butyl><LB2_cyclohexyl><LINKER_C3><LA1_p_tolyl><LA2_bis_cf3_phenyl>,Cc1ccc(B(CCCP(C2CCCCC2)C(C)(C)C)c2cc(C(F)(F)F)cc(C(F)(F)F)c2)cc1
P,tert_butyl,cyclohexyl,C4,p_tolyl,bis_cf3_phenyl,<LB_P><LB1_tert_butyl><LB2_cyclohexyl><LINKER_C4><LA1_p_tolyl><LA2_bis_cf3_phenyl>,Cc1ccc(B(CCCCP(C2CCCCC2)C(C)(C)C)c2cc(C(F)(F)F)cc(C(F)(F)F)c2)cc1
P,tert_butyl,cyclohexyl,C5,p_tolyl,bis_cf3_phenyl,<LB_P><LB1_tert_butyl><LB2_cyclohexyl><LINKER_C5><LA1_p_tolyl><LA2_bis_cf3_phenyl>,Cc1ccc(B(CCCCCP(C2CCCCC2)C(C)(C)C)c2cc(C(F)(F)F)cc(C(F)(F)F)c2)cc1
P,tert_butyl,cyclohexyl,C6,p_tolyl,bis_cf3_phenyl,<LB_P><LB1_tert_butyl><LB2_cyclohexyl><LINKER_C6><LA1_p_tolyl><LA2_bis_cf3_phenyl>,Cc1ccc(B(CCCCCCP(C2CCCCC2)C(C)(C)C)c2cc(C(F)(F)F)cc(C(F)(F)F)c2)cc1
P,tert_butyl,cyclohexyl,C1,mesityl,mesityl,<LB_P><LB1_tert_butyl><LB2_cyclohexyl><LINKER_C1><LA1_mesityl><LA2_mesityl>,Cc1cc(C)c(B(CP(C2CCCCC2)C(C)(C)C)c2c(C)cc(C)cc2C)c(C)c1
P,tert_butyl,cyclohexyl,C2,mesityl,mesityl,<LB_P><LB1_tert_butyl><LB2_cyclohexyl><LINKER_C2><LA1_mesityl><LA2_mesityl>,Cc1cc(C)c(B(CCP(C2CCCCC2)C(C)(C)C)c2c(C)cc(C)cc2C)c(C)c1
P,tert_butyl,cyclohexyl,C3,mesityl,mesityl,<LB_P><LB1_tert_butyl><LB2_cyclohexyl><LINKER_C3><LA1_mesityl><LA2_mesityl>,Cc1cc(C)c(B(CCCP(C2CCCCC2)C(C)(C)C)c2c(C)cc(C)cc2C)c(C)c1
P,tert_butyl,cyclohexyl,C4,mesityl,mesityl,<LB_P><LB1_tert_butyl><LB2_cyclohexyl><LINKER_C4><LA1_mesityl><LA2_mesityl>,Cc1cc(C)c(B(CCCCP(C2CCCCC2)C(C)(C)C)c2c(C)cc(C)cc2C)c(C)c1
P,tert_butyl,cyclohexyl,C5,mesityl,mesityl,<LB_P><LB1_tert_butyl><LB2_cyclohexyl><LINKER_C5><LA1_mesityl><LA2_mesityl>,Cc1cc(C)c(B(CCCCCP(C2CCCCC2)C(C)(C)C)c2c(C)cc(C)cc2C)c(C)c1
P,tert_butyl,cyclohexyl,C6,mesityl,mesityl,<LB_P><LB1_tert_butyl><LB2_cyclohexyl><LINKER_C6><LA1_mesityl><LA2_mesityl>,Cc1cc(C)c(B(CCCCCCP(C2CCCCC2)C(C)(C)C)c2c(C)cc(C)cc2C)c(C)c1
P,tert_butyl,cyclohexyl,C1,mesityl,pentafluorophenyl,<LB_P><LB1_tert_butyl><LB2_cyclohexyl><LINKER_C1><LA1_mesityl><LA2_pentafluorophenyl>,Cc1cc(C)c(B(CP(C2CCCCC2)C(C)(C)C)c2c(F)c(F)c(F)c(F)c2F)c(C)c1
P,tert_butyl,cyclohexyl,C2,mesityl,pentafluorophenyl,<LB_P><LB1_tert_butyl><LB2_cyclohexyl><LINKER_C2><LA1_mesityl><LA2_pentafluorophenyl>,Cc1cc(C)c(B(CCP(C2CCCCC2)C(C)(C)C)c2c(F)c(F)c(F)c(F)c2F)c(C)c1
P,tert_butyl,cyclohexyl,C3,mesityl,pentafluorophenyl,<LB_P><LB1_tert_butyl><LB2_cyclohexyl><LINKER_C3><LA1_mesityl><LA2_pentafluorophenyl>,Cc1cc(C)c(B(CCCP(C2CCCCC2)C(C)(C)C)c2c(F)c(F)c(F)c(F)c2F)c(C)c1
P,tert_butyl,cyclohexyl,C4,mesityl,pentafluorophenyl,<LB_P><LB1_tert_butyl><LB2_cyclohexyl><LINKER_C4><LA1_mesityl><LA2_pentafluorophenyl>,Cc1cc(C)c(B(CCCCP(C2CCCCC2)C(C)(C)C)c2c(F)c(F)c(F)c(F)c2F)c(C)c1
P,tert_butyl,cyclohexyl,C5,mesityl,pentafluorophenyl,<LB_P><LB1_tert_butyl><LB2_cyclohexyl><LINKER_C5><LA1_mesityl><LA2_pentafluorophenyl>,Cc1cc(C)c(B(CCCCCP(C2CCCCC2)C(C)(C)C)c2c(F)c(F)c(F)c(F)c2F)c(C)c1
P,tert_butyl,cyclohexyl,C6,mesityl,pentafluorophenyl,<LB_P><LB1_tert_butyl><LB2_cyclohexyl><LINKER_C6><LA1_mesityl><LA2_pentafluorophenyl>,Cc1cc(C)c(B(CCCCCCP(C2CCCCC2)C(C)(C)C)c2c(F)c(F)c(F)c(F)c2F)c(C)c1
P,tert_butyl,cyclohexyl,C1,mesityl,pentachlorophenyl,<LB_P><LB1_tert_butyl><LB2_cyclohexyl><LINKER_C1><LA1_mesityl><LA2_pentachlorophenyl>,Cc1cc(C)c(B(CP(C2CCCCC2)C(C)(C)C)c2c(Cl)c(Cl)c(Cl)c(Cl)c2Cl)c(C)c1
P,tert_butyl,cyclohexyl,C2,mesityl,pentachlorophenyl,<LB_P><LB1_tert_butyl><LB2_cyclohexyl><LINKER_C2><LA1_mesityl><LA2_pentachlorophenyl>,Cc1cc(C)c(B(CCP(C2CCCCC2)C(C)(C)C)c2c(Cl)c(Cl)c(Cl)c(Cl)c2Cl)c(C)c1
P,tert_butyl,cyclohexyl,C3,mesityl,pentachlorophenyl,<LB_P><LB1_tert_butyl><LB2_cyclohexyl><LINKER_C3><LA1_mesityl><LA2_pentachlorophenyl>,Cc1cc(C)c(B(CCCP(C2CCCCC2)C(C)(C)C)c2c(Cl)c(Cl)c(Cl)c(Cl)c2Cl)c(C)c1
P,tert_butyl,cyclohexyl,C4,mesityl,pentachlorophenyl,<LB_P><LB1_tert_butyl><LB2_cyclohexyl><LINKER_C4><LA1_mesityl><LA2_pentachlorophenyl>,Cc1cc(C)c(B(CCCCP(C2CCCCC2)C(C)(C)C)c2c(Cl)c(Cl)c(Cl)c(Cl)c2Cl)c(C)c1
P,tert_butyl,cyclohexyl,C5,mesityl,pentachlorophenyl,<LB_P><LB1_tert_butyl><LB2_cyclohexyl><LINKER_C5><LA1_mesityl><LA2_pentachlorophenyl>,Cc1cc(C)c(B(CCCCCP(C2CCCCC2)C(C)(C)C)c2c(Cl)c(Cl)c(Cl)c(Cl)c2Cl)c(C)c1
P,tert_butyl,cyclohexyl,C6,mesityl,pentachlorophenyl,<LB_P><LB1_tert_butyl><LB2_cyclohexyl><LINKER_C6><LA1_mesityl><LA2_pentachlorophenyl>,Cc1cc(C)c(B(CCCCCCP(C2CCCCC2)C(C)(C)C)c2c(Cl)c(Cl)c(Cl)c(Cl)c2Cl)c(C)c1
P,tert_butyl,cyclohexyl,C1,mesityl,bis_cf3_phenyl,<LB_P><LB1_tert_butyl><LB2_cyclohexyl><LINKER_C1><LA1_mesityl><LA2_bis_cf3_phenyl>,Cc1cc(C)c(B(CP(C2CCCCC2)C(C)(C)C)c2cc(C(F)(F)F)cc(C(F)(F)F)c2)c(C)c1
P,tert_butyl,cyclohexyl,C2,mesityl,bis_cf3_phenyl,<LB_P><LB1_tert_butyl><LB2_cyclohexyl><LINKER_C2><LA1_mesityl><LA2_bis_cf3_phenyl>,Cc1cc(C)c(B(CCP(C2CCCCC2)C(C)(C)C)c2cc(C(F)(F)F)cc(C(F)(F)F)c2)c(C)c1
P,tert_butyl,cyclohexyl,C3,mesityl,bis_cf3_phenyl,<LB_P><LB1_tert_butyl><LB2_cyclohexyl><LINKER_C3><LA1_mesityl><LA2_bis_cf3_phenyl>,Cc1cc(C)c(B(CCCP(C2CCCCC2)C(C)(C)C)c2cc(C(F)(F)F)cc(C(F)(F)F)c2)c(C)c1
P,tert_butyl,cyclohexyl,C4,mesityl,bis_cf3_phenyl,<LB_P><LB1_tert_butyl><LB2_cyclohexyl><LINKER_C4><LA1_mesityl><LA2_bis_cf3_phenyl>,Cc1cc(C)c(B(CCCCP(C2CCCCC2)C(C)(C)C)c2cc(C(F)(F)F)cc(C(F)(F)F)c2)c(C)c1
P,tert_butyl,cyclohexyl,C5,mesityl,bis_cf3_phenyl,<LB_P><LB1_tert_butyl><LB2_cyclohexyl><LINKER_C5><LA1_mesityl><LA2_bis_cf3_phenyl>,Cc1cc(C)c(B(CCCCCP(C2CCCCC2)C(C)(C)C)c2cc(C(F)(F)F)cc(C(F)(F)F)c2)c(C)c1
P,tert_butyl,cyclohexyl,C6,mesityl,bis_cf3_phenyl,<LB_P><LB1_tert_butyl><LB2_cyclohexyl><LINKER_C6><LA1_mesityl><LA2_bis_cf3_phenyl>,Cc1cc(C)c(B(CCCCCCP(C2CCCCC2)C(C)(C)C)c2cc(C(F)(F)F)cc(C(F)(F)F)c2)c(C)c1
P,tert_butyl,cyclohexyl,C1,pentafluorophenyl,pentafluorophenyl,<LB_P><LB1_tert_butyl><LB2_cyclohexyl><LINKER_C1><LA1_pentafluorophenyl><LA2_pentafluorophenyl>,CC(C)(C)P(CB(c1c(F)c(F)c(F)c(F)c1F)c1c(F)c(F)c(F)c(F)c1F)C1CCCCC1
P,tert_butyl,cyclohexyl,C2,pentafluorophenyl,pentafluorophenyl,<LB_P><LB1_tert_butyl><LB2_cyclohexyl><LINKER_C2><LA1_pentafluorophenyl><LA2_pentafluorophenyl>,CC(C)(C)P(CCB(c1c(F)c(F)c(F)c(F)c1F)c1c(F)c(F)c(F)c(F)c1F)C1CCCCC1
P,tert_butyl,cyclohexyl,C3,pentafluorophenyl,pentafluorophenyl,<LB_P><LB1_tert_butyl><LB2_cyclohexyl><LINKER_C3><LA1_pentafluorophenyl><LA2_pentafluorophenyl>,CC(C)(C)P(CCCB(c1c(F)c(F)c(F)c(F)c1F)c1c(F)c(F)c(F)c(F)c1F)C1CCCCC1
P,tert_butyl,cyclohexyl,C4,pentafluorophenyl,pentafluorophenyl,<LB_P><LB1_tert_butyl><LB2_cyclohexyl><LINKER_C4><LA1_pentafluorophenyl><LA2_pentafluorophenyl>,CC(C)(C)P(CCCCB(c1c(F)c(F)c(F)c(F)c1F)c1c(F)c(F)c(F)c(F)c1F)C1CCCCC1
P,tert_butyl,cyclohexyl,C5,pentafluorophenyl,pentafluorophenyl,<LB_P><LB1_tert_butyl><LB2_cyclohexyl><LINKER_C5><LA1_pentafluorophenyl><LA2_pentafluorophenyl>,CC(C)(C)P(CCCCCB(c1c(F)c(F)c(F)c(F)c1F)c1c(F)c(F)c(F)c(F)c1F)C1CCCCC1
P,tert_butyl,cyclohexyl,C6,pentafluorophenyl,pentafluorophenyl,<LB_P><LB1_tert_butyl><LB2_cyclohexyl><LINKER_C6><LA1_pentafluorophenyl><LA2_pentafluorophenyl>,CC(C)(C)P(CCCCCCB(c1c(F)c(F)c(F)c(F)c1F)c1c(F)c(F)c(F)c(F)c1F)C1CCCCC1
P,tert_butyl,cyclohexyl,C1,pentafluorophenyl,pentachlorophenyl,<LB_P><LB1_tert_butyl><LB2_cyclohexyl><LINKER_C1><LA1_pentafluorophenyl><LA2_pentachlorophenyl>,CC(C)(C)P(CB(c1c(F)c(F)c(F)c(F)c1F)c1c(Cl)c(Cl)c(Cl)c(Cl)c1Cl)C1CCCCC1
P,tert_butyl,cyclohexyl,C2,pentafluorophenyl,pentachlorophenyl,<LB_P><LB1_tert_butyl><LB2_cyclohexyl><LINKER_C2><LA1_pentafluorophenyl><LA2_pentachlorophenyl>,CC(C)(C)P(CCB(c1c(F)c(F)c(F)c(F)c1F)c1c(Cl)c(Cl)c(Cl)c(Cl)c1Cl)C1CCCCC1
P,tert_butyl,cyclohexyl,C3,pentafluorophenyl,pentachlorophenyl,<LB_P><LB1_tert_butyl><LB2_cyclohexyl><LINKER_C3><LA1_pentafluorophenyl><LA2_pentachlorophenyl>,CC(C)(C)P(CCCB(c1c(F)c(F)c(F)c(F)c1F)c1c(Cl)c(Cl)c(Cl)c(Cl)c1Cl)C1CCCCC1
P,tert_butyl,cyclohexyl,C4,pentafluorophenyl,pentachlorophenyl,<LB_P><LB1_tert_butyl><LB2_cyclohexyl><LINKER_C4><LA1_pentafluorophenyl><LA2_pentachlorophenyl>,CC(C)(C)P(CCCCB(c1c(F)c(F)c(F)c(F)c1F)c1c(Cl)c(Cl)c(Cl)c(Cl)c1Cl)C1CCCCC1
P,tert_butyl,cyclohexyl,C5,pentafluorophenyl,pentachlorophenyl,<LB_P><LB1_tert_butyl><LB2_cyclohexyl><LINKER_C5><LA1_pentafluorophenyl><LA2_pentachlorophenyl>,CC(C)(C)P(CCCCCB(c1c(F)c(F)c(F)c(F)c1F)c1c(Cl)c(Cl)c(Cl)c(Cl)c1Cl)C1CCCCC1
P,tert_butyl,cyclohexyl,C6,pentafluorophenyl,pentachlorophenyl,<LB_P><LB1_tert_butyl><LB2_cyclohexyl><LINKER_C6><LA1_pentafluorophenyl><LA2_pentachlorophenyl>,CC(C)(C)P(CCCCCCB(c1c(F)c(F)c(F)c(F)c1F)c1c(Cl)c(Cl)c(Cl)c(Cl)c1Cl)C1CCCCC1
P,tert_butyl,cyclohexyl,C1,pentafluorophenyl,bis_cf3_phenyl,<LB_P><LB1_tert_butyl><LB2_cyclohexyl><LINKER_C1><LA1_pentafluorophenyl><LA2_bis_cf3_phenyl>,CC(C)(C)P(CB(c1cc(C(F)(F)F)cc(C(F)(F)F)c1)c1c(F)c(F)c(F)c(F)c1F)C1CCCCC1
P,tert_butyl,cyclohexyl,C2,pentafluorophenyl,bis_cf3_phenyl,<LB_P><LB1_tert_butyl><LB2_cyclohexyl><LINKER_C2><LA1_pentafluorophenyl><LA2_bis_cf3_phenyl>,CC(C)(C)P(CCB(c1cc(C(F)(F)F)cc(C(F)(F)F)c1)c1c(F)c(F)c(F)c(F)c1F)C1CCCCC1
P,tert_butyl,cyclohexyl,C3,pentafluorophenyl,bis_cf3_phenyl,<LB_P><LB1_tert_butyl><LB2_cyclohexyl><LINKER_C3><LA1_pentafluorophenyl><LA2_bis_cf3_phenyl>,CC(C)(C)P(CCCB(c1cc(C(F)(F)F)cc(C(F)(F)F)c1)c1c(F)c(F)c(F)c(F)c1F)C1CCCCC1
P,tert_butyl,cyclohexyl,C4,pentafluorophenyl,bis_cf3_phenyl,<LB_P><LB1_tert_butyl><LB2_cyclohexyl><LINKER_C4><LA1_pentafluorophenyl><LA2_bis_cf3_phenyl>,CC(C)(C)P(CCCCB(c1cc(C(F)(F)F)cc(C(F)(F)F)c1)c1c(F)c(F)c(F)c(F)c1F)C1CCCCC1
P,tert_butyl,cyclohexyl,C5,pentafluorophenyl,bis_cf3_phenyl,<LB_P><LB1_tert_butyl><LB2_cyclohexyl><LINKER_C5><LA1_pentafluorophenyl><LA2_bis_cf3_phenyl>,CC(C)(C)P(CCCCCB(c1cc(C(F)(F)F)cc(C(F)(F)F)c1)c1c(F)c(F)c(F)c(F)c1F)C1CCCCC1
P,tert_butyl,cyclohexyl,C6,pentafluorophenyl,bis_cf3_phenyl,<LB_P><LB1_tert_butyl><LB2_cyclohexyl><LINKER_C6><LA1_pentafluorophenyl><LA2_bis_cf3_phenyl>,CC(C)(C)P(CCCCCCB(c1cc(C(F)(F)F)cc(C(F)(F)F)c1)c1c(F)c(F)c(F)c(F)c1F)C1CCCCC1
P,tert_butyl,cyclohexyl,C1,pentachlorophenyl,pentachlorophenyl,<LB_P><LB1_tert_butyl><LB2_cyclohexyl><LINKER_C1><LA1_pentachlorophenyl><LA2_pentachlorophenyl>,CC(C)(C)P(CB(c1c(Cl)c(Cl)c(Cl)c(Cl)c1Cl)c1c(Cl)c(Cl)c(Cl)c(Cl)c1Cl)C1CCCCC1
P,tert_butyl,cyclohexyl,C2,pentachlorophenyl,pentachlorophenyl,<LB_P><LB1_tert_butyl><LB2_cyclohexyl><LINKER_C2><LA1_pentachlorophenyl><LA2_pentachlorophenyl>,CC(C)(C)P(CCB(c1c(Cl)c(Cl)c(Cl)c(Cl)c1Cl)c1c(Cl)c(Cl)c(Cl)c(Cl)c1Cl)C1CCCCC1
P,tert_butyl,cyclohexyl,C3,pentachlorophenyl,pentachlorophenyl,<LB_P><LB1_tert_butyl><LB2_cyclohexyl><LINKER_C3><LA1_pentachlorophenyl><LA2_pentachlorophenyl>,CC(C)(C)P(CCCB(c1c(Cl)c(Cl)c(Cl)c(Cl)c1Cl)c1c(Cl)c(Cl)c(Cl)c(Cl)c1Cl)C1CCCCC1
P,tert_butyl,cyclohexyl,C4,pentachlorophenyl,pentachlorophenyl,<LB_P><LB1_tert_butyl><LB2_cyclohexyl><LINKER_C4><LA1_pentachlorophenyl><LA2_pentachlorophenyl>,CC(C)(C)P(CCCCB(c1c(Cl)c(Cl)c(Cl)c(Cl)c1Cl)c1c(Cl)c(Cl)c(Cl)c(Cl)c1Cl)C1CCCCC1
P,tert_butyl,cyclohexyl,C5,pentachlorophenyl,pentachlorophenyl,<LB_P><LB1_tert_butyl><LB2_cyclohexyl><LINKER_C5><LA1_pentachlorophenyl><LA2_pentachlorophenyl>,CC(C)(C)P(CCCCCB(c1c(Cl)c(Cl)c(Cl)c(Cl)c1Cl)c1c(Cl)c(Cl)c(Cl)c(Cl)c1Cl)C1CCCCC1
P,tert_butyl,cyclohexyl,C6,pentachlorophenyl,pentachlorophenyl,<LB_P><LB1_tert_butyl><LB2_cyclohexyl><LINKER_C6><LA1_pentachlorophenyl><LA2_pentachlorophenyl>,CC(C)(C)P(CCCCCCB(c1c(Cl)c(Cl)c(Cl)c(Cl)c1Cl)c1c(Cl)c(Cl)c(Cl)c(Cl)c1Cl)C1CCCCC1
P,tert_butyl,cyclohexyl,C1,pentachlorophenyl,bis_cf3_phenyl,<LB_P><LB1_tert_butyl><LB2_cyclohexyl><LINKER_C1><LA1_pentachlorophenyl><LA2_bis_cf3_phenyl>,CC(C)(C)P(CB(c1cc(C(F)(F)F)cc(C(F)(F)F)c1)c1c(Cl)c(Cl)c(Cl)c(Cl)c1Cl)C1CCCCC1
P,tert_butyl,cyclohexyl,C2,pentachlorophenyl,bis_cf3_phenyl,<LB_P><LB1_tert_butyl><LB2_cyclohexyl><LINKER_C2><LA1_pentachlorophenyl><LA2_bis_cf3_phenyl>,CC(C)(C)P(CCB(c1cc(C(F)(F)F)cc(C(F)(F)F)c1)c1c(Cl)c(Cl)c(Cl)c(Cl)c1Cl)C1CCCCC1
P,tert_butyl,cyclohexyl,C3,pentachlorophenyl,bis_cf3_phenyl,<LB_P><LB1_tert_butyl><LB2_cyclohexyl><LINKER_C3><LA1_pentachlorophenyl><LA2_bis_cf3_phenyl>,CC(C)(C)P(CCCB(c1cc(C(F)(F)F)cc(C(F)(F)F)c1)c1c(Cl)c(Cl)c(Cl)c(Cl)c1Cl)C1CCCCC1
P,tert_butyl,cyclohexyl,C4,pentachlorophenyl,bis_cf3_phenyl,<LB_P><LB1_tert_butyl><LB2_cyclohexyl><LINKER_C4><LA1_pentachlorophenyl><LA2_bis_cf3_phenyl>,CC(C)(C)P(CCCCB(c1cc(C(F)(F)F)cc(C(F)(F)F)c1)c1c(Cl)c(Cl)c(Cl)c(Cl)c1Cl)C1CCCCC1
P,tert_butyl,cyclohexyl,C5,pentachlorophenyl,bis_cf3_phenyl,<LB_P><LB1_tert_butyl><LB2_cyclohexyl><LINKER_C5><LA1_pentachlorophenyl><LA2_bis_cf3_phenyl>,CC(C)(C)P(CCCCCB(c1cc(C(F)(F)F)cc(C(F)(F)F)c1)c1c(Cl)c(Cl)c(Cl)c(Cl)c1Cl)C1CCCCC1
P,tert_butyl,cyclohexyl,C6,pentachlorophenyl,bis_cf3_phenyl,<LB_P><LB1_tert_butyl><LB2_cyclohexyl><LINKER_C6><LA1_pentachlorophenyl><LA2_bis_cf3_phenyl>,CC(C)(C)P(CCCCCCB(c1cc(C(F)(F)F)cc(C(F)(F)F)c1)c1c(Cl)c(Cl)c(Cl)c(Cl)c1Cl)C1CCCCC1
P,tert_butyl,cyclohexyl,C1,bis_cf3_phenyl,bis_cf3_phenyl,<LB_P><LB1_tert_butyl><LB2_cyclohexyl><LINKER_C1><LA1_bis_cf3_phenyl><LA2_bis_cf3_phenyl>,CC(C)(C)P(CB(c1cc(C(F)(F)F)cc(C(F)(F)F)c1)c1cc(C(F)(F)F)cc(C(F)(F)F)c1)C1CCCCC1
P,tert_butyl,cyclohexyl,C2,bis_cf3_phenyl,bis_cf3_phenyl,<LB_P><LB1_tert_butyl><LB2_cyclohexyl><LINKER_C2><LA1_bis_cf3_phenyl><LA2_bis_cf3_phenyl>,CC(C)(C)P(CCB(c1cc(C(F)(F)F)cc(C(F)(F)F)c1)c1cc(C(F)(F)F)cc(C(F)(F)F)c1)C1CCCCC1
P,tert_butyl,cyclohexyl,C3,bis_cf3_phenyl,bis_cf3_phenyl,<LB_P><LB1_tert_butyl><LB2_cyclohexyl><LINKER_C3><LA1_bis_cf3_phenyl><LA2_bis_cf3_phenyl>,CC(C)(C)P(CCCB(c1cc(C(F)(F)F)cc(C(F)(F)F)c1)c1cc(C(F)(F)F)cc(C(F)(F)F)c1)C1CCCCC1
P,tert_butyl,cyclohexyl,C4,bis_cf3_phenyl,bis_cf3_phenyl,<LB_P><LB1_tert_butyl><LB2_cyclohexyl><LINKER_C4><LA1_bis_cf3_phenyl><LA2_bis_cf3_phenyl>,CC(C)(C)P(CCCCB(c1cc(C(F)(F)F)cc(C(F)(F)F)c1)c1cc(C(F)(F)F)cc(C(F)(F)F)c1)C1CCCCC1
P,tert_butyl,cyclohexyl,C5,bis_cf3_phenyl,bis_cf3_phenyl,<LB_P><LB1_tert_butyl><LB2_cyclohexyl><LINKER_C5><LA1_bis_cf3_phenyl><LA2_bis_cf3_phenyl>,CC(C)(C)P(CCCCCB(c1cc(C(F)(F)F)cc(C(F)(F)F)c1)c1cc(C(F)(F)F)cc(C(F)(F)F)c1)C1CCCCC1
P,tert_butyl,cyclohexyl,C6,bis_cf3_phenyl,bis_cf3_phenyl,<LB_P><LB1_tert_butyl><LB2_cyclohexyl><LINKER_C6><LA1_bis_cf3_phenyl><LA2_bis_cf3_phenyl>,CC(C)(C)P(CCCCCCB(c1cc(C(F)(F)F)cc(C(F)(F)F)c1)c1cc(C(F)(F)F)cc(C(F)(F)F)c1)C1CCCCC1
P,tert_butyl,isopropyl,C1,phenyl,phenyl,<LB_P><LB1_tert_butyl><LB2_isopropyl><LINKER_C1><LA1_phenyl><LA2_phenyl>,CC(C)P(CB(c1ccccc1)c1ccccc1)C(C)(C)C
P,tert_butyl,isopropyl,C2,phenyl,phenyl,<LB_P><LB1_tert_butyl><LB2_isopropyl><LINKER_C2><LA1_phenyl><LA2_phenyl>,CC(C)P(CCB(c1ccccc1)c1ccccc1)C(C)(C)C
P,tert_butyl,isopropyl,C3,phenyl,phenyl,<LB_P><LB1_tert_butyl><LB2_isopropyl><LINKER_C3><LA1_phenyl><LA2_phenyl>,CC(C)P(CCCB(c1ccccc1)c1ccccc1)C(C)(C)C
P,tert_butyl,isopropyl,C4,phenyl,phenyl,<LB_P><LB1_tert_butyl><LB2_isopropyl><LINKER_C4><LA1_phenyl><LA2_phenyl>,CC(C)P(CCCCB(c1ccccc1)c1ccccc1)C(C)(C)C
P,tert_butyl,isopropyl,C5,phenyl,phenyl,<LB_P><LB1_tert_butyl><LB2_isopropyl><LINKER_C5><LA1_phenyl><LA2_phenyl>,CC(C)P(CCCCCB(c1ccccc1)c1ccccc1)C(C)(C)C
P,tert_butyl,isopropyl,C6,phenyl,phenyl,<LB_P><LB1_tert_butyl><LB2_isopropyl><LINKER_C6><LA1_phenyl><LA2_phenyl>,CC(C)P(CCCCCCB(c1ccccc1)c1ccccc1)C(C)(C)C
P,tert_butyl,isopropyl,C1,phenyl,p_tolyl,<LB_P><LB1_tert_butyl><LB2_isopropyl><LINKER_C1><LA1_phenyl><LA2_p_tolyl>,Cc1ccc(B(CP(C(C)C)C(C)(C)C)c2ccccc2)cc1
P,tert_butyl,isopropyl,C2,phenyl,p_tolyl,<LB_P><LB1_tert_butyl><LB2_isopropyl><LINKER_C2><LA1_phenyl><LA2_p_tolyl>,Cc1ccc(B(CCP(C(C)C)C(C)(C)C)c2ccccc2)cc1
P,tert_butyl,isopropyl,C3,phenyl,p_tolyl,<LB_P><LB1_tert_butyl><LB2_isopropyl><LINKER_C3><LA1_phenyl><LA2_p_tolyl>,Cc1ccc(B(CCCP(C(C)C)C(C)(C)C)c2ccccc2)cc1
P,tert_butyl,isopropyl,C4,phenyl,p_tolyl,<LB_P><LB1_tert_butyl><LB2_isopropyl><LINKER_C4><LA1_phenyl><LA2_p_tolyl>,Cc1ccc(B(CCCCP(C(C)C)C(C)(C)C)c2ccccc2)cc1
P,tert_butyl,isopropyl,C5,phenyl,p_tolyl,<LB_P><LB1_tert_butyl><LB2_isopropyl><LINKER_C5><LA1_phenyl><LA2_p_tolyl>,Cc1ccc(B(CCCCCP(C(C)C)C(C)(C)C)c2ccccc2)cc1
P,tert_butyl,isopropyl,C6,phenyl,p_tolyl,<LB_P><LB1_tert_butyl><LB2_isopropyl><LINKER_C6><LA1_phenyl><LA2_p_tolyl>,Cc1ccc(B(CCCCCCP(C(C)C)C(C)(C)C)c2ccccc2)cc1
P,tert_butyl,isopropyl,C1,phenyl,mesityl,<LB_P><LB1_tert_butyl><LB2_isopropyl><LINKER_C1><LA1_phenyl><LA2_mesityl>,Cc1cc(C)c(B(CP(C(C)C)C(C)(C)C)c2ccccc2)c(C)c1
P,tert_butyl,isopropyl,C2,phenyl,mesityl,<LB_P><LB1_tert_butyl><LB2_isopropyl><LINKER_C2><LA1_phenyl><LA2_mesityl>,Cc1cc(C)c(B(CCP(C(C)C)C(C)(C)C)c2ccccc2)c(C)c1
P,tert_butyl,isopropyl,C3,phenyl,mesityl,<LB_P><LB1_tert_butyl><LB2_isopropyl><LINKER_C3><LA1_phenyl><LA2_mesityl>,Cc1cc(C)c(B(CCCP(C(C)C)C(C)(C)C)c2ccccc2)c(C)c1
P,tert_butyl,isopropyl,C4,phenyl,mesityl,<LB_P><LB1_tert_butyl><LB2_isopropyl><LINKER_C4><LA1_phenyl><LA2_mesityl>,Cc1cc(C)c(B(CCCCP(C(C)C)C(C)(C)C)c2ccccc2)c(C)c1
P,tert_butyl,isopropyl,C5,phenyl,mesityl,<LB_P><LB1_tert_butyl><LB2_isopropyl><LINKER_C5><LA1_phenyl><LA2_mesityl>,Cc1cc(C)c(B(CCCCCP(C(C)C)C(C)(C)C)c2ccccc2)c(C)c1
P,tert_butyl,isopropyl,C6,phenyl,mesityl,<LB_P><LB1_tert_butyl><LB2_isopropyl><LINKER_C6><LA1_phenyl><LA2_mesityl>,Cc1cc(C)c(B(CCCCCCP(C(C)C)C(C)(C)C)c2ccccc2)c(C)c1
P,tert_butyl,isopropyl,C1,phenyl,pentafluorophenyl,<LB_P><LB1_tert_butyl><LB2_isopropyl><LINKER_C1><LA1_phenyl><LA2_pentafluorophenyl>,CC(C)P(CB(c1ccccc1)c1c(F)c(F)c(F)c(F)c1F)C(C)(C)C
P,tert_butyl,isopropyl,C2,phenyl,pentafluorophenyl,<LB_P><LB1_tert_butyl><LB2_isopropyl><LINKER_C2><LA1_phenyl><LA2_pentafluorophenyl>,CC(C)P(CCB(c1ccccc1)c1c(F)c(F)c(F)c(F)c1F)C(C)(C)C
P,tert_butyl,isopropyl,C3,phenyl,pentafluorophenyl,<LB_P><LB1_tert_butyl><LB2_isopropyl><LINKER_C3><LA1_phenyl><LA2_pentafluorophenyl>,CC(C)P(CCCB(c1ccccc1)c1c(F)c(F)c(F)c(F)c1F)C(C)(C)C
P,tert_butyl,isopropyl,C4,phenyl,pentafluorophenyl,<LB_P><LB1_tert_butyl><LB2_isopropyl><LINKER_C4><LA1_phenyl><LA2_pentafluorophenyl>,CC(C)P(CCCCB(c1ccccc1)c1c(F)c(F)c(F)c(F)c1F)C(C)(C)C
P,tert_butyl,isopropyl,C5,phenyl,pentafluorophenyl,<LB_P><LB1_tert_butyl><LB2_isopropyl><LINKER_C5><LA1_phenyl><LA2_pentafluorophenyl>,CC(C)P(CCCCCB(c1ccccc1)c1c(F)c(F)c(F)c(F)c1F)C(C)(C)C
P,tert_butyl,isopropyl,C6,phenyl,pentafluorophenyl,<LB_P><LB1_tert_butyl><LB2_isopropyl><LINKER_C6><LA1_phenyl><LA2_pentafluorophenyl>,CC(C)P(CCCCCCB(c1ccccc1)c1c(F)c(F)c(F)c(F)c1F)C(C)(C)C
P,tert_butyl,isopropyl,C1,phenyl,pentachlorophenyl,<LB_P><LB1_tert_butyl><LB2_isopropyl><LINKER_C1><LA1_phenyl><LA2_pentachlorophenyl>,CC(C)P(CB(c1ccccc1)c1c(Cl)c(Cl)c(Cl)c(Cl)c1Cl)C(C)(C)C
P,tert_butyl,isopropyl,C2,phenyl,pentachlorophenyl,<LB_P><LB1_tert_butyl><LB2_isopropyl><LINKER_C2><LA1_phenyl><LA2_pentachlorophenyl>,CC(C)P(CCB(c1ccccc1)c1c(Cl)c(Cl)c(Cl)c(Cl)c1Cl)C(C)(C)C
P,tert_butyl,isopropyl,C3,phenyl,pentachlorophenyl,<LB_P><LB1_tert_butyl><LB2_isopropyl><LINKER_C3><LA1_phenyl><LA2_pentachlorophenyl>,CC(C)P(CCCB(c1ccccc1)c1c(Cl)c(Cl)c(Cl)c(Cl)c1Cl)C(C)(C)C
P,tert_butyl,isopropyl,C4,phenyl,pentachlorophenyl,<LB_P><LB1_tert_butyl><LB2_isopropyl><LINKER_C4><LA1_phenyl><LA2_pentachlorophenyl>,CC(C)P(CCCCB(c1ccccc1)c1c(Cl)c(Cl)c(Cl)c(Cl)c1Cl)C(C)(C)C
P,tert_butyl,isopropyl,C5,phenyl,pentachlorophenyl,<LB_P><LB1_tert_butyl><LB2_isopropyl><LINKER_C5><LA1_phenyl><LA2_pentachlorophenyl>,CC(C)P(CCCCCB(c1ccccc1)c1c(Cl)c(Cl)c(Cl)c(Cl)c1Cl)C(C)(C)C
P,tert_butyl,isopropyl,C6,phenyl,pentachlorophenyl,<LB_P><LB1_tert_butyl><LB2_isopropyl><LINKER_C6><LA1_phenyl><LA2_pentachlorophenyl>,CC(C)P(CCCCCCB(c1ccccc1)c1c(Cl)c(Cl)c(Cl)c(Cl)c1Cl)C(C)(C)C
P,tert_butyl,isopropyl,C1,phenyl,bis_cf3_phenyl,<LB_P><LB1_tert_butyl><LB2_isopropyl><LINKER_C1><LA1_phenyl><LA2_bis_cf3_phenyl>,CC(C)P(CB(c1ccccc1)c1cc(C(F)(F)F)cc(C(F)(F)F)c1)C(C)(C)C
P,tert_butyl,isopropyl,C2,phenyl,bis_cf3_phenyl,<LB_P><LB1_tert_butyl><LB2_isopropyl><LINKER_C2><LA1_phenyl><LA2_bis_cf3_phenyl>,CC(C)P(CCB(c1ccccc1)c1cc(C(F)(F)F)cc(C(F)(F)F)c1)C(C)(C)C
P,tert_butyl,isopropyl,C3,phenyl,bis_cf3_phenyl,<LB_P><LB1_tert_butyl><LB2_isopropyl><LINKER_C3><LA1_phenyl><LA2_bis_cf3_phenyl>,CC(C)P(CCCB(c1ccccc1)c1cc(C(F)(F)F)cc(C(F)(F)F)c1)C(C)(C)C
P,tert_butyl,isopropyl,C4,phenyl,bis_cf3_phenyl,<LB_P><LB1_tert_butyl><LB2_isopropyl><LINKER_C4><LA1_phenyl><LA2_bis_cf3_phenyl>,CC(C)P(CCCCB(c1ccccc1)c1cc(C(F)(F)F)cc(C(F)(F)F)c1)C(C)(C)C
P,tert_butyl,isopropyl,C5,phenyl,bis_cf3_phenyl,<LB_P><LB1_tert_butyl><LB2_isopropyl><LINKER_C5><LA1_phenyl><LA2_bis_cf3_phenyl>,CC(C)P(CCCCCB(c1ccccc1)c1cc(C(F)(F)F)cc(C(F)(F)F)c1)C(C)(C)C
P,tert_butyl,isopropyl,C6,phenyl,bis_cf3_phenyl,<LB_P><LB1_tert_butyl><LB2_isopropyl><LINKER_C6><LA1_phenyl><LA2_bis_cf3_phenyl>,CC(C)P(CCCCCCB(c1ccccc1)c1cc(C(F)(F)F)cc(C(F)(F)F)c1)C(C)(C)C
P,tert_butyl,isopropyl,C1,p_tolyl,p_tolyl,<LB_P><LB1_tert_butyl><LB2_isopropyl><LINKER_C1><LA1_p_tolyl><LA2_p_tolyl>,Cc1ccc(B(CP(C(C)C)C(C)(C)C)c2ccc(C)cc2)cc1
P,tert_butyl,isopropyl,C2,p_tolyl,p_tolyl,<LB_P><LB1_tert_butyl><LB2_isopropyl><LINKER_C2><LA1_p_tolyl><LA2_p_tolyl>,Cc1ccc(B(CCP(C(C)C)C(C)(C)C)c2ccc(C)cc2)cc1
P,tert_butyl,isopropyl,C3,p_tolyl,p_tolyl,<LB_P><LB1_tert_butyl><LB2_isopropyl><LINKER_C3><LA1_p_tolyl><LA2_p_tolyl>,Cc1ccc(B(CCCP(C(C)C)C(C)(C)C)c2ccc(C)cc2)cc1
P,tert_butyl,isopropyl,C4,p_tolyl,p_tolyl,<LB_P><LB1_tert_butyl><LB2_isopropyl><LINKER_C4><LA1_p_tolyl><LA2_p_tolyl>,Cc1ccc(B(CCCCP(C(C)C)C(C)(C)C)c2ccc(C)cc2)cc1
P,tert_butyl,isopropyl,C5,p_tolyl,p_tolyl,<LB_P><LB1_tert_butyl><LB2_isopropyl><LINKER_C5><LA1_p_tolyl><LA2_p_tolyl>,Cc1ccc(B(CCCCCP(C(C)C)C(C)(C)C)c2ccc(C)cc2)cc1
P,tert_butyl,isopropyl,C6,p_tolyl,p_tolyl,<LB_P><LB1_tert_butyl><LB2_isopropyl><LINKER_C6><LA1_p_tolyl><LA2_p_tolyl>,Cc1ccc(B(CCCCCCP(C(C)C)C(C)(C)C)c2ccc(C)cc2)cc1
P,tert_butyl,isopropyl,C1,p_tolyl,mesityl,<LB_P><LB1_tert_butyl><LB2_isopropyl><LINKER_C1><LA1_p_tolyl><LA2_mesityl>,Cc1ccc(B(CP(C(C)C)C(C)(C)C)c2c(C)cc(C)cc2C)cc1
P,tert_butyl,isopropyl,C2,p_tolyl,mesityl,<LB_P><LB1_tert_butyl><LB2_isopropyl><LINKER_C2><LA1_p_tolyl><LA2_mesityl>,Cc1ccc(B(CCP(C(C)C)C(C)(C)C)c2c(C)cc(C)cc2C)cc1
P,tert_butyl,isopropyl,C3,p_tolyl,mesityl,<LB_P><LB1_tert_butyl><LB2_isopropyl><LINKER_C3><LA1_p_tolyl><LA2_mesityl>,Cc1ccc(B(CCCP(C(C)C)C(C)(C)C)c2c(C)cc(C)cc2C)cc1
P,tert_butyl,isopropyl,C4,p_tolyl,mesityl,<LB_P><LB1_tert_butyl><LB2_isopropyl><LINKER_C4><LA1_p_tolyl><LA2_mesityl>,Cc1ccc(B(CCCCP(C(C)C)C(C)(C)C)c2c(C)cc(C)cc2C)cc1
P,tert_butyl,isopropyl,C5,p_tolyl,mesityl,<LB_P><LB1_tert_butyl><LB2_isopropyl><LINKER_C5><LA1_p_tolyl><LA2_mesityl>,Cc1ccc(B(CCCCCP(C(C)C)C(C)(C)C)c2c(C)cc(C)cc2C)cc1
P,tert_butyl,isopropyl,C6,p_tolyl,mesityl,<LB_P><LB1_tert_butyl><LB2_isopropyl><LINKER_C6><LA1_p_tolyl><LA2_mesityl>,Cc1ccc(B(CCCCCCP(C(C)C)C(C)(C)C)c2c(C)cc(C)cc2C)cc1
P,tert_butyl,isopropyl,C1,p_tolyl,pentafluorophenyl,<LB_P><LB1_tert_butyl><LB2_isopropyl><LINKER_C1><LA1_p_tolyl><LA2_pentafluorophenyl>,Cc1ccc(B(CP(C(C)C)C(C)(C)C)c2c(F)c(F)c(F)c(F)c2F)cc1
P,tert_butyl,isopropyl,C2,p_tolyl,pentafluorophenyl,<LB_P><LB1_tert_butyl><LB2_isopropyl><LINKER_C2><LA1_p_tolyl><LA2_pentafluorophenyl>,Cc1ccc(B(CCP(C(C)C)C(C)(C)C)c2c(F)c(F)c(F)c(F)c2F)cc1
P,tert_butyl,isopropyl,C3,p_tolyl,pentafluorophenyl,<LB_P><LB1_tert_butyl><LB2_isopropyl><LINKER_C3><LA1_p_tolyl><LA2_pentafluorophenyl>,Cc1ccc(B(CCCP(C(C)C)C(C)(C)C)c2c(F)c(F)c(F)c(F)c2F)cc1
P,tert_butyl,isopropyl,C4,p_tolyl,pentafluorophenyl,<LB_P><LB1_tert_butyl><LB2_isopropyl><LINKER_C4><LA1_p_tolyl><LA2_pentafluorophenyl>,Cc1ccc(B(CCCCP(C(C)C)C(C)(C)C)c2c(F)c(F)c(F)c(F)c2F)cc1
P,tert_butyl,isopropyl,C5,p_tolyl,pentafluorophenyl,<LB_P><LB1_tert_butyl><LB2_isopropyl><LINKER_C5><LA1_p_tolyl><LA2_pentafluorophenyl>,Cc1ccc(B(CCCCCP(C(C)C)C(C)(C)C)c2c(F)c(F)c(F)c(F)c2F)cc1
P,tert_butyl,isopropyl,C6,p_tolyl,pentafluorophenyl,<LB_P><LB1_tert_butyl><LB2_isopropyl><LINKER_C6><LA1_p_tolyl><LA2_pentafluorophenyl>,Cc1ccc(B(CCCCCCP(C(C)C)C(C)(C)C)c2c(F)c(F)c(F)c(F)c2F)cc1
P,tert_butyl,isopropyl,C1,p_tolyl,pentachlorophenyl,<LB_P><LB1_tert_butyl><LB2_isopropyl><LINKER_C1><LA1_p_tolyl><LA2_pentachlorophenyl>,Cc1ccc(B(CP(C(C)C)C(C)(C)C)c2c(Cl)c(Cl)c(Cl)c(Cl)c2Cl)cc1
P,tert_butyl,isopropyl,C2,p_tolyl,pentachlorophenyl,<LB_P><LB1_tert_butyl><LB2_isopropyl><LINKER_C2><LA1_p_tolyl><LA2_pentachlorophenyl>,Cc1ccc(B(CCP(C(C)C)C(C)(C)C)c2c(Cl)c(Cl)c(Cl)c(Cl)c2Cl)cc1
P,tert_butyl,isopropyl,C3,p_tolyl,pentachlorophenyl,<LB_P><LB1_tert_butyl><LB2_isopropyl><LINKER_C3><LA1_p_tolyl><LA2_pentachlorophenyl>,Cc1ccc(B(CCCP(C(C)C)C(C)(C)C)c2c(Cl)c(Cl)c(Cl)c(Cl)c2Cl)cc1
P,tert_butyl,isopropyl,C4,p_tolyl,pentachlorophenyl,<LB_P><LB1_tert_butyl><LB2_isopropyl><LINKER_C4><LA1_p_tolyl><LA2_pentachlorophenyl>,Cc1ccc(B(CCCCP(C(C)C)C(C)(C)C)c2c(Cl)c(Cl)c(Cl)c(Cl)c2Cl)cc1
P,tert_butyl,isopropyl,C5,p_tolyl,pentachlorophenyl,<LB_P><LB1_tert_butyl><LB2_isopropyl><LINKER_C5><LA1_p_tolyl><LA2_pentachlorophenyl>,Cc1ccc(B(CCCCCP(C(C)C)C(C)(C)C)c2c(Cl)c(Cl)c(Cl)c(Cl)c2Cl)cc1
P,tert_butyl,isopropyl,C6,p_tolyl,pentachlorophenyl,<LB_P><LB1_tert_butyl><LB2_isopropyl><LINKER_C6><LA1_p_tolyl><LA2_pentachlorophenyl>,Cc1ccc(B(CCCCCCP(C(C)C)C(C)(C)C)c2c(Cl)c(Cl)c(Cl)c(Cl)c2Cl)cc1
P,tert_butyl,isopropyl,C1,p_tolyl,bis_cf3_phenyl,<LB_P><LB1_tert_butyl><LB2_isopropyl><LINKER_C1><LA1_p_tolyl><LA2_bis_cf3_phenyl>,Cc1ccc(B(CP(C(C)C)C(C)(C)C)c2cc(C(F)(F)F)cc(C(F)(F)F)c2)cc1
P,tert_butyl,isopropyl,C2,p_tolyl,bis_cf3_phenyl,<LB_P><LB1_tert_butyl><LB2_isopropyl><LINKER_C2><LA1_p_tolyl><LA2_bis_cf3_phenyl>,Cc1ccc(B(CCP(C(C)C)C(C)(C)C)c2cc(C(F)(F)F)cc(C(F)(F)F)c2)cc1
P,tert_butyl,isopropyl,C3,p_tolyl,bis_cf3_phenyl,<LB_P><LB1_tert_butyl><LB2_isopropyl><LINKER_C3><LA1_p_tolyl><LA2_bis_cf3_phenyl>,Cc1ccc(B(CCCP(C(C)C)C(C)(C)C)c2cc(C(F)(F)F)cc(C(F)(F)F)c2)cc1
P,tert_butyl,isopropyl,C4,p_tolyl,bis_cf3_phenyl,<LB_P><LB1_tert_butyl><LB2_isopropyl><LINKER_C4><LA1_p_tolyl><LA2_bis_cf3_phenyl>,Cc1ccc(B(CCCCP(C(C)C)C(C)(C)C)c2cc(C(F)(F)F)cc(C(F)(F)F)c2)cc1
P,tert_butyl,isopropyl,C5,p_tolyl,bis_cf3_phenyl,<LB_P><LB1_tert_butyl><LB2_isopropyl><LINKER_C5><LA1_p_tolyl><LA2_bis_cf3_phenyl>,Cc1ccc(B(CCCCCP(C(C)C)C(C)(C)C)c2cc(C(F)(F)F)cc(C(F)(F)F)c2)cc1
P,tert_butyl,isopropyl,C6,p_tolyl,bis_cf3_phenyl,<LB_P><LB1_tert_butyl><LB2_isopropyl><LINKER_C6><LA1_p_tolyl><LA2_bis_cf3_phenyl>,Cc1ccc(B(CCCCCCP(C(C)C)C(C)(C)C)c2cc(C(F)(F)F)cc(C(F)(F)F)c2)cc1
P,tert_butyl,isopropyl,C1,mesityl,mesityl,<LB_P><LB1_tert_butyl><LB2_isopropyl><LINKER_C1><LA1_mesityl><LA2_mesityl>,Cc1cc(C)c(B(CP(C(C)C)C(C)(C)C)c2c(C)cc(C)cc2C)c(C)c1
P,tert_butyl,isopropyl,C2,mesityl,mesityl,<LB_P><LB1_tert_butyl><LB2_isopropyl><LINKER_C2><LA1_mesityl><LA2_mesityl>,Cc1cc(C)c(B(CCP(C(C)C)C(C)(C)C)c2c(C)cc(C)cc2C)c(C)c1
P,tert_butyl,isopropyl,C3,mesityl,mesityl,<LB_P><LB1_tert_butyl><LB2_isopropyl><LINKER_C3><LA1_mesityl><LA2_mesityl>,Cc1cc(C)c(B(CCCP(C(C)C)C(C)(C)C)c2c(C)cc(C)cc2C)c(C)c1
P,tert_butyl,isopropyl,C4,mesityl,mesityl,<LB_P><LB1_tert_butyl><LB2_isopropyl><LINKER_C4><LA1_mesityl><LA2_mesityl>,Cc1cc(C)c(B(CCCCP(C(C)C)C(C)(C)C)c2c(C)cc(C)cc2C)c(C)c1
P,tert_butyl,isopropyl,C5,mesityl,mesityl,<LB_P><LB1_tert_butyl><LB2_isopropyl><LINKER_C5><LA1_mesityl><LA2_mesityl>,Cc1cc(C)c(B(CCCCCP(C(C)C)C(C)(C)C)c2c(C)cc(C)cc2C)c(C)c1
P,tert_butyl,isopropyl,C6,mesityl,mesityl,<LB_P><LB1_tert_butyl><LB2_isopropyl><LINKER_C6><LA1_mesityl><LA2_mesityl>,Cc1cc(C)c(B(CCCCCCP(C(C)C)C(C)(C)C)c2c(C)cc(C)cc2C)c(C)c1
P,tert_butyl,isopropyl,C1,mesityl,pentafluorophenyl,<LB_P><LB1_tert_butyl><LB2_isopropyl><LINKER_C1><LA1_mesityl><LA2_pentafluorophenyl>,Cc1cc(C)c(B(CP(C(C)C)C(C)(C)C)c2c(F)c(F)c(F)c(F)c2F)c(C)c1
P,tert_butyl,isopropyl,C2,mesityl,pentafluorophenyl,<LB_P><LB1_tert_butyl><LB2_isopropyl><LINKER_C2><LA1_mesityl><LA2_pentafluorophenyl>,Cc1cc(C)c(B(CCP(C(C)C)C(C)(C)C)c2c(F)c(F)c(F)c(F)c2F)c(C)c1
P,tert_butyl,isopropyl,C3,mesityl,pentafluorophenyl,<LB_P><LB1_tert_butyl><LB2_isopropyl><LINKER_C3><LA1_mesityl><LA2_pentafluorophenyl>,Cc1cc(C)c(B(CCCP(C(C)C)C(C)(C)C)c2c(F)c(F)c(F)c(F)c2F)c(C)c1
P,tert_butyl,isopropyl,C4,mesityl,pentafluorophenyl,<LB_P><LB1_tert_butyl><LB2_isopropyl><LINKER_C4><LA1_mesityl><LA2_pentafluorophenyl>,Cc1cc(C)c(B(CCCCP(C(C)C)C(C)(C)C)c2c(F)c(F)c(F)c(F)c2F)c(C)c1
P,tert_butyl,isopropyl,C5,mesityl,pentafluorophenyl,<LB_P><LB1_tert_butyl><LB2_isopropyl><LINKER_C5><LA1_mesityl><LA2_pentafluorophenyl>,Cc1cc(C)c(B(CCCCCP(C(C)C)C(C)(C)C)c2c(F)c(F)c(F)c(F)c2F)c(C)c1
P,tert_butyl,isopropyl,C6,mesityl,pentafluorophenyl,<LB_P><LB1_tert_butyl><LB2_isopropyl><LINKER_C6><LA1_mesityl><LA2_pentafluorophenyl>,Cc1cc(C)c(B(CCCCCCP(C(C)C)C(C)(C)C)c2c(F)c(F)c(F)c(F)c2F)c(C)c1
P,tert_butyl,isopropyl,C1,mesityl,pentachlorophenyl,<LB_P><LB1_tert_butyl><LB2_isopropyl><LINKER_C1><LA1_mesityl><LA2_pentachlorophenyl>,Cc1cc(C)c(B(CP(C(C)C)C(C)(C)C)c2c(Cl)c(Cl)c(Cl)c(Cl)c2Cl)c(C)c1
P,tert_butyl,isopropyl,C2,mesityl,pentachlorophenyl,<LB_P><LB1_tert_butyl><LB2_isopropyl><LINKER_C2><LA1_mesityl><LA2_pentachlorophenyl>,Cc1cc(C)c(B(CCP(C(C)C)C(C)(C)C)c2c(Cl)c(Cl)c(Cl)c(Cl)c2Cl)c(C)c1
P,tert_butyl,isopropyl,C3,mesityl,pentachlorophenyl,<LB_P><LB1_tert_butyl><LB2_isopropyl><LINKER_C3><LA1_mesityl><LA2_pentachlorophenyl>,Cc1cc(C)c(B(CCCP(C(C)C)C(C)(C)C)c2c(Cl)c(Cl)c(Cl)c(Cl)c2Cl)c(C)c1
P,tert_butyl,isopropyl,C4,mesityl,pentachlorophenyl,<LB_P><LB1_tert_butyl><LB2_isopropyl><LINKER_C4><LA1_mesityl><LA2_pentachlorophenyl>,Cc1cc(C)c(B(CCCCP(C(C)C)C(C)(C)C)c2c(Cl)c(Cl)c(Cl)c(Cl)c2Cl)c(C)c1
P,tert_butyl,isopropyl,C5,mesityl,pentachlorophenyl,<LB_P><LB1_tert_butyl><LB2_isopropyl><LINKER_C5><LA1_mesityl><LA2_pentachlorophenyl>,Cc1cc(C)c(B(CCCCCP(C(C)C)C(C)(C)C)c2c(Cl)c(Cl)c(Cl)c(Cl)c2Cl)c(C)c1
P,tert_butyl,isopropyl,C6,mesityl,pentachlorophenyl,<LB_P><LB1_tert_butyl><LB2_isopropyl><LINKER_C6><LA1_mesityl><LA2_pentachlorophenyl>,Cc1cc(C)c(B(CCCCCCP(C(C)C)C(C)(C)C)c2c(Cl)c(Cl)c(Cl)c(Cl)c2Cl)c(C)c1
P,tert_butyl,isopropyl,C1,mesityl,bis_cf3_phenyl,<LB_P><LB1_tert_butyl><LB2_isopropyl><LINKER_C1><LA1_mesityl><LA2_bis_cf3_phenyl>,Cc1cc(C)c(B(CP(C(C)C)C(C)(C)C)c2cc(C(F)(F)F)cc(C(F)(F)F)c2)c(C)c1
P,tert_butyl,isopropyl,C2,mesityl,bis_cf3_phenyl,<LB_P><LB1_tert_butyl><LB2_isopropyl><LINKER_C2><LA1_mesityl><LA2_bis_cf3_phenyl>,Cc1cc(C)c(B(CCP(C(C)C)C(C)(C)C)c2cc(C(F)(F)F)cc(C(F)(F)F)c2)c(C)c1
P,tert_butyl,isopropyl,C3,mesityl,bis_cf3_phenyl,<LB_P><LB1_tert_butyl><LB2_isopropyl><LINKER_C3><LA1_mesityl><LA2_bis_cf3_phenyl>,Cc1cc(C)c(B(CCCP(C(C)C)C(C)(C)C)c2cc(C(F)(F)F)cc(C(F)(F)F)c2)c(C)c1
P,tert_butyl,isopropyl,C4,mesityl,bis_cf3_phenyl,<LB_P><LB1_tert_butyl><LB2_isopropyl><LINKER_C4><LA1_mesityl><LA2_bis_cf3_phenyl>,Cc1cc(C)c(B(CCCCP(C(C)C)C(C)(C)C)c2cc(C(F)(F)F)cc(C(F)(F)F)c2)c(C)c1
P,tert_butyl,isopropyl,C5,mesityl,bis_cf3_phenyl,<LB_P><LB1_tert_butyl><LB2_isopropyl><LINKER_C5><LA1_mesityl><LA2_bis_cf3_phenyl>,Cc1cc(C)c(B(CCCCCP(C(C)C)C(C)(C)C)c2cc(C(F)(F)F)cc(C(F)(F)F)c2)c(C)c1
P,tert_butyl,isopropyl,C6,mesityl,bis_cf3_phenyl,<LB_P><LB1_tert_butyl><LB2_isopropyl><LINKER_C6><LA1_mesityl><LA2_bis_cf3_phenyl>,Cc1cc(C)c(B(CCCCCCP(C(C)C)C(C)(C)C)c2cc(C(F)(F)F)cc(C(F)(F)F)c2)c(C)c1
P,tert_butyl,isopropyl,C1,pentafluorophenyl,pentafluorophenyl,<LB_P><LB1_tert_butyl><LB2_isopropyl><LINKER_C1><LA1_pentafluorophenyl><LA2_pentafluorophenyl>,CC(C)P(CB(c1c(F)c(F)c(F)c(F)c1F)c1c(F)c(F)c(F)c(F)c1F)C(C)(C)C
P,tert_butyl,isopropyl,C2,pentafluorophenyl,pentafluorophenyl,<LB_P><LB1_tert_butyl><LB2_isopropyl><LINKER_C2><LA1_pentafluorophenyl><LA2_pentafluorophenyl>,CC(C)P(CCB(c1c(F)c(F)c(F)c(F)c1F)c1c(F)c(F)c(F)c(F)c1F)C(C)(C)C
P,tert_butyl,isopropyl,C3,pentafluorophenyl,pentafluorophenyl,<LB_P><LB1_tert_butyl><LB2_isopropyl><LINKER_C3><LA1_pentafluorophenyl><LA2_pentafluorophenyl>,CC(C)P(CCCB(c1c(F)c(F)c(F)c(F)c1F)c1c(F)c(F)c(F)c(F)c1F)C(C)(C)C
P,tert_butyl,isopropyl,C4,pentafluorophenyl,pentafluorophenyl,<LB_P><LB1_tert_butyl><LB2_isopropyl><LINKER_C4><LA1_pentafluorophenyl><LA2_pentafluorophenyl>,CC(C)P(CCCCB(c1c(F)c(F)c(F)c(F)c1F)c1c(F)c(F)c(F)c(F)c1F)C(C)(C)C
P,tert_butyl,isopropyl,C5,pentafluorophenyl,pentafluorophenyl,<LB_P><LB1_tert_butyl><LB2_isopropyl><LINKER_C5><LA1_pentafluorophenyl><LA2_pentafluorophenyl>,CC(C)P(CCCCCB(c1c(F)c(F)c(F)c(F)c1F)c1c(F)c(F)c(F)c(F)c1F)C(C)(C)C
P,tert_butyl,isopropyl,C6,pentafluorophenyl,pentafluorophenyl,<LB_P><LB1_tert_butyl><LB2_isopropyl><LINKER_C6><LA1_pentafluorophenyl><LA2_pentafluorophenyl>,CC(C)P(CCCCCCB(c1c(F)c(F)c(F)c(F)c1F)c1c(F)c(F)c(F)c(F)c1F)C(C)(C)C
P,tert_butyl,isopropyl,C1,pentafluorophenyl,pentachlorophenyl,<LB_P><LB1_tert_butyl><LB2_isopropyl><LINKER_C1><LA1_pentafluorophenyl><LA2_pentachlorophenyl>,CC(C)P(CB(c1c(F)c(F)c(F)c(F)c1F)c1c(Cl)c(Cl)c(Cl)c(Cl)c1Cl)C(C)(C)C
P,tert_butyl,isopropyl,C2,pentafluorophenyl,pentachlorophenyl,<LB_P><LB1_tert_butyl><LB2_isopropyl><LINKER_C2><LA1_pentafluorophenyl><LA2_pentachlorophenyl>,CC(C)P(CCB(c1c(F)c(F)c(F)c(F)c1F)c1c(Cl)c(Cl)c(Cl)c(Cl)c1Cl)C(C)(C)C
P,tert_butyl,isopropyl,C3,pentafluorophenyl,pentachlorophenyl,<LB_P><LB1_tert_butyl><LB2_isopropyl><LINKER_C3><LA1_pentafluorophenyl><LA2_pentachlorophenyl>,CC(C)P(CCCB(c1c(F)c(F)c(F)c(F)c1F)c1c(Cl)c(Cl)c(Cl)c(Cl)c1Cl)C(C)(C)C
P,tert_butyl,isopropyl,C4,pentafluorophenyl,pentachlorophenyl,<LB_P><LB1_tert_butyl><LB2_isopropyl><LINKER_C4><LA1_pentafluorophenyl><LA2_pentachlorophenyl>,CC(C)P(CCCCB(c1c(F)c(F)c(F)c(F)c1F)c1c(Cl)c(Cl)c(Cl)c(Cl)c1Cl)C(C)(C)C
P,tert_butyl,isopropyl,C5,pentafluorophenyl,pentachlorophenyl,<LB_P><LB1_tert_butyl><LB2_isopropyl><LINKER_C5><LA1_pentafluorophenyl><LA2_pentachlorophenyl>,CC(C)P(CCCCCB(c1c(F)c(F)c(F)c(F)c1F)c1c(Cl)c(Cl)c(Cl)c(Cl)c1Cl)C(C)(C)C
P,tert_butyl,isopropyl,C6,pentafluorophenyl,pentachlorophenyl,<LB_P><LB1_tert_butyl><LB2_isopropyl><LINKER_C6><LA1_pentafluorophenyl><LA2_pentachlorophenyl>,CC(C)P(CCCCCCB(c1c(F)c(F)c(F)c(F)c1F)c1c(Cl)c(Cl)c(Cl)c(Cl)c1Cl)C(C)(C)C
P,tert_butyl,isopropyl,C1,pentafluorophenyl,bis_cf3_phenyl,<LB_P><LB1_tert_butyl><LB2_isopropyl><LINKER_C1><LA1_pentafluorophenyl><LA2_bis_cf3_phenyl>,CC(C)P(CB(c1cc(C(F)(F)F)cc(C(F)(F)F)c1)c1c(F)c(F)c(F)c(F)c1F)C(C)(C)C
P,tert_butyl,isopropyl,C2,pentafluorophenyl,bis_cf3_phenyl,<LB_P><LB1_tert_butyl><LB2_isopropyl><LINKER_C2><LA1_pentafluorophenyl><LA2_bis_cf3_phenyl>,CC(C)P(CCB(c1cc(C(F)(F)F)cc(C(F)(F)F)c1)c1c(F)c(F)c(F)c(F)c1F)C(C)(C)C
P,tert_butyl,isopropyl,C3,pentafluorophenyl,bis_cf3_phenyl,<LB_P><LB1_tert_butyl><LB2_isopropyl><LINKER_C3><LA1_pentafluorophenyl><LA2_bis_cf3_phenyl>,CC(C)P(CCCB(c1cc(C(F)(F)F)cc(C(F)(F)F)c1)c1c(F)c(F)c(F)c(F)c1F)C(C)(C)C
P,tert_butyl,isopropyl,C4,pentafluorophenyl,bis_cf3_phenyl,<LB_P><LB1_tert_butyl><LB2_isopropyl><LINKER_C4><LA1_pentafluorophenyl><LA2_bis_cf3_phenyl>,CC(C)P(CCCCB(c1cc(C(F)(F)F)cc(C(F)(F)F)c1)c1c(F)c(F)c(F)c(F)c1F)C(C)(C)C
P,tert_butyl,isopropyl,C5,pentafluorophenyl,bis_cf3_phenyl,<LB_P><LB1_tert_butyl><LB2_isopropyl><LINKER_C5><LA1_pentafluorophenyl><LA2_bis_cf3_phenyl>,CC(C)P(CCCCCB(c1cc(C(F)(F)F)cc(C(F)(F)F)c1)c1c(F)c(F)c(F)c(F)c1F)C(C)(C)C
P,tert_butyl,isopropyl,C6,pentafluorophenyl,bis_cf3_phenyl,<LB_P><LB1_tert_butyl><LB2_isopropyl><LINKER_C6><LA1_pentafluorophenyl><LA2_bis_cf3_phenyl>,CC(C)P(CCCCCCB(c1cc(C(F)(F)F)cc(C(F)(F)F)c1)c1c(F)c(F)c(F)c(F)c1F)C(C)(C)C
P,tert_butyl,isopropyl,C1,pentachlorophenyl,pentachlorophenyl,<LB_P><LB1_tert_butyl><LB2_isopropyl><LINKER_C1><LA1_pentachlorophenyl><LA2_pentachlorophenyl>,CC(C)P(CB(c1c(Cl)c(Cl)c(Cl)c(Cl)c1Cl)c1c(Cl)c(Cl)c(Cl)c(Cl)c1Cl)C(C)(C)C
P,tert_butyl,isopropyl,C2,pentachlorophenyl,pentachlorophenyl,<LB_P><LB1_tert_butyl><LB2_isopropyl><LINKER_C2><LA1_pentachlorophenyl><LA2_pentachlorophenyl>,CC(C)P(CCB(c1c(Cl)c(Cl)c(Cl)c(Cl)c1Cl)c1c(Cl)c(Cl)c(Cl)c(Cl)c1Cl)C(C)(C)C
P,tert_butyl,isopropyl,C3,pentachlorophenyl,pentachlorophenyl,<LB_P><LB1_tert_butyl><LB2_isopropyl><LINKER_C3><LA1_pentachlorophenyl><LA2_pentachlorophenyl>,CC(C)P(CCCB(c1c(Cl)c(Cl)c(Cl)c(Cl)c1Cl)c1c(Cl)c(Cl)c(Cl)c(Cl)c1Cl)C(C)(C)C
P,tert_butyl,isopropyl,C4,pentachlorophenyl,pentachlorophenyl,<LB_P><LB1_tert_butyl><LB2_isopropyl><LINKER_C4><LA1_pentachlorophenyl><LA2_pentachlorophenyl>,CC(C)P(CCCCB(c1c(Cl)c(Cl)c(Cl)c(Cl)c1Cl)c1c(Cl)c(Cl)c(Cl)c(Cl)c1Cl)C(C)(C)C
P,tert_butyl,isopropyl,C5,pentachlorophenyl,pentachlorophenyl,<LB_P><LB1_tert_butyl><LB2_isopropyl><LINKER_C5><LA1_pentachlorophenyl><LA2_pentachlorophenyl>,CC(C)P(CCCCCB(c1c(Cl)c(Cl)c(Cl)c(Cl)c1Cl)c1c(Cl)c(Cl)c(Cl)c(Cl)c1Cl)C(C)(C)C
P,tert_butyl,isopropyl,C6,pentachlorophenyl,pentachlorophenyl,<LB_P><LB1_tert_butyl><LB2_isopropyl><LINKER_C6><LA1_pentachlorophenyl><LA2_pentachlorophenyl>,CC(C)P(CCCCCCB(c1c(Cl)c(Cl)c(Cl)c(Cl)c1Cl)c1c(Cl)c(Cl)c(Cl)c(Cl)c1Cl)C(C)(C)C
P,tert_butyl,isopropyl,C1,pentachlorophenyl,bis_cf3_phenyl,<LB_P><LB1_tert_butyl><LB2_isopropyl><LINKER_C1><LA1_pentachlorophenyl><LA2_bis_cf3_phenyl>,CC(C)P(CB(c1cc(C(F)(F)F)cc(C(F)(F)F)c1)c1c(Cl)c(Cl)c(Cl)c(Cl)c1Cl)C(C)(C)C
P,tert_butyl,isopropyl,C2,pentachlorophenyl,bis_cf3_phenyl,<LB_P><LB1_tert_butyl><LB2_isopropyl><LINKER_C2><LA1_pentachlorophenyl><LA2_bis_cf3_phenyl>,CC(C)P(CCB(c1cc(C(F)(F)F)cc(C(F)(F)F)c1)c1c(Cl)c(Cl)c(Cl)c(Cl)c1Cl)C(C)(C)C
P,tert_butyl,isopropyl,C3,pentachlorophenyl,bis_cf3_phenyl,<LB_P><LB1_tert_butyl><LB2_isopropyl><LINKER_C3><LA1_pentachlorophenyl><LA2_bis_cf3_phenyl>,CC(C)P(CCCB(c1cc(C(F)(F)F)cc(C(F)(F)F)c1)c1c(Cl)c(Cl)c(Cl)c(Cl)c1Cl)C(C)(C)C
P,tert_butyl,isopropyl,C4,pentachlorophenyl,bis_cf3_phenyl,<LB_P><LB1_tert_butyl><LB2_isopropyl><LINKER_C4><LA1_pentachlorophenyl><LA2_bis_cf3_phenyl>,CC(C)P(CCCCB(c1cc(C(F)(F)F)cc(C(F)(F)F)c1)c1c(Cl)c(Cl)c(Cl)c(Cl)c1Cl)C(C)(C)C
P,tert_butyl,isopropyl,C5,pentachlorophenyl,bis_cf3_phenyl,<LB_P><LB1_tert_butyl><LB2_isopropyl><LINKER_C5><LA1_pentachlorophenyl><LA2_bis_cf3_phenyl>,CC(C)P(CCCCCB(c1cc(C(F)(F)F)cc(C(F)(F)F)c1)c1c(Cl)c(Cl)c(Cl)c(Cl)c1Cl)C(C)(C)C
P,tert_butyl,isopropyl,C6,pentachlorophenyl,bis_cf3_phenyl,<LB_P><LB1_tert_butyl><LB2_isopropyl><LINKER_C6><LA1_pentachlorophenyl><LA2_bis_cf3_phenyl>,CC(C)P(CCCCCCB(c1cc(C(F)(F)F)cc(C(F)(F)F)c1)c1c(Cl)c(Cl)c(Cl)c(Cl)c1Cl)C(C)(C)C
P,tert_butyl,isopropyl,C1,bis_cf3_phenyl,bis_cf3_phenyl,<LB_P><LB1_tert_butyl><LB2_isopropyl><LINKER_C1><LA1_bis_cf3_phenyl><LA2_bis_cf3_phenyl>,CC(C)P(CB(c1cc(C(F)(F)F)cc(C(F)(F)F)c1)c1cc(C(F)(F)F)cc(C(F)(F)F)c1)C(C)(C)C
P,tert_butyl,isopropyl,C2,bis_cf3_phenyl,bis_cf3_phenyl,<LB_P><LB1_tert_butyl><LB2_isopropyl><LINKER_C2><LA1_bis_cf3_phenyl><LA2_bis_cf3_phenyl>,CC(C)P(CCB(c1cc(C(F)(F)F)cc(C(F)(F)F)c1)c1cc(C(F)(F)F)cc(C(F)(F)F)c1)C(C)(C)C
P,tert_butyl,isopropyl,C3,bis_cf3_phenyl,bis_cf3_phenyl,<LB_P><LB1_tert_butyl><LB2_isopropyl><LINKER_C3><LA1_bis_cf3_phenyl><LA2_bis_cf3_phenyl>,CC(C)P(CCCB(c1cc(C(F)(F)F)cc(C(F)(F)F)c1)c1cc(C(F)(F)F)cc(C(F)(F)F)c1)C(C)(C)C
P,tert_butyl,isopropyl,C4,bis_cf3_phenyl,bis_cf3_phenyl,<LB_P><LB1_tert_butyl><LB2_isopropyl><LINKER_C4><LA1_bis_cf3_phenyl><LA2_bis_cf3_phenyl>,CC(C)P(CCCCB(c1cc(C(F)(F)F)cc(C(F)(F)F)c1)c1cc(C(F)(F)F)cc(C(F)(F)F)c1)C(C)(C)C
P,tert_butyl,isopropyl,C5,bis_cf3_phenyl,bis_cf3_phenyl,<LB_P><LB1_tert_butyl><LB2_isopropyl><LINKER_C5><LA1_bis_cf3_phenyl><LA2_bis_cf3_phenyl>,CC(C)P(CCCCCB(c1cc(C(F)(F)F)cc(C(F)(F)F)c1)c1cc(C(F)(F)F)cc(C(F)(F)F)c1)C(C)(C)C
P,tert_butyl,isopropyl,C6,bis_cf3_phenyl,bis_cf3_phenyl,<LB_P><LB1_tert_butyl><LB2_isopropyl><LINKER_C6><LA1_bis_cf3_phenyl><LA2_bis_cf3_phenyl>,CC(C)P(CCCCCCB(c1cc(C(F)(F)F)cc(C(F)(F)F)c1)c1cc(C(F)(F)F)cc(C(F)(F)F)c1)C(C)(C)C
P,cyclohexyl,cyclohexyl,C1,phenyl,phenyl,<LB_P><LB1_cyclohexyl><LB2_cyclohexyl><LINKER_C1><LA1_phenyl><LA2_phenyl>,c1ccc(B(CP(C2CCCCC2)C2CCCCC2)c2ccccc2)cc1
P,cyclohexyl,cyclohexyl,C2,phenyl,phenyl,<LB_P><LB1_cyclohexyl><LB2_cyclohexyl><LINKER_C2><LA1_phenyl><LA2_phenyl>,c1ccc(B(CCP(C2CCCCC2)C2CCCCC2)c2ccccc2)cc1
P,cyclohexyl,cyclohexyl,C3,phenyl,phenyl,<LB_P><LB1_cyclohexyl><LB2_cyclohexyl><LINKER_C3><LA1_phenyl><LA2_phenyl>,c1ccc(B(CCCP(C2CCCCC2)C2CCCCC2)c2ccccc2)cc1
P,cyclohexyl,cyclohexyl,C4,phenyl,phenyl,<LB_P><LB1_cyclohexyl><LB2_cyclohexyl><LINKER_C4><LA1_phenyl><LA2_phenyl>,c1ccc(B(CCCCP(C2CCCCC2)C2CCCCC2)c2ccccc2)cc1
P,cyclohexyl,cyclohexyl,C5,phenyl,phenyl,<LB_P><LB1_cyclohexyl><LB2_cyclohexyl><LINKER_C5><LA1_phenyl><LA2_phenyl>,c1ccc(B(CCCCCP(C2CCCCC2)C2CCCCC2)c2ccccc2)cc1
P,cyclohexyl,cyclohexyl,C6,phenyl,phenyl,<LB_P><LB1_cyclohexyl><LB2_cyclohexyl><LINKER_C6><LA1_phenyl><LA2_phenyl>,c1ccc(B(CCCCCCP(C2CCCCC2)C2CCCCC2)c2ccccc2)cc1
P,cyclohexyl,cyclohexyl,C1,phenyl,p_tolyl,<LB_P><LB1_cyclohexyl><LB2_cyclohexyl><LINKER_C1><LA1_phenyl><LA2_p_tolyl>,Cc1ccc(B(CP(C2CCCCC2)C2CCCCC2)c2ccccc2)cc1
P,cyclohexyl,cyclohexyl,C2,phenyl,p_tolyl,<LB_P><LB1_cyclohexyl><LB2_cyclohexyl><LINKER_C2><LA1_phenyl><LA2_p_tolyl>,Cc1ccc(B(CCP(C2CCCCC2)C2CCCCC2)c2ccccc2)cc1
P,cyclohexyl,cyclohexyl,C3,phenyl,p_tolyl,<LB_P><LB1_cyclohexyl><LB2_cyclohexyl><LINKER_C3><LA1_phenyl><LA2_p_tolyl>,Cc1ccc(B(CCCP(C2CCCCC2)C2CCCCC2)c2ccccc2)cc1
P,cyclohexyl,cyclohexyl,C4,phenyl,p_tolyl,<LB_P><LB1_cyclohexyl><LB2_cyclohexyl><LINKER_C4><LA1_phenyl><LA2_p_tolyl>,Cc1ccc(B(CCCCP(C2CCCCC2)C2CCCCC2)c2ccccc2)cc1
P,cyclohexyl,cyclohexyl,C5,phenyl,p_tolyl,<LB_P><LB1_cyclohexyl><LB2_cyclohexyl><LINKER_C5><LA1_phenyl><LA2_p_tolyl>,Cc1ccc(B(CCCCCP(C2CCCCC2)C2CCCCC2)c2ccccc2)cc1
P,cyclohexyl,cyclohexyl,C6,phenyl,p_tolyl,<LB_P><LB1_cyclohexyl><LB2_cyclohexyl><LINKER_C6><LA1_phenyl><LA2_p_tolyl>,Cc1ccc(B(CCCCCCP(C2CCCCC2)C2CCCCC2)c2ccccc2)cc1
P,cyclohexyl,cyclohexyl,C1,phenyl,mesityl,<LB_P><LB1_cyclohexyl><LB2_cyclohexyl><LINKER_C1><LA1_phenyl><LA2_mesityl>,Cc1cc(C)c(B(CP(C2CCCCC2)C2CCCCC2)c2ccccc2)c(C)c1
P,cyclohexyl,cyclohexyl,C2,phenyl,mesityl,<LB_P><LB1_cyclohexyl><LB2_cyclohexyl><LINKER_C2><LA1_phenyl><LA2_mesityl>,Cc1cc(C)c(B(CCP(C2CCCCC2)C2CCCCC2)c2ccccc2)c(C)c1
P,cyclohexyl,cyclohexyl,C3,phenyl,mesityl,<LB_P><LB1_cyclohexyl><LB2_cyclohexyl><LINKER_C3><LA1_phenyl><LA2_mesityl>,Cc1cc(C)c(B(CCCP(C2CCCCC2)C2CCCCC2)c2ccccc2)c(C)c1
P,cyclohexyl,cyclohexyl,C4,phenyl,mesityl,<LB_P><LB1_cyclohexyl><LB2_cyclohexyl><LINKER_C4><LA1_phenyl><LA2_mesityl>,Cc1cc(C)c(B(CCCCP(C2CCCCC2)C2CCCCC2)c2ccccc2)c(C)c1
P,cyclohexyl,cyclohexyl,C5,phenyl,mesityl,<LB_P><LB1_cyclohexyl><LB2_cyclohexyl><LINKER_C5><LA1_phenyl><LA2_mesityl>,Cc1cc(C)c(B(CCCCCP(C2CCCCC2)C2CCCCC2)c2ccccc2)c(C)c1
P,cyclohexyl,cyclohexyl,C6,phenyl,mesityl,<LB_P><LB1_cyclohexyl><LB2_cyclohexyl><LINKER_C6><LA1_phenyl><LA2_mesityl>,Cc1cc(C)c(B(CCCCCCP(C2CCCCC2)C2CCCCC2)c2ccccc2)c(C)c1
P,cyclohexyl,cyclohexyl,C1,phenyl,pentafluorophenyl,<LB_P><LB1_cyclohexyl><LB2_cyclohexyl><LINKER_C1><LA1_phenyl><LA2_pentafluorophenyl>,Fc1c(F)c(F)c(B(CP(C2CCCCC2)C2CCCCC2)c2ccccc2)c(F)c1F
P,cyclohexyl,cyclohexyl,C2,phenyl,pentafluorophenyl,<LB_P><LB1_cyclohexyl><LB2_cyclohexyl><LINKER_C2><LA1_phenyl><LA2_pentafluorophenyl>,Fc1c(F)c(F)c(B(CCP(C2CCCCC2)C2CCCCC2)c2ccccc2)c(F)c1F
P,cyclohexyl,cyclohexyl,C3,phenyl,pentafluorophenyl,<LB_P><LB1_cyclohexyl><LB2_cyclohexyl><LINKER_C3><LA1_phenyl><LA2_pentafluorophenyl>,Fc1c(F)c(F)c(B(CCCP(C2CCCCC2)C2CCCCC2)c2ccccc2)c(F)c1F
P,cyclohexyl,cyclohexyl,C4,phenyl,pentafluorophenyl,<LB_P><LB1_cyclohexyl><LB2_cyclohexyl><LINKER_C4><LA1_phenyl><LA2_pentafluorophenyl>,Fc1c(F)c(F)c(B(CCCCP(C2CCCCC2)C2CCCCC2)c2ccccc2)c(F)c1F
P,cyclohexyl,cyclohexyl,C5,phenyl,pentafluorophenyl,<LB_P><LB1_cyclohexyl><LB2_cyclohexyl><LINKER_C5><LA1_phenyl><LA2_pentafluorophenyl>,Fc1c(F)c(F)c(B(CCCCCP(C2CCCCC2)C2CCCCC2)c2ccccc2)c(F)c1F
P,cyclohexyl,cyclohexyl,C6,phenyl,pentafluorophenyl,<LB_P><LB1_cyclohexyl><LB2_cyclohexyl><LINKER_C6><LA1_phenyl><LA2_pentafluorophenyl>,Fc1c(F)c(F)c(B(CCCCCCP(C2CCCCC2)C2CCCCC2)c2ccccc2)c(F)c1F
P,cyclohexyl,cyclohexyl,C1,phenyl,pentachlorophenyl,<LB_P><LB1_cyclohexyl><LB2_cyclohexyl><LINKER_C1><LA1_phenyl><LA2_pentachlorophenyl>,Clc1c(Cl)c(Cl)c(B(CP(C2CCCCC2)C2CCCCC2)c2ccccc2)c(Cl)c1Cl
P,cyclohexyl,cyclohexyl,C2,phenyl,pentachlorophenyl,<LB_P><LB1_cyclohexyl><LB2_cyclohexyl><LINKER_C2><LA1_phenyl><LA2_pentachlorophenyl>,Clc1c(Cl)c(Cl)c(B(CCP(C2CCCCC2)C2CCCCC2)c2ccccc2)c(Cl)c1Cl
P,cyclohexyl,cyclohexyl,C3,phenyl,pentachlorophenyl,<LB_P><LB1_cyclohexyl><LB2_cyclohexyl><LINKER_C3><LA1_phenyl><LA2_pentachlorophenyl>,Clc1c(Cl)c(Cl)c(B(CCCP(C2CCCCC2)C2CCCCC2)c2ccccc2)c(Cl)c1Cl
P,cyclohexyl,cyclohexyl,C4,phenyl,pentachlorophenyl,<LB_P><LB1_cyclohexyl><LB2_cyclohexyl><LINKER_C4><LA1_phenyl><LA2_pentachlorophenyl>,Clc1c(Cl)c(Cl)c(B(CCCCP(C2CCCCC2)C2CCCCC2)c2ccccc2)c(Cl)c1Cl
P,cyclohexyl,cyclohexyl,C5,phenyl,pentachlorophenyl,<LB_P><LB1_cyclohexyl><LB2_cyclohexyl><LINKER_C5><LA1_phenyl><LA2_pentachlorophenyl>,Clc1c(Cl)c(Cl)c(B(CCCCCP(C2CCCCC2)C2CCCCC2)c2ccccc2)c(Cl)c1Cl
P,cyclohexyl,cyclohexyl,C6,phenyl,pentachlorophenyl,<LB_P><LB1_cyclohexyl><LB2_cyclohexyl><LINKER_C6><LA1_phenyl><LA2_pentachlorophenyl>,Clc1c(Cl)c(Cl)c(B(CCCCCCP(C2CCCCC2)C2CCCCC2)c2ccccc2)c(Cl)c1Cl
P,cyclohexyl,cyclohexyl,C1,phenyl,bis_cf3_phenyl,<LB_P><LB1_cyclohexyl><LB2_cyclohexyl><LINKER_C1><LA1_phenyl><LA2_bis_cf3_phenyl>,FC(F)(F)c1cc(B(CP(C2CCCCC2)C2CCCCC2)c2ccccc2)cc(C(F)(F)F)c1
P,cyclohexyl,cyclohexyl,C2,phenyl,bis_cf3_phenyl,<LB_P><LB1_cyclohexyl><LB2_cyclohexyl><LINKER_C2><LA1_phenyl><LA2_bis_cf3_phenyl>,FC(F)(F)c1cc(B(CCP(C2CCCCC2)C2CCCCC2)c2ccccc2)cc(C(F)(F)F)c1
P,cyclohexyl,cyclohexyl,C3,phenyl,bis_cf3_phenyl,<LB_P><LB1_cyclohexyl><LB2_cyclohexyl><LINKER_C3><LA1_phenyl><LA2_bis_cf3_phenyl>,FC(F)(F)c1cc(B(CCCP(C2CCCCC2)C2CCCCC2)c2ccccc2)cc(C(F)(F)F)c1
P,cyclohexyl,cyclohexyl,C4,phenyl,bis_cf3_phenyl,<LB_P><LB1_cyclohexyl><LB2_cyclohexyl><LINKER_C4><LA1_phenyl><LA2_bis_cf3_phenyl>,FC(F)(F)c1cc(B(CCCCP(C2CCCCC2)C2CCCCC2)c2ccccc2)cc(C(F)(F)F)c1
P,cyclohexyl,cyclohexyl,C5,phenyl,bis_cf3_phenyl,<LB_P><LB1_cyclohexyl><LB2_cyclohexyl><LINKER_C5><LA1_phenyl><LA2_bis_cf3_phenyl>,FC(F)(F)c1cc(B(CCCCCP(C2CCCCC2)C2CCCCC2)c2ccccc2)cc(C(F)(F)F)c1
P,cyclohexyl,cyclohexyl,C6,phenyl,bis_cf3_phenyl,<LB_P><LB1_cyclohexyl><LB2_cyclohexyl><LINKER_C6><LA1_phenyl><LA2_bis_cf3_phenyl>,FC(F)(F)c1cc(B(CCCCCCP(C2CCCCC2)C2CCCCC2)c2ccccc2)cc(C(F)(F)F)c1
P,cyclohexyl,cyclohexyl,C1,p_tolyl,p_tolyl,<LB_P><LB1_cyclohexyl><LB2_cyclohexyl><LINKER_C1><LA1_p_tolyl><LA2_p_tolyl>,Cc1ccc(B(CP(C2CCCCC2)C2CCCCC2)c2ccc(C)cc2)cc1
P,cyclohexyl,cyclohexyl,C2,p_tolyl,p_tolyl,<LB_P><LB1_cyclohexyl><LB2_cyclohexyl><LINKER_C2><LA1_p_tolyl><LA2_p_tolyl>,Cc1ccc(B(CCP(C2CCCCC2)C2CCCCC2)c2ccc(C)cc2)cc1
P,cyclohexyl,cyclohexyl,C3,p_tolyl,p_tolyl,<LB_P><LB1_cyclohexyl><LB2_cyclohexyl><LINKER_C3><LA1_p_tolyl><LA2_p_tolyl>,Cc1ccc(B(CCCP(C2CCCCC2)C2CCCCC2)c2ccc(C)cc2)cc1
P,cyclohexyl,cyclohexyl,C4,p_tolyl,p_tolyl,<LB_P><LB1_cyclohexyl><LB2_cyclohexyl><LINKER_C4><LA1_p_tolyl><LA2_p_tolyl>,Cc1ccc(B(CCCCP(C2CCCCC2)C2CCCCC2)c2ccc(C)cc2)cc1
P,cyclohexyl,cyclohexyl,C5,p_tolyl,p_tolyl,<LB_P><LB1_cyclohexyl><LB2_cyclohexyl><LINKER_C5><LA1_p_tolyl><LA2_p_tolyl>,Cc1ccc(B(CCCCCP(C2CCCCC2)C2CCCCC2)c2ccc(C)cc2)cc1
P,cyclohexyl,cyclohexyl,C6,p_tolyl,p_tolyl,<LB_P><LB1_cyclohexyl><LB2_cyclohexyl><LINKER_C6><LA1_p_tolyl><LA2_p_tolyl>,Cc1ccc(B(CCCCCCP(C2CCCCC2)C2CCCCC2)c2ccc(C)cc2)cc1
P,cyclohexyl,cyclohexyl,C1,p_tolyl,mesityl,<LB_P><LB1_cyclohexyl><LB2_cyclohexyl><LINKER_C1><LA1_p_tolyl><LA2_mesityl>,Cc1ccc(B(CP(C2CCCCC2)C2CCCCC2)c2c(C)cc(C)cc2C)cc1
P,cyclohexyl,cyclohexyl,C2,p_tolyl,mesityl,<LB_P><LB1_cyclohexyl><LB2_cyclohexyl><LINKER_C2><LA1_p_tolyl><LA2_mesityl>,Cc1ccc(B(CCP(C2CCCCC2)C2CCCCC2)c2c(C)cc(C)cc2C)cc1
P,cyclohexyl,cyclohexyl,C3,p_tolyl,mesityl,<LB_P><LB1_cyclohexyl><LB2_cyclohexyl><LINKER_C3><LA1_p_tolyl><LA2_mesityl>,Cc1ccc(B(CCCP(C2CCCCC2)C2CCCCC2)c2c(C)cc(C)cc2C)cc1
P,cyclohexyl,cyclohexyl,C4,p_tolyl,mesityl,<LB_P><LB1_cyclohexyl><LB2_cyclohexyl><LINKER_C4><LA1_p_tolyl><LA2_mesityl>,Cc1ccc(B(CCCCP(C2CCCCC2)C2CCCCC2)c2c(C)cc(C)cc2C)cc1
P,cyclohexyl,cyclohexyl,C5,p_tolyl,mesityl,<LB_P><LB1_cyclohexyl><LB2_cyclohexyl><LINKER_C5><LA1_p_tolyl><LA2_mesityl>,Cc1ccc(B(CCCCCP(C2CCCCC2)C2CCCCC2)c2c(C)cc(C)cc2C)cc1
P,cyclohexyl,cyclohexyl,C6,p_tolyl,mesityl,<LB_P><LB1_cyclohexyl><LB2_cyclohexyl><LINKER_C6><LA1_p_tolyl><LA2_mesityl>,Cc1ccc(B(CCCCCCP(C2CCCCC2)C2CCCCC2)c2c(C)cc(C)cc2C)cc1
P,cyclohexyl,cyclohexyl,C1,p_tolyl,pentafluorophenyl,<LB_P><LB1_cyclohexyl><LB2_cyclohexyl><LINKER_C1><LA1_p_tolyl><LA2_pentafluorophenyl>,Cc1ccc(B(CP(C2CCCCC2)C2CCCCC2)c2c(F)c(F)c(F)c(F)c2F)cc1
P,cyclohexyl,cyclohexyl,C2,p_tolyl,pentafluorophenyl,<LB_P><LB1_cyclohexyl><LB2_cyclohexyl><LINKER_C2><LA1_p_tolyl><LA2_pentafluorophenyl>,Cc1ccc(B(CCP(C2CCCCC2)C2CCCCC2)c2c(F)c(F)c(F)c(F)c2F)cc1
P,cyclohexyl,cyclohexyl,C3,p_tolyl,pentafluorophenyl,<LB_P><LB1_cyclohexyl><LB2_cyclohexyl><LINKER_C3><LA1_p_tolyl><LA2_pentafluorophenyl>,Cc1ccc(B(CCCP(C2CCCCC2)C2CCCCC2)c2c(F)c(F)c(F)c(F)c2F)cc1
P,cyclohexyl,cyclohexyl,C4,p_tolyl,pentafluorophenyl,<LB_P><LB1_cyclohexyl><LB2_cyclohexyl><LINKER_C4><LA1_p_tolyl><LA2_pentafluorophenyl>,Cc1ccc(B(CCCCP(C2CCCCC2)C2CCCCC2)c2c(F)c(F)c(F)c(F)c2F)cc1
P,cyclohexyl,cyclohexyl,C5,p_tolyl,pentafluorophenyl,<LB_P><LB1_cyclohexyl><LB2_cyclohexyl><LINKER_C5><LA1_p_tolyl><LA2_pentafluorophenyl>,Cc1ccc(B(CCCCCP(C2CCCCC2)C2CCCCC2)c2c(F)c(F)c(F)c(F)c2F)cc1
P,cyclohexyl,cyclohexyl,C6,p_tolyl,pentafluorophenyl,<LB_P><LB1_cyclohexyl><LB2_cyclohexyl><LINKER_C6><LA1_p_tolyl><LA2_pentafluorophenyl>,Cc1ccc(B(CCCCCCP(C2CCCCC2)C2CCCCC2)c2c(F)c(F)c(F)c(F)c2F)cc1
P,cyclohexyl,cyclohexyl,C1,p_tolyl,pentachlorophenyl,<LB_P><LB1_cyclohexyl><LB2_cyclohexyl><LINKER_C1><LA1_p_tolyl><LA2_pentachlorophenyl>,Cc1ccc(B(CP(C2CCCCC2)C2CCCCC2)c2c(Cl)c(Cl)c(Cl)c(Cl)c2Cl)cc1
P,cyclohexyl,cyclohexyl,C2,p_tolyl,pentachlorophenyl,<LB_P><LB1_cyclohexyl><LB2_cyclohexyl><LINKER_C2><LA1_p_tolyl><LA2_pentachlorophenyl>,Cc1ccc(B(CCP(C2CCCCC2)C2CCCCC2)c2c(Cl)c(Cl)c(Cl)c(Cl)c2Cl)cc1
P,cyclohexyl,cyclohexyl,C3,p_tolyl,pentachlorophenyl,<LB_P><LB1_cyclohexyl><LB2_cyclohexyl><LINKER_C3><LA1_p_tolyl><LA2_pentachlorophenyl>,Cc1ccc(B(CCCP(C2CCCCC2)C2CCCCC2)c2c(Cl)c(Cl)c(Cl)c(Cl)c2Cl)cc1
P,cyclohexyl,cyclohexyl,C4,p_tolyl,pentachlorophenyl,<LB_P><LB1_cyclohexyl><LB2_cyclohexyl><LINKER_C4><LA1_p_tolyl><LA2_pentachlorophenyl>,Cc1ccc(B(CCCCP(C2CCCCC2)C2CCCCC2)c2c(Cl)c(Cl)c(Cl)c(Cl)c2Cl)cc1
P,cyclohexyl,cyclohexyl,C5,p_tolyl,pentachlorophenyl,<LB_P><LB1_cyclohexyl><LB2_cyclohexyl><LINKER_C5><LA1_p_tolyl><LA2_pentachlorophenyl>,Cc1ccc(B(CCCCCP(C2CCCCC2)C2CCCCC2)c2c(Cl)c(Cl)c(Cl)c(Cl)c2Cl)cc1
P,cyclohexyl,cyclohexyl,C6,p_tolyl,pentachlorophenyl,<LB_P><LB1_cyclohexyl><LB2_cyclohexyl><LINKER_C6><LA1_p_tolyl><LA2_pentachlorophenyl>,Cc1ccc(B(CCCCCCP(C2CCCCC2)C2CCCCC2)c2c(Cl)c(Cl)c(Cl)c(Cl)c2Cl)cc1
P,cyclohexyl,cyclohexyl,C1,p_tolyl,bis_cf3_phenyl,<LB_P><LB1_cyclohexyl><LB2_cyclohexyl><LINKER_C1><LA1_p_tolyl><LA2_bis_cf3_phenyl>,Cc1ccc(B(CP(C2CCCCC2)C2CCCCC2)c2cc(C(F)(F)F)cc(C(F)(F)F)c2)cc1
P,cyclohexyl,cyclohexyl,C2,p_tolyl,bis_cf3_phenyl,<LB_P><LB1_cyclohexyl><LB2_cyclohexyl><LINKER_C2><LA1_p_tolyl><LA2_bis_cf3_phenyl>,Cc1ccc(B(CCP(C2CCCCC2)C2CCCCC2)c2cc(C(F)(F)F)cc(C(F)(F)F)c2)cc1
P,cyclohexyl,cyclohexyl,C3,p_tolyl,bis_cf3_phenyl,<LB_P><LB1_cyclohexyl><LB2_cyclohexyl><LINKER_C3><LA1_p_tolyl><LA2_bis_cf3_phenyl>,Cc1ccc(B(CCCP(C2CCCCC2)C2CCCCC2)c2cc(C(F)(F)F)cc(C(F)(F)F)c2)cc1
P,cyclohexyl,cyclohexyl,C4,p_tolyl,bis_cf3_phenyl,<LB_P><LB1_cyclohexyl><LB2_cyclohexyl><LINKER_C4><LA1_p_tolyl><LA2_bis_cf3_phenyl>,Cc1ccc(B(CCCCP(C2CCCCC2)C2CCCCC2)c2cc(C(F)(F)F)cc(C(F)(F)F)c2)cc1
P,cyclohexyl,cyclohexyl,C5,p_tolyl,bis_cf3_phenyl,<LB_P><LB1_cyclohexyl><LB2_cyclohexyl><LINKER_C5><LA1_p_tolyl><LA2_bis_cf3_phenyl>,Cc1ccc(B(CCCCCP(C2CCCCC2)C2CCCCC2)c2cc(C(F)(F)F)cc(C(F)(F)F)c2)cc1
P,cyclohexyl,cyclohexyl,C6,p_tolyl,bis_cf3_phenyl,<LB_P><LB1_cyclohexyl><LB2_cyclohexyl><LINKER_C6><LA1_p_tolyl><LA2_bis_cf3_phenyl>,Cc1ccc(B(CCCCCCP(C2CCCCC2)C2CCCCC2)c2cc(C(F)(F)F)cc(C(F)(F)F)c2)cc1
P,cyclohexyl,cyclohexyl,C1,mesityl,mesityl,<LB_P><LB1_cyclohexyl><LB2_cyclohexyl><LINKER_C1><LA1_mesityl><LA2_mesityl>,Cc1cc(C)c(B(CP(C2CCCCC2)C2CCCCC2)c2c(C)cc(C)cc2C)c(C)c1
P,cyclohexyl,cyclohexyl,C2,mesityl,mesityl,<LB_P><LB1_cyclohexyl><LB2_cyclohexyl><LINKER_C2><LA1_mesityl><LA2_mesityl>,Cc1cc(C)c(B(CCP(C2CCCCC2)C2CCCCC2)c2c(C)cc(C)cc2C)c(C)c1
P,cyclohexyl,cyclohexyl,C3,mesityl,mesityl,<LB_P><LB1_cyclohexyl><LB2_cyclohexyl><LINKER_C3><LA1_mesityl><LA2_mesityl>,Cc1cc(C)c(B(CCCP(C2CCCCC2)C2CCCCC2)c2c(C)cc(C)cc2C)c(C)c1
P,cyclohexyl,cyclohexyl,C4,mesityl,mesityl,<LB_P><LB1_cyclohexyl><LB2_cyclohexyl><LINKER_C4><LA1_mesityl><LA2_mesityl>,Cc1cc(C)c(B(CCCCP(C2CCCCC2)C2CCCCC2)c2c(C)cc(C)cc2C)c(C)c1
P,cyclohexyl,cyclohexyl,C5,mesityl,mesityl,<LB_P><LB1_cyclohexyl><LB2_cyclohexyl><LINKER_C5><LA1_mesityl><LA2_mesityl>,Cc1cc(C)c(B(CCCCCP(C2CCCCC2)C2CCCCC2)c2c(C)cc(C)cc2C)c(C)c1
P,cyclohexyl,cyclohexyl,C6,mesityl,mesityl,<LB_P><LB1_cyclohexyl><LB2_cyclohexyl><LINKER_C6><LA1_mesityl><LA2_mesityl>,Cc1cc(C)c(B(CCCCCCP(C2CCCCC2)C2CCCCC2)c2c(C)cc(C)cc2C)c(C)c1
P,cyclohexyl,cyclohexyl,C1,mesityl,pentafluorophenyl,<LB_P><LB1_cyclohexyl><LB2_cyclohexyl><LINKER_C1><LA1_mesityl><LA2_pentafluorophenyl>,Cc1cc(C)c(B(CP(C2CCCCC2)C2CCCCC2)c2c(F)c(F)c(F)c(F)c2F)c(C)c1
P,cyclohexyl,cyclohexyl,C2,mesityl,pentafluorophenyl,<LB_P><LB1_cyclohexyl><LB2_cyclohexyl><LINKER_C2><LA1_mesityl><LA2_pentafluorophenyl>,Cc1cc(C)c(B(CCP(C2CCCCC2)C2CCCCC2)c2c(F)c(F)c(F)c(F)c2F)c(C)c1
P,cyclohexyl,cyclohexyl,C3,mesityl,pentafluorophenyl,<LB_P><LB1_cyclohexyl><LB2_cyclohexyl><LINKER_C3><LA1_mesityl><LA2_pentafluorophenyl>,Cc1cc(C)c(B(CCCP(C2CCCCC2)C2CCCCC2)c2c(F)c(F)c(F)c(F)c2F)c(C)c1
P,cyclohexyl,cyclohexyl,C4,mesityl,pentafluorophenyl,<LB_P><LB1_cyclohexyl><LB2_cyclohexyl><LINKER_C4><LA1_mesityl><LA2_pentafluorophenyl>,Cc1cc(C)c(B(CCCCP(C2CCCCC2)C2CCCCC2)c2c(F)c(F)c(F)c(F)c2F)c(C)c1
P,cyclohexyl,cyclohexyl,C5,mesityl,pentafluorophenyl,<LB_P><LB1_cyclohexyl><LB2_cyclohexyl><LINKER_C5><LA1_mesityl><LA2_pentafluorophenyl>,Cc1cc(C)c(B(CCCCCP(C2CCCCC2)C2CCCCC2)c2c(F)c(F)c(F)c(F)c2F)c(C)c1
P,cyclohexyl,cyclohexyl,C6,mesityl,pentafluorophenyl,<LB_P><LB1_cyclohexyl><LB2_cyclohexyl><LINKER_C6><LA1_mesityl><LA2_pentafluorophenyl>,Cc1cc(C)c(B(CCCCCCP(C2CCCCC2)C2CCCCC2)c2c(F)c(F)c(F)c(F)c2F)c(C)c1
P,cyclohexyl,cyclohexyl,C1,mesityl,pentachlorophenyl,<LB_P><LB1_cyclohexyl><LB2_cyclohexyl><LINKER_C1><LA1_mesityl><LA2_pentachlorophenyl>,Cc1cc(C)c(B(CP(C2CCCCC2)C2CCCCC2)c2c(Cl)c(Cl)c(Cl)c(Cl)c2Cl)c(C)c1
P,cyclohexyl,cyclohexyl,C2,mesityl,pentachlorophenyl,<LB_P><LB1_cyclohexyl><LB2_cyclohexyl><LINKER_C2><LA1_mesityl><LA2_pentachlorophenyl>,Cc1cc(C)c(B(CCP(C2CCCCC2)C2CCCCC2)c2c(Cl)c(Cl)c(Cl)c(Cl)c2Cl)c(C)c1
P,cyclohexyl,cyclohexyl,C3,mesityl,pentachlorophenyl,<LB_P><LB1_cyclohexyl><LB2_cyclohexyl><LINKER_C3><LA1_mesityl><LA2_pentachlorophenyl>,Cc1cc(C)c(B(CCCP(C2CCCCC2)C2CCCCC2)c2c(Cl)c(Cl)c(Cl)c(Cl)c2Cl)c(C)c1
P,cyclohexyl,cyclohexyl,C4,mesityl,pentachlorophenyl,<LB_P><LB1_cyclohexyl><LB2_cyclohexyl><LINKER_C4><LA1_mesityl><LA2_pentachlorophenyl>,Cc1cc(C)c(B(CCCCP(C2CCCCC2)C2CCCCC2)c2c(Cl)c(Cl)c(Cl)c(Cl)c2Cl)c(C)c1
P,cyclohexyl,cyclohexyl,C5,mesityl,pentachlorophenyl,<LB_P><LB1_cyclohexyl><LB2_cyclohexyl><LINKER_C5><LA1_mesityl><LA2_pentachlorophenyl>,Cc1cc(C)c(B(CCCCCP(C2CCCCC2)C2CCCCC2)c2c(Cl)c(Cl)c(Cl)c(Cl)c2Cl)c(C)c1
P,cyclohexyl,cyclohexyl,C6,mesityl,pentachlorophenyl,<LB_P><LB1_cyclohexyl><LB2_cyclohexyl><LINKER_C6><LA1_mesityl><LA2_pentachlorophenyl>,Cc1cc(C)c(B(CCCCCCP(C2CCCCC2)C2CCCCC2)c2c(Cl)c(Cl)c(Cl)c(Cl)c2Cl)c(C)c1
P,cyclohexyl,cyclohexyl,C1,mesityl,bis_cf3_phenyl,<LB_P><LB1_cyclohexyl><LB2_cyclohexyl><LINKER_C1><LA1_mesityl><LA2_bis_cf3_phenyl>,Cc1cc(C)c(B(CP(C2CCCCC2)C2CCCCC2)c2cc(C(F)(F)F)cc(C(F)(F)F)c2)c(C)c1
P,cyclohexyl,cyclohexyl,C2,mesityl,bis_cf3_phenyl,<LB_P><LB1_cyclohexyl><LB2_cyclohexyl><LINKER_C2><LA1_mesityl><LA2_bis_cf3_phenyl>,Cc1cc(C)c(B(CCP(C2CCCCC2)C2CCCCC2)c2cc(C(F)(F)F)cc(C(F)(F)F)c2)c(C)c1
P,cyclohexyl,cyclohexyl,C3,mesityl,bis_cf3_phenyl,<LB_P><LB1_cyclohexyl><LB2_cyclohexyl><LINKER_C3><LA1_mesityl><LA2_bis_cf3_phenyl>,Cc1cc(C)c(B(CCCP(C2CCCCC2)C2CCCCC2)c2cc(C(F)(F)F)cc(C(F)(F)F)c2)c(C)c1
P,cyclohexyl,cyclohexyl,C4,mesityl,bis_cf3_phenyl,<LB_P><LB1_cyclohexyl><LB2_cyclohexyl><LINKER_C4><LA1_mesityl><LA2_bis_cf3_phenyl>,Cc1cc(C)c(B(CCCCP(C2CCCCC2)C2CCCCC2)c2cc(C(F)(F)F)cc(C(F)(F)F)c2)c(C)c1
P,cyclohexyl,cyclohexyl,C5,mesityl,bis_cf3_phenyl,<LB_P><LB1_cyclohexyl><LB2_cyclohexyl><LINKER_C5><LA1_mesityl><LA2_bis_cf3_phenyl>,Cc1cc(C)c(B(CCCCCP(C2CCCCC2)C2CCCCC2)c2cc(C(F)(F)F)cc(C(F)(F)F)c2)c(C)c1
P,cyclohexyl,cyclohexyl,C6,mesityl,bis_cf3_phenyl,<LB_P><LB1_cyclohexyl><LB2_cyclohexyl><LINKER_C6><LA1_mesityl><LA2_bis_cf3_phenyl>,Cc1cc(C)c(B(CCCCCCP(C2CCCCC2)C2CCCCC2)c2cc(C(F)(F)F)cc(C(F)(F)F)c2)c(C)c1
P,cyclohexyl,cyclohexyl,C1,pentafluorophenyl,pentafluorophenyl,<LB_P><LB1_cyclohexyl><LB2_cyclohexyl><LINKER_C1><LA1_pentafluorophenyl><LA2_pentafluorophenyl>,Fc1c(F)c(F)c(B(CP(C2CCCCC2)C2CCCCC2)c2c(F)c(F)c(F)c(F)c2F)c(F)c1F
P,cyclohexyl,cyclohexyl,C2,pentafluorophenyl,pentafluorophenyl,<LB_P><LB1_cyclohexyl><LB2_cyclohexyl><LINKER_C2><LA1_pentafluorophenyl><LA2_pentafluorophenyl>,Fc1c(F)c(F)c(B(CCP(C2CCCCC2)C2CCCCC2)c2c(F)c(F)c(F)c(F)c2F)c(F)c1F
P,cyclohexyl,cyclohexyl,C3,pentafluorophenyl,pentafluorophenyl,<LB_P><LB1_cyclohexyl><LB2_cyclohexyl><LINKER_C3><LA1_pentafluorophenyl><LA2_pentafluorophenyl>,Fc1c(F)c(F)c(B(CCCP(C2CCCCC2)C2CCCCC2)c2c(F)c(F)c(F)c(F)c2F)c(F)c1F
P,cyclohexyl,cyclohexyl,C4,pentafluorophenyl,pentafluorophenyl,<LB_P><LB1_cyclohexyl><LB2_cyclohexyl><LINKER_C4><LA1_pentafluorophenyl><LA2_pentafluorophenyl>,Fc1c(F)c(F)c(B(CCCCP(C2CCCCC2)C2CCCCC2)c2c(F)c(F)c(F)c(F)c2F)c(F)c1F
P,cyclohexyl,cyclohexyl,C5,pentafluorophenyl,pentafluorophenyl,<LB_P><LB1_cyclohexyl><LB2_cyclohexyl><LINKER_C5><LA1_pentafluorophenyl><LA2_pentafluorophenyl>,Fc1c(F)c(F)c(B(CCCCCP(C2CCCCC2)C2CCCCC2)c2c(F)c(F)c(F)c(F)c2F)c(F)c1F
P,cyclohexyl,cyclohexyl,C6,pentafluorophenyl,pentafluorophenyl,<LB_P><LB1_cyclohexyl><LB2_cyclohexyl><LINKER_C6><LA1_pentafluorophenyl><LA2_pentafluorophenyl>,Fc1c(F)c(F)c(B(CCCCCCP(C2CCCCC2)C2CCCCC2)c2c(F)c(F)c(F)c(F)c2F)c(F)c1F
P,cyclohexyl,cyclohexyl,C1,pentafluorophenyl,pentachlorophenyl,<LB_P><LB1_cyclohexyl><LB2_cyclohexyl><LINKER_C1><LA1_pentafluorophenyl><LA2_pentachlorophenyl>,Fc1c(F)c(F)c(B(CP(C2CCCCC2)C2CCCCC2)c2c(Cl)c(Cl)c(Cl)c(Cl)c2Cl)c(F)c1F
P,cyclohexyl,cyclohexyl,C2,pentafluorophenyl,pentachlorophenyl,<LB_P><LB1_cyclohexyl><LB2_cyclohexyl><LINKER_C2><LA1_pentafluorophenyl><LA2_pentachlorophenyl>,Fc1c(F)c(F)c(B(CCP(C2CCCCC2)C2CCCCC2)c2c(Cl)c(Cl)c(Cl)c(Cl)c2Cl)c(F)c1F
P,cyclohexyl,cyclohexyl,C3,pentafluorophenyl,pentachlorophenyl,<LB_P><LB1_cyclohexyl><LB2_cyclohexyl><LINKER_C3><LA1_pentafluorophenyl><LA2_pentachlorophenyl>,Fc1c(F)c(F)c(B(CCCP(C2CCCCC2)C2CCCCC2)c2c(Cl)c(Cl)c(Cl)c(Cl)c2Cl)c(F)c1F
P,cyclohexyl,cyclohexyl,C4,pentafluorophenyl,pentachlorophenyl,<LB_P><LB1_cyclohexyl><LB2_cyclohexyl><LINKER_C4><LA1_pentafluorophenyl><LA2_pentachlorophenyl>,Fc1c(F)c(F)c(B(CCCCP(C2CCCCC2)C2CCCCC2)c2c(Cl)c(Cl)c(Cl)c(Cl)c2Cl)c(F)c1F
P,cyclohexyl,cyclohexyl,C5,pentafluorophenyl,pentachlorophenyl,<LB_P><LB1_cyclohexyl><LB2_cyclohexyl><LINKER_C5><LA1_pentafluorophenyl><LA2_pentachlorophenyl>,Fc1c(F)c(F)c(B(CCCCCP(C2CCCCC2)C2CCCCC2)c2c(Cl)c(Cl)c(Cl)c(Cl)c2Cl)c(F)c1F
P,cyclohexyl,cyclohexyl,C6,pentafluorophenyl,pentachlorophenyl,<LB_P><LB1_cyclohexyl><LB2_cyclohexyl><LINKER_C6><LA1_pentafluorophenyl><LA2_pentachlorophenyl>,Fc1c(F)c(F)c(B(CCCCCCP(C2CCCCC2)C2CCCCC2)c2c(Cl)c(Cl)c(Cl)c(Cl)c2Cl)c(F)c1F
P,cyclohexyl,cyclohexyl,C1,pentafluorophenyl,bis_cf3_phenyl,<LB_P><LB1_cyclohexyl><LB2_cyclohexyl><LINKER_C1><LA1_pentafluorophenyl><LA2_bis_cf3_phenyl>,Fc1c(F)c(F)c(B(CP(C2CCCCC2)C2CCCCC2)c2cc(C(F)(F)F)cc(C(F)(F)F)c2)c(F)c1F
P,cyclohexyl,cyclohexyl,C2,pentafluorophenyl,bis_cf3_phenyl,<LB_P><LB1_cyclohexyl><LB2_cyclohexyl><LINKER_C2><LA1_pentafluorophenyl><LA2_bis_cf3_phenyl>,Fc1c(F)c(F)c(B(CCP(C2CCCCC2)C2CCCCC2)c2cc(C(F)(F)F)cc(C(F)(F)F)c2)c(F)c1F
P,cyclohexyl,cyclohexyl,C3,pentafluorophenyl,bis_cf3_phenyl,<LB_P><LB1_cyclohexyl><LB2_cyclohexyl><LINKER_C3><LA1_pentafluorophenyl><LA2_bis_cf3_phenyl>,Fc1c(F)c(F)c(B(CCCP(C2CCCCC2)C2CCCCC2)c2cc(C(F)(F)F)cc(C(F)(F)F)c2)c(F)c1F
P,cyclohexyl,cyclohexyl,C4,pentafluorophenyl,bis_cf3_phenyl,<LB_P><LB1_cyclohexyl><LB2_cyclohexyl><LINKER_C4><LA1_pentafluorophenyl><LA2_bis_cf3_phenyl>,Fc1c(F)c(F)c(B(CCCCP(C2CCCCC2)C2CCCCC2)c2cc(C(F)(F)F)cc(C(F)(F)F)c2)c(F)c1F
P,cyclohexyl,cyclohexyl,C5,pentafluorophenyl,bis_cf3_phenyl,<LB_P><LB1_cyclohexyl><LB2_cyclohexyl><LINKER_C5><LA1_pentafluorophenyl><LA2_bis_cf3_phenyl>,Fc1c(F)c(F)c(B(CCCCCP(C2CCCCC2)C2CCCCC2)c2cc(C(F)(F)F)cc(C(F)(F)F)c2)c(F)c1F
P,cyclohexyl,cyclohexyl,C6,pentafluorophenyl,bis_cf3_phenyl,<LB_P><LB1_cyclohexyl><LB2_cyclohexyl><LINKER_C6><LA1_pentafluorophenyl><LA2_bis_cf3_phenyl>,Fc1c(F)c(F)c(B(CCCCCCP(C2CCCCC2)C2CCCCC2)c2cc(C(F)(F)F)cc(C(F)(F)F)c2)c(F)c1F
P,cyclohexyl,cyclohexyl,C1,pentachlorophenyl,pentachlorophenyl,<LB_P><LB1_cyclohexyl><LB2_cyclohexyl><LINKER_C1><LA1_pentachlorophenyl><LA2_pentachlorophenyl>,Clc1c(Cl)c(Cl)c(B(CP(C2CCCCC2)C2CCCCC2)c2c(Cl)c(Cl)c(Cl)c(Cl)c2Cl)c(Cl)c1Cl
P,cyclohexyl,cyclohexyl,C2,pentachlorophenyl,pentachlorophenyl,<LB_P><LB1_cyclohexyl><LB2_cyclohexyl><LINKER_C2><LA1_pentachlorophenyl><LA2_pentachlorophenyl>,Clc1c(Cl)c(Cl)c(B(CCP(C2CCCCC2)C2CCCCC2)c2c(Cl)c(Cl)c(Cl)c(Cl)c2Cl)c(Cl)c1Cl
P,cyclohexyl,cyclohexyl,C3,pentachlorophenyl,pentachlorophenyl,<LB_P><LB1_cyclohexyl><LB2_cyclohexyl><LINKER_C3><LA1_pentachlorophenyl><LA2_pentachlorophenyl>,Clc1c(Cl)c(Cl)c(B(CCCP(C2CCCCC2)C2CCCCC2)c2c(Cl)c(Cl)c(Cl)c(Cl)c2Cl)c(Cl)c1Cl
P,cyclohexyl,cyclohexyl,C4,pentachlorophenyl,pentachlorophenyl,<LB_P><LB1_cyclohexyl><LB2_cyclohexyl><LINKER_C4><LA1_pentachlorophenyl><LA2_pentachlorophenyl>,Clc1c(Cl)c(Cl)c(B(CCCCP(C2CCCCC2)C2CCCCC2)c2c(Cl)c(Cl)c(Cl)c(Cl)c2Cl)c(Cl)c1Cl
P,cyclohexyl,cyclohexyl,C5,pentachlorophenyl,pentachlorophenyl,<LB_P><LB1_cyclohexyl><LB2_cyclohexyl><LINKER_C5><LA1_pentachlorophenyl><LA2_pentachlorophenyl>,Clc1c(Cl)c(Cl)c(B(CCCCCP(C2CCCCC2)C2CCCCC2)c2c(Cl)c(Cl)c(Cl)c(Cl)c2Cl)c(Cl)c1Cl
P,cyclohexyl,cyclohexyl,C6,pentachlorophenyl,pentachlorophenyl,<LB_P><LB1_cyclohexyl><LB2_cyclohexyl><LINKER_C6><LA1_pentachlorophenyl><LA2_pentachlorophenyl>,Clc1c(Cl)c(Cl)c(B(CCCCCCP(C2CCCCC2)C2CCCCC2)c2c(Cl)c(Cl)c(Cl)c(Cl)c2Cl)c(Cl)c1Cl
P,cyclohexyl,cyclohexyl,C1,pentachlorophenyl,bis_cf3_phenyl,<LB_P><LB1_cyclohexyl><LB2_cyclohexyl><LINKER_C1><LA1_pentachlorophenyl><LA2_bis_cf3_phenyl>,FC(F)(F)c1cc(B(CP(C2CCCCC2)C2CCCCC2)c2c(Cl)c(Cl)c(Cl)c(Cl)c2Cl)cc(C(F)(F)F)c1
P,cyclohexyl,cyclohexyl,C2,pentachlorophenyl,bis_cf3_phenyl,<LB_P><LB1_cyclohexyl><LB2_cyclohexyl><LINKER_C2><LA1_pentachlorophenyl><LA2_bis_cf3_phenyl>,FC(F)(F)c1cc(B(CCP(C2CCCCC2)C2CCCCC2)c2c(Cl)c(Cl)c(Cl)c(Cl)c2Cl)cc(C(F)(F)F)c1
P,cyclohexyl,cyclohexyl,C3,pentachlorophenyl,bis_cf3_phenyl,<LB_P><LB1_cyclohexyl><LB2_cyclohexyl><LINKER_C3><LA1_pentachlorophenyl><LA2_bis_cf3_phenyl>,FC(F)(F)c1cc(B(CCCP(C2CCCCC2)C2CCCCC2)c2c(Cl)c(Cl)c(Cl)c(Cl)c2Cl)cc(C(F)(F)F)c1
P,cyclohexyl,cyclohexyl,C4,pentachlorophenyl,bis_cf3_phenyl,<LB_P><LB1_cyclohexyl><LB2_cyclohexyl><LINKER_C4><LA1_pentachlorophenyl><LA2_bis_cf3_phenyl>,FC(F)(F)c1cc(B(CCCCP(C2CCCCC2)C2CCCCC2)c2c(Cl)c(Cl)c(Cl)c(Cl)c2Cl)cc(C(F)(F)F)c1
P,cyclohexyl,cyclohexyl,C5,pentachlorophenyl,bis_cf3_phenyl,<LB_P><LB1_cyclohexyl><LB2_cyclohexyl><LINKER_C5><LA1_pentachlorophenyl><LA2_bis_cf3_phenyl>,FC(F)(F)c1cc(B(CCCCCP(C2CCCCC2)C2CCCCC2)c2c(Cl)c(Cl)c(Cl)c(Cl)c2Cl)cc(C(F)(F)F)c1
P,cyclohexyl,cyclohexyl,C6,pentachlorophenyl,bis_cf3_phenyl,<LB_P><LB1_cyclohexyl><LB2_cyclohexyl><LINKER_C6><LA1_pentachlorophenyl><LA2_bis_cf3_phenyl>,FC(F)(F)c1cc(B(CCCCCCP(C2CCCCC2)C2CCCCC2)c2c(Cl)c(Cl)c(Cl)c(Cl)c2Cl)cc(C(F)(F)F)c1
P,cyclohexyl,cyclohexyl,C1,bis_cf3_phenyl,bis_cf3_phenyl,<LB_P><LB1_cyclohexyl><LB2_cyclohexyl><LINKER_C1><LA1_bis_cf3_phenyl><LA2_bis_cf3_phenyl>,FC(F)(F)c1cc(B(CP(C2CCCCC2)C2CCCCC2)c2cc(C(F)(F)F)cc(C(F)(F)F)c2)cc(C(F)(F)F)c1
P,cyclohexyl,cyclohexyl,C2,bis_cf3_phenyl,bis_cf3_phenyl,<LB_P><LB1_cyclohexyl><LB2_cyclohexyl><LINKER_C2><LA1_bis_cf3_phenyl><LA2_bis_cf3_phenyl>,FC(F)(F)c1cc(B(CCP(C2CCCCC2)C2CCCCC2)c2cc(C(F)(F)F)cc(C(F)(F)F)c2)cc(C(F)(F)F)c1
P,cyclohexyl,cyclohexyl,C3,bis_cf3_phenyl,bis_cf3_phenyl,<LB_P><LB1_cyclohexyl><LB2_cyclohexyl><LINKER_C3><LA1_bis_cf3_phenyl><LA2_bis_cf3_phenyl>,FC(F)(F)c1cc(B(CCCP(C2CCCCC2)C2CCCCC2)c2cc(C(F)(F)F)cc(C(F)(F)F)c2)cc(C(F)(F)F)c1
P,cyclohexyl,cyclohexyl,C4,bis_cf3_phenyl,bis_cf3_phenyl,<LB_P><LB1_cyclohexyl><LB2_cyclohexyl><LINKER_C4><LA1_bis_cf3_phenyl><LA2_bis_cf3_phenyl>,FC(F)(F)c1cc(B(CCCCP(C2CCCCC2)C2CCCCC2)c2cc(C(F)(F)F)cc(C(F)(F)F)c2)cc(C(F)(F)F)c1
P,cyclohexyl,cyclohexyl,C5,bis_cf3_phenyl,bis_cf3_phenyl,<LB_P><LB1_cyclohexyl><LB2_cyclohexyl><LINKER_C5><LA1_bis_cf3_phenyl><LA2_bis_cf3_phenyl>,FC(F)(F)c1cc(B(CCCCCP(C2CCCCC2)C2CCCCC2)c2cc(C(F)(F)F)cc(C(F)(F)F)c2)cc(C(F)(F)F)c1
P,cyclohexyl,cyclohexyl,C6,bis_cf3_phenyl,bis_cf3_phenyl,<LB_P><LB1_cyclohexyl><LB2_cyclohexyl><LINKER_C6><LA1_bis_cf3_phenyl><LA2_bis_cf3_phenyl>,FC(F)(F)c1cc(B(CCCCCCP(C2CCCCC2)C2CCCCC2)c2cc(C(F)(F)F)cc(C(F)(F)F)c2)cc(C(F)(F)F)c1
P,cyclohexyl,isopropyl,C1,phenyl,phenyl,<LB_P><LB1_cyclohexyl><LB2_isopropyl><LINKER_C1><LA1_phenyl><LA2_phenyl>,CC(C)P(CB(c1ccccc1)c1ccccc1)C1CCCCC1
P,cyclohexyl,isopropyl,C2,phenyl,phenyl,<LB_P><LB1_cyclohexyl><LB2_isopropyl><LINKER_C2><LA1_phenyl><LA2_phenyl>,CC(C)P(CCB(c1ccccc1)c1ccccc1)C1CCCCC1
P,cyclohexyl,isopropyl,C3,phenyl,phenyl,<LB_P><LB1_cyclohexyl><LB2_isopropyl><LINKER_C3><LA1_phenyl><LA2_phenyl>,CC(C)P(CCCB(c1ccccc1)c1ccccc1)C1CCCCC1
P,cyclohexyl,isopropyl,C4,phenyl,phenyl,<LB_P><LB1_cyclohexyl><LB2_isopropyl><LINKER_C4><LA1_phenyl><LA2_phenyl>,CC(C)P(CCCCB(c1ccccc1)c1ccccc1)C1CCCCC1
P,cyclohexyl,isopropyl,C5,phenyl,phenyl,<LB_P><LB1_cyclohexyl><LB2_isopropyl><LINKER_C5><LA1_phenyl><LA2_phenyl>,CC(C)P(CCCCCB(c1ccccc1)c1ccccc1)C1CCCCC1
P,cyclohexyl,isopropyl,C6,phenyl,phenyl,<LB_P><LB1_cyclohexyl><LB2_isopropyl><LINKER_C6><LA1_phenyl><LA2_phenyl>,CC(C)P(CCCCCCB(c1ccccc1)c1ccccc1)C1CCCCC1
P,cyclohexyl,isopropyl,C1,phenyl,p_tolyl,<LB_P><LB1_cyclohexyl><LB2_isopropyl><LINKER_C1><LA1_phenyl><LA2_p_tolyl>,Cc1ccc(B(CP(C(C)C)C2CCCCC2)c2ccccc2)cc1
P,cyclohexyl,isopropyl,C2,phenyl,p_tolyl,<LB_P><LB1_cyclohexyl><LB2_isopropyl><LINKER_C2><LA1_phenyl><LA2_p_tolyl>,Cc1ccc(B(CCP(C(C)C)C2CCCCC2)c2ccccc2)cc1
P,cyclohexyl,isopropyl,C3,phenyl,p_tolyl,<LB_P><LB1_cyclohexyl><LB2_isopropyl><LINKER_C3><LA1_phenyl><LA2_p_tolyl>,Cc1ccc(B(CCCP(C(C)C)C2CCCCC2)c2ccccc2)cc1
P,cyclohexyl,isopropyl,C4,phenyl,p_tolyl,<LB_P><LB1_cyclohexyl><LB2_isopropyl><LINKER_C4><LA1_phenyl><LA2_p_tolyl>,Cc1ccc(B(CCCCP(C(C)C)C2CCCCC2)c2ccccc2)cc1
P,cyclohexyl,isopropyl,C5,phenyl,p_tolyl,<LB_P><LB1_cyclohexyl><LB2_isopropyl><LINKER_C5><LA1_phenyl><LA2_p_tolyl>,Cc1ccc(B(CCCCCP(C(C)C)C2CCCCC2)c2ccccc2)cc1
P,cyclohexyl,isopropyl,C6,phenyl,p_tolyl,<LB_P><LB1_cyclohexyl><LB2_isopropyl><LINKER_C6><LA1_phenyl><LA2_p_tolyl>,Cc1ccc(B(CCCCCCP(C(C)C)C2CCCCC2)c2ccccc2)cc1
P,cyclohexyl,isopropyl,C1,phenyl,mesityl,<LB_P><LB1_cyclohexyl><LB2_isopropyl><LINKER_C1><LA1_phenyl><LA2_mesityl>,Cc1cc(C)c(B(CP(C(C)C)C2CCCCC2)c2ccccc2)c(C)c1
P,cyclohexyl,isopropyl,C2,phenyl,mesityl,<LB_P><LB1_cyclohexyl><LB2_isopropyl><LINKER_C2><LA1_phenyl><LA2_mesityl>,Cc1cc(C)c(B(CCP(C(C)C)C2CCCCC2)c2ccccc2)c(C)c1
P,cyclohexyl,isopropyl,C3,phenyl,mesityl,<LB_P><LB1_cyclohexyl><LB2_isopropyl><LINKER_C3><LA1_phenyl><LA2_mesityl>,Cc1cc(C)c(B(CCCP(C(C)C)C2CCCCC2)c2ccccc2)c(C)c1
P,cyclohexyl,isopropyl,C4,phenyl,mesityl,<LB_P><LB1_cyclohexyl><LB2_isopropyl><LINKER_C4><LA1_phenyl><LA2_mesityl>,Cc1cc(C)c(B(CCCCP(C(C)C)C2CCCCC2)c2ccccc2)c(C)c1
P,cyclohexyl,isopropyl,C5,phenyl,mesityl,<LB_P><LB1_cyclohexyl><LB2_isopropyl><LINKER_C5><LA1_phenyl><LA2_mesityl>,Cc1cc(C)c(B(CCCCCP(C(C)C)C2CCCCC2)c2ccccc2)c(C)c1
P,cyclohexyl,isopropyl,C6,phenyl,mesityl,<LB_P><LB1_cyclohexyl><LB2_isopropyl><LINKER_C6><LA1_phenyl><LA2_mesityl>,Cc1cc(C)c(B(CCCCCCP(C(C)C)C2CCCCC2)c2ccccc2)c(C)c1
P,cyclohexyl,isopropyl,C1,phenyl,pentafluorophenyl,<LB_P><LB1_cyclohexyl><LB2_isopropyl><LINKER_C1><LA1_phenyl><LA2_pentafluorophenyl>,CC(C)P(CB(c1ccccc1)c1c(F)c(F)c(F)c(F)c1F)C1CCCCC1
P,cyclohexyl,isopropyl,C2,phenyl,pentafluorophenyl,<LB_P><LB1_cyclohexyl><LB2_isopropyl><LINKER_C2><LA1_phenyl><LA2_pentafluorophenyl>,CC(C)P(CCB(c1ccccc1)c1c(F)c(F)c(F)c(F)c1F)C1CCCCC1
P,cyclohexyl,isopropyl,C3,phenyl,pentafluorophenyl,<LB_P><LB1_cyclohexyl><LB2_isopropyl><LINKER_C3><LA1_phenyl><LA2_pentafluorophenyl>,CC(C)P(CCCB(c1ccccc1)c1c(F)c(F)c(F)c(F)c1F)C1CCCCC1
P,cyclohexyl,isopropyl,C4,phenyl,pentafluorophenyl,<LB_P><LB1_cyclohexyl><LB2_isopropyl><LINKER_C4><LA1_phenyl><LA2_pentafluorophenyl>,CC(C)P(CCCCB(c1ccccc1)c1c(F)c(F)c(F)c(F)c1F)C1CCCCC1
P,cyclohexyl,isopropyl,C5,phenyl,pentafluorophenyl,<LB_P><LB1_cyclohexyl><LB2_isopropyl><LINKER_C5><LA1_phenyl><LA2_pentafluorophenyl>,CC(C)P(CCCCCB(c1ccccc1)c1c(F)c(F)c(F)c(F)c1F)C1CCCCC1
P,cyclohexyl,isopropyl,C6,phenyl,pentafluorophenyl,<LB_P><LB1_cyclohexyl><LB2_isopropyl><LINKER_C6><LA1_phenyl><LA2_pentafluorophenyl>,CC(C)P(CCCCCCB(c1ccccc1)c1c(F)c(F)c(F)c(F)c1F)C1CCCCC1
P,cyclohexyl,isopropyl,C1,phenyl,pentachlorophenyl,<LB_P><LB1_cyclohexyl><LB2_isopropyl><LINKER_C1><LA1_phenyl><LA2_pentachlorophenyl>,CC(C)P(CB(c1ccccc1)c1c(Cl)c(Cl)c(Cl)c(Cl)c1Cl)C1CCCCC1
P,cyclohexyl,isopropyl,C2,phenyl,pentachlorophenyl,<LB_P><LB1_cyclohexyl><LB2_isopropyl><LINKER_C2><LA1_phenyl><LA2_pentachlorophenyl>,CC(C)P(CCB(c1ccccc1)c1c(Cl)c(Cl)c(Cl)c(Cl)c1Cl)C1CCCCC1
P,cyclohexyl,isopropyl,C3,phenyl,pentachlorophenyl,<LB_P><LB1_cyclohexyl><LB2_isopropyl><LINKER_C3><LA1_phenyl><LA2_pentachlorophenyl>,CC(C)P(CCCB(c1ccccc1)c1c(Cl)c(Cl)c(Cl)c(Cl)c1Cl)C1CCCCC1
P,cyclohexyl,isopropyl,C4,phenyl,pentachlorophenyl,<LB_P><LB1_cyclohexyl><LB2_isopropyl><LINKER_C4><LA1_phenyl><LA2_pentachlorophenyl>,CC(C)P(CCCCB(c1ccccc1)c1c(Cl)c(Cl)c(Cl)c(Cl)c1Cl)C1CCCCC1
P,cyclohexyl,isopropyl,C5,phenyl,pentachlorophenyl,<LB_P><LB1_cyclohexyl><LB2_isopropyl><LINKER_C5><LA1_phenyl><LA2_pentachlorophenyl>,CC(C)P(CCCCCB(c1ccccc1)c1c(Cl)c(Cl)c(Cl)c(Cl)c1Cl)C1CCCCC1
P,cyclohexyl,isopropyl,C6,phenyl,pentachlorophenyl,<LB_P><LB1_cyclohexyl><LB2_isopropyl><LINKER_C6><LA1_phenyl><LA2_pentachlorophenyl>,CC(C)P(CCCCCCB(c1ccccc1)c1c(Cl)c(Cl)c(Cl)c(Cl)c1Cl)C1CCCCC1
P,cyclohexyl,isopropyl,C1,phenyl,bis_cf3_phenyl,<LB_P><LB1_cyclohexyl><LB2_isopropyl><LINKER_C1><LA1_phenyl><LA2_bis_cf3_phenyl>,CC(C)P(CB(c1ccccc1)c1cc(C(F)(F)F)cc(C(F)(F)F)c1)C1CCCCC1
P,cyclohexyl,isopropyl,C2,phenyl,bis_cf3_phenyl,<LB_P><LB1_cyclohexyl><LB2_isopropyl><LINKER_C2><LA1_phenyl><LA2_bis_cf3_phenyl>,CC(C)P(CCB(c1ccccc1)c1cc(C(F)(F)F)cc(C(F)(F)F)c1)C1CCCCC1
P,cyclohexyl,isopropyl,C3,phenyl,bis_cf3_phenyl,<LB_P><LB1_cyclohexyl><LB2_isopropyl><LINKER_C3><LA1_phenyl><LA2_bis_cf3_phenyl>,CC(C)P(CCCB(c1ccccc1)c1cc(C(F)(F)F)cc(C(F)(F)F)c1)C1CCCCC1
P,cyclohexyl,isopropyl,C4,phenyl,bis_cf3_phenyl,<LB_P><LB1_cyclohexyl><LB2_isopropyl><LINKER_C4><LA1_phenyl><LA2_bis_cf3_phenyl>,CC(C)P(CCCCB(c1ccccc1)c1cc(C(F)(F)F)cc(C(F)(F)F)c1)C1CCCCC1
P,cyclohexyl,isopropyl,C5,phenyl,bis_cf3_phenyl,<LB_P><LB1_cyclohexyl><LB2_isopropyl><LINKER_C5><LA1_phenyl><LA2_bis_cf3_phenyl>,CC(C)P(CCCCCB(c1ccccc1)c1cc(C(F)(F)F)cc(C(F)(F)F)c1)C1CCCCC1
P,cyclohexyl,isopropyl,C6,phenyl,bis_cf3_phenyl,<LB_P><LB1_cyclohexyl><LB2_isopropyl><LINKER_C6><LA1_phenyl><LA2_bis_cf3_phenyl>,CC(C)P(CCCCCCB(c1ccccc1)c1cc(C(F)(F)F)cc(C(F)(F)F)c1)C1CCCCC1
P,cyclohexyl,isopropyl,C1,p_tolyl,p_tolyl,<LB_P><LB1_cyclohexyl><LB2_isopropyl><LINKER_C1><LA1_p_tolyl><LA2_p_tolyl>,Cc1ccc(B(CP(C(C)C)C2CCCCC2)c2ccc(C)cc2)cc1
P,cyclohexyl,isopropyl,C2,p_tolyl,p_tolyl,<LB_P><LB1_cyclohexyl><LB2_isopropyl><LINKER_C2><LA1_p_tolyl><LA2_p_tolyl>,Cc1ccc(B(CCP(C(C)C)C2CCCCC2)c2ccc(C)cc2)cc1
P,cyclohexyl,isopropyl,C3,p_tolyl,p_tolyl,<LB_P><LB1_cyclohexyl><LB2_isopropyl><LINKER_C3><LA1_p_tolyl><LA2_p_tolyl>,Cc1ccc(B(CCCP(C(C)C)C2CCCCC2)c2ccc(C)cc2)cc1
P,cyclohexyl,isopropyl,C4,p_tolyl,p_tolyl,<LB_P><LB1_cyclohexyl><LB2_isopropyl><LINKER_C4><LA1_p_tolyl><LA2_p_tolyl>,Cc1ccc(B(CCCCP(C(C)C)C2CCCCC2)c2ccc(C)cc2)cc1
P,cyclohexyl,isopropyl,C5,p_tolyl,p_tolyl,<LB_P><LB1_cyclohexyl><LB2_isopropyl><LINKER_C5><LA1_p_tolyl><LA2_p_tolyl>,Cc1ccc(B(CCCCCP(C(C)C)C2CCCCC2)c2ccc(C)cc2)cc1
P,cyclohexyl,isopropyl,C6,p_tolyl,p_tolyl,<LB_P><LB1_cyclohexyl><LB2_isopropyl><LINKER_C6><LA1_p_tolyl><LA2_p_tolyl>,Cc1ccc(B(CCCCCCP(C(C)C)C2CCCCC2)c2ccc(C)cc2)cc1
P,cyclohexyl,isopropyl,C1,p_tolyl,mesityl,<LB_P><LB1_cyclohexyl><LB2_isopropyl><LINKER_C1><LA1_p_tolyl><LA2_mesityl>,Cc1ccc(B(CP(C(C)C)C2CCCCC2)c2c(C)cc(C)cc2C)cc1
P,cyclohexyl,isopropyl,C2,p_tolyl,mesityl,<LB_P><LB1_cyclohexyl><LB2_isopropyl><LINKER_C2><LA1_p_tolyl><LA2_mesityl>,Cc1ccc(B(CCP(C(C)C)C2CCCCC2)c2c(C)cc(C)cc2C)cc1
P,cyclohexyl,isopropyl,C3,p_tolyl,mesityl,<LB_P><LB1_cyclohexyl><LB2_isopropyl><LINKER_C3><LA1_p_tolyl><LA2_mesityl>,Cc1ccc(B(CCCP(C(C)C)C2CCCCC2)c2c(C)cc(C)cc2C)cc1
P,cyclohexyl,isopropyl,C4,p_tolyl,mesityl,<LB_P><LB1_cyclohexyl><LB2_isopropyl><LINKER_C4><LA1_p_tolyl><LA2_mesityl>,Cc1ccc(B(CCCCP(C(C)C)C2CCCCC2)c2c(C)cc(C)cc2C)cc1
P,cyclohexyl,isopropyl,C5,p_tolyl,mesityl,<LB_P><LB1_cyclohexyl><LB2_isopropyl><LINKER_C5><LA1_p_tolyl><LA2_mesityl>,Cc1ccc(B(CCCCCP(C(C)C)C2CCCCC2)c2c(C)cc(C)cc2C)cc1
P,cyclohexyl,isopropyl,C6,p_tolyl,mesityl,<LB_P><LB1_cyclohexyl><LB2_isopropyl><LINKER_C6><LA1_p_tolyl><LA2_mesityl>,Cc1ccc(B(CCCCCCP(C(C)C)C2CCCCC2)c2c(C)cc(C)cc2C)cc1
P,cyclohexyl,isopropyl,C1,p_tolyl,pentafluorophenyl,<LB_P><LB1_cyclohexyl><LB2_isopropyl><LINKER_C1><LA1_p_tolyl><LA2_pentafluorophenyl>,Cc1ccc(B(CP(C(C)C)C2CCCCC2)c2c(F)c(F)c(F)c(F)c2F)cc1
P,cyclohexyl,isopropyl,C2,p_tolyl,pentafluorophenyl,<LB_P><LB1_cyclohexyl><LB2_isopropyl><LINKER_C2><LA1_p_tolyl><LA2_pentafluorophenyl>,Cc1ccc(B(CCP(C(C)C)C2CCCCC2)c2c(F)c(F)c(F)c(F)c2F)cc1
P,cyclohexyl,isopropyl,C3,p_tolyl,pentafluorophenyl,<LB_P><LB1_cyclohexyl><LB2_isopropyl><LINKER_C3><LA1_p_tolyl><LA2_pentafluorophenyl>,Cc1ccc(B(CCCP(C(C)C)C2CCCCC2)c2c(F)c(F)c(F)c(F)c2F)cc1
P,cyclohexyl,isopropyl,C4,p_tolyl,pentafluorophenyl,<LB_P><LB1_cyclohexyl><LB2_isopropyl><LINKER_C4><LA1_p_tolyl><LA2_pentafluorophenyl>,Cc1ccc(B(CCCCP(C(C)C)C2CCCCC2)c2c(F)c(F)c(F)c(F)c2F)cc1
P,cyclohexyl,isopropyl,C5,p_tolyl,pentafluorophenyl,<LB_P><LB1_cyclohexyl><LB2_isopropyl><LINKER_C5><LA1_p_tolyl><LA2_pentafluorophenyl>,Cc1ccc(B(CCCCCP(C(C)C)C2CCCCC2)c2c(F)c(F)c(F)c(F)c2F)cc1
P,cyclohexyl,isopropyl,C6,p_tolyl,pentafluorophenyl,<LB_P><LB1_cyclohexyl><LB2_isopropyl><LINKER_C6><LA1_p_tolyl><LA2_pentafluorophenyl>,Cc1ccc(B(CCCCCCP(C(C)C)C2CCCCC2)c2c(F)c(F)c(F)c(F)c2F)cc1
P,cyclohexyl,isopropyl,C1,p_tolyl,pentachlorophenyl,<LB_P><LB1_cyclohexyl><LB2_isopropyl><LINKER_C1><LA1_p_tolyl><LA2_pentachlorophenyl>,Cc1ccc(B(CP(C(C)C)C2CCCCC2)c2c(Cl)c(Cl)c(Cl)c(Cl)c2Cl)cc1
P,cyclohexyl,isopropyl,C2,p_tolyl,pentachlorophenyl,<LB_P><LB1_cyclohexyl><LB2_isopropyl><LINKER_C2><LA1_p_tolyl><LA2_pentachlorophenyl>,Cc1ccc(B(CCP(C(C)C)C2CCCCC2)c2c(Cl)c(Cl)c(Cl)c(Cl)c2Cl)cc1
P,cyclohexyl,isopropyl,C3,p_tolyl,pentachlorophenyl,<LB_P><LB1_cyclohexyl><LB2_isopropyl><LINKER_C3><LA1_p_tolyl><LA2_pentachlorophenyl>,Cc1ccc(B(CCCP(C(C)C)C2CCCCC2)c2c(Cl)c(Cl)c(Cl)c(Cl)c2Cl)cc1
P,cyclohexyl,isopropyl,C4,p_tolyl,pentachlorophenyl,<LB_P><LB1_cyclohexyl><LB2_isopropyl><LINKER_C4><LA1_p_tolyl><LA2_pentachlorophenyl>,Cc1ccc(B(CCCCP(C(C)C)C2CCCCC2)c2c(Cl)c(Cl)c(Cl)c(Cl)c2Cl)cc1
P,cyclohexyl,isopropyl,C5,p_tolyl,pentachlorophenyl,<LB_P><LB1_cyclohexyl><LB2_isopropyl><LINKER_C5><LA1_p_tolyl><LA2_pentachlorophenyl>,Cc1ccc(B(CCCCCP(C(C)C)C2CCCCC2)c2c(Cl)c(Cl)c(Cl)c(Cl)c2Cl)cc1
P,cyclohexyl,isopropyl,C6,p_tolyl,pentachlorophenyl,<LB_P><LB1_cyclohexyl><LB2_isopropyl><LINKER_C6><LA1_p_tolyl><LA2_pentachlorophenyl>,Cc1ccc(B(CCCCCCP(C(C)C)C2CCCCC2)c2c(Cl)c(Cl)c(Cl)c(Cl)c2Cl)cc1
P,cyclohexyl,isopropyl,C1,p_tolyl,bis_cf3_phenyl,<LB_P><LB1_cyclohexyl><LB2_isopropyl><LINKER_C1><LA1_p_tolyl><LA2_bis_cf3_phenyl>,Cc1ccc(B(CP(C(C)C)C2CCCCC2)c2cc(C(F)(F)F)cc(C(F)(F)F)c2)cc1
P,cyclohexyl,isopropyl,C2,p_tolyl,bis_cf3_phenyl,<LB_P><LB1_cyclohexyl><LB2_isopropyl><LINKER_C2><LA1_p_tolyl><LA2_bis_cf3_phenyl>,Cc1ccc(B(CCP(C(C)C)C2CCCCC2)c2cc(C(F)(F)F)cc(C(F)(F)F)c2)cc1
P,cyclohexyl,isopropyl,C3,p_tolyl,bis_cf3_phenyl,<LB_P><LB1_cyclohexyl><LB2_isopropyl><LINKER_C3><LA1_p_tolyl><LA2_bis_cf3_phenyl>,Cc1ccc(B(CCCP(C(C)C)C2CCCCC2)c2cc(C(F)(F)F)cc(C(F)(F)F)c2)cc1
P,cyclohexyl,isopropyl,C4,p_tolyl,bis_cf3_phenyl,<LB_P><LB1_cyclohexyl><LB2_isopropyl><LINKER_C4><LA1_p_tolyl><LA2_bis_cf3_phenyl>,Cc1ccc(B(CCCCP(C(C)C)C2CCCCC2)c2cc(C(F)(F)F)cc(C(F)(F)F)c2)cc1
P,cyclohexyl,isopropyl,C5,p_tolyl,bis_cf3_phenyl,<LB_P><LB1_cyclohexyl><LB2_isopropyl><LINKER_C5><LA1_p_tolyl><LA2_bis_cf3_phenyl>,Cc1ccc(B(CCCCCP(C(C)C)C2CCCCC2)c2cc(C(F)(F)F)cc(C(F)(F)F)c2)cc1
P,cyclohexyl,isopropyl,C6,p_tolyl,bis_cf3_phenyl,<LB_P><LB1_cyclohexyl><LB2_isopropyl><LINKER_C6><LA1_p_tolyl><LA2_bis_cf3_phenyl>,Cc1ccc(B(CCCCCCP(C(C)C)C2CCCCC2)c2cc(C(F)(F)F)cc(C(F)(F)F)c2)cc1
P,cyclohexyl,isopropyl,C1,mesityl,mesityl,<LB_P><LB1_cyclohexyl><LB2_isopropyl><LINKER_C1><LA1_mesityl><LA2_mesityl>,Cc1cc(C)c(B(CP(C(C)C)C2CCCCC2)c2c(C)cc(C)cc2C)c(C)c1
P,cyclohexyl,isopropyl,C2,mesityl,mesityl,<LB_P><LB1_cyclohexyl><LB2_isopropyl><LINKER_C2><LA1_mesityl><LA2_mesityl>,Cc1cc(C)c(B(CCP(C(C)C)C2CCCCC2)c2c(C)cc(C)cc2C)c(C)c1
P,cyclohexyl,isopropyl,C3,mesityl,mesityl,<LB_P><LB1_cyclohexyl><LB2_isopropyl><LINKER_C3><LA1_mesityl><LA2_mesityl>,Cc1cc(C)c(B(CCCP(C(C)C)C2CCCCC2)c2c(C)cc(C)cc2C)c(C)c1
P,cyclohexyl,isopropyl,C4,mesityl,mesityl,<LB_P><LB1_cyclohexyl><LB2_isopropyl><LINKER_C4><LA1_mesityl><LA2_mesityl>,Cc1cc(C)c(B(CCCCP(C(C)C)C2CCCCC2)c2c(C)cc(C)cc2C)c(C)c1
P,cyclohexyl,isopropyl,C5,mesityl,mesityl,<LB_P><LB1_cyclohexyl><LB2_isopropyl><LINKER_C5><LA1_mesityl><LA2_mesityl>,Cc1cc(C)c(B(CCCCCP(C(C)C)C2CCCCC2)c2c(C)cc(C)cc2C)c(C)c1
P,cyclohexyl,isopropyl,C6,mesityl,mesityl,<LB_P><LB1_cyclohexyl><LB2_isopropyl><LINKER_C6><LA1_mesityl><LA2_mesityl>,Cc1cc(C)c(B(CCCCCCP(C(C)C)C2CCCCC2)c2c(C)cc(C)cc2C)c(C)c1
P,cyclohexyl,isopropyl,C1,mesityl,pentafluorophenyl,<LB_P><LB1_cyclohexyl><LB2_isopropyl><LINKER_C1><LA1_mesityl><LA2_pentafluorophenyl>,Cc1cc(C)c(B(CP(C(C)C)C2CCCCC2)c2c(F)c(F)c(F)c(F)c2F)c(C)c1
P,cyclohexyl,isopropyl,C2,mesityl,pentafluorophenyl,<LB_P><LB1_cyclohexyl><LB2_isopropyl><LINKER_C2><LA1_mesityl><LA2_pentafluorophenyl>,Cc1cc(C)c(B(CCP(C(C)C)C2CCCCC2)c2c(F)c(F)c(F)c(F)c2F)c(C)c1
P,cyclohexyl,isopropyl,C3,mesityl,pentafluorophenyl,<LB_P><LB1_cyclohexyl><LB2_isopropyl><LINKER_C3><LA1_mesityl><LA2_pentafluorophenyl>,Cc1cc(C)c(B(CCCP(C(C)C)C2CCCCC2)c2c(F)c(F)c(F)c(F)c2F)c(C)c1
P,cyclohexyl,isopropyl,C4,mesityl,pentafluorophenyl,<LB_P><LB1_cyclohexyl><LB2_isopropyl><LINKER_C4><LA1_mesityl><LA2_pentafluorophenyl>,Cc1cc(C)c(B(CCCCP(C(C)C)C2CCCCC2)c2c(F)c(F)c(F)c(F)c2F)c(C)c1
P,cyclohexyl,isopropyl,C5,mesityl,pentafluorophenyl,<LB_P><LB1_cyclohexyl><LB2_isopropyl><LINKER_C5><LA1_mesityl><LA2_pentafluorophenyl>,Cc1cc(C)c(B(CCCCCP(C(C)C)C2CCCCC2)c2c(F)c(F)c(F)c(F)c2F)c(C)c1
P,cyclohexyl,isopropyl,C6,mesityl,pentafluorophenyl,<LB_P><LB1_cyclohexyl><LB2_isopropyl><LINKER_C6><LA1_mesityl><LA2_pentafluorophenyl>,Cc1cc(C)c(B(CCCCCCP(C(C)C)C2CCCCC2)c2c(F)c(F)c(F)c(F)c2F)c(C)c1
P,cyclohexyl,isopropyl,C1,mesityl,pentachlorophenyl,<LB_P><LB1_cyclohexyl><LB2_isopropyl><LINKER_C1><LA1_mesityl><LA2_pentachlorophenyl>,Cc1cc(C)c(B(CP(C(C)C)C2CCCCC2)c2c(Cl)c(Cl)c(Cl)c(Cl)c2Cl)c(C)c1
P,cyclohexyl,isopropyl,C2,mesityl,pentachlorophenyl,<LB_P><LB1_cyclohexyl><LB2_isopropyl><LINKER_C2><LA1_mesityl><LA2_pentachlorophenyl>,Cc1cc(C)c(B(CCP(C(C)C)C2CCCCC2)c2c(Cl)c(Cl)c(Cl)c(Cl)c2Cl)c(C)c1
P,cyclohexyl,isopropyl,C3,mesityl,pentachlorophenyl,<LB_P><LB1_cyclohexyl><LB2_isopropyl><LINKER_C3><LA1_mesityl><LA2_pentachlorophenyl>,Cc1cc(C)c(B(CCCP(C(C)C)C2CCCCC2)c2c(Cl)c(Cl)c(Cl)c(Cl)c2Cl)c(C)c1
P,cyclohexyl,isopropyl,C4,mesityl,pentachlorophenyl,<LB_P><LB1_cyclohexyl><LB2_isopropyl><LINKER_C4><LA1_mesityl><LA2_pentachlorophenyl>,Cc1cc(C)c(B(CCCCP(C(C)C)C2CCCCC2)c2c(Cl)c(Cl)c(Cl)c(Cl)c2Cl)c(C)c1
P,cyclohexyl,isopropyl,C5,mesityl,pentachlorophenyl,<LB_P><LB1_cyclohexyl><LB2_isopropyl><LINKER_C5><LA1_mesityl><LA2_pentachlorophenyl>,Cc1cc(C)c(B(CCCCCP(C(C)C)C2CCCCC2)c2c(Cl)c(Cl)c(Cl)c(Cl)c2Cl)c(C)c1
P,cyclohexyl,isopropyl,C6,mesityl,pentachlorophenyl,<LB_P><LB1_cyclohexyl><LB2_isopropyl><LINKER_C6><LA1_mesityl><LA2_pentachlorophenyl>,Cc1cc(C)c(B(CCCCCCP(C(C)C)C2CCCCC2)c2c(Cl)c(Cl)c(Cl)c(Cl)c2Cl)c(C)c1
P,cyclohexyl,isopropyl,C1,mesityl,bis_cf3_phenyl,<LB_P><LB1_cyclohexyl><LB2_isopropyl><LINKER_C1><LA1_mesityl><LA2_bis_cf3_phenyl>,Cc1cc(C)c(B(CP(C(C)C)C2CCCCC2)c2cc(C(F)(F)F)cc(C(F)(F)F)c2)c(C)c1
P,cyclohexyl,isopropyl,C2,mesityl,bis_cf3_phenyl,<LB_P><LB1_cyclohexyl><LB2_isopropyl><LINKER_C2><LA1_mesityl><LA2_bis_cf3_phenyl>,Cc1cc(C)c(B(CCP(C(C)C)C2CCCCC2)c2cc(C(F)(F)F)cc(C(F)(F)F)c2)c(C)c1
P,cyclohexyl,isopropyl,C3,mesityl,bis_cf3_phenyl,<LB_P><LB1_cyclohexyl><LB2_isopropyl><LINKER_C3><LA1_mesityl><LA2_bis_cf3_phenyl>,Cc1cc(C)c(B(CCCP(C(C)C)C2CCCCC2)c2cc(C(F)(F)F)cc(C(F)(F)F)c2)c(C)c1
P,cyclohexyl,isopropyl,C4,mesityl,bis_cf3_phenyl,<LB_P><LB1_cyclohexyl><LB2_isopropyl><LINKER_C4><LA1_mesityl><LA2_bis_cf3_phenyl>,Cc1cc(C)c(B(CCCCP(C(C)C)C2CCCCC2)c2cc(C(F)(F)F)cc(C(F)(F)F)c2)c(C)c1
P,cyclohexyl,isopropyl,C5,mesityl,bis_cf3_phenyl,<LB_P><LB1_cyclohexyl><LB2_isopropyl><LINKER_C5><LA1_mesityl><LA2_bis_cf3_phenyl>,Cc1cc(C)c(B(CCCCCP(C(C)C)C2CCCCC2)c2cc(C(F)(F)F)cc(C(F)(F)F)c2)c(C)c1
P,cyclohexyl,isopropyl,C6,mesityl,bis_cf3_phenyl,<LB_P><LB1_cyclohexyl><LB2_isopropyl><LINKER_C6><LA1_mesityl><LA2_bis_cf3_phenyl>,Cc1cc(C)c(B(CCCCCCP(C(C)C)C2CCCCC2)c2cc(C(F)(F)F)cc(C(F)(F)F)c2)c(C)c1
P,cyclohexyl,isopropyl,C1,pentafluorophenyl,pentafluorophenyl,<LB_P><LB1_cyclohexyl><LB2_isopropyl><LINKER_C1><LA1_pentafluorophenyl><LA2_pentafluorophenyl>,CC(C)P(CB(c1c(F)c(F)c(F)c(F)c1F)c1c(F)c(F)c(F)c(F)c1F)C1CCCCC1
P,cyclohexyl,isopropyl,C2,pentafluorophenyl,pentafluorophenyl,<LB_P><LB1_cyclohexyl><LB2_isopropyl><LINKER_C2><LA1_pentafluorophenyl><LA2_pentafluorophenyl>,CC(C)P(CCB(c1c(F)c(F)c(F)c(F)c1F)c1c(F)c(F)c(F)c(F)c1F)C1CCCCC1
P,cyclohexyl,isopropyl,C3,pentafluorophenyl,pentafluorophenyl,<LB_P><LB1_cyclohexyl><LB2_isopropyl><LINKER_C3><LA1_pentafluorophenyl><LA2_pentafluorophenyl>,CC(C)P(CCCB(c1c(F)c(F)c(F)c(F)c1F)c1c(F)c(F)c(F)c(F)c1F)C1CCCCC1
P,cyclohexyl,isopropyl,C4,pentafluorophenyl,pentafluorophenyl,<LB_P><LB1_cyclohexyl><LB2_isopropyl><LINKER_C4><LA1_pentafluorophenyl><LA2_pentafluorophenyl>,CC(C)P(CCCCB(c1c(F)c(F)c(F)c(F)c1F)c1c(F)c(F)c(F)c(F)c1F)C1CCCCC1
P,cyclohexyl,isopropyl,C5,pentafluorophenyl,pentafluorophenyl,<LB_P><LB1_cyclohexyl><LB2_isopropyl><LINKER_C5><LA1_pentafluorophenyl><LA2_pentafluorophenyl>,CC(C)P(CCCCCB(c1c(F)c(F)c(F)c(F)c1F)c1c(F)c(F)c(F)c(F)c1F)C1CCCCC1
P,cyclohexyl,isopropyl,C6,pentafluorophenyl,pentafluorophenyl,<LB_P><LB1_cyclohexyl><LB2_isopropyl><LINKER_C6><LA1_pentafluorophenyl><LA2_pentafluorophenyl>,CC(C)P(CCCCCCB(c1c(F)c(F)c(F)c(F)c1F)c1c(F)c(F)c(F)c(F)c1F)C1CCCCC1
P,cyclohexyl,isopropyl,C1,pentafluorophenyl,pentachlorophenyl,<LB_P><LB1_cyclohexyl><LB2_isopropyl><LINKER_C1><LA1_pentafluorophenyl><LA2_pentachlorophenyl>,CC(C)P(CB(c1c(F)c(F)c(F)c(F)c1F)c1c(Cl)c(Cl)c(Cl)c(Cl)c1Cl)C1CCCCC1
P,cyclohexyl,isopropyl,C2,pentafluorophenyl,pentachlorophenyl,<LB_P><LB1_cyclohexyl><LB2_isopropyl><LINKER_C2><LA1_pentafluorophenyl><LA2_pentachlorophenyl>,CC(C)P(CCB(c1c(F)c(F)c(F)c(F)c1F)c1c(Cl)c(Cl)c(Cl)c(Cl)c1Cl)C1CCCCC1
P,cyclohexyl,isopropyl,C3,pentafluorophenyl,pentachlorophenyl,<LB_P><LB1_cyclohexyl><LB2_isopropyl><LINKER_C3><LA1_pentafluorophenyl><LA2_pentachlorophenyl>,CC(C)P(CCCB(c1c(F)c(F)c(F)c(F)c1F)c1c(Cl)c(Cl)c(Cl)c(Cl)c1Cl)C1CCCCC1
P,cyclohexyl,isopropyl,C4,pentafluorophenyl,pentachlorophenyl,<LB_P><LB1_cyclohexyl><LB2_isopropyl><LINKER_C4><LA1_pentafluorophenyl><LA2_pentachlorophenyl>,CC(C)P(CCCCB(c1c(F)c(F)c(F)c(F)c1F)c1c(Cl)c(Cl)c(Cl)c(Cl)c1Cl)C1CCCCC1
P,cyclohexyl,isopropyl,C5,pentafluorophenyl,pentachlorophenyl,<LB_P><LB1_cyclohexyl><LB2_isopropyl><LINKER_C5><LA1_pentafluorophenyl><LA2_pentachlorophenyl>,CC(C)P(CCCCCB(c1c(F)c(F)c(F)c(F)c1F)c1c(Cl)c(Cl)c(Cl)c(Cl)c1Cl)C1CCCCC1
P,cyclohexyl,isopropyl,C6,pentafluorophenyl,pentachlorophenyl,<LB_P><LB1_cyclohexyl><LB2_isopropyl><LINKER_C6><LA1_pentafluorophenyl><LA2_pentachlorophenyl>,CC(C)P(CCCCCCB(c1c(F)c(F)c(F)c(F)c1F)c1c(Cl)c(Cl)c(Cl)c(Cl)c1Cl)C1CCCCC1
P,cyclohexyl,isopropyl,C1,pentafluorophenyl,bis_cf3_phenyl,<LB_P><LB1_cyclohexyl><LB2_isopropyl><LINKER_C1><LA1_pentafluorophenyl><LA2_bis_cf3_phenyl>,CC(C)P(CB(c1cc(C(F)(F)F)cc(C(F)(F)F)c1)c1c(F)c(F)c(F)c(F)c1F)C1CCCCC1
P,cyclohexyl,isopropyl,C2,pentafluorophenyl,bis_cf3_phenyl,<LB_P><LB1_cyclohexyl><LB2_isopropyl><LINKER_C2><LA1_pentafluorophenyl><LA2_bis_cf3_phenyl>,CC(C)P(CCB(c1cc(C(F)(F)F)cc(C(F)(F)F)c1)c1c(F)c(F)c(F)c(F)c1F)C1CCCCC1
P,cyclohexyl,isopropyl,C3,pentafluorophenyl,bis_cf3_phenyl,<LB_P><LB1_cyclohexyl><LB2_isopropyl><LINKER_C3><LA1_pentafluorophenyl><LA2_bis_cf3_phenyl>,CC(C)P(CCCB(c1cc(C(F)(F)F)cc(C(F)(F)F)c1)c1c(F)c(F)c(F)c(F)c1F)C1CCCCC1
P,cyclohexyl,isopropyl,C4,pentafluorophenyl,bis_cf3_phenyl,<LB_P><LB1_cyclohexyl><LB2_isopropyl><LINKER_C4><LA1_pentafluorophenyl><LA2_bis_cf3_phenyl>,CC(C)P(CCCCB(c1cc(C(F)(F)F)cc(C(F)(F)F)c1)c1c(F)c(F)c(F)c(F)c1F)C1CCCCC1
P,cyclohexyl,isopropyl,C5,pentafluorophenyl,bis_cf3_phenyl,<LB_P><LB1_cyclohexyl><LB2_isopropyl><LINKER_C5><LA1_pentafluorophenyl><LA2_bis_cf3_phenyl>,CC(C)P(CCCCCB(c1cc(C(F)(F)F)cc(C(F)(F)F)c1)c1c(F)c(F)c(F)c(F)c1F)C1CCCCC1
P,cyclohexyl,isopropyl,C6,pentafluorophenyl,bis_cf3_phenyl,<LB_P><LB1_cyclohexyl><LB2_isopropyl><LINKER_C6><LA1_pentafluorophenyl><LA2_bis_cf3_phenyl>,CC(C)P(CCCCCCB(c1cc(C(F)(F)F)cc(C(F)(F)F)c1)c1c(F)c(F)c(F)c(F)c1F)C1CCCCC1
P,cyclohexyl,isopropyl,C1,pentachlorophenyl,pentachlorophenyl,<LB_P><LB1_cyclohexyl><LB2_isopropyl><LINKER_C1><LA1_pentachlorophenyl><LA2_pentachlorophenyl>,CC(C)P(CB(c1c(Cl)c(Cl)c(Cl)c(Cl)c1Cl)c1c(Cl)c(Cl)c(Cl)c(Cl)c1Cl)C1CCCCC1
P,cyclohexyl,isopropyl,C2,pentachlorophenyl,pentachlorophenyl,<LB_P><LB1_cyclohexyl><LB2_isopropyl><LINKER_C2><LA1_pentachlorophenyl><LA2_pentachlorophenyl>,CC(C)P(CCB(c1c(Cl)c(Cl)c(Cl)c(Cl)c1Cl)c1c(Cl)c(Cl)c(Cl)c(Cl)c1Cl)C1CCCCC1
P,cyclohexyl,isopropyl,C3,pentachlorophenyl,pentachlorophenyl,<LB_P><LB1_cyclohexyl><LB2_isopropyl><LINKER_C3><LA1_pentachlorophenyl><LA2_pentachlorophenyl>,CC(C)P(CCCB(c1c(Cl)c(Cl)c(Cl)c(Cl)c1Cl)c1c(Cl)c(Cl)c(Cl)c(Cl)c1Cl)C1CCCCC1
P,cyclohexyl,isopropyl,C4,pentachlorophenyl,pentachlorophenyl,<LB_P><LB1_cyclohexyl><LB2_isopropyl><LINKER_C4><LA1_pentachlorophenyl><LA2_pentachlorophenyl>,CC(C)P(CCCCB(c1c(Cl)c(Cl)c(Cl)c(Cl)c1Cl)c1c(Cl)c(Cl)c(Cl)c(Cl)c1Cl)C1CCCCC1
P,cyclohexyl,isopropyl,C5,pentachlorophenyl,pentachlorophenyl,<LB_P><LB1_cyclohexyl><LB2_isopropyl><LINKER_C5><LA1_pentachlorophenyl><LA2_pentachlorophenyl>,CC(C)P(CCCCCB(c1c(Cl)c(Cl)c(Cl)c(Cl)c1Cl)c1c(Cl)c(Cl)c(Cl)c(Cl)c1Cl)C1CCCCC1
P,cyclohexyl,isopropyl,C6,pentachlorophenyl,pentachlorophenyl,<LB_P><LB1_cyclohexyl><LB2_isopropyl><LINKER_C6><LA1_pentachlorophenyl><LA2_pentachlorophenyl>,CC(C)P(CCCCCCB(c1c(Cl)c(Cl)c(Cl)c(Cl)c1Cl)c1c(Cl)c(Cl)c(Cl)c(Cl)c1Cl)C1CCCCC1
P,cyclohexyl,isopropyl,C1,pentachlorophenyl,bis_cf3_phenyl,<LB_P><LB1_cyclohexyl><LB2_isopropyl><LINKER_C1><LA1_pentachlorophenyl><LA2_bis_cf3_phenyl>,CC(C)P(CB(c1cc(C(F)(F)F)cc(C(F)(F)F)c1)c1c(Cl)c(Cl)c(Cl)c(Cl)c1Cl)C1CCCCC1
P,cyclohexyl,isopropyl,C2,pentachlorophenyl,bis_cf3_phenyl,<LB_P><LB1_cyclohexyl><LB2_isopropyl><LINKER_C2><LA1_pentachlorophenyl><LA2_bis_cf3_phenyl>,CC(C)P(CCB(c1cc(C(F)(F)F)cc(C(F)(F)F)c1)c1c(Cl)c(Cl)c(Cl)c(Cl)c1Cl)C1CCCCC1
P,cyclohexyl,isopropyl,C3,pentachlorophenyl,bis_cf3_phenyl,<LB_P><LB1_cyclohexyl><LB2_isopropyl><LINKER_C3><LA1_pentachlorophenyl><LA2_bis_cf3_phenyl>,CC(C)P(CCCB(c1cc(C(F)(F)F)cc(C(F)(F)F)c1)c1c(Cl)c(Cl)c(Cl)c(Cl)c1Cl)C1CCCCC1
P,cyclohexyl,isopropyl,C4,pentachlorophenyl,bis_cf3_phenyl,<LB_P><LB1_cyclohexyl><LB2_isopropyl><LINKER_C4><LA1_pentachlorophenyl><LA2_bis_cf3_phenyl>,CC(C)P(CCCCB(c1cc(C(F)(F)F)cc(C(F)(F)F)c1)c1c(Cl)c(Cl)c(Cl)c(Cl)c1Cl)C1CCCCC1
P,cyclohexyl,isopropyl,C5,pentachlorophenyl,bis_cf3_phenyl,<LB_P><LB1_cyclohexyl><LB2_isopropyl><LINKER_C5><LA1_pentachlorophenyl><LA2_bis_cf3_phenyl>,CC(C)P(CCCCCB(c1cc(C(F)(F)F)cc(C(F)(F)F)c1)c1c(Cl)c(Cl)c(Cl)c(Cl)c1Cl)C1CCCCC1
P,cyclohexyl,isopropyl,C6,pentachlorophenyl,bis_cf3_phenyl,<LB_P><LB1_cyclohexyl><LB2_isopropyl><LINKER_C6><LA1_pentachlorophenyl><LA2_bis_cf3_phenyl>,CC(C)P(CCCCCCB(c1cc(C(F)(F)F)cc(C(F)(F)F)c1)c1c(Cl)c(Cl)c(Cl)c(Cl)c1Cl)C1CCCCC1
P,cyclohexyl,isopropyl,C1,bis_cf3_phenyl,bis_cf3_phenyl,<LB_P><LB1_cyclohexyl><LB2_isopropyl><LINKER_C1><LA1_bis_cf3_phenyl><LA2_bis_cf3_phenyl>,CC(C)P(CB(c1cc(C(F)(F)F)cc(C(F)(F)F)c1)c1cc(C(F)(F)F)cc(C(F)(F)F)c1)C1CCCCC1
P,cyclohexyl,isopropyl,C2,bis_cf3_phenyl,bis_cf3_phenyl,<LB_P><LB1_cyclohexyl><LB2_isopropyl><LINKER_C2><LA1_bis_cf3_phenyl><LA2_bis_cf3_phenyl>,CC(C)P(CCB(c1cc(C(F)(F)F)cc(C(F)(F)F)c1)c1cc(C(F)(F)F)cc(C(F)(F)F)c1)C1CCCCC1
P,cyclohexyl,isopropyl,C3,bis_cf3_phenyl,bis_cf3_phenyl,<LB_P><LB1_cyclohexyl><LB2_isopropyl><LINKER_C3><LA1_bis_cf3_phenyl><LA2_bis_cf3_phenyl>,CC(C)P(CCCB(c1cc(C(F)(F)F)cc(C(F)(F)F)c1)c1cc(C(F)(F)F)cc(C(F)(F)F)c1)C1CCCCC1
P,cyclohexyl,isopropyl,C4,bis_cf3_phenyl,bis_cf3_phenyl,<LB_P><LB1_cyclohexyl><LB2_isopropyl><LINKER_C4><LA1_bis_cf3_phenyl><LA2_bis_cf3_phenyl>,CC(C)P(CCCCB(c1cc(C(F)(F)F)cc(C(F)(F)F)c1)c1cc(C(F)(F)F)cc(C(F)(F)F)c1)C1CCCCC1
P,cyclohexyl,isopropyl,C5,bis_cf3_phenyl,bis_cf3_phenyl,<LB_P><LB1_cyclohexyl><LB2_isopropyl><LINKER_C5><LA1_bis_cf3_phenyl><LA2_bis_cf3_phenyl>,CC(C)P(CCCCCB(c1cc(C(F)(F)F)cc(C(F)(F)F)c1)c1cc(C(F)(F)F)cc(C(F)(F)F)c1)C1CCCCC1
P,cyclohexyl,isopropyl,C6,bis_cf3_phenyl,bis_cf3_phenyl,<LB_P><LB1_cyclohexyl><LB2_isopropyl><LINKER_C6><LA1_bis_cf3_phenyl><LA2_bis_cf3_phenyl>,CC(C)P(CCCCCCB(c1cc(C(F)(F)F)cc(C(F)(F)F)c1)c1cc(C(F)(F)F)cc(C(F)(F)F)c1)C1CCCCC1
P,isopropyl,isopropyl,C1,phenyl,phenyl,<LB_P><LB1_isopropyl><LB2_isopropyl><LINKER_C1><LA1_phenyl><LA2_phenyl>,CC(C)P(CB(c1ccccc1)c1ccccc1)C(C)C
P,isopropyl,isopropyl,C2,phenyl,phenyl,<LB_P><LB1_isopropyl><LB2_isopropyl><LINKER_C2><LA1_phenyl><LA2_phenyl>,CC(C)P(CCB(c1ccccc1)c1ccccc1)C(C)C
P,isopropyl,isopropyl,C3,phenyl,phenyl,<LB_P><LB1_isopropyl><LB2_isopropyl><LINKER_C3><LA1_phenyl><LA2_phenyl>,CC(C)P(CCCB(c1ccccc1)c1ccccc1)C(C)C
P,isopropyl,isopropyl,C4,phenyl,phenyl,<LB_P><LB1_isopropyl><LB2_isopropyl><LINKER_C4><LA1_phenyl><LA2_phenyl>,CC(C)P(CCCCB(c1ccccc1)c1ccccc1)C(C)C
P,isopropyl,isopropyl,C5,phenyl,phenyl,<LB_P><LB1_isopropyl><LB2_isopropyl><LINKER_C5><LA1_phenyl><LA2_phenyl>,CC(C)P(CCCCCB(c1ccccc1)c1ccccc1)C(C)C
P,isopropyl,isopropyl,C6,phenyl,phenyl,<LB_P><LB1_isopropyl><LB2_isopropyl><LINKER_C6><LA1_phenyl><LA2_phenyl>,CC(C)P(CCCCCCB(c1ccccc1)c1ccccc1)C(C)C
P,isopropyl,isopropyl,C1,phenyl,p_tolyl,<LB_P><LB1_isopropyl><LB2_isopropyl><LINKER_C1><LA1_phenyl><LA2_p_tolyl>,Cc1ccc(B(CP(C(C)C)C(C)C)c2ccccc2)cc1
P,isopropyl,isopropyl,C2,phenyl,p_tolyl,<LB_P><LB1_isopropyl><LB2_isopropyl><LINKER_C2><LA1_phenyl><LA2_p_tolyl>,Cc1ccc(B(CCP(C(C)C)C(C)C)c2ccccc2)cc1
P,isopropyl,isopropyl,C3,phenyl,p_tolyl,<LB_P><LB1_isopropyl><LB2_isopropyl><LINKER_C3><LA1_phenyl><LA2_p_tolyl>,Cc1ccc(B(CCCP(C(C)C)C(C)C)c2ccccc2)cc1
P,isopropyl,isopropyl,C4,phenyl,p_tolyl,<LB_P><LB1_isopropyl><LB2_isopropyl><LINKER_C4><LA1_phenyl><LA2_p_tolyl>,Cc1ccc(B(CCCCP(C(C)C)C(C)C)c2ccccc2)cc1
P,isopropyl,isopropyl,C5,phenyl,p_tolyl,<LB_P><LB1_isopropyl><LB2_isopropyl><LINKER_C5><LA1_phenyl><LA2_p_tolyl>,Cc1ccc(B(CCCCCP(C(C)C)C(C)C)c2ccccc2)cc1
P,isopropyl,isopropyl,C6,phenyl,p_tolyl,<LB_P><LB1_isopropyl><LB2_isopropyl><LINKER_C6><LA1_phenyl><LA2_p_tolyl>,Cc1ccc(B(CCCCCCP(C(C)C)C(C)C)c2ccccc2)cc1
P,isopropyl,isopropyl,C1,phenyl,mesityl,<LB_P><LB1_isopropyl><LB2_isopropyl><LINKER_C1><LA1_phenyl><LA2_mesityl>,Cc1cc(C)c(B(CP(C(C)C)C(C)C)c2ccccc2)c(C)c1
P,isopropyl,isopropyl,C2,phenyl,mesityl,<LB_P><LB1_isopropyl><LB2_isopropyl><LINKER_C2><LA1_phenyl><LA2_mesityl>,Cc1cc(C)c(B(CCP(C(C)C)C(C)C)c2ccccc2)c(C)c1
P,isopropyl,isopropyl,C3,phenyl,mesityl,<LB_P><LB1_isopropyl><LB2_isopropyl><LINKER_C3><LA1_phenyl><LA2_mesityl>,Cc1cc(C)c(B(CCCP(C(C)C)C(C)C)c2ccccc2)c(C)c1
P,isopropyl,isopropyl,C4,phenyl,mesityl,<LB_P><LB1_isopropyl><LB2_isopropyl><LINKER_C4><LA1_phenyl><LA2_mesityl>,Cc1cc(C)c(B(CCCCP(C(C)C)C(C)C)c2ccccc2)c(C)c1
P,isopropyl,isopropyl,C5,phenyl,mesityl,<LB_P><LB1_isopropyl><LB2_isopropyl><LINKER_C5><LA1_phenyl><LA2_mesityl>,Cc1cc(C)c(B(CCCCCP(C(C)C)C(C)C)c2ccccc2)c(C)c1
P,isopropyl,isopropyl,C6,phenyl,mesityl,<LB_P><LB1_isopropyl><LB2_isopropyl><LINKER_C6><LA1_phenyl><LA2_mesityl>,Cc1cc(C)c(B(CCCCCCP(C(C)C)C(C)C)c2ccccc2)c(C)c1
P,isopropyl,isopropyl,C1,phenyl,pentafluorophenyl,<LB_P><LB1_isopropyl><LB2_isopropyl><LINKER_C1><LA1_phenyl><LA2_pentafluorophenyl>,CC(C)P(CB(c1ccccc1)c1c(F)c(F)c(F)c(F)c1F)C(C)C
P,isopropyl,isopropyl,C2,phenyl,pentafluorophenyl,<LB_P><LB1_isopropyl><LB2_isopropyl><LINKER_C2><LA1_phenyl><LA2_pentafluorophenyl>,CC(C)P(CCB(c1ccccc1)c1c(F)c(F)c(F)c(F)c1F)C(C)C
P,isopropyl,isopropyl,C3,phenyl,pentafluorophenyl,<LB_P><LB1_isopropyl><LB2_isopropyl><LINKER_C3><LA1_phenyl><LA2_pentafluorophenyl>,CC(C)P(CCCB(c1ccccc1)c1c(F)c(F)c(F)c(F)c1F)C(C)C
P,isopropyl,isopropyl,C4,phenyl,pentafluorophenyl,<LB_P><LB1_isopropyl><LB2_isopropyl><LINKER_C4><LA1_phenyl><LA2_pentafluorophenyl>,CC(C)P(CCCCB(c1ccccc1)c1c(F)c(F)c(F)c(F)c1F)C(C)C
P,isopropyl,isopropyl,C5,phenyl,pentafluorophenyl,<LB_P><LB1_isopropyl><LB2_isopropyl><LINKER_C5><LA1_phenyl><LA2_pentafluorophenyl>,CC(C)P(CCCCCB(c1ccccc1)c1c(F)c(F)c(F)c(F)c1F)C(C)C
P,isopropyl,isopropyl,C6,phenyl,pentafluorophenyl,<LB_P><LB1_isopropyl><LB2_isopropyl><LINKER_C6><LA1_phenyl><LA2_pentafluorophenyl>,CC(C)P(CCCCCCB(c1ccccc1)c1c(F)c(F)c(F)c(F)c1F)C(C)C
P,isopropyl,isopropyl,C1,phenyl,pentachlorophenyl,<LB_P><LB1_isopropyl><LB2_isopropyl><LINKER_C1><LA1_phenyl><LA2_pentachlorophenyl>,CC(C)P(CB(c1ccccc1)c1c(Cl)c(Cl)c(Cl)c(Cl)c1Cl)C(C)C
P,isopropyl,isopropyl,C2,phenyl,pentachlorophenyl,<LB_P><LB1_isopropyl><LB2_isopropyl><LINKER_C2><LA1_phenyl><LA2_pentachlorophenyl>,CC(C)P(CCB(c1ccccc1)c1c(Cl)c(Cl)c(Cl)c(Cl)c1Cl)C(C)C
P,isopropyl,isopropyl,C3,phenyl,pentachlorophenyl,<LB_P><LB1_isopropyl><LB2_isopropyl><LINKER_C3><LA1_phenyl><LA2_pentachlorophenyl>,CC(C)P(CCCB(c1ccccc1)c1c(Cl)c(Cl)c(Cl)c(Cl)c1Cl)C(C)C
P,isopropyl,isopropyl,C4,phenyl,pentachlorophenyl,<LB_P><LB1_isopropyl><LB2_isopropyl><LINKER_C4><LA1_phenyl><LA2_pentachlorophenyl>,CC(C)P(CCCCB(c1ccccc1)c1c(Cl)c(Cl)c(Cl)c(Cl)c1Cl)C(C)C
P,isopropyl,isopropyl,C5,phenyl,pentachlorophenyl,<LB_P><LB1_isopropyl><LB2_isopropyl><LINKER_C5><LA1_phenyl><LA2_pentachlorophenyl>,CC(C)P(CCCCCB(c1ccccc1)c1c(Cl)c(Cl)c(Cl)c(Cl)c1Cl)C(C)C
P,isopropyl,isopropyl,C6,phenyl,pentachlorophenyl,<LB_P><LB1_isopropyl><LB2_isopropyl><LINKER_C6><LA1_phenyl><LA2_pentachlorophenyl>,CC(C)P(CCCCCCB(c1ccccc1)c1c(Cl)c(Cl)c(Cl)c(Cl)c1Cl)C(C)C
P,isopropyl,isopropyl,C1,phenyl,bis_cf3_phenyl,<LB_P><LB1_isopropyl><LB2_isopropyl><LINKER_C1><LA1_phenyl><LA2_bis_cf3_phenyl>,CC(C)P(CB(c1ccccc1)c1cc(C(F)(F)F)cc(C(F)(F)F)c1)C(C)C
P,isopropyl,isopropyl,C2,phenyl,bis_cf3_phenyl,<LB_P><LB1_isopropyl><LB2_isopropyl><LINKER_C2><LA1_phenyl><LA2_bis_cf3_phenyl>,CC(C)P(CCB(c1ccccc1)c1cc(C(F)(F)F)cc(C(F)(F)F)c1)C(C)C
P,isopropyl,isopropyl,C3,phenyl,bis_cf3_phenyl,<LB_P><LB1_isopropyl><LB2_isopropyl><LINKER_C3><LA1_phenyl><LA2_bis_cf3_phenyl>,CC(C)P(CCCB(c1ccccc1)c1cc(C(F)(F)F)cc(C(F)(F)F)c1)C(C)C
P,isopropyl,isopropyl,C4,phenyl,bis_cf3_phenyl,<LB_P><LB1_isopropyl><LB2_isopropyl><LINKER_C4><LA1_phenyl><LA2_bis_cf3_phenyl>,CC(C)P(CCCCB(c1ccccc1)c1cc(C(F)(F)F)cc(C(F)(F)F)c1)C(C)C
P,isopropyl,isopropyl,C5,phenyl,bis_cf3_phenyl,<LB_P><LB1_isopropyl><LB2_isopropyl><LINKER_C5><LA1_phenyl><LA2_bis_cf3_phenyl>,CC(C)P(CCCCCB(c1ccccc1)c1cc(C(F)(F)F)cc(C(F)(F)F)c1)C(C)C
P,isopropyl,isopropyl,C6,phenyl,bis_cf3_phenyl,<LB_P><LB1_isopropyl><LB2_isopropyl><LINKER_C6><LA1_phenyl><LA2_bis_cf3_phenyl>,CC(C)P(CCCCCCB(c1ccccc1)c1cc(C(F)(F)F)cc(C(F)(F)F)c1)C(C)C
P,isopropyl,isopropyl,C1,p_tolyl,p_tolyl,<LB_P><LB1_isopropyl><LB2_isopropyl><LINKER_C1><LA1_p_tolyl><LA2_p_tolyl>,Cc1ccc(B(CP(C(C)C)C(C)C)c2ccc(C)cc2)cc1
P,isopropyl,isopropyl,C2,p_tolyl,p_tolyl,<LB_P><LB1_isopropyl><LB2_isopropyl><LINKER_C2><LA1_p_tolyl><LA2_p_tolyl>,Cc1ccc(B(CCP(C(C)C)C(C)C)c2ccc(C)cc2)cc1
P,isopropyl,isopropyl,C3,p_tolyl,p_tolyl,<LB_P><LB1_isopropyl><LB2_isopropyl><LINKER_C3><LA1_p_tolyl><LA2_p_tolyl>,Cc1ccc(B(CCCP(C(C)C)C(C)C)c2ccc(C)cc2)cc1
P,isopropyl,isopropyl,C4,p_tolyl,p_tolyl,<LB_P><LB1_isopropyl><LB2_isopropyl><LINKER_C4><LA1_p_tolyl><LA2_p_tolyl>,Cc1ccc(B(CCCCP(C(C)C)C(C)C)c2ccc(C)cc2)cc1
P,isopropyl,isopropyl,C5,p_tolyl,p_tolyl,<LB_P><LB1_isopropyl><LB2_isopropyl><LINKER_C5><LA1_p_tolyl><LA2_p_tolyl>,Cc1ccc(B(CCCCCP(C(C)C)C(C)C)c2ccc(C)cc2)cc1
P,isopropyl,isopropyl,C6,p_tolyl,p_tolyl,<LB_P><LB1_isopropyl><LB2_isopropyl><LINKER_C6><LA1_p_tolyl><LA2_p_tolyl>,Cc1ccc(B(CCCCCCP(C(C)C)C(C)C)c2ccc(C)cc2)cc1
P,isopropyl,isopropyl,C1,p_tolyl,mesityl,<LB_P><LB1_isopropyl><LB2_isopropyl><LINKER_C1><LA1_p_tolyl><LA2_mesityl>,Cc1ccc(B(CP(C(C)C)C(C)C)c2c(C)cc(C)cc2C)cc1
P,isopropyl,isopropyl,C2,p_tolyl,mesityl,<LB_P><LB1_isopropyl><LB2_isopropyl><LINKER_C2><LA1_p_tolyl><LA2_mesityl>,Cc1ccc(B(CCP(C(C)C)C(C)C)c2c(C)cc(C)cc2C)cc1
P,isopropyl,isopropyl,C3,p_tolyl,mesityl,<LB_P><LB1_isopropyl><LB2_isopropyl><LINKER_C3><LA1_p_tolyl><LA2_mesityl>,Cc1ccc(B(CCCP(C(C)C)C(C)C)c2c(C)cc(C)cc2C)cc1
P,isopropyl,isopropyl,C4,p_tolyl,mesityl,<LB_P><LB1_isopropyl><LB2_isopropyl><LINKER_C4><LA1_p_tolyl><LA2_mesityl>,Cc1ccc(B(CCCCP(C(C)C)C(C)C)c2c(C)cc(C)cc2C)cc1
P,isopropyl,isopropyl,C5,p_tolyl,mesityl,<LB_P><LB1_isopropyl><LB2_isopropyl><LINKER_C5><LA1_p_tolyl><LA2_mesityl>,Cc1ccc(B(CCCCCP(C(C)C)C(C)C)c2c(C)cc(C)cc2C)cc1
P,isopropyl,isopropyl,C6,p_tolyl,mesityl,<LB_P><LB1_isopropyl><LB2_isopropyl><LINKER_C6><LA1_p_tolyl><LA2_mesityl>,Cc1ccc(B(CCCCCCP(C(C)C)C(C)C)c2c(C)cc(C)cc2C)cc1
P,isopropyl,isopropyl,C1,p_tolyl,pentafluorophenyl,<LB_P><LB1_isopropyl><LB2_isopropyl><LINKER_C1><LA1_p_tolyl><LA2_pentafluorophenyl>,Cc1ccc(B(CP(C(C)C)C(C)C)c2c(F)c(F)c(F)c(F)c2F)cc1
P,isopropyl,isopropyl,C2,p_tolyl,pentafluorophenyl,<LB_P><LB1_isopropyl><LB2_isopropyl><LINKER_C2><LA1_p_tolyl><LA2_pentafluorophenyl>,Cc1ccc(B(CCP(C(C)C)C(C)C)c2c(F)c(F)c(F)c(F)c2F)cc1
P,isopropyl,isopropyl,C3,p_tolyl,pentafluorophenyl,<LB_P><LB1_isopropyl><LB2_isopropyl><LINKER_C3><LA1_p_tolyl><LA2_pentafluorophenyl>,Cc1ccc(B(CCCP(C(C)C)C(C)C)c2c(F)c(F)c(F)c(F)c2F)cc1
P,isopropyl,isopropyl,C4,p_tolyl,pentafluorophenyl,<LB_P><LB1_isopropyl><LB2_isopropyl><LINKER_C4><LA1_p_tolyl><LA2_pentafluorophenyl>,Cc1ccc(B(CCCCP(C(C)C)C(C)C)c2c(F)c(F)c(F)c(F)c2F)cc1
P,isopropyl,isopropyl,C5,p_tolyl,pentafluorophenyl,<LB_P><LB1_isopropyl><LB2_isopropyl><LINKER_C5><LA1_p_tolyl><LA2_pentafluorophenyl>,Cc1ccc(B(CCCCCP(C(C)C)C(C)C)c2c(F)c(F)c(F)c(F)c2F)cc1
P,isopropyl,isopropyl,C6,p_tolyl,pentafluorophenyl,<LB_P><LB1_isopropyl><LB2_isopropyl><LINKER_C6><LA1_p_tolyl><LA2_pentafluorophenyl>,Cc1ccc(B(CCCCCCP(C(C)C)C(C)C)c2c(F)c(F)c(F)c(F)c2F)cc1
P,isopropyl,isopropyl,C1,p_tolyl,pentachlorophenyl,<LB_P><LB1_isopropyl><LB2_isopropyl><LINKER_C1><LA1_p_tolyl><LA2_pentachlorophenyl>,Cc1ccc(B(CP(C(C)C)C(C)C)c2c(Cl)c(Cl)c(Cl)c(Cl)c2Cl)cc1
P,isopropyl,isopropyl,C2,p_tolyl,pentachlorophenyl,<LB_P><LB1_isopropyl><LB2_isopropyl><LINKER_C2><LA1_p_tolyl><LA2_pentachlorophenyl>,Cc1ccc(B(CCP(C(C)C)C(C)C)c2c(Cl)c(Cl)c(Cl)c(Cl)c2Cl)cc1
P,isopropyl,isopropyl,C3,p_tolyl,pentachlorophenyl,<LB_P><LB1_isopropyl><LB2_isopropyl><LINKER_C3><LA1_p_tolyl><LA2_pentachlorophenyl>,Cc1ccc(B(CCCP(C(C)C)C(C)C)c2c(Cl)c(Cl)c(Cl)c(Cl)c2Cl)cc1
P,isopropyl,isopropyl,C4,p_tolyl,pentachlorophenyl,<LB_P><LB1_isopropyl><LB2_isopropyl><LINKER_C4><LA1_p_tolyl><LA2_pentachlorophenyl>,Cc1ccc(B(CCCCP(C(C)C)C(C)C)c2c(Cl)c(Cl)c(Cl)c(Cl)c2Cl)cc1
P,isopropyl,isopropyl,C5,p_tolyl,pentachlorophenyl,<LB_P><LB1_isopropyl><LB2_isopropyl><LINKER_C5><LA1_p_tolyl><LA2_pentachlorophenyl>,Cc1ccc(B(CCCCCP(C(C)C)C(C)C)c2c(Cl)c(Cl)c(Cl)c(Cl)c2Cl)cc1
P,isopropyl,isopropyl,C6,p_tolyl,pentachlorophenyl,<LB_P><LB1_isopropyl><LB2_isopropyl><LINKER_C6><LA1_p_tolyl><LA2_pentachlorophenyl>,Cc1ccc(B(CCCCCCP(C(C)C)C(C)C)c2c(Cl)c(Cl)c(Cl)c(Cl)c2Cl)cc1
P,isopropyl,isopropyl,C1,p_tolyl,bis_cf3_phenyl,<LB_P><LB1_isopropyl><LB2_isopropyl><LINKER_C1><LA1_p_tolyl><LA2_bis_cf3_phenyl>,Cc1ccc(B(CP(C(C)C)C(C)C)c2cc(C(F)(F)F)cc(C(F)(F)F)c2)cc1
P,isopropyl,isopropyl,C2,p_tolyl,bis_cf3_phenyl,<LB_P><LB1_isopropyl><LB2_isopropyl><LINKER_C2><LA1_p_tolyl><LA2_bis_cf3_phenyl>,Cc1ccc(B(CCP(C(C)C)C(C)C)c2cc(C(F)(F)F)cc(C(F)(F)F)c2)cc1
P,isopropyl,isopropyl,C3,p_tolyl,bis_cf3_phenyl,<LB_P><LB1_isopropyl><LB2_isopropyl><LINKER_C3><LA1_p_tolyl><LA2_bis_cf3_phenyl>,Cc1ccc(B(CCCP(C(C)C)C(C)C)c2cc(C(F)(F)F)cc(C(F)(F)F)c2)cc1
P,isopropyl,isopropyl,C4,p_tolyl,bis_cf3_phenyl,<LB_P><LB1_isopropyl><LB2_isopropyl><LINKER_C4><LA1_p_tolyl><LA2_bis_cf3_phenyl>,Cc1ccc(B(CCCCP(C(C)C)C(C)C)c2cc(C(F)(F)F)cc(C(F)(F)F)c2)cc1
P,isopropyl,isopropyl,C5,p_tolyl,bis_cf3_phenyl,<LB_P><LB1_isopropyl><LB2_isopropyl><LINKER_C5><LA1_p_tolyl><LA2_bis_cf3_phenyl>,Cc1ccc(B(CCCCCP(C(C)C)C(C)C)c2cc(C(F)(F)F)cc(C(F)(F)F)c2)cc1
P,isopropyl,isopropyl,C6,p_tolyl,bis_cf3_phenyl,<LB_P><LB1_isopropyl><LB2_isopropyl><LINKER_C6><LA1_p_tolyl><LA2_bis_cf3_phenyl>,Cc1ccc(B(CCCCCCP(C(C)C)C(C)C)c2cc(C(F)(F)F)cc(C(F)(F)F)c2)cc1
P,isopropyl,isopropyl,C1,mesityl,mesityl,<LB_P><LB1_isopropyl><LB2_isopropyl><LINKER_C1><LA1_mesityl><LA2_mesityl>,Cc1cc(C)c(B(CP(C(C)C)C(C)C)c2c(C)cc(C)cc2C)c(C)c1
P,isopropyl,isopropyl,C2,mesityl,mesityl,<LB_P><LB1_isopropyl><LB2_isopropyl><LINKER_C2><LA1_mesityl><LA2_mesityl>,Cc1cc(C)c(B(CCP(C(C)C)C(C)C)c2c(C)cc(C)cc2C)c(C)c1
P,isopropyl,isopropyl,C3,mesityl,mesityl,<LB_P><LB1_isopropyl><LB2_isopropyl><LINKER_C3><LA1_mesityl><LA2_mesityl>,Cc1cc(C)c(B(CCCP(C(C)C)C(C)C)c2c(C)cc(C)cc2C)c(C)c1
P,isopropyl,isopropyl,C4,mesityl,mesityl,<LB_P><LB1_isopropyl><LB2_isopropyl><LINKER_C4><LA1_mesityl><LA2_mesityl>,Cc1cc(C)c(B(CCCCP(C(C)C)C(C)C)c2c(C)cc(C)cc2C)c(C)c1
P,isopropyl,isopropyl,C5,mesityl,mesityl,<LB_P><LB1_isopropyl><LB2_isopropyl><LINKER_C5><LA1_mesityl><LA2_mesityl>,Cc1cc(C)c(B(CCCCCP(C(C)C)C(C)C)c2c(C)cc(C)cc2C)c(C)c1
P,isopropyl,isopropyl,C6,mesityl,mesityl,<LB_P><LB1_isopropyl><LB2_isopropyl><LINKER_C6><LA1_mesityl><LA2_mesityl>,Cc1cc(C)c(B(CCCCCCP(C(C)C)C(C)C)c2c(C)cc(C)cc2C)c(C)c1
P,isopropyl,isopropyl,C1,mesityl,pentafluorophenyl,<LB_P><LB1_isopropyl><LB2_isopropyl><LINKER_C1><LA1_mesityl><LA2_pentafluorophenyl>,Cc1cc(C)c(B(CP(C(C)C)C(C)C)c2c(F)c(F)c(F)c(F)c2F)c(C)c1
P,isopropyl,isopropyl,C2,mesityl,pentafluorophenyl,<LB_P><LB1_isopropyl><LB2_isopropyl><LINKER_C2><LA1_mesityl><LA2_pentafluorophenyl>,Cc1cc(C)c(B(CCP(C(C)C)C(C)C)c2c(F)c(F)c(F)c(F)c2F)c(C)c1
P,isopropyl,isopropyl,C3,mesityl,pentafluorophenyl,<LB_P><LB1_isopropyl><LB2_isopropyl><LINKER_C3><LA1_mesityl><LA2_pentafluorophenyl>,Cc1cc(C)c(B(CCCP(C(C)C)C(C)C)c2c(F)c(F)c(F)c(F)c2F)c(C)c1
P,isopropyl,isopropyl,C4,mesityl,pentafluorophenyl,<LB_P><LB1_isopropyl><LB2_isopropyl><LINKER_C4><LA1_mesityl><LA2_pentafluorophenyl>,Cc1cc(C)c(B(CCCCP(C(C)C)C(C)C)c2c(F)c(F)c(F)c(F)c2F)c(C)c1
P,isopropyl,isopropyl,C5,mesityl,pentafluorophenyl,<LB_P><LB1_isopropyl><LB2_isopropyl><LINKER_C5><LA1_mesityl><LA2_pentafluorophenyl>,Cc1cc(C)c(B(CCCCCP(C(C)C)C(C)C)c2c(F)c(F)c(F)c(F)c2F)c(C)c1
P,isopropyl,isopropyl,C6,mesityl,pentafluorophenyl,<LB_P><LB1_isopropyl><LB2_isopropyl><LINKER_C6><LA1_mesityl><LA2_pentafluorophenyl>,Cc1cc(C)c(B(CCCCCCP(C(C)C)C(C)C)c2c(F)c(F)c(F)c(F)c2F)c(C)c1
P,isopropyl,isopropyl,C1,mesityl,pentachlorophenyl,<LB_P><LB1_isopropyl><LB2_isopropyl><LINKER_C1><LA1_mesityl><LA2_pentachlorophenyl>,Cc1cc(C)c(B(CP(C(C)C)C(C)C)c2c(Cl)c(Cl)c(Cl)c(Cl)c2Cl)c(C)c1
P,isopropyl,isopropyl,C2,mesityl,pentachlorophenyl,<LB_P><LB1_isopropyl><LB2_isopropyl><LINKER_C2><LA1_mesityl><LA2_pentachlorophenyl>,Cc1cc(C)c(B(CCP(C(C)C)C(C)C)c2c(Cl)c(Cl)c(Cl)c(Cl)c2Cl)c(C)c1
P,isopropyl,isopropyl,C3,mesityl,pentachlorophenyl,<LB_P><LB1_isopropyl><LB2_isopropyl><LINKER_C3><LA1_mesityl><LA2_pentachlorophenyl>,Cc1cc(C)c(B(CCCP(C(C)C)C(C)C)c2c(Cl)c(Cl)c(Cl)c(Cl)c2Cl)c(C)c1
P,isopropyl,isopropyl,C4,mesityl,pentachlorophenyl,<LB_P><LB1_isopropyl><LB2_isopropyl><LINKER_C4><LA1_mesityl><LA2_pentachlorophenyl>,Cc1cc(C)c(B(CCCCP(C(C)C)C(C)C)c2c(Cl)c(Cl)c(Cl)c(Cl)c2Cl)c(C)c1
P,isopropyl,isopropyl,C5,mesityl,pentachlorophenyl,<LB_P><LB1_isopropyl><LB2_isopropyl><LINKER_C5><LA1_mesityl><LA2_pentachlorophenyl>,Cc1cc(C)c(B(CCCCCP(C(C)C)C(C)C)c2c(Cl)c(Cl)c(Cl)c(Cl)c2Cl)c(C)c1
P,isopropyl,isopropyl,C6,mesityl,pentachlorophenyl,<LB_P><LB1_isopropyl><LB2_isopropyl><LINKER_C6><LA1_mesityl><LA2_pentachlorophenyl>,Cc1cc(C)c(B(CCCCCCP(C(C)C)C(C)C)c2c(Cl)c(Cl)c(Cl)c(Cl)c2Cl)c(C)c1
P,isopropyl,isopropyl,C1,mesityl,bis_cf3_phenyl,<LB_P><LB1_isopropyl><LB2_isopropyl><LINKER_C1><LA1_mesityl><LA2_bis_cf3_phenyl>,Cc1cc(C)c(B(CP(C(C)C)C(C)C)c2cc(C(F)(F)F)cc(C(F)(F)F)c2)c(C)c1
P,isopropyl,isopropyl,C2,mesityl,bis_cf3_phenyl,<LB_P><LB1_isopropyl><LB2_isopropyl><LINKER_C2><LA1_mesityl><LA2_bis_cf3_phenyl>,Cc1cc(C)c(B(CCP(C(C)C)C(C)C)c2cc(C(F)(F)F)cc(C(F)(F)F)c2)c(C)c1
P,isopropyl,isopropyl,C3,mesityl,bis_cf3_phenyl,<LB_P><LB1_isopropyl><LB2_isopropyl><LINKER_C3><LA1_mesityl><LA2_bis_cf3_phenyl>,Cc1cc(C)c(B(CCCP(C(C)C)C(C)C)c2cc(C(F)(F)F)cc(C(F)(F)F)c2)c(C)c1
P,isopropyl,isopropyl,C4,mesityl,bis_cf3_phenyl,<LB_P><LB1_isopropyl><LB2_isopropyl><LINKER_C4><LA1_mesityl><LA2_bis_cf3_phenyl>,Cc1cc(C)c(B(CCCCP(C(C)C)C(C)C)c2cc(C(F)(F)F)cc(C(F)(F)F)c2)c(C)c1
P,isopropyl,isopropyl,C5,mesityl,bis_cf3_phenyl,<LB_P><LB1_isopropyl><LB2_isopropyl><LINKER_C5><LA1_mesityl><LA2_bis_cf3_phenyl>,Cc1cc(C)c(B(CCCCCP(C(C)C)C(C)C)c2cc(C(F)(F)F)cc(C(F)(F)F)c2)c(C)c1
P,isopropyl,isopropyl,C6,mesityl,bis_cf3_phenyl,<LB_P><LB1_isopropyl><LB2_isopropyl><LINKER_C6><LA1_mesityl><LA2_bis_cf3_phenyl>,Cc1cc(C)c(B(CCCCCCP(C(C)C)C(C)C)c2cc(C(F)(F)F)cc(C(F)(F)F)c2)c(C)c1
P,isopropyl,isopropyl,C1,pentafluorophenyl,pentafluorophenyl,<LB_P><LB1_isopropyl><LB2_isopropyl><LINKER_C1><LA1_pentafluorophenyl><LA2_pentafluorophenyl>,CC(C)P(CB(c1c(F)c(F)c(F)c(F)c1F)c1c(F)c(F)c(F)c(F)c1F)C(C)C
P,isopropyl,isopropyl,C2,pentafluorophenyl,pentafluorophenyl,<LB_P><LB1_isopropyl><LB2_isopropyl><LINKER_C2><LA1_pentafluorophenyl><LA2_pentafluorophenyl>,CC(C)P(CCB(c1c(F)c(F)c(F)c(F)c1F)c1c(F)c(F)c(F)c(F)c1F)C(C)C
P,isopropyl,isopropyl,C3,pentafluorophenyl,pentafluorophenyl,<LB_P><LB1_isopropyl><LB2_isopropyl><LINKER_C3><LA1_pentafluorophenyl><LA2_pentafluorophenyl>,CC(C)P(CCCB(c1c(F)c(F)c(F)c(F)c1F)c1c(F)c(F)c(F)c(F)c1F)C(C)C
P,isopropyl,isopropyl,C4,pentafluorophenyl,pentafluorophenyl,<LB_P><LB1_isopropyl><LB2_isopropyl><LINKER_C4><LA1_pentafluorophenyl><LA2_pentafluorophenyl>,CC(C)P(CCCCB(c1c(F)c(F)c(F)c(F)c1F)c1c(F)c(F)c(F)c(F)c1F)C(C)C
P,isopropyl,isopropyl,C5,pentafluorophenyl,pentafluorophenyl,<LB_P><LB1_isopropyl><LB2_isopropyl><LINKER_C5><LA1_pentafluorophenyl><LA2_pentafluorophenyl>,CC(C)P(CCCCCB(c1c(F)c(F)c(F)c(F)c1F)c1c(F)c(F)c(F)c(F)c1F)C(C)C
P,isopropyl,isopropyl,C6,pentafluorophenyl,pentafluorophenyl,<LB_P><LB1_isopropyl><LB2_isopropyl><LINKER_C6><LA1_pentafluorophenyl><LA2_pentafluorophenyl>,CC(C)P(CCCCCCB(c1c(F)c(F)c(F)c(F)c1F)c1c(F)c(F)c(F)c(F)c1F)C(C)C
P,isopropyl,isopropyl,C1,pentafluorophenyl,pentachlorophenyl,<LB_P><LB1_isopropyl><LB2_isopropyl><LINKER_C1><LA1_pentafluorophenyl><LA2_pentachlorophenyl>,CC(C)P(CB(c1c(F)c(F)c(F)c(F)c1F)c1c(Cl)c(Cl)c(Cl)c(Cl)c1Cl)C(C)C
P,isopropyl,isopropyl,C2,pentafluorophenyl,pentachlorophenyl,<LB_P><LB1_isopropyl><LB2_isopropyl><LINKER_C2><LA1_pentafluorophenyl><LA2_pentachlorophenyl>,CC(C)P(CCB(c1c(F)c(F)c(F)c(F)c1F)c1c(Cl)c(Cl)c(Cl)c(Cl)c1Cl)C(C)C
P,isopropyl,isopropyl,C3,pentafluorophenyl,pentachlorophenyl,<LB_P><LB1_isopropyl><LB2_isopropyl><LINKER_C3><LA1_pentafluorophenyl><LA2_pentachlorophenyl>,CC(C)P(CCCB(c1c(F)c(F)c(F)c(F)c1F)c1c(Cl)c(Cl)c(Cl)c(Cl)c1Cl)C(C)C
P,isopropyl,isopropyl,C4,pentafluorophenyl,pentachlorophenyl,<LB_P><LB1_isopropyl><LB2_isopropyl><LINKER_C4><LA1_pentafluorophenyl><LA2_pentachlorophenyl>,CC(C)P(CCCCB(c1c(F)c(F)c(F)c(F)c1F)c1c(Cl)c(Cl)c(Cl)c(Cl)c1Cl)C(C)C
P,isopropyl,isopropyl,C5,pentafluorophenyl,pentachlorophenyl,<LB_P><LB1_isopropyl><LB2_isopropyl><LINKER_C5><LA1_pentafluorophenyl><LA2_pentachlorophenyl>,CC(C)P(CCCCCB(c1c(F)c(F)c(F)c(F)c1F)c1c(Cl)c(Cl)c(Cl)c(Cl)c1Cl)C(C)C
P,isopropyl,isopropyl,C6,pentafluorophenyl,pentachlorophenyl,<LB_P><LB1_isopropyl><LB2_isopropyl><LINKER_C6><LA1_pentafluorophenyl><LA2_pentachlorophenyl>,CC(C)P(CCCCCCB(c1c(F)c(F)c(F)c(F)c1F)c1c(Cl)c(Cl)c(Cl)c(Cl)c1Cl)C(C)C
P,isopropyl,isopropyl,C1,pentafluorophenyl,bis_cf3_phenyl,<LB_P><LB1_isopropyl><LB2_isopropyl><LINKER_C1><LA1_pentafluorophenyl><LA2_bis_cf3_phenyl>,CC(C)P(CB(c1cc(C(F)(F)F)cc(C(F)(F)F)c1)c1c(F)c(F)c(F)c(F)c1F)C(C)C
P,isopropyl,isopropyl,C2,pentafluorophenyl,bis_cf3_phenyl,<LB_P><LB1_isopropyl><LB2_isopropyl><LINKER_C2><LA1_pentafluorophenyl><LA2_bis_cf3_phenyl>,CC(C)P(CCB(c1cc(C(F)(F)F)cc(C(F)(F)F)c1)c1c(F)c(F)c(F)c(F)c1F)C(C)C
P,isopropyl,isopropyl,C3,pentafluorophenyl,bis_cf3_phenyl,<LB_P><LB1_isopropyl><LB2_isopropyl><LINKER_C3><LA1_pentafluorophenyl><LA2_bis_cf3_phenyl>,CC(C)P(CCCB(c1cc(C(F)(F)F)cc(C(F)(F)F)c1)c1c(F)c(F)c(F)c(F)c1F)C(C)C
P,isopropyl,isopropyl,C4,pentafluorophenyl,bis_cf3_phenyl,<LB_P><LB1_isopropyl><LB2_isopropyl><LINKER_C4><LA1_pentafluorophenyl><LA2_bis_cf3_phenyl>,CC(C)P(CCCCB(c1cc(C(F)(F)F)cc(C(F)(F)F)c1)c1c(F)c(F)c(F)c(F)c1F)C(C)C
P,isopropyl,isopropyl,C5,pentafluorophenyl,bis_cf3_phenyl,<LB_P><LB1_isopropyl><LB2_isopropyl><LINKER_C5><LA1_pentafluorophenyl><LA2_bis_cf3_phenyl>,CC(C)P(CCCCCB(c1cc(C(F)(F)F)cc(C(F)(F)F)c1)c1c(F)c(F)c(F)c(F)c1F)C(C)C
P,isopropyl,isopropyl,C6,pentafluorophenyl,bis_cf3_phenyl,<LB_P><LB1_isopropyl><LB2_isopropyl><LINKER_C6><LA1_pentafluorophenyl><LA2_bis_cf3_phenyl>,CC(C)P(CCCCCCB(c1cc(C(F)(F)F)cc(C(F)(F)F)c1)c1c(F)c(F)c(F)c(F)c1F)C(C)C
P,isopropyl,isopropyl,C1,pentachlorophenyl,pentachlorophenyl,<LB_P><LB1_isopropyl><LB2_isopropyl><LINKER_C1><LA1_pentachlorophenyl><LA2_pentachlorophenyl>,CC(C)P(CB(c1c(Cl)c(Cl)c(Cl)c(Cl)c1Cl)c1c(Cl)c(Cl)c(Cl)c(Cl)c1Cl)C(C)C
P,isopropyl,isopropyl,C2,pentachlorophenyl,pentachlorophenyl,<LB_P><LB1_isopropyl><LB2_isopropyl><LINKER_C2><LA1_pentachlorophenyl><LA2_pentachlorophenyl>,CC(C)P(CCB(c1c(Cl)c(Cl)c(Cl)c(Cl)c1Cl)c1c(Cl)c(Cl)c(Cl)c(Cl)c1Cl)C(C)C
P,isopropyl,isopropyl,C3,pentachlorophenyl,pentachlorophenyl,<LB_P><LB1_isopropyl><LB2_isopropyl><LINKER_C3><LA1_pentachlorophenyl><LA2_pentachlorophenyl>,CC(C)P(CCCB(c1c(Cl)c(Cl)c(Cl)c(Cl)c1Cl)c1c(Cl)c(Cl)c(Cl)c(Cl)c1Cl)C(C)C
P,isopropyl,isopropyl,C4,pentachlorophenyl,pentachlorophenyl,<LB_P><LB1_isopropyl><LB2_isopropyl><LINKER_C4><LA1_pentachlorophenyl><LA2_pentachlorophenyl>,CC(C)P(CCCCB(c1c(Cl)c(Cl)c(Cl)c(Cl)c1Cl)c1c(Cl)c(Cl)c(Cl)c(Cl)c1Cl)C(C)C
P,isopropyl,isopropyl,C5,pentachlorophenyl,pentachlorophenyl,<LB_P><LB1_isopropyl><LB2_isopropyl><LINKER_C5><LA1_pentachlorophenyl><LA2_pentachlorophenyl>,CC(C)P(CCCCCB(c1c(Cl)c(Cl)c(Cl)c(Cl)c1Cl)c1c(Cl)c(Cl)c(Cl)c(Cl)c1Cl)C(C)C
P,isopropyl,isopropyl,C6,pentachlorophenyl,pentachlorophenyl,<LB_P><LB1_isopropyl><LB2_isopropyl><LINKER_C6><LA1_pentachlorophenyl><LA2_pentachlorophenyl>,CC(C)P(CCCCCCB(c1c(Cl)c(Cl)c(Cl)c(Cl)c1Cl)c1c(Cl)c(Cl)c(Cl)c(Cl)c1Cl)C(C)C
P,isopropyl,isopropyl,C1,pentachlorophenyl,bis_cf3_phenyl,<LB_P><LB1_isopropyl><LB2_isopropyl><LINKER_C1><LA1_pentachlorophenyl><LA2_bis_cf3_phenyl>,CC(C)P(CB(c1cc(C(F)(F)F)cc(C(F)(F)F)c1)c1c(Cl)c(Cl)c(Cl)c(Cl)c1Cl)C(C)C
P,isopropyl,isopropyl,C2,pentachlorophenyl,bis_cf3_phenyl,<LB_P><LB1_isopropyl><LB2_isopropyl><LINKER_C2><LA1_pentachlorophenyl><LA2_bis_cf3_phenyl>,CC(C)P(CCB(c1cc(C(F)(F)F)cc(C(F)(F)F)c1)c1c(Cl)c(Cl)c(Cl)c(Cl)c1Cl)C(C)C
P,isopropyl,isopropyl,C3,pentachlorophenyl,bis_cf3_phenyl,<LB_P><LB1_isopropyl><LB2_isopropyl><LINKER_C3><LA1_pentachlorophenyl><LA2_bis_cf3_phenyl>,CC(C)P(CCCB(c1cc(C(F)(F)F)cc(C(F)(F)F)c1)c1c(Cl)c(Cl)c(Cl)c(Cl)c1Cl)C(C)C
P,isopropyl,isopropyl,C4,pentachlorophenyl,bis_cf3_phenyl,<LB_P><LB1_isopropyl><LB2_isopropyl><LINKER_C4><LA1_pentachlorophenyl><LA2_bis_cf3_phenyl>,CC(C)P(CCCCB(c1cc(C(F)(F)F)cc(C(F)(F)F)c1)c1c(Cl)c(Cl)c(Cl)c(Cl)c1Cl)C(C)C
P,isopropyl,isopropyl,C5,pentachlorophenyl,bis_cf3_phenyl,<LB_P><LB1_isopropyl><LB2_isopropyl><LINKER_C5><LA1_pentachlorophenyl><LA2_bis_cf3_phenyl>,CC(C)P(CCCCCB(c1cc(C(F)(F)F)cc(C(F)(F)F)c1)c1c(Cl)c(Cl)c(Cl)c(Cl)c1Cl)C(C)C
P,isopropyl,isopropyl,C6,pentachlorophenyl,bis_cf3_phenyl,<LB_P><LB1_isopropyl><LB2_isopropyl><LINKER_C6><LA1_pentachlorophenyl><LA2_bis_cf3_phenyl>,CC(C)P(CCCCCCB(c1cc(C(F)(F)F)cc(C(F)(F)F)c1)c1c(Cl)c(Cl)c(Cl)c(Cl)c1Cl)C(C)C
P,isopropyl,isopropyl,C1,bis_cf3_phenyl,bis_cf3_phenyl,<LB_P><LB1_isopropyl><LB2_isopropyl><LINKER_C1><LA1_bis_cf3_phenyl><LA2_bis_cf3_phenyl>,CC(C)P(CB(c1cc(C(F)(F)F)cc(C(F)(F)F)c1)c1cc(C(F)(F)F)cc(C(F)(F)F)c1)C(C)C
P,isopropyl,isopropyl,C2,bis_cf3_phenyl,bis_cf3_phenyl,<LB_P><LB1_isopropyl><LB2_isopropyl><LINKER_C2><LA1_bis_cf3_phenyl><LA2_bis_cf3_phenyl>,CC(C)P(CCB(c1cc(C(F)(F)F)cc(C(F)(F)F)c1)c1cc(C(F)(F)F)cc(C(F)(F)F)c1)C(C)C
P,isopropyl,isopropyl,C3,bis_cf3_phenyl,bis_cf3_phenyl,<LB_P><LB1_isopropyl><LB2_isopropyl><LINKER_C3><LA1_bis_cf3_phenyl><LA2_bis_cf3_phenyl>,CC(C)P(CCCB(c1cc(C(F)(F)F)cc(C(F)(F)F)c1)c1cc(C(F)(F)F)cc(C(F)(F)F)c1)C(C)C
P,isopropyl,isopropyl,C4,bis_cf3_phenyl,bis_cf3_phenyl,<LB_P><LB1_isopropyl><LB2_isopropyl><LINKER_C4><LA1_bis_cf3_phenyl><LA2_bis_cf3_phenyl>,CC(C)P(CCCCB(c1cc(C(F)(F)F)cc(C(F)(F)F)c1)c1cc(C(F)(F)F)cc(C(F)(F)F)c1)C(C)C
P,isopropyl,isopropyl,C5,bis_cf3_phenyl,bis_cf3_phenyl,<LB_P><LB1_isopropyl><LB2_isopropyl><LINKER_C5><LA1_bis_cf3_phenyl><LA2_bis_cf3_phenyl>,CC(C)P(CCCCCB(c1cc(C(F)(F)F)cc(C(F)(F)F)c1)c1cc(C(F)(F)F)cc(C(F)(F)F)c1)C(C)C
P,isopropyl,isopropyl,C6,bis_cf3_phenyl,bis_cf3_phenyl,<LB_P><LB1_isopropyl><LB2_isopropyl><LINKER_C6><LA1_bis_cf3_phenyl><LA2_bis_cf3_phenyl>,CC(C)P(CCCCCCB(c1cc(C(F)(F)F)cc(C(F)(F)F)c1)c1cc(C(F)(F)F)cc(C(F)(F)F)c1)C(C)C
N,methyl,methyl,C1,phenyl,phenyl,<LB_N><LB1_methyl><LB2_methyl><LINKER_C1><LA1_phenyl><LA2_phenyl>,CN(C)CB(c1ccccc1)c1ccccc1
N,methyl,methyl,C2,phenyl,phenyl,<LB_N><LB1_methyl><LB2_methyl><LINKER_C2><LA1_phenyl><LA2_phenyl>,CN(C)CCB(c1ccccc1)c1ccccc1
N,methyl,methyl,C3,phenyl,phenyl,<LB_N><LB1_methyl><LB2_methyl><LINKER_C3><LA1_phenyl><LA2_phenyl>,CN(C)CCCB(c1ccccc1)c1ccccc1
N,methyl,methyl,C4,phenyl,phenyl,<LB_N><LB1_methyl><LB2_methyl><LINKER_C4><LA1_phenyl><LA2_phenyl>,CN(C)CCCCB(c1ccccc1)c1ccccc1
N,methyl,methyl,C5,phenyl,phenyl,<LB_N><LB1_methyl><LB2_methyl><LINKER_C5><LA1_phenyl><LA2_phenyl>,CN(C)CCCCCB(c1ccccc1)c1ccccc1
N,methyl,methyl,C6,phenyl,phenyl,<LB_N><LB1_methyl><LB2_methyl><LINKER_C6><LA1_phenyl><LA2_phenyl>,CN(C)CCCCCCB(c1ccccc1)c1ccccc1
N,methyl,methyl,C1,phenyl,p_tolyl,<LB_N><LB1_methyl><LB2_methyl><LINKER_C1><LA1_phenyl><LA2_p_tolyl>,Cc1ccc(B(CN(C)C)c2ccccc2)cc1
N,methyl,methyl,C2,phenyl,p_tolyl,<LB_N><LB1_methyl><LB2_methyl><LINKER_C2><LA1_phenyl><LA2_p_tolyl>,Cc1ccc(B(CCN(C)C)c2ccccc2)cc1
N,methyl,methyl,C3,phenyl,p_tolyl,<LB_N><LB1_methyl><LB2_methyl><LINKER_C3><LA1_phenyl><LA2_p_tolyl>,Cc1ccc(B(CCCN(C)C)c2ccccc2)cc1
N,methyl,methyl,C4,phenyl,p_tolyl,<LB_N><LB1_methyl><LB2_methyl><LINKER_C4><LA1_phenyl><LA2_p_tolyl>,Cc1ccc(B(CCCCN(C)C)c2ccccc2)cc1
N,methyl,methyl,C5,phenyl,p_tolyl,<LB_N><LB1_methyl><LB2_methyl><LINKER_C5><LA1_phenyl><LA2_p_tolyl>,Cc1ccc(B(CCCCCN(C)C)c2ccccc2)cc1
N,methyl,methyl,C6,phenyl,p_tolyl,<LB_N><LB1_methyl><LB2_methyl><LINKER_C6><LA1_phenyl><LA2_p_tolyl>,Cc1ccc(B(CCCCCCN(C)C)c2ccccc2)cc1
N,methyl,methyl,C1,phenyl,mesityl,<LB_N><LB1_methyl><LB2_methyl><LINKER_C1><LA1_phenyl><LA2_mesityl>,Cc1cc(C)c(B(CN(C)C)c2ccccc2)c(C)c1
N,methyl,methyl,C2,phenyl,mesityl,<LB_N><LB1_methyl><LB2_methyl><LINKER_C2><LA1_phenyl><LA2_mesityl>,Cc1cc(C)c(B(CCN(C)C)c2ccccc2)c(C)c1
N,methyl,methyl,C3,phenyl,mesityl,<LB_N><LB1_methyl><LB2_methyl><LINKER_C3><LA1_phenyl><LA2_mesityl>,Cc1cc(C)c(B(CCCN(C)C)c2ccccc2)c(C)c1
N,methyl,methyl,C4,phenyl,mesityl,<LB_N><LB1_methyl><LB2_methyl><LINKER_C4><LA1_phenyl><LA2_mesityl>,Cc1cc(C)c(B(CCCCN(C)C)c2ccccc2)c(C)c1
N,methyl,methyl,C5,phenyl,mesityl,<LB_N><LB1_methyl><LB2_methyl><LINKER_C5><LA1_phenyl><LA2_mesityl>,Cc1cc(C)c(B(CCCCCN(C)C)c2ccccc2)c(C)c1
N,methyl,methyl,C6,phenyl,mesityl,<LB_N><LB1_methyl><LB2_methyl><LINKER_C6><LA1_phenyl><LA2_mesityl>,Cc1cc(C)c(B(CCCCCCN(C)C)c2ccccc2)c(C)c1
N,methyl,methyl,C1,phenyl,pentafluorophenyl,<LB_N><LB1_methyl><LB2_methyl><LINKER_C1><LA1_phenyl><LA2_pentafluorophenyl>,CN(C)CB(c1ccccc1)c1c(F)c(F)c(F)c(F)c1F
N,methyl,methyl,C2,phenyl,pentafluorophenyl,<LB_N><LB1_methyl><LB2_methyl><LINKER_C2><LA1_phenyl><LA2_pentafluorophenyl>,CN(C)CCB(c1ccccc1)c1c(F)c(F)c(F)c(F)c1F
N,methyl,methyl,C3,phenyl,pentafluorophenyl,<LB_N><LB1_methyl><LB2_methyl><LINKER_C3><LA1_phenyl><LA2_pentafluorophenyl>,CN(C)CCCB(c1ccccc1)c1c(F)c(F)c(F)c(F)c1F
N,methyl,methyl,C4,phenyl,pentafluorophenyl,<LB_N><LB1_methyl><LB2_methyl><LINKER_C4><LA1_phenyl><LA2_pentafluorophenyl>,CN(C)CCCCB(c1ccccc1)c1c(F)c(F)c(F)c(F)c1F
N,methyl,methyl,C5,phenyl,pentafluorophenyl,<LB_N><LB1_methyl><LB2_methyl><LINKER_C5><LA1_phenyl><LA2_pentafluorophenyl>,CN(C)CCCCCB(c1ccccc1)c1c(F)c(F)c(F)c(F)c1F
N,methyl,methyl,C6,phenyl,pentafluorophenyl,<LB_N><LB1_methyl><LB2_methyl><LINKER_C6><LA1_phenyl><LA2_pentafluorophenyl>,CN(C)CCCCCCB(c1ccccc1)c1c(F)c(F)c(F)c(F)c1F
N,methyl,methyl,C1,phenyl,pentachlorophenyl,<LB_N><LB1_methyl><LB2_methyl><LINKER_C1><LA1_phenyl><LA2_pentachlorophenyl>,CN(C)CB(c1ccccc1)c1c(Cl)c(Cl)c(Cl)c(Cl)c1Cl
N,methyl,methyl,C2,phenyl,pentachlorophenyl,<LB_N><LB1_methyl><LB2_methyl><LINKER_C2><LA1_phenyl><LA2_pentachlorophenyl>,CN(C)CCB(c1ccccc1)c1c(Cl)c(Cl)c(Cl)c(Cl)c1Cl
N,methyl,methyl,C3,phenyl,pentachlorophenyl,<LB_N><LB1_methyl><LB2_methyl><LINKER_C3><LA1_phenyl><LA2_pentachlorophenyl>,CN(C)CCCB(c1ccccc1)c1c(Cl)c(Cl)c(Cl)c(Cl)c1Cl
N,methyl,methyl,C4,phenyl,pentachlorophenyl,<LB_N><LB1_methyl><LB2_methyl><LINKER_C4><LA1_phenyl><LA2_pentachlorophenyl>,CN(C)CCCCB(c1ccccc1)c1c(Cl)c(Cl)c(Cl)c(Cl)c1Cl
N,methyl,methyl,C5,phenyl,pentachlorophenyl,<LB_N><LB1_methyl><LB2_methyl><LINKER_C5><LA1_phenyl><LA2_pentachlorophenyl>,CN(C)CCCCCB(c1ccccc1)c1c(Cl)c(Cl)c(Cl)c(Cl)c1Cl
N,methyl,methyl,C6,phenyl,pentachlorophenyl,<LB_N><LB1_methyl><LB2_methyl><LINKER_C6><LA1_phenyl><LA2_pentachlorophenyl>,CN(C)CCCCCCB(c1ccccc1)c1c(Cl)c(Cl)c(Cl)c(Cl)c1Cl
N,methyl,methyl,C1,phenyl,bis_cf3_phenyl,<LB_N><LB1_methyl><LB2_methyl><LINKER_C1><LA1_phenyl><LA2_bis_cf3_phenyl>,CN(C)CB(c1ccccc1)c1cc(C(F)(F)F)cc(C(F)(F)F)c1
N,methyl,methyl,C2,phenyl,bis_cf3_phenyl,<LB_N><LB1_methyl><LB2_methyl><LINKER_C2><LA1_phenyl><LA2_bis_cf3_phenyl>,CN(C)CCB(c1ccccc1)c1cc(C(F)(F)F)cc(C(F)(F)F)c1
N,methyl,methyl,C3,phenyl,bis_cf3_phenyl,<LB_N><LB1_methyl><LB2_methyl><LINKER_C3><LA1_phenyl><LA2_bis_cf3_phenyl>,CN(C)CCCB(c1ccccc1)c1cc(C(F)(F)F)cc(C(F)(F)F)c1
N,methyl,methyl,C4,phenyl,bis_cf3_phenyl,<LB_N><LB1_methyl><LB2_methyl><LINKER_C4><LA1_phenyl><LA2_bis_cf3_phenyl>,CN(C)CCCCB(c1ccccc1)c1cc(C(F)(F)F)cc(C(F)(F)F)c1
N,methyl,methyl,C5,phenyl,bis_cf3_phenyl,<LB_N><LB1_methyl><LB2_methyl><LINKER_C5><LA1_phenyl><LA2_bis_cf3_phenyl>,CN(C)CCCCCB(c1ccccc1)c1cc(C(F)(F)F)cc(C(F)(F)F)c1
N,methyl,methyl,C6,phenyl,bis_cf3_phenyl,<LB_N><LB1_methyl><LB2_methyl><LINKER_C6><LA1_phenyl><LA2_bis_cf3_phenyl>,CN(C)CCCCCCB(c1ccccc1)c1cc(C(F)(F)F)cc(C(F)(F)F)c1
N,methyl,methyl,C1,p_tolyl,p_tolyl,<LB_N><LB1_methyl><LB2_methyl><LINKER_C1><LA1_p_tolyl><LA2_p_tolyl>,Cc1ccc(B(CN(C)C)c2ccc(C)cc2)cc1
N,methyl,methyl,C2,p_tolyl,p_tolyl,<LB_N><LB1_methyl><LB2_methyl><LINKER_C2><LA1_p_tolyl><LA2_p_tolyl>,Cc1ccc(B(CCN(C)C)c2ccc(C)cc2)cc1
N,methyl,methyl,C3,p_tolyl,p_tolyl,<LB_N><LB1_methyl><LB2_methyl><LINKER_C3><LA1_p_tolyl><LA2_p_tolyl>,Cc1ccc(B(CCCN(C)C)c2ccc(C)cc2)cc1
N,methyl,methyl,C4,p_tolyl,p_tolyl,<LB_N><LB1_methyl><LB2_methyl><LINKER_C4><LA1_p_tolyl><LA2_p_tolyl>,Cc1ccc(B(CCCCN(C)C)c2ccc(C)cc2)cc1
N,methyl,methyl,C5,p_tolyl,p_tolyl,<LB_N><LB1_methyl><LB2_methyl><LINKER_C5><LA1_p_tolyl><LA2_p_tolyl>,Cc1ccc(B(CCCCCN(C)C)c2ccc(C)cc2)cc1
N,methyl,methyl,C6,p_tolyl,p_tolyl,<LB_N><LB1_methyl><LB2_methyl><LINKER_C6><LA1_p_tolyl><LA2_p_tolyl>,Cc1ccc(B(CCCCCCN(C)C)c2ccc(C)cc2)cc1
N,methyl,methyl,C1,p_tolyl,mesityl,<LB_N><LB1_methyl><LB2_methyl><LINKER_C1><LA1_p_tolyl><LA2_mesityl>,Cc1ccc(B(CN(C)C)c2c(C)cc(C)cc2C)cc1
N,methyl,methyl,C2,p_tolyl,mesityl,<LB_N><LB1_methyl><LB2_methyl><LINKER_C2><LA1_p_tolyl><LA2_mesityl>,Cc1ccc(B(CCN(C)C)c2c(C)cc(C)cc2C)cc1
N,methyl,methyl,C3,p_tolyl,mesityl,<LB_N><LB1_methyl><LB2_methyl><LINKER_C3><LA1_p_tolyl><LA2_mesityl>,Cc1ccc(B(CCCN(C)C)c2c(C)cc(C)cc2C)cc1
N,methyl,methyl,C4,p_tolyl,mesityl,<LB_N><LB1_methyl><LB2_methyl><LINKER_C4><LA1_p_tolyl><LA2_mesityl>,Cc1ccc(B(CCCCN(C)C)c2c(C)cc(C)cc2C)cc1
N,methyl,methyl,C5,p_tolyl,mesityl,<LB_N><LB1_methyl><LB2_methyl><LINKER_C5><LA1_p_tolyl><LA2_mesityl>,Cc1ccc(B(CCCCCN(C)C)c2c(C)cc(C)cc2C)cc1
N,methyl,methyl,C6,p_tolyl,mesityl,<LB_N><LB1_methyl><LB2_methyl><LINKER_C6><LA1_p_tolyl><LA2_mesityl>,Cc1ccc(B(CCCCCCN(C)C)c2c(C)cc(C)cc2C)cc1
N,methyl,methyl,C1,p_tolyl,pentafluorophenyl,<LB_N><LB1_methyl><LB2_methyl><LINKER_C1><LA1_p_tolyl><LA2_pentafluorophenyl>,Cc1ccc(B(CN(C)C)c2c(F)c(F)c(F)c(F)c2F)cc1
N,methyl,methyl,C2,p_tolyl,pentafluorophenyl,<LB_N><LB1_methyl><LB2_methyl><LINKER_C2><LA1_p_tolyl><LA2_pentafluorophenyl>,Cc1ccc(B(CCN(C)C)c2c(F)c(F)c(F)c(F)c2F)cc1
N,methyl,methyl,C3,p_tolyl,pentafluorophenyl,<LB_N><LB1_methyl><LB2_methyl><LINKER_C3><LA1_p_tolyl><LA2_pentafluorophenyl>,Cc1ccc(B(CCCN(C)C)c2c(F)c(F)c(F)c(F)c2F)cc1
N,methyl,methyl,C4,p_tolyl,pentafluorophenyl,<LB_N><LB1_methyl><LB2_methyl><LINKER_C4><LA1_p_tolyl><LA2_pentafluorophenyl>,Cc1ccc(B(CCCCN(C)C)c2c(F)c(F)c(F)c(F)c2F)cc1
N,methyl,methyl,C5,p_tolyl,pentafluorophenyl,<LB_N><LB1_methyl><LB2_methyl><LINKER_C5><LA1_p_tolyl><LA2_pentafluorophenyl>,Cc1ccc(B(CCCCCN(C)C)c2c(F)c(F)c(F)c(F)c2F)cc1
N,methyl,methyl,C6,p_tolyl,pentafluorophenyl,<LB_N><LB1_methyl><LB2_methyl><LINKER_C6><LA1_p_tolyl><LA2_pentafluorophenyl>,Cc1ccc(B(CCCCCCN(C)C)c2c(F)c(F)c(F)c(F)c2F)cc1
N,methyl,methyl,C1,p_tolyl,pentachlorophenyl,<LB_N><LB1_methyl><LB2_methyl><LINKER_C1><LA1_p_tolyl><LA2_pentachlorophenyl>,Cc1ccc(B(CN(C)C)c2c(Cl)c(Cl)c(Cl)c(Cl)c2Cl)cc1
N,methyl,methyl,C2,p_tolyl,pentachlorophenyl,<LB_N><LB1_methyl><LB2_methyl><LINKER_C2><LA1_p_tolyl><LA2_pentachlorophenyl>,Cc1ccc(B(CCN(C)C)c2c(Cl)c(Cl)c(Cl)c(Cl)c2Cl)cc1
N,methyl,methyl,C3,p_tolyl,pentachlorophenyl,<LB_N><LB1_methyl><LB2_methyl><LINKER_C3><LA1_p_tolyl><LA2_pentachlorophenyl>,Cc1ccc(B(CCCN(C)C)c2c(Cl)c(Cl)c(Cl)c(Cl)c2Cl)cc1
N,methyl,methyl,C4,p_tolyl,pentachlorophenyl,<LB_N><LB1_methyl><LB2_methyl><LINKER_C4><LA1_p_tolyl><LA2_pentachlorophenyl>,Cc1ccc(B(CCCCN(C)C)c2c(Cl)c(Cl)c(Cl)c(Cl)c2Cl)cc1
N,methyl,methyl,C5,p_tolyl,pentachlorophenyl,<LB_N><LB1_methyl><LB2_methyl><LINKER_C5><LA1_p_tolyl><LA2_pentachlorophenyl>,Cc1ccc(B(CCCCCN(C)C)c2c(Cl)c(Cl)c(Cl)c(Cl)c2Cl)cc1
N,methyl,methyl,C6,p_tolyl,pentachlorophenyl,<LB_N><LB1_methyl><LB2_methyl><LINKER_C6><LA1_p_tolyl><LA2_pentachlorophenyl>,Cc1ccc(B(CCCCCCN(C)C)c2c(Cl)c(Cl)c(Cl)c(Cl)c2Cl)cc1
N,methyl,methyl,C1,p_tolyl,bis_cf3_phenyl,<LB_N><LB1_methyl><LB2_methyl><LINKER_C1><LA1_p_tolyl><LA2_bis_cf3_phenyl>,Cc1ccc(B(CN(C)C)c2cc(C(F)(F)F)cc(C(F)(F)F)c2)cc1
N,methyl,methyl,C2,p_tolyl,bis_cf3_phenyl,<LB_N><LB1_methyl><LB2_methyl><LINKER_C2><LA1_p_tolyl><LA2_bis_cf3_phenyl>,Cc1ccc(B(CCN(C)C)c2cc(C(F)(F)F)cc(C(F)(F)F)c2)cc1
N,methyl,methyl,C3,p_tolyl,bis_cf3_phenyl,<LB_N><LB1_methyl><LB2_methyl><LINKER_C3><LA1_p_tolyl><LA2_bis_cf3_phenyl>,Cc1ccc(B(CCCN(C)C)c2cc(C(F)(F)F)cc(C(F)(F)F)c2)cc1
N,methyl,methyl,C4,p_tolyl,bis_cf3_phenyl,<LB_N><LB1_methyl><LB2_methyl><LINKER_C4><LA1_p_tolyl><LA2_bis_cf3_phenyl>,Cc1ccc(B(CCCCN(C)C)c2cc(C(F)(F)F)cc(C(F)(F)F)c2)cc1
N,methyl,methyl,C5,p_tolyl,bis_cf3_phenyl,<LB_N><LB1_methyl><LB2_methyl><LINKER_C5><LA1_p_tolyl><LA2_bis_cf3_phenyl>,Cc1ccc(B(CCCCCN(C)C)c2cc(C(F)(F)F)cc(C(F)(F)F)c2)cc1
N,methyl,methyl,C6,p_tolyl,bis_cf3_phenyl,<LB_N><LB1_methyl><LB2_methyl><LINKER_C6><LA1_p_tolyl><LA2_bis_cf3_phenyl>,Cc1ccc(B(CCCCCCN(C)C)c2cc(C(F)(F)F)cc(C(F)(F)F)c2)cc1
N,methyl,methyl,C1,mesityl,mesityl,<LB_N><LB1_methyl><LB2_methyl><LINKER_C1><LA1_mesityl><LA2_mesityl>,Cc1cc(C)c(B(CN(C)C)c2c(C)cc(C)cc2C)c(C)c1
N,methyl,methyl,C2,mesityl,mesityl,<LB_N><LB1_methyl><LB2_methyl><LINKER_C2><LA1_mesityl><LA2_mesityl>,Cc1cc(C)c(B(CCN(C)C)c2c(C)cc(C)cc2C)c(C)c1
N,methyl,methyl,C3,mesityl,mesityl,<LB_N><LB1_methyl><LB2_methyl><LINKER_C3><LA1_mesityl><LA2_mesityl>,Cc1cc(C)c(B(CCCN(C)C)c2c(C)cc(C)cc2C)c(C)c1
N,methyl,methyl,C4,mesityl,mesityl,<LB_N><LB1_methyl><LB2_methyl><LINKER_C4><LA1_mesityl><LA2_mesityl>,Cc1cc(C)c(B(CCCCN(C)C)c2c(C)cc(C)cc2C)c(C)c1
N,methyl,methyl,C5,mesityl,mesityl,<LB_N><LB1_methyl><LB2_methyl><LINKER_C5><LA1_mesityl><LA2_mesityl>,Cc1cc(C)c(B(CCCCCN(C)C)c2c(C)cc(C)cc2C)c(C)c1
N,methyl,methyl,C6,mesityl,mesityl,<LB_N><LB1_methyl><LB2_methyl><LINKER_C6><LA1_mesityl><LA2_mesityl>,Cc1cc(C)c(B(CCCCCCN(C)C)c2c(C)cc(C)cc2C)c(C)c1
N,methyl,methyl,C1,mesityl,pentafluorophenyl,<LB_N><LB1_methyl><LB2_methyl><LINKER_C1><LA1_mesityl><LA2_pentafluorophenyl>,Cc1cc(C)c(B(CN(C)C)c2c(F)c(F)c(F)c(F)c2F)c(C)c1
N,methyl,methyl,C2,mesityl,pentafluorophenyl,<LB_N><LB1_methyl><LB2_methyl><LINKER_C2><LA1_mesityl><LA2_pentafluorophenyl>,Cc1cc(C)c(B(CCN(C)C)c2c(F)c(F)c(F)c(F)c2F)c(C)c1
N,methyl,methyl,C3,mesityl,pentafluorophenyl,<LB_N><LB1_methyl><LB2_methyl><LINKER_C3><LA1_mesityl><LA2_pentafluorophenyl>,Cc1cc(C)c(B(CCCN(C)C)c2c(F)c(F)c(F)c(F)c2F)c(C)c1
N,methyl,methyl,C4,mesityl,pentafluorophenyl,<LB_N><LB1_methyl><LB2_methyl><LINKER_C4><LA1_mesityl><LA2_pentafluorophenyl>,Cc1cc(C)c(B(CCCCN(C)C)c2c(F)c(F)c(F)c(F)c2F)c(C)c1
N,methyl,methyl,C5,mesityl,pentafluorophenyl,<LB_N><LB1_methyl><LB2_methyl><LINKER_C5><LA1_mesityl><LA2_pentafluorophenyl>,Cc1cc(C)c(B(CCCCCN(C)C)c2c(F)c(F)c(F)c(F)c2F)c(C)c1
N,methyl,methyl,C6,mesityl,pentafluorophenyl,<LB_N><LB1_methyl><LB2_methyl><LINKER_C6><LA1_mesityl><LA2_pentafluorophenyl>,Cc1cc(C)c(B(CCCCCCN(C)C)c2c(F)c(F)c(F)c(F)c2F)c(C)c1
N,methyl,methyl,C1,mesityl,pentachlorophenyl,<LB_N><LB1_methyl><LB2_methyl><LINKER_C1><LA1_mesityl><LA2_pentachlorophenyl>,Cc1cc(C)c(B(CN(C)C)c2c(Cl)c(Cl)c(Cl)c(Cl)c2Cl)c(C)c1
N,methyl,methyl,C2,mesityl,pentachlorophenyl,<LB_N><LB1_methyl><LB2_methyl><LINKER_C2><LA1_mesityl><LA2_pentachlorophenyl>,Cc1cc(C)c(B(CCN(C)C)c2c(Cl)c(Cl)c(Cl)c(Cl)c2Cl)c(C)c1
N,methyl,methyl,C3,mesityl,pentachlorophenyl,<LB_N><LB1_methyl><LB2_methyl><LINKER_C3><LA1_mesityl><LA2_pentachlorophenyl>,Cc1cc(C)c(B(CCCN(C)C)c2c(Cl)c(Cl)c(Cl)c(Cl)c2Cl)c(C)c1
N,methyl,methyl,C4,mesityl,pentachlorophenyl,<LB_N><LB1_methyl><LB2_methyl><LINKER_C4><LA1_mesityl><LA2_pentachlorophenyl>,Cc1cc(C)c(B(CCCCN(C)C)c2c(Cl)c(Cl)c(Cl)c(Cl)c2Cl)c(C)c1
N,methyl,methyl,C5,mesityl,pentachlorophenyl,<LB_N><LB1_methyl><LB2_methyl><LINKER_C5><LA1_mesityl><LA2_pentachlorophenyl>,Cc1cc(C)c(B(CCCCCN(C)C)c2c(Cl)c(Cl)c(Cl)c(Cl)c2Cl)c(C)c1
N,methyl,methyl,C6,mesityl,pentachlorophenyl,<LB_N><LB1_methyl><LB2_methyl><LINKER_C6><LA1_mesityl><LA2_pentachlorophenyl>,Cc1cc(C)c(B(CCCCCCN(C)C)c2c(Cl)c(Cl)c(Cl)c(Cl)c2Cl)c(C)c1
N,methyl,methyl,C1,mesityl,bis_cf3_phenyl,<LB_N><LB1_methyl><LB2_methyl><LINKER_C1><LA1_mesityl><LA2_bis_cf3_phenyl>,Cc1cc(C)c(B(CN(C)C)c2cc(C(F)(F)F)cc(C(F)(F)F)c2)c(C)c1
N,methyl,methyl,C2,mesityl,bis_cf3_phenyl,<LB_N><LB1_methyl><LB2_methyl><LINKER_C2><LA1_mesityl><LA2_bis_cf3_phenyl>,Cc1cc(C)c(B(CCN(C)C)c2cc(C(F)(F)F)cc(C(F)(F)F)c2)c(C)c1
N,methyl,methyl,C3,mesityl,bis_cf3_phenyl,<LB_N><LB1_methyl><LB2_methyl><LINKER_C3><LA1_mesityl><LA2_bis_cf3_phenyl>,Cc1cc(C)c(B(CCCN(C)C)c2cc(C(F)(F)F)cc(C(F)(F)F)c2)c(C)c1
N,methyl,methyl,C4,mesityl,bis_cf3_phenyl,<LB_N><LB1_methyl><LB2_methyl><LINKER_C4><LA1_mesityl><LA2_bis_cf3_phenyl>,Cc1cc(C)c(B(CCCCN(C)C)c2cc(C(F)(F)F)cc(C(F)(F)F)c2)c(C)c1
N,methyl,methyl,C5,mesityl,bis_cf3_phenyl,<LB_N><LB1_methyl><LB2_methyl><LINKER_C5><LA1_mesityl><LA2_bis_cf3_phenyl>,Cc1cc(C)c(B(CCCCCN(C)C)c2cc(C(F)(F)F)cc(C(F)(F)F)c2)c(C)c1
N,methyl,methyl,C6,mesityl,bis_cf3_phenyl,<LB_N><LB1_methyl><LB2_methyl><LINKER_C6><LA1_mesityl><LA2_bis_cf3_phenyl>,Cc1cc(C)c(B(CCCCCCN(C)C)c2cc(C(F)(F)F)cc(C(F)(F)F)c2)c(C)c1
N,methyl,methyl,C1,pentafluorophenyl,pentafluorophenyl,<LB_N><LB1_methyl><LB2_methyl><LINKER_C1><LA1_pentafluorophenyl><LA2_pentafluorophenyl>,CN(C)CB(c1c(F)c(F)c(F)c(F)c1F)c1c(F)c(F)c(F)c(F)c1F
N,methyl,methyl,C2,pentafluorophenyl,pentafluorophenyl,<LB_N><LB1_methyl><LB2_methyl><LINKER_C2><LA1_pentafluorophenyl><LA2_pentafluorophenyl>,CN(C)CCB(c1c(F)c(F)c(F)c(F)c1F)c1c(F)c(F)c(F)c(F)c1F
N,methyl,methyl,C3,pentafluorophenyl,pentafluorophenyl,<LB_N><LB1_methyl><LB2_methyl><LINKER_C3><LA1_pentafluorophenyl><LA2_pentafluorophenyl>,CN(C)CCCB(c1c(F)c(F)c(F)c(F)c1F)c1c(F)c(F)c(F)c(F)c1F
N,methyl,methyl,C4,pentafluorophenyl,pentafluorophenyl,<LB_N><LB1_methyl><LB2_methyl><LINKER_C4><LA1_pentafluorophenyl><LA2_pentafluorophenyl>,CN(C)CCCCB(c1c(F)c(F)c(F)c(F)c1F)c1c(F)c(F)c(F)c(F)c1F
N,methyl,methyl,C5,pentafluorophenyl,pentafluorophenyl,<LB_N><LB1_methyl><LB2_methyl><LINKER_C5><LA1_pentafluorophenyl><LA2_pentafluorophenyl>,CN(C)CCCCCB(c1c(F)c(F)c(F)c(F)c1F)c1c(F)c(F)c(F)c(F)c1F
N,methyl,methyl,C6,pentafluorophenyl,pentafluorophenyl,<LB_N><LB1_methyl><LB2_methyl><LINKER_C6><LA1_pentafluorophenyl><LA2_pentafluorophenyl>,CN(C)CCCCCCB(c1c(F)c(F)c(F)c(F)c1F)c1c(F)c(F)c(F)c(F)c1F
N,methyl,methyl,C1,pentafluorophenyl,pentachlorophenyl,<LB_N><LB1_methyl><LB2_methyl><LINKER_C1><LA1_pentafluorophenyl><LA2_pentachlorophenyl>,CN(C)CB(c1c(F)c(F)c(F)c(F)c1F)c1c(Cl)c(Cl)c(Cl)c(Cl)c1Cl
N,methyl,methyl,C2,pentafluorophenyl,pentachlorophenyl,<LB_N><LB1_methyl><LB2_methyl><LINKER_C2><LA1_pentafluorophenyl><LA2_pentachlorophenyl>,CN(C)CCB(c1c(F)c(F)c(F)c(F)c1F)c1c(Cl)c(Cl)c(Cl)c(Cl)c1Cl
N,methyl,methyl,C3,pentafluorophenyl,pentachlorophenyl,<LB_N><LB1_methyl><LB2_methyl><LINKER_C3><LA1_pentafluorophenyl><LA2_pentachlorophenyl>,CN(C)CCCB(c1c(F)c(F)c(F)c(F)c1F)c1c(Cl)c(Cl)c(Cl)c(Cl)c1Cl
N,methyl,methyl,C4,pentafluorophenyl,pentachlorophenyl,<LB_N><LB1_methyl><LB2_methyl><LINKER_C4><LA1_pentafluorophenyl><LA2_pentachlorophenyl>,CN(C)CCCCB(c1c(F)c(F)c(F)c(F)c1F)c1c(Cl)c(Cl)c(Cl)c(Cl)c1Cl
N,methyl,methyl,C5,pentafluorophenyl,pentachlorophenyl,<LB_N><LB1_methyl><LB2_methyl><LINKER_C5><LA1_pentafluorophenyl><LA2_pentachlorophenyl>,CN(C)CCCCCB(c1c(F)c(F)c(F)c(F)c1F)c1c(Cl)c(Cl)c(Cl)c(Cl)c1Cl
N,methyl,methyl,C6,pentafluorophenyl,pentachlorophenyl,<LB_N><LB1_methyl><LB2_methyl><LINKER_C6><LA1_pentafluorophenyl><LA2_pentachlorophenyl>,CN(C)CCCCCCB(c1c(F)c(F)c(F)c(F)c1F)c1c(Cl)c(Cl)c(Cl)c(Cl)c1Cl
N,methyl,methyl,C1,pentafluorophenyl,bis_cf3_phenyl,<LB_N><LB1_methyl><LB2_methyl><LINKER_C1><LA1_pentafluorophenyl><LA2_bis_cf3_phenyl>,CN(C)CB(c1cc(C(F)(F)F)cc(C(F)(F)F)c1)c1c(F)c(F)c(F)c(F)c1F
N,methyl,methyl,C2,pentafluorophenyl,bis_cf3_phenyl,<LB_N><LB1_methyl><LB2_methyl><LINKER_C2><LA1_pentafluorophenyl><LA2_bis_cf3_phenyl>,CN(C)CCB(c1cc(C(F)(F)F)cc(C(F)(F)F)c1)c1c(F)c(F)c(F)c(F)c1F
N,methyl,methyl,C3,pentafluorophenyl,bis_cf3_phenyl,<LB_N><LB1_methyl><LB2_methyl><LINKER_C3><LA1_pentafluorophenyl><LA2_bis_cf3_phenyl>,CN(C)CCCB(c1cc(C(F)(F)F)cc(C(F)(F)F)c1)c1c(F)c(F)c(F)c(F)c1F
N,methyl,methyl,C4,pentafluorophenyl,bis_cf3_phenyl,<LB_N><LB1_methyl><LB2_methyl><LINKER_C4><LA1_pentafluorophenyl><LA2_bis_cf3_phenyl>,CN(C)CCCCB(c1cc(C(F)(F)F)cc(C(F)(F)F)c1)c1c(F)c(F)c(F)c(F)c1F
N,methyl,methyl,C5,pentafluorophenyl,bis_cf3_phenyl,<LB_N><LB1_methyl><LB2_methyl><LINKER_C5><LA1_pentafluorophenyl><LA2_bis_cf3_phenyl>,CN(C)CCCCCB(c1cc(C(F)(F)F)cc(C(F)(F)F)c1)c1c(F)c(F)c(F)c(F)c1F
N,methyl,methyl,C6,pentafluorophenyl,bis_cf3_phenyl,<LB_N><LB1_methyl><LB2_methyl><LINKER_C6><LA1_pentafluorophenyl><LA2_bis_cf3_phenyl>,CN(C)CCCCCCB(c1cc(C(F)(F)F)cc(C(F)(F)F)c1)c1c(F)c(F)c(F)c(F)c1F
N,methyl,methyl,C1,pentachlorophenyl,pentachlorophenyl,<LB_N><LB1_methyl><LB2_methyl><LINKER_C1><LA1_pentachlorophenyl><LA2_pentachlorophenyl>,CN(C)CB(c1c(Cl)c(Cl)c(Cl)c(Cl)c1Cl)c1c(Cl)c(Cl)c(Cl)c(Cl)c1Cl
N,methyl,methyl,C2,pentachlorophenyl,pentachlorophenyl,<LB_N><LB1_methyl><LB2_methyl><LINKER_C2><LA1_pentachlorophenyl><LA2_pentachlorophenyl>,CN(C)CCB(c1c(Cl)c(Cl)c(Cl)c(Cl)c1Cl)c1c(Cl)c(Cl)c(Cl)c(Cl)c1Cl
N,methyl,methyl,C3,pentachlorophenyl,pentachlorophenyl,<LB_N><LB1_methyl><LB2_methyl><LINKER_C3><LA1_pentachlorophenyl><LA2_pentachlorophenyl>,CN(C)CCCB(c1c(Cl)c(Cl)c(Cl)c(Cl)c1Cl)c1c(Cl)c(Cl)c(Cl)c(Cl)c1Cl
N,methyl,methyl,C4,pentachlorophenyl,pentachlorophenyl,<LB_N><LB1_methyl><LB2_methyl><LINKER_C4><LA1_pentachlorophenyl><LA2_pentachlorophenyl>,CN(C)CCCCB(c1c(Cl)c(Cl)c(Cl)c(Cl)c1Cl)c1c(Cl)c(Cl)c(Cl)c(Cl)c1Cl
N,methyl,methyl,C5,pentachlorophenyl,pentachlorophenyl,<LB_N><LB1_methyl><LB2_methyl><LINKER_C5><LA1_pentachlorophenyl><LA2_pentachlorophenyl>,CN(C)CCCCCB(c1c(Cl)c(Cl)c(Cl)c(Cl)c1Cl)c1c(Cl)c(Cl)c(Cl)c(Cl)c1Cl
N,methyl,methyl,C6,pentachlorophenyl,pentachlorophenyl,<LB_N><LB1_methyl><LB2_methyl><LINKER_C6><LA1_pentachlorophenyl><LA2_pentachlorophenyl>,CN(C)CCCCCCB(c1c(Cl)c(Cl)c(Cl)c(Cl)c1Cl)c1c(Cl)c(Cl)c(Cl)c(Cl)c1Cl
N,methyl,methyl,C1,pentachlorophenyl,bis_cf3_phenyl,<LB_N><LB1_methyl><LB2_methyl><LINKER_C1><LA1_pentachlorophenyl><LA2_bis_cf3_phenyl>,CN(C)CB(c1cc(C(F)(F)F)cc(C(F)(F)F)c1)c1c(Cl)c(Cl)c(Cl)c(Cl)c1Cl
N,methyl,methyl,C2,pentachlorophenyl,bis_cf3_phenyl,<LB_N><LB1_methyl><LB2_methyl><LINKER_C2><LA1_pentachlorophenyl><LA2_bis_cf3_phenyl>,CN(C)CCB(c1cc(C(F)(F)F)cc(C(F)(F)F)c1)c1c(Cl)c(Cl)c(Cl)c(Cl)c1Cl
N,methyl,methyl,C3,pentachlorophenyl,bis_cf3_phenyl,<LB_N><LB1_methyl><LB2_methyl><LINKER_C3><LA1_pentachlorophenyl><LA2_bis_cf3_phenyl>,CN(C)CCCB(c1cc(C(F)(F)F)cc(C(F)(F)F)c1)c1c(Cl)c(Cl)c(Cl)c(Cl)c1Cl
N,methyl,methyl,C4,pentachlorophenyl,bis_cf3_phenyl,<LB_N><LB1_methyl><LB2_methyl><LINKER_C4><LA1_pentachlorophenyl><LA2_bis_cf3_phenyl>,CN(C)CCCCB(c1cc(C(F)(F)F)cc(C(F)(F)F)c1)c1c(Cl)c(Cl)c(Cl)c(Cl)c1Cl
N,methyl,methyl,C5,pentachlorophenyl,bis_cf3_phenyl,<LB_N><LB1_methyl><LB2_methyl><LINKER_C5><LA1_pentachlorophenyl><LA2_bis_cf3_phenyl>,CN(C)CCCCCB(c1cc(C(F)(F)F)cc(C(F)(F)F)c1)c1c(Cl)c(Cl)c(Cl)c(Cl)c1Cl
N,methyl,methyl,C6,pentachlorophenyl,bis_cf3_phenyl,<LB_N><LB1_methyl><LB2_methyl><LINKER_C6><LA1_pentachlorophenyl><LA2_bis_cf3_phenyl>,CN(C)CCCCCCB(c1cc(C(F)(F)F)cc(C(F)(F)F)c1)c1c(Cl)c(Cl)c(Cl)c(Cl)c1Cl
N,methyl,methyl,C1,bis_cf3_phenyl,bis_cf3_phenyl,<LB_N><LB1_methyl><LB2_methyl><LINKER_C1><LA1_bis_cf3_phenyl><LA2_bis_cf3_phenyl>,CN(C)CB(c1cc(C(F)(F)F)cc(C(F)(F)F)c1)c1cc(C(F)(F)F)cc(C(F)(F)F)c1
N,methyl,methyl,C2,bis_cf3_phenyl,bis_cf3_phenyl,<LB_N><LB1_methyl><LB2_methyl><LINKER_C2><LA1_bis_cf3_phenyl><LA2_bis_cf3_phenyl>,CN(C)CCB(c1cc(C(F)(F)F)cc(C(F)(F)F)c1)c1cc(C(F)(F)F)cc(C(F)(F)F)c1
N,methyl,methyl,C3,bis_cf3_phenyl,bis_cf3_phenyl,<LB_N><LB1_methyl><LB2_methyl><LINKER_C3><LA1_bis_cf3_phenyl><LA2_bis_cf3_phenyl>,CN(C)CCCB(c1cc(C(F)(F)F)cc(C(F)(F)F)c1)c1cc(C(F)(F)F)cc(C(F)(F)F)c1
N,methyl,methyl,C4,bis_cf3_phenyl,bis_cf3_phenyl,<LB_N><LB1_methyl><LB2_methyl><LINKER_C4><LA1_bis_cf3_phenyl><LA2_bis_cf3_phenyl>,CN(C)CCCCB(c1cc(C(F)(F)F)cc(C(F)(F)F)c1)c1cc(C(F)(F)F)cc(C(F)(F)F)c1
N,methyl,methyl,C5,bis_cf3_phenyl,bis_cf3_phenyl,<LB_N><LB1_methyl><LB2_methyl><LINKER_C5><LA1_bis_cf3_phenyl><LA2_bis_cf3_phenyl>,CN(C)CCCCCB(c1cc(C(F)(F)F)cc(C(F)(F)F)c1)c1cc(C(F)(F)F)cc(C(F)(F)F)c1
N,methyl,methyl,C6,bis_cf3_phenyl,bis_cf3_phenyl,<LB_N><LB1_methyl><LB2_methyl><LINKER_C6><LA1_bis_cf3_phenyl><LA2_bis_cf3_phenyl>,CN(C)CCCCCCB(c1cc(C(F)(F)F)cc(C(F)(F)F)c1)c1cc(C(F)(F)F)cc(C(F)(F)F)c1
N,methyl,ethyl,C1,phenyl,phenyl,<LB_N><LB1_methyl><LB2_ethyl><LINKER_C1><LA1_phenyl><LA2_phenyl>,CCN(C)CB(c1ccccc1)c1ccccc1
N,methyl,ethyl,C2,phenyl,phenyl,<LB_N><LB1_methyl><LB2_ethyl><LINKER_C2><LA1_phenyl><LA2_phenyl>,CCN(C)CCB(c1ccccc1)c1ccccc1
N,methyl,ethyl,C3,phenyl,phenyl,<LB_N><LB1_methyl><LB2_ethyl><LINKER_C3><LA1_phenyl><LA2_phenyl>,CCN(C)CCCB(c1ccccc1)c1ccccc1
N,methyl,ethyl,C4,phenyl,phenyl,<LB_N><LB1_methyl><LB2_ethyl><LINKER_C4><LA1_phenyl><LA2_phenyl>,CCN(C)CCCCB(c1ccccc1)c1ccccc1
N,methyl,ethyl,C5,phenyl,phenyl,<LB_N><LB1_methyl><LB2_ethyl><LINKER_C5><LA1_phenyl><LA2_phenyl>,CCN(C)CCCCCB(c1ccccc1)c1ccccc1
N,methyl,ethyl,C6,phenyl,phenyl,<LB_N><LB1_methyl><LB2_ethyl><LINKER_C6><LA1_phenyl><LA2_phenyl>,CCN(C)CCCCCCB(c1ccccc1)c1ccccc1
N,methyl,ethyl,C1,phenyl,p_tolyl,<LB_N><LB1_methyl><LB2_ethyl><LINKER_C1><LA1_phenyl><LA2_p_tolyl>,CCN(C)CB(c1ccccc1)c1ccc(C)cc1
N,methyl,ethyl,C2,phenyl,p_tolyl,<LB_N><LB1_methyl><LB2_ethyl><LINKER_C2><LA1_phenyl><LA2_p_tolyl>,CCN(C)CCB(c1ccccc1)c1ccc(C)cc1
N,methyl,ethyl,C3,phenyl,p_tolyl,<LB_N><LB1_methyl><LB2_ethyl><LINKER_C3><LA1_phenyl><LA2_p_tolyl>,CCN(C)CCCB(c1ccccc1)c1ccc(C)cc1
N,methyl,ethyl,C4,phenyl,p_tolyl,<LB_N><LB1_methyl><LB2_ethyl><LINKER_C4><LA1_phenyl><LA2_p_tolyl>,CCN(C)CCCCB(c1ccccc1)c1ccc(C)cc1
N,methyl,ethyl,C5,phenyl,p_tolyl,<LB_N><LB1_methyl><LB2_ethyl><LINKER_C5><LA1_phenyl><LA2_p_tolyl>,CCN(C)CCCCCB(c1ccccc1)c1ccc(C)cc1
N,methyl,ethyl,C6,phenyl,p_tolyl,<LB_N><LB1_methyl><LB2_ethyl><LINKER_C6><LA1_phenyl><LA2_p_tolyl>,CCN(C)CCCCCCB(c1ccccc1)c1ccc(C)cc1
N,methyl,ethyl,C1,phenyl,mesityl,<LB_N><LB1_methyl><LB2_ethyl><LINKER_C1><LA1_phenyl><LA2_mesityl>,CCN(C)CB(c1ccccc1)c1c(C)cc(C)cc1C
N,methyl,ethyl,C2,phenyl,mesityl,<LB_N><LB1_methyl><LB2_ethyl><LINKER_C2><LA1_phenyl><LA2_mesityl>,CCN(C)CCB(c1ccccc1)c1c(C)cc(C)cc1C
N,methyl,ethyl,C3,phenyl,mesityl,<LB_N><LB1_methyl><LB2_ethyl><LINKER_C3><LA1_phenyl><LA2_mesityl>,CCN(C)CCCB(c1ccccc1)c1c(C)cc(C)cc1C
N,methyl,ethyl,C4,phenyl,mesityl,<LB_N><LB1_methyl><LB2_ethyl><LINKER_C4><LA1_phenyl><LA2_mesityl>,CCN(C)CCCCB(c1ccccc1)c1c(C)cc(C)cc1C
N,methyl,ethyl,C5,phenyl,mesityl,<LB_N><LB1_methyl><LB2_ethyl><LINKER_C5><LA1_phenyl><LA2_mesityl>,CCN(C)CCCCCB(c1ccccc1)c1c(C)cc(C)cc1C
N,methyl,ethyl,C6,phenyl,mesityl,<LB_N><LB1_methyl><LB2_ethyl><LINKER_C6><LA1_phenyl><LA2_mesityl>,CCN(C)CCCCCCB(c1ccccc1)c1c(C)cc(C)cc1C
N,methyl,ethyl,C1,phenyl,pentafluorophenyl,<LB_N><LB1_methyl><LB2_ethyl><LINKER_C1><LA1_phenyl><LA2_pentafluorophenyl>,CCN(C)CB(c1ccccc1)c1c(F)c(F)c(F)c(F)c1F
N,methyl,ethyl,C2,phenyl,pentafluorophenyl,<LB_N><LB1_methyl><LB2_ethyl><LINKER_C2><LA1_phenyl><LA2_pentafluorophenyl>,CCN(C)CCB(c1ccccc1)c1c(F)c(F)c(F)c(F)c1F
N,methyl,ethyl,C3,phenyl,pentafluorophenyl,<LB_N><LB1_methyl><LB2_ethyl><LINKER_C3><LA1_phenyl><LA2_pentafluorophenyl>,CCN(C)CCCB(c1ccccc1)c1c(F)c(F)c(F)c(F)c1F
N,methyl,ethyl,C4,phenyl,pentafluorophenyl,<LB_N><LB1_methyl><LB2_ethyl><LINKER_C4><LA1_phenyl><LA2_pentafluorophenyl>,CCN(C)CCCCB(c1ccccc1)c1c(F)c(F)c(F)c(F)c1F
N,methyl,ethyl,C5,phenyl,pentafluorophenyl,<LB_N><LB1_methyl><LB2_ethyl><LINKER_C5><LA1_phenyl><LA2_pentafluorophenyl>,CCN(C)CCCCCB(c1ccccc1)c1c(F)c(F)c(F)c(F)c1F
N,methyl,ethyl,C6,phenyl,pentafluorophenyl,<LB_N><LB1_methyl><LB2_ethyl><LINKER_C6><LA1_phenyl><LA2_pentafluorophenyl>,CCN(C)CCCCCCB(c1ccccc1)c1c(F)c(F)c(F)c(F)c1F
N,methyl,ethyl,C1,phenyl,pentachlorophenyl,<LB_N><LB1_methyl><LB2_ethyl><LINKER_C1><LA1_phenyl><LA2_pentachlorophenyl>,CCN(C)CB(c1ccccc1)c1c(Cl)c(Cl)c(Cl)c(Cl)c1Cl
N,methyl,ethyl,C2,phenyl,pentachlorophenyl,<LB_N><LB1_methyl><LB2_ethyl><LINKER_C2><LA1_phenyl><LA2_pentachlorophenyl>,CCN(C)CCB(c1ccccc1)c1c(Cl)c(Cl)c(Cl)c(Cl)c1Cl
N,methyl,ethyl,C3,phenyl,pentachlorophenyl,<LB_N><LB1_methyl><LB2_ethyl><LINKER_C3><LA1_phenyl><LA2_pentachlorophenyl>,CCN(C)CCCB(c1ccccc1)c1c(Cl)c(Cl)c(Cl)c(Cl)c1Cl
N,methyl,ethyl,C4,phenyl,pentachlorophenyl,<LB_N><LB1_methyl><LB2_ethyl><LINKER_C4><LA1_phenyl><LA2_pentachlorophenyl>,CCN(C)CCCCB(c1ccccc1)c1c(Cl)c(Cl)c(Cl)c(Cl)c1Cl
N,methyl,ethyl,C5,phenyl,pentachlorophenyl,<LB_N><LB1_methyl><LB2_ethyl><LINKER_C5><LA1_phenyl><LA2_pentachlorophenyl>,CCN(C)CCCCCB(c1ccccc1)c1c(Cl)c(Cl)c(Cl)c(Cl)c1Cl
N,methyl,ethyl,C6,phenyl,pentachlorophenyl,<LB_N><LB1_methyl><LB2_ethyl><LINKER_C6><LA1_phenyl><LA2_pentachlorophenyl>,CCN(C)CCCCCCB(c1ccccc1)c1c(Cl)c(Cl)c(Cl)c(Cl)c1Cl
N,methyl,ethyl,C1,phenyl,bis_cf3_phenyl,<LB_N><LB1_methyl><LB2_ethyl><LINKER_C1><LA1_phenyl><LA2_bis_cf3_phenyl>,CCN(C)CB(c1ccccc1)c1cc(C(F)(F)F)cc(C(F)(F)F)c1
N,methyl,ethyl,C2,phenyl,bis_cf3_phenyl,<LB_N><LB1_methyl><LB2_ethyl><LINKER_C2><LA1_phenyl><LA2_bis_cf3_phenyl>,CCN(C)CCB(c1ccccc1)c1cc(C(F)(F)F)cc(C(F)(F)F)c1
N,methyl,ethyl,C3,phenyl,bis_cf3_phenyl,<LB_N><LB1_methyl><LB2_ethyl><LINKER_C3><LA1_phenyl><LA2_bis_cf3_phenyl>,CCN(C)CCCB(c1ccccc1)c1cc(C(F)(F)F)cc(C(F)(F)F)c1
N,methyl,ethyl,C4,phenyl,bis_cf3_phenyl,<LB_N><LB1_methyl><LB2_ethyl><LINKER_C4><LA1_phenyl><LA2_bis_cf3_phenyl>,CCN(C)CCCCB(c1ccccc1)c1cc(C(F)(F)F)cc(C(F)(F)F)c1
N,methyl,ethyl,C5,phenyl,bis_cf3_phenyl,<LB_N><LB1_methyl><LB2_ethyl><LINKER_C5><LA1_phenyl><LA2_bis_cf3_phenyl>,CCN(C)CCCCCB(c1ccccc1)c1cc(C(F)(F)F)cc(C(F)(F)F)c1
N,methyl,ethyl,C6,phenyl,bis_cf3_phenyl,<LB_N><LB1_methyl><LB2_ethyl><LINKER_C6><LA1_phenyl><LA2_bis_cf3_phenyl>,CCN(C)CCCCCCB(c1ccccc1)c1cc(C(F)(F)F)cc(C(F)(F)F)c1
N,methyl,ethyl,C1,p_tolyl,p_tolyl,<LB_N><LB1_methyl><LB2_ethyl><LINKER_C1><LA1_p_tolyl><LA2_p_tolyl>,CCN(C)CB(c1ccc(C)cc1)c1ccc(C)cc1
N,methyl,ethyl,C2,p_tolyl,p_tolyl,<LB_N><LB1_methyl><LB2_ethyl><LINKER_C2><LA1_p_tolyl><LA2_p_tolyl>,CCN(C)CCB(c1ccc(C)cc1)c1ccc(C)cc1
N,methyl,ethyl,C3,p_tolyl,p_tolyl,<LB_N><LB1_methyl><LB2_ethyl><LINKER_C3><LA1_p_tolyl><LA2_p_tolyl>,CCN(C)CCCB(c1ccc(C)cc1)c1ccc(C)cc1
N,methyl,ethyl,C4,p_tolyl,p_tolyl,<LB_N><LB1_methyl><LB2_ethyl><LINKER_C4><LA1_p_tolyl><LA2_p_tolyl>,CCN(C)CCCCB(c1ccc(C)cc1)c1ccc(C)cc1
N,methyl,ethyl,C5,p_tolyl,p_tolyl,<LB_N><LB1_methyl><LB2_ethyl><LINKER_C5><LA1_p_tolyl><LA2_p_tolyl>,CCN(C)CCCCCB(c1ccc(C)cc1)c1ccc(C)cc1
N,methyl,ethyl,C6,p_tolyl,p_tolyl,<LB_N><LB1_methyl><LB2_ethyl><LINKER_C6><LA1_p_tolyl><LA2_p_tolyl>,CCN(C)CCCCCCB(c1ccc(C)cc1)c1ccc(C)cc1
N,methyl,ethyl,C1,p_tolyl,mesityl,<LB_N><LB1_methyl><LB2_ethyl><LINKER_C1><LA1_p_tolyl><LA2_mesityl>,CCN(C)CB(c1ccc(C)cc1)c1c(C)cc(C)cc1C
N,methyl,ethyl,C2,p_tolyl,mesityl,<LB_N><LB1_methyl><LB2_ethyl><LINKER_C2><LA1_p_tolyl><LA2_mesityl>,CCN(C)CCB(c1ccc(C)cc1)c1c(C)cc(C)cc1C
N,methyl,ethyl,C3,p_tolyl,mesityl,<LB_N><LB1_methyl><LB2_ethyl><LINKER_C3><LA1_p_tolyl><LA2_mesityl>,CCN(C)CCCB(c1ccc(C)cc1)c1c(C)cc(C)cc1C
N,methyl,ethyl,C4,p_tolyl,mesityl,<LB_N><LB1_methyl><LB2_ethyl><LINKER_C4><LA1_p_tolyl><LA2_mesityl>,CCN(C)CCCCB(c1ccc(C)cc1)c1c(C)cc(C)cc1C
N,methyl,ethyl,C5,p_tolyl,mesityl,<LB_N><LB1_methyl><LB2_ethyl><LINKER_C5><LA1_p_tolyl><LA2_mesityl>,CCN(C)CCCCCB(c1ccc(C)cc1)c1c(C)cc(C)cc1C
N,methyl,ethyl,C6,p_tolyl,mesityl,<LB_N><LB1_methyl><LB2_ethyl><LINKER_C6><LA1_p_tolyl><LA2_mesityl>,CCN(C)CCCCCCB(c1ccc(C)cc1)c1c(C)cc(C)cc1C
N,methyl,ethyl,C1,p_tolyl,pentafluorophenyl,<LB_N><LB1_methyl><LB2_ethyl><LINKER_C1><LA1_p_tolyl><LA2_pentafluorophenyl>,CCN(C)CB(c1ccc(C)cc1)c1c(F)c(F)c(F)c(F)c1F
N,methyl,ethyl,C2,p_tolyl,pentafluorophenyl,<LB_N><LB1_methyl><LB2_ethyl><LINKER_C2><LA1_p_tolyl><LA2_pentafluorophenyl>,CCN(C)CCB(c1ccc(C)cc1)c1c(F)c(F)c(F)c(F)c1F
N,methyl,ethyl,C3,p_tolyl,pentafluorophenyl,<LB_N><LB1_methyl><LB2_ethyl><LINKER_C3><LA1_p_tolyl><LA2_pentafluorophenyl>,CCN(C)CCCB(c1ccc(C)cc1)c1c(F)c(F)c(F)c(F)c1F
N,methyl,ethyl,C4,p_tolyl,pentafluorophenyl,<LB_N><LB1_methyl><LB2_ethyl><LINKER_C4><LA1_p_tolyl><LA2_pentafluorophenyl>,CCN(C)CCCCB(c1ccc(C)cc1)c1c(F)c(F)c(F)c(F)c1F
N,methyl,ethyl,C5,p_tolyl,pentafluorophenyl,<LB_N><LB1_methyl><LB2_ethyl><LINKER_C5><LA1_p_tolyl><LA2_pentafluorophenyl>,CCN(C)CCCCCB(c1ccc(C)cc1)c1c(F)c(F)c(F)c(F)c1F
N,methyl,ethyl,C6,p_tolyl,pentafluorophenyl,<LB_N><LB1_methyl><LB2_ethyl><LINKER_C6><LA1_p_tolyl><LA2_pentafluorophenyl>,CCN(C)CCCCCCB(c1ccc(C)cc1)c1c(F)c(F)c(F)c(F)c1F
N,methyl,ethyl,C1,p_tolyl,pentachlorophenyl,<LB_N><LB1_methyl><LB2_ethyl><LINKER_C1><LA1_p_tolyl><LA2_pentachlorophenyl>,CCN(C)CB(c1ccc(C)cc1)c1c(Cl)c(Cl)c(Cl)c(Cl)c1Cl
N,methyl,ethyl,C2,p_tolyl,pentachlorophenyl,<LB_N><LB1_methyl><LB2_ethyl><LINKER_C2><LA1_p_tolyl><LA2_pentachlorophenyl>,CCN(C)CCB(c1ccc(C)cc1)c1c(Cl)c(Cl)c(Cl)c(Cl)c1Cl
N,methyl,ethyl,C3,p_tolyl,pentachlorophenyl,<LB_N><LB1_methyl><LB2_ethyl><LINKER_C3><LA1_p_tolyl><LA2_pentachlorophenyl>,CCN(C)CCCB(c1ccc(C)cc1)c1c(Cl)c(Cl)c(Cl)c(Cl)c1Cl
N,methyl,ethyl,C4,p_tolyl,pentachlorophenyl,<LB_N><LB1_methyl><LB2_ethyl><LINKER_C4><LA1_p_tolyl><LA2_pentachlorophenyl>,CCN(C)CCCCB(c1ccc(C)cc1)c1c(Cl)c(Cl)c(Cl)c(Cl)c1Cl
N,methyl,ethyl,C5,p_tolyl,pentachlorophenyl,<LB_N><LB1_methyl><LB2_ethyl><LINKER_C5><LA1_p_tolyl><LA2_pentachlorophenyl>,CCN(C)CCCCCB(c1ccc(C)cc1)c1c(Cl)c(Cl)c(Cl)c(Cl)c1Cl
N,methyl,ethyl,C6,p_tolyl,pentachlorophenyl,<LB_N><LB1_methyl><LB2_ethyl><LINKER_C6><LA1_p_tolyl><LA2_pentachlorophenyl>,CCN(C)CCCCCCB(c1ccc(C)cc1)c1c(Cl)c(Cl)c(Cl)c(Cl)c1Cl
N,methyl,ethyl,C1,p_tolyl,bis_cf3_phenyl,<LB_N><LB1_methyl><LB2_ethyl><LINKER_C1><LA1_p_tolyl><LA2_bis_cf3_phenyl>,CCN(C)CB(c1ccc(C)cc1)c1cc(C(F)(F)F)cc(C(F)(F)F)c1
N,methyl,ethyl,C2,p_tolyl,bis_cf3_phenyl,<LB_N><LB1_methyl><LB2_ethyl><LINKER_C2><LA1_p_tolyl><LA2_bis_cf3_phenyl>,CCN(C)CCB(c1ccc(C)cc1)c1cc(C(F)(F)F)cc(C(F)(F)F)c1
N,methyl,ethyl,C3,p_tolyl,bis_cf3_phenyl,<LB_N><LB1_methyl><LB2_ethyl><LINKER_C3><LA1_p_tolyl><LA2_bis_cf3_phenyl>,CCN(C)CCCB(c1ccc(C)cc1)c1cc(C(F)(F)F)cc(C(F)(F)F)c1
N,methyl,ethyl,C4,p_tolyl,bis_cf3_phenyl,<LB_N><LB1_methyl><LB2_ethyl><LINKER_C4><LA1_p_tolyl><LA2_bis_cf3_phenyl>,CCN(C)CCCCB(c1ccc(C)cc1)c1cc(C(F)(F)F)cc(C(F)(F)F)c1
N,methyl,ethyl,C5,p_tolyl,bis_cf3_phenyl,<LB_N><LB1_methyl><LB2_ethyl><LINKER_C5><LA1_p_tolyl><LA2_bis_cf3_phenyl>,CCN(C)CCCCCB(c1ccc(C)cc1)c1cc(C(F)(F)F)cc(C(F)(F)F)c1
N,methyl,ethyl,C6,p_tolyl,bis_cf3_phenyl,<LB_N><LB1_methyl><LB2_ethyl><LINKER_C6><LA1_p_tolyl><LA2_bis_cf3_phenyl>,CCN(C)CCCCCCB(c1ccc(C)cc1)c1cc(C(F)(F)F)cc(C(F)(F)F)c1
N,methyl,ethyl,C1,mesityl,mesityl,<LB_N><LB1_methyl><LB2_ethyl><LINKER_C1><LA1_mesityl><LA2_mesityl>,CCN(C)CB(c1c(C)cc(C)cc1C)c1c(C)cc(C)cc1C
N,methyl,ethyl,C2,mesityl,mesityl,<LB_N><LB1_methyl><LB2_ethyl><LINKER_C2><LA1_mesityl><LA2_mesityl>,CCN(C)CCB(c1c(C)cc(C)cc1C)c1c(C)cc(C)cc1C
N,methyl,ethyl,C3,mesityl,mesityl,<LB_N><LB1_methyl><LB2_ethyl><LINKER_C3><LA1_mesityl><LA2_mesityl>,CCN(C)CCCB(c1c(C)cc(C)cc1C)c1c(C)cc(C)cc1C
N,methyl,ethyl,C4,mesityl,mesityl,<LB_N><LB1_methyl><LB2_ethyl><LINKER_C4><LA1_mesityl><LA2_mesityl>,CCN(C)CCCCB(c1c(C)cc(C)cc1C)c1c(C)cc(C)cc1C
N,methyl,ethyl,C5,mesityl,mesityl,<LB_N><LB1_methyl><LB2_ethyl><LINKER_C5><LA1_mesityl><LA2_mesityl>,CCN(C)CCCCCB(c1c(C)cc(C)cc1C)c1c(C)cc(C)cc1C
N,methyl,ethyl,C6,mesityl,mesityl,<LB_N><LB1_methyl><LB2_ethyl><LINKER_C6><LA1_mesityl><LA2_mesityl>,CCN(C)CCCCCCB(c1c(C)cc(C)cc1C)c1c(C)cc(C)cc1C
N,methyl,ethyl,C1,mesityl,pentafluorophenyl,<LB_N><LB1_methyl><LB2_ethyl><LINKER_C1><LA1_mesityl><LA2_pentafluorophenyl>,CCN(C)CB(c1c(C)cc(C)cc1C)c1c(F)c(F)c(F)c(F)c1F
N,methyl,ethyl,C2,mesityl,pentafluorophenyl,<LB_N><LB1_methyl><LB2_ethyl><LINKER_C2><LA1_mesityl><LA2_pentafluorophenyl>,CCN(C)CCB(c1c(C)cc(C)cc1C)c1c(F)c(F)c(F)c(F)c1F
N,methyl,ethyl,C3,mesityl,pentafluorophenyl,<LB_N><LB1_methyl><LB2_ethyl><LINKER_C3><LA1_mesityl><LA2_pentafluorophenyl>,CCN(C)CCCB(c1c(C)cc(C)cc1C)c1c(F)c(F)c(F)c(F)c1F
N,methyl,ethyl,C4,mesityl,pentafluorophenyl,<LB_N><LB1_methyl><LB2_ethyl><LINKER_C4><LA1_mesityl><LA2_pentafluorophenyl>,CCN(C)CCCCB(c1c(C)cc(C)cc1C)c1c(F)c(F)c(F)c(F)c1F
N,methyl,ethyl,C5,mesityl,pentafluorophenyl,<LB_N><LB1_methyl><LB2_ethyl><LINKER_C5><LA1_mesityl><LA2_pentafluorophenyl>,CCN(C)CCCCCB(c1c(C)cc(C)cc1C)c1c(F)c(F)c(F)c(F)c1F
N,methyl,ethyl,C6,mesityl,pentafluorophenyl,<LB_N><LB1_methyl><LB2_ethyl><LINKER_C6><LA1_mesityl><LA2_pentafluorophenyl>,CCN(C)CCCCCCB(c1c(C)cc(C)cc1C)c1c(F)c(F)c(F)c(F)c1F
N,methyl,ethyl,C1,mesityl,pentachlorophenyl,<LB_N><LB1_methyl><LB2_ethyl><LINKER_C1><LA1_mesityl><LA2_pentachlorophenyl>,CCN(C)CB(c1c(C)cc(C)cc1C)c1c(Cl)c(Cl)c(Cl)c(Cl)c1Cl
N,methyl,ethyl,C2,mesityl,pentachlorophenyl,<LB_N><LB1_methyl><LB2_ethyl><LINKER_C2><LA1_mesityl><LA2_pentachlorophenyl>,CCN(C)CCB(c1c(C)cc(C)cc1C)c1c(Cl)c(Cl)c(Cl)c(Cl)c1Cl
N,methyl,ethyl,C3,mesityl,pentachlorophenyl,<LB_N><LB1_methyl><LB2_ethyl><LINKER_C3><LA1_mesityl><LA2_pentachlorophenyl>,CCN(C)CCCB(c1c(C)cc(C)cc1C)c1c(Cl)c(Cl)c(Cl)c(Cl)c1Cl
N,methyl,ethyl,C4,mesityl,pentachlorophenyl,<LB_N><LB1_methyl><LB2_ethyl><LINKER_C4><LA1_mesityl><LA2_pentachlorophenyl>,CCN(C)CCCCB(c1c(C)cc(C)cc1C)c1c(Cl)c(Cl)c(Cl)c(Cl)c1Cl
N,methyl,ethyl,C5,mesityl,pentachlorophenyl,<LB_N><LB1_methyl><LB2_ethyl><LINKER_C5><LA1_mesityl><LA2_pentachlorophenyl>,CCN(C)CCCCCB(c1c(C)cc(C)cc1C)c1c(Cl)c(Cl)c(Cl)c(Cl)c1Cl
N,methyl,ethyl,C6,mesityl,pentachlorophenyl,<LB_N><LB1_methyl><LB2_ethyl><LINKER_C6><LA1_mesityl><LA2_pentachlorophenyl>,CCN(C)CCCCCCB(c1c(C)cc(C)cc1C)c1c(Cl)c(Cl)c(Cl)c(Cl)c1Cl
N,methyl,ethyl,C1,mesityl,bis_cf3_phenyl,<LB_N><LB1_methyl><LB2_ethyl><LINKER_C1><LA1_mesityl><LA2_bis_cf3_phenyl>,CCN(C)CB(c1cc(C(F)(F)F)cc(C(F)(F)F)c1)c1c(C)cc(C)cc1C
N,methyl,ethyl,C2,mesityl,bis_cf3_phenyl,<LB_N><LB1_methyl><LB2_ethyl><LINKER_C2><LA1_mesityl><LA2_bis_cf3_phenyl>,CCN(C)CCB(c1cc(C(F)(F)F)cc(C(F)(F)F)c1)c1c(C)cc(C)cc1C
N,methyl,ethyl,C3,mesityl,bis_cf3_phenyl,<LB_N><LB1_methyl><LB2_ethyl><LINKER_C3><LA1_mesityl><LA2_bis_cf3_phenyl>,CCN(C)CCCB(c1cc(C(F)(F)F)cc(C(F)(F)F)c1)c1c(C)cc(C)cc1C
N,methyl,ethyl,C4,mesityl,bis_cf3_phenyl,<LB_N><LB1_methyl><LB2_ethyl><LINKER_C4><LA1_mesityl><LA2_bis_cf3_phenyl>,CCN(C)CCCCB(c1cc(C(F)(F)F)cc(C(F)(F)F)c1)c1c(C)cc(C)cc1C
N,methyl,ethyl,C5,mesityl,bis_cf3_phenyl,<LB_N><LB1_methyl><LB2_ethyl><LINKER_C5><LA1_mesityl><LA2_bis_cf3_phenyl>,CCN(C)CCCCCB(c1cc(C(F)(F)F)cc(C(F)(F)F)c1)c1c(C)cc(C)cc1C
N,methyl,ethyl,C6,mesityl,bis_cf3_phenyl,<LB_N><LB1_methyl><LB2_ethyl><LINKER_C6><LA1_mesityl><LA2_bis_cf3_phenyl>,CCN(C)CCCCCCB(c1cc(C(F)(F)F)cc(C(F)(F)F)c1)c1c(C)cc(C)cc1C
N,methyl,ethyl,C1,pentafluorophenyl,pentafluorophenyl,<LB_N><LB1_methyl><LB2_ethyl><LINKER_C1><LA1_pentafluorophenyl><LA2_pentafluorophenyl>,CCN(C)CB(c1c(F)c(F)c(F)c(F)c1F)c1c(F)c(F)c(F)c(F)c1F
N,methyl,ethyl,C2,pentafluorophenyl,pentafluorophenyl,<LB_N><LB1_methyl><LB2_ethyl><LINKER_C2><LA1_pentafluorophenyl><LA2_pentafluorophenyl>,CCN(C)CCB(c1c(F)c(F)c(F)c(F)c1F)c1c(F)c(F)c(F)c(F)c1F
N,methyl,ethyl,C3,pentafluorophenyl,pentafluorophenyl,<LB_N><LB1_methyl><LB2_ethyl><LINKER_C3><LA1_pentafluorophenyl><LA2_pentafluorophenyl>,CCN(C)CCCB(c1c(F)c(F)c(F)c(F)c1F)c1c(F)c(F)c(F)c(F)c1F
N,methyl,ethyl,C4,pentafluorophenyl,pentafluorophenyl,<LB_N><LB1_methyl><LB2_ethyl><LINKER_C4><LA1_pentafluorophenyl><LA2_pentafluorophenyl>,CCN(C)CCCCB(c1c(F)c(F)c(F)c(F)c1F)c1c(F)c(F)c(F)c(F)c1F
N,methyl,ethyl,C5,pentafluorophenyl,pentafluorophenyl,<LB_N><LB1_methyl><LB2_ethyl><LINKER_C5><LA1_pentafluorophenyl><LA2_pentafluorophenyl>,CCN(C)CCCCCB(c1c(F)c(F)c(F)c(F)c1F)c1c(F)c(F)c(F)c(F)c1F
N,methyl,ethyl,C6,pentafluorophenyl,pentafluorophenyl,<LB_N><LB1_methyl><LB2_ethyl><LINKER_C6><LA1_pentafluorophenyl><LA2_pentafluorophenyl>,CCN(C)CCCCCCB(c1c(F)c(F)c(F)c(F)c1F)c1c(F)c(F)c(F)c(F)c1F
N,methyl,ethyl,C1,pentafluorophenyl,pentachlorophenyl,<LB_N><LB1_methyl><LB2_ethyl><LINKER_C1><LA1_pentafluorophenyl><LA2_pentachlorophenyl>,CCN(C)CB(c1c(F)c(F)c(F)c(F)c1F)c1c(Cl)c(Cl)c(Cl)c(Cl)c1Cl
N,methyl,ethyl,C2,pentafluorophenyl,pentachlorophenyl,<LB_N><LB1_methyl><LB2_ethyl><LINKER_C2><LA1_pentafluorophenyl><LA2_pentachlorophenyl>,CCN(C)CCB(c1c(F)c(F)c(F)c(F)c1F)c1c(Cl)c(Cl)c(Cl)c(Cl)c1Cl
N,methyl,ethyl,C3,pentafluorophenyl,pentachlorophenyl,<LB_N><LB1_methyl><LB2_ethyl><LINKER_C3><LA1_pentafluorophenyl><LA2_pentachlorophenyl>,CCN(C)CCCB(c1c(F)c(F)c(F)c(F)c1F)c1c(Cl)c(Cl)c(Cl)c(Cl)c1Cl
N,methyl,ethyl,C4,pentafluorophenyl,pentachlorophenyl,<LB_N><LB1_methyl><LB2_ethyl><LINKER_C4><LA1_pentafluorophenyl><LA2_pentachlorophenyl>,CCN(C)CCCCB(c1c(F)c(F)c(F)c(F)c1F)c1c(Cl)c(Cl)c(Cl)c(Cl)c1Cl
N,methyl,ethyl,C5,pentafluorophenyl,pentachlorophenyl,<LB_N><LB1_methyl><LB2_ethyl><LINKER_C5><LA1_pentafluorophenyl><LA2_pentachlorophenyl>,CCN(C)CCCCCB(c1c(F)c(F)c(F)c(F)c1F)c1c(Cl)c(Cl)c(Cl)c(Cl)c1Cl
N,methyl,ethyl,C6,pentafluorophenyl,pentachlorophenyl,<LB_N><LB1_methyl><LB2_ethyl><LINKER_C6><LA1_pentafluorophenyl><LA2_pentachlorophenyl>,CCN(C)CCCCCCB(c1c(F)c(F)c(F)c(F)c1F)c1c(Cl)c(Cl)c(Cl)c(Cl)c1Cl
N,methyl,ethyl,C1,pentafluorophenyl,bis_cf3_phenyl,<LB_N><LB1_methyl><LB2_ethyl><LINKER_C1><LA1_pentafluorophenyl><LA2_bis_cf3_phenyl>,CCN(C)CB(c1cc(C(F)(F)F)cc(C(F)(F)F)c1)c1c(F)c(F)c(F)c(F)c1F
N,methyl,ethyl,C2,pentafluorophenyl,bis_cf3_phenyl,<LB_N><LB1_methyl><LB2_ethyl><LINKER_C2><LA1_pentafluorophenyl><LA2_bis_cf3_phenyl>,CCN(C)CCB(c1cc(C(F)(F)F)cc(C(F)(F)F)c1)c1c(F)c(F)c(F)c(F)c1F
N,methyl,ethyl,C3,pentafluorophenyl,bis_cf3_phenyl,<LB_N><LB1_methyl><LB2_ethyl><LINKER_C3><LA1_pentafluorophenyl><LA2_bis_cf3_phenyl>,CCN(C)CCCB(c1cc(C(F)(F)F)cc(C(F)(F)F)c1)c1c(F)c(F)c(F)c(F)c1F
N,methyl,ethyl,C4,pentafluorophenyl,bis_cf3_phenyl,<LB_N><LB1_methyl><LB2_ethyl><LINKER_C4><LA1_pentafluorophenyl><LA2_bis_cf3_phenyl>,CCN(C)CCCCB(c1cc(C(F)(F)F)cc(C(F)(F)F)c1)c1c(F)c(F)c(F)c(F)c1F
N,methyl,ethyl,C5,pentafluorophenyl,bis_cf3_phenyl,<LB_N><LB1_methyl><LB2_ethyl><LINKER_C5><LA1_pentafluorophenyl><LA2_bis_cf3_phenyl>,CCN(C)CCCCCB(c1cc(C(F)(F)F)cc(C(F)(F)F)c1)c1c(F)c(F)c(F)c(F)c1F
N,methyl,ethyl,C6,pentafluorophenyl,bis_cf3_phenyl,<LB_N><LB1_methyl><LB2_ethyl><LINKER_C6><LA1_pentafluorophenyl><LA2_bis_cf3_phenyl>,CCN(C)CCCCCCB(c1cc(C(F)(F)F)cc(C(F)(F)F)c1)c1c(F)c(F)c(F)c(F)c1F
N,methyl,ethyl,C1,pentachlorophenyl,pentachlorophenyl,<LB_N><LB1_methyl><LB2_ethyl><LINKER_C1><LA1_pentachlorophenyl><LA2_pentachlorophenyl>,CCN(C)CB(c1c(Cl)c(Cl)c(Cl)c(Cl)c1Cl)c1c(Cl)c(Cl)c(Cl)c(Cl)c1Cl
N,methyl,ethyl,C2,pentachlorophenyl,pentachlorophenyl,<LB_N><LB1_methyl><LB2_ethyl><LINKER_C2><LA1_pentachlorophenyl><LA2_pentachlorophenyl>,CCN(C)CCB(c1c(Cl)c(Cl)c(Cl)c(Cl)c1Cl)c1c(Cl)c(Cl)c(Cl)c(Cl)c1Cl
N,methyl,ethyl,C3,pentachlorophenyl,pentachlorophenyl,<LB_N><LB1_methyl><LB2_ethyl><LINKER_C3><LA1_pentachlorophenyl><LA2_pentachlorophenyl>,CCN(C)CCCB(c1c(Cl)c(Cl)c(Cl)c(Cl)c1Cl)c1c(Cl)c(Cl)c(Cl)c(Cl)c1Cl
N,methyl,ethyl,C4,pentachlorophenyl,pentachlorophenyl,<LB_N><LB1_methyl><LB2_ethyl><LINKER_C4><LA1_pentachlorophenyl><LA2_pentachlorophenyl>,CCN(C)CCCCB(c1c(Cl)c(Cl)c(Cl)c(Cl)c1Cl)c1c(Cl)c(Cl)c(Cl)c(Cl)c1Cl
N,methyl,ethyl,C5,pentachlorophenyl,pentachlorophenyl,<LB_N><LB1_methyl><LB2_ethyl><LINKER_C5><LA1_pentachlorophenyl><LA2_pentachlorophenyl>,CCN(C)CCCCCB(c1c(Cl)c(Cl)c(Cl)c(Cl)c1Cl)c1c(Cl)c(Cl)c(Cl)c(Cl)c1Cl
N,methyl,ethyl,C6,pentachlorophenyl,pentachlorophenyl,<LB_N><LB1_methyl><LB2_ethyl><LINKER_C6><LA1_pentachlorophenyl><LA2_pentachlorophenyl>,CCN(C)CCCCCCB(c1c(Cl)c(Cl)c(Cl)c(Cl)c1Cl)c1c(Cl)c(Cl)c(Cl)c(Cl)c1Cl
N,methyl,ethyl,C1,pentachlorophenyl,bis_cf3_phenyl,<LB_N><LB1_methyl><LB2_ethyl><LINKER_C1><LA1_pentachlorophenyl><LA2_bis_cf3_phenyl>,CCN(C)CB(c1cc(C(F)(F)F)cc(C(F)(F)F)c1)c1c(Cl)c(Cl)c(Cl)c(Cl)c1Cl
N,methyl,ethyl,C2,pentachlorophenyl,bis_cf3_phenyl,<LB_N><LB1_methyl><LB2_ethyl><LINKER_C2><LA1_pentachlorophenyl><LA2_bis_cf3_phenyl>,CCN(C)CCB(c1cc(C(F)(F)F)cc(C(F)(F)F)c1)c1c(Cl)c(Cl)c(Cl)c(Cl)c1Cl
N,methyl,ethyl,C3,pentachlorophenyl,bis_cf3_phenyl,<LB_N><LB1_methyl><LB2_ethyl><LINKER_C3><LA1_pentachlorophenyl><LA2_bis_cf3_phenyl>,CCN(C)CCCB(c1cc(C(F)(F)F)cc(C(F)(F)F)c1)c1c(Cl)c(Cl)c(Cl)c(Cl)c1Cl
N,methyl,ethyl,C4,pentachlorophenyl,bis_cf3_phenyl,<LB_N><LB1_methyl><LB2_ethyl><LINKER_C4><LA1_pentachlorophenyl><LA2_bis_cf3_phenyl>,CCN(C)CCCCB(c1cc(C(F)(F)F)cc(C(F)(F)F)c1)c1c(Cl)c(Cl)c(Cl)c(Cl)c1Cl
N,methyl,ethyl,C5,pentachlorophenyl,bis_cf3_phenyl,<LB_N><LB1_methyl><LB2_ethyl><LINKER_C5><LA1_pentachlorophenyl><LA2_bis_cf3_phenyl>,CCN(C)CCCCCB(c1cc(C(F)(F)F)cc(C(F)(F)F)c1)c1c(Cl)c(Cl)c(Cl)c(Cl)c1Cl
N,methyl,ethyl,C6,pentachlorophenyl,bis_cf3_phenyl,<LB_N><LB1_methyl><LB2_ethyl><LINKER_C6><LA1_pentachlorophenyl><LA2_bis_cf3_phenyl>,CCN(C)CCCCCCB(c1cc(C(F)(F)F)cc(C(F)(F)F)c1)c1c(Cl)c(Cl)c(Cl)c(Cl)c1Cl
N,methyl,ethyl,C1,bis_cf3_phenyl,bis_cf3_phenyl,<LB_N><LB1_methyl><LB2_ethyl><LINKER_C1><LA1_bis_cf3_phenyl><LA2_bis_cf3_phenyl>,CCN(C)CB(c1cc(C(F)(F)F)cc(C(F)(F)F)c1)c1cc(C(F)(F)F)cc(C(F)(F)F)c1
N,methyl,ethyl,C2,bis_cf3_phenyl,bis_cf3_phenyl,<LB_N><LB1_methyl><LB2_ethyl><LINKER_C2><LA1_bis_cf3_phenyl><LA2_bis_cf3_phenyl>,CCN(C)CCB(c1cc(C(F)(F)F)cc(C(F)(F)F)c1)c1cc(C(F)(F)F)cc(C(F)(F)F)c1
N,methyl,ethyl,C3,bis_cf3_phenyl,bis_cf3_phenyl,<LB_N><LB1_methyl><LB2_ethyl><LINKER_C3><LA1_bis_cf3_phenyl><LA2_bis_cf3_phenyl>,CCN(C)CCCB(c1cc(C(F)(F)F)cc(C(F)(F)F)c1)c1cc(C(F)(F)F)cc(C(F)(F)F)c1
N,methyl,ethyl,C4,bis_cf3_phenyl,bis_cf3_phenyl,<LB_N><LB1_methyl><LB2_ethyl><LINKER_C4><LA1_bis_cf3_phenyl><LA2_bis_cf3_phenyl>,CCN(C)CCCCB(c1cc(C(F)(F)F)cc(C(F)(F)F)c1)c1cc(C(F)(F)F)cc(C(F)(F)F)c1
N,methyl,ethyl,C5,bis_cf3_phenyl,bis_cf3_phenyl,<LB_N><LB1_methyl><LB2_ethyl><LINKER_C5><LA1_bis_cf3_phenyl><LA2_bis_cf3_phenyl>,CCN(C)CCCCCB(c1cc(C(F)(F)F)cc(C(F)(F)F)c1)c1cc(C(F)(F)F)cc(C(F)(F)F)c1
N,methyl,ethyl,C6,bis_cf3_phenyl,bis_cf3_phenyl,<LB_N><LB1_methyl><LB2_ethyl><LINKER_C6><LA1_bis_cf3_phenyl><LA2_bis_cf3_phenyl>,CCN(C)CCCCCCB(c1cc(C(F)(F)F)cc(C(F)(F)F)c1)c1cc(C(F)(F)F)cc(C(F)(F)F)c1
N,methyl,isopropyl,C1,phenyl,phenyl,<LB_N><LB1_methyl><LB2_isopropyl><LINKER_C1><LA1_phenyl><LA2_phenyl>,CC(C)N(C)CB(c1ccccc1)c1ccccc1
N,methyl,isopropyl,C2,phenyl,phenyl,<LB_N><LB1_methyl><LB2_isopropyl><LINKER_C2><LA1_phenyl><LA2_phenyl>,CC(C)N(C)CCB(c1ccccc1)c1ccccc1
N,methyl,isopropyl,C3,phenyl,phenyl,<LB_N><LB1_methyl><LB2_isopropyl><LINKER_C3><LA1_phenyl><LA2_phenyl>,CC(C)N(C)CCCB(c1ccccc1)c1ccccc1
N,methyl,isopropyl,C4,phenyl,phenyl,<LB_N><LB1_methyl><LB2_isopropyl><LINKER_C4><LA1_phenyl><LA2_phenyl>,CC(C)N(C)CCCCB(c1ccccc1)c1ccccc1
N,methyl,isopropyl,C5,phenyl,phenyl,<LB_N><LB1_methyl><LB2_isopropyl><LINKER_C5><LA1_phenyl><LA2_phenyl>,CC(C)N(C)CCCCCB(c1ccccc1)c1ccccc1
N,methyl,isopropyl,C6,phenyl,phenyl,<LB_N><LB1_methyl><LB2_isopropyl><LINKER_C6><LA1_phenyl><LA2_phenyl>,CC(C)N(C)CCCCCCB(c1ccccc1)c1ccccc1
N,methyl,isopropyl,C1,phenyl,p_tolyl,<LB_N><LB1_methyl><LB2_isopropyl><LINKER_C1><LA1_phenyl><LA2_p_tolyl>,Cc1ccc(B(CN(C)C(C)C)c2ccccc2)cc1
N,methyl,isopropyl,C2,phenyl,p_tolyl,<LB_N><LB1_methyl><LB2_isopropyl><LINKER_C2><LA1_phenyl><LA2_p_tolyl>,Cc1ccc(B(CCN(C)C(C)C)c2ccccc2)cc1
N,methyl,isopropyl,C3,phenyl,p_tolyl,<LB_N><LB1_methyl><LB2_isopropyl><LINKER_C3><LA1_phenyl><LA2_p_tolyl>,Cc1ccc(B(CCCN(C)C(C)C)c2ccccc2)cc1
N,methyl,isopropyl,C4,phenyl,p_tolyl,<LB_N><LB1_methyl><LB2_isopropyl><LINKER_C4><LA1_phenyl><LA2_p_tolyl>,Cc1ccc(B(CCCCN(C)C(C)C)c2ccccc2)cc1
N,methyl,isopropyl,C5,phenyl,p_tolyl,<LB_N><LB1_methyl><LB2_isopropyl><LINKER_C5><LA1_phenyl><LA2_p_tolyl>,Cc1ccc(B(CCCCCN(C)C(C)C)c2ccccc2)cc1
N,methyl,isopropyl,C6,phenyl,p_tolyl,<LB_N><LB1_methyl><LB2_isopropyl><LINKER_C6><LA1_phenyl><LA2_p_tolyl>,Cc1ccc(B(CCCCCCN(C)C(C)C)c2ccccc2)cc1
N,methyl,isopropyl,C1,phenyl,mesityl,<LB_N><LB1_methyl><LB2_isopropyl><LINKER_C1><LA1_phenyl><LA2_mesityl>,Cc1cc(C)c(B(CN(C)C(C)C)c2ccccc2)c(C)c1
N,methyl,isopropyl,C2,phenyl,mesityl,<LB_N><LB1_methyl><LB2_isopropyl><LINKER_C2><LA1_phenyl><LA2_mesityl>,Cc1cc(C)c(B(CCN(C)C(C)C)c2ccccc2)c(C)c1
N,methyl,isopropyl,C3,phenyl,mesityl,<LB_N><LB1_methyl><LB2_isopropyl><LINKER_C3><LA1_phenyl><LA2_mesityl>,Cc1cc(C)c(B(CCCN(C)C(C)C)c2ccccc2)c(C)c1
N,methyl,isopropyl,C4,phenyl,mesityl,<LB_N><LB1_methyl><LB2_isopropyl><LINKER_C4><LA1_phenyl><LA2_mesityl>,Cc1cc(C)c(B(CCCCN(C)C(C)C)c2ccccc2)c(C)c1
N,methyl,isopropyl,C5,phenyl,mesityl,<LB_N><LB1_methyl><LB2_isopropyl><LINKER_C5><LA1_phenyl><LA2_mesityl>,Cc1cc(C)c(B(CCCCCN(C)C(C)C)c2ccccc2)c(C)c1
N,methyl,isopropyl,C6,phenyl,mesityl,<LB_N><LB1_methyl><LB2_isopropyl><LINKER_C6><LA1_phenyl><LA2_mesityl>,Cc1cc(C)c(B(CCCCCCN(C)C(C)C)c2ccccc2)c(C)c1
N,methyl,isopropyl,C1,phenyl,pentafluorophenyl,<LB_N><LB1_methyl><LB2_isopropyl><LINKER_C1><LA1_phenyl><LA2_pentafluorophenyl>,CC(C)N(C)CB(c1ccccc1)c1c(F)c(F)c(F)c(F)c1F
N,methyl,isopropyl,C2,phenyl,pentafluorophenyl,<LB_N><LB1_methyl><LB2_isopropyl><LINKER_C2><LA1_phenyl><LA2_pentafluorophenyl>,CC(C)N(C)CCB(c1ccccc1)c1c(F)c(F)c(F)c(F)c1F
N,methyl,isopropyl,C3,phenyl,pentafluorophenyl,<LB_N><LB1_methyl><LB2_isopropyl><LINKER_C3><LA1_phenyl><LA2_pentafluorophenyl>,CC(C)N(C)CCCB(c1ccccc1)c1c(F)c(F)c(F)c(F)c1F
N,methyl,isopropyl,C4,phenyl,pentafluorophenyl,<LB_N><LB1_methyl><LB2_isopropyl><LINKER_C4><LA1_phenyl><LA2_pentafluorophenyl>,CC(C)N(C)CCCCB(c1ccccc1)c1c(F)c(F)c(F)c(F)c1F
N,methyl,isopropyl,C5,phenyl,pentafluorophenyl,<LB_N><LB1_methyl><LB2_isopropyl><LINKER_C5><LA1_phenyl><LA2_pentafluorophenyl>,CC(C)N(C)CCCCCB(c1ccccc1)c1c(F)c(F)c(F)c(F)c1F
N,methyl,isopropyl,C6,phenyl,pentafluorophenyl,<LB_N><LB1_methyl><LB2_isopropyl><LINKER_C6><LA1_phenyl><LA2_pentafluorophenyl>,CC(C)N(C)CCCCCCB(c1ccccc1)c1c(F)c(F)c(F)c(F)c1F
N,methyl,isopropyl,C1,phenyl,pentachlorophenyl,<LB_N><LB1_methyl><LB2_isopropyl><LINKER_C1><LA1_phenyl><LA2_pentachlorophenyl>,CC(C)N(C)CB(c1ccccc1)c1c(Cl)c(Cl)c(Cl)c(Cl)c1Cl
N,methyl,isopropyl,C2,phenyl,pentachlorophenyl,<LB_N><LB1_methyl><LB2_isopropyl><LINKER_C2><LA1_phenyl><LA2_pentachlorophenyl>,CC(C)N(C)CCB(c1ccccc1)c1c(Cl)c(Cl)c(Cl)c(Cl)c1Cl
N,methyl,isopropyl,C3,phenyl,pentachlorophenyl,<LB_N><LB1_methyl><LB2_isopropyl><LINKER_C3><LA1_phenyl><LA2_pentachlorophenyl>,CC(C)N(C)CCCB(c1ccccc1)c1c(Cl)c(Cl)c(Cl)c(Cl)c1Cl
N,methyl,isopropyl,C4,phenyl,pentachlorophenyl,<LB_N><LB1_methyl><LB2_isopropyl><LINKER_C4><LA1_phenyl><LA2_pentachlorophenyl>,CC(C)N(C)CCCCB(c1ccccc1)c1c(Cl)c(Cl)c(Cl)c(Cl)c1Cl
N,methyl,isopropyl,C5,phenyl,pentachlorophenyl,<LB_N><LB1_methyl><LB2_isopropyl><LINKER_C5><LA1_phenyl><LA2_pentachlorophenyl>,CC(C)N(C)CCCCCB(c1ccccc1)c1c(Cl)c(Cl)c(Cl)c(Cl)c1Cl
N,methyl,isopropyl,C6,phenyl,pentachlorophenyl,<LB_N><LB1_methyl><LB2_isopropyl><LINKER_C6><LA1_phenyl><LA2_pentachlorophenyl>,CC(C)N(C)CCCCCCB(c1ccccc1)c1c(Cl)c(Cl)c(Cl)c(Cl)c1Cl
N,methyl,isopropyl,C1,phenyl,bis_cf3_phenyl,<LB_N><LB1_methyl><LB2_isopropyl><LINKER_C1><LA1_phenyl><LA2_bis_cf3_phenyl>,CC(C)N(C)CB(c1ccccc1)c1cc(C(F)(F)F)cc(C(F)(F)F)c1
N,methyl,isopropyl,C2,phenyl,bis_cf3_phenyl,<LB_N><LB1_methyl><LB2_isopropyl><LINKER_C2><LA1_phenyl><LA2_bis_cf3_phenyl>,CC(C)N(C)CCB(c1ccccc1)c1cc(C(F)(F)F)cc(C(F)(F)F)c1
N,methyl,isopropyl,C3,phenyl,bis_cf3_phenyl,<LB_N><LB1_methyl><LB2_isopropyl><LINKER_C3><LA1_phenyl><LA2_bis_cf3_phenyl>,CC(C)N(C)CCCB(c1ccccc1)c1cc(C(F)(F)F)cc(C(F)(F)F)c1
N,methyl,isopropyl,C4,phenyl,bis_cf3_phenyl,<LB_N><LB1_methyl><LB2_isopropyl><LINKER_C4><LA1_phenyl><LA2_bis_cf3_phenyl>,CC(C)N(C)CCCCB(c1ccccc1)c1cc(C(F)(F)F)cc(C(F)(F)F)c1
N,methyl,isopropyl,C5,phenyl,bis_cf3_phenyl,<LB_N><LB1_methyl><LB2_isopropyl><LINKER_C5><LA1_phenyl><LA2_bis_cf3_phenyl>,CC(C)N(C)CCCCCB(c1ccccc1)c1cc(C(F)(F)F)cc(C(F)(F)F)c1
N,methyl,isopropyl,C6,phenyl,bis_cf3_phenyl,<LB_N><LB1_methyl><LB2_isopropyl><LINKER_C6><LA1_phenyl><LA2_bis_cf3_phenyl>,CC(C)N(C)CCCCCCB(c1ccccc1)c1cc(C(F)(F)F)cc(C(F)(F)F)c1
N,methyl,isopropyl,C1,p_tolyl,p_tolyl,<LB_N><LB1_methyl><LB2_isopropyl><LINKER_C1><LA1_p_tolyl><LA2_p_tolyl>,Cc1ccc(B(CN(C)C(C)C)c2ccc(C)cc2)cc1
N,methyl,isopropyl,C2,p_tolyl,p_tolyl,<LB_N><LB1_methyl><LB2_isopropyl><LINKER_C2><LA1_p_tolyl><LA2_p_tolyl>,Cc1ccc(B(CCN(C)C(C)C)c2ccc(C)cc2)cc1
N,methyl,isopropyl,C3,p_tolyl,p_tolyl,<LB_N><LB1_methyl><LB2_isopropyl><LINKER_C3><LA1_p_tolyl><LA2_p_tolyl>,Cc1ccc(B(CCCN(C)C(C)C)c2ccc(C)cc2)cc1
N,methyl,isopropyl,C4,p_tolyl,p_tolyl,<LB_N><LB1_methyl><LB2_isopropyl><LINKER_C4><LA1_p_tolyl><LA2_p_tolyl>,Cc1ccc(B(CCCCN(C)C(C)C)c2ccc(C)cc2)cc1
N,methyl,isopropyl,C5,p_tolyl,p_tolyl,<LB_N><LB1_methyl><LB2_isopropyl><LINKER_C5><LA1_p_tolyl><LA2_p_tolyl>,Cc1ccc(B(CCCCCN(C)C(C)C)c2ccc(C)cc2)cc1
N,methyl,isopropyl,C6,p_tolyl,p_tolyl,<LB_N><LB1_methyl><LB2_isopropyl><LINKER_C6><LA1_p_tolyl><LA2_p_tolyl>,Cc1ccc(B(CCCCCCN(C)C(C)C)c2ccc(C)cc2)cc1
N,methyl,isopropyl,C1,p_tolyl,mesityl,<LB_N><LB1_methyl><LB2_isopropyl><LINKER_C1><LA1_p_tolyl><LA2_mesityl>,Cc1ccc(B(CN(C)C(C)C)c2c(C)cc(C)cc2C)cc1
N,methyl,isopropyl,C2,p_tolyl,mesityl,<LB_N><LB1_methyl><LB2_isopropyl><LINKER_C2><LA1_p_tolyl><LA2_mesityl>,Cc1ccc(B(CCN(C)C(C)C)c2c(C)cc(C)cc2C)cc1
N,methyl,isopropyl,C3,p_tolyl,mesityl,<LB_N><LB1_methyl><LB2_isopropyl><LINKER_C3><LA1_p_tolyl><LA2_mesityl>,Cc1ccc(B(CCCN(C)C(C)C)c2c(C)cc(C)cc2C)cc1
N,methyl,isopropyl,C4,p_tolyl,mesityl,<LB_N><LB1_methyl><LB2_isopropyl><LINKER_C4><LA1_p_tolyl><LA2_mesityl>,Cc1ccc(B(CCCCN(C)C(C)C)c2c(C)cc(C)cc2C)cc1
N,methyl,isopropyl,C5,p_tolyl,mesityl,<LB_N><LB1_methyl><LB2_isopropyl><LINKER_C5><LA1_p_tolyl><LA2_mesityl>,Cc1ccc(B(CCCCCN(C)C(C)C)c2c(C)cc(C)cc2C)cc1
N,methyl,isopropyl,C6,p_tolyl,mesityl,<LB_N><LB1_methyl><LB2_isopropyl><LINKER_C6><LA1_p_tolyl><LA2_mesityl>,Cc1ccc(B(CCCCCCN(C)C(C)C)c2c(C)cc(C)cc2C)cc1
N,methyl,isopropyl,C1,p_tolyl,pentafluorophenyl,<LB_N><LB1_methyl><LB2_isopropyl><LINKER_C1><LA1_p_tolyl><LA2_pentafluorophenyl>,Cc1ccc(B(CN(C)C(C)C)c2c(F)c(F)c(F)c(F)c2F)cc1
N,methyl,isopropyl,C2,p_tolyl,pentafluorophenyl,<LB_N><LB1_methyl><LB2_isopropyl><LINKER_C2><LA1_p_tolyl><LA2_pentafluorophenyl>,Cc1ccc(B(CCN(C)C(C)C)c2c(F)c(F)c(F)c(F)c2F)cc1
N,methyl,isopropyl,C3,p_tolyl,pentafluorophenyl,<LB_N><LB1_methyl><LB2_isopropyl><LINKER_C3><LA1_p_tolyl><LA2_pentafluorophenyl>,Cc1ccc(B(CCCN(C)C(C)C)c2c(F)c(F)c(F)c(F)c2F)cc1
N,methyl,isopropyl,C4,p_tolyl,pentafluorophenyl,<LB_N><LB1_methyl><LB2_isopropyl><LINKER_C4><LA1_p_tolyl><LA2_pentafluorophenyl>,Cc1ccc(B(CCCCN(C)C(C)C)c2c(F)c(F)c(F)c(F)c2F)cc1
N,methyl,isopropyl,C5,p_tolyl,pentafluorophenyl,<LB_N><LB1_methyl><LB2_isopropyl><LINKER_C5><LA1_p_tolyl><LA2_pentafluorophenyl>,Cc1ccc(B(CCCCCN(C)C(C)C)c2c(F)c(F)c(F)c(F)c2F)cc1
N,methyl,isopropyl,C6,p_tolyl,pentafluorophenyl,<LB_N><LB1_methyl><LB2_isopropyl><LINKER_C6><LA1_p_tolyl><LA2_pentafluorophenyl>,Cc1ccc(B(CCCCCCN(C)C(C)C)c2c(F)c(F)c(F)c(F)c2F)cc1
N,methyl,isopropyl,C1,p_tolyl,pentachlorophenyl,<LB_N><LB1_methyl><LB2_isopropyl><LINKER_C1><LA1_p_tolyl><LA2_pentachlorophenyl>,Cc1ccc(B(CN(C)C(C)C)c2c(Cl)c(Cl)c(Cl)c(Cl)c2Cl)cc1
N,methyl,isopropyl,C2,p_tolyl,pentachlorophenyl,<LB_N><LB1_methyl><LB2_isopropyl><LINKER_C2><LA1_p_tolyl><LA2_pentachlorophenyl>,Cc1ccc(B(CCN(C)C(C)C)c2c(Cl)c(Cl)c(Cl)c(Cl)c2Cl)cc1
N,methyl,isopropyl,C3,p_tolyl,pentachlorophenyl,<LB_N><LB1_methyl><LB2_isopropyl><LINKER_C3><LA1_p_tolyl><LA2_pentachlorophenyl>,Cc1ccc(B(CCCN(C)C(C)C)c2c(Cl)c(Cl)c(Cl)c(Cl)c2Cl)cc1
N,methyl,isopropyl,C4,p_tolyl,pentachlorophenyl,<LB_N><LB1_methyl><LB2_isopropyl><LINKER_C4><LA1_p_tolyl><LA2_pentachlorophenyl>,Cc1ccc(B(CCCCN(C)C(C)C)c2c(Cl)c(Cl)c(Cl)c(Cl)c2Cl)cc1
N,methyl,isopropyl,C5,p_tolyl,pentachlorophenyl,<LB_N><LB1_methyl><LB2_isopropyl><LINKER_C5><LA1_p_tolyl><LA2_pentachlorophenyl>,Cc1ccc(B(CCCCCN(C)C(C)C)c2c(Cl)c(Cl)c(Cl)c(Cl)c2Cl)cc1
N,methyl,isopropyl,C6,p_tolyl,pentachlorophenyl,<LB_N><LB1_methyl><LB2_isopropyl><LINKER_C6><LA1_p_tolyl><LA2_pentachlorophenyl>,Cc1ccc(B(CCCCCCN(C)C(C)C)c2c(Cl)c(Cl)c(Cl)c(Cl)c2Cl)cc1
N,methyl,isopropyl,C1,p_tolyl,bis_cf3_phenyl,<LB_N><LB1_methyl><LB2_isopropyl><LINKER_C1><LA1_p_tolyl><LA2_bis_cf3_phenyl>,Cc1ccc(B(CN(C)C(C)C)c2cc(C(F)(F)F)cc(C(F)(F)F)c2)cc1
N,methyl,isopropyl,C2,p_tolyl,bis_cf3_phenyl,<LB_N><LB1_methyl><LB2_isopropyl><LINKER_C2><LA1_p_tolyl><LA2_bis_cf3_phenyl>,Cc1ccc(B(CCN(C)C(C)C)c2cc(C(F)(F)F)cc(C(F)(F)F)c2)cc1
N,methyl,isopropyl,C3,p_tolyl,bis_cf3_phenyl,<LB_N><LB1_methyl><LB2_isopropyl><LINKER_C3><LA1_p_tolyl><LA2_bis_cf3_phenyl>,Cc1ccc(B(CCCN(C)C(C)C)c2cc(C(F)(F)F)cc(C(F)(F)F)c2)cc1
N,methyl,isopropyl,C4,p_tolyl,bis_cf3_phenyl,<LB_N><LB1_methyl><LB2_isopropyl><LINKER_C4><LA1_p_tolyl><LA2_bis_cf3_phenyl>,Cc1ccc(B(CCCCN(C)C(C)C)c2cc(C(F)(F)F)cc(C(F)(F)F)c2)cc1
N,methyl,isopropyl,C5,p_tolyl,bis_cf3_phenyl,<LB_N><LB1_methyl><LB2_isopropyl><LINKER_C5><LA1_p_tolyl><LA2_bis_cf3_phenyl>,Cc1ccc(B(CCCCCN(C)C(C)C)c2cc(C(F)(F)F)cc(C(F)(F)F)c2)cc1
N,methyl,isopropyl,C6,p_tolyl,bis_cf3_phenyl,<LB_N><LB1_methyl><LB2_isopropyl><LINKER_C6><LA1_p_tolyl><LA2_bis_cf3_phenyl>,Cc1ccc(B(CCCCCCN(C)C(C)C)c2cc(C(F)(F)F)cc(C(F)(F)F)c2)cc1
N,methyl,isopropyl,C1,mesityl,mesityl,<LB_N><LB1_methyl><LB2_isopropyl><LINKER_C1><LA1_mesityl><LA2_mesityl>,Cc1cc(C)c(B(CN(C)C(C)C)c2c(C)cc(C)cc2C)c(C)c1
N,methyl,isopropyl,C2,mesityl,mesityl,<LB_N><LB1_methyl><LB2_isopropyl><LINKER_C2><LA1_mesityl><LA2_mesityl>,Cc1cc(C)c(B(CCN(C)C(C)C)c2c(C)cc(C)cc2C)c(C)c1
N,methyl,isopropyl,C3,mesityl,mesityl,<LB_N><LB1_methyl><LB2_isopropyl><LINKER_C3><LA1_mesityl><LA2_mesityl>,Cc1cc(C)c(B(CCCN(C)C(C)C)c2c(C)cc(C)cc2C)c(C)c1
N,methyl,isopropyl,C4,mesityl,mesityl,<LB_N><LB1_methyl><LB2_isopropyl><LINKER_C4><LA1_mesityl><LA2_mesityl>,Cc1cc(C)c(B(CCCCN(C)C(C)C)c2c(C)cc(C)cc2C)c(C)c1
N,methyl,isopropyl,C5,mesityl,mesityl,<LB_N><LB1_methyl><LB2_isopropyl><LINKER_C5><LA1_mesityl><LA2_mesityl>,Cc1cc(C)c(B(CCCCCN(C)C(C)C)c2c(C)cc(C)cc2C)c(C)c1
N,methyl,isopropyl,C6,mesityl,mesityl,<LB_N><LB1_methyl><LB2_isopropyl><LINKER_C6><LA1_mesityl><LA2_mesityl>,Cc1cc(C)c(B(CCCCCCN(C)C(C)C)c2c(C)cc(C)cc2C)c(C)c1
N,methyl,isopropyl,C1,mesityl,pentafluorophenyl,<LB_N><LB1_methyl><LB2_isopropyl><LINKER_C1><LA1_mesityl><LA2_pentafluorophenyl>,Cc1cc(C)c(B(CN(C)C(C)C)c2c(F)c(F)c(F)c(F)c2F)c(C)c1
N,methyl,isopropyl,C2,mesityl,pentafluorophenyl,<LB_N><LB1_methyl><LB2_isopropyl><LINKER_C2><LA1_mesityl><LA2_pentafluorophenyl>,Cc1cc(C)c(B(CCN(C)C(C)C)c2c(F)c(F)c(F)c(F)c2F)c(C)c1
N,methyl,isopropyl,C3,mesityl,pentafluorophenyl,<LB_N><LB1_methyl><LB2_isopropyl><LINKER_C3><LA1_mesityl><LA2_pentafluorophenyl>,Cc1cc(C)c(B(CCCN(C)C(C)C)c2c(F)c(F)c(F)c(F)c2F)c(C)c1
N,methyl,isopropyl,C4,mesityl,pentafluorophenyl,<LB_N><LB1_methyl><LB2_isopropyl><LINKER_C4><LA1_mesityl><LA2_pentafluorophenyl>,Cc1cc(C)c(B(CCCCN(C)C(C)C)c2c(F)c(F)c(F)c(F)c2F)c(C)c1
N,methyl,isopropyl,C5,mesityl,pentafluorophenyl,<LB_N><LB1_methyl><LB2_isopropyl><LINKER_C5><LA1_mesityl><LA2_pentafluorophenyl>,Cc1cc(C)c(B(CCCCCN(C)C(C)C)c2c(F)c(F)c(F)c(F)c2F)c(C)c1
N,methyl,isopropyl,C6,mesityl,pentafluorophenyl,<LB_N><LB1_methyl><LB2_isopropyl><LINKER_C6><LA1_mesityl><LA2_pentafluorophenyl>,Cc1cc(C)c(B(CCCCCCN(C)C(C)C)c2c(F)c(F)c(F)c(F)c2F)c(C)c1
N,methyl,isopropyl,C1,mesityl,pentachlorophenyl,<LB_N><LB1_methyl><LB2_isopropyl><LINKER_C1><LA1_mesityl><LA2_pentachlorophenyl>,Cc1cc(C)c(B(CN(C)C(C)C)c2c(Cl)c(Cl)c(Cl)c(Cl)c2Cl)c(C)c1
N,methyl,isopropyl,C2,mesityl,pentachlorophenyl,<LB_N><LB1_methyl><LB2_isopropyl><LINKER_C2><LA1_mesityl><LA2_pentachlorophenyl>,Cc1cc(C)c(B(CCN(C)C(C)C)c2c(Cl)c(Cl)c(Cl)c(Cl)c2Cl)c(C)c1
N,methyl,isopropyl,C3,mesityl,pentachlorophenyl,<LB_N><LB1_methyl><LB2_isopropyl><LINKER_C3><LA1_mesityl><LA2_pentachlorophenyl>,Cc1cc(C)c(B(CCCN(C)C(C)C)c2c(Cl)c(Cl)c(Cl)c(Cl)c2Cl)c(C)c1
N,methyl,isopropyl,C4,mesityl,pentachlorophenyl,<LB_N><LB1_methyl><LB2_isopropyl><LINKER_C4><LA1_mesityl><LA2_pentachlorophenyl>,Cc1cc(C)c(B(CCCCN(C)C(C)C)c2c(Cl)c(Cl)c(Cl)c(Cl)c2Cl)c(C)c1
N,methyl,isopropyl,C5,mesityl,pentachlorophenyl,<LB_N><LB1_methyl><LB2_isopropyl><LINKER_C5><LA1_mesityl><LA2_pentachlorophenyl>,Cc1cc(C)c(B(CCCCCN(C)C(C)C)c2c(Cl)c(Cl)c(Cl)c(Cl)c2Cl)c(C)c1
N,methyl,isopropyl,C6,mesityl,pentachlorophenyl,<LB_N><LB1_methyl><LB2_isopropyl><LINKER_C6><LA1_mesityl><LA2_pentachlorophenyl>,Cc1cc(C)c(B(CCCCCCN(C)C(C)C)c2c(Cl)c(Cl)c(Cl)c(Cl)c2Cl)c(C)c1
N,methyl,isopropyl,C1,mesityl,bis_cf3_phenyl,<LB_N><LB1_methyl><LB2_isopropyl><LINKER_C1><LA1_mesityl><LA2_bis_cf3_phenyl>,Cc1cc(C)c(B(CN(C)C(C)C)c2cc(C(F)(F)F)cc(C(F)(F)F)c2)c(C)c1
N,methyl,isopropyl,C2,mesityl,bis_cf3_phenyl,<LB_N><LB1_methyl><LB2_isopropyl><LINKER_C2><LA1_mesityl><LA2_bis_cf3_phenyl>,Cc1cc(C)c(B(CCN(C)C(C)C)c2cc(C(F)(F)F)cc(C(F)(F)F)c2)c(C)c1
N,methyl,isopropyl,C3,mesityl,bis_cf3_phenyl,<LB_N><LB1_methyl><LB2_isopropyl><LINKER_C3><LA1_mesityl><LA2_bis_cf3_phenyl>,Cc1cc(C)c(B(CCCN(C)C(C)C)c2cc(C(F)(F)F)cc(C(F)(F)F)c2)c(C)c1
N,methyl,isopropyl,C4,mesityl,bis_cf3_phenyl,<LB_N><LB1_methyl><LB2_isopropyl><LINKER_C4><LA1_mesityl><LA2_bis_cf3_phenyl>,Cc1cc(C)c(B(CCCCN(C)C(C)C)c2cc(C(F)(F)F)cc(C(F)(F)F)c2)c(C)c1
N,methyl,isopropyl,C5,mesityl,bis_cf3_phenyl,<LB_N><LB1_methyl><LB2_isopropyl><LINKER_C5><LA1_mesityl><LA2_bis_cf3_phenyl>,Cc1cc(C)c(B(CCCCCN(C)C(C)C)c2cc(C(F)(F)F)cc(C(F)(F)F)c2)c(C)c1
N,methyl,isopropyl,C6,mesityl,bis_cf3_phenyl,<LB_N><LB1_methyl><LB2_isopropyl><LINKER_C6><LA1_mesityl><LA2_bis_cf3_phenyl>,Cc1cc(C)c(B(CCCCCCN(C)C(C)C)c2cc(C(F)(F)F)cc(C(F)(F)F)c2)c(C)c1
N,methyl,isopropyl,C1,pentafluorophenyl,pentafluorophenyl,<LB_N><LB1_methyl><LB2_isopropyl><LINKER_C1><LA1_pentafluorophenyl><LA2_pentafluorophenyl>,CC(C)N(C)CB(c1c(F)c(F)c(F)c(F)c1F)c1c(F)c(F)c(F)c(F)c1F
N,methyl,isopropyl,C2,pentafluorophenyl,pentafluorophenyl,<LB_N><LB1_methyl><LB2_isopropyl><LINKER_C2><LA1_pentafluorophenyl><LA2_pentafluorophenyl>,CC(C)N(C)CCB(c1c(F)c(F)c(F)c(F)c1F)c1c(F)c(F)c(F)c(F)c1F
N,methyl,isopropyl,C3,pentafluorophenyl,pentafluorophenyl,<LB_N><LB1_methyl><LB2_isopropyl><LINKER_C3><LA1_pentafluorophenyl><LA2_pentafluorophenyl>,CC(C)N(C)CCCB(c1c(F)c(F)c(F)c(F)c1F)c1c(F)c(F)c(F)c(F)c1F
N,methyl,isopropyl,C4,pentafluorophenyl,pentafluorophenyl,<LB_N><LB1_methyl><LB2_isopropyl><LINKER_C4><LA1_pentafluorophenyl><LA2_pentafluorophenyl>,CC(C)N(C)CCCCB(c1c(F)c(F)c(F)c(F)c1F)c1c(F)c(F)c(F)c(F)c1F
N,methyl,isopropyl,C5,pentafluorophenyl,pentafluorophenyl,<LB_N><LB1_methyl><LB2_isopropyl><LINKER_C5><LA1_pentafluorophenyl><LA2_pentafluorophenyl>,CC(C)N(C)CCCCCB(c1c(F)c(F)c(F)c(F)c1F)c1c(F)c(F)c(F)c(F)c1F
N,methyl,isopropyl,C6,pentafluorophenyl,pentafluorophenyl,<LB_N><LB1_methyl><LB2_isopropyl><LINKER_C6><LA1_pentafluorophenyl><LA2_pentafluorophenyl>,CC(C)N(C)CCCCCCB(c1c(F)c(F)c(F)c(F)c1F)c1c(F)c(F)c(F)c(F)c1F
N,methyl,isopropyl,C1,pentafluorophenyl,pentachlorophenyl,<LB_N><LB1_methyl><LB2_isopropyl><LINKER_C1><LA1_pentafluorophenyl><LA2_pentachlorophenyl>,CC(C)N(C)CB(c1c(F)c(F)c(F)c(F)c1F)c1c(Cl)c(Cl)c(Cl)c(Cl)c1Cl
N,methyl,isopropyl,C2,pentafluorophenyl,pentachlorophenyl,<LB_N><LB1_methyl><LB2_isopropyl><LINKER_C2><LA1_pentafluorophenyl><LA2_pentachlorophenyl>,CC(C)N(C)CCB(c1c(F)c(F)c(F)c(F)c1F)c1c(Cl)c(Cl)c(Cl)c(Cl)c1Cl
N,methyl,isopropyl,C3,pentafluorophenyl,pentachlorophenyl,<LB_N><LB1_methyl><LB2_isopropyl><LINKER_C3><LA1_pentafluorophenyl><LA2_pentachlorophenyl>,CC(C)N(C)CCCB(c1c(F)c(F)c(F)c(F)c1F)c1c(Cl)c(Cl)c(Cl)c(Cl)c1Cl
N,methyl,isopropyl,C4,pentafluorophenyl,pentachlorophenyl,<LB_N><LB1_methyl><LB2_isopropyl><LINKER_C4><LA1_pentafluorophenyl><LA2_pentachlorophenyl>,CC(C)N(C)CCCCB(c1c(F)c(F)c(F)c(F)c1F)c1c(Cl)c(Cl)c(Cl)c(Cl)c1Cl
N,methyl,isopropyl,C5,pentafluorophenyl,pentachlorophenyl,<LB_N><LB1_methyl><LB2_isopropyl><LINKER_C5><LA1_pentafluorophenyl><LA2_pentachlorophenyl>,CC(C)N(C)CCCCCB(c1c(F)c(F)c(F)c(F)c1F)c1c(Cl)c(Cl)c(Cl)c(Cl)c1Cl
N,methyl,isopropyl,C6,pentafluorophenyl,pentachlorophenyl,<LB_N><LB1_methyl><LB2_isopropyl><LINKER_C6><LA1_pentafluorophenyl><LA2_pentachlorophenyl>,CC(C)N(C)CCCCCCB(c1c(F)c(F)c(F)c(F)c1F)c1c(Cl)c(Cl)c(Cl)c(Cl)c1Cl
N,methyl,isopropyl,C1,pentafluorophenyl,bis_cf3_phenyl,<LB_N><LB1_methyl><LB2_isopropyl><LINKER_C1><LA1_pentafluorophenyl><LA2_bis_cf3_phenyl>,CC(C)N(C)CB(c1cc(C(F)(F)F)cc(C(F)(F)F)c1)c1c(F)c(F)c(F)c(F)c1F
N,methyl,isopropyl,C2,pentafluorophenyl,bis_cf3_phenyl,<LB_N><LB1_methyl><LB2_isopropyl><LINKER_C2><LA1_pentafluorophenyl><LA2_bis_cf3_phenyl>,CC(C)N(C)CCB(c1cc(C(F)(F)F)cc(C(F)(F)F)c1)c1c(F)c(F)c(F)c(F)c1F
N,methyl,isopropyl,C3,pentafluorophenyl,bis_cf3_phenyl,<LB_N><LB1_methyl><LB2_isopropyl><LINKER_C3><LA1_pentafluorophenyl><LA2_bis_cf3_phenyl>,CC(C)N(C)CCCB(c1cc(C(F)(F)F)cc(C(F)(F)F)c1)c1c(F)c(F)c(F)c(F)c1F
N,methyl,isopropyl,C4,pentafluorophenyl,bis_cf3_phenyl,<LB_N><LB1_methyl><LB2_isopropyl><LINKER_C4><LA1_pentafluorophenyl><LA2_bis_cf3_phenyl>,CC(C)N(C)CCCCB(c1cc(C(F)(F)F)cc(C(F)(F)F)c1)c1c(F)c(F)c(F)c(F)c1F
N,methyl,isopropyl,C5,pentafluorophenyl,bis_cf3_phenyl,<LB_N><LB1_methyl><LB2_isopropyl><LINKER_C5><LA1_pentafluorophenyl><LA2_bis_cf3_phenyl>,CC(C)N(C)CCCCCB(c1cc(C(F)(F)F)cc(C(F)(F)F)c1)c1c(F)c(F)c(F)c(F)c1F
N,methyl,isopropyl,C6,pentafluorophenyl,bis_cf3_phenyl,<LB_N><LB1_methyl><LB2_isopropyl><LINKER_C6><LA1_pentafluorophenyl><LA2_bis_cf3_phenyl>,CC(C)N(C)CCCCCCB(c1cc(C(F)(F)F)cc(C(F)(F)F)c1)c1c(F)c(F)c(F)c(F)c1F
N,methyl,isopropyl,C1,pentachlorophenyl,pentachlorophenyl,<LB_N><LB1_methyl><LB2_isopropyl><LINKER_C1><LA1_pentachlorophenyl><LA2_pentachlorophenyl>,CC(C)N(C)CB(c1c(Cl)c(Cl)c(Cl)c(Cl)c1Cl)c1c(Cl)c(Cl)c(Cl)c(Cl)c1Cl
N,methyl,isopropyl,C2,pentachlorophenyl,pentachlorophenyl,<LB_N><LB1_methyl><LB2_isopropyl><LINKER_C2><LA1_pentachlorophenyl><LA2_pentachlorophenyl>,CC(C)N(C)CCB(c1c(Cl)c(Cl)c(Cl)c(Cl)c1Cl)c1c(Cl)c(Cl)c(Cl)c(Cl)c1Cl
N,methyl,isopropyl,C3,pentachlorophenyl,pentachlorophenyl,<LB_N><LB1_methyl><LB2_isopropyl><LINKER_C3><LA1_pentachlorophenyl><LA2_pentachlorophenyl>,CC(C)N(C)CCCB(c1c(Cl)c(Cl)c(Cl)c(Cl)c1Cl)c1c(Cl)c(Cl)c(Cl)c(Cl)c1Cl
N,methyl,isopropyl,C4,pentachlorophenyl,pentachlorophenyl,<LB_N><LB1_methyl><LB2_isopropyl><LINKER_C4><LA1_pentachlorophenyl><LA2_pentachlorophenyl>,CC(C)N(C)CCCCB(c1c(Cl)c(Cl)c(Cl)c(Cl)c1Cl)c1c(Cl)c(Cl)c(Cl)c(Cl)c1Cl
N,methyl,isopropyl,C5,pentachlorophenyl,pentachlorophenyl,<LB_N><LB1_methyl><LB2_isopropyl><LINKER_C5><LA1_pentachlorophenyl><LA2_pentachlorophenyl>,CC(C)N(C)CCCCCB(c1c(Cl)c(Cl)c(Cl)c(Cl)c1Cl)c1c(Cl)c(Cl)c(Cl)c(Cl)c1Cl
N,methyl,isopropyl,C6,pentachlorophenyl,pentachlorophenyl,<LB_N><LB1_methyl><LB2_isopropyl><LINKER_C6><LA1_pentachlorophenyl><LA2_pentachlorophenyl>,CC(C)N(C)CCCCCCB(c1c(Cl)c(Cl)c(Cl)c(Cl)c1Cl)c1c(Cl)c(Cl)c(Cl)c(Cl)c1Cl
N,methyl,isopropyl,C1,pentachlorophenyl,bis_cf3_phenyl,<LB_N><LB1_methyl><LB2_isopropyl><LINKER_C1><LA1_pentachlorophenyl><LA2_bis_cf3_phenyl>,CC(C)N(C)CB(c1cc(C(F)(F)F)cc(C(F)(F)F)c1)c1c(Cl)c(Cl)c(Cl)c(Cl)c1Cl
N,methyl,isopropyl,C2,pentachlorophenyl,bis_cf3_phenyl,<LB_N><LB1_methyl><LB2_isopropyl><LINKER_C2><LA1_pentachlorophenyl><LA2_bis_cf3_phenyl>,CC(C)N(C)CCB(c1cc(C(F)(F)F)cc(C(F)(F)F)c1)c1c(Cl)c(Cl)c(Cl)c(Cl)c1Cl
N,methyl,isopropyl,C3,pentachlorophenyl,bis_cf3_phenyl,<LB_N><LB1_methyl><LB2_isopropyl><LINKER_C3><LA1_pentachlorophenyl><LA2_bis_cf3_phenyl>,CC(C)N(C)CCCB(c1cc(C(F)(F)F)cc(C(F)(F)F)c1)c1c(Cl)c(Cl)c(Cl)c(Cl)c1Cl
N,methyl,isopropyl,C4,pentachlorophenyl,bis_cf3_phenyl,<LB_N><LB1_methyl><LB2_isopropyl><LINKER_C4><LA1_pentachlorophenyl><LA2_bis_cf3_phenyl>,CC(C)N(C)CCCCB(c1cc(C(F)(F)F)cc(C(F)(F)F)c1)c1c(Cl)c(Cl)c(Cl)c(Cl)c1Cl
N,methyl,isopropyl,C5,pentachlorophenyl,bis_cf3_phenyl,<LB_N><LB1_methyl><LB2_isopropyl><LINKER_C5><LA1_pentachlorophenyl><LA2_bis_cf3_phenyl>,CC(C)N(C)CCCCCB(c1cc(C(F)(F)F)cc(C(F)(F)F)c1)c1c(Cl)c(Cl)c(Cl)c(Cl)c1Cl
N,methyl,isopropyl,C6,pentachlorophenyl,bis_cf3_phenyl,<LB_N><LB1_methyl><LB2_isopropyl><LINKER_C6><LA1_pentachlorophenyl><LA2_bis_cf3_phenyl>,CC(C)N(C)CCCCCCB(c1cc(C(F)(F)F)cc(C(F)(F)F)c1)c1c(Cl)c(Cl)c(Cl)c(Cl)c1Cl
N,methyl,isopropyl,C1,bis_cf3_phenyl,bis_cf3_phenyl,<LB_N><LB1_methyl><LB2_isopropyl><LINKER_C1><LA1_bis_cf3_phenyl><LA2_bis_cf3_phenyl>,CC(C)N(C)CB(c1cc(C(F)(F)F)cc(C(F)(F)F)c1)c1cc(C(F)(F)F)cc(C(F)(F)F)c1
N,methyl,isopropyl,C2,bis_cf3_phenyl,bis_cf3_phenyl,<LB_N><LB1_methyl><LB2_isopropyl><LINKER_C2><LA1_bis_cf3_phenyl><LA2_bis_cf3_phenyl>,CC(C)N(C)CCB(c1cc(C(F)(F)F)cc(C(F)(F)F)c1)c1cc(C(F)(F)F)cc(C(F)(F)F)c1
N,methyl,isopropyl,C3,bis_cf3_phenyl,bis_cf3_phenyl,<LB_N><LB1_methyl><LB2_isopropyl><LINKER_C3><LA1_bis_cf3_phenyl><LA2_bis_cf3_phenyl>,CC(C)N(C)CCCB(c1cc(C(F)(F)F)cc(C(F)(F)F)c1)c1cc(C(F)(F)F)cc(C(F)(F)F)c1
N,methyl,isopropyl,C4,bis_cf3_phenyl,bis_cf3_phenyl,<LB_N><LB1_methyl><LB2_isopropyl><LINKER_C4><LA1_bis_cf3_phenyl><LA2_bis_cf3_phenyl>,CC(C)N(C)CCCCB(c1cc(C(F)(F)F)cc(C(F)(F)F)c1)c1cc(C(F)(F)F)cc(C(F)(F)F)c1
N,methyl,isopropyl,C5,bis_cf3_phenyl,bis_cf3_phenyl,<LB_N><LB1_methyl><LB2_isopropyl><LINKER_C5><LA1_bis_cf3_phenyl><LA2_bis_cf3_phenyl>,CC(C)N(C)CCCCCB(c1cc(C(F)(F)F)cc(C(F)(F)F)c1)c1cc(C(F)(F)F)cc(C(F)(F)F)c1
N,methyl,isopropyl,C6,bis_cf3_phenyl,bis_cf3_phenyl,<LB_N><LB1_methyl><LB2_isopropyl><LINKER_C6><LA1_bis_cf3_phenyl><LA2_bis_cf3_phenyl>,CC(C)N(C)CCCCCCB(c1cc(C(F)(F)F)cc(C(F)(F)F)c1)c1cc(C(F)(F)F)cc(C(F)(F)F)c1
N,methyl,cyclohexyl,C1,phenyl,phenyl,<LB_N><LB1_methyl><LB2_cyclohexyl><LINKER_C1><LA1_phenyl><LA2_phenyl>,CN(CB(c1ccccc1)c1ccccc1)C1CCCCC1
N,methyl,cyclohexyl,C2,phenyl,phenyl,<LB_N><LB1_methyl><LB2_cyclohexyl><LINKER_C2><LA1_phenyl><LA2_phenyl>,CN(CCB(c1ccccc1)c1ccccc1)C1CCCCC1
N,methyl,cyclohexyl,C3,phenyl,phenyl,<LB_N><LB1_methyl><LB2_cyclohexyl><LINKER_C3><LA1_phenyl><LA2_phenyl>,CN(CCCB(c1ccccc1)c1ccccc1)C1CCCCC1
N,methyl,cyclohexyl,C4,phenyl,phenyl,<LB_N><LB1_methyl><LB2_cyclohexyl><LINKER_C4><LA1_phenyl><LA2_phenyl>,CN(CCCCB(c1ccccc1)c1ccccc1)C1CCCCC1
N,methyl,cyclohexyl,C5,phenyl,phenyl,<LB_N><LB1_methyl><LB2_cyclohexyl><LINKER_C5><LA1_phenyl><LA2_phenyl>,CN(CCCCCB(c1ccccc1)c1ccccc1)C1CCCCC1
N,methyl,cyclohexyl,C6,phenyl,phenyl,<LB_N><LB1_methyl><LB2_cyclohexyl><LINKER_C6><LA1_phenyl><LA2_phenyl>,CN(CCCCCCB(c1ccccc1)c1ccccc1)C1CCCCC1
N,methyl,cyclohexyl,C1,phenyl,p_tolyl,<LB_N><LB1_methyl><LB2_cyclohexyl><LINKER_C1><LA1_phenyl><LA2_p_tolyl>,Cc1ccc(B(CN(C)C2CCCCC2)c2ccccc2)cc1
N,methyl,cyclohexyl,C2,phenyl,p_tolyl,<LB_N><LB1_methyl><LB2_cyclohexyl><LINKER_C2><LA1_phenyl><LA2_p_tolyl>,Cc1ccc(B(CCN(C)C2CCCCC2)c2ccccc2)cc1
N,methyl,cyclohexyl,C3,phenyl,p_tolyl,<LB_N><LB1_methyl><LB2_cyclohexyl><LINKER_C3><LA1_phenyl><LA2_p_tolyl>,Cc1ccc(B(CCCN(C)C2CCCCC2)c2ccccc2)cc1
N,methyl,cyclohexyl,C4,phenyl,p_tolyl,<LB_N><LB1_methyl><LB2_cyclohexyl><LINKER_C4><LA1_phenyl><LA2_p_tolyl>,Cc1ccc(B(CCCCN(C)C2CCCCC2)c2ccccc2)cc1
N,methyl,cyclohexyl,C5,phenyl,p_tolyl,<LB_N><LB1_methyl><LB2_cyclohexyl><LINKER_C5><LA1_phenyl><LA2_p_tolyl>,Cc1ccc(B(CCCCCN(C)C2CCCCC2)c2ccccc2)cc1
N,methyl,cyclohexyl,C6,phenyl,p_tolyl,<LB_N><LB1_methyl><LB2_cyclohexyl><LINKER_C6><LA1_phenyl><LA2_p_tolyl>,Cc1ccc(B(CCCCCCN(C)C2CCCCC2)c2ccccc2)cc1
N,methyl,cyclohexyl,C1,phenyl,mesityl,<LB_N><LB1_methyl><LB2_cyclohexyl><LINKER_C1><LA1_phenyl><LA2_mesityl>,Cc1cc(C)c(B(CN(C)C2CCCCC2)c2ccccc2)c(C)c1
N,methyl,cyclohexyl,C2,phenyl,mesityl,<LB_N><LB1_methyl><LB2_cyclohexyl><LINKER_C2><LA1_phenyl><LA2_mesityl>,Cc1cc(C)c(B(CCN(C)C2CCCCC2)c2ccccc2)c(C)c1
N,methyl,cyclohexyl,C3,phenyl,mesityl,<LB_N><LB1_methyl><LB2_cyclohexyl><LINKER_C3><LA1_phenyl><LA2_mesityl>,Cc1cc(C)c(B(CCCN(C)C2CCCCC2)c2ccccc2)c(C)c1
N,methyl,cyclohexyl,C4,phenyl,mesityl,<LB_N><LB1_methyl><LB2_cyclohexyl><LINKER_C4><LA1_phenyl><LA2_mesityl>,Cc1cc(C)c(B(CCCCN(C)C2CCCCC2)c2ccccc2)c(C)c1
N,methyl,cyclohexyl,C5,phenyl,mesityl,<LB_N><LB1_methyl><LB2_cyclohexyl><LINKER_C5><LA1_phenyl><LA2_mesityl>,Cc1cc(C)c(B(CCCCCN(C)C2CCCCC2)c2ccccc2)c(C)c1
N,methyl,cyclohexyl,C6,phenyl,mesityl,<LB_N><LB1_methyl><LB2_cyclohexyl><LINKER_C6><LA1_phenyl><LA2_mesityl>,Cc1cc(C)c(B(CCCCCCN(C)C2CCCCC2)c2ccccc2)c(C)c1
N,methyl,cyclohexyl,C1,phenyl,pentafluorophenyl,<LB_N><LB1_methyl><LB2_cyclohexyl><LINKER_C1><LA1_phenyl><LA2_pentafluorophenyl>,CN(CB(c1ccccc1)c1c(F)c(F)c(F)c(F)c1F)C1CCCCC1
N,methyl,cyclohexyl,C2,phenyl,pentafluorophenyl,<LB_N><LB1_methyl><LB2_cyclohexyl><LINKER_C2><LA1_phenyl><LA2_pentafluorophenyl>,CN(CCB(c1ccccc1)c1c(F)c(F)c(F)c(F)c1F)C1CCCCC1
N,methyl,cyclohexyl,C3,phenyl,pentafluorophenyl,<LB_N><LB1_methyl><LB2_cyclohexyl><LINKER_C3><LA1_phenyl><LA2_pentafluorophenyl>,CN(CCCB(c1ccccc1)c1c(F)c(F)c(F)c(F)c1F)C1CCCCC1
N,methyl,cyclohexyl,C4,phenyl,pentafluorophenyl,<LB_N><LB1_methyl><LB2_cyclohexyl><LINKER_C4><LA1_phenyl><LA2_pentafluorophenyl>,CN(CCCCB(c1ccccc1)c1c(F)c(F)c(F)c(F)c1F)C1CCCCC1
N,methyl,cyclohexyl,C5,phenyl,pentafluorophenyl,<LB_N><LB1_methyl><LB2_cyclohexyl><LINKER_C5><LA1_phenyl><LA2_pentafluorophenyl>,CN(CCCCCB(c1ccccc1)c1c(F)c(F)c(F)c(F)c1F)C1CCCCC1
N,methyl,cyclohexyl,C6,phenyl,pentafluorophenyl,<LB_N><LB1_methyl><LB2_cyclohexyl><LINKER_C6><LA1_phenyl><LA2_pentafluorophenyl>,CN(CCCCCCB(c1ccccc1)c1c(F)c(F)c(F)c(F)c1F)C1CCCCC1
N,methyl,cyclohexyl,C1,phenyl,pentachlorophenyl,<LB_N><LB1_methyl><LB2_cyclohexyl><LINKER_C1><LA1_phenyl><LA2_pentachlorophenyl>,CN(CB(c1ccccc1)c1c(Cl)c(Cl)c(Cl)c(Cl)c1Cl)C1CCCCC1
N,methyl,cyclohexyl,C2,phenyl,pentachlorophenyl,<LB_N><LB1_methyl><LB2_cyclohexyl><LINKER_C2><LA1_phenyl><LA2_pentachlorophenyl>,CN(CCB(c1ccccc1)c1c(Cl)c(Cl)c(Cl)c(Cl)c1Cl)C1CCCCC1
N,methyl,cyclohexyl,C3,phenyl,pentachlorophenyl,<LB_N><LB1_methyl><LB2_cyclohexyl><LINKER_C3><LA1_phenyl><LA2_pentachlorophenyl>,CN(CCCB(c1ccccc1)c1c(Cl)c(Cl)c(Cl)c(Cl)c1Cl)C1CCCCC1
N,methyl,cyclohexyl,C4,phenyl,pentachlorophenyl,<LB_N><LB1_methyl><LB2_cyclohexyl><LINKER_C4><LA1_phenyl><LA2_pentachlorophenyl>,CN(CCCCB(c1ccccc1)c1c(Cl)c(Cl)c(Cl)c(Cl)c1Cl)C1CCCCC1
N,methyl,cyclohexyl,C5,phenyl,pentachlorophenyl,<LB_N><LB1_methyl><LB2_cyclohexyl><LINKER_C5><LA1_phenyl><LA2_pentachlorophenyl>,CN(CCCCCB(c1ccccc1)c1c(Cl)c(Cl)c(Cl)c(Cl)c1Cl)C1CCCCC1
N,methyl,cyclohexyl,C6,phenyl,pentachlorophenyl,<LB_N><LB1_methyl><LB2_cyclohexyl><LINKER_C6><LA1_phenyl><LA2_pentachlorophenyl>,CN(CCCCCCB(c1ccccc1)c1c(Cl)c(Cl)c(Cl)c(Cl)c1Cl)C1CCCCC1
N,methyl,cyclohexyl,C1,phenyl,bis_cf3_phenyl,<LB_N><LB1_methyl><LB2_cyclohexyl><LINKER_C1><LA1_phenyl><LA2_bis_cf3_phenyl>,CN(CB(c1ccccc1)c1cc(C(F)(F)F)cc(C(F)(F)F)c1)C1CCCCC1
N,methyl,cyclohexyl,C2,phenyl,bis_cf3_phenyl,<LB_N><LB1_methyl><LB2_cyclohexyl><LINKER_C2><LA1_phenyl><LA2_bis_cf3_phenyl>,CN(CCB(c1ccccc1)c1cc(C(F)(F)F)cc(C(F)(F)F)c1)C1CCCCC1
N,methyl,cyclohexyl,C3,phenyl,bis_cf3_phenyl,<LB_N><LB1_methyl><LB2_cyclohexyl><LINKER_C3><LA1_phenyl><LA2_bis_cf3_phenyl>,CN(CCCB(c1ccccc1)c1cc(C(F)(F)F)cc(C(F)(F)F)c1)C1CCCCC1
N,methyl,cyclohexyl,C4,phenyl,bis_cf3_phenyl,<LB_N><LB1_methyl><LB2_cyclohexyl><LINKER_C4><LA1_phenyl><LA2_bis_cf3_phenyl>,CN(CCCCB(c1ccccc1)c1cc(C(F)(F)F)cc(C(F)(F)F)c1)C1CCCCC1
N,methyl,cyclohexyl,C5,phenyl,bis_cf3_phenyl,<LB_N><LB1_methyl><LB2_cyclohexyl><LINKER_C5><LA1_phenyl><LA2_bis_cf3_phenyl>,CN(CCCCCB(c1ccccc1)c1cc(C(F)(F)F)cc(C(F)(F)F)c1)C1CCCCC1
N,methyl,cyclohexyl,C6,phenyl,bis_cf3_phenyl,<LB_N><LB1_methyl><LB2_cyclohexyl><LINKER_C6><LA1_phenyl><LA2_bis_cf3_phenyl>,CN(CCCCCCB(c1ccccc1)c1cc(C(F)(F)F)cc(C(F)(F)F)c1)C1CCCCC1
N,methyl,cyclohexyl,C1,p_tolyl,p_tolyl,<LB_N><LB1_methyl><LB2_cyclohexyl><LINKER_C1><LA1_p_tolyl><LA2_p_tolyl>,Cc1ccc(B(CN(C)C2CCCCC2)c2ccc(C)cc2)cc1
N,methyl,cyclohexyl,C2,p_tolyl,p_tolyl,<LB_N><LB1_methyl><LB2_cyclohexyl><LINKER_C2><LA1_p_tolyl><LA2_p_tolyl>,Cc1ccc(B(CCN(C)C2CCCCC2)c2ccc(C)cc2)cc1
N,methyl,cyclohexyl,C3,p_tolyl,p_tolyl,<LB_N><LB1_methyl><LB2_cyclohexyl><LINKER_C3><LA1_p_tolyl><LA2_p_tolyl>,Cc1ccc(B(CCCN(C)C2CCCCC2)c2ccc(C)cc2)cc1
N,methyl,cyclohexyl,C4,p_tolyl,p_tolyl,<LB_N><LB1_methyl><LB2_cyclohexyl><LINKER_C4><LA1_p_tolyl><LA2_p_tolyl>,Cc1ccc(B(CCCCN(C)C2CCCCC2)c2ccc(C)cc2)cc1
N,methyl,cyclohexyl,C5,p_tolyl,p_tolyl,<LB_N><LB1_methyl><LB2_cyclohexyl><LINKER_C5><LA1_p_tolyl><LA2_p_tolyl>,Cc1ccc(B(CCCCCN(C)C2CCCCC2)c2ccc(C)cc2)cc1
N,methyl,cyclohexyl,C6,p_tolyl,p_tolyl,<LB_N><LB1_methyl><LB2_cyclohexyl><LINKER_C6><LA1_p_tolyl><LA2_p_tolyl>,Cc1ccc(B(CCCCCCN(C)C2CCCCC2)c2ccc(C)cc2)cc1
N,methyl,cyclohexyl,C1,p_tolyl,mesityl,<LB_N><LB1_methyl><LB2_cyclohexyl><LINKER_C1><LA1_p_tolyl><LA2_mesityl>,Cc1ccc(B(CN(C)C2CCCCC2)c2c(C)cc(C)cc2C)cc1
N,methyl,cyclohexyl,C2,p_tolyl,mesityl,<LB_N><LB1_methyl><LB2_cyclohexyl><LINKER_C2><LA1_p_tolyl><LA2_mesityl>,Cc1ccc(B(CCN(C)C2CCCCC2)c2c(C)cc(C)cc2C)cc1
N,methyl,cyclohexyl,C3,p_tolyl,mesityl,<LB_N><LB1_methyl><LB2_cyclohexyl><LINKER_C3><LA1_p_tolyl><LA2_mesityl>,Cc1ccc(B(CCCN(C)C2CCCCC2)c2c(C)cc(C)cc2C)cc1
N,methyl,cyclohexyl,C4,p_tolyl,mesityl,<LB_N><LB1_methyl><LB2_cyclohexyl><LINKER_C4><LA1_p_tolyl><LA2_mesityl>,Cc1ccc(B(CCCCN(C)C2CCCCC2)c2c(C)cc(C)cc2C)cc1
N,methyl,cyclohexyl,C5,p_tolyl,mesityl,<LB_N><LB1_methyl><LB2_cyclohexyl><LINKER_C5><LA1_p_tolyl><LA2_mesityl>,Cc1ccc(B(CCCCCN(C)C2CCCCC2)c2c(C)cc(C)cc2C)cc1
N,methyl,cyclohexyl,C6,p_tolyl,mesityl,<LB_N><LB1_methyl><LB2_cyclohexyl><LINKER_C6><LA1_p_tolyl><LA2_mesityl>,Cc1ccc(B(CCCCCCN(C)C2CCCCC2)c2c(C)cc(C)cc2C)cc1
N,methyl,cyclohexyl,C1,p_tolyl,pentafluorophenyl,<LB_N><LB1_methyl><LB2_cyclohexyl><LINKER_C1><LA1_p_tolyl><LA2_pentafluorophenyl>,Cc1ccc(B(CN(C)C2CCCCC2)c2c(F)c(F)c(F)c(F)c2F)cc1
N,methyl,cyclohexyl,C2,p_tolyl,pentafluorophenyl,<LB_N><LB1_methyl><LB2_cyclohexyl><LINKER_C2><LA1_p_tolyl><LA2_pentafluorophenyl>,Cc1ccc(B(CCN(C)C2CCCCC2)c2c(F)c(F)c(F)c(F)c2F)cc1
N,methyl,cyclohexyl,C3,p_tolyl,pentafluorophenyl,<LB_N><LB1_methyl><LB2_cyclohexyl><LINKER_C3><LA1_p_tolyl><LA2_pentafluorophenyl>,Cc1ccc(B(CCCN(C)C2CCCCC2)c2c(F)c(F)c(F)c(F)c2F)cc1
N,methyl,cyclohexyl,C4,p_tolyl,pentafluorophenyl,<LB_N><LB1_methyl><LB2_cyclohexyl><LINKER_C4><LA1_p_tolyl><LA2_pentafluorophenyl>,Cc1ccc(B(CCCCN(C)C2CCCCC2)c2c(F)c(F)c(F)c(F)c2F)cc1
N,methyl,cyclohexyl,C5,p_tolyl,pentafluorophenyl,<LB_N><LB1_methyl><LB2_cyclohexyl><LINKER_C5><LA1_p_tolyl><LA2_pentafluorophenyl>,Cc1ccc(B(CCCCCN(C)C2CCCCC2)c2c(F)c(F)c(F)c(F)c2F)cc1
N,methyl,cyclohexyl,C6,p_tolyl,pentafluorophenyl,<LB_N><LB1_methyl><LB2_cyclohexyl><LINKER_C6><LA1_p_tolyl><LA2_pentafluorophenyl>,Cc1ccc(B(CCCCCCN(C)C2CCCCC2)c2c(F)c(F)c(F)c(F)c2F)cc1
N,methyl,cyclohexyl,C1,p_tolyl,pentachlorophenyl,<LB_N><LB1_methyl><LB2_cyclohexyl><LINKER_C1><LA1_p_tolyl><LA2_pentachlorophenyl>,Cc1ccc(B(CN(C)C2CCCCC2)c2c(Cl)c(Cl)c(Cl)c(Cl)c2Cl)cc1
N,methyl,cyclohexyl,C2,p_tolyl,pentachlorophenyl,<LB_N><LB1_methyl><LB2_cyclohexyl><LINKER_C2><LA1_p_tolyl><LA2_pentachlorophenyl>,Cc1ccc(B(CCN(C)C2CCCCC2)c2c(Cl)c(Cl)c(Cl)c(Cl)c2Cl)cc1
N,methyl,cyclohexyl,C3,p_tolyl,pentachlorophenyl,<LB_N><LB1_methyl><LB2_cyclohexyl><LINKER_C3><LA1_p_tolyl><LA2_pentachlorophenyl>,Cc1ccc(B(CCCN(C)C2CCCCC2)c2c(Cl)c(Cl)c(Cl)c(Cl)c2Cl)cc1
N,methyl,cyclohexyl,C4,p_tolyl,pentachlorophenyl,<LB_N><LB1_methyl><LB2_cyclohexyl><LINKER_C4><LA1_p_tolyl><LA2_pentachlorophenyl>,Cc1ccc(B(CCCCN(C)C2CCCCC2)c2c(Cl)c(Cl)c(Cl)c(Cl)c2Cl)cc1
N,methyl,cyclohexyl,C5,p_tolyl,pentachlorophenyl,<LB_N><LB1_methyl><LB2_cyclohexyl><LINKER_C5><LA1_p_tolyl><LA2_pentachlorophenyl>,Cc1ccc(B(CCCCCN(C)C2CCCCC2)c2c(Cl)c(Cl)c(Cl)c(Cl)c2Cl)cc1
N,methyl,cyclohexyl,C6,p_tolyl,pentachlorophenyl,<LB_N><LB1_methyl><LB2_cyclohexyl><LINKER_C6><LA1_p_tolyl><LA2_pentachlorophenyl>,Cc1ccc(B(CCCCCCN(C)C2CCCCC2)c2c(Cl)c(Cl)c(Cl)c(Cl)c2Cl)cc1
N,methyl,cyclohexyl,C1,p_tolyl,bis_cf3_phenyl,<LB_N><LB1_methyl><LB2_cyclohexyl><LINKER_C1><LA1_p_tolyl><LA2_bis_cf3_phenyl>,Cc1ccc(B(CN(C)C2CCCCC2)c2cc(C(F)(F)F)cc(C(F)(F)F)c2)cc1
N,methyl,cyclohexyl,C2,p_tolyl,bis_cf3_phenyl,<LB_N><LB1_methyl><LB2_cyclohexyl><LINKER_C2><LA1_p_tolyl><LA2_bis_cf3_phenyl>,Cc1ccc(B(CCN(C)C2CCCCC2)c2cc(C(F)(F)F)cc(C(F)(F)F)c2)cc1
N,methyl,cyclohexyl,C3,p_tolyl,bis_cf3_phenyl,<LB_N><LB1_methyl><LB2_cyclohexyl><LINKER_C3><LA1_p_tolyl><LA2_bis_cf3_phenyl>,Cc1ccc(B(CCCN(C)C2CCCCC2)c2cc(C(F)(F)F)cc(C(F)(F)F)c2)cc1
N,methyl,cyclohexyl,C4,p_tolyl,bis_cf3_phenyl,<LB_N><LB1_methyl><LB2_cyclohexyl><LINKER_C4><LA1_p_tolyl><LA2_bis_cf3_phenyl>,Cc1ccc(B(CCCCN(C)C2CCCCC2)c2cc(C(F)(F)F)cc(C(F)(F)F)c2)cc1
N,methyl,cyclohexyl,C5,p_tolyl,bis_cf3_phenyl,<LB_N><LB1_methyl><LB2_cyclohexyl><LINKER_C5><LA1_p_tolyl><LA2_bis_cf3_phenyl>,Cc1ccc(B(CCCCCN(C)C2CCCCC2)c2cc(C(F)(F)F)cc(C(F)(F)F)c2)cc1
N,methyl,cyclohexyl,C6,p_tolyl,bis_cf3_phenyl,<LB_N><LB1_methyl><LB2_cyclohexyl><LINKER_C6><LA1_p_tolyl><LA2_bis_cf3_phenyl>,Cc1ccc(B(CCCCCCN(C)C2CCCCC2)c2cc(C(F)(F)F)cc(C(F)(F)F)c2)cc1
N,methyl,cyclohexyl,C1,mesityl,mesityl,<LB_N><LB1_methyl><LB2_cyclohexyl><LINKER_C1><LA1_mesityl><LA2_mesityl>,Cc1cc(C)c(B(CN(C)C2CCCCC2)c2c(C)cc(C)cc2C)c(C)c1
N,methyl,cyclohexyl,C2,mesityl,mesityl,<LB_N><LB1_methyl><LB2_cyclohexyl><LINKER_C2><LA1_mesityl><LA2_mesityl>,Cc1cc(C)c(B(CCN(C)C2CCCCC2)c2c(C)cc(C)cc2C)c(C)c1
N,methyl,cyclohexyl,C3,mesityl,mesityl,<LB_N><LB1_methyl><LB2_cyclohexyl><LINKER_C3><LA1_mesityl><LA2_mesityl>,Cc1cc(C)c(B(CCCN(C)C2CCCCC2)c2c(C)cc(C)cc2C)c(C)c1
N,methyl,cyclohexyl,C4,mesityl,mesityl,<LB_N><LB1_methyl><LB2_cyclohexyl><LINKER_C4><LA1_mesityl><LA2_mesityl>,Cc1cc(C)c(B(CCCCN(C)C2CCCCC2)c2c(C)cc(C)cc2C)c(C)c1
N,methyl,cyclohexyl,C5,mesityl,mesityl,<LB_N><LB1_methyl><LB2_cyclohexyl><LINKER_C5><LA1_mesityl><LA2_mesityl>,Cc1cc(C)c(B(CCCCCN(C)C2CCCCC2)c2c(C)cc(C)cc2C)c(C)c1
N,methyl,cyclohexyl,C6,mesityl,mesityl,<LB_N><LB1_methyl><LB2_cyclohexyl><LINKER_C6><LA1_mesityl><LA2_mesityl>,Cc1cc(C)c(B(CCCCCCN(C)C2CCCCC2)c2c(C)cc(C)cc2C)c(C)c1
N,methyl,cyclohexyl,C1,mesityl,pentafluorophenyl,<LB_N><LB1_methyl><LB2_cyclohexyl><LINKER_C1><LA1_mesityl><LA2_pentafluorophenyl>,Cc1cc(C)c(B(CN(C)C2CCCCC2)c2c(F)c(F)c(F)c(F)c2F)c(C)c1
N,methyl,cyclohexyl,C2,mesityl,pentafluorophenyl,<LB_N><LB1_methyl><LB2_cyclohexyl><LINKER_C2><LA1_mesityl><LA2_pentafluorophenyl>,Cc1cc(C)c(B(CCN(C)C2CCCCC2)c2c(F)c(F)c(F)c(F)c2F)c(C)c1
N,methyl,cyclohexyl,C3,mesityl,pentafluorophenyl,<LB_N><LB1_methyl><LB2_cyclohexyl><LINKER_C3><LA1_mesityl><LA2_pentafluorophenyl>,Cc1cc(C)c(B(CCCN(C)C2CCCCC2)c2c(F)c(F)c(F)c(F)c2F)c(C)c1
N,methyl,cyclohexyl,C4,mesityl,pentafluorophenyl,<LB_N><LB1_methyl><LB2_cyclohexyl><LINKER_C4><LA1_mesityl><LA2_pentafluorophenyl>,Cc1cc(C)c(B(CCCCN(C)C2CCCCC2)c2c(F)c(F)c(F)c(F)c2F)c(C)c1
N,methyl,cyclohexyl,C5,mesityl,pentafluorophenyl,<LB_N><LB1_methyl><LB2_cyclohexyl><LINKER_C5><LA1_mesityl><LA2_pentafluorophenyl>,Cc1cc(C)c(B(CCCCCN(C)C2CCCCC2)c2c(F)c(F)c(F)c(F)c2F)c(C)c1
N,methyl,cyclohexyl,C6,mesityl,pentafluorophenyl,<LB_N><LB1_methyl><LB2_cyclohexyl><LINKER_C6><LA1_mesityl><LA2_pentafluorophenyl>,Cc1cc(C)c(B(CCCCCCN(C)C2CCCCC2)c2c(F)c(F)c(F)c(F)c2F)c(C)c1
N,methyl,cyclohexyl,C1,mesityl,pentachlorophenyl,<LB_N><LB1_methyl><LB2_cyclohexyl><LINKER_C1><LA1_mesityl><LA2_pentachlorophenyl>,Cc1cc(C)c(B(CN(C)C2CCCCC2)c2c(Cl)c(Cl)c(Cl)c(Cl)c2Cl)c(C)c1
N,methyl,cyclohexyl,C2,mesityl,pentachlorophenyl,<LB_N><LB1_methyl><LB2_cyclohexyl><LINKER_C2><LA1_mesityl><LA2_pentachlorophenyl>,Cc1cc(C)c(B(CCN(C)C2CCCCC2)c2c(Cl)c(Cl)c(Cl)c(Cl)c2Cl)c(C)c1
N,methyl,cyclohexyl,C3,mesityl,pentachlorophenyl,<LB_N><LB1_methyl><LB2_cyclohexyl><LINKER_C3><LA1_mesityl><LA2_pentachlorophenyl>,Cc1cc(C)c(B(CCCN(C)C2CCCCC2)c2c(Cl)c(Cl)c(Cl)c(Cl)c2Cl)c(C)c1
N,methyl,cyclohexyl,C4,mesityl,pentachlorophenyl,<LB_N><LB1_methyl><LB2_cyclohexyl><LINKER_C4><LA1_mesityl><LA2_pentachlorophenyl>,Cc1cc(C)c(B(CCCCN(C)C2CCCCC2)c2c(Cl)c(Cl)c(Cl)c(Cl)c2Cl)c(C)c1
N,methyl,cyclohexyl,C5,mesityl,pentachlorophenyl,<LB_N><LB1_methyl><LB2_cyclohexyl><LINKER_C5><LA1_mesityl><LA2_pentachlorophenyl>,Cc1cc(C)c(B(CCCCCN(C)C2CCCCC2)c2c(Cl)c(Cl)c(Cl)c(Cl)c2Cl)c(C)c1
N,methyl,cyclohexyl,C6,mesityl,pentachlorophenyl,<LB_N><LB1_methyl><LB2_cyclohexyl><LINKER_C6><LA1_mesityl><LA2_pentachlorophenyl>,Cc1cc(C)c(B(CCCCCCN(C)C2CCCCC2)c2c(Cl)c(Cl)c(Cl)c(Cl)c2Cl)c(C)c1
N,methyl,cyclohexyl,C1,mesityl,bis_cf3_phenyl,<LB_N><LB1_methyl><LB2_cyclohexyl><LINKER_C1><LA1_mesityl><LA2_bis_cf3_phenyl>,Cc1cc(C)c(B(CN(C)C2CCCCC2)c2cc(C(F)(F)F)cc(C(F)(F)F)c2)c(C)c1
N,methyl,cyclohexyl,C2,mesityl,bis_cf3_phenyl,<LB_N><LB1_methyl><LB2_cyclohexyl><LINKER_C2><LA1_mesityl><LA2_bis_cf3_phenyl>,Cc1cc(C)c(B(CCN(C)C2CCCCC2)c2cc(C(F)(F)F)cc(C(F)(F)F)c2)c(C)c1
N,methyl,cyclohexyl,C3,mesityl,bis_cf3_phenyl,<LB_N><LB1_methyl><LB2_cyclohexyl><LINKER_C3><LA1_mesityl><LA2_bis_cf3_phenyl>,Cc1cc(C)c(B(CCCN(C)C2CCCCC2)c2cc(C(F)(F)F)cc(C(F)(F)F)c2)c(C)c1
N,methyl,cyclohexyl,C4,mesityl,bis_cf3_phenyl,<LB_N><LB1_methyl><LB2_cyclohexyl><LINKER_C4><LA1_mesityl><LA2_bis_cf3_phenyl>,Cc1cc(C)c(B(CCCCN(C)C2CCCCC2)c2cc(C(F)(F)F)cc(C(F)(F)F)c2)c(C)c1
N,methyl,cyclohexyl,C5,mesityl,bis_cf3_phenyl,<LB_N><LB1_methyl><LB2_cyclohexyl><LINKER_C5><LA1_mesityl><LA2_bis_cf3_phenyl>,Cc1cc(C)c(B(CCCCCN(C)C2CCCCC2)c2cc(C(F)(F)F)cc(C(F)(F)F)c2)c(C)c1
N,methyl,cyclohexyl,C6,mesityl,bis_cf3_phenyl,<LB_N><LB1_methyl><LB2_cyclohexyl><LINKER_C6><LA1_mesityl><LA2_bis_cf3_phenyl>,Cc1cc(C)c(B(CCCCCCN(C)C2CCCCC2)c2cc(C(F)(F)F)cc(C(F)(F)F)c2)c(C)c1
N,methyl,cyclohexyl,C1,pentafluorophenyl,pentafluorophenyl,<LB_N><LB1_methyl><LB2_cyclohexyl><LINKER_C1><LA1_pentafluorophenyl><LA2_pentafluorophenyl>,CN(CB(c1c(F)c(F)c(F)c(F)c1F)c1c(F)c(F)c(F)c(F)c1F)C1CCCCC1
N,methyl,cyclohexyl,C2,pentafluorophenyl,pentafluorophenyl,<LB_N><LB1_methyl><LB2_cyclohexyl><LINKER_C2><LA1_pentafluorophenyl><LA2_pentafluorophenyl>,CN(CCB(c1c(F)c(F)c(F)c(F)c1F)c1c(F)c(F)c(F)c(F)c1F)C1CCCCC1
N,methyl,cyclohexyl,C3,pentafluorophenyl,pentafluorophenyl,<LB_N><LB1_methyl><LB2_cyclohexyl><LINKER_C3><LA1_pentafluorophenyl><LA2_pentafluorophenyl>,CN(CCCB(c1c(F)c(F)c(F)c(F)c1F)c1c(F)c(F)c(F)c(F)c1F)C1CCCCC1
N,methyl,cyclohexyl,C4,pentafluorophenyl,pentafluorophenyl,<LB_N><LB1_methyl><LB2_cyclohexyl><LINKER_C4><LA1_pentafluorophenyl><LA2_pentafluorophenyl>,CN(CCCCB(c1c(F)c(F)c(F)c(F)c1F)c1c(F)c(F)c(F)c(F)c1F)C1CCCCC1
N,methyl,cyclohexyl,C5,pentafluorophenyl,pentafluorophenyl,<LB_N><LB1_methyl><LB2_cyclohexyl><LINKER_C5><LA1_pentafluorophenyl><LA2_pentafluorophenyl>,CN(CCCCCB(c1c(F)c(F)c(F)c(F)c1F)c1c(F)c(F)c(F)c(F)c1F)C1CCCCC1
N,methyl,cyclohexyl,C6,pentafluorophenyl,pentafluorophenyl,<LB_N><LB1_methyl><LB2_cyclohexyl><LINKER_C6><LA1_pentafluorophenyl><LA2_pentafluorophenyl>,CN(CCCCCCB(c1c(F)c(F)c(F)c(F)c1F)c1c(F)c(F)c(F)c(F)c1F)C1CCCCC1
N,methyl,cyclohexyl,C1,pentafluorophenyl,pentachlorophenyl,<LB_N><LB1_methyl><LB2_cyclohexyl><LINKER_C1><LA1_pentafluorophenyl><LA2_pentachlorophenyl>,CN(CB(c1c(F)c(F)c(F)c(F)c1F)c1c(Cl)c(Cl)c(Cl)c(Cl)c1Cl)C1CCCCC1
N,methyl,cyclohexyl,C2,pentafluorophenyl,pentachlorophenyl,<LB_N><LB1_methyl><LB2_cyclohexyl><LINKER_C2><LA1_pentafluorophenyl><LA2_pentachlorophenyl>,CN(CCB(c1c(F)c(F)c(F)c(F)c1F)c1c(Cl)c(Cl)c(Cl)c(Cl)c1Cl)C1CCCCC1
N,methyl,cyclohexyl,C3,pentafluorophenyl,pentachlorophenyl,<LB_N><LB1_methyl><LB2_cyclohexyl><LINKER_C3><LA1_pentafluorophenyl><LA2_pentachlorophenyl>,CN(CCCB(c1c(F)c(F)c(F)c(F)c1F)c1c(Cl)c(Cl)c(Cl)c(Cl)c1Cl)C1CCCCC1
N,methyl,cyclohexyl,C4,pentafluorophenyl,pentachlorophenyl,<LB_N><LB1_methyl><LB2_cyclohexyl><LINKER_C4><LA1_pentafluorophenyl><LA2_pentachlorophenyl>,CN(CCCCB(c1c(F)c(F)c(F)c(F)c1F)c1c(Cl)c(Cl)c(Cl)c(Cl)c1Cl)C1CCCCC1
N,methyl,cyclohexyl,C5,pentafluorophenyl,pentachlorophenyl,<LB_N><LB1_methyl><LB2_cyclohexyl><LINKER_C5><LA1_pentafluorophenyl><LA2_pentachlorophenyl>,CN(CCCCCB(c1c(F)c(F)c(F)c(F)c1F)c1c(Cl)c(Cl)c(Cl)c(Cl)c1Cl)C1CCCCC1
N,methyl,cyclohexyl,C6,pentafluorophenyl,pentachlorophenyl,<LB_N><LB1_methyl><LB2_cyclohexyl><LINKER_C6><LA1_pentafluorophenyl><LA2_pentachlorophenyl>,CN(CCCCCCB(c1c(F)c(F)c(F)c(F)c1F)c1c(Cl)c(Cl)c(Cl)c(Cl)c1Cl)C1CCCCC1
N,methyl,cyclohexyl,C1,pentafluorophenyl,bis_cf3_phenyl,<LB_N><LB1_methyl><LB2_cyclohexyl><LINKER_C1><LA1_pentafluorophenyl><LA2_bis_cf3_phenyl>,CN(CB(c1cc(C(F)(F)F)cc(C(F)(F)F)c1)c1c(F)c(F)c(F)c(F)c1F)C1CCCCC1
N,methyl,cyclohexyl,C2,pentafluorophenyl,bis_cf3_phenyl,<LB_N><LB1_methyl><LB2_cyclohexyl><LINKER_C2><LA1_pentafluorophenyl><LA2_bis_cf3_phenyl>,CN(CCB(c1cc(C(F)(F)F)cc(C(F)(F)F)c1)c1c(F)c(F)c(F)c(F)c1F)C1CCCCC1
N,methyl,cyclohexyl,C3,pentafluorophenyl,bis_cf3_phenyl,<LB_N><LB1_methyl><LB2_cyclohexyl><LINKER_C3><LA1_pentafluorophenyl><LA2_bis_cf3_phenyl>,CN(CCCB(c1cc(C(F)(F)F)cc(C(F)(F)F)c1)c1c(F)c(F)c(F)c(F)c1F)C1CCCCC1
N,methyl,cyclohexyl,C4,pentafluorophenyl,bis_cf3_phenyl,<LB_N><LB1_methyl><LB2_cyclohexyl><LINKER_C4><LA1_pentafluorophenyl><LA2_bis_cf3_phenyl>,CN(CCCCB(c1cc(C(F)(F)F)cc(C(F)(F)F)c1)c1c(F)c(F)c(F)c(F)c1F)C1CCCCC1
N,methyl,cyclohexyl,C5,pentafluorophenyl,bis_cf3_phenyl,<LB_N><LB1_methyl><LB2_cyclohexyl><LINKER_C5><LA1_pentafluorophenyl><LA2_bis_cf3_phenyl>,CN(CCCCCB(c1cc(C(F)(F)F)cc(C(F)(F)F)c1)c1c(F)c(F)c(F)c(F)c1F)C1CCCCC1
N,methyl,cyclohexyl,C6,pentafluorophenyl,bis_cf3_phenyl,<LB_N><LB1_methyl><LB2_cyclohexyl><LINKER_C6><LA1_pentafluorophenyl><LA2_bis_cf3_phenyl>,CN(CCCCCCB(c1cc(C(F)(F)F)cc(C(F)(F)F)c1)c1c(F)c(F)c(F)c(F)c1F)C1CCCCC1
N,methyl,cyclohexyl,C1,pentachlorophenyl,pentachlorophenyl,<LB_N><LB1_methyl><LB2_cyclohexyl><LINKER_C1><LA1_pentachlorophenyl><LA2_pentachlorophenyl>,CN(CB(c1c(Cl)c(Cl)c(Cl)c(Cl)c1Cl)c1c(Cl)c(Cl)c(Cl)c(Cl)c1Cl)C1CCCCC1
N,methyl,cyclohexyl,C2,pentachlorophenyl,pentachlorophenyl,<LB_N><LB1_methyl><LB2_cyclohexyl><LINKER_C2><LA1_pentachlorophenyl><LA2_pentachlorophenyl>,CN(CCB(c1c(Cl)c(Cl)c(Cl)c(Cl)c1Cl)c1c(Cl)c(Cl)c(Cl)c(Cl)c1Cl)C1CCCCC1
N,methyl,cyclohexyl,C3,pentachlorophenyl,pentachlorophenyl,<LB_N><LB1_methyl><LB2_cyclohexyl><LINKER_C3><LA1_pentachlorophenyl><LA2_pentachlorophenyl>,CN(CCCB(c1c(Cl)c(Cl)c(Cl)c(Cl)c1Cl)c1c(Cl)c(Cl)c(Cl)c(Cl)c1Cl)C1CCCCC1
N,methyl,cyclohexyl,C4,pentachlorophenyl,pentachlorophenyl,<LB_N><LB1_methyl><LB2_cyclohexyl><LINKER_C4><LA1_pentachlorophenyl><LA2_pentachlorophenyl>,CN(CCCCB(c1c(Cl)c(Cl)c(Cl)c(Cl)c1Cl)c1c(Cl)c(Cl)c(Cl)c(Cl)c1Cl)C1CCCCC1
N,methyl,cyclohexyl,C5,pentachlorophenyl,pentachlorophenyl,<LB_N><LB1_methyl><LB2_cyclohexyl><LINKER_C5><LA1_pentachlorophenyl><LA2_pentachlorophenyl>,CN(CCCCCB(c1c(Cl)c(Cl)c(Cl)c(Cl)c1Cl)c1c(Cl)c(Cl)c(Cl)c(Cl)c1Cl)C1CCCCC1
N,methyl,cyclohexyl,C6,pentachlorophenyl,pentachlorophenyl,<LB_N><LB1_methyl><LB2_cyclohexyl><LINKER_C6><LA1_pentachlorophenyl><LA2_pentachlorophenyl>,CN(CCCCCCB(c1c(Cl)c(Cl)c(Cl)c(Cl)c1Cl)c1c(Cl)c(Cl)c(Cl)c(Cl)c1Cl)C1CCCCC1
N,methyl,cyclohexyl,C1,pentachlorophenyl,bis_cf3_phenyl,<LB_N><LB1_methyl><LB2_cyclohexyl><LINKER_C1><LA1_pentachlorophenyl><LA2_bis_cf3_phenyl>,CN(CB(c1cc(C(F)(F)F)cc(C(F)(F)F)c1)c1c(Cl)c(Cl)c(Cl)c(Cl)c1Cl)C1CCCCC1
N,methyl,cyclohexyl,C2,pentachlorophenyl,bis_cf3_phenyl,<LB_N><LB1_methyl><LB2_cyclohexyl><LINKER_C2><LA1_pentachlorophenyl><LA2_bis_cf3_phenyl>,CN(CCB(c1cc(C(F)(F)F)cc(C(F)(F)F)c1)c1c(Cl)c(Cl)c(Cl)c(Cl)c1Cl)C1CCCCC1
N,methyl,cyclohexyl,C3,pentachlorophenyl,bis_cf3_phenyl,<LB_N><LB1_methyl><LB2_cyclohexyl><LINKER_C3><LA1_pentachlorophenyl><LA2_bis_cf3_phenyl>,CN(CCCB(c1cc(C(F)(F)F)cc(C(F)(F)F)c1)c1c(Cl)c(Cl)c(Cl)c(Cl)c1Cl)C1CCCCC1
N,methyl,cyclohexyl,C4,pentachlorophenyl,bis_cf3_phenyl,<LB_N><LB1_methyl><LB2_cyclohexyl><LINKER_C4><LA1_pentachlorophenyl><LA2_bis_cf3_phenyl>,CN(CCCCB(c1cc(C(F)(F)F)cc(C(F)(F)F)c1)c1c(Cl)c(Cl)c(Cl)c(Cl)c1Cl)C1CCCCC1
N,methyl,cyclohexyl,C5,pentachlorophenyl,bis_cf3_phenyl,<LB_N><LB1_methyl><LB2_cyclohexyl><LINKER_C5><LA1_pentachlorophenyl><LA2_bis_cf3_phenyl>,CN(CCCCCB(c1cc(C(F)(F)F)cc(C(F)(F)F)c1)c1c(Cl)c(Cl)c(Cl)c(Cl)c1Cl)C1CCCCC1
N,methyl,cyclohexyl,C6,pentachlorophenyl,bis_cf3_phenyl,<LB_N><LB1_methyl><LB2_cyclohexyl><LINKER_C6><LA1_pentachlorophenyl><LA2_bis_cf3_phenyl>,CN(CCCCCCB(c1cc(C(F)(F)F)cc(C(F)(F)F)c1)c1c(Cl)c(Cl)c(Cl)c(Cl)c1Cl)C1CCCCC1
N,methyl,cyclohexyl,C1,bis_cf3_phenyl,bis_cf3_phenyl,<LB_N><LB1_methyl><LB2_cyclohexyl><LINKER_C1><LA1_bis_cf3_phenyl><LA2_bis_cf3_phenyl>,CN(CB(c1cc(C(F)(F)F)cc(C(F)(F)F)c1)c1cc(C(F)(F)F)cc(C(F)(F)F)c1)C1CCCCC1
N,methyl,cyclohexyl,C2,bis_cf3_phenyl,bis_cf3_phenyl,<LB_N><LB1_methyl><LB2_cyclohexyl><LINKER_C2><LA1_bis_cf3_phenyl><LA2_bis_cf3_phenyl>,CN(CCB(c1cc(C(F)(F)F)cc(C(F)(F)F)c1)c1cc(C(F)(F)F)cc(C(F)(F)F)c1)C1CCCCC1
N,methyl,cyclohexyl,C3,bis_cf3_phenyl,bis_cf3_phenyl,<LB_N><LB1_methyl><LB2_cyclohexyl><LINKER_C3><LA1_bis_cf3_phenyl><LA2_bis_cf3_phenyl>,CN(CCCB(c1cc(C(F)(F)F)cc(C(F)(F)F)c1)c1cc(C(F)(F)F)cc(C(F)(F)F)c1)C1CCCCC1
N,methyl,cyclohexyl,C4,bis_cf3_phenyl,bis_cf3_phenyl,<LB_N><LB1_methyl><LB2_cyclohexyl><LINKER_C4><LA1_bis_cf3_phenyl><LA2_bis_cf3_phenyl>,CN(CCCCB(c1cc(C(F)(F)F)cc(C(F)(F)F)c1)c1cc(C(F)(F)F)cc(C(F)(F)F)c1)C1CCCCC1
N,methyl,cyclohexyl,C5,bis_cf3_phenyl,bis_cf3_phenyl,<LB_N><LB1_methyl><LB2_cyclohexyl><LINKER_C5><LA1_bis_cf3_phenyl><LA2_bis_cf3_phenyl>,CN(CCCCCB(c1cc(C(F)(F)F)cc(C(F)(F)F)c1)c1cc(C(F)(F)F)cc(C(F)(F)F)c1)C1CCCCC1
N,methyl,cyclohexyl,C6,bis_cf3_phenyl,bis_cf3_phenyl,<LB_N><LB1_methyl><LB2_cyclohexyl><LINKER_C6><LA1_bis_cf3_phenyl><LA2_bis_cf3_phenyl>,CN(CCCCCCB(c1cc(C(F)(F)F)cc(C(F)(F)F)c1)c1cc(C(F)(F)F)cc(C(F)(F)F)c1)C1CCCCC1
N,methyl,phenyl,C1,phenyl,phenyl,<LB_N><LB1_methyl><LB2_phenyl><LINKER_C1><LA1_phenyl><LA2_phenyl>,CN(CB(c1ccccc1)c1ccccc1)c1ccccc1
N,methyl,phenyl,C2,phenyl,phenyl,<LB_N><LB1_methyl><LB2_phenyl><LINKER_C2><LA1_phenyl><LA2_phenyl>,CN(CCB(c1ccccc1)c1ccccc1)c1ccccc1
N,methyl,phenyl,C3,phenyl,phenyl,<LB_N><LB1_methyl><LB2_phenyl><LINKER_C3><LA1_phenyl><LA2_phenyl>,CN(CCCB(c1ccccc1)c1ccccc1)c1ccccc1
N,methyl,phenyl,C4,phenyl,phenyl,<LB_N><LB1_methyl><LB2_phenyl><LINKER_C4><LA1_phenyl><LA2_phenyl>,CN(CCCCB(c1ccccc1)c1ccccc1)c1ccccc1
N,methyl,phenyl,C5,phenyl,phenyl,<LB_N><LB1_methyl><LB2_phenyl><LINKER_C5><LA1_phenyl><LA2_phenyl>,CN(CCCCCB(c1ccccc1)c1ccccc1)c1ccccc1
N,methyl,phenyl,C6,phenyl,phenyl,<LB_N><LB1_methyl><LB2_phenyl><LINKER_C6><LA1_phenyl><LA2_phenyl>,CN(CCCCCCB(c1ccccc1)c1ccccc1)c1ccccc1
N,methyl,phenyl,C1,phenyl,p_tolyl,<LB_N><LB1_methyl><LB2_phenyl><LINKER_C1><LA1_phenyl><LA2_p_tolyl>,Cc1ccc(B(CN(C)c2ccccc2)c2ccccc2)cc1
N,methyl,phenyl,C2,phenyl,p_tolyl,<LB_N><LB1_methyl><LB2_phenyl><LINKER_C2><LA1_phenyl><LA2_p_tolyl>,Cc1ccc(B(CCN(C)c2ccccc2)c2ccccc2)cc1
N,methyl,phenyl,C3,phenyl,p_tolyl,<LB_N><LB1_methyl><LB2_phenyl><LINKER_C3><LA1_phenyl><LA2_p_tolyl>,Cc1ccc(B(CCCN(C)c2ccccc2)c2ccccc2)cc1
N,methyl,phenyl,C4,phenyl,p_tolyl,<LB_N><LB1_methyl><LB2_phenyl><LINKER_C4><LA1_phenyl><LA2_p_tolyl>,Cc1ccc(B(CCCCN(C)c2ccccc2)c2ccccc2)cc1
N,methyl,phenyl,C5,phenyl,p_tolyl,<LB_N><LB1_methyl><LB2_phenyl><LINKER_C5><LA1_phenyl><LA2_p_tolyl>,Cc1ccc(B(CCCCCN(C)c2ccccc2)c2ccccc2)cc1
N,methyl,phenyl,C6,phenyl,p_tolyl,<LB_N><LB1_methyl><LB2_phenyl><LINKER_C6><LA1_phenyl><LA2_p_tolyl>,Cc1ccc(B(CCCCCCN(C)c2ccccc2)c2ccccc2)cc1
N,methyl,phenyl,C1,phenyl,mesityl,<LB_N><LB1_methyl><LB2_phenyl><LINKER_C1><LA1_phenyl><LA2_mesityl>,Cc1cc(C)c(B(CN(C)c2ccccc2)c2ccccc2)c(C)c1
N,methyl,phenyl,C2,phenyl,mesityl,<LB_N><LB1_methyl><LB2_phenyl><LINKER_C2><LA1_phenyl><LA2_mesityl>,Cc1cc(C)c(B(CCN(C)c2ccccc2)c2ccccc2)c(C)c1
N,methyl,phenyl,C3,phenyl,mesityl,<LB_N><LB1_methyl><LB2_phenyl><LINKER_C3><LA1_phenyl><LA2_mesityl>,Cc1cc(C)c(B(CCCN(C)c2ccccc2)c2ccccc2)c(C)c1
N,methyl,phenyl,C4,phenyl,mesityl,<LB_N><LB1_methyl><LB2_phenyl><LINKER_C4><LA1_phenyl><LA2_mesityl>,Cc1cc(C)c(B(CCCCN(C)c2ccccc2)c2ccccc2)c(C)c1
N,methyl,phenyl,C5,phenyl,mesityl,<LB_N><LB1_methyl><LB2_phenyl><LINKER_C5><LA1_phenyl><LA2_mesityl>,Cc1cc(C)c(B(CCCCCN(C)c2ccccc2)c2ccccc2)c(C)c1
N,methyl,phenyl,C6,phenyl,mesityl,<LB_N><LB1_methyl><LB2_phenyl><LINKER_C6><LA1_phenyl><LA2_mesityl>,Cc1cc(C)c(B(CCCCCCN(C)c2ccccc2)c2ccccc2)c(C)c1
N,methyl,phenyl,C1,phenyl,pentafluorophenyl,<LB_N><LB1_methyl><LB2_phenyl><LINKER_C1><LA1_phenyl><LA2_pentafluorophenyl>,CN(CB(c1ccccc1)c1c(F)c(F)c(F)c(F)c1F)c1ccccc1
N,methyl,phenyl,C2,phenyl,pentafluorophenyl,<LB_N><LB1_methyl><LB2_phenyl><LINKER_C2><LA1_phenyl><LA2_pentafluorophenyl>,CN(CCB(c1ccccc1)c1c(F)c(F)c(F)c(F)c1F)c1ccccc1
N,methyl,phenyl,C3,phenyl,pentafluorophenyl,<LB_N><LB1_methyl><LB2_phenyl><LINKER_C3><LA1_phenyl><LA2_pentafluorophenyl>,CN(CCCB(c1ccccc1)c1c(F)c(F)c(F)c(F)c1F)c1ccccc1
N,methyl,phenyl,C4,phenyl,pentafluorophenyl,<LB_N><LB1_methyl><LB2_phenyl><LINKER_C4><LA1_phenyl><LA2_pentafluorophenyl>,CN(CCCCB(c1ccccc1)c1c(F)c(F)c(F)c(F)c1F)c1ccccc1
N,methyl,phenyl,C5,phenyl,pentafluorophenyl,<LB_N><LB1_methyl><LB2_phenyl><LINKER_C5><LA1_phenyl><LA2_pentafluorophenyl>,CN(CCCCCB(c1ccccc1)c1c(F)c(F)c(F)c(F)c1F)c1ccccc1
N,methyl,phenyl,C6,phenyl,pentafluorophenyl,<LB_N><LB1_methyl><LB2_phenyl><LINKER_C6><LA1_phenyl><LA2_pentafluorophenyl>,CN(CCCCCCB(c1ccccc1)c1c(F)c(F)c(F)c(F)c1F)c1ccccc1
N,methyl,phenyl,C1,phenyl,pentachlorophenyl,<LB_N><LB1_methyl><LB2_phenyl><LINKER_C1><LA1_phenyl><LA2_pentachlorophenyl>,CN(CB(c1ccccc1)c1c(Cl)c(Cl)c(Cl)c(Cl)c1Cl)c1ccccc1
N,methyl,phenyl,C2,phenyl,pentachlorophenyl,<LB_N><LB1_methyl><LB2_phenyl><LINKER_C2><LA1_phenyl><LA2_pentachlorophenyl>,CN(CCB(c1ccccc1)c1c(Cl)c(Cl)c(Cl)c(Cl)c1Cl)c1ccccc1
N,methyl,phenyl,C3,phenyl,pentachlorophenyl,<LB_N><LB1_methyl><LB2_phenyl><LINKER_C3><LA1_phenyl><LA2_pentachlorophenyl>,CN(CCCB(c1ccccc1)c1c(Cl)c(Cl)c(Cl)c(Cl)c1Cl)c1ccccc1
N,methyl,phenyl,C4,phenyl,pentachlorophenyl,<LB_N><LB1_methyl><LB2_phenyl><LINKER_C4><LA1_phenyl><LA2_pentachlorophenyl>,CN(CCCCB(c1ccccc1)c1c(Cl)c(Cl)c(Cl)c(Cl)c1Cl)c1ccccc1
N,methyl,phenyl,C5,phenyl,pentachlorophenyl,<LB_N><LB1_methyl><LB2_phenyl><LINKER_C5><LA1_phenyl><LA2_pentachlorophenyl>,CN(CCCCCB(c1ccccc1)c1c(Cl)c(Cl)c(Cl)c(Cl)c1Cl)c1ccccc1
N,methyl,phenyl,C6,phenyl,pentachlorophenyl,<LB_N><LB1_methyl><LB2_phenyl><LINKER_C6><LA1_phenyl><LA2_pentachlorophenyl>,CN(CCCCCCB(c1ccccc1)c1c(Cl)c(Cl)c(Cl)c(Cl)c1Cl)c1ccccc1
N,methyl,phenyl,C1,phenyl,bis_cf3_phenyl,<LB_N><LB1_methyl><LB2_phenyl><LINKER_C1><LA1_phenyl><LA2_bis_cf3_phenyl>,CN(CB(c1ccccc1)c1cc(C(F)(F)F)cc(C(F)(F)F)c1)c1ccccc1
N,methyl,phenyl,C2,phenyl,bis_cf3_phenyl,<LB_N><LB1_methyl><LB2_phenyl><LINKER_C2><LA1_phenyl><LA2_bis_cf3_phenyl>,CN(CCB(c1ccccc1)c1cc(C(F)(F)F)cc(C(F)(F)F)c1)c1ccccc1
N,methyl,phenyl,C3,phenyl,bis_cf3_phenyl,<LB_N><LB1_methyl><LB2_phenyl><LINKER_C3><LA1_phenyl><LA2_bis_cf3_phenyl>,CN(CCCB(c1ccccc1)c1cc(C(F)(F)F)cc(C(F)(F)F)c1)c1ccccc1
N,methyl,phenyl,C4,phenyl,bis_cf3_phenyl,<LB_N><LB1_methyl><LB2_phenyl><LINKER_C4><LA1_phenyl><LA2_bis_cf3_phenyl>,CN(CCCCB(c1ccccc1)c1cc(C(F)(F)F)cc(C(F)(F)F)c1)c1ccccc1
N,methyl,phenyl,C5,phenyl,bis_cf3_phenyl,<LB_N><LB1_methyl><LB2_phenyl><LINKER_C5><LA1_phenyl><LA2_bis_cf3_phenyl>,CN(CCCCCB(c1ccccc1)c1cc(C(F)(F)F)cc(C(F)(F)F)c1)c1ccccc1
N,methyl,phenyl,C6,phenyl,bis_cf3_phenyl,<LB_N><LB1_methyl><LB2_phenyl><LINKER_C6><LA1_phenyl><LA2_bis_cf3_phenyl>,CN(CCCCCCB(c1ccccc1)c1cc(C(F)(F)F)cc(C(F)(F)F)c1)c1ccccc1
N,methyl,phenyl,C1,p_tolyl,p_tolyl,<LB_N><LB1_methyl><LB2_phenyl><LINKER_C1><LA1_p_tolyl><LA2_p_tolyl>,Cc1ccc(B(CN(C)c2ccccc2)c2ccc(C)cc2)cc1
N,methyl,phenyl,C2,p_tolyl,p_tolyl,<LB_N><LB1_methyl><LB2_phenyl><LINKER_C2><LA1_p_tolyl><LA2_p_tolyl>,Cc1ccc(B(CCN(C)c2ccccc2)c2ccc(C)cc2)cc1
N,methyl,phenyl,C3,p_tolyl,p_tolyl,<LB_N><LB1_methyl><LB2_phenyl><LINKER_C3><LA1_p_tolyl><LA2_p_tolyl>,Cc1ccc(B(CCCN(C)c2ccccc2)c2ccc(C)cc2)cc1
N,methyl,phenyl,C4,p_tolyl,p_tolyl,<LB_N><LB1_methyl><LB2_phenyl><LINKER_C4><LA1_p_tolyl><LA2_p_tolyl>,Cc1ccc(B(CCCCN(C)c2ccccc2)c2ccc(C)cc2)cc1
N,methyl,phenyl,C5,p_tolyl,p_tolyl,<LB_N><LB1_methyl><LB2_phenyl><LINKER_C5><LA1_p_tolyl><LA2_p_tolyl>,Cc1ccc(B(CCCCCN(C)c2ccccc2)c2ccc(C)cc2)cc1
N,methyl,phenyl,C6,p_tolyl,p_tolyl,<LB_N><LB1_methyl><LB2_phenyl><LINKER_C6><LA1_p_tolyl><LA2_p_tolyl>,Cc1ccc(B(CCCCCCN(C)c2ccccc2)c2ccc(C)cc2)cc1
N,methyl,phenyl,C1,p_tolyl,mesityl,<LB_N><LB1_methyl><LB2_phenyl><LINKER_C1><LA1_p_tolyl><LA2_mesityl>,Cc1ccc(B(CN(C)c2ccccc2)c2c(C)cc(C)cc2C)cc1
N,methyl,phenyl,C2,p_tolyl,mesityl,<LB_N><LB1_methyl><LB2_phenyl><LINKER_C2><LA1_p_tolyl><LA2_mesityl>,Cc1ccc(B(CCN(C)c2ccccc2)c2c(C)cc(C)cc2C)cc1
N,methyl,phenyl,C3,p_tolyl,mesityl,<LB_N><LB1_methyl><LB2_phenyl><LINKER_C3><LA1_p_tolyl><LA2_mesityl>,Cc1ccc(B(CCCN(C)c2ccccc2)c2c(C)cc(C)cc2C)cc1
N,methyl,phenyl,C4,p_tolyl,mesityl,<LB_N><LB1_methyl><LB2_phenyl><LINKER_C4><LA1_p_tolyl><LA2_mesityl>,Cc1ccc(B(CCCCN(C)c2ccccc2)c2c(C)cc(C)cc2C)cc1
N,methyl,phenyl,C5,p_tolyl,mesityl,<LB_N><LB1_methyl><LB2_phenyl><LINKER_C5><LA1_p_tolyl><LA2_mesityl>,Cc1ccc(B(CCCCCN(C)c2ccccc2)c2c(C)cc(C)cc2C)cc1
N,methyl,phenyl,C6,p_tolyl,mesityl,<LB_N><LB1_methyl><LB2_phenyl><LINKER_C6><LA1_p_tolyl><LA2_mesityl>,Cc1ccc(B(CCCCCCN(C)c2ccccc2)c2c(C)cc(C)cc2C)cc1
N,methyl,phenyl,C1,p_tolyl,pentafluorophenyl,<LB_N><LB1_methyl><LB2_phenyl><LINKER_C1><LA1_p_tolyl><LA2_pentafluorophenyl>,Cc1ccc(B(CN(C)c2ccccc2)c2c(F)c(F)c(F)c(F)c2F)cc1
N,methyl,phenyl,C2,p_tolyl,pentafluorophenyl,<LB_N><LB1_methyl><LB2_phenyl><LINKER_C2><LA1_p_tolyl><LA2_pentafluorophenyl>,Cc1ccc(B(CCN(C)c2ccccc2)c2c(F)c(F)c(F)c(F)c2F)cc1
N,methyl,phenyl,C3,p_tolyl,pentafluorophenyl,<LB_N><LB1_methyl><LB2_phenyl><LINKER_C3><LA1_p_tolyl><LA2_pentafluorophenyl>,Cc1ccc(B(CCCN(C)c2ccccc2)c2c(F)c(F)c(F)c(F)c2F)cc1
N,methyl,phenyl,C4,p_tolyl,pentafluorophenyl,<LB_N><LB1_methyl><LB2_phenyl><LINKER_C4><LA1_p_tolyl><LA2_pentafluorophenyl>,Cc1ccc(B(CCCCN(C)c2ccccc2)c2c(F)c(F)c(F)c(F)c2F)cc1
N,methyl,phenyl,C5,p_tolyl,pentafluorophenyl,<LB_N><LB1_methyl><LB2_phenyl><LINKER_C5><LA1_p_tolyl><LA2_pentafluorophenyl>,Cc1ccc(B(CCCCCN(C)c2ccccc2)c2c(F)c(F)c(F)c(F)c2F)cc1
N,methyl,phenyl,C6,p_tolyl,pentafluorophenyl,<LB_N><LB1_methyl><LB2_phenyl><LINKER_C6><LA1_p_tolyl><LA2_pentafluorophenyl>,Cc1ccc(B(CCCCCCN(C)c2ccccc2)c2c(F)c(F)c(F)c(F)c2F)cc1
N,methyl,phenyl,C1,p_tolyl,pentachlorophenyl,<LB_N><LB1_methyl><LB2_phenyl><LINKER_C1><LA1_p_tolyl><LA2_pentachlorophenyl>,Cc1ccc(B(CN(C)c2ccccc2)c2c(Cl)c(Cl)c(Cl)c(Cl)c2Cl)cc1
N,methyl,phenyl,C2,p_tolyl,pentachlorophenyl,<LB_N><LB1_methyl><LB2_phenyl><LINKER_C2><LA1_p_tolyl><LA2_pentachlorophenyl>,Cc1ccc(B(CCN(C)c2ccccc2)c2c(Cl)c(Cl)c(Cl)c(Cl)c2Cl)cc1
N,methyl,phenyl,C3,p_tolyl,pentachlorophenyl,<LB_N><LB1_methyl><LB2_phenyl><LINKER_C3><LA1_p_tolyl><LA2_pentachlorophenyl>,Cc1ccc(B(CCCN(C)c2ccccc2)c2c(Cl)c(Cl)c(Cl)c(Cl)c2Cl)cc1
N,methyl,phenyl,C4,p_tolyl,pentachlorophenyl,<LB_N><LB1_methyl><LB2_phenyl><LINKER_C4><LA1_p_tolyl><LA2_pentachlorophenyl>,Cc1ccc(B(CCCCN(C)c2ccccc2)c2c(Cl)c(Cl)c(Cl)c(Cl)c2Cl)cc1
N,methyl,phenyl,C5,p_tolyl,pentachlorophenyl,<LB_N><LB1_methyl><LB2_phenyl><LINKER_C5><LA1_p_tolyl><LA2_pentachlorophenyl>,Cc1ccc(B(CCCCCN(C)c2ccccc2)c2c(Cl)c(Cl)c(Cl)c(Cl)c2Cl)cc1
N,methyl,phenyl,C6,p_tolyl,pentachlorophenyl,<LB_N><LB1_methyl><LB2_phenyl><LINKER_C6><LA1_p_tolyl><LA2_pentachlorophenyl>,Cc1ccc(B(CCCCCCN(C)c2ccccc2)c2c(Cl)c(Cl)c(Cl)c(Cl)c2Cl)cc1
N,methyl,phenyl,C1,p_tolyl,bis_cf3_phenyl,<LB_N><LB1_methyl><LB2_phenyl><LINKER_C1><LA1_p_tolyl><LA2_bis_cf3_phenyl>,Cc1ccc(B(CN(C)c2ccccc2)c2cc(C(F)(F)F)cc(C(F)(F)F)c2)cc1
N,methyl,phenyl,C2,p_tolyl,bis_cf3_phenyl,<LB_N><LB1_methyl><LB2_phenyl><LINKER_C2><LA1_p_tolyl><LA2_bis_cf3_phenyl>,Cc1ccc(B(CCN(C)c2ccccc2)c2cc(C(F)(F)F)cc(C(F)(F)F)c2)cc1
N,methyl,phenyl,C3,p_tolyl,bis_cf3_phenyl,<LB_N><LB1_methyl><LB2_phenyl><LINKER_C3><LA1_p_tolyl><LA2_bis_cf3_phenyl>,Cc1ccc(B(CCCN(C)c2ccccc2)c2cc(C(F)(F)F)cc(C(F)(F)F)c2)cc1
N,methyl,phenyl,C4,p_tolyl,bis_cf3_phenyl,<LB_N><LB1_methyl><LB2_phenyl><LINKER_C4><LA1_p_tolyl><LA2_bis_cf3_phenyl>,Cc1ccc(B(CCCCN(C)c2ccccc2)c2cc(C(F)(F)F)cc(C(F)(F)F)c2)cc1
N,methyl,phenyl,C5,p_tolyl,bis_cf3_phenyl,<LB_N><LB1_methyl><LB2_phenyl><LINKER_C5><LA1_p_tolyl><LA2_bis_cf3_phenyl>,Cc1ccc(B(CCCCCN(C)c2ccccc2)c2cc(C(F)(F)F)cc(C(F)(F)F)c2)cc1
N,methyl,phenyl,C6,p_tolyl,bis_cf3_phenyl,<LB_N><LB1_methyl><LB2_phenyl><LINKER_C6><LA1_p_tolyl><LA2_bis_cf3_phenyl>,Cc1ccc(B(CCCCCCN(C)c2ccccc2)c2cc(C(F)(F)F)cc(C(F)(F)F)c2)cc1
N,methyl,phenyl,C1,mesityl,mesityl,<LB_N><LB1_methyl><LB2_phenyl><LINKER_C1><LA1_mesityl><LA2_mesityl>,Cc1cc(C)c(B(CN(C)c2ccccc2)c2c(C)cc(C)cc2C)c(C)c1
N,methyl,phenyl,C2,mesityl,mesityl,<LB_N><LB1_methyl><LB2_phenyl><LINKER_C2><LA1_mesityl><LA2_mesityl>,Cc1cc(C)c(B(CCN(C)c2ccccc2)c2c(C)cc(C)cc2C)c(C)c1
N,methyl,phenyl,C3,mesityl,mesityl,<LB_N><LB1_methyl><LB2_phenyl><LINKER_C3><LA1_mesityl><LA2_mesityl>,Cc1cc(C)c(B(CCCN(C)c2ccccc2)c2c(C)cc(C)cc2C)c(C)c1
N,methyl,phenyl,C4,mesityl,mesityl,<LB_N><LB1_methyl><LB2_phenyl><LINKER_C4><LA1_mesityl><LA2_mesityl>,Cc1cc(C)c(B(CCCCN(C)c2ccccc2)c2c(C)cc(C)cc2C)c(C)c1
N,methyl,phenyl,C5,mesityl,mesityl,<LB_N><LB1_methyl><LB2_phenyl><LINKER_C5><LA1_mesityl><LA2_mesityl>,Cc1cc(C)c(B(CCCCCN(C)c2ccccc2)c2c(C)cc(C)cc2C)c(C)c1
N,methyl,phenyl,C6,mesityl,mesityl,<LB_N><LB1_methyl><LB2_phenyl><LINKER_C6><LA1_mesityl><LA2_mesityl>,Cc1cc(C)c(B(CCCCCCN(C)c2ccccc2)c2c(C)cc(C)cc2C)c(C)c1
N,methyl,phenyl,C1,mesityl,pentafluorophenyl,<LB_N><LB1_methyl><LB2_phenyl><LINKER_C1><LA1_mesityl><LA2_pentafluorophenyl>,Cc1cc(C)c(B(CN(C)c2ccccc2)c2c(F)c(F)c(F)c(F)c2F)c(C)c1
N,methyl,phenyl,C2,mesityl,pentafluorophenyl,<LB_N><LB1_methyl><LB2_phenyl><LINKER_C2><LA1_mesityl><LA2_pentafluorophenyl>,Cc1cc(C)c(B(CCN(C)c2ccccc2)c2c(F)c(F)c(F)c(F)c2F)c(C)c1
N,methyl,phenyl,C3,mesityl,pentafluorophenyl,<LB_N><LB1_methyl><LB2_phenyl><LINKER_C3><LA1_mesityl><LA2_pentafluorophenyl>,Cc1cc(C)c(B(CCCN(C)c2ccccc2)c2c(F)c(F)c(F)c(F)c2F)c(C)c1
N,methyl,phenyl,C4,mesityl,pentafluorophenyl,<LB_N><LB1_methyl><LB2_phenyl><LINKER_C4><LA1_mesityl><LA2_pentafluorophenyl>,Cc1cc(C)c(B(CCCCN(C)c2ccccc2)c2c(F)c(F)c(F)c(F)c2F)c(C)c1
N,methyl,phenyl,C5,mesityl,pentafluorophenyl,<LB_N><LB1_methyl><LB2_phenyl><LINKER_C5><LA1_mesityl><LA2_pentafluorophenyl>,Cc1cc(C)c(B(CCCCCN(C)c2ccccc2)c2c(F)c(F)c(F)c(F)c2F)c(C)c1
N,methyl,phenyl,C6,mesityl,pentafluorophenyl,<LB_N><LB1_methyl><LB2_phenyl><LINKER_C6><LA1_mesityl><LA2_pentafluorophenyl>,Cc1cc(C)c(B(CCCCCCN(C)c2ccccc2)c2c(F)c(F)c(F)c(F)c2F)c(C)c1
N,methyl,phenyl,C1,mesityl,pentachlorophenyl,<LB_N><LB1_methyl><LB2_phenyl><LINKER_C1><LA1_mesityl><LA2_pentachlorophenyl>,Cc1cc(C)c(B(CN(C)c2ccccc2)c2c(Cl)c(Cl)c(Cl)c(Cl)c2Cl)c(C)c1
N,methyl,phenyl,C2,mesityl,pentachlorophenyl,<LB_N><LB1_methyl><LB2_phenyl><LINKER_C2><LA1_mesityl><LA2_pentachlorophenyl>,Cc1cc(C)c(B(CCN(C)c2ccccc2)c2c(Cl)c(Cl)c(Cl)c(Cl)c2Cl)c(C)c1
N,methyl,phenyl,C3,mesityl,pentachlorophenyl,<LB_N><LB1_methyl><LB2_phenyl><LINKER_C3><LA1_mesityl><LA2_pentachlorophenyl>,Cc1cc(C)c(B(CCCN(C)c2ccccc2)c2c(Cl)c(Cl)c(Cl)c(Cl)c2Cl)c(C)c1
N,methyl,phenyl,C4,mesityl,pentachlorophenyl,<LB_N><LB1_methyl><LB2_phenyl><LINKER_C4><LA1_mesityl><LA2_pentachlorophenyl>,Cc1cc(C)c(B(CCCCN(C)c2ccccc2)c2c(Cl)c(Cl)c(Cl)c(Cl)c2Cl)c(C)c1
N,methyl,phenyl,C5,mesityl,pentachlorophenyl,<LB_N><LB1_methyl><LB2_phenyl><LINKER_C5><LA1_mesityl><LA2_pentachlorophenyl>,Cc1cc(C)c(B(CCCCCN(C)c2ccccc2)c2c(Cl)c(Cl)c(Cl)c(Cl)c2Cl)c(C)c1
N,methyl,phenyl,C6,mesityl,pentachlorophenyl,<LB_N><LB1_methyl><LB2_phenyl><LINKER_C6><LA1_mesityl><LA2_pentachlorophenyl>,Cc1cc(C)c(B(CCCCCCN(C)c2ccccc2)c2c(Cl)c(Cl)c(Cl)c(Cl)c2Cl)c(C)c1
N,methyl,phenyl,C1,mesityl,bis_cf3_phenyl,<LB_N><LB1_methyl><LB2_phenyl><LINKER_C1><LA1_mesityl><LA2_bis_cf3_phenyl>,Cc1cc(C)c(B(CN(C)c2ccccc2)c2cc(C(F)(F)F)cc(C(F)(F)F)c2)c(C)c1
N,methyl,phenyl,C2,mesityl,bis_cf3_phenyl,<LB_N><LB1_methyl><LB2_phenyl><LINKER_C2><LA1_mesityl><LA2_bis_cf3_phenyl>,Cc1cc(C)c(B(CCN(C)c2ccccc2)c2cc(C(F)(F)F)cc(C(F)(F)F)c2)c(C)c1
N,methyl,phenyl,C3,mesityl,bis_cf3_phenyl,<LB_N><LB1_methyl><LB2_phenyl><LINKER_C3><LA1_mesityl><LA2_bis_cf3_phenyl>,Cc1cc(C)c(B(CCCN(C)c2ccccc2)c2cc(C(F)(F)F)cc(C(F)(F)F)c2)c(C)c1
N,methyl,phenyl,C4,mesityl,bis_cf3_phenyl,<LB_N><LB1_methyl><LB2_phenyl><LINKER_C4><LA1_mesityl><LA2_bis_cf3_phenyl>,Cc1cc(C)c(B(CCCCN(C)c2ccccc2)c2cc(C(F)(F)F)cc(C(F)(F)F)c2)c(C)c1
N,methyl,phenyl,C5,mesityl,bis_cf3_phenyl,<LB_N><LB1_methyl><LB2_phenyl><LINKER_C5><LA1_mesityl><LA2_bis_cf3_phenyl>,Cc1cc(C)c(B(CCCCCN(C)c2ccccc2)c2cc(C(F)(F)F)cc(C(F)(F)F)c2)c(C)c1
N,methyl,phenyl,C6,mesityl,bis_cf3_phenyl,<LB_N><LB1_methyl><LB2_phenyl><LINKER_C6><LA1_mesityl><LA2_bis_cf3_phenyl>,Cc1cc(C)c(B(CCCCCCN(C)c2ccccc2)c2cc(C(F)(F)F)cc(C(F)(F)F)c2)c(C)c1
N,methyl,phenyl,C1,pentafluorophenyl,pentafluorophenyl,<LB_N><LB1_methyl><LB2_phenyl><LINKER_C1><LA1_pentafluorophenyl><LA2_pentafluorophenyl>,CN(CB(c1c(F)c(F)c(F)c(F)c1F)c1c(F)c(F)c(F)c(F)c1F)c1ccccc1
N,methyl,phenyl,C2,pentafluorophenyl,pentafluorophenyl,<LB_N><LB1_methyl><LB2_phenyl><LINKER_C2><LA1_pentafluorophenyl><LA2_pentafluorophenyl>,CN(CCB(c1c(F)c(F)c(F)c(F)c1F)c1c(F)c(F)c(F)c(F)c1F)c1ccccc1
N,methyl,phenyl,C3,pentafluorophenyl,pentafluorophenyl,<LB_N><LB1_methyl><LB2_phenyl><LINKER_C3><LA1_pentafluorophenyl><LA2_pentafluorophenyl>,CN(CCCB(c1c(F)c(F)c(F)c(F)c1F)c1c(F)c(F)c(F)c(F)c1F)c1ccccc1
N,methyl,phenyl,C4,pentafluorophenyl,pentafluorophenyl,<LB_N><LB1_methyl><LB2_phenyl><LINKER_C4><LA1_pentafluorophenyl><LA2_pentafluorophenyl>,CN(CCCCB(c1c(F)c(F)c(F)c(F)c1F)c1c(F)c(F)c(F)c(F)c1F)c1ccccc1
N,methyl,phenyl,C5,pentafluorophenyl,pentafluorophenyl,<LB_N><LB1_methyl><LB2_phenyl><LINKER_C5><LA1_pentafluorophenyl><LA2_pentafluorophenyl>,CN(CCCCCB(c1c(F)c(F)c(F)c(F)c1F)c1c(F)c(F)c(F)c(F)c1F)c1ccccc1
N,methyl,phenyl,C6,pentafluorophenyl,pentafluorophenyl,<LB_N><LB1_methyl><LB2_phenyl><LINKER_C6><LA1_pentafluorophenyl><LA2_pentafluorophenyl>,CN(CCCCCCB(c1c(F)c(F)c(F)c(F)c1F)c1c(F)c(F)c(F)c(F)c1F)c1ccccc1
N,methyl,phenyl,C1,pentafluorophenyl,pentachlorophenyl,<LB_N><LB1_methyl><LB2_phenyl><LINKER_C1><LA1_pentafluorophenyl><LA2_pentachlorophenyl>,CN(CB(c1c(F)c(F)c(F)c(F)c1F)c1c(Cl)c(Cl)c(Cl)c(Cl)c1Cl)c1ccccc1
N,methyl,phenyl,C2,pentafluorophenyl,pentachlorophenyl,<LB_N><LB1_methyl><LB2_phenyl><LINKER_C2><LA1_pentafluorophenyl><LA2_pentachlorophenyl>,CN(CCB(c1c(F)c(F)c(F)c(F)c1F)c1c(Cl)c(Cl)c(Cl)c(Cl)c1Cl)c1ccccc1
N,methyl,phenyl,C3,pentafluorophenyl,pentachlorophenyl,<LB_N><LB1_methyl><LB2_phenyl><LINKER_C3><LA1_pentafluorophenyl><LA2_pentachlorophenyl>,CN(CCCB(c1c(F)c(F)c(F)c(F)c1F)c1c(Cl)c(Cl)c(Cl)c(Cl)c1Cl)c1ccccc1
N,methyl,phenyl,C4,pentafluorophenyl,pentachlorophenyl,<LB_N><LB1_methyl><LB2_phenyl><LINKER_C4><LA1_pentafluorophenyl><LA2_pentachlorophenyl>,CN(CCCCB(c1c(F)c(F)c(F)c(F)c1F)c1c(Cl)c(Cl)c(Cl)c(Cl)c1Cl)c1ccccc1
N,methyl,phenyl,C5,pentafluorophenyl,pentachlorophenyl,<LB_N><LB1_methyl><LB2_phenyl><LINKER_C5><LA1_pentafluorophenyl><LA2_pentachlorophenyl>,CN(CCCCCB(c1c(F)c(F)c(F)c(F)c1F)c1c(Cl)c(Cl)c(Cl)c(Cl)c1Cl)c1ccccc1
N,methyl,phenyl,C6,pentafluorophenyl,pentachlorophenyl,<LB_N><LB1_methyl><LB2_phenyl><LINKER_C6><LA1_pentafluorophenyl><LA2_pentachlorophenyl>,CN(CCCCCCB(c1c(F)c(F)c(F)c(F)c1F)c1c(Cl)c(Cl)c(Cl)c(Cl)c1Cl)c1ccccc1
N,methyl,phenyl,C1,pentafluorophenyl,bis_cf3_phenyl,<LB_N><LB1_methyl><LB2_phenyl><LINKER_C1><LA1_pentafluorophenyl><LA2_bis_cf3_phenyl>,CN(CB(c1cc(C(F)(F)F)cc(C(F)(F)F)c1)c1c(F)c(F)c(F)c(F)c1F)c1ccccc1
N,methyl,phenyl,C2,pentafluorophenyl,bis_cf3_phenyl,<LB_N><LB1_methyl><LB2_phenyl><LINKER_C2><LA1_pentafluorophenyl><LA2_bis_cf3_phenyl>,CN(CCB(c1cc(C(F)(F)F)cc(C(F)(F)F)c1)c1c(F)c(F)c(F)c(F)c1F)c1ccccc1
N,methyl,phenyl,C3,pentafluorophenyl,bis_cf3_phenyl,<LB_N><LB1_methyl><LB2_phenyl><LINKER_C3><LA1_pentafluorophenyl><LA2_bis_cf3_phenyl>,CN(CCCB(c1cc(C(F)(F)F)cc(C(F)(F)F)c1)c1c(F)c(F)c(F)c(F)c1F)c1ccccc1
N,methyl,phenyl,C4,pentafluorophenyl,bis_cf3_phenyl,<LB_N><LB1_methyl><LB2_phenyl><LINKER_C4><LA1_pentafluorophenyl><LA2_bis_cf3_phenyl>,CN(CCCCB(c1cc(C(F)(F)F)cc(C(F)(F)F)c1)c1c(F)c(F)c(F)c(F)c1F)c1ccccc1
N,methyl,phenyl,C5,pentafluorophenyl,bis_cf3_phenyl,<LB_N><LB1_methyl><LB2_phenyl><LINKER_C5><LA1_pentafluorophenyl><LA2_bis_cf3_phenyl>,CN(CCCCCB(c1cc(C(F)(F)F)cc(C(F)(F)F)c1)c1c(F)c(F)c(F)c(F)c1F)c1ccccc1
N,methyl,phenyl,C6,pentafluorophenyl,bis_cf3_phenyl,<LB_N><LB1_methyl><LB2_phenyl><LINKER_C6><LA1_pentafluorophenyl><LA2_bis_cf3_phenyl>,CN(CCCCCCB(c1cc(C(F)(F)F)cc(C(F)(F)F)c1)c1c(F)c(F)c(F)c(F)c1F)c1ccccc1
N,methyl,phenyl,C1,pentachlorophenyl,pentachlorophenyl,<LB_N><LB1_methyl><LB2_phenyl><LINKER_C1><LA1_pentachlorophenyl><LA2_pentachlorophenyl>,CN(CB(c1c(Cl)c(Cl)c(Cl)c(Cl)c1Cl)c1c(Cl)c(Cl)c(Cl)c(Cl)c1Cl)c1ccccc1
N,methyl,phenyl,C2,pentachlorophenyl,pentachlorophenyl,<LB_N><LB1_methyl><LB2_phenyl><LINKER_C2><LA1_pentachlorophenyl><LA2_pentachlorophenyl>,CN(CCB(c1c(Cl)c(Cl)c(Cl)c(Cl)c1Cl)c1c(Cl)c(Cl)c(Cl)c(Cl)c1Cl)c1ccccc1
N,methyl,phenyl,C3,pentachlorophenyl,pentachlorophenyl,<LB_N><LB1_methyl><LB2_phenyl><LINKER_C3><LA1_pentachlorophenyl><LA2_pentachlorophenyl>,CN(CCCB(c1c(Cl)c(Cl)c(Cl)c(Cl)c1Cl)c1c(Cl)c(Cl)c(Cl)c(Cl)c1Cl)c1ccccc1
N,methyl,phenyl,C4,pentachlorophenyl,pentachlorophenyl,<LB_N><LB1_methyl><LB2_phenyl><LINKER_C4><LA1_pentachlorophenyl><LA2_pentachlorophenyl>,CN(CCCCB(c1c(Cl)c(Cl)c(Cl)c(Cl)c1Cl)c1c(Cl)c(Cl)c(Cl)c(Cl)c1Cl)c1ccccc1
N,methyl,phenyl,C5,pentachlorophenyl,pentachlorophenyl,<LB_N><LB1_methyl><LB2_phenyl><LINKER_C5><LA1_pentachlorophenyl><LA2_pentachlorophenyl>,CN(CCCCCB(c1c(Cl)c(Cl)c(Cl)c(Cl)c1Cl)c1c(Cl)c(Cl)c(Cl)c(Cl)c1Cl)c1ccccc1
N,methyl,phenyl,C6,pentachlorophenyl,pentachlorophenyl,<LB_N><LB1_methyl><LB2_phenyl><LINKER_C6><LA1_pentachlorophenyl><LA2_pentachlorophenyl>,CN(CCCCCCB(c1c(Cl)c(Cl)c(Cl)c(Cl)c1Cl)c1c(Cl)c(Cl)c(Cl)c(Cl)c1Cl)c1ccccc1
N,methyl,phenyl,C1,pentachlorophenyl,bis_cf3_phenyl,<LB_N><LB1_methyl><LB2_phenyl><LINKER_C1><LA1_pentachlorophenyl><LA2_bis_cf3_phenyl>,CN(CB(c1cc(C(F)(F)F)cc(C(F)(F)F)c1)c1c(Cl)c(Cl)c(Cl)c(Cl)c1Cl)c1ccccc1
N,methyl,phenyl,C2,pentachlorophenyl,bis_cf3_phenyl,<LB_N><LB1_methyl><LB2_phenyl><LINKER_C2><LA1_pentachlorophenyl><LA2_bis_cf3_phenyl>,CN(CCB(c1cc(C(F)(F)F)cc(C(F)(F)F)c1)c1c(Cl)c(Cl)c(Cl)c(Cl)c1Cl)c1ccccc1
N,methyl,phenyl,C3,pentachlorophenyl,bis_cf3_phenyl,<LB_N><LB1_methyl><LB2_phenyl><LINKER_C3><LA1_pentachlorophenyl><LA2_bis_cf3_phenyl>,CN(CCCB(c1cc(C(F)(F)F)cc(C(F)(F)F)c1)c1c(Cl)c(Cl)c(Cl)c(Cl)c1Cl)c1ccccc1
N,methyl,phenyl,C4,pentachlorophenyl,bis_cf3_phenyl,<LB_N><LB1_methyl><LB2_phenyl><LINKER_C4><LA1_pentachlorophenyl><LA2_bis_cf3_phenyl>,CN(CCCCB(c1cc(C(F)(F)F)cc(C(F)(F)F)c1)c1c(Cl)c(Cl)c(Cl)c(Cl)c1Cl)c1ccccc1
N,methyl,phenyl,C5,pentachlorophenyl,bis_cf3_phenyl,<LB_N><LB1_methyl><LB2_phenyl><LINKER_C5><LA1_pentachlorophenyl><LA2_bis_cf3_phenyl>,CN(CCCCCB(c1cc(C(F)(F)F)cc(C(F)(F)F)c1)c1c(Cl)c(Cl)c(Cl)c(Cl)c1Cl)c1ccccc1
N,methyl,phenyl,C6,pentachlorophenyl,bis_cf3_phenyl,<LB_N><LB1_methyl><LB2_phenyl><LINKER_C6><LA1_pentachlorophenyl><LA2_bis_cf3_phenyl>,CN(CCCCCCB(c1cc(C(F)(F)F)cc(C(F)(F)F)c1)c1c(Cl)c(Cl)c(Cl)c(Cl)c1Cl)c1ccccc1
N,methyl,phenyl,C1,bis_cf3_phenyl,bis_cf3_phenyl,<LB_N><LB1_methyl><LB2_phenyl><LINKER_C1><LA1_bis_cf3_phenyl><LA2_bis_cf3_phenyl>,CN(CB(c1cc(C(F)(F)F)cc(C(F)(F)F)c1)c1cc(C(F)(F)F)cc(C(F)(F)F)c1)c1ccccc1
N,methyl,phenyl,C2,bis_cf3_phenyl,bis_cf3_phenyl,<LB_N><LB1_methyl><LB2_phenyl><LINKER_C2><LA1_bis_cf3_phenyl><LA2_bis_cf3_phenyl>,CN(CCB(c1cc(C(F)(F)F)cc(C(F)(F)F)c1)c1cc(C(F)(F)F)cc(C(F)(F)F)c1)c1ccccc1
N,methyl,phenyl,C3,bis_cf3_phenyl,bis_cf3_phenyl,<LB_N><LB1_methyl><LB2_phenyl><LINKER_C3><LA1_bis_cf3_phenyl><LA2_bis_cf3_phenyl>,CN(CCCB(c1cc(C(F)(F)F)cc(C(F)(F)F)c1)c1cc(C(F)(F)F)cc(C(F)(F)F)c1)c1ccccc1
N,methyl,phenyl,C4,bis_cf3_phenyl,bis_cf3_phenyl,<LB_N><LB1_methyl><LB2_phenyl><LINKER_C4><LA1_bis_cf3_phenyl><LA2_bis_cf3_phenyl>,CN(CCCCB(c1cc(C(F)(F)F)cc(C(F)(F)F)c1)c1cc(C(F)(F)F)cc(C(F)(F)F)c1)c1ccccc1
N,methyl,phenyl,C5,bis_cf3_phenyl,bis_cf3_phenyl,<LB_N><LB1_methyl><LB2_phenyl><LINKER_C5><LA1_bis_cf3_phenyl><LA2_bis_cf3_phenyl>,CN(CCCCCB(c1cc(C(F)(F)F)cc(C(F)(F)F)c1)c1cc(C(F)(F)F)cc(C(F)(F)F)c1)c1ccccc1
N,methyl,phenyl,C6,bis_cf3_phenyl,bis_cf3_phenyl,<LB_N><LB1_methyl><LB2_phenyl><LINKER_C6><LA1_bis_cf3_phenyl><LA2_bis_cf3_phenyl>,CN(CCCCCCB(c1cc(C(F)(F)F)cc(C(F)(F)F)c1)c1cc(C(F)(F)F)cc(C(F)(F)F)c1)c1ccccc1
N,ethyl,ethyl,C1,phenyl,phenyl,<LB_N><LB1_ethyl><LB2_ethyl><LINKER_C1><LA1_phenyl><LA2_phenyl>,CCN(CC)CB(c1ccccc1)c1ccccc1
N,ethyl,ethyl,C2,phenyl,phenyl,<LB_N><LB1_ethyl><LB2_ethyl><LINKER_C2><LA1_phenyl><LA2_phenyl>,CCN(CC)CCB(c1ccccc1)c1ccccc1
N,ethyl,ethyl,C3,phenyl,phenyl,<LB_N><LB1_ethyl><LB2_ethyl><LINKER_C3><LA1_phenyl><LA2_phenyl>,CCN(CC)CCCB(c1ccccc1)c1ccccc1
N,ethyl,ethyl,C4,phenyl,phenyl,<LB_N><LB1_ethyl><LB2_ethyl><LINKER_C4><LA1_phenyl><LA2_phenyl>,CCN(CC)CCCCB(c1ccccc1)c1ccccc1
N,ethyl,ethyl,C5,phenyl,phenyl,<LB_N><LB1_ethyl><LB2_ethyl><LINKER_C5><LA1_phenyl><LA2_phenyl>,CCN(CC)CCCCCB(c1ccccc1)c1ccccc1
N,ethyl,ethyl,C6,phenyl,phenyl,<LB_N><LB1_ethyl><LB2_ethyl><LINKER_C6><LA1_phenyl><LA2_phenyl>,CCN(CC)CCCCCCB(c1ccccc1)c1ccccc1
N,ethyl,ethyl,C1,phenyl,p_tolyl,<LB_N><LB1_ethyl><LB2_ethyl><LINKER_C1><LA1_phenyl><LA2_p_tolyl>,CCN(CC)CB(c1ccccc1)c1ccc(C)cc1
N,ethyl,ethyl,C2,phenyl,p_tolyl,<LB_N><LB1_ethyl><LB2_ethyl><LINKER_C2><LA1_phenyl><LA2_p_tolyl>,CCN(CC)CCB(c1ccccc1)c1ccc(C)cc1
N,ethyl,ethyl,C3,phenyl,p_tolyl,<LB_N><LB1_ethyl><LB2_ethyl><LINKER_C3><LA1_phenyl><LA2_p_tolyl>,CCN(CC)CCCB(c1ccccc1)c1ccc(C)cc1
N,ethyl,ethyl,C4,phenyl,p_tolyl,<LB_N><LB1_ethyl><LB2_ethyl><LINKER_C4><LA1_phenyl><LA2_p_tolyl>,CCN(CC)CCCCB(c1ccccc1)c1ccc(C)cc1
N,ethyl,ethyl,C5,phenyl,p_tolyl,<LB_N><LB1_ethyl><LB2_ethyl><LINKER_C5><LA1_phenyl><LA2_p_tolyl>,CCN(CC)CCCCCB(c1ccccc1)c1ccc(C)cc1
N,ethyl,ethyl,C6,phenyl,p_tolyl,<LB_N><LB1_ethyl><LB2_ethyl><LINKER_C6><LA1_phenyl><LA2_p_tolyl>,CCN(CC)CCCCCCB(c1ccccc1)c1ccc(C)cc1
N,ethyl,ethyl,C1,phenyl,mesityl,<LB_N><LB1_ethyl><LB2_ethyl><LINKER_C1><LA1_phenyl><LA2_mesityl>,CCN(CC)CB(c1ccccc1)c1c(C)cc(C)cc1C
N,ethyl,ethyl,C2,phenyl,mesityl,<LB_N><LB1_ethyl><LB2_ethyl><LINKER_C2><LA1_phenyl><LA2_mesityl>,CCN(CC)CCB(c1ccccc1)c1c(C)cc(C)cc1C
N,ethyl,ethyl,C3,phenyl,mesityl,<LB_N><LB1_ethyl><LB2_ethyl><LINKER_C3><LA1_phenyl><LA2_mesityl>,CCN(CC)CCCB(c1ccccc1)c1c(C)cc(C)cc1C
N,ethyl,ethyl,C4,phenyl,mesityl,<LB_N><LB1_ethyl><LB2_ethyl><LINKER_C4><LA1_phenyl><LA2_mesityl>,CCN(CC)CCCCB(c1ccccc1)c1c(C)cc(C)cc1C
N,ethyl,ethyl,C5,phenyl,mesityl,<LB_N><LB1_ethyl><LB2_ethyl><LINKER_C5><LA1_phenyl><LA2_mesityl>,CCN(CC)CCCCCB(c1ccccc1)c1c(C)cc(C)cc1C
N,ethyl,ethyl,C6,phenyl,mesityl,<LB_N><LB1_ethyl><LB2_ethyl><LINKER_C6><LA1_phenyl><LA2_mesityl>,CCN(CC)CCCCCCB(c1ccccc1)c1c(C)cc(C)cc1C
N,ethyl,ethyl,C1,phenyl,pentafluorophenyl,<LB_N><LB1_ethyl><LB2_ethyl><LINKER_C1><LA1_phenyl><LA2_pentafluorophenyl>,CCN(CC)CB(c1ccccc1)c1c(F)c(F)c(F)c(F)c1F
N,ethyl,ethyl,C2,phenyl,pentafluorophenyl,<LB_N><LB1_ethyl><LB2_ethyl><LINKER_C2><LA1_phenyl><LA2_pentafluorophenyl>,CCN(CC)CCB(c1ccccc1)c1c(F)c(F)c(F)c(F)c1F
N,ethyl,ethyl,C3,phenyl,pentafluorophenyl,<LB_N><LB1_ethyl><LB2_ethyl><LINKER_C3><LA1_phenyl><LA2_pentafluorophenyl>,CCN(CC)CCCB(c1ccccc1)c1c(F)c(F)c(F)c(F)c1F
N,ethyl,ethyl,C4,phenyl,pentafluorophenyl,<LB_N><LB1_ethyl><LB2_ethyl><LINKER_C4><LA1_phenyl><LA2_pentafluorophenyl>,CCN(CC)CCCCB(c1ccccc1)c1c(F)c(F)c(F)c(F)c1F
N,ethyl,ethyl,C5,phenyl,pentafluorophenyl,<LB_N><LB1_ethyl><LB2_ethyl><LINKER_C5><LA1_phenyl><LA2_pentafluorophenyl>,CCN(CC)CCCCCB(c1ccccc1)c1c(F)c(F)c(F)c(F)c1F
N,ethyl,ethyl,C6,phenyl,pentafluorophenyl,<LB_N><LB1_ethyl><LB2_ethyl><LINKER_C6><LA1_phenyl><LA2_pentafluorophenyl>,CCN(CC)CCCCCCB(c1ccccc1)c1c(F)c(F)c(F)c(F)c1F
N,ethyl,ethyl,C1,phenyl,pentachlorophenyl,<LB_N><LB1_ethyl><LB2_ethyl><LINKER_C1><LA1_phenyl><LA2_pentachlorophenyl>,CCN(CC)CB(c1ccccc1)c1c(Cl)c(Cl)c(Cl)c(Cl)c1Cl
N,ethyl,ethyl,C2,phenyl,pentachlorophenyl,<LB_N><LB1_ethyl><LB2_ethyl><LINKER_C2><LA1_phenyl><LA2_pentachlorophenyl>,CCN(CC)CCB(c1ccccc1)c1c(Cl)c(Cl)c(Cl)c(Cl)c1Cl
N,ethyl,ethyl,C3,phenyl,pentachlorophenyl,<LB_N><LB1_ethyl><LB2_ethyl><LINKER_C3><LA1_phenyl><LA2_pentachlorophenyl>,CCN(CC)CCCB(c1ccccc1)c1c(Cl)c(Cl)c(Cl)c(Cl)c1Cl
N,ethyl,ethyl,C4,phenyl,pentachlorophenyl,<LB_N><LB1_ethyl><LB2_ethyl><LINKER_C4><LA1_phenyl><LA2_pentachlorophenyl>,CCN(CC)CCCCB(c1ccccc1)c1c(Cl)c(Cl)c(Cl)c(Cl)c1Cl
N,ethyl,ethyl,C5,phenyl,pentachlorophenyl,<LB_N><LB1_ethyl><LB2_ethyl><LINKER_C5><LA1_phenyl><LA2_pentachlorophenyl>,CCN(CC)CCCCCB(c1ccccc1)c1c(Cl)c(Cl)c(Cl)c(Cl)c1Cl
N,ethyl,ethyl,C6,phenyl,pentachlorophenyl,<LB_N><LB1_ethyl><LB2_ethyl><LINKER_C6><LA1_phenyl><LA2_pentachlorophenyl>,CCN(CC)CCCCCCB(c1ccccc1)c1c(Cl)c(Cl)c(Cl)c(Cl)c1Cl
N,ethyl,ethyl,C1,phenyl,bis_cf3_phenyl,<LB_N><LB1_ethyl><LB2_ethyl><LINKER_C1><LA1_phenyl><LA2_bis_cf3_phenyl>,CCN(CC)CB(c1ccccc1)c1cc(C(F)(F)F)cc(C(F)(F)F)c1
N,ethyl,ethyl,C2,phenyl,bis_cf3_phenyl,<LB_N><LB1_ethyl><LB2_ethyl><LINKER_C2><LA1_phenyl><LA2_bis_cf3_phenyl>,CCN(CC)CCB(c1ccccc1)c1cc(C(F)(F)F)cc(C(F)(F)F)c1
N,ethyl,ethyl,C3,phenyl,bis_cf3_phenyl,<LB_N><LB1_ethyl><LB2_ethyl><LINKER_C3><LA1_phenyl><LA2_bis_cf3_phenyl>,CCN(CC)CCCB(c1ccccc1)c1cc(C(F)(F)F)cc(C(F)(F)F)c1
N,ethyl,ethyl,C4,phenyl,bis_cf3_phenyl,<LB_N><LB1_ethyl><LB2_ethyl><LINKER_C4><LA1_phenyl><LA2_bis_cf3_phenyl>,CCN(CC)CCCCB(c1ccccc1)c1cc(C(F)(F)F)cc(C(F)(F)F)c1
N,ethyl,ethyl,C5,phenyl,bis_cf3_phenyl,<LB_N><LB1_ethyl><LB2_ethyl><LINKER_C5><LA1_phenyl><LA2_bis_cf3_phenyl>,CCN(CC)CCCCCB(c1ccccc1)c1cc(C(F)(F)F)cc(C(F)(F)F)c1
N,ethyl,ethyl,C6,phenyl,bis_cf3_phenyl,<LB_N><LB1_ethyl><LB2_ethyl><LINKER_C6><LA1_phenyl><LA2_bis_cf3_phenyl>,CCN(CC)CCCCCCB(c1ccccc1)c1cc(C(F)(F)F)cc(C(F)(F)F)c1
N,ethyl,ethyl,C1,p_tolyl,p_tolyl,<LB_N><LB1_ethyl><LB2_ethyl><LINKER_C1><LA1_p_tolyl><LA2_p_tolyl>,CCN(CC)CB(c1ccc(C)cc1)c1ccc(C)cc1
N,ethyl,ethyl,C2,p_tolyl,p_tolyl,<LB_N><LB1_ethyl><LB2_ethyl><LINKER_C2><LA1_p_tolyl><LA2_p_tolyl>,CCN(CC)CCB(c1ccc(C)cc1)c1ccc(C)cc1
N,ethyl,ethyl,C3,p_tolyl,p_tolyl,<LB_N><LB1_ethyl><LB2_ethyl><LINKER_C3><LA1_p_tolyl><LA2_p_tolyl>,CCN(CC)CCCB(c1ccc(C)cc1)c1ccc(C)cc1
N,ethyl,ethyl,C4,p_tolyl,p_tolyl,<LB_N><LB1_ethyl><LB2_ethyl><LINKER_C4><LA1_p_tolyl><LA2_p_tolyl>,CCN(CC)CCCCB(c1ccc(C)cc1)c1ccc(C)cc1
N,ethyl,ethyl,C5,p_tolyl,p_tolyl,<LB_N><LB1_ethyl><LB2_ethyl><LINKER_C5><LA1_p_tolyl><LA2_p_tolyl>,CCN(CC)CCCCCB(c1ccc(C)cc1)c1ccc(C)cc1
N,ethyl,ethyl,C6,p_tolyl,p_tolyl,<LB_N><LB1_ethyl><LB2_ethyl><LINKER_C6><LA1_p_tolyl><LA2_p_tolyl>,CCN(CC)CCCCCCB(c1ccc(C)cc1)c1ccc(C)cc1
N,ethyl,ethyl,C1,p_tolyl,mesityl,<LB_N><LB1_ethyl><LB2_ethyl><LINKER_C1><LA1_p_tolyl><LA2_mesityl>,CCN(CC)CB(c1ccc(C)cc1)c1c(C)cc(C)cc1C
N,ethyl,ethyl,C2,p_tolyl,mesityl,<LB_N><LB1_ethyl><LB2_ethyl><LINKER_C2><LA1_p_tolyl><LA2_mesityl>,CCN(CC)CCB(c1ccc(C)cc1)c1c(C)cc(C)cc1C
N,ethyl,ethyl,C3,p_tolyl,mesityl,<LB_N><LB1_ethyl><LB2_ethyl><LINKER_C3><LA1_p_tolyl><LA2_mesityl>,CCN(CC)CCCB(c1ccc(C)cc1)c1c(C)cc(C)cc1C
N,ethyl,ethyl,C4,p_tolyl,mesityl,<LB_N><LB1_ethyl><LB2_ethyl><LINKER_C4><LA1_p_tolyl><LA2_mesityl>,CCN(CC)CCCCB(c1ccc(C)cc1)c1c(C)cc(C)cc1C
N,ethyl,ethyl,C5,p_tolyl,mesityl,<LB_N><LB1_ethyl><LB2_ethyl><LINKER_C5><LA1_p_tolyl><LA2_mesityl>,CCN(CC)CCCCCB(c1ccc(C)cc1)c1c(C)cc(C)cc1C
N,ethyl,ethyl,C6,p_tolyl,mesityl,<LB_N><LB1_ethyl><LB2_ethyl><LINKER_C6><LA1_p_tolyl><LA2_mesityl>,CCN(CC)CCCCCCB(c1ccc(C)cc1)c1c(C)cc(C)cc1C
N,ethyl,ethyl,C1,p_tolyl,pentafluorophenyl,<LB_N><LB1_ethyl><LB2_ethyl><LINKER_C1><LA1_p_tolyl><LA2_pentafluorophenyl>,CCN(CC)CB(c1ccc(C)cc1)c1c(F)c(F)c(F)c(F)c1F
N,ethyl,ethyl,C2,p_tolyl,pentafluorophenyl,<LB_N><LB1_ethyl><LB2_ethyl><LINKER_C2><LA1_p_tolyl><LA2_pentafluorophenyl>,CCN(CC)CCB(c1ccc(C)cc1)c1c(F)c(F)c(F)c(F)c1F
N,ethyl,ethyl,C3,p_tolyl,pentafluorophenyl,<LB_N><LB1_ethyl><LB2_ethyl><LINKER_C3><LA1_p_tolyl><LA2_pentafluorophenyl>,CCN(CC)CCCB(c1ccc(C)cc1)c1c(F)c(F)c(F)c(F)c1F
N,ethyl,ethyl,C4,p_tolyl,pentafluorophenyl,<LB_N><LB1_ethyl><LB2_ethyl><LINKER_C4><LA1_p_tolyl><LA2_pentafluorophenyl>,CCN(CC)CCCCB(c1ccc(C)cc1)c1c(F)c(F)c(F)c(F)c1F
N,ethyl,ethyl,C5,p_tolyl,pentafluorophenyl,<LB_N><LB1_ethyl><LB2_ethyl><LINKER_C5><LA1_p_tolyl><LA2_pentafluorophenyl>,CCN(CC)CCCCCB(c1ccc(C)cc1)c1c(F)c(F)c(F)c(F)c1F
N,ethyl,ethyl,C6,p_tolyl,pentafluorophenyl,<LB_N><LB1_ethyl><LB2_ethyl><LINKER_C6><LA1_p_tolyl><LA2_pentafluorophenyl>,CCN(CC)CCCCCCB(c1ccc(C)cc1)c1c(F)c(F)c(F)c(F)c1F
N,ethyl,ethyl,C1,p_tolyl,pentachlorophenyl,<LB_N><LB1_ethyl><LB2_ethyl><LINKER_C1><LA1_p_tolyl><LA2_pentachlorophenyl>,CCN(CC)CB(c1ccc(C)cc1)c1c(Cl)c(Cl)c(Cl)c(Cl)c1Cl
N,ethyl,ethyl,C2,p_tolyl,pentachlorophenyl,<LB_N><LB1_ethyl><LB2_ethyl><LINKER_C2><LA1_p_tolyl><LA2_pentachlorophenyl>,CCN(CC)CCB(c1ccc(C)cc1)c1c(Cl)c(Cl)c(Cl)c(Cl)c1Cl
N,ethyl,ethyl,C3,p_tolyl,pentachlorophenyl,<LB_N><LB1_ethyl><LB2_ethyl><LINKER_C3><LA1_p_tolyl><LA2_pentachlorophenyl>,CCN(CC)CCCB(c1ccc(C)cc1)c1c(Cl)c(Cl)c(Cl)c(Cl)c1Cl
N,ethyl,ethyl,C4,p_tolyl,pentachlorophenyl,<LB_N><LB1_ethyl><LB2_ethyl><LINKER_C4><LA1_p_tolyl><LA2_pentachlorophenyl>,CCN(CC)CCCCB(c1ccc(C)cc1)c1c(Cl)c(Cl)c(Cl)c(Cl)c1Cl
N,ethyl,ethyl,C5,p_tolyl,pentachlorophenyl,<LB_N><LB1_ethyl><LB2_ethyl><LINKER_C5><LA1_p_tolyl><LA2_pentachlorophenyl>,CCN(CC)CCCCCB(c1ccc(C)cc1)c1c(Cl)c(Cl)c(Cl)c(Cl)c1Cl
N,ethyl,ethyl,C6,p_tolyl,pentachlorophenyl,<LB_N><LB1_ethyl><LB2_ethyl><LINKER_C6><LA1_p_tolyl><LA2_pentachlorophenyl>,CCN(CC)CCCCCCB(c1ccc(C)cc1)c1c(Cl)c(Cl)c(Cl)c(Cl)c1Cl
N,ethyl,ethyl,C1,p_tolyl,bis_cf3_phenyl,<LB_N><LB1_ethyl><LB2_ethyl><LINKER_C1><LA1_p_tolyl><LA2_bis_cf3_phenyl>,CCN(CC)CB(c1ccc(C)cc1)c1cc(C(F)(F)F)cc(C(F)(F)F)c1
N,ethyl,ethyl,C2,p_tolyl,bis_cf3_phenyl,<LB_N><LB1_ethyl><LB2_ethyl><LINKER_C2><LA1_p_tolyl><LA2_bis_cf3_phenyl>,CCN(CC)CCB(c1ccc(C)cc1)c1cc(C(F)(F)F)cc(C(F)(F)F)c1
N,ethyl,ethyl,C3,p_tolyl,bis_cf3_phenyl,<LB_N><LB1_ethyl><LB2_ethyl><LINKER_C3><LA1_p_tolyl><LA2_bis_cf3_phenyl>,CCN(CC)CCCB(c1ccc(C)cc1)c1cc(C(F)(F)F)cc(C(F)(F)F)c1
N,ethyl,ethyl,C4,p_tolyl,bis_cf3_phenyl,<LB_N><LB1_ethyl><LB2_ethyl><LINKER_C4><LA1_p_tolyl><LA2_bis_cf3_phenyl>,CCN(CC)CCCCB(c1ccc(C)cc1)c1cc(C(F)(F)F)cc(C(F)(F)F)c1
N,ethyl,ethyl,C5,p_tolyl,bis_cf3_phenyl,<LB_N><LB1_ethyl><LB2_ethyl><LINKER_C5><LA1_p_tolyl><LA2_bis_cf3_phenyl>,CCN(CC)CCCCCB(c1ccc(C)cc1)c1cc(C(F)(F)F)cc(C(F)(F)F)c1
N,ethyl,ethyl,C6,p_tolyl,bis_cf3_phenyl,<LB_N><LB1_ethyl><LB2_ethyl><LINKER_C6><LA1_p_tolyl><LA2_bis_cf3_phenyl>,CCN(CC)CCCCCCB(c1ccc(C)cc1)c1cc(C(F)(F)F)cc(C(F)(F)F)c1
N,ethyl,ethyl,C1,mesityl,mesityl,<LB_N><LB1_ethyl><LB2_ethyl><LINKER_C1><LA1_mesityl><LA2_mesityl>,CCN(CC)CB(c1c(C)cc(C)cc1C)c1c(C)cc(C)cc1C
N,ethyl,ethyl,C2,mesityl,mesityl,<LB_N><LB1_ethyl><LB2_ethyl><LINKER_C2><LA1_mesityl><LA2_mesityl>,CCN(CC)CCB(c1c(C)cc(C)cc1C)c1c(C)cc(C)cc1C
N,ethyl,ethyl,C3,mesityl,mesityl,<LB_N><LB1_ethyl><LB2_ethyl><LINKER_C3><LA1_mesityl><LA2_mesityl>,CCN(CC)CCCB(c1c(C)cc(C)cc1C)c1c(C)cc(C)cc1C
N,ethyl,ethyl,C4,mesityl,mesityl,<LB_N><LB1_ethyl><LB2_ethyl><LINKER_C4><LA1_mesityl><LA2_mesityl>,CCN(CC)CCCCB(c1c(C)cc(C)cc1C)c1c(C)cc(C)cc1C
N,ethyl,ethyl,C5,mesityl,mesityl,<LB_N><LB1_ethyl><LB2_ethyl><LINKER_C5><LA1_mesityl><LA2_mesityl>,CCN(CC)CCCCCB(c1c(C)cc(C)cc1C)c1c(C)cc(C)cc1C
N,ethyl,ethyl,C6,mesityl,mesityl,<LB_N><LB1_ethyl><LB2_ethyl><LINKER_C6><LA1_mesityl><LA2_mesityl>,CCN(CC)CCCCCCB(c1c(C)cc(C)cc1C)c1c(C)cc(C)cc1C
N,ethyl,ethyl,C1,mesityl,pentafluorophenyl,<LB_N><LB1_ethyl><LB2_ethyl><LINKER_C1><LA1_mesityl><LA2_pentafluorophenyl>,CCN(CC)CB(c1c(C)cc(C)cc1C)c1c(F)c(F)c(F)c(F)c1F
N,ethyl,ethyl,C2,mesityl,pentafluorophenyl,<LB_N><LB1_ethyl><LB2_ethyl><LINKER_C2><LA1_mesityl><LA2_pentafluorophenyl>,CCN(CC)CCB(c1c(C)cc(C)cc1C)c1c(F)c(F)c(F)c(F)c1F
N,ethyl,ethyl,C3,mesityl,pentafluorophenyl,<LB_N><LB1_ethyl><LB2_ethyl><LINKER_C3><LA1_mesityl><LA2_pentafluorophenyl>,CCN(CC)CCCB(c1c(C)cc(C)cc1C)c1c(F)c(F)c(F)c(F)c1F
N,ethyl,ethyl,C4,mesityl,pentafluorophenyl,<LB_N><LB1_ethyl><LB2_ethyl><LINKER_C4><LA1_mesityl><LA2_pentafluorophenyl>,CCN(CC)CCCCB(c1c(C)cc(C)cc1C)c1c(F)c(F)c(F)c(F)c1F
N,ethyl,ethyl,C5,mesityl,pentafluorophenyl,<LB_N><LB1_ethyl><LB2_ethyl><LINKER_C5><LA1_mesityl><LA2_pentafluorophenyl>,CCN(CC)CCCCCB(c1c(C)cc(C)cc1C)c1c(F)c(F)c(F)c(F)c1F
N,ethyl,ethyl,C6,mesityl,pentafluorophenyl,<LB_N><LB1_ethyl><LB2_ethyl><LINKER_C6><LA1_mesityl><LA2_pentafluorophenyl>,CCN(CC)CCCCCCB(c1c(C)cc(C)cc1C)c1c(F)c(F)c(F)c(F)c1F
N,ethyl,ethyl,C1,mesityl,pentachlorophenyl,<LB_N><LB1_ethyl><LB2_ethyl><LINKER_C1><LA1_mesityl><LA2_pentachlorophenyl>,CCN(CC)CB(c1c(C)cc(C)cc1C)c1c(Cl)c(Cl)c(Cl)c(Cl)c1Cl
N,ethyl,ethyl,C2,mesityl,pentachlorophenyl,<LB_N><LB1_ethyl><LB2_ethyl><LINKER_C2><LA1_mesityl><LA2_pentachlorophenyl>,CCN(CC)CCB(c1c(C)cc(C)cc1C)c1c(Cl)c(Cl)c(Cl)c(Cl)c1Cl
N,ethyl,ethyl,C3,mesityl,pentachlorophenyl,<LB_N><LB1_ethyl><LB2_ethyl><LINKER_C3><LA1_mesityl><LA2_pentachlorophenyl>,CCN(CC)CCCB(c1c(C)cc(C)cc1C)c1c(Cl)c(Cl)c(Cl)c(Cl)c1Cl
N,ethyl,ethyl,C4,mesityl,pentachlorophenyl,<LB_N><LB1_ethyl><LB2_ethyl><LINKER_C4><LA1_mesityl><LA2_pentachlorophenyl>,CCN(CC)CCCCB(c1c(C)cc(C)cc1C)c1c(Cl)c(Cl)c(Cl)c(Cl)c1Cl
N,ethyl,ethyl,C5,mesityl,pentachlorophenyl,<LB_N><LB1_ethyl><LB2_ethyl><LINKER_C5><LA1_mesityl><LA2_pentachlorophenyl>,CCN(CC)CCCCCB(c1c(C)cc(C)cc1C)c1c(Cl)c(Cl)c(Cl)c(Cl)c1Cl
N,ethyl,ethyl,C6,mesityl,pentachlorophenyl,<LB_N><LB1_ethyl><LB2_ethyl><LINKER_C6><LA1_mesityl><LA2_pentachlorophenyl>,CCN(CC)CCCCCCB(c1c(C)cc(C)cc1C)c1c(Cl)c(Cl)c(Cl)c(Cl)c1Cl
N,ethyl,ethyl,C1,mesityl,bis_cf3_phenyl,<LB_N><LB1_ethyl><LB2_ethyl><LINKER_C1><LA1_mesityl><LA2_bis_cf3_phenyl>,CCN(CC)CB(c1cc(C(F)(F)F)cc(C(F)(F)F)c1)c1c(C)cc(C)cc1C
N,ethyl,ethyl,C2,mesityl,bis_cf3_phenyl,<LB_N><LB1_ethyl><LB2_ethyl><LINKER_C2><LA1_mesityl><LA2_bis_cf3_phenyl>,CCN(CC)CCB(c1cc(C(F)(F)F)cc(C(F)(F)F)c1)c1c(C)cc(C)cc1C
N,ethyl,ethyl,C3,mesityl,bis_cf3_phenyl,<LB_N><LB1_ethyl><LB2_ethyl><LINKER_C3><LA1_mesityl><LA2_bis_cf3_phenyl>,CCN(CC)CCCB(c1cc(C(F)(F)F)cc(C(F)(F)F)c1)c1c(C)cc(C)cc1C
N,ethyl,ethyl,C4,mesityl,bis_cf3_phenyl,<LB_N><LB1_ethyl><LB2_ethyl><LINKER_C4><LA1_mesityl><LA2_bis_cf3_phenyl>,CCN(CC)CCCCB(c1cc(C(F)(F)F)cc(C(F)(F)F)c1)c1c(C)cc(C)cc1C
N,ethyl,ethyl,C5,mesityl,bis_cf3_phenyl,<LB_N><LB1_ethyl><LB2_ethyl><LINKER_C5><LA1_mesityl><LA2_bis_cf3_phenyl>,CCN(CC)CCCCCB(c1cc(C(F)(F)F)cc(C(F)(F)F)c1)c1c(C)cc(C)cc1C
N,ethyl,ethyl,C6,mesityl,bis_cf3_phenyl,<LB_N><LB1_ethyl><LB2_ethyl><LINKER_C6><LA1_mesityl><LA2_bis_cf3_phenyl>,CCN(CC)CCCCCCB(c1cc(C(F)(F)F)cc(C(F)(F)F)c1)c1c(C)cc(C)cc1C
N,ethyl,ethyl,C1,pentafluorophenyl,pentafluorophenyl,<LB_N><LB1_ethyl><LB2_ethyl><LINKER_C1><LA1_pentafluorophenyl><LA2_pentafluorophenyl>,CCN(CC)CB(c1c(F)c(F)c(F)c(F)c1F)c1c(F)c(F)c(F)c(F)c1F
N,ethyl,ethyl,C2,pentafluorophenyl,pentafluorophenyl,<LB_N><LB1_ethyl><LB2_ethyl><LINKER_C2><LA1_pentafluorophenyl><LA2_pentafluorophenyl>,CCN(CC)CCB(c1c(F)c(F)c(F)c(F)c1F)c1c(F)c(F)c(F)c(F)c1F
N,ethyl,ethyl,C3,pentafluorophenyl,pentafluorophenyl,<LB_N><LB1_ethyl><LB2_ethyl><LINKER_C3><LA1_pentafluorophenyl><LA2_pentafluorophenyl>,CCN(CC)CCCB(c1c(F)c(F)c(F)c(F)c1F)c1c(F)c(F)c(F)c(F)c1F
N,ethyl,ethyl,C4,pentafluorophenyl,pentafluorophenyl,<LB_N><LB1_ethyl><LB2_ethyl><LINKER_C4><LA1_pentafluorophenyl><LA2_pentafluorophenyl>,CCN(CC)CCCCB(c1c(F)c(F)c(F)c(F)c1F)c1c(F)c(F)c(F)c(F)c1F
N,ethyl,ethyl,C5,pentafluorophenyl,pentafluorophenyl,<LB_N><LB1_ethyl><LB2_ethyl><LINKER_C5><LA1_pentafluorophenyl><LA2_pentafluorophenyl>,CCN(CC)CCCCCB(c1c(F)c(F)c(F)c(F)c1F)c1c(F)c(F)c(F)c(F)c1F
N,ethyl,ethyl,C6,pentafluorophenyl,pentafluorophenyl,<LB_N><LB1_ethyl><LB2_ethyl><LINKER_C6><LA1_pentafluorophenyl><LA2_pentafluorophenyl>,CCN(CC)CCCCCCB(c1c(F)c(F)c(F)c(F)c1F)c1c(F)c(F)c(F)c(F)c1F
N,ethyl,ethyl,C1,pentafluorophenyl,pentachlorophenyl,<LB_N><LB1_ethyl><LB2_ethyl><LINKER_C1><LA1_pentafluorophenyl><LA2_pentachlorophenyl>,CCN(CC)CB(c1c(F)c(F)c(F)c(F)c1F)c1c(Cl)c(Cl)c(Cl)c(Cl)c1Cl
N,ethyl,ethyl,C2,pentafluorophenyl,pentachlorophenyl,<LB_N><LB1_ethyl><LB2_ethyl><LINKER_C2><LA1_pentafluorophenyl><LA2_pentachlorophenyl>,CCN(CC)CCB(c1c(F)c(F)c(F)c(F)c1F)c1c(Cl)c(Cl)c(Cl)c(Cl)c1Cl
N,ethyl,ethyl,C3,pentafluorophenyl,pentachlorophenyl,<LB_N><LB1_ethyl><LB2_ethyl><LINKER_C3><LA1_pentafluorophenyl><LA2_pentachlorophenyl>,CCN(CC)CCCB(c1c(F)c(F)c(F)c(F)c1F)c1c(Cl)c(Cl)c(Cl)c(Cl)c1Cl
N,ethyl,ethyl,C4,pentafluorophenyl,pentachlorophenyl,<LB_N><LB1_ethyl><LB2_ethyl><LINKER_C4><LA1_pentafluorophenyl><LA2_pentachlorophenyl>,CCN(CC)CCCCB(c1c(F)c(F)c(F)c(F)c1F)c1c(Cl)c(Cl)c(Cl)c(Cl)c1Cl
N,ethyl,ethyl,C5,pentafluorophenyl,pentachlorophenyl,<LB_N><LB1_ethyl><LB2_ethyl><LINKER_C5><LA1_pentafluorophenyl><LA2_pentachlorophenyl>,CCN(CC)CCCCCB(c1c(F)c(F)c(F)c(F)c1F)c1c(Cl)c(Cl)c(Cl)c(Cl)c1Cl
N,ethyl,ethyl,C6,pentafluorophenyl,pentachlorophenyl,<LB_N><LB1_ethyl><LB2_ethyl><LINKER_C6><LA1_pentafluorophenyl><LA2_pentachlorophenyl>,CCN(CC)CCCCCCB(c1c(F)c(F)c(F)c(F)c1F)c1c(Cl)c(Cl)c(Cl)c(Cl)c1Cl
N,ethyl,ethyl,C1,pentafluorophenyl,bis_cf3_phenyl,<LB_N><LB1_ethyl><LB2_ethyl><LINKER_C1><LA1_pentafluorophenyl><LA2_bis_cf3_phenyl>,CCN(CC)CB(c1cc(C(F)(F)F)cc(C(F)(F)F)c1)c1c(F)c(F)c(F)c(F)c1F
N,ethyl,ethyl,C2,pentafluorophenyl,bis_cf3_phenyl,<LB_N><LB1_ethyl><LB2_ethyl><LINKER_C2><LA1_pentafluorophenyl><LA2_bis_cf3_phenyl>,CCN(CC)CCB(c1cc(C(F)(F)F)cc(C(F)(F)F)c1)c1c(F)c(F)c(F)c(F)c1F
N,ethyl,ethyl,C3,pentafluorophenyl,bis_cf3_phenyl,<LB_N><LB1_ethyl><LB2_ethyl><LINKER_C3><LA1_pentafluorophenyl><LA2_bis_cf3_phenyl>,CCN(CC)CCCB(c1cc(C(F)(F)F)cc(C(F)(F)F)c1)c1c(F)c(F)c(F)c(F)c1F
N,ethyl,ethyl,C4,pentafluorophenyl,bis_cf3_phenyl,<LB_N><LB1_ethyl><LB2_ethyl><LINKER_C4><LA1_pentafluorophenyl><LA2_bis_cf3_phenyl>,CCN(CC)CCCCB(c1cc(C(F)(F)F)cc(C(F)(F)F)c1)c1c(F)c(F)c(F)c(F)c1F
N,ethyl,ethyl,C5,pentafluorophenyl,bis_cf3_phenyl,<LB_N><LB1_ethyl><LB2_ethyl><LINKER_C5><LA1_pentafluorophenyl><LA2_bis_cf3_phenyl>,CCN(CC)CCCCCB(c1cc(C(F)(F)F)cc(C(F)(F)F)c1)c1c(F)c(F)c(F)c(F)c1F
N,ethyl,ethyl,C6,pentafluorophenyl,bis_cf3_phenyl,<LB_N><LB1_ethyl><LB2_ethyl><LINKER_C6><LA1_pentafluorophenyl><LA2_bis_cf3_phenyl>,CCN(CC)CCCCCCB(c1cc(C(F)(F)F)cc(C(F)(F)F)c1)c1c(F)c(F)c(F)c(F)c1F
N,ethyl,ethyl,C1,pentachlorophenyl,pentachlorophenyl,<LB_N><LB1_ethyl><LB2_ethyl><LINKER_C1><LA1_pentachlorophenyl><LA2_pentachlorophenyl>,CCN(CC)CB(c1c(Cl)c(Cl)c(Cl)c(Cl)c1Cl)c1c(Cl)c(Cl)c(Cl)c(Cl)c1Cl
N,ethyl,ethyl,C2,pentachlorophenyl,pentachlorophenyl,<LB_N><LB1_ethyl><LB2_ethyl><LINKER_C2><LA1_pentachlorophenyl><LA2_pentachlorophenyl>,CCN(CC)CCB(c1c(Cl)c(Cl)c(Cl)c(Cl)c1Cl)c1c(Cl)c(Cl)c(Cl)c(Cl)c1Cl
N,ethyl,ethyl,C3,pentachlorophenyl,pentachlorophenyl,<LB_N><LB1_ethyl><LB2_ethyl><LINKER_C3><LA1_pentachlorophenyl><LA2_pentachlorophenyl>,CCN(CC)CCCB(c1c(Cl)c(Cl)c(Cl)c(Cl)c1Cl)c1c(Cl)c(Cl)c(Cl)c(Cl)c1Cl
N,ethyl,ethyl,C4,pentachlorophenyl,pentachlorophenyl,<LB_N><LB1_ethyl><LB2_ethyl><LINKER_C4><LA1_pentachlorophenyl><LA2_pentachlorophenyl>,CCN(CC)CCCCB(c1c(Cl)c(Cl)c(Cl)c(Cl)c1Cl)c1c(Cl)c(Cl)c(Cl)c(Cl)c1Cl
N,ethyl,ethyl,C5,pentachlorophenyl,pentachlorophenyl,<LB_N><LB1_ethyl><LB2_ethyl><LINKER_C5><LA1_pentachlorophenyl><LA2_pentachlorophenyl>,CCN(CC)CCCCCB(c1c(Cl)c(Cl)c(Cl)c(Cl)c1Cl)c1c(Cl)c(Cl)c(Cl)c(Cl)c1Cl
N,ethyl,ethyl,C6,pentachlorophenyl,pentachlorophenyl,<LB_N><LB1_ethyl><LB2_ethyl><LINKER_C6><LA1_pentachlorophenyl><LA2_pentachlorophenyl>,CCN(CC)CCCCCCB(c1c(Cl)c(Cl)c(Cl)c(Cl)c1Cl)c1c(Cl)c(Cl)c(Cl)c(Cl)c1Cl
N,ethyl,ethyl,C1,pentachlorophenyl,bis_cf3_phenyl,<LB_N><LB1_ethyl><LB2_ethyl><LINKER_C1><LA1_pentachlorophenyl><LA2_bis_cf3_phenyl>,CCN(CC)CB(c1cc(C(F)(F)F)cc(C(F)(F)F)c1)c1c(Cl)c(Cl)c(Cl)c(Cl)c1Cl
N,ethyl,ethyl,C2,pentachlorophenyl,bis_cf3_phenyl,<LB_N><LB1_ethyl><LB2_ethyl><LINKER_C2><LA1_pentachlorophenyl><LA2_bis_cf3_phenyl>,CCN(CC)CCB(c1cc(C(F)(F)F)cc(C(F)(F)F)c1)c1c(Cl)c(Cl)c(Cl)c(Cl)c1Cl
N,ethyl,ethyl,C3,pentachlorophenyl,bis_cf3_phenyl,<LB_N><LB1_ethyl><LB2_ethyl><LINKER_C3><LA1_pentachlorophenyl><LA2_bis_cf3_phenyl>,CCN(CC)CCCB(c1cc(C(F)(F)F)cc(C(F)(F)F)c1)c1c(Cl)c(Cl)c(Cl)c(Cl)c1Cl
N,ethyl,ethyl,C4,pentachlorophenyl,bis_cf3_phenyl,<LB_N><LB1_ethyl><LB2_ethyl><LINKER_C4><LA1_pentachlorophenyl><LA2_bis_cf3_phenyl>,CCN(CC)CCCCB(c1cc(C(F)(F)F)cc(C(F)(F)F)c1)c1c(Cl)c(Cl)c(Cl)c(Cl)c1Cl
N,ethyl,ethyl,C5,pentachlorophenyl,bis_cf3_phenyl,<LB_N><LB1_ethyl><LB2_ethyl><LINKER_C5><LA1_pentachlorophenyl><LA2_bis_cf3_phenyl>,CCN(CC)CCCCCB(c1cc(C(F)(F)F)cc(C(F)(F)F)c1)c1c(Cl)c(Cl)c(Cl)c(Cl)c1Cl
N,ethyl,ethyl,C6,pentachlorophenyl,bis_cf3_phenyl,<LB_N><LB1_ethyl><LB2_ethyl><LINKER_C6><LA1_pentachlorophenyl><LA2_bis_cf3_phenyl>,CCN(CC)CCCCCCB(c1cc(C(F)(F)F)cc(C(F)(F)F)c1)c1c(Cl)c(Cl)c(Cl)c(Cl)c1Cl
N,ethyl,ethyl,C1,bis_cf3_phenyl,bis_cf3_phenyl,<LB_N><LB1_ethyl><LB2_ethyl><LINKER_C1><LA1_bis_cf3_phenyl><LA2_bis_cf3_phenyl>,CCN(CC)CB(c1cc(C(F)(F)F)cc(C(F)(F)F)c1)c1cc(C(F)(F)F)cc(C(F)(F)F)c1
N,ethyl,ethyl,C2,bis_cf3_phenyl,bis_cf3_phenyl,<LB_N><LB1_ethyl><LB2_ethyl><LINKER_C2><LA1_bis_cf3_phenyl><LA2_bis_cf3_phenyl>,CCN(CC)CCB(c1cc(C(F)(F)F)cc(C(F)(F)F)c1)c1cc(C(F)(F)F)cc(C(F)(F)F)c1
N,ethyl,ethyl,C3,bis_cf3_phenyl,bis_cf3_phenyl,<LB_N><LB1_ethyl><LB2_ethyl><LINKER_C3><LA1_bis_cf3_phenyl><LA2_bis_cf3_phenyl>,CCN(CC)CCCB(c1cc(C(F)(F)F)cc(C(F)(F)F)c1)c1cc(C(F)(F)F)cc(C(F)(F)F)c1
N,ethyl,ethyl,C4,bis_cf3_phenyl,bis_cf3_phenyl,<LB_N><LB1_ethyl><LB2_ethyl><LINKER_C4><LA1_bis_cf3_phenyl><LA2_bis_cf3_phenyl>,CCN(CC)CCCCB(c1cc(C(F)(F)F)cc(C(F)(F)F)c1)c1cc(C(F)(F)F)cc(C(F)(F)F)c1
N,ethyl,ethyl,C5,bis_cf3_phenyl,bis_cf3_phenyl,<LB_N><LB1_ethyl><LB2_ethyl><LINKER_C5><LA1_bis_cf3_phenyl><LA2_bis_cf3_phenyl>,CCN(CC)CCCCCB(c1cc(C(F)(F)F)cc(C(F)(F)F)c1)c1cc(C(F)(F)F)cc(C(F)(F)F)c1
N,ethyl,ethyl,C6,bis_cf3_phenyl,bis_cf3_phenyl,<LB_N><LB1_ethyl><LB2_ethyl><LINKER_C6><LA1_bis_cf3_phenyl><LA2_bis_cf3_phenyl>,CCN(CC)CCCCCCB(c1cc(C(F)(F)F)cc(C(F)(F)F)c1)c1cc(C(F)(F)F)cc(C(F)(F)F)c1
N,ethyl,isopropyl,C1,phenyl,phenyl,<LB_N><LB1_ethyl><LB2_isopropyl><LINKER_C1><LA1_phenyl><LA2_phenyl>,CCN(CB(c1ccccc1)c1ccccc1)C(C)C
N,ethyl,isopropyl,C2,phenyl,phenyl,<LB_N><LB1_ethyl><LB2_isopropyl><LINKER_C2><LA1_phenyl><LA2_phenyl>,CCN(CCB(c1ccccc1)c1ccccc1)C(C)C
N,ethyl,isopropyl,C3,phenyl,phenyl,<LB_N><LB1_ethyl><LB2_isopropyl><LINKER_C3><LA1_phenyl><LA2_phenyl>,CCN(CCCB(c1ccccc1)c1ccccc1)C(C)C
N,ethyl,isopropyl,C4,phenyl,phenyl,<LB_N><LB1_ethyl><LB2_isopropyl><LINKER_C4><LA1_phenyl><LA2_phenyl>,CCN(CCCCB(c1ccccc1)c1ccccc1)C(C)C
N,ethyl,isopropyl,C5,phenyl,phenyl,<LB_N><LB1_ethyl><LB2_isopropyl><LINKER_C5><LA1_phenyl><LA2_phenyl>,CCN(CCCCCB(c1ccccc1)c1ccccc1)C(C)C
N,ethyl,isopropyl,C6,phenyl,phenyl,<LB_N><LB1_ethyl><LB2_isopropyl><LINKER_C6><LA1_phenyl><LA2_phenyl>,CCN(CCCCCCB(c1ccccc1)c1ccccc1)C(C)C
N,ethyl,isopropyl,C1,phenyl,p_tolyl,<LB_N><LB1_ethyl><LB2_isopropyl><LINKER_C1><LA1_phenyl><LA2_p_tolyl>,CCN(CB(c1ccccc1)c1ccc(C)cc1)C(C)C
N,ethyl,isopropyl,C2,phenyl,p_tolyl,<LB_N><LB1_ethyl><LB2_isopropyl><LINKER_C2><LA1_phenyl><LA2_p_tolyl>,CCN(CCB(c1ccccc1)c1ccc(C)cc1)C(C)C
N,ethyl,isopropyl,C3,phenyl,p_tolyl,<LB_N><LB1_ethyl><LB2_isopropyl><LINKER_C3><LA1_phenyl><LA2_p_tolyl>,CCN(CCCB(c1ccccc1)c1ccc(C)cc1)C(C)C
N,ethyl,isopropyl,C4,phenyl,p_tolyl,<LB_N><LB1_ethyl><LB2_isopropyl><LINKER_C4><LA1_phenyl><LA2_p_tolyl>,CCN(CCCCB(c1ccccc1)c1ccc(C)cc1)C(C)C
N,ethyl,isopropyl,C5,phenyl,p_tolyl,<LB_N><LB1_ethyl><LB2_isopropyl><LINKER_C5><LA1_phenyl><LA2_p_tolyl>,CCN(CCCCCB(c1ccccc1)c1ccc(C)cc1)C(C)C
N,ethyl,isopropyl,C6,phenyl,p_tolyl,<LB_N><LB1_ethyl><LB2_isopropyl><LINKER_C6><LA1_phenyl><LA2_p_tolyl>,CCN(CCCCCCB(c1ccccc1)c1ccc(C)cc1)C(C)C
N,ethyl,isopropyl,C1,phenyl,mesityl,<LB_N><LB1_ethyl><LB2_isopropyl><LINKER_C1><LA1_phenyl><LA2_mesityl>,CCN(CB(c1ccccc1)c1c(C)cc(C)cc1C)C(C)C
N,ethyl,isopropyl,C2,phenyl,mesityl,<LB_N><LB1_ethyl><LB2_isopropyl><LINKER_C2><LA1_phenyl><LA2_mesityl>,CCN(CCB(c1ccccc1)c1c(C)cc(C)cc1C)C(C)C
N,ethyl,isopropyl,C3,phenyl,mesityl,<LB_N><LB1_ethyl><LB2_isopropyl><LINKER_C3><LA1_phenyl><LA2_mesityl>,CCN(CCCB(c1ccccc1)c1c(C)cc(C)cc1C)C(C)C
N,ethyl,isopropyl,C4,phenyl,mesityl,<LB_N><LB1_ethyl><LB2_isopropyl><LINKER_C4><LA1_phenyl><LA2_mesityl>,CCN(CCCCB(c1ccccc1)c1c(C)cc(C)cc1C)C(C)C
N,ethyl,isopropyl,C5,phenyl,mesityl,<LB_N><LB1_ethyl><LB2_isopropyl><LINKER_C5><LA1_phenyl><LA2_mesityl>,CCN(CCCCCB(c1ccccc1)c1c(C)cc(C)cc1C)C(C)C
N,ethyl,isopropyl,C6,phenyl,mesityl,<LB_N><LB1_ethyl><LB2_isopropyl><LINKER_C6><LA1_phenyl><LA2_mesityl>,CCN(CCCCCCB(c1ccccc1)c1c(C)cc(C)cc1C)C(C)C
N,ethyl,isopropyl,C1,phenyl,pentafluorophenyl,<LB_N><LB1_ethyl><LB2_isopropyl><LINKER_C1><LA1_phenyl><LA2_pentafluorophenyl>,CCN(CB(c1ccccc1)c1c(F)c(F)c(F)c(F)c1F)C(C)C
N,ethyl,isopropyl,C2,phenyl,pentafluorophenyl,<LB_N><LB1_ethyl><LB2_isopropyl><LINKER_C2><LA1_phenyl><LA2_pentafluorophenyl>,CCN(CCB(c1ccccc1)c1c(F)c(F)c(F)c(F)c1F)C(C)C
N,ethyl,isopropyl,C3,phenyl,pentafluorophenyl,<LB_N><LB1_ethyl><LB2_isopropyl><LINKER_C3><LA1_phenyl><LA2_pentafluorophenyl>,CCN(CCCB(c1ccccc1)c1c(F)c(F)c(F)c(F)c1F)C(C)C
N,ethyl,isopropyl,C4,phenyl,pentafluorophenyl,<LB_N><LB1_ethyl><LB2_isopropyl><LINKER_C4><LA1_phenyl><LA2_pentafluorophenyl>,CCN(CCCCB(c1ccccc1)c1c(F)c(F)c(F)c(F)c1F)C(C)C
N,ethyl,isopropyl,C5,phenyl,pentafluorophenyl,<LB_N><LB1_ethyl><LB2_isopropyl><LINKER_C5><LA1_phenyl><LA2_pentafluorophenyl>,CCN(CCCCCB(c1ccccc1)c1c(F)c(F)c(F)c(F)c1F)C(C)C
N,ethyl,isopropyl,C6,phenyl,pentafluorophenyl,<LB_N><LB1_ethyl><LB2_isopropyl><LINKER_C6><LA1_phenyl><LA2_pentafluorophenyl>,CCN(CCCCCCB(c1ccccc1)c1c(F)c(F)c(F)c(F)c1F)C(C)C
N,ethyl,isopropyl,C1,phenyl,pentachlorophenyl,<LB_N><LB1_ethyl><LB2_isopropyl><LINKER_C1><LA1_phenyl><LA2_pentachlorophenyl>,CCN(CB(c1ccccc1)c1c(Cl)c(Cl)c(Cl)c(Cl)c1Cl)C(C)C
N,ethyl,isopropyl,C2,phenyl,pentachlorophenyl,<LB_N><LB1_ethyl><LB2_isopropyl><LINKER_C2><LA1_phenyl><LA2_pentachlorophenyl>,CCN(CCB(c1ccccc1)c1c(Cl)c(Cl)c(Cl)c(Cl)c1Cl)C(C)C
N,ethyl,isopropyl,C3,phenyl,pentachlorophenyl,<LB_N><LB1_ethyl><LB2_isopropyl><LINKER_C3><LA1_phenyl><LA2_pentachlorophenyl>,CCN(CCCB(c1ccccc1)c1c(Cl)c(Cl)c(Cl)c(Cl)c1Cl)C(C)C
N,ethyl,isopropyl,C4,phenyl,pentachlorophenyl,<LB_N><LB1_ethyl><LB2_isopropyl><LINKER_C4><LA1_phenyl><LA2_pentachlorophenyl>,CCN(CCCCB(c1ccccc1)c1c(Cl)c(Cl)c(Cl)c(Cl)c1Cl)C(C)C
N,ethyl,isopropyl,C5,phenyl,pentachlorophenyl,<LB_N><LB1_ethyl><LB2_isopropyl><LINKER_C5><LA1_phenyl><LA2_pentachlorophenyl>,CCN(CCCCCB(c1ccccc1)c1c(Cl)c(Cl)c(Cl)c(Cl)c1Cl)C(C)C
N,ethyl,isopropyl,C6,phenyl,pentachlorophenyl,<LB_N><LB1_ethyl><LB2_isopropyl><LINKER_C6><LA1_phenyl><LA2_pentachlorophenyl>,CCN(CCCCCCB(c1ccccc1)c1c(Cl)c(Cl)c(Cl)c(Cl)c1Cl)C(C)C
N,ethyl,isopropyl,C1,phenyl,bis_cf3_phenyl,<LB_N><LB1_ethyl><LB2_isopropyl><LINKER_C1><LA1_phenyl><LA2_bis_cf3_phenyl>,CCN(CB(c1ccccc1)c1cc(C(F)(F)F)cc(C(F)(F)F)c1)C(C)C
N,ethyl,isopropyl,C2,phenyl,bis_cf3_phenyl,<LB_N><LB1_ethyl><LB2_isopropyl><LINKER_C2><LA1_phenyl><LA2_bis_cf3_phenyl>,CCN(CCB(c1ccccc1)c1cc(C(F)(F)F)cc(C(F)(F)F)c1)C(C)C
N,ethyl,isopropyl,C3,phenyl,bis_cf3_phenyl,<LB_N><LB1_ethyl><LB2_isopropyl><LINKER_C3><LA1_phenyl><LA2_bis_cf3_phenyl>,CCN(CCCB(c1ccccc1)c1cc(C(F)(F)F)cc(C(F)(F)F)c1)C(C)C
N,ethyl,isopropyl,C4,phenyl,bis_cf3_phenyl,<LB_N><LB1_ethyl><LB2_isopropyl><LINKER_C4><LA1_phenyl><LA2_bis_cf3_phenyl>,CCN(CCCCB(c1ccccc1)c1cc(C(F)(F)F)cc(C(F)(F)F)c1)C(C)C
N,ethyl,isopropyl,C5,phenyl,bis_cf3_phenyl,<LB_N><LB1_ethyl><LB2_isopropyl><LINKER_C5><LA1_phenyl><LA2_bis_cf3_phenyl>,CCN(CCCCCB(c1ccccc1)c1cc(C(F)(F)F)cc(C(F)(F)F)c1)C(C)C
N,ethyl,isopropyl,C6,phenyl,bis_cf3_phenyl,<LB_N><LB1_ethyl><LB2_isopropyl><LINKER_C6><LA1_phenyl><LA2_bis_cf3_phenyl>,CCN(CCCCCCB(c1ccccc1)c1cc(C(F)(F)F)cc(C(F)(F)F)c1)C(C)C
N,ethyl,isopropyl,C1,p_tolyl,p_tolyl,<LB_N><LB1_ethyl><LB2_isopropyl><LINKER_C1><LA1_p_tolyl><LA2_p_tolyl>,CCN(CB(c1ccc(C)cc1)c1ccc(C)cc1)C(C)C
N,ethyl,isopropyl,C2,p_tolyl,p_tolyl,<LB_N><LB1_ethyl><LB2_isopropyl><LINKER_C2><LA1_p_tolyl><LA2_p_tolyl>,CCN(CCB(c1ccc(C)cc1)c1ccc(C)cc1)C(C)C
N,ethyl,isopropyl,C3,p_tolyl,p_tolyl,<LB_N><LB1_ethyl><LB2_isopropyl><LINKER_C3><LA1_p_tolyl><LA2_p_tolyl>,CCN(CCCB(c1ccc(C)cc1)c1ccc(C)cc1)C(C)C
N,ethyl,isopropyl,C4,p_tolyl,p_tolyl,<LB_N><LB1_ethyl><LB2_isopropyl><LINKER_C4><LA1_p_tolyl><LA2_p_tolyl>,CCN(CCCCB(c1ccc(C)cc1)c1ccc(C)cc1)C(C)C
N,ethyl,isopropyl,C5,p_tolyl,p_tolyl,<LB_N><LB1_ethyl><LB2_isopropyl><LINKER_C5><LA1_p_tolyl><LA2_p_tolyl>,CCN(CCCCCB(c1ccc(C)cc1)c1ccc(C)cc1)C(C)C
N,ethyl,isopropyl,C6,p_tolyl,p_tolyl,<LB_N><LB1_ethyl><LB2_isopropyl><LINKER_C6><LA1_p_tolyl><LA2_p_tolyl>,CCN(CCCCCCB(c1ccc(C)cc1)c1ccc(C)cc1)C(C)C
N,ethyl,isopropyl,C1,p_tolyl,mesityl,<LB_N><LB1_ethyl><LB2_isopropyl><LINKER_C1><LA1_p_tolyl><LA2_mesityl>,CCN(CB(c1ccc(C)cc1)c1c(C)cc(C)cc1C)C(C)C
N,ethyl,isopropyl,C2,p_tolyl,mesityl,<LB_N><LB1_ethyl><LB2_isopropyl><LINKER_C2><LA1_p_tolyl><LA2_mesityl>,CCN(CCB(c1ccc(C)cc1)c1c(C)cc(C)cc1C)C(C)C
N,ethyl,isopropyl,C3,p_tolyl,mesityl,<LB_N><LB1_ethyl><LB2_isopropyl><LINKER_C3><LA1_p_tolyl><LA2_mesityl>,CCN(CCCB(c1ccc(C)cc1)c1c(C)cc(C)cc1C)C(C)C
N,ethyl,isopropyl,C4,p_tolyl,mesityl,<LB_N><LB1_ethyl><LB2_isopropyl><LINKER_C4><LA1_p_tolyl><LA2_mesityl>,CCN(CCCCB(c1ccc(C)cc1)c1c(C)cc(C)cc1C)C(C)C
N,ethyl,isopropyl,C5,p_tolyl,mesityl,<LB_N><LB1_ethyl><LB2_isopropyl><LINKER_C5><LA1_p_tolyl><LA2_mesityl>,CCN(CCCCCB(c1ccc(C)cc1)c1c(C)cc(C)cc1C)C(C)C
N,ethyl,isopropyl,C6,p_tolyl,mesityl,<LB_N><LB1_ethyl><LB2_isopropyl><LINKER_C6><LA1_p_tolyl><LA2_mesityl>,CCN(CCCCCCB(c1ccc(C)cc1)c1c(C)cc(C)cc1C)C(C)C
N,ethyl,isopropyl,C1,p_tolyl,pentafluorophenyl,<LB_N><LB1_ethyl><LB2_isopropyl><LINKER_C1><LA1_p_tolyl><LA2_pentafluorophenyl>,CCN(CB(c1ccc(C)cc1)c1c(F)c(F)c(F)c(F)c1F)C(C)C
N,ethyl,isopropyl,C2,p_tolyl,pentafluorophenyl,<LB_N><LB1_ethyl><LB2_isopropyl><LINKER_C2><LA1_p_tolyl><LA2_pentafluorophenyl>,CCN(CCB(c1ccc(C)cc1)c1c(F)c(F)c(F)c(F)c1F)C(C)C
N,ethyl,isopropyl,C3,p_tolyl,pentafluorophenyl,<LB_N><LB1_ethyl><LB2_isopropyl><LINKER_C3><LA1_p_tolyl><LA2_pentafluorophenyl>,CCN(CCCB(c1ccc(C)cc1)c1c(F)c(F)c(F)c(F)c1F)C(C)C
N,ethyl,isopropyl,C4,p_tolyl,pentafluorophenyl,<LB_N><LB1_ethyl><LB2_isopropyl><LINKER_C4><LA1_p_tolyl><LA2_pentafluorophenyl>,CCN(CCCCB(c1ccc(C)cc1)c1c(F)c(F)c(F)c(F)c1F)C(C)C
N,ethyl,isopropyl,C5,p_tolyl,pentafluorophenyl,<LB_N><LB1_ethyl><LB2_isopropyl><LINKER_C5><LA1_p_tolyl><LA2_pentafluorophenyl>,CCN(CCCCCB(c1ccc(C)cc1)c1c(F)c(F)c(F)c(F)c1F)C(C)C
N,ethyl,isopropyl,C6,p_tolyl,pentafluorophenyl,<LB_N><LB1_ethyl><LB2_isopropyl><LINKER_C6><LA1_p_tolyl><LA2_pentafluorophenyl>,CCN(CCCCCCB(c1ccc(C)cc1)c1c(F)c(F)c(F)c(F)c1F)C(C)C
N,ethyl,isopropyl,C1,p_tolyl,pentachlorophenyl,<LB_N><LB1_ethyl><LB2_isopropyl><LINKER_C1><LA1_p_tolyl><LA2_pentachlorophenyl>,CCN(CB(c1ccc(C)cc1)c1c(Cl)c(Cl)c(Cl)c(Cl)c1Cl)C(C)C
N,ethyl,isopropyl,C2,p_tolyl,pentachlorophenyl,<LB_N><LB1_ethyl><LB2_isopropyl><LINKER_C2><LA1_p_tolyl><LA2_pentachlorophenyl>,CCN(CCB(c1ccc(C)cc1)c1c(Cl)c(Cl)c(Cl)c(Cl)c1Cl)C(C)C
N,ethyl,isopropyl,C3,p_tolyl,pentachlorophenyl,<LB_N><LB1_ethyl><LB2_isopropyl><LINKER_C3><LA1_p_tolyl><LA2_pentachlorophenyl>,CCN(CCCB(c1ccc(C)cc1)c1c(Cl)c(Cl)c(Cl)c(Cl)c1Cl)C(C)C
N,ethyl,isopropyl,C4,p_tolyl,pentachlorophenyl,<LB_N><LB1_ethyl><LB2_isopropyl><LINKER_C4><LA1_p_tolyl><LA2_pentachlorophenyl>,CCN(CCCCB(c1ccc(C)cc1)c1c(Cl)c(Cl)c(Cl)c(Cl)c1Cl)C(C)C
N,ethyl,isopropyl,C5,p_tolyl,pentachlorophenyl,<LB_N><LB1_ethyl><LB2_isopropyl><LINKER_C5><LA1_p_tolyl><LA2_pentachlorophenyl>,CCN(CCCCCB(c1ccc(C)cc1)c1c(Cl)c(Cl)c(Cl)c(Cl)c1Cl)C(C)C
N,ethyl,isopropyl,C6,p_tolyl,pentachlorophenyl,<LB_N><LB1_ethyl><LB2_isopropyl><LINKER_C6><LA1_p_tolyl><LA2_pentachlorophenyl>,CCN(CCCCCCB(c1ccc(C)cc1)c1c(Cl)c(Cl)c(Cl)c(Cl)c1Cl)C(C)C
N,ethyl,isopropyl,C1,p_tolyl,bis_cf3_phenyl,<LB_N><LB1_ethyl><LB2_isopropyl><LINKER_C1><LA1_p_tolyl><LA2_bis_cf3_phenyl>,CCN(CB(c1ccc(C)cc1)c1cc(C(F)(F)F)cc(C(F)(F)F)c1)C(C)C
N,ethyl,isopropyl,C2,p_tolyl,bis_cf3_phenyl,<LB_N><LB1_ethyl><LB2_isopropyl><LINKER_C2><LA1_p_tolyl><LA2_bis_cf3_phenyl>,CCN(CCB(c1ccc(C)cc1)c1cc(C(F)(F)F)cc(C(F)(F)F)c1)C(C)C
N,ethyl,isopropyl,C3,p_tolyl,bis_cf3_phenyl,<LB_N><LB1_ethyl><LB2_isopropyl><LINKER_C3><LA1_p_tolyl><LA2_bis_cf3_phenyl>,CCN(CCCB(c1ccc(C)cc1)c1cc(C(F)(F)F)cc(C(F)(F)F)c1)C(C)C
N,ethyl,isopropyl,C4,p_tolyl,bis_cf3_phenyl,<LB_N><LB1_ethyl><LB2_isopropyl><LINKER_C4><LA1_p_tolyl><LA2_bis_cf3_phenyl>,CCN(CCCCB(c1ccc(C)cc1)c1cc(C(F)(F)F)cc(C(F)(F)F)c1)C(C)C
N,ethyl,isopropyl,C5,p_tolyl,bis_cf3_phenyl,<LB_N><LB1_ethyl><LB2_isopropyl><LINKER_C5><LA1_p_tolyl><LA2_bis_cf3_phenyl>,CCN(CCCCCB(c1ccc(C)cc1)c1cc(C(F)(F)F)cc(C(F)(F)F)c1)C(C)C
N,ethyl,isopropyl,C6,p_tolyl,bis_cf3_phenyl,<LB_N><LB1_ethyl><LB2_isopropyl><LINKER_C6><LA1_p_tolyl><LA2_bis_cf3_phenyl>,CCN(CCCCCCB(c1ccc(C)cc1)c1cc(C(F)(F)F)cc(C(F)(F)F)c1)C(C)C
N,ethyl,isopropyl,C1,mesityl,mesityl,<LB_N><LB1_ethyl><LB2_isopropyl><LINKER_C1><LA1_mesityl><LA2_mesityl>,CCN(CB(c1c(C)cc(C)cc1C)c1c(C)cc(C)cc1C)C(C)C
N,ethyl,isopropyl,C2,mesityl,mesityl,<LB_N><LB1_ethyl><LB2_isopropyl><LINKER_C2><LA1_mesityl><LA2_mesityl>,CCN(CCB(c1c(C)cc(C)cc1C)c1c(C)cc(C)cc1C)C(C)C
N,ethyl,isopropyl,C3,mesityl,mesityl,<LB_N><LB1_ethyl><LB2_isopropyl><LINKER_C3><LA1_mesityl><LA2_mesityl>,CCN(CCCB(c1c(C)cc(C)cc1C)c1c(C)cc(C)cc1C)C(C)C
N,ethyl,isopropyl,C4,mesityl,mesityl,<LB_N><LB1_ethyl><LB2_isopropyl><LINKER_C4><LA1_mesityl><LA2_mesityl>,CCN(CCCCB(c1c(C)cc(C)cc1C)c1c(C)cc(C)cc1C)C(C)C
N,ethyl,isopropyl,C5,mesityl,mesityl,<LB_N><LB1_ethyl><LB2_isopropyl><LINKER_C5><LA1_mesityl><LA2_mesityl>,CCN(CCCCCB(c1c(C)cc(C)cc1C)c1c(C)cc(C)cc1C)C(C)C
N,ethyl,isopropyl,C6,mesityl,mesityl,<LB_N><LB1_ethyl><LB2_isopropyl><LINKER_C6><LA1_mesityl><LA2_mesityl>,CCN(CCCCCCB(c1c(C)cc(C)cc1C)c1c(C)cc(C)cc1C)C(C)C
N,ethyl,isopropyl,C1,mesityl,pentafluorophenyl,<LB_N><LB1_ethyl><LB2_isopropyl><LINKER_C1><LA1_mesityl><LA2_pentafluorophenyl>,CCN(CB(c1c(C)cc(C)cc1C)c1c(F)c(F)c(F)c(F)c1F)C(C)C
N,ethyl,isopropyl,C2,mesityl,pentafluorophenyl,<LB_N><LB1_ethyl><LB2_isopropyl><LINKER_C2><LA1_mesityl><LA2_pentafluorophenyl>,CCN(CCB(c1c(C)cc(C)cc1C)c1c(F)c(F)c(F)c(F)c1F)C(C)C
N,ethyl,isopropyl,C3,mesityl,pentafluorophenyl,<LB_N><LB1_ethyl><LB2_isopropyl><LINKER_C3><LA1_mesityl><LA2_pentafluorophenyl>,CCN(CCCB(c1c(C)cc(C)cc1C)c1c(F)c(F)c(F)c(F)c1F)C(C)C
N,ethyl,isopropyl,C4,mesityl,pentafluorophenyl,<LB_N><LB1_ethyl><LB2_isopropyl><LINKER_C4><LA1_mesityl><LA2_pentafluorophenyl>,CCN(CCCCB(c1c(C)cc(C)cc1C)c1c(F)c(F)c(F)c(F)c1F)C(C)C
N,ethyl,isopropyl,C5,mesityl,pentafluorophenyl,<LB_N><LB1_ethyl><LB2_isopropyl><LINKER_C5><LA1_mesityl><LA2_pentafluorophenyl>,CCN(CCCCCB(c1c(C)cc(C)cc1C)c1c(F)c(F)c(F)c(F)c1F)C(C)C
N,ethyl,isopropyl,C6,mesityl,pentafluorophenyl,<LB_N><LB1_ethyl><LB2_isopropyl><LINKER_C6><LA1_mesityl><LA2_pentafluorophenyl>,CCN(CCCCCCB(c1c(C)cc(C)cc1C)c1c(F)c(F)c(F)c(F)c1F)C(C)C
N,ethyl,isopropyl,C1,mesityl,pentachlorophenyl,<LB_N><LB1_ethyl><LB2_isopropyl><LINKER_C1><LA1_mesityl><LA2_pentachlorophenyl>,CCN(CB(c1c(C)cc(C)cc1C)c1c(Cl)c(Cl)c(Cl)c(Cl)c1Cl)C(C)C
N,ethyl,isopropyl,C2,mesityl,pentachlorophenyl,<LB_N><LB1_ethyl><LB2_isopropyl><LINKER_C2><LA1_mesityl><LA2_pentachlorophenyl>,CCN(CCB(c1c(C)cc(C)cc1C)c1c(Cl)c(Cl)c(Cl)c(Cl)c1Cl)C(C)C
N,ethyl,isopropyl,C3,mesityl,pentachlorophenyl,<LB_N><LB1_ethyl><LB2_isopropyl><LINKER_C3><LA1_mesityl><LA2_pentachlorophenyl>,CCN(CCCB(c1c(C)cc(C)cc1C)c1c(Cl)c(Cl)c(Cl)c(Cl)c1Cl)C(C)C
N,ethyl,isopropyl,C4,mesityl,pentachlorophenyl,<LB_N><LB1_ethyl><LB2_isopropyl><LINKER_C4><LA1_mesityl><LA2_pentachlorophenyl>,CCN(CCCCB(c1c(C)cc(C)cc1C)c1c(Cl)c(Cl)c(Cl)c(Cl)c1Cl)C(C)C
N,ethyl,isopropyl,C5,mesityl,pentachlorophenyl,<LB_N><LB1_ethyl><LB2_isopropyl><LINKER_C5><LA1_mesityl><LA2_pentachlorophenyl>,CCN(CCCCCB(c1c(C)cc(C)cc1C)c1c(Cl)c(Cl)c(Cl)c(Cl)c1Cl)C(C)C
N,ethyl,isopropyl,C6,mesityl,pentachlorophenyl,<LB_N><LB1_ethyl><LB2_isopropyl><LINKER_C6><LA1_mesityl><LA2_pentachlorophenyl>,CCN(CCCCCCB(c1c(C)cc(C)cc1C)c1c(Cl)c(Cl)c(Cl)c(Cl)c1Cl)C(C)C
N,ethyl,isopropyl,C1,mesityl,bis_cf3_phenyl,<LB_N><LB1_ethyl><LB2_isopropyl><LINKER_C1><LA1_mesityl><LA2_bis_cf3_phenyl>,CCN(CB(c1cc(C(F)(F)F)cc(C(F)(F)F)c1)c1c(C)cc(C)cc1C)C(C)C
N,ethyl,isopropyl,C2,mesityl,bis_cf3_phenyl,<LB_N><LB1_ethyl><LB2_isopropyl><LINKER_C2><LA1_mesityl><LA2_bis_cf3_phenyl>,CCN(CCB(c1cc(C(F)(F)F)cc(C(F)(F)F)c1)c1c(C)cc(C)cc1C)C(C)C
N,ethyl,isopropyl,C3,mesityl,bis_cf3_phenyl,<LB_N><LB1_ethyl><LB2_isopropyl><LINKER_C3><LA1_mesityl><LA2_bis_cf3_phenyl>,CCN(CCCB(c1cc(C(F)(F)F)cc(C(F)(F)F)c1)c1c(C)cc(C)cc1C)C(C)C
N,ethyl,isopropyl,C4,mesityl,bis_cf3_phenyl,<LB_N><LB1_ethyl><LB2_isopropyl><LINKER_C4><LA1_mesityl><LA2_bis_cf3_phenyl>,CCN(CCCCB(c1cc(C(F)(F)F)cc(C(F)(F)F)c1)c1c(C)cc(C)cc1C)C(C)C
N,ethyl,isopropyl,C5,mesityl,bis_cf3_phenyl,<LB_N><LB1_ethyl><LB2_isopropyl><LINKER_C5><LA1_mesityl><LA2_bis_cf3_phenyl>,CCN(CCCCCB(c1cc(C(F)(F)F)cc(C(F)(F)F)c1)c1c(C)cc(C)cc1C)C(C)C
N,ethyl,isopropyl,C6,mesityl,bis_cf3_phenyl,<LB_N><LB1_ethyl><LB2_isopropyl><LINKER_C6><LA1_mesityl><LA2_bis_cf3_phenyl>,CCN(CCCCCCB(c1cc(C(F)(F)F)cc(C(F)(F)F)c1)c1c(C)cc(C)cc1C)C(C)C
N,ethyl,isopropyl,C1,pentafluorophenyl,pentafluorophenyl,<LB_N><LB1_ethyl><LB2_isopropyl><LINKER_C1><LA1_pentafluorophenyl><LA2_pentafluorophenyl>,CCN(CB(c1c(F)c(F)c(F)c(F)c1F)c1c(F)c(F)c(F)c(F)c1F)C(C)C
N,ethyl,isopropyl,C2,pentafluorophenyl,pentafluorophenyl,<LB_N><LB1_ethyl><LB2_isopropyl><LINKER_C2><LA1_pentafluorophenyl><LA2_pentafluorophenyl>,CCN(CCB(c1c(F)c(F)c(F)c(F)c1F)c1c(F)c(F)c(F)c(F)c1F)C(C)C
N,ethyl,isopropyl,C3,pentafluorophenyl,pentafluorophenyl,<LB_N><LB1_ethyl><LB2_isopropyl><LINKER_C3><LA1_pentafluorophenyl><LA2_pentafluorophenyl>,CCN(CCCB(c1c(F)c(F)c(F)c(F)c1F)c1c(F)c(F)c(F)c(F)c1F)C(C)C
N,ethyl,isopropyl,C4,pentafluorophenyl,pentafluorophenyl,<LB_N><LB1_ethyl><LB2_isopropyl><LINKER_C4><LA1_pentafluorophenyl><LA2_pentafluorophenyl>,CCN(CCCCB(c1c(F)c(F)c(F)c(F)c1F)c1c(F)c(F)c(F)c(F)c1F)C(C)C
N,ethyl,isopropyl,C5,pentafluorophenyl,pentafluorophenyl,<LB_N><LB1_ethyl><LB2_isopropyl><LINKER_C5><LA1_pentafluorophenyl><LA2_pentafluorophenyl>,CCN(CCCCCB(c1c(F)c(F)c(F)c(F)c1F)c1c(F)c(F)c(F)c(F)c1F)C(C)C
N,ethyl,isopropyl,C6,pentafluorophenyl,pentafluorophenyl,<LB_N><LB1_ethyl><LB2_isopropyl><LINKER_C6><LA1_pentafluorophenyl><LA2_pentafluorophenyl>,CCN(CCCCCCB(c1c(F)c(F)c(F)c(F)c1F)c1c(F)c(F)c(F)c(F)c1F)C(C)C
N,ethyl,isopropyl,C1,pentafluorophenyl,pentachlorophenyl,<LB_N><LB1_ethyl><LB2_isopropyl><LINKER_C1><LA1_pentafluorophenyl><LA2_pentachlorophenyl>,CCN(CB(c1c(F)c(F)c(F)c(F)c1F)c1c(Cl)c(Cl)c(Cl)c(Cl)c1Cl)C(C)C
N,ethyl,isopropyl,C2,pentafluorophenyl,pentachlorophenyl,<LB_N><LB1_ethyl><LB2_isopropyl><LINKER_C2><LA1_pentafluorophenyl><LA2_pentachlorophenyl>,CCN(CCB(c1c(F)c(F)c(F)c(F)c1F)c1c(Cl)c(Cl)c(Cl)c(Cl)c1Cl)C(C)C
N,ethyl,isopropyl,C3,pentafluorophenyl,pentachlorophenyl,<LB_N><LB1_ethyl><LB2_isopropyl><LINKER_C3><LA1_pentafluorophenyl><LA2_pentachlorophenyl>,CCN(CCCB(c1c(F)c(F)c(F)c(F)c1F)c1c(Cl)c(Cl)c(Cl)c(Cl)c1Cl)C(C)C
N,ethyl,isopropyl,C4,pentafluorophenyl,pentachlorophenyl,<LB_N><LB1_ethyl><LB2_isopropyl><LINKER_C4><LA1_pentafluorophenyl><LA2_pentachlorophenyl>,CCN(CCCCB(c1c(F)c(F)c(F)c(F)c1F)c1c(Cl)c(Cl)c(Cl)c(Cl)c1Cl)C(C)C
N,ethyl,isopropyl,C5,pentafluorophenyl,pentachlorophenyl,<LB_N><LB1_ethyl><LB2_isopropyl><LINKER_C5><LA1_pentafluorophenyl><LA2_pentachlorophenyl>,CCN(CCCCCB(c1c(F)c(F)c(F)c(F)c1F)c1c(Cl)c(Cl)c(Cl)c(Cl)c1Cl)C(C)C
N,ethyl,isopropyl,C6,pentafluorophenyl,pentachlorophenyl,<LB_N><LB1_ethyl><LB2_isopropyl><LINKER_C6><LA1_pentafluorophenyl><LA2_pentachlorophenyl>,CCN(CCCCCCB(c1c(F)c(F)c(F)c(F)c1F)c1c(Cl)c(Cl)c(Cl)c(Cl)c1Cl)C(C)C
N,ethyl,isopropyl,C1,pentafluorophenyl,bis_cf3_phenyl,<LB_N><LB1_ethyl><LB2_isopropyl><LINKER_C1><LA1_pentafluorophenyl><LA2_bis_cf3_phenyl>,CCN(CB(c1cc(C(F)(F)F)cc(C(F)(F)F)c1)c1c(F)c(F)c(F)c(F)c1F)C(C)C
N,ethyl,isopropyl,C2,pentafluorophenyl,bis_cf3_phenyl,<LB_N><LB1_ethyl><LB2_isopropyl><LINKER_C2><LA1_pentafluorophenyl><LA2_bis_cf3_phenyl>,CCN(CCB(c1cc(C(F)(F)F)cc(C(F)(F)F)c1)c1c(F)c(F)c(F)c(F)c1F)C(C)C
N,ethyl,isopropyl,C3,pentafluorophenyl,bis_cf3_phenyl,<LB_N><LB1_ethyl><LB2_isopropyl><LINKER_C3><LA1_pentafluorophenyl><LA2_bis_cf3_phenyl>,CCN(CCCB(c1cc(C(F)(F)F)cc(C(F)(F)F)c1)c1c(F)c(F)c(F)c(F)c1F)C(C)C
N,ethyl,isopropyl,C4,pentafluorophenyl,bis_cf3_phenyl,<LB_N><LB1_ethyl><LB2_isopropyl><LINKER_C4><LA1_pentafluorophenyl><LA2_bis_cf3_phenyl>,CCN(CCCCB(c1cc(C(F)(F)F)cc(C(F)(F)F)c1)c1c(F)c(F)c(F)c(F)c1F)C(C)C
N,ethyl,isopropyl,C5,pentafluorophenyl,bis_cf3_phenyl,<LB_N><LB1_ethyl><LB2_isopropyl><LINKER_C5><LA1_pentafluorophenyl><LA2_bis_cf3_phenyl>,CCN(CCCCCB(c1cc(C(F)(F)F)cc(C(F)(F)F)c1)c1c(F)c(F)c(F)c(F)c1F)C(C)C
N,ethyl,isopropyl,C6,pentafluorophenyl,bis_cf3_phenyl,<LB_N><LB1_ethyl><LB2_isopropyl><LINKER_C6><LA1_pentafluorophenyl><LA2_bis_cf3_phenyl>,CCN(CCCCCCB(c1cc(C(F)(F)F)cc(C(F)(F)F)c1)c1c(F)c(F)c(F)c(F)c1F)C(C)C
N,ethyl,isopropyl,C1,pentachlorophenyl,pentachlorophenyl,<LB_N><LB1_ethyl><LB2_isopropyl><LINKER_C1><LA1_pentachlorophenyl><LA2_pentachlorophenyl>,CCN(CB(c1c(Cl)c(Cl)c(Cl)c(Cl)c1Cl)c1c(Cl)c(Cl)c(Cl)c(Cl)c1Cl)C(C)C
N,ethyl,isopropyl,C2,pentachlorophenyl,pentachlorophenyl,<LB_N><LB1_ethyl><LB2_isopropyl><LINKER_C2><LA1_pentachlorophenyl><LA2_pentachlorophenyl>,CCN(CCB(c1c(Cl)c(Cl)c(Cl)c(Cl)c1Cl)c1c(Cl)c(Cl)c(Cl)c(Cl)c1Cl)C(C)C
N,ethyl,isopropyl,C3,pentachlorophenyl,pentachlorophenyl,<LB_N><LB1_ethyl><LB2_isopropyl><LINKER_C3><LA1_pentachlorophenyl><LA2_pentachlorophenyl>,CCN(CCCB(c1c(Cl)c(Cl)c(Cl)c(Cl)c1Cl)c1c(Cl)c(Cl)c(Cl)c(Cl)c1Cl)C(C)C
N,ethyl,isopropyl,C4,pentachlorophenyl,pentachlorophenyl,<LB_N><LB1_ethyl><LB2_isopropyl><LINKER_C4><LA1_pentachlorophenyl><LA2_pentachlorophenyl>,CCN(CCCCB(c1c(Cl)c(Cl)c(Cl)c(Cl)c1Cl)c1c(Cl)c(Cl)c(Cl)c(Cl)c1Cl)C(C)C
N,ethyl,isopropyl,C5,pentachlorophenyl,pentachlorophenyl,<LB_N><LB1_ethyl><LB2_isopropyl><LINKER_C5><LA1_pentachlorophenyl><LA2_pentachlorophenyl>,CCN(CCCCCB(c1c(Cl)c(Cl)c(Cl)c(Cl)c1Cl)c1c(Cl)c(Cl)c(Cl)c(Cl)c1Cl)C(C)C
N,ethyl,isopropyl,C6,pentachlorophenyl,pentachlorophenyl,<LB_N><LB1_ethyl><LB2_isopropyl><LINKER_C6><LA1_pentachlorophenyl><LA2_pentachlorophenyl>,CCN(CCCCCCB(c1c(Cl)c(Cl)c(Cl)c(Cl)c1Cl)c1c(Cl)c(Cl)c(Cl)c(Cl)c1Cl)C(C)C
N,ethyl,isopropyl,C1,pentachlorophenyl,bis_cf3_phenyl,<LB_N><LB1_ethyl><LB2_isopropyl><LINKER_C1><LA1_pentachlorophenyl><LA2_bis_cf3_phenyl>,CCN(CB(c1cc(C(F)(F)F)cc(C(F)(F)F)c1)c1c(Cl)c(Cl)c(Cl)c(Cl)c1Cl)C(C)C
N,ethyl,isopropyl,C2,pentachlorophenyl,bis_cf3_phenyl,<LB_N><LB1_ethyl><LB2_isopropyl><LINKER_C2><LA1_pentachlorophenyl><LA2_bis_cf3_phenyl>,CCN(CCB(c1cc(C(F)(F)F)cc(C(F)(F)F)c1)c1c(Cl)c(Cl)c(Cl)c(Cl)c1Cl)C(C)C
N,ethyl,isopropyl,C3,pentachlorophenyl,bis_cf3_phenyl,<LB_N><LB1_ethyl><LB2_isopropyl><LINKER_C3><LA1_pentachlorophenyl><LA2_bis_cf3_phenyl>,CCN(CCCB(c1cc(C(F)(F)F)cc(C(F)(F)F)c1)c1c(Cl)c(Cl)c(Cl)c(Cl)c1Cl)C(C)C
N,ethyl,isopropyl,C4,pentachlorophenyl,bis_cf3_phenyl,<LB_N><LB1_ethyl><LB2_isopropyl><LINKER_C4><LA1_pentachlorophenyl><LA2_bis_cf3_phenyl>,CCN(CCCCB(c1cc(C(F)(F)F)cc(C(F)(F)F)c1)c1c(Cl)c(Cl)c(Cl)c(Cl)c1Cl)C(C)C
N,ethyl,isopropyl,C5,pentachlorophenyl,bis_cf3_phenyl,<LB_N><LB1_ethyl><LB2_isopropyl><LINKER_C5><LA1_pentachlorophenyl><LA2_bis_cf3_phenyl>,CCN(CCCCCB(c1cc(C(F)(F)F)cc(C(F)(F)F)c1)c1c(Cl)c(Cl)c(Cl)c(Cl)c1Cl)C(C)C
N,ethyl,isopropyl,C6,pentachlorophenyl,bis_cf3_phenyl,<LB_N><LB1_ethyl><LB2_isopropyl><LINKER_C6><LA1_pentachlorophenyl><LA2_bis_cf3_phenyl>,CCN(CCCCCCB(c1cc(C(F)(F)F)cc(C(F)(F)F)c1)c1c(Cl)c(Cl)c(Cl)c(Cl)c1Cl)C(C)C
N,ethyl,isopropyl,C1,bis_cf3_phenyl,bis_cf3_phenyl,<LB_N><LB1_ethyl><LB2_isopropyl><LINKER_C1><LA1_bis_cf3_phenyl><LA2_bis_cf3_phenyl>,CCN(CB(c1cc(C(F)(F)F)cc(C(F)(F)F)c1)c1cc(C(F)(F)F)cc(C(F)(F)F)c1)C(C)C
N,ethyl,isopropyl,C2,bis_cf3_phenyl,bis_cf3_phenyl,<LB_N><LB1_ethyl><LB2_isopropyl><LINKER_C2><LA1_bis_cf3_phenyl><LA2_bis_cf3_phenyl>,CCN(CCB(c1cc(C(F)(F)F)cc(C(F)(F)F)c1)c1cc(C(F)(F)F)cc(C(F)(F)F)c1)C(C)C
N,ethyl,isopropyl,C3,bis_cf3_phenyl,bis_cf3_phenyl,<LB_N><LB1_ethyl><LB2_isopropyl><LINKER_C3><LA1_bis_cf3_phenyl><LA2_bis_cf3_phenyl>,CCN(CCCB(c1cc(C(F)(F)F)cc(C(F)(F)F)c1)c1cc(C(F)(F)F)cc(C(F)(F)F)c1)C(C)C
N,ethyl,isopropyl,C4,bis_cf3_phenyl,bis_cf3_phenyl,<LB_N><LB1_ethyl><LB2_isopropyl><LINKER_C4><LA1_bis_cf3_phenyl><LA2_bis_cf3_phenyl>,CCN(CCCCB(c1cc(C(F)(F)F)cc(C(F)(F)F)c1)c1cc(C(F)(F)F)cc(C(F)(F)F)c1)C(C)C
N,ethyl,isopropyl,C5,bis_cf3_phenyl,bis_cf3_phenyl,<LB_N><LB1_ethyl><LB2_isopropyl><LINKER_C5><LA1_bis_cf3_phenyl><LA2_bis_cf3_phenyl>,CCN(CCCCCB(c1cc(C(F)(F)F)cc(C(F)(F)F)c1)c1cc(C(F)(F)F)cc(C(F)(F)F)c1)C(C)C
N,ethyl,isopropyl,C6,bis_cf3_phenyl,bis_cf3_phenyl,<LB_N><LB1_ethyl><LB2_isopropyl><LINKER_C6><LA1_bis_cf3_phenyl><LA2_bis_cf3_phenyl>,CCN(CCCCCCB(c1cc(C(F)(F)F)cc(C(F)(F)F)c1)c1cc(C(F)(F)F)cc(C(F)(F)F)c1)C(C)C
N,ethyl,cyclohexyl,C1,phenyl,phenyl,<LB_N><LB1_ethyl><LB2_cyclohexyl><LINKER_C1><LA1_phenyl><LA2_phenyl>,CCN(CB(c1ccccc1)c1ccccc1)C1CCCCC1
N,ethyl,cyclohexyl,C2,phenyl,phenyl,<LB_N><LB1_ethyl><LB2_cyclohexyl><LINKER_C2><LA1_phenyl><LA2_phenyl>,CCN(CCB(c1ccccc1)c1ccccc1)C1CCCCC1
N,ethyl,cyclohexyl,C3,phenyl,phenyl,<LB_N><LB1_ethyl><LB2_cyclohexyl><LINKER_C3><LA1_phenyl><LA2_phenyl>,CCN(CCCB(c1ccccc1)c1ccccc1)C1CCCCC1
N,ethyl,cyclohexyl,C4,phenyl,phenyl,<LB_N><LB1_ethyl><LB2_cyclohexyl><LINKER_C4><LA1_phenyl><LA2_phenyl>,CCN(CCCCB(c1ccccc1)c1ccccc1)C1CCCCC1
N,ethyl,cyclohexyl,C5,phenyl,phenyl,<LB_N><LB1_ethyl><LB2_cyclohexyl><LINKER_C5><LA1_phenyl><LA2_phenyl>,CCN(CCCCCB(c1ccccc1)c1ccccc1)C1CCCCC1
N,ethyl,cyclohexyl,C6,phenyl,phenyl,<LB_N><LB1_ethyl><LB2_cyclohexyl><LINKER_C6><LA1_phenyl><LA2_phenyl>,CCN(CCCCCCB(c1ccccc1)c1ccccc1)C1CCCCC1
N,ethyl,cyclohexyl,C1,phenyl,p_tolyl,<LB_N><LB1_ethyl><LB2_cyclohexyl><LINKER_C1><LA1_phenyl><LA2_p_tolyl>,CCN(CB(c1ccccc1)c1ccc(C)cc1)C1CCCCC1
N,ethyl,cyclohexyl,C2,phenyl,p_tolyl,<LB_N><LB1_ethyl><LB2_cyclohexyl><LINKER_C2><LA1_phenyl><LA2_p_tolyl>,CCN(CCB(c1ccccc1)c1ccc(C)cc1)C1CCCCC1
N,ethyl,cyclohexyl,C3,phenyl,p_tolyl,<LB_N><LB1_ethyl><LB2_cyclohexyl><LINKER_C3><LA1_phenyl><LA2_p_tolyl>,CCN(CCCB(c1ccccc1)c1ccc(C)cc1)C1CCCCC1
N,ethyl,cyclohexyl,C4,phenyl,p_tolyl,<LB_N><LB1_ethyl><LB2_cyclohexyl><LINKER_C4><LA1_phenyl><LA2_p_tolyl>,CCN(CCCCB(c1ccccc1)c1ccc(C)cc1)C1CCCCC1
N,ethyl,cyclohexyl,C5,phenyl,p_tolyl,<LB_N><LB1_ethyl><LB2_cyclohexyl><LINKER_C5><LA1_phenyl><LA2_p_tolyl>,CCN(CCCCCB(c1ccccc1)c1ccc(C)cc1)C1CCCCC1
N,ethyl,cyclohexyl,C6,phenyl,p_tolyl,<LB_N><LB1_ethyl><LB2_cyclohexyl><LINKER_C6><LA1_phenyl><LA2_p_tolyl>,CCN(CCCCCCB(c1ccccc1)c1ccc(C)cc1)C1CCCCC1
N,ethyl,cyclohexyl,C1,phenyl,mesityl,<LB_N><LB1_ethyl><LB2_cyclohexyl><LINKER_C1><LA1_phenyl><LA2_mesityl>,CCN(CB(c1ccccc1)c1c(C)cc(C)cc1C)C1CCCCC1
N,ethyl,cyclohexyl,C2,phenyl,mesityl,<LB_N><LB1_ethyl><LB2_cyclohexyl><LINKER_C2><LA1_phenyl><LA2_mesityl>,CCN(CCB(c1ccccc1)c1c(C)cc(C)cc1C)C1CCCCC1
N,ethyl,cyclohexyl,C3,phenyl,mesityl,<LB_N><LB1_ethyl><LB2_cyclohexyl><LINKER_C3><LA1_phenyl><LA2_mesityl>,CCN(CCCB(c1ccccc1)c1c(C)cc(C)cc1C)C1CCCCC1
N,ethyl,cyclohexyl,C4,phenyl,mesityl,<LB_N><LB1_ethyl><LB2_cyclohexyl><LINKER_C4><LA1_phenyl><LA2_mesityl>,CCN(CCCCB(c1ccccc1)c1c(C)cc(C)cc1C)C1CCCCC1
N,ethyl,cyclohexyl,C5,phenyl,mesityl,<LB_N><LB1_ethyl><LB2_cyclohexyl><LINKER_C5><LA1_phenyl><LA2_mesityl>,CCN(CCCCCB(c1ccccc1)c1c(C)cc(C)cc1C)C1CCCCC1
N,ethyl,cyclohexyl,C6,phenyl,mesityl,<LB_N><LB1_ethyl><LB2_cyclohexyl><LINKER_C6><LA1_phenyl><LA2_mesityl>,CCN(CCCCCCB(c1ccccc1)c1c(C)cc(C)cc1C)C1CCCCC1
N,ethyl,cyclohexyl,C1,phenyl,pentafluorophenyl,<LB_N><LB1_ethyl><LB2_cyclohexyl><LINKER_C1><LA1_phenyl><LA2_pentafluorophenyl>,CCN(CB(c1ccccc1)c1c(F)c(F)c(F)c(F)c1F)C1CCCCC1
N,ethyl,cyclohexyl,C2,phenyl,pentafluorophenyl,<LB_N><LB1_ethyl><LB2_cyclohexyl><LINKER_C2><LA1_phenyl><LA2_pentafluorophenyl>,CCN(CCB(c1ccccc1)c1c(F)c(F)c(F)c(F)c1F)C1CCCCC1
N,ethyl,cyclohexyl,C3,phenyl,pentafluorophenyl,<LB_N><LB1_ethyl><LB2_cyclohexyl><LINKER_C3><LA1_phenyl><LA2_pentafluorophenyl>,CCN(CCCB(c1ccccc1)c1c(F)c(F)c(F)c(F)c1F)C1CCCCC1
N,ethyl,cyclohexyl,C4,phenyl,pentafluorophenyl,<LB_N><LB1_ethyl><LB2_cyclohexyl><LINKER_C4><LA1_phenyl><LA2_pentafluorophenyl>,CCN(CCCCB(c1ccccc1)c1c(F)c(F)c(F)c(F)c1F)C1CCCCC1
N,ethyl,cyclohexyl,C5,phenyl,pentafluorophenyl,<LB_N><LB1_ethyl><LB2_cyclohexyl><LINKER_C5><LA1_phenyl><LA2_pentafluorophenyl>,CCN(CCCCCB(c1ccccc1)c1c(F)c(F)c(F)c(F)c1F)C1CCCCC1
N,ethyl,cyclohexyl,C6,phenyl,pentafluorophenyl,<LB_N><LB1_ethyl><LB2_cyclohexyl><LINKER_C6><LA1_phenyl><LA2_pentafluorophenyl>,CCN(CCCCCCB(c1ccccc1)c1c(F)c(F)c(F)c(F)c1F)C1CCCCC1
N,ethyl,cyclohexyl,C1,phenyl,pentachlorophenyl,<LB_N><LB1_ethyl><LB2_cyclohexyl><LINKER_C1><LA1_phenyl><LA2_pentachlorophenyl>,CCN(CB(c1ccccc1)c1c(Cl)c(Cl)c(Cl)c(Cl)c1Cl)C1CCCCC1
N,ethyl,cyclohexyl,C2,phenyl,pentachlorophenyl,<LB_N><LB1_ethyl><LB2_cyclohexyl><LINKER_C2><LA1_phenyl><LA2_pentachlorophenyl>,CCN(CCB(c1ccccc1)c1c(Cl)c(Cl)c(Cl)c(Cl)c1Cl)C1CCCCC1
N,ethyl,cyclohexyl,C3,phenyl,pentachlorophenyl,<LB_N><LB1_ethyl><LB2_cyclohexyl><LINKER_C3><LA1_phenyl><LA2_pentachlorophenyl>,CCN(CCCB(c1ccccc1)c1c(Cl)c(Cl)c(Cl)c(Cl)c1Cl)C1CCCCC1
N,ethyl,cyclohexyl,C4,phenyl,pentachlorophenyl,<LB_N><LB1_ethyl><LB2_cyclohexyl><LINKER_C4><LA1_phenyl><LA2_pentachlorophenyl>,CCN(CCCCB(c1ccccc1)c1c(Cl)c(Cl)c(Cl)c(Cl)c1Cl)C1CCCCC1
N,ethyl,cyclohexyl,C5,phenyl,pentachlorophenyl,<LB_N><LB1_ethyl><LB2_cyclohexyl><LINKER_C5><LA1_phenyl><LA2_pentachlorophenyl>,CCN(CCCCCB(c1ccccc1)c1c(Cl)c(Cl)c(Cl)c(Cl)c1Cl)C1CCCCC1
N,ethyl,cyclohexyl,C6,phenyl,pentachlorophenyl,<LB_N><LB1_ethyl><LB2_cyclohexyl><LINKER_C6><LA1_phenyl><LA2_pentachlorophenyl>,CCN(CCCCCCB(c1ccccc1)c1c(Cl)c(Cl)c(Cl)c(Cl)c1Cl)C1CCCCC1
N,ethyl,cyclohexyl,C1,phenyl,bis_cf3_phenyl,<LB_N><LB1_ethyl><LB2_cyclohexyl><LINKER_C1><LA1_phenyl><LA2_bis_cf3_phenyl>,CCN(CB(c1ccccc1)c1cc(C(F)(F)F)cc(C(F)(F)F)c1)C1CCCCC1
N,ethyl,cyclohexyl,C2,phenyl,bis_cf3_phenyl,<LB_N><LB1_ethyl><LB2_cyclohexyl><LINKER_C2><LA1_phenyl><LA2_bis_cf3_phenyl>,CCN(CCB(c1ccccc1)c1cc(C(F)(F)F)cc(C(F)(F)F)c1)C1CCCCC1
N,ethyl,cyclohexyl,C3,phenyl,bis_cf3_phenyl,<LB_N><LB1_ethyl><LB2_cyclohexyl><LINKER_C3><LA1_phenyl><LA2_bis_cf3_phenyl>,CCN(CCCB(c1ccccc1)c1cc(C(F)(F)F)cc(C(F)(F)F)c1)C1CCCCC1
N,ethyl,cyclohexyl,C4,phenyl,bis_cf3_phenyl,<LB_N><LB1_ethyl><LB2_cyclohexyl><LINKER_C4><LA1_phenyl><LA2_bis_cf3_phenyl>,CCN(CCCCB(c1ccccc1)c1cc(C(F)(F)F)cc(C(F)(F)F)c1)C1CCCCC1
N,ethyl,cyclohexyl,C5,phenyl,bis_cf3_phenyl,<LB_N><LB1_ethyl><LB2_cyclohexyl><LINKER_C5><LA1_phenyl><LA2_bis_cf3_phenyl>,CCN(CCCCCB(c1ccccc1)c1cc(C(F)(F)F)cc(C(F)(F)F)c1)C1CCCCC1
N,ethyl,cyclohexyl,C6,phenyl,bis_cf3_phenyl,<LB_N><LB1_ethyl><LB2_cyclohexyl><LINKER_C6><LA1_phenyl><LA2_bis_cf3_phenyl>,CCN(CCCCCCB(c1ccccc1)c1cc(C(F)(F)F)cc(C(F)(F)F)c1)C1CCCCC1
N,ethyl,cyclohexyl,C1,p_tolyl,p_tolyl,<LB_N><LB1_ethyl><LB2_cyclohexyl><LINKER_C1><LA1_p_tolyl><LA2_p_tolyl>,CCN(CB(c1ccc(C)cc1)c1ccc(C)cc1)C1CCCCC1
N,ethyl,cyclohexyl,C2,p_tolyl,p_tolyl,<LB_N><LB1_ethyl><LB2_cyclohexyl><LINKER_C2><LA1_p_tolyl><LA2_p_tolyl>,CCN(CCB(c1ccc(C)cc1)c1ccc(C)cc1)C1CCCCC1
N,ethyl,cyclohexyl,C3,p_tolyl,p_tolyl,<LB_N><LB1_ethyl><LB2_cyclohexyl><LINKER_C3><LA1_p_tolyl><LA2_p_tolyl>,CCN(CCCB(c1ccc(C)cc1)c1ccc(C)cc1)C1CCCCC1
N,ethyl,cyclohexyl,C4,p_tolyl,p_tolyl,<LB_N><LB1_ethyl><LB2_cyclohexyl><LINKER_C4><LA1_p_tolyl><LA2_p_tolyl>,CCN(CCCCB(c1ccc(C)cc1)c1ccc(C)cc1)C1CCCCC1
N,ethyl,cyclohexyl,C5,p_tolyl,p_tolyl,<LB_N><LB1_ethyl><LB2_cyclohexyl><LINKER_C5><LA1_p_tolyl><LA2_p_tolyl>,CCN(CCCCCB(c1ccc(C)cc1)c1ccc(C)cc1)C1CCCCC1
N,ethyl,cyclohexyl,C6,p_tolyl,p_tolyl,<LB_N><LB1_ethyl><LB2_cyclohexyl><LINKER_C6><LA1_p_tolyl><LA2_p_tolyl>,CCN(CCCCCCB(c1ccc(C)cc1)c1ccc(C)cc1)C1CCCCC1
N,ethyl,cyclohexyl,C1,p_tolyl,mesityl,<LB_N><LB1_ethyl><LB2_cyclohexyl><LINKER_C1><LA1_p_tolyl><LA2_mesityl>,CCN(CB(c1ccc(C)cc1)c1c(C)cc(C)cc1C)C1CCCCC1
N,ethyl,cyclohexyl,C2,p_tolyl,mesityl,<LB_N><LB1_ethyl><LB2_cyclohexyl><LINKER_C2><LA1_p_tolyl><LA2_mesityl>,CCN(CCB(c1ccc(C)cc1)c1c(C)cc(C)cc1C)C1CCCCC1
N,ethyl,cyclohexyl,C3,p_tolyl,mesityl,<LB_N><LB1_ethyl><LB2_cyclohexyl><LINKER_C3><LA1_p_tolyl><LA2_mesityl>,CCN(CCCB(c1ccc(C)cc1)c1c(C)cc(C)cc1C)C1CCCCC1
N,ethyl,cyclohexyl,C4,p_tolyl,mesityl,<LB_N><LB1_ethyl><LB2_cyclohexyl><LINKER_C4><LA1_p_tolyl><LA2_mesityl>,CCN(CCCCB(c1ccc(C)cc1)c1c(C)cc(C)cc1C)C1CCCCC1
N,ethyl,cyclohexyl,C5,p_tolyl,mesityl,<LB_N><LB1_ethyl><LB2_cyclohexyl><LINKER_C5><LA1_p_tolyl><LA2_mesityl>,CCN(CCCCCB(c1ccc(C)cc1)c1c(C)cc(C)cc1C)C1CCCCC1
N,ethyl,cyclohexyl,C6,p_tolyl,mesityl,<LB_N><LB1_ethyl><LB2_cyclohexyl><LINKER_C6><LA1_p_tolyl><LA2_mesityl>,CCN(CCCCCCB(c1ccc(C)cc1)c1c(C)cc(C)cc1C)C1CCCCC1
N,ethyl,cyclohexyl,C1,p_tolyl,pentafluorophenyl,<LB_N><LB1_ethyl><LB2_cyclohexyl><LINKER_C1><LA1_p_tolyl><LA2_pentafluorophenyl>,CCN(CB(c1ccc(C)cc1)c1c(F)c(F)c(F)c(F)c1F)C1CCCCC1
N,ethyl,cyclohexyl,C2,p_tolyl,pentafluorophenyl,<LB_N><LB1_ethyl><LB2_cyclohexyl><LINKER_C2><LA1_p_tolyl><LA2_pentafluorophenyl>,CCN(CCB(c1ccc(C)cc1)c1c(F)c(F)c(F)c(F)c1F)C1CCCCC1
N,ethyl,cyclohexyl,C3,p_tolyl,pentafluorophenyl,<LB_N><LB1_ethyl><LB2_cyclohexyl><LINKER_C3><LA1_p_tolyl><LA2_pentafluorophenyl>,CCN(CCCB(c1ccc(C)cc1)c1c(F)c(F)c(F)c(F)c1F)C1CCCCC1
N,ethyl,cyclohexyl,C4,p_tolyl,pentafluorophenyl,<LB_N><LB1_ethyl><LB2_cyclohexyl><LINKER_C4><LA1_p_tolyl><LA2_pentafluorophenyl>,CCN(CCCCB(c1ccc(C)cc1)c1c(F)c(F)c(F)c(F)c1F)C1CCCCC1
N,ethyl,cyclohexyl,C5,p_tolyl,pentafluorophenyl,<LB_N><LB1_ethyl><LB2_cyclohexyl><LINKER_C5><LA1_p_tolyl><LA2_pentafluorophenyl>,CCN(CCCCCB(c1ccc(C)cc1)c1c(F)c(F)c(F)c(F)c1F)C1CCCCC1
N,ethyl,cyclohexyl,C6,p_tolyl,pentafluorophenyl,<LB_N><LB1_ethyl><LB2_cyclohexyl><LINKER_C6><LA1_p_tolyl><LA2_pentafluorophenyl>,CCN(CCCCCCB(c1ccc(C)cc1)c1c(F)c(F)c(F)c(F)c1F)C1CCCCC1
N,ethyl,cyclohexyl,C1,p_tolyl,pentachlorophenyl,<LB_N><LB1_ethyl><LB2_cyclohexyl><LINKER_C1><LA1_p_tolyl><LA2_pentachlorophenyl>,CCN(CB(c1ccc(C)cc1)c1c(Cl)c(Cl)c(Cl)c(Cl)c1Cl)C1CCCCC1
N,ethyl,cyclohexyl,C2,p_tolyl,pentachlorophenyl,<LB_N><LB1_ethyl><LB2_cyclohexyl><LINKER_C2><LA1_p_tolyl><LA2_pentachlorophenyl>,CCN(CCB(c1ccc(C)cc1)c1c(Cl)c(Cl)c(Cl)c(Cl)c1Cl)C1CCCCC1
N,ethyl,cyclohexyl,C3,p_tolyl,pentachlorophenyl,<LB_N><LB1_ethyl><LB2_cyclohexyl><LINKER_C3><LA1_p_tolyl><LA2_pentachlorophenyl>,CCN(CCCB(c1ccc(C)cc1)c1c(Cl)c(Cl)c(Cl)c(Cl)c1Cl)C1CCCCC1
N,ethyl,cyclohexyl,C4,p_tolyl,pentachlorophenyl,<LB_N><LB1_ethyl><LB2_cyclohexyl><LINKER_C4><LA1_p_tolyl><LA2_pentachlorophenyl>,CCN(CCCCB(c1ccc(C)cc1)c1c(Cl)c(Cl)c(Cl)c(Cl)c1Cl)C1CCCCC1
N,ethyl,cyclohexyl,C5,p_tolyl,pentachlorophenyl,<LB_N><LB1_ethyl><LB2_cyclohexyl><LINKER_C5><LA1_p_tolyl><LA2_pentachlorophenyl>,CCN(CCCCCB(c1ccc(C)cc1)c1c(Cl)c(Cl)c(Cl)c(Cl)c1Cl)C1CCCCC1
N,ethyl,cyclohexyl,C6,p_tolyl,pentachlorophenyl,<LB_N><LB1_ethyl><LB2_cyclohexyl><LINKER_C6><LA1_p_tolyl><LA2_pentachlorophenyl>,CCN(CCCCCCB(c1ccc(C)cc1)c1c(Cl)c(Cl)c(Cl)c(Cl)c1Cl)C1CCCCC1
N,ethyl,cyclohexyl,C1,p_tolyl,bis_cf3_phenyl,<LB_N><LB1_ethyl><LB2_cyclohexyl><LINKER_C1><LA1_p_tolyl><LA2_bis_cf3_phenyl>,CCN(CB(c1ccc(C)cc1)c1cc(C(F)(F)F)cc(C(F)(F)F)c1)C1CCCCC1
N,ethyl,cyclohexyl,C2,p_tolyl,bis_cf3_phenyl,<LB_N><LB1_ethyl><LB2_cyclohexyl><LINKER_C2><LA1_p_tolyl><LA2_bis_cf3_phenyl>,CCN(CCB(c1ccc(C)cc1)c1cc(C(F)(F)F)cc(C(F)(F)F)c1)C1CCCCC1
N,ethyl,cyclohexyl,C3,p_tolyl,bis_cf3_phenyl,<LB_N><LB1_ethyl><LB2_cyclohexyl><LINKER_C3><LA1_p_tolyl><LA2_bis_cf3_phenyl>,CCN(CCCB(c1ccc(C)cc1)c1cc(C(F)(F)F)cc(C(F)(F)F)c1)C1CCCCC1
N,ethyl,cyclohexyl,C4,p_tolyl,bis_cf3_phenyl,<LB_N><LB1_ethyl><LB2_cyclohexyl><LINKER_C4><LA1_p_tolyl><LA2_bis_cf3_phenyl>,CCN(CCCCB(c1ccc(C)cc1)c1cc(C(F)(F)F)cc(C(F)(F)F)c1)C1CCCCC1
N,ethyl,cyclohexyl,C5,p_tolyl,bis_cf3_phenyl,<LB_N><LB1_ethyl><LB2_cyclohexyl><LINKER_C5><LA1_p_tolyl><LA2_bis_cf3_phenyl>,CCN(CCCCCB(c1ccc(C)cc1)c1cc(C(F)(F)F)cc(C(F)(F)F)c1)C1CCCCC1
N,ethyl,cyclohexyl,C6,p_tolyl,bis_cf3_phenyl,<LB_N><LB1_ethyl><LB2_cyclohexyl><LINKER_C6><LA1_p_tolyl><LA2_bis_cf3_phenyl>,CCN(CCCCCCB(c1ccc(C)cc1)c1cc(C(F)(F)F)cc(C(F)(F)F)c1)C1CCCCC1
N,ethyl,cyclohexyl,C1,mesityl,mesityl,<LB_N><LB1_ethyl><LB2_cyclohexyl><LINKER_C1><LA1_mesityl><LA2_mesityl>,CCN(CB(c1c(C)cc(C)cc1C)c1c(C)cc(C)cc1C)C1CCCCC1
N,ethyl,cyclohexyl,C2,mesityl,mesityl,<LB_N><LB1_ethyl><LB2_cyclohexyl><LINKER_C2><LA1_mesityl><LA2_mesityl>,CCN(CCB(c1c(C)cc(C)cc1C)c1c(C)cc(C)cc1C)C1CCCCC1
N,ethyl,cyclohexyl,C3,mesityl,mesityl,<LB_N><LB1_ethyl><LB2_cyclohexyl><LINKER_C3><LA1_mesityl><LA2_mesityl>,CCN(CCCB(c1c(C)cc(C)cc1C)c1c(C)cc(C)cc1C)C1CCCCC1
N,ethyl,cyclohexyl,C4,mesityl,mesityl,<LB_N><LB1_ethyl><LB2_cyclohexyl><LINKER_C4><LA1_mesityl><LA2_mesityl>,CCN(CCCCB(c1c(C)cc(C)cc1C)c1c(C)cc(C)cc1C)C1CCCCC1
N,ethyl,cyclohexyl,C5,mesityl,mesityl,<LB_N><LB1_ethyl><LB2_cyclohexyl><LINKER_C5><LA1_mesityl><LA2_mesityl>,CCN(CCCCCB(c1c(C)cc(C)cc1C)c1c(C)cc(C)cc1C)C1CCCCC1
N,ethyl,cyclohexyl,C6,mesityl,mesityl,<LB_N><LB1_ethyl><LB2_cyclohexyl><LINKER_C6><LA1_mesityl><LA2_mesityl>,CCN(CCCCCCB(c1c(C)cc(C)cc1C)c1c(C)cc(C)cc1C)C1CCCCC1
N,ethyl,cyclohexyl,C1,mesityl,pentafluorophenyl,<LB_N><LB1_ethyl><LB2_cyclohexyl><LINKER_C1><LA1_mesityl><LA2_pentafluorophenyl>,CCN(CB(c1c(C)cc(C)cc1C)c1c(F)c(F)c(F)c(F)c1F)C1CCCCC1
N,ethyl,cyclohexyl,C2,mesityl,pentafluorophenyl,<LB_N><LB1_ethyl><LB2_cyclohexyl><LINKER_C2><LA1_mesityl><LA2_pentafluorophenyl>,CCN(CCB(c1c(C)cc(C)cc1C)c1c(F)c(F)c(F)c(F)c1F)C1CCCCC1
N,ethyl,cyclohexyl,C3,mesityl,pentafluorophenyl,<LB_N><LB1_ethyl><LB2_cyclohexyl><LINKER_C3><LA1_mesityl><LA2_pentafluorophenyl>,CCN(CCCB(c1c(C)cc(C)cc1C)c1c(F)c(F)c(F)c(F)c1F)C1CCCCC1
N,ethyl,cyclohexyl,C4,mesityl,pentafluorophenyl,<LB_N><LB1_ethyl><LB2_cyclohexyl><LINKER_C4><LA1_mesityl><LA2_pentafluorophenyl>,CCN(CCCCB(c1c(C)cc(C)cc1C)c1c(F)c(F)c(F)c(F)c1F)C1CCCCC1
N,ethyl,cyclohexyl,C5,mesityl,pentafluorophenyl,<LB_N><LB1_ethyl><LB2_cyclohexyl><LINKER_C5><LA1_mesityl><LA2_pentafluorophenyl>,CCN(CCCCCB(c1c(C)cc(C)cc1C)c1c(F)c(F)c(F)c(F)c1F)C1CCCCC1
N,ethyl,cyclohexyl,C6,mesityl,pentafluorophenyl,<LB_N><LB1_ethyl><LB2_cyclohexyl><LINKER_C6><LA1_mesityl><LA2_pentafluorophenyl>,CCN(CCCCCCB(c1c(C)cc(C)cc1C)c1c(F)c(F)c(F)c(F)c1F)C1CCCCC1
N,ethyl,cyclohexyl,C1,mesityl,pentachlorophenyl,<LB_N><LB1_ethyl><LB2_cyclohexyl><LINKER_C1><LA1_mesityl><LA2_pentachlorophenyl>,CCN(CB(c1c(C)cc(C)cc1C)c1c(Cl)c(Cl)c(Cl)c(Cl)c1Cl)C1CCCCC1
N,ethyl,cyclohexyl,C2,mesityl,pentachlorophenyl,<LB_N><LB1_ethyl><LB2_cyclohexyl><LINKER_C2><LA1_mesityl><LA2_pentachlorophenyl>,CCN(CCB(c1c(C)cc(C)cc1C)c1c(Cl)c(Cl)c(Cl)c(Cl)c1Cl)C1CCCCC1
N,ethyl,cyclohexyl,C3,mesityl,pentachlorophenyl,<LB_N><LB1_ethyl><LB2_cyclohexyl><LINKER_C3><LA1_mesityl><LA2_pentachlorophenyl>,CCN(CCCB(c1c(C)cc(C)cc1C)c1c(Cl)c(Cl)c(Cl)c(Cl)c1Cl)C1CCCCC1
N,ethyl,cyclohexyl,C4,mesityl,pentachlorophenyl,<LB_N><LB1_ethyl><LB2_cyclohexyl><LINKER_C4><LA1_mesityl><LA2_pentachlorophenyl>,CCN(CCCCB(c1c(C)cc(C)cc1C)c1c(Cl)c(Cl)c(Cl)c(Cl)c1Cl)C1CCCCC1
N,ethyl,cyclohexyl,C5,mesityl,pentachlorophenyl,<LB_N><LB1_ethyl><LB2_cyclohexyl><LINKER_C5><LA1_mesityl><LA2_pentachlorophenyl>,CCN(CCCCCB(c1c(C)cc(C)cc1C)c1c(Cl)c(Cl)c(Cl)c(Cl)c1Cl)C1CCCCC1
N,ethyl,cyclohexyl,C6,mesityl,pentachlorophenyl,<LB_N><LB1_ethyl><LB2_cyclohexyl><LINKER_C6><LA1_mesityl><LA2_pentachlorophenyl>,CCN(CCCCCCB(c1c(C)cc(C)cc1C)c1c(Cl)c(Cl)c(Cl)c(Cl)c1Cl)C1CCCCC1
N,ethyl,cyclohexyl,C1,mesityl,bis_cf3_phenyl,<LB_N><LB1_ethyl><LB2_cyclohexyl><LINKER_C1><LA1_mesityl><LA2_bis_cf3_phenyl>,CCN(CB(c1cc(C(F)(F)F)cc(C(F)(F)F)c1)c1c(C)cc(C)cc1C)C1CCCCC1
N,ethyl,cyclohexyl,C2,mesityl,bis_cf3_phenyl,<LB_N><LB1_ethyl><LB2_cyclohexyl><LINKER_C2><LA1_mesityl><LA2_bis_cf3_phenyl>,CCN(CCB(c1cc(C(F)(F)F)cc(C(F)(F)F)c1)c1c(C)cc(C)cc1C)C1CCCCC1
N,ethyl,cyclohexyl,C3,mesityl,bis_cf3_phenyl,<LB_N><LB1_ethyl><LB2_cyclohexyl><LINKER_C3><LA1_mesityl><LA2_bis_cf3_phenyl>,CCN(CCCB(c1cc(C(F)(F)F)cc(C(F)(F)F)c1)c1c(C)cc(C)cc1C)C1CCCCC1
N,ethyl,cyclohexyl,C4,mesityl,bis_cf3_phenyl,<LB_N><LB1_ethyl><LB2_cyclohexyl><LINKER_C4><LA1_mesityl><LA2_bis_cf3_phenyl>,CCN(CCCCB(c1cc(C(F)(F)F)cc(C(F)(F)F)c1)c1c(C)cc(C)cc1C)C1CCCCC1
N,ethyl,cyclohexyl,C5,mesityl,bis_cf3_phenyl,<LB_N><LB1_ethyl><LB2_cyclohexyl><LINKER_C5><LA1_mesityl><LA2_bis_cf3_phenyl>,CCN(CCCCCB(c1cc(C(F)(F)F)cc(C(F)(F)F)c1)c1c(C)cc(C)cc1C)C1CCCCC1
N,ethyl,cyclohexyl,C6,mesityl,bis_cf3_phenyl,<LB_N><LB1_ethyl><LB2_cyclohexyl><LINKER_C6><LA1_mesityl><LA2_bis_cf3_phenyl>,CCN(CCCCCCB(c1cc(C(F)(F)F)cc(C(F)(F)F)c1)c1c(C)cc(C)cc1C)C1CCCCC1
N,ethyl,cyclohexyl,C1,pentafluorophenyl,pentafluorophenyl,<LB_N><LB1_ethyl><LB2_cyclohexyl><LINKER_C1><LA1_pentafluorophenyl><LA2_pentafluorophenyl>,CCN(CB(c1c(F)c(F)c(F)c(F)c1F)c1c(F)c(F)c(F)c(F)c1F)C1CCCCC1
N,ethyl,cyclohexyl,C2,pentafluorophenyl,pentafluorophenyl,<LB_N><LB1_ethyl><LB2_cyclohexyl><LINKER_C2><LA1_pentafluorophenyl><LA2_pentafluorophenyl>,CCN(CCB(c1c(F)c(F)c(F)c(F)c1F)c1c(F)c(F)c(F)c(F)c1F)C1CCCCC1
N,ethyl,cyclohexyl,C3,pentafluorophenyl,pentafluorophenyl,<LB_N><LB1_ethyl><LB2_cyclohexyl><LINKER_C3><LA1_pentafluorophenyl><LA2_pentafluorophenyl>,CCN(CCCB(c1c(F)c(F)c(F)c(F)c1F)c1c(F)c(F)c(F)c(F)c1F)C1CCCCC1
N,ethyl,cyclohexyl,C4,pentafluorophenyl,pentafluorophenyl,<LB_N><LB1_ethyl><LB2_cyclohexyl><LINKER_C4><LA1_pentafluorophenyl><LA2_pentafluorophenyl>,CCN(CCCCB(c1c(F)c(F)c(F)c(F)c1F)c1c(F)c(F)c(F)c(F)c1F)C1CCCCC1
N,ethyl,cyclohexyl,C5,pentafluorophenyl,pentafluorophenyl,<LB_N><LB1_ethyl><LB2_cyclohexyl><LINKER_C5><LA1_pentafluorophenyl><LA2_pentafluorophenyl>,CCN(CCCCCB(c1c(F)c(F)c(F)c(F)c1F)c1c(F)c(F)c(F)c(F)c1F)C1CCCCC1
N,ethyl,cyclohexyl,C6,pentafluorophenyl,pentafluorophenyl,<LB_N><LB1_ethyl><LB2_cyclohexyl><LINKER_C6><LA1_pentafluorophenyl><LA2_pentafluorophenyl>,CCN(CCCCCCB(c1c(F)c(F)c(F)c(F)c1F)c1c(F)c(F)c(F)c(F)c1F)C1CCCCC1
N,ethyl,cyclohexyl,C1,pentafluorophenyl,pentachlorophenyl,<LB_N><LB1_ethyl><LB2_cyclohexyl><LINKER_C1><LA1_pentafluorophenyl><LA2_pentachlorophenyl>,CCN(CB(c1c(F)c(F)c(F)c(F)c1F)c1c(Cl)c(Cl)c(Cl)c(Cl)c1Cl)C1CCCCC1
N,ethyl,cyclohexyl,C2,pentafluorophenyl,pentachlorophenyl,<LB_N><LB1_ethyl><LB2_cyclohexyl><LINKER_C2><LA1_pentafluorophenyl><LA2_pentachlorophenyl>,CCN(CCB(c1c(F)c(F)c(F)c(F)c1F)c1c(Cl)c(Cl)c(Cl)c(Cl)c1Cl)C1CCCCC1
N,ethyl,cyclohexyl,C3,pentafluorophenyl,pentachlorophenyl,<LB_N><LB1_ethyl><LB2_cyclohexyl><LINKER_C3><LA1_pentafluorophenyl><LA2_pentachlorophenyl>,CCN(CCCB(c1c(F)c(F)c(F)c(F)c1F)c1c(Cl)c(Cl)c(Cl)c(Cl)c1Cl)C1CCCCC1
N,ethyl,cyclohexyl,C4,pentafluorophenyl,pentachlorophenyl,<LB_N><LB1_ethyl><LB2_cyclohexyl><LINKER_C4><LA1_pentafluorophenyl><LA2_pentachlorophenyl>,CCN(CCCCB(c1c(F)c(F)c(F)c(F)c1F)c1c(Cl)c(Cl)c(Cl)c(Cl)c1Cl)C1CCCCC1
N,ethyl,cyclohexyl,C5,pentafluorophenyl,pentachlorophenyl,<LB_N><LB1_ethyl><LB2_cyclohexyl><LINKER_C5><LA1_pentafluorophenyl><LA2_pentachlorophenyl>,CCN(CCCCCB(c1c(F)c(F)c(F)c(F)c1F)c1c(Cl)c(Cl)c(Cl)c(Cl)c1Cl)C1CCCCC1
N,ethyl,cyclohexyl,C6,pentafluorophenyl,pentachlorophenyl,<LB_N><LB1_ethyl><LB2_cyclohexyl><LINKER_C6><LA1_pentafluorophenyl><LA2_pentachlorophenyl>,CCN(CCCCCCB(c1c(F)c(F)c(F)c(F)c1F)c1c(Cl)c(Cl)c(Cl)c(Cl)c1Cl)C1CCCCC1
N,ethyl,cyclohexyl,C1,pentafluorophenyl,bis_cf3_phenyl,<LB_N><LB1_ethyl><LB2_cyclohexyl><LINKER_C1><LA1_pentafluorophenyl><LA2_bis_cf3_phenyl>,CCN(CB(c1cc(C(F)(F)F)cc(C(F)(F)F)c1)c1c(F)c(F)c(F)c(F)c1F)C1CCCCC1
N,ethyl,cyclohexyl,C2,pentafluorophenyl,bis_cf3_phenyl,<LB_N><LB1_ethyl><LB2_cyclohexyl><LINKER_C2><LA1_pentafluorophenyl><LA2_bis_cf3_phenyl>,CCN(CCB(c1cc(C(F)(F)F)cc(C(F)(F)F)c1)c1c(F)c(F)c(F)c(F)c1F)C1CCCCC1
N,ethyl,cyclohexyl,C3,pentafluorophenyl,bis_cf3_phenyl,<LB_N><LB1_ethyl><LB2_cyclohexyl><LINKER_C3><LA1_pentafluorophenyl><LA2_bis_cf3_phenyl>,CCN(CCCB(c1cc(C(F)(F)F)cc(C(F)(F)F)c1)c1c(F)c(F)c(F)c(F)c1F)C1CCCCC1
N,ethyl,cyclohexyl,C4,pentafluorophenyl,bis_cf3_phenyl,<LB_N><LB1_ethyl><LB2_cyclohexyl><LINKER_C4><LA1_pentafluorophenyl><LA2_bis_cf3_phenyl>,CCN(CCCCB(c1cc(C(F)(F)F)cc(C(F)(F)F)c1)c1c(F)c(F)c(F)c(F)c1F)C1CCCCC1
N,ethyl,cyclohexyl,C5,pentafluorophenyl,bis_cf3_phenyl,<LB_N><LB1_ethyl><LB2_cyclohexyl><LINKER_C5><LA1_pentafluorophenyl><LA2_bis_cf3_phenyl>,CCN(CCCCCB(c1cc(C(F)(F)F)cc(C(F)(F)F)c1)c1c(F)c(F)c(F)c(F)c1F)C1CCCCC1
N,ethyl,cyclohexyl,C6,pentafluorophenyl,bis_cf3_phenyl,<LB_N><LB1_ethyl><LB2_cyclohexyl><LINKER_C6><LA1_pentafluorophenyl><LA2_bis_cf3_phenyl>,CCN(CCCCCCB(c1cc(C(F)(F)F)cc(C(F)(F)F)c1)c1c(F)c(F)c(F)c(F)c1F)C1CCCCC1
N,ethyl,cyclohexyl,C1,pentachlorophenyl,pentachlorophenyl,<LB_N><LB1_ethyl><LB2_cyclohexyl><LINKER_C1><LA1_pentachlorophenyl><LA2_pentachlorophenyl>,CCN(CB(c1c(Cl)c(Cl)c(Cl)c(Cl)c1Cl)c1c(Cl)c(Cl)c(Cl)c(Cl)c1Cl)C1CCCCC1
N,ethyl,cyclohexyl,C2,pentachlorophenyl,pentachlorophenyl,<LB_N><LB1_ethyl><LB2_cyclohexyl><LINKER_C2><LA1_pentachlorophenyl><LA2_pentachlorophenyl>,CCN(CCB(c1c(Cl)c(Cl)c(Cl)c(Cl)c1Cl)c1c(Cl)c(Cl)c(Cl)c(Cl)c1Cl)C1CCCCC1
N,ethyl,cyclohexyl,C3,pentachlorophenyl,pentachlorophenyl,<LB_N><LB1_ethyl><LB2_cyclohexyl><LINKER_C3><LA1_pentachlorophenyl><LA2_pentachlorophenyl>,CCN(CCCB(c1c(Cl)c(Cl)c(Cl)c(Cl)c1Cl)c1c(Cl)c(Cl)c(Cl)c(Cl)c1Cl)C1CCCCC1
N,ethyl,cyclohexyl,C4,pentachlorophenyl,pentachlorophenyl,<LB_N><LB1_ethyl><LB2_cyclohexyl><LINKER_C4><LA1_pentachlorophenyl><LA2_pentachlorophenyl>,CCN(CCCCB(c1c(Cl)c(Cl)c(Cl)c(Cl)c1Cl)c1c(Cl)c(Cl)c(Cl)c(Cl)c1Cl)C1CCCCC1
N,ethyl,cyclohexyl,C5,pentachlorophenyl,pentachlorophenyl,<LB_N><LB1_ethyl><LB2_cyclohexyl><LINKER_C5><LA1_pentachlorophenyl><LA2_pentachlorophenyl>,CCN(CCCCCB(c1c(Cl)c(Cl)c(Cl)c(Cl)c1Cl)c1c(Cl)c(Cl)c(Cl)c(Cl)c1Cl)C1CCCCC1
N,ethyl,cyclohexyl,C6,pentachlorophenyl,pentachlorophenyl,<LB_N><LB1_ethyl><LB2_cyclohexyl><LINKER_C6><LA1_pentachlorophenyl><LA2_pentachlorophenyl>,CCN(CCCCCCB(c1c(Cl)c(Cl)c(Cl)c(Cl)c1Cl)c1c(Cl)c(Cl)c(Cl)c(Cl)c1Cl)C1CCCCC1
N,ethyl,cyclohexyl,C1,pentachlorophenyl,bis_cf3_phenyl,<LB_N><LB1_ethyl><LB2_cyclohexyl><LINKER_C1><LA1_pentachlorophenyl><LA2_bis_cf3_phenyl>,CCN(CB(c1cc(C(F)(F)F)cc(C(F)(F)F)c1)c1c(Cl)c(Cl)c(Cl)c(Cl)c1Cl)C1CCCCC1
N,ethyl,cyclohexyl,C2,pentachlorophenyl,bis_cf3_phenyl,<LB_N><LB1_ethyl><LB2_cyclohexyl><LINKER_C2><LA1_pentachlorophenyl><LA2_bis_cf3_phenyl>,CCN(CCB(c1cc(C(F)(F)F)cc(C(F)(F)F)c1)c1c(Cl)c(Cl)c(Cl)c(Cl)c1Cl)C1CCCCC1
N,ethyl,cyclohexyl,C3,pentachlorophenyl,bis_cf3_phenyl,<LB_N><LB1_ethyl><LB2_cyclohexyl><LINKER_C3><LA1_pentachlorophenyl><LA2_bis_cf3_phenyl>,CCN(CCCB(c1cc(C(F)(F)F)cc(C(F)(F)F)c1)c1c(Cl)c(Cl)c(Cl)c(Cl)c1Cl)C1CCCCC1
N,ethyl,cyclohexyl,C4,pentachlorophenyl,bis_cf3_phenyl,<LB_N><LB1_ethyl><LB2_cyclohexyl><LINKER_C4><LA1_pentachlorophenyl><LA2_bis_cf3_phenyl>,CCN(CCCCB(c1cc(C(F)(F)F)cc(C(F)(F)F)c1)c1c(Cl)c(Cl)c(Cl)c(Cl)c1Cl)C1CCCCC1
N,ethyl,cyclohexyl,C5,pentachlorophenyl,bis_cf3_phenyl,<LB_N><LB1_ethyl><LB2_cyclohexyl><LINKER_C5><LA1_pentachlorophenyl><LA2_bis_cf3_phenyl>,CCN(CCCCCB(c1cc(C(F)(F)F)cc(C(F)(F)F)c1)c1c(Cl)c(Cl)c(Cl)c(Cl)c1Cl)C1CCCCC1
N,ethyl,cyclohexyl,C6,pentachlorophenyl,bis_cf3_phenyl,<LB_N><LB1_ethyl><LB2_cyclohexyl><LINKER_C6><LA1_pentachlorophenyl><LA2_bis_cf3_phenyl>,CCN(CCCCCCB(c1cc(C(F)(F)F)cc(C(F)(F)F)c1)c1c(Cl)c(Cl)c(Cl)c(Cl)c1Cl)C1CCCCC1
N,ethyl,cyclohexyl,C1,bis_cf3_phenyl,bis_cf3_phenyl,<LB_N><LB1_ethyl><LB2_cyclohexyl><LINKER_C1><LA1_bis_cf3_phenyl><LA2_bis_cf3_phenyl>,CCN(CB(c1cc(C(F)(F)F)cc(C(F)(F)F)c1)c1cc(C(F)(F)F)cc(C(F)(F)F)c1)C1CCCCC1
N,ethyl,cyclohexyl,C2,bis_cf3_phenyl,bis_cf3_phenyl,<LB_N><LB1_ethyl><LB2_cyclohexyl><LINKER_C2><LA1_bis_cf3_phenyl><LA2_bis_cf3_phenyl>,CCN(CCB(c1cc(C(F)(F)F)cc(C(F)(F)F)c1)c1cc(C(F)(F)F)cc(C(F)(F)F)c1)C1CCCCC1
N,ethyl,cyclohexyl,C3,bis_cf3_phenyl,bis_cf3_phenyl,<LB_N><LB1_ethyl><LB2_cyclohexyl><LINKER_C3><LA1_bis_cf3_phenyl><LA2_bis_cf3_phenyl>,CCN(CCCB(c1cc(C(F)(F)F)cc(C(F)(F)F)c1)c1cc(C(F)(F)F)cc(C(F)(F)F)c1)C1CCCCC1
N,ethyl,cyclohexyl,C4,bis_cf3_phenyl,bis_cf3_phenyl,<LB_N><LB1_ethyl><LB2_cyclohexyl><LINKER_C4><LA1_bis_cf3_phenyl><LA2_bis_cf3_phenyl>,CCN(CCCCB(c1cc(C(F)(F)F)cc(C(F)(F)F)c1)c1cc(C(F)(F)F)cc(C(F)(F)F)c1)C1CCCCC1
N,ethyl,cyclohexyl,C5,bis_cf3_phenyl,bis_cf3_phenyl,<LB_N><LB1_ethyl><LB2_cyclohexyl><LINKER_C5><LA1_bis_cf3_phenyl><LA2_bis_cf3_phenyl>,CCN(CCCCCB(c1cc(C(F)(F)F)cc(C(F)(F)F)c1)c1cc(C(F)(F)F)cc(C(F)(F)F)c1)C1CCCCC1
N,ethyl,cyclohexyl,C6,bis_cf3_phenyl,bis_cf3_phenyl,<LB_N><LB1_ethyl><LB2_cyclohexyl><LINKER_C6><LA1_bis_cf3_phenyl><LA2_bis_cf3_phenyl>,CCN(CCCCCCB(c1cc(C(F)(F)F)cc(C(F)(F)F)c1)c1cc(C(F)(F)F)cc(C(F)(F)F)c1)C1CCCCC1
N,ethyl,phenyl,C1,phenyl,phenyl,<LB_N><LB1_ethyl><LB2_phenyl><LINKER_C1><LA1_phenyl><LA2_phenyl>,CCN(CB(c1ccccc1)c1ccccc1)c1ccccc1
N,ethyl,phenyl,C2,phenyl,phenyl,<LB_N><LB1_ethyl><LB2_phenyl><LINKER_C2><LA1_phenyl><LA2_phenyl>,CCN(CCB(c1ccccc1)c1ccccc1)c1ccccc1
N,ethyl,phenyl,C3,phenyl,phenyl,<LB_N><LB1_ethyl><LB2_phenyl><LINKER_C3><LA1_phenyl><LA2_phenyl>,CCN(CCCB(c1ccccc1)c1ccccc1)c1ccccc1
N,ethyl,phenyl,C4,phenyl,phenyl,<LB_N><LB1_ethyl><LB2_phenyl><LINKER_C4><LA1_phenyl><LA2_phenyl>,CCN(CCCCB(c1ccccc1)c1ccccc1)c1ccccc1
N,ethyl,phenyl,C5,phenyl,phenyl,<LB_N><LB1_ethyl><LB2_phenyl><LINKER_C5><LA1_phenyl><LA2_phenyl>,CCN(CCCCCB(c1ccccc1)c1ccccc1)c1ccccc1
N,ethyl,phenyl,C6,phenyl,phenyl,<LB_N><LB1_ethyl><LB2_phenyl><LINKER_C6><LA1_phenyl><LA2_phenyl>,CCN(CCCCCCB(c1ccccc1)c1ccccc1)c1ccccc1
N,ethyl,phenyl,C1,phenyl,p_tolyl,<LB_N><LB1_ethyl><LB2_phenyl><LINKER_C1><LA1_phenyl><LA2_p_tolyl>,CCN(CB(c1ccccc1)c1ccc(C)cc1)c1ccccc1
N,ethyl,phenyl,C2,phenyl,p_tolyl,<LB_N><LB1_ethyl><LB2_phenyl><LINKER_C2><LA1_phenyl><LA2_p_tolyl>,CCN(CCB(c1ccccc1)c1ccc(C)cc1)c1ccccc1
N,ethyl,phenyl,C3,phenyl,p_tolyl,<LB_N><LB1_ethyl><LB2_phenyl><LINKER_C3><LA1_phenyl><LA2_p_tolyl>,CCN(CCCB(c1ccccc1)c1ccc(C)cc1)c1ccccc1
N,ethyl,phenyl,C4,phenyl,p_tolyl,<LB_N><LB1_ethyl><LB2_phenyl><LINKER_C4><LA1_phenyl><LA2_p_tolyl>,CCN(CCCCB(c1ccccc1)c1ccc(C)cc1)c1ccccc1
N,ethyl,phenyl,C5,phenyl,p_tolyl,<LB_N><LB1_ethyl><LB2_phenyl><LINKER_C5><LA1_phenyl><LA2_p_tolyl>,CCN(CCCCCB(c1ccccc1)c1ccc(C)cc1)c1ccccc1
N,ethyl,phenyl,C6,phenyl,p_tolyl,<LB_N><LB1_ethyl><LB2_phenyl><LINKER_C6><LA1_phenyl><LA2_p_tolyl>,CCN(CCCCCCB(c1ccccc1)c1ccc(C)cc1)c1ccccc1
N,ethyl,phenyl,C1,phenyl,mesityl,<LB_N><LB1_ethyl><LB2_phenyl><LINKER_C1><LA1_phenyl><LA2_mesityl>,CCN(CB(c1ccccc1)c1c(C)cc(C)cc1C)c1ccccc1
N,ethyl,phenyl,C2,phenyl,mesityl,<LB_N><LB1_ethyl><LB2_phenyl><LINKER_C2><LA1_phenyl><LA2_mesityl>,CCN(CCB(c1ccccc1)c1c(C)cc(C)cc1C)c1ccccc1
N,ethyl,phenyl,C3,phenyl,mesityl,<LB_N><LB1_ethyl><LB2_phenyl><LINKER_C3><LA1_phenyl><LA2_mesityl>,CCN(CCCB(c1ccccc1)c1c(C)cc(C)cc1C)c1ccccc1
N,ethyl,phenyl,C4,phenyl,mesityl,<LB_N><LB1_ethyl><LB2_phenyl><LINKER_C4><LA1_phenyl><LA2_mesityl>,CCN(CCCCB(c1ccccc1)c1c(C)cc(C)cc1C)c1ccccc1
N,ethyl,phenyl,C5,phenyl,mesityl,<LB_N><LB1_ethyl><LB2_phenyl><LINKER_C5><LA1_phenyl><LA2_mesityl>,CCN(CCCCCB(c1ccccc1)c1c(C)cc(C)cc1C)c1ccccc1
N,ethyl,phenyl,C6,phenyl,mesityl,<LB_N><LB1_ethyl><LB2_phenyl><LINKER_C6><LA1_phenyl><LA2_mesityl>,CCN(CCCCCCB(c1ccccc1)c1c(C)cc(C)cc1C)c1ccccc1
N,ethyl,phenyl,C1,phenyl,pentafluorophenyl,<LB_N><LB1_ethyl><LB2_phenyl><LINKER_C1><LA1_phenyl><LA2_pentafluorophenyl>,CCN(CB(c1ccccc1)c1c(F)c(F)c(F)c(F)c1F)c1ccccc1
N,ethyl,phenyl,C2,phenyl,pentafluorophenyl,<LB_N><LB1_ethyl><LB2_phenyl><LINKER_C2><LA1_phenyl><LA2_pentafluorophenyl>,CCN(CCB(c1ccccc1)c1c(F)c(F)c(F)c(F)c1F)c1ccccc1
N,ethyl,phenyl,C3,phenyl,pentafluorophenyl,<LB_N><LB1_ethyl><LB2_phenyl><LINKER_C3><LA1_phenyl><LA2_pentafluorophenyl>,CCN(CCCB(c1ccccc1)c1c(F)c(F)c(F)c(F)c1F)c1ccccc1
N,ethyl,phenyl,C4,phenyl,pentafluorophenyl,<LB_N><LB1_ethyl><LB2_phenyl><LINKER_C4><LA1_phenyl><LA2_pentafluorophenyl>,CCN(CCCCB(c1ccccc1)c1c(F)c(F)c(F)c(F)c1F)c1ccccc1
N,ethyl,phenyl,C5,phenyl,pentafluorophenyl,<LB_N><LB1_ethyl><LB2_phenyl><LINKER_C5><LA1_phenyl><LA2_pentafluorophenyl>,CCN(CCCCCB(c1ccccc1)c1c(F)c(F)c(F)c(F)c1F)c1ccccc1
N,ethyl,phenyl,C6,phenyl,pentafluorophenyl,<LB_N><LB1_ethyl><LB2_phenyl><LINKER_C6><LA1_phenyl><LA2_pentafluorophenyl>,CCN(CCCCCCB(c1ccccc1)c1c(F)c(F)c(F)c(F)c1F)c1ccccc1
N,ethyl,phenyl,C1,phenyl,pentachlorophenyl,<LB_N><LB1_ethyl><LB2_phenyl><LINKER_C1><LA1_phenyl><LA2_pentachlorophenyl>,CCN(CB(c1ccccc1)c1c(Cl)c(Cl)c(Cl)c(Cl)c1Cl)c1ccccc1
N,ethyl,phenyl,C2,phenyl,pentachlorophenyl,<LB_N><LB1_ethyl><LB2_phenyl><LINKER_C2><LA1_phenyl><LA2_pentachlorophenyl>,CCN(CCB(c1ccccc1)c1c(Cl)c(Cl)c(Cl)c(Cl)c1Cl)c1ccccc1
N,ethyl,phenyl,C3,phenyl,pentachlorophenyl,<LB_N><LB1_ethyl><LB2_phenyl><LINKER_C3><LA1_phenyl><LA2_pentachlorophenyl>,CCN(CCCB(c1ccccc1)c1c(Cl)c(Cl)c(Cl)c(Cl)c1Cl)c1ccccc1
N,ethyl,phenyl,C4,phenyl,pentachlorophenyl,<LB_N><LB1_ethyl><LB2_phenyl><LINKER_C4><LA1_phenyl><LA2_pentachlorophenyl>,CCN(CCCCB(c1ccccc1)c1c(Cl)c(Cl)c(Cl)c(Cl)c1Cl)c1ccccc1
N,ethyl,phenyl,C5,phenyl,pentachlorophenyl,<LB_N><LB1_ethyl><LB2_phenyl><LINKER_C5><LA1_phenyl><LA2_pentachlorophenyl>,CCN(CCCCCB(c1ccccc1)c1c(Cl)c(Cl)c(Cl)c(Cl)c1Cl)c1ccccc1
N,ethyl,phenyl,C6,phenyl,pentachlorophenyl,<LB_N><LB1_ethyl><LB2_phenyl><LINKER_C6><LA1_phenyl><LA2_pentachlorophenyl>,CCN(CCCCCCB(c1ccccc1)c1c(Cl)c(Cl)c(Cl)c(Cl)c1Cl)c1ccccc1
N,ethyl,phenyl,C1,phenyl,bis_cf3_phenyl,<LB_N><LB1_ethyl><LB2_phenyl><LINKER_C1><LA1_phenyl><LA2_bis_cf3_phenyl>,CCN(CB(c1ccccc1)c1cc(C(F)(F)F)cc(C(F)(F)F)c1)c1ccccc1
N,ethyl,phenyl,C2,phenyl,bis_cf3_phenyl,<LB_N><LB1_ethyl><LB2_phenyl><LINKER_C2><LA1_phenyl><LA2_bis_cf3_phenyl>,CCN(CCB(c1ccccc1)c1cc(C(F)(F)F)cc(C(F)(F)F)c1)c1ccccc1
N,ethyl,phenyl,C3,phenyl,bis_cf3_phenyl,<LB_N><LB1_ethyl><LB2_phenyl><LINKER_C3><LA1_phenyl><LA2_bis_cf3_phenyl>,CCN(CCCB(c1ccccc1)c1cc(C(F)(F)F)cc(C(F)(F)F)c1)c1ccccc1
N,ethyl,phenyl,C4,phenyl,bis_cf3_phenyl,<LB_N><LB1_ethyl><LB2_phenyl><LINKER_C4><LA1_phenyl><LA2_bis_cf3_phenyl>,CCN(CCCCB(c1ccccc1)c1cc(C(F)(F)F)cc(C(F)(F)F)c1)c1ccccc1
N,ethyl,phenyl,C5,phenyl,bis_cf3_phenyl,<LB_N><LB1_ethyl><LB2_phenyl><LINKER_C5><LA1_phenyl><LA2_bis_cf3_phenyl>,CCN(CCCCCB(c1ccccc1)c1cc(C(F)(F)F)cc(C(F)(F)F)c1)c1ccccc1
N,ethyl,phenyl,C6,phenyl,bis_cf3_phenyl,<LB_N><LB1_ethyl><LB2_phenyl><LINKER_C6><LA1_phenyl><LA2_bis_cf3_phenyl>,CCN(CCCCCCB(c1ccccc1)c1cc(C(F)(F)F)cc(C(F)(F)F)c1)c1ccccc1
N,ethyl,phenyl,C1,p_tolyl,p_tolyl,<LB_N><LB1_ethyl><LB2_phenyl><LINKER_C1><LA1_p_tolyl><LA2_p_tolyl>,CCN(CB(c1ccc(C)cc1)c1ccc(C)cc1)c1ccccc1
N,ethyl,phenyl,C2,p_tolyl,p_tolyl,<LB_N><LB1_ethyl><LB2_phenyl><LINKER_C2><LA1_p_tolyl><LA2_p_tolyl>,CCN(CCB(c1ccc(C)cc1)c1ccc(C)cc1)c1ccccc1
N,ethyl,phenyl,C3,p_tolyl,p_tolyl,<LB_N><LB1_ethyl><LB2_phenyl><LINKER_C3><LA1_p_tolyl><LA2_p_tolyl>,CCN(CCCB(c1ccc(C)cc1)c1ccc(C)cc1)c1ccccc1
N,ethyl,phenyl,C4,p_tolyl,p_tolyl,<LB_N><LB1_ethyl><LB2_phenyl><LINKER_C4><LA1_p_tolyl><LA2_p_tolyl>,CCN(CCCCB(c1ccc(C)cc1)c1ccc(C)cc1)c1ccccc1
N,ethyl,phenyl,C5,p_tolyl,p_tolyl,<LB_N><LB1_ethyl><LB2_phenyl><LINKER_C5><LA1_p_tolyl><LA2_p_tolyl>,CCN(CCCCCB(c1ccc(C)cc1)c1ccc(C)cc1)c1ccccc1
N,ethyl,phenyl,C6,p_tolyl,p_tolyl,<LB_N><LB1_ethyl><LB2_phenyl><LINKER_C6><LA1_p_tolyl><LA2_p_tolyl>,CCN(CCCCCCB(c1ccc(C)cc1)c1ccc(C)cc1)c1ccccc1
N,ethyl,phenyl,C1,p_tolyl,mesityl,<LB_N><LB1_ethyl><LB2_phenyl><LINKER_C1><LA1_p_tolyl><LA2_mesityl>,CCN(CB(c1ccc(C)cc1)c1c(C)cc(C)cc1C)c1ccccc1
N,ethyl,phenyl,C2,p_tolyl,mesityl,<LB_N><LB1_ethyl><LB2_phenyl><LINKER_C2><LA1_p_tolyl><LA2_mesityl>,CCN(CCB(c1ccc(C)cc1)c1c(C)cc(C)cc1C)c1ccccc1
N,ethyl,phenyl,C3,p_tolyl,mesityl,<LB_N><LB1_ethyl><LB2_phenyl><LINKER_C3><LA1_p_tolyl><LA2_mesityl>,CCN(CCCB(c1ccc(C)cc1)c1c(C)cc(C)cc1C)c1ccccc1
N,ethyl,phenyl,C4,p_tolyl,mesityl,<LB_N><LB1_ethyl><LB2_phenyl><LINKER_C4><LA1_p_tolyl><LA2_mesityl>,CCN(CCCCB(c1ccc(C)cc1)c1c(C)cc(C)cc1C)c1ccccc1
N,ethyl,phenyl,C5,p_tolyl,mesityl,<LB_N><LB1_ethyl><LB2_phenyl><LINKER_C5><LA1_p_tolyl><LA2_mesityl>,CCN(CCCCCB(c1ccc(C)cc1)c1c(C)cc(C)cc1C)c1ccccc1
N,ethyl,phenyl,C6,p_tolyl,mesityl,<LB_N><LB1_ethyl><LB2_phenyl><LINKER_C6><LA1_p_tolyl><LA2_mesityl>,CCN(CCCCCCB(c1ccc(C)cc1)c1c(C)cc(C)cc1C)c1ccccc1
N,ethyl,phenyl,C1,p_tolyl,pentafluorophenyl,<LB_N><LB1_ethyl><LB2_phenyl><LINKER_C1><LA1_p_tolyl><LA2_pentafluorophenyl>,CCN(CB(c1ccc(C)cc1)c1c(F)c(F)c(F)c(F)c1F)c1ccccc1
N,ethyl,phenyl,C2,p_tolyl,pentafluorophenyl,<LB_N><LB1_ethyl><LB2_phenyl><LINKER_C2><LA1_p_tolyl><LA2_pentafluorophenyl>,CCN(CCB(c1ccc(C)cc1)c1c(F)c(F)c(F)c(F)c1F)c1ccccc1
N,ethyl,phenyl,C3,p_tolyl,pentafluorophenyl,<LB_N><LB1_ethyl><LB2_phenyl><LINKER_C3><LA1_p_tolyl><LA2_pentafluorophenyl>,CCN(CCCB(c1ccc(C)cc1)c1c(F)c(F)c(F)c(F)c1F)c1ccccc1
N,ethyl,phenyl,C4,p_tolyl,pentafluorophenyl,<LB_N><LB1_ethyl><LB2_phenyl><LINKER_C4><LA1_p_tolyl><LA2_pentafluorophenyl>,CCN(CCCCB(c1ccc(C)cc1)c1c(F)c(F)c(F)c(F)c1F)c1ccccc1
N,ethyl,phenyl,C5,p_tolyl,pentafluorophenyl,<LB_N><LB1_ethyl><LB2_phenyl><LINKER_C5><LA1_p_tolyl><LA2_pentafluorophenyl>,CCN(CCCCCB(c1ccc(C)cc1)c1c(F)c(F)c(F)c(F)c1F)c1ccccc1
N,ethyl,phenyl,C6,p_tolyl,pentafluorophenyl,<LB_N><LB1_ethyl><LB2_phenyl><LINKER_C6><LA1_p_tolyl><LA2_pentafluorophenyl>,CCN(CCCCCCB(c1ccc(C)cc1)c1c(F)c(F)c(F)c(F)c1F)c1ccccc1
N,ethyl,phenyl,C1,p_tolyl,pentachlorophenyl,<LB_N><LB1_ethyl><LB2_phenyl><LINKER_C1><LA1_p_tolyl><LA2_pentachlorophenyl>,CCN(CB(c1ccc(C)cc1)c1c(Cl)c(Cl)c(Cl)c(Cl)c1Cl)c1ccccc1
N,ethyl,phenyl,C2,p_tolyl,pentachlorophenyl,<LB_N><LB1_ethyl><LB2_phenyl><LINKER_C2><LA1_p_tolyl><LA2_pentachlorophenyl>,CCN(CCB(c1ccc(C)cc1)c1c(Cl)c(Cl)c(Cl)c(Cl)c1Cl)c1ccccc1
N,ethyl,phenyl,C3,p_tolyl,pentachlorophenyl,<LB_N><LB1_ethyl><LB2_phenyl><LINKER_C3><LA1_p_tolyl><LA2_pentachlorophenyl>,CCN(CCCB(c1ccc(C)cc1)c1c(Cl)c(Cl)c(Cl)c(Cl)c1Cl)c1ccccc1
N,ethyl,phenyl,C4,p_tolyl,pentachlorophenyl,<LB_N><LB1_ethyl><LB2_phenyl><LINKER_C4><LA1_p_tolyl><LA2_pentachlorophenyl>,CCN(CCCCB(c1ccc(C)cc1)c1c(Cl)c(Cl)c(Cl)c(Cl)c1Cl)c1ccccc1
N,ethyl,phenyl,C5,p_tolyl,pentachlorophenyl,<LB_N><LB1_ethyl><LB2_phenyl><LINKER_C5><LA1_p_tolyl><LA2_pentachlorophenyl>,CCN(CCCCCB(c1ccc(C)cc1)c1c(Cl)c(Cl)c(Cl)c(Cl)c1Cl)c1ccccc1
N,ethyl,phenyl,C6,p_tolyl,pentachlorophenyl,<LB_N><LB1_ethyl><LB2_phenyl><LINKER_C6><LA1_p_tolyl><LA2_pentachlorophenyl>,CCN(CCCCCCB(c1ccc(C)cc1)c1c(Cl)c(Cl)c(Cl)c(Cl)c1Cl)c1ccccc1
N,ethyl,phenyl,C1,p_tolyl,bis_cf3_phenyl,<LB_N><LB1_ethyl><LB2_phenyl><LINKER_C1><LA1_p_tolyl><LA2_bis_cf3_phenyl>,CCN(CB(c1ccc(C)cc1)c1cc(C(F)(F)F)cc(C(F)(F)F)c1)c1ccccc1
N,ethyl,phenyl,C2,p_tolyl,bis_cf3_phenyl,<LB_N><LB1_ethyl><LB2_phenyl><LINKER_C2><LA1_p_tolyl><LA2_bis_cf3_phenyl>,CCN(CCB(c1ccc(C)cc1)c1cc(C(F)(F)F)cc(C(F)(F)F)c1)c1ccccc1
N,ethyl,phenyl,C3,p_tolyl,bis_cf3_phenyl,<LB_N><LB1_ethyl><LB2_phenyl><LINKER_C3><LA1_p_tolyl><LA2_bis_cf3_phenyl>,CCN(CCCB(c1ccc(C)cc1)c1cc(C(F)(F)F)cc(C(F)(F)F)c1)c1ccccc1
N,ethyl,phenyl,C4,p_tolyl,bis_cf3_phenyl,<LB_N><LB1_ethyl><LB2_phenyl><LINKER_C4><LA1_p_tolyl><LA2_bis_cf3_phenyl>,CCN(CCCCB(c1ccc(C)cc1)c1cc(C(F)(F)F)cc(C(F)(F)F)c1)c1ccccc1
N,ethyl,phenyl,C5,p_tolyl,bis_cf3_phenyl,<LB_N><LB1_ethyl><LB2_phenyl><LINKER_C5><LA1_p_tolyl><LA2_bis_cf3_phenyl>,CCN(CCCCCB(c1ccc(C)cc1)c1cc(C(F)(F)F)cc(C(F)(F)F)c1)c1ccccc1
N,ethyl,phenyl,C6,p_tolyl,bis_cf3_phenyl,<LB_N><LB1_ethyl><LB2_phenyl><LINKER_C6><LA1_p_tolyl><LA2_bis_cf3_phenyl>,CCN(CCCCCCB(c1ccc(C)cc1)c1cc(C(F)(F)F)cc(C(F)(F)F)c1)c1ccccc1
N,ethyl,phenyl,C1,mesityl,mesityl,<LB_N><LB1_ethyl><LB2_phenyl><LINKER_C1><LA1_mesityl><LA2_mesityl>,CCN(CB(c1c(C)cc(C)cc1C)c1c(C)cc(C)cc1C)c1ccccc1
N,ethyl,phenyl,C2,mesityl,mesityl,<LB_N><LB1_ethyl><LB2_phenyl><LINKER_C2><LA1_mesityl><LA2_mesityl>,CCN(CCB(c1c(C)cc(C)cc1C)c1c(C)cc(C)cc1C)c1ccccc1
N,ethyl,phenyl,C3,mesityl,mesityl,<LB_N><LB1_ethyl><LB2_phenyl><LINKER_C3><LA1_mesityl><LA2_mesityl>,CCN(CCCB(c1c(C)cc(C)cc1C)c1c(C)cc(C)cc1C)c1ccccc1
N,ethyl,phenyl,C4,mesityl,mesityl,<LB_N><LB1_ethyl><LB2_phenyl><LINKER_C4><LA1_mesityl><LA2_mesityl>,CCN(CCCCB(c1c(C)cc(C)cc1C)c1c(C)cc(C)cc1C)c1ccccc1
N,ethyl,phenyl,C5,mesityl,mesityl,<LB_N><LB1_ethyl><LB2_phenyl><LINKER_C5><LA1_mesityl><LA2_mesityl>,CCN(CCCCCB(c1c(C)cc(C)cc1C)c1c(C)cc(C)cc1C)c1ccccc1
N,ethyl,phenyl,C6,mesityl,mesityl,<LB_N><LB1_ethyl><LB2_phenyl><LINKER_C6><LA1_mesityl><LA2_mesityl>,CCN(CCCCCCB(c1c(C)cc(C)cc1C)c1c(C)cc(C)cc1C)c1ccccc1
N,ethyl,phenyl,C1,mesityl,pentafluorophenyl,<LB_N><LB1_ethyl><LB2_phenyl><LINKER_C1><LA1_mesityl><LA2_pentafluorophenyl>,CCN(CB(c1c(C)cc(C)cc1C)c1c(F)c(F)c(F)c(F)c1F)c1ccccc1
N,ethyl,phenyl,C2,mesityl,pentafluorophenyl,<LB_N><LB1_ethyl><LB2_phenyl><LINKER_C2><LA1_mesityl><LA2_pentafluorophenyl>,CCN(CCB(c1c(C)cc(C)cc1C)c1c(F)c(F)c(F)c(F)c1F)c1ccccc1
N,ethyl,phenyl,C3,mesityl,pentafluorophenyl,<LB_N><LB1_ethyl><LB2_phenyl><LINKER_C3><LA1_mesityl><LA2_pentafluorophenyl>,CCN(CCCB(c1c(C)cc(C)cc1C)c1c(F)c(F)c(F)c(F)c1F)c1ccccc1
N,ethyl,phenyl,C4,mesityl,pentafluorophenyl,<LB_N><LB1_ethyl><LB2_phenyl><LINKER_C4><LA1_mesityl><LA2_pentafluorophenyl>,CCN(CCCCB(c1c(C)cc(C)cc1C)c1c(F)c(F)c(F)c(F)c1F)c1ccccc1
N,ethyl,phenyl,C5,mesityl,pentafluorophenyl,<LB_N><LB1_ethyl><LB2_phenyl><LINKER_C5><LA1_mesityl><LA2_pentafluorophenyl>,CCN(CCCCCB(c1c(C)cc(C)cc1C)c1c(F)c(F)c(F)c(F)c1F)c1ccccc1
N,ethyl,phenyl,C6,mesityl,pentafluorophenyl,<LB_N><LB1_ethyl><LB2_phenyl><LINKER_C6><LA1_mesityl><LA2_pentafluorophenyl>,CCN(CCCCCCB(c1c(C)cc(C)cc1C)c1c(F)c(F)c(F)c(F)c1F)c1ccccc1
N,ethyl,phenyl,C1,mesityl,pentachlorophenyl,<LB_N><LB1_ethyl><LB2_phenyl><LINKER_C1><LA1_mesityl><LA2_pentachlorophenyl>,CCN(CB(c1c(C)cc(C)cc1C)c1c(Cl)c(Cl)c(Cl)c(Cl)c1Cl)c1ccccc1
N,ethyl,phenyl,C2,mesityl,pentachlorophenyl,<LB_N><LB1_ethyl><LB2_phenyl><LINKER_C2><LA1_mesityl><LA2_pentachlorophenyl>,CCN(CCB(c1c(C)cc(C)cc1C)c1c(Cl)c(Cl)c(Cl)c(Cl)c1Cl)c1ccccc1
N,ethyl,phenyl,C3,mesityl,pentachlorophenyl,<LB_N><LB1_ethyl><LB2_phenyl><LINKER_C3><LA1_mesityl><LA2_pentachlorophenyl>,CCN(CCCB(c1c(C)cc(C)cc1C)c1c(Cl)c(Cl)c(Cl)c(Cl)c1Cl)c1ccccc1
N,ethyl,phenyl,C4,mesityl,pentachlorophenyl,<LB_N><LB1_ethyl><LB2_phenyl><LINKER_C4><LA1_mesityl><LA2_pentachlorophenyl>,CCN(CCCCB(c1c(C)cc(C)cc1C)c1c(Cl)c(Cl)c(Cl)c(Cl)c1Cl)c1ccccc1
N,ethyl,phenyl,C5,mesityl,pentachlorophenyl,<LB_N><LB1_ethyl><LB2_phenyl><LINKER_C5><LA1_mesityl><LA2_pentachlorophenyl>,CCN(CCCCCB(c1c(C)cc(C)cc1C)c1c(Cl)c(Cl)c(Cl)c(Cl)c1Cl)c1ccccc1
N,ethyl,phenyl,C6,mesityl,pentachlorophenyl,<LB_N><LB1_ethyl><LB2_phenyl><LINKER_C6><LA1_mesityl><LA2_pentachlorophenyl>,CCN(CCCCCCB(c1c(C)cc(C)cc1C)c1c(Cl)c(Cl)c(Cl)c(Cl)c1Cl)c1ccccc1
N,ethyl,phenyl,C1,mesityl,bis_cf3_phenyl,<LB_N><LB1_ethyl><LB2_phenyl><LINKER_C1><LA1_mesityl><LA2_bis_cf3_phenyl>,CCN(CB(c1cc(C(F)(F)F)cc(C(F)(F)F)c1)c1c(C)cc(C)cc1C)c1ccccc1
N,ethyl,phenyl,C2,mesityl,bis_cf3_phenyl,<LB_N><LB1_ethyl><LB2_phenyl><LINKER_C2><LA1_mesityl><LA2_bis_cf3_phenyl>,CCN(CCB(c1cc(C(F)(F)F)cc(C(F)(F)F)c1)c1c(C)cc(C)cc1C)c1ccccc1
N,ethyl,phenyl,C3,mesityl,bis_cf3_phenyl,<LB_N><LB1_ethyl><LB2_phenyl><LINKER_C3><LA1_mesityl><LA2_bis_cf3_phenyl>,CCN(CCCB(c1cc(C(F)(F)F)cc(C(F)(F)F)c1)c1c(C)cc(C)cc1C)c1ccccc1
N,ethyl,phenyl,C4,mesityl,bis_cf3_phenyl,<LB_N><LB1_ethyl><LB2_phenyl><LINKER_C4><LA1_mesityl><LA2_bis_cf3_phenyl>,CCN(CCCCB(c1cc(C(F)(F)F)cc(C(F)(F)F)c1)c1c(C)cc(C)cc1C)c1ccccc1
N,ethyl,phenyl,C5,mesityl,bis_cf3_phenyl,<LB_N><LB1_ethyl><LB2_phenyl><LINKER_C5><LA1_mesityl><LA2_bis_cf3_phenyl>,CCN(CCCCCB(c1cc(C(F)(F)F)cc(C(F)(F)F)c1)c1c(C)cc(C)cc1C)c1ccccc1
N,ethyl,phenyl,C6,mesityl,bis_cf3_phenyl,<LB_N><LB1_ethyl><LB2_phenyl><LINKER_C6><LA1_mesityl><LA2_bis_cf3_phenyl>,CCN(CCCCCCB(c1cc(C(F)(F)F)cc(C(F)(F)F)c1)c1c(C)cc(C)cc1C)c1ccccc1
N,ethyl,phenyl,C1,pentafluorophenyl,pentafluorophenyl,<LB_N><LB1_ethyl><LB2_phenyl><LINKER_C1><LA1_pentafluorophenyl><LA2_pentafluorophenyl>,CCN(CB(c1c(F)c(F)c(F)c(F)c1F)c1c(F)c(F)c(F)c(F)c1F)c1ccccc1
N,ethyl,phenyl,C2,pentafluorophenyl,pentafluorophenyl,<LB_N><LB1_ethyl><LB2_phenyl><LINKER_C2><LA1_pentafluorophenyl><LA2_pentafluorophenyl>,CCN(CCB(c1c(F)c(F)c(F)c(F)c1F)c1c(F)c(F)c(F)c(F)c1F)c1ccccc1
N,ethyl,phenyl,C3,pentafluorophenyl,pentafluorophenyl,<LB_N><LB1_ethyl><LB2_phenyl><LINKER_C3><LA1_pentafluorophenyl><LA2_pentafluorophenyl>,CCN(CCCB(c1c(F)c(F)c(F)c(F)c1F)c1c(F)c(F)c(F)c(F)c1F)c1ccccc1
N,ethyl,phenyl,C4,pentafluorophenyl,pentafluorophenyl,<LB_N><LB1_ethyl><LB2_phenyl><LINKER_C4><LA1_pentafluorophenyl><LA2_pentafluorophenyl>,CCN(CCCCB(c1c(F)c(F)c(F)c(F)c1F)c1c(F)c(F)c(F)c(F)c1F)c1ccccc1
N,ethyl,phenyl,C5,pentafluorophenyl,pentafluorophenyl,<LB_N><LB1_ethyl><LB2_phenyl><LINKER_C5><LA1_pentafluorophenyl><LA2_pentafluorophenyl>,CCN(CCCCCB(c1c(F)c(F)c(F)c(F)c1F)c1c(F)c(F)c(F)c(F)c1F)c1ccccc1
N,ethyl,phenyl,C6,pentafluorophenyl,pentafluorophenyl,<LB_N><LB1_ethyl><LB2_phenyl><LINKER_C6><LA1_pentafluorophenyl><LA2_pentafluorophenyl>,CCN(CCCCCCB(c1c(F)c(F)c(F)c(F)c1F)c1c(F)c(F)c(F)c(F)c1F)c1ccccc1
N,ethyl,phenyl,C1,pentafluorophenyl,pentachlorophenyl,<LB_N><LB1_ethyl><LB2_phenyl><LINKER_C1><LA1_pentafluorophenyl><LA2_pentachlorophenyl>,CCN(CB(c1c(F)c(F)c(F)c(F)c1F)c1c(Cl)c(Cl)c(Cl)c(Cl)c1Cl)c1ccccc1
N,ethyl,phenyl,C2,pentafluorophenyl,pentachlorophenyl,<LB_N><LB1_ethyl><LB2_phenyl><LINKER_C2><LA1_pentafluorophenyl><LA2_pentachlorophenyl>,CCN(CCB(c1c(F)c(F)c(F)c(F)c1F)c1c(Cl)c(Cl)c(Cl)c(Cl)c1Cl)c1ccccc1
N,ethyl,phenyl,C3,pentafluorophenyl,pentachlorophenyl,<LB_N><LB1_ethyl><LB2_phenyl><LINKER_C3><LA1_pentafluorophenyl><LA2_pentachlorophenyl>,CCN(CCCB(c1c(F)c(F)c(F)c(F)c1F)c1c(Cl)c(Cl)c(Cl)c(Cl)c1Cl)c1ccccc1
N,ethyl,phenyl,C4,pentafluorophenyl,pentachlorophenyl,<LB_N><LB1_ethyl><LB2_phenyl><LINKER_C4><LA1_pentafluorophenyl><LA2_pentachlorophenyl>,CCN(CCCCB(c1c(F)c(F)c(F)c(F)c1F)c1c(Cl)c(Cl)c(Cl)c(Cl)c1Cl)c1ccccc1
N,ethyl,phenyl,C5,pentafluorophenyl,pentachlorophenyl,<LB_N><LB1_ethyl><LB2_phenyl><LINKER_C5><LA1_pentafluorophenyl><LA2_pentachlorophenyl>,CCN(CCCCCB(c1c(F)c(F)c(F)c(F)c1F)c1c(Cl)c(Cl)c(Cl)c(Cl)c1Cl)c1ccccc1
N,ethyl,phenyl,C6,pentafluorophenyl,pentachlorophenyl,<LB_N><LB1_ethyl><LB2_phenyl><LINKER_C6><LA1_pentafluorophenyl><LA2_pentachlorophenyl>,CCN(CCCCCCB(c1c(F)c(F)c(F)c(F)c1F)c1c(Cl)c(Cl)c(Cl)c(Cl)c1Cl)c1ccccc1
N,ethyl,phenyl,C1,pentafluorophenyl,bis_cf3_phenyl,<LB_N><LB1_ethyl><LB2_phenyl><LINKER_C1><LA1_pentafluorophenyl><LA2_bis_cf3_phenyl>,CCN(CB(c1cc(C(F)(F)F)cc(C(F)(F)F)c1)c1c(F)c(F)c(F)c(F)c1F)c1ccccc1
N,ethyl,phenyl,C2,pentafluorophenyl,bis_cf3_phenyl,<LB_N><LB1_ethyl><LB2_phenyl><LINKER_C2><LA1_pentafluorophenyl><LA2_bis_cf3_phenyl>,CCN(CCB(c1cc(C(F)(F)F)cc(C(F)(F)F)c1)c1c(F)c(F)c(F)c(F)c1F)c1ccccc1
N,ethyl,phenyl,C3,pentafluorophenyl,bis_cf3_phenyl,<LB_N><LB1_ethyl><LB2_phenyl><LINKER_C3><LA1_pentafluorophenyl><LA2_bis_cf3_phenyl>,CCN(CCCB(c1cc(C(F)(F)F)cc(C(F)(F)F)c1)c1c(F)c(F)c(F)c(F)c1F)c1ccccc1
N,ethyl,phenyl,C4,pentafluorophenyl,bis_cf3_phenyl,<LB_N><LB1_ethyl><LB2_phenyl><LINKER_C4><LA1_pentafluorophenyl><LA2_bis_cf3_phenyl>,CCN(CCCCB(c1cc(C(F)(F)F)cc(C(F)(F)F)c1)c1c(F)c(F)c(F)c(F)c1F)c1ccccc1
N,ethyl,phenyl,C5,pentafluorophenyl,bis_cf3_phenyl,<LB_N><LB1_ethyl><LB2_phenyl><LINKER_C5><LA1_pentafluorophenyl><LA2_bis_cf3_phenyl>,CCN(CCCCCB(c1cc(C(F)(F)F)cc(C(F)(F)F)c1)c1c(F)c(F)c(F)c(F)c1F)c1ccccc1
N,ethyl,phenyl,C6,pentafluorophenyl,bis_cf3_phenyl,<LB_N><LB1_ethyl><LB2_phenyl><LINKER_C6><LA1_pentafluorophenyl><LA2_bis_cf3_phenyl>,CCN(CCCCCCB(c1cc(C(F)(F)F)cc(C(F)(F)F)c1)c1c(F)c(F)c(F)c(F)c1F)c1ccccc1
N,ethyl,phenyl,C1,pentachlorophenyl,pentachlorophenyl,<LB_N><LB1_ethyl><LB2_phenyl><LINKER_C1><LA1_pentachlorophenyl><LA2_pentachlorophenyl>,CCN(CB(c1c(Cl)c(Cl)c(Cl)c(Cl)c1Cl)c1c(Cl)c(Cl)c(Cl)c(Cl)c1Cl)c1ccccc1
N,ethyl,phenyl,C2,pentachlorophenyl,pentachlorophenyl,<LB_N><LB1_ethyl><LB2_phenyl><LINKER_C2><LA1_pentachlorophenyl><LA2_pentachlorophenyl>,CCN(CCB(c1c(Cl)c(Cl)c(Cl)c(Cl)c1Cl)c1c(Cl)c(Cl)c(Cl)c(Cl)c1Cl)c1ccccc1
N,ethyl,phenyl,C3,pentachlorophenyl,pentachlorophenyl,<LB_N><LB1_ethyl><LB2_phenyl><LINKER_C3><LA1_pentachlorophenyl><LA2_pentachlorophenyl>,CCN(CCCB(c1c(Cl)c(Cl)c(Cl)c(Cl)c1Cl)c1c(Cl)c(Cl)c(Cl)c(Cl)c1Cl)c1ccccc1
N,ethyl,phenyl,C4,pentachlorophenyl,pentachlorophenyl,<LB_N><LB1_ethyl><LB2_phenyl><LINKER_C4><LA1_pentachlorophenyl><LA2_pentachlorophenyl>,CCN(CCCCB(c1c(Cl)c(Cl)c(Cl)c(Cl)c1Cl)c1c(Cl)c(Cl)c(Cl)c(Cl)c1Cl)c1ccccc1
N,ethyl,phenyl,C5,pentachlorophenyl,pentachlorophenyl,<LB_N><LB1_ethyl><LB2_phenyl><LINKER_C5><LA1_pentachlorophenyl><LA2_pentachlorophenyl>,CCN(CCCCCB(c1c(Cl)c(Cl)c(Cl)c(Cl)c1Cl)c1c(Cl)c(Cl)c(Cl)c(Cl)c1Cl)c1ccccc1
N,ethyl,phenyl,C6,pentachlorophenyl,pentachlorophenyl,<LB_N><LB1_ethyl><LB2_phenyl><LINKER_C6><LA1_pentachlorophenyl><LA2_pentachlorophenyl>,CCN(CCCCCCB(c1c(Cl)c(Cl)c(Cl)c(Cl)c1Cl)c1c(Cl)c(Cl)c(Cl)c(Cl)c1Cl)c1ccccc1
N,ethyl,phenyl,C1,pentachlorophenyl,bis_cf3_phenyl,<LB_N><LB1_ethyl><LB2_phenyl><LINKER_C1><LA1_pentachlorophenyl><LA2_bis_cf3_phenyl>,CCN(CB(c1cc(C(F)(F)F)cc(C(F)(F)F)c1)c1c(Cl)c(Cl)c(Cl)c(Cl)c1Cl)c1ccccc1
N,ethyl,phenyl,C2,pentachlorophenyl,bis_cf3_phenyl,<LB_N><LB1_ethyl><LB2_phenyl><LINKER_C2><LA1_pentachlorophenyl><LA2_bis_cf3_phenyl>,CCN(CCB(c1cc(C(F)(F)F)cc(C(F)(F)F)c1)c1c(Cl)c(Cl)c(Cl)c(Cl)c1Cl)c1ccccc1
N,ethyl,phenyl,C3,pentachlorophenyl,bis_cf3_phenyl,<LB_N><LB1_ethyl><LB2_phenyl><LINKER_C3><LA1_pentachlorophenyl><LA2_bis_cf3_phenyl>,CCN(CCCB(c1cc(C(F)(F)F)cc(C(F)(F)F)c1)c1c(Cl)c(Cl)c(Cl)c(Cl)c1Cl)c1ccccc1
N,ethyl,phenyl,C4,pentachlorophenyl,bis_cf3_phenyl,<LB_N><LB1_ethyl><LB2_phenyl><LINKER_C4><LA1_pentachlorophenyl><LA2_bis_cf3_phenyl>,CCN(CCCCB(c1cc(C(F)(F)F)cc(C(F)(F)F)c1)c1c(Cl)c(Cl)c(Cl)c(Cl)c1Cl)c1ccccc1
N,ethyl,phenyl,C5,pentachlorophenyl,bis_cf3_phenyl,<LB_N><LB1_ethyl><LB2_phenyl><LINKER_C5><LA1_pentachlorophenyl><LA2_bis_cf3_phenyl>,CCN(CCCCCB(c1cc(C(F)(F)F)cc(C(F)(F)F)c1)c1c(Cl)c(Cl)c(Cl)c(Cl)c1Cl)c1ccccc1
N,ethyl,phenyl,C6,pentachlorophenyl,bis_cf3_phenyl,<LB_N><LB1_ethyl><LB2_phenyl><LINKER_C6><LA1_pentachlorophenyl><LA2_bis_cf3_phenyl>,CCN(CCCCCCB(c1cc(C(F)(F)F)cc(C(F)(F)F)c1)c1c(Cl)c(Cl)c(Cl)c(Cl)c1Cl)c1ccccc1
N,ethyl,phenyl,C1,bis_cf3_phenyl,bis_cf3_phenyl,<LB_N><LB1_ethyl><LB2_phenyl><LINKER_C1><LA1_bis_cf3_phenyl><LA2_bis_cf3_phenyl>,CCN(CB(c1cc(C(F)(F)F)cc(C(F)(F)F)c1)c1cc(C(F)(F)F)cc(C(F)(F)F)c1)c1ccccc1
N,ethyl,phenyl,C2,bis_cf3_phenyl,bis_cf3_phenyl,<LB_N><LB1_ethyl><LB2_phenyl><LINKER_C2><LA1_bis_cf3_phenyl><LA2_bis_cf3_phenyl>,CCN(CCB(c1cc(C(F)(F)F)cc(C(F)(F)F)c1)c1cc(C(F)(F)F)cc(C(F)(F)F)c1)c1ccccc1
N,ethyl,phenyl,C3,bis_cf3_phenyl,bis_cf3_phenyl,<LB_N><LB1_ethyl><LB2_phenyl><LINKER_C3><LA1_bis_cf3_phenyl><LA2_bis_cf3_phenyl>,CCN(CCCB(c1cc(C(F)(F)F)cc(C(F)(F)F)c1)c1cc(C(F)(F)F)cc(C(F)(F)F)c1)c1ccccc1
N,ethyl,phenyl,C4,bis_cf3_phenyl,bis_cf3_phenyl,<LB_N><LB1_ethyl><LB2_phenyl><LINKER_C4><LA1_bis_cf3_phenyl><LA2_bis_cf3_phenyl>,CCN(CCCCB(c1cc(C(F)(F)F)cc(C(F)(F)F)c1)c1cc(C(F)(F)F)cc(C(F)(F)F)c1)c1ccccc1
N,ethyl,phenyl,C5,bis_cf3_phenyl,bis_cf3_phenyl,<LB_N><LB1_ethyl><LB2_phenyl><LINKER_C5><LA1_bis_cf3_phenyl><LA2_bis_cf3_phenyl>,CCN(CCCCCB(c1cc(C(F)(F)F)cc(C(F)(F)F)c1)c1cc(C(F)(F)F)cc(C(F)(F)F)c1)c1ccccc1
N,ethyl,phenyl,C6,bis_cf3_phenyl,bis_cf3_phenyl,<LB_N><LB1_ethyl><LB2_phenyl><LINKER_C6><LA1_bis_cf3_phenyl><LA2_bis_cf3_phenyl>,CCN(CCCCCCB(c1cc(C(F)(F)F)cc(C(F)(F)F)c1)c1cc(C(F)(F)F)cc(C(F)(F)F)c1)c1ccccc1
N,isopropyl,isopropyl,C1,phenyl,phenyl,<LB_N><LB1_isopropyl><LB2_isopropyl><LINKER_C1><LA1_phenyl><LA2_phenyl>,CC(C)N(CB(c1ccccc1)c1ccccc1)C(C)C
N,isopropyl,isopropyl,C2,phenyl,phenyl,<LB_N><LB1_isopropyl><LB2_isopropyl><LINKER_C2><LA1_phenyl><LA2_phenyl>,CC(C)N(CCB(c1ccccc1)c1ccccc1)C(C)C
N,isopropyl,isopropyl,C3,phenyl,phenyl,<LB_N><LB1_isopropyl><LB2_isopropyl><LINKER_C3><LA1_phenyl><LA2_phenyl>,CC(C)N(CCCB(c1ccccc1)c1ccccc1)C(C)C
N,isopropyl,isopropyl,C4,phenyl,phenyl,<LB_N><LB1_isopropyl><LB2_isopropyl><LINKER_C4><LA1_phenyl><LA2_phenyl>,CC(C)N(CCCCB(c1ccccc1)c1ccccc1)C(C)C
N,isopropyl,isopropyl,C5,phenyl,phenyl,<LB_N><LB1_isopropyl><LB2_isopropyl><LINKER_C5><LA1_phenyl><LA2_phenyl>,CC(C)N(CCCCCB(c1ccccc1)c1ccccc1)C(C)C
N,isopropyl,isopropyl,C6,phenyl,phenyl,<LB_N><LB1_isopropyl><LB2_isopropyl><LINKER_C6><LA1_phenyl><LA2_phenyl>,CC(C)N(CCCCCCB(c1ccccc1)c1ccccc1)C(C)C
N,isopropyl,isopropyl,C1,phenyl,p_tolyl,<LB_N><LB1_isopropyl><LB2_isopropyl><LINKER_C1><LA1_phenyl><LA2_p_tolyl>,Cc1ccc(B(CN(C(C)C)C(C)C)c2ccccc2)cc1
N,isopropyl,isopropyl,C2,phenyl,p_tolyl,<LB_N><LB1_isopropyl><LB2_isopropyl><LINKER_C2><LA1_phenyl><LA2_p_tolyl>,Cc1ccc(B(CCN(C(C)C)C(C)C)c2ccccc2)cc1
N,isopropyl,isopropyl,C3,phenyl,p_tolyl,<LB_N><LB1_isopropyl><LB2_isopropyl><LINKER_C3><LA1_phenyl><LA2_p_tolyl>,Cc1ccc(B(CCCN(C(C)C)C(C)C)c2ccccc2)cc1
N,isopropyl,isopropyl,C4,phenyl,p_tolyl,<LB_N><LB1_isopropyl><LB2_isopropyl><LINKER_C4><LA1_phenyl><LA2_p_tolyl>,Cc1ccc(B(CCCCN(C(C)C)C(C)C)c2ccccc2)cc1
N,isopropyl,isopropyl,C5,phenyl,p_tolyl,<LB_N><LB1_isopropyl><LB2_isopropyl><LINKER_C5><LA1_phenyl><LA2_p_tolyl>,Cc1ccc(B(CCCCCN(C(C)C)C(C)C)c2ccccc2)cc1
N,isopropyl,isopropyl,C6,phenyl,p_tolyl,<LB_N><LB1_isopropyl><LB2_isopropyl><LINKER_C6><LA1_phenyl><LA2_p_tolyl>,Cc1ccc(B(CCCCCCN(C(C)C)C(C)C)c2ccccc2)cc1
N,isopropyl,isopropyl,C1,phenyl,mesityl,<LB_N><LB1_isopropyl><LB2_isopropyl><LINKER_C1><LA1_phenyl><LA2_mesityl>,Cc1cc(C)c(B(CN(C(C)C)C(C)C)c2ccccc2)c(C)c1
N,isopropyl,isopropyl,C2,phenyl,mesityl,<LB_N><LB1_isopropyl><LB2_isopropyl><LINKER_C2><LA1_phenyl><LA2_mesityl>,Cc1cc(C)c(B(CCN(C(C)C)C(C)C)c2ccccc2)c(C)c1
N,isopropyl,isopropyl,C3,phenyl,mesityl,<LB_N><LB1_isopropyl><LB2_isopropyl><LINKER_C3><LA1_phenyl><LA2_mesityl>,Cc1cc(C)c(B(CCCN(C(C)C)C(C)C)c2ccccc2)c(C)c1
N,isopropyl,isopropyl,C4,phenyl,mesityl,<LB_N><LB1_isopropyl><LB2_isopropyl><LINKER_C4><LA1_phenyl><LA2_mesityl>,Cc1cc(C)c(B(CCCCN(C(C)C)C(C)C)c2ccccc2)c(C)c1
N,isopropyl,isopropyl,C5,phenyl,mesityl,<LB_N><LB1_isopropyl><LB2_isopropyl><LINKER_C5><LA1_phenyl><LA2_mesityl>,Cc1cc(C)c(B(CCCCCN(C(C)C)C(C)C)c2ccccc2)c(C)c1
N,isopropyl,isopropyl,C6,phenyl,mesityl,<LB_N><LB1_isopropyl><LB2_isopropyl><LINKER_C6><LA1_phenyl><LA2_mesityl>,Cc1cc(C)c(B(CCCCCCN(C(C)C)C(C)C)c2ccccc2)c(C)c1
N,isopropyl,isopropyl,C1,phenyl,pentafluorophenyl,<LB_N><LB1_isopropyl><LB2_isopropyl><LINKER_C1><LA1_phenyl><LA2_pentafluorophenyl>,CC(C)N(CB(c1ccccc1)c1c(F)c(F)c(F)c(F)c1F)C(C)C
N,isopropyl,isopropyl,C2,phenyl,pentafluorophenyl,<LB_N><LB1_isopropyl><LB2_isopropyl><LINKER_C2><LA1_phenyl><LA2_pentafluorophenyl>,CC(C)N(CCB(c1ccccc1)c1c(F)c(F)c(F)c(F)c1F)C(C)C
N,isopropyl,isopropyl,C3,phenyl,pentafluorophenyl,<LB_N><LB1_isopropyl><LB2_isopropyl><LINKER_C3><LA1_phenyl><LA2_pentafluorophenyl>,CC(C)N(CCCB(c1ccccc1)c1c(F)c(F)c(F)c(F)c1F)C(C)C
N,isopropyl,isopropyl,C4,phenyl,pentafluorophenyl,<LB_N><LB1_isopropyl><LB2_isopropyl><LINKER_C4><LA1_phenyl><LA2_pentafluorophenyl>,CC(C)N(CCCCB(c1ccccc1)c1c(F)c(F)c(F)c(F)c1F)C(C)C
N,isopropyl,isopropyl,C5,phenyl,pentafluorophenyl,<LB_N><LB1_isopropyl><LB2_isopropyl><LINKER_C5><LA1_phenyl><LA2_pentafluorophenyl>,CC(C)N(CCCCCB(c1ccccc1)c1c(F)c(F)c(F)c(F)c1F)C(C)C
N,isopropyl,isopropyl,C6,phenyl,pentafluorophenyl,<LB_N><LB1_isopropyl><LB2_isopropyl><LINKER_C6><LA1_phenyl><LA2_pentafluorophenyl>,CC(C)N(CCCCCCB(c1ccccc1)c1c(F)c(F)c(F)c(F)c1F)C(C)C
N,isopropyl,isopropyl,C1,phenyl,pentachlorophenyl,<LB_N><LB1_isopropyl><LB2_isopropyl><LINKER_C1><LA1_phenyl><LA2_pentachlorophenyl>,CC(C)N(CB(c1ccccc1)c1c(Cl)c(Cl)c(Cl)c(Cl)c1Cl)C(C)C
N,isopropyl,isopropyl,C2,phenyl,pentachlorophenyl,<LB_N><LB1_isopropyl><LB2_isopropyl><LINKER_C2><LA1_phenyl><LA2_pentachlorophenyl>,CC(C)N(CCB(c1ccccc1)c1c(Cl)c(Cl)c(Cl)c(Cl)c1Cl)C(C)C
N,isopropyl,isopropyl,C3,phenyl,pentachlorophenyl,<LB_N><LB1_isopropyl><LB2_isopropyl><LINKER_C3><LA1_phenyl><LA2_pentachlorophenyl>,CC(C)N(CCCB(c1ccccc1)c1c(Cl)c(Cl)c(Cl)c(Cl)c1Cl)C(C)C
N,isopropyl,isopropyl,C4,phenyl,pentachlorophenyl,<LB_N><LB1_isopropyl><LB2_isopropyl><LINKER_C4><LA1_phenyl><LA2_pentachlorophenyl>,CC(C)N(CCCCB(c1ccccc1)c1c(Cl)c(Cl)c(Cl)c(Cl)c1Cl)C(C)C
N,isopropyl,isopropyl,C5,phenyl,pentachlorophenyl,<LB_N><LB1_isopropyl><LB2_isopropyl><LINKER_C5><LA1_phenyl><LA2_pentachlorophenyl>,CC(C)N(CCCCCB(c1ccccc1)c1c(Cl)c(Cl)c(Cl)c(Cl)c1Cl)C(C)C
N,isopropyl,isopropyl,C6,phenyl,pentachlorophenyl,<LB_N><LB1_isopropyl><LB2_isopropyl><LINKER_C6><LA1_phenyl><LA2_pentachlorophenyl>,CC(C)N(CCCCCCB(c1ccccc1)c1c(Cl)c(Cl)c(Cl)c(Cl)c1Cl)C(C)C
N,isopropyl,isopropyl,C1,phenyl,bis_cf3_phenyl,<LB_N><LB1_isopropyl><LB2_isopropyl><LINKER_C1><LA1_phenyl><LA2_bis_cf3_phenyl>,CC(C)N(CB(c1ccccc1)c1cc(C(F)(F)F)cc(C(F)(F)F)c1)C(C)C
N,isopropyl,isopropyl,C2,phenyl,bis_cf3_phenyl,<LB_N><LB1_isopropyl><LB2_isopropyl><LINKER_C2><LA1_phenyl><LA2_bis_cf3_phenyl>,CC(C)N(CCB(c1ccccc1)c1cc(C(F)(F)F)cc(C(F)(F)F)c1)C(C)C
N,isopropyl,isopropyl,C3,phenyl,bis_cf3_phenyl,<LB_N><LB1_isopropyl><LB2_isopropyl><LINKER_C3><LA1_phenyl><LA2_bis_cf3_phenyl>,CC(C)N(CCCB(c1ccccc1)c1cc(C(F)(F)F)cc(C(F)(F)F)c1)C(C)C
N,isopropyl,isopropyl,C4,phenyl,bis_cf3_phenyl,<LB_N><LB1_isopropyl><LB2_isopropyl><LINKER_C4><LA1_phenyl><LA2_bis_cf3_phenyl>,CC(C)N(CCCCB(c1ccccc1)c1cc(C(F)(F)F)cc(C(F)(F)F)c1)C(C)C
N,isopropyl,isopropyl,C5,phenyl,bis_cf3_phenyl,<LB_N><LB1_isopropyl><LB2_isopropyl><LINKER_C5><LA1_phenyl><LA2_bis_cf3_phenyl>,CC(C)N(CCCCCB(c1ccccc1)c1cc(C(F)(F)F)cc(C(F)(F)F)c1)C(C)C
N,isopropyl,isopropyl,C6,phenyl,bis_cf3_phenyl,<LB_N><LB1_isopropyl><LB2_isopropyl><LINKER_C6><LA1_phenyl><LA2_bis_cf3_phenyl>,CC(C)N(CCCCCCB(c1ccccc1)c1cc(C(F)(F)F)cc(C(F)(F)F)c1)C(C)C
N,isopropyl,isopropyl,C1,p_tolyl,p_tolyl,<LB_N><LB1_isopropyl><LB2_isopropyl><LINKER_C1><LA1_p_tolyl><LA2_p_tolyl>,Cc1ccc(B(CN(C(C)C)C(C)C)c2ccc(C)cc2)cc1
N,isopropyl,isopropyl,C2,p_tolyl,p_tolyl,<LB_N><LB1_isopropyl><LB2_isopropyl><LINKER_C2><LA1_p_tolyl><LA2_p_tolyl>,Cc1ccc(B(CCN(C(C)C)C(C)C)c2ccc(C)cc2)cc1
N,isopropyl,isopropyl,C3,p_tolyl,p_tolyl,<LB_N><LB1_isopropyl><LB2_isopropyl><LINKER_C3><LA1_p_tolyl><LA2_p_tolyl>,Cc1ccc(B(CCCN(C(C)C)C(C)C)c2ccc(C)cc2)cc1
N,isopropyl,isopropyl,C4,p_tolyl,p_tolyl,<LB_N><LB1_isopropyl><LB2_isopropyl><LINKER_C4><LA1_p_tolyl><LA2_p_tolyl>,Cc1ccc(B(CCCCN(C(C)C)C(C)C)c2ccc(C)cc2)cc1
N,isopropyl,isopropyl,C5,p_tolyl,p_tolyl,<LB_N><LB1_isopropyl><LB2_isopropyl><LINKER_C5><LA1_p_tolyl><LA2_p_tolyl>,Cc1ccc(B(CCCCCN(C(C)C)C(C)C)c2ccc(C)cc2)cc1
N,isopropyl,isopropyl,C6,p_tolyl,p_tolyl,<LB_N><LB1_isopropyl><LB2_isopropyl><LINKER_C6><LA1_p_tolyl><LA2_p_tolyl>,Cc1ccc(B(CCCCCCN(C(C)C)C(C)C)c2ccc(C)cc2)cc1
N,isopropyl,isopropyl,C1,p_tolyl,mesityl,<LB_N><LB1_isopropyl><LB2_isopropyl><LINKER_C1><LA1_p_tolyl><LA2_mesityl>,Cc1ccc(B(CN(C(C)C)C(C)C)c2c(C)cc(C)cc2C)cc1
N,isopropyl,isopropyl,C2,p_tolyl,mesityl,<LB_N><LB1_isopropyl><LB2_isopropyl><LINKER_C2><LA1_p_tolyl><LA2_mesityl>,Cc1ccc(B(CCN(C(C)C)C(C)C)c2c(C)cc(C)cc2C)cc1
N,isopropyl,isopropyl,C3,p_tolyl,mesityl,<LB_N><LB1_isopropyl><LB2_isopropyl><LINKER_C3><LA1_p_tolyl><LA2_mesityl>,Cc1ccc(B(CCCN(C(C)C)C(C)C)c2c(C)cc(C)cc2C)cc1
N,isopropyl,isopropyl,C4,p_tolyl,mesityl,<LB_N><LB1_isopropyl><LB2_isopropyl><LINKER_C4><LA1_p_tolyl><LA2_mesityl>,Cc1ccc(B(CCCCN(C(C)C)C(C)C)c2c(C)cc(C)cc2C)cc1
N,isopropyl,isopropyl,C5,p_tolyl,mesityl,<LB_N><LB1_isopropyl><LB2_isopropyl><LINKER_C5><LA1_p_tolyl><LA2_mesityl>,Cc1ccc(B(CCCCCN(C(C)C)C(C)C)c2c(C)cc(C)cc2C)cc1
N,isopropyl,isopropyl,C6,p_tolyl,mesityl,<LB_N><LB1_isopropyl><LB2_isopropyl><LINKER_C6><LA1_p_tolyl><LA2_mesityl>,Cc1ccc(B(CCCCCCN(C(C)C)C(C)C)c2c(C)cc(C)cc2C)cc1
N,isopropyl,isopropyl,C1,p_tolyl,pentafluorophenyl,<LB_N><LB1_isopropyl><LB2_isopropyl><LINKER_C1><LA1_p_tolyl><LA2_pentafluorophenyl>,Cc1ccc(B(CN(C(C)C)C(C)C)c2c(F)c(F)c(F)c(F)c2F)cc1
N,isopropyl,isopropyl,C2,p_tolyl,pentafluorophenyl,<LB_N><LB1_isopropyl><LB2_isopropyl><LINKER_C2><LA1_p_tolyl><LA2_pentafluorophenyl>,Cc1ccc(B(CCN(C(C)C)C(C)C)c2c(F)c(F)c(F)c(F)c2F)cc1
N,isopropyl,isopropyl,C3,p_tolyl,pentafluorophenyl,<LB_N><LB1_isopropyl><LB2_isopropyl><LINKER_C3><LA1_p_tolyl><LA2_pentafluorophenyl>,Cc1ccc(B(CCCN(C(C)C)C(C)C)c2c(F)c(F)c(F)c(F)c2F)cc1
N,isopropyl,isopropyl,C4,p_tolyl,pentafluorophenyl,<LB_N><LB1_isopropyl><LB2_isopropyl><LINKER_C4><LA1_p_tolyl><LA2_pentafluorophenyl>,Cc1ccc(B(CCCCN(C(C)C)C(C)C)c2c(F)c(F)c(F)c(F)c2F)cc1
N,isopropyl,isopropyl,C5,p_tolyl,pentafluorophenyl,<LB_N><LB1_isopropyl><LB2_isopropyl><LINKER_C5><LA1_p_tolyl><LA2_pentafluorophenyl>,Cc1ccc(B(CCCCCN(C(C)C)C(C)C)c2c(F)c(F)c(F)c(F)c2F)cc1
N,isopropyl,isopropyl,C6,p_tolyl,pentafluorophenyl,<LB_N><LB1_isopropyl><LB2_isopropyl><LINKER_C6><LA1_p_tolyl><LA2_pentafluorophenyl>,Cc1ccc(B(CCCCCCN(C(C)C)C(C)C)c2c(F)c(F)c(F)c(F)c2F)cc1
N,isopropyl,isopropyl,C1,p_tolyl,pentachlorophenyl,<LB_N><LB1_isopropyl><LB2_isopropyl><LINKER_C1><LA1_p_tolyl><LA2_pentachlorophenyl>,Cc1ccc(B(CN(C(C)C)C(C)C)c2c(Cl)c(Cl)c(Cl)c(Cl)c2Cl)cc1
N,isopropyl,isopropyl,C2,p_tolyl,pentachlorophenyl,<LB_N><LB1_isopropyl><LB2_isopropyl><LINKER_C2><LA1_p_tolyl><LA2_pentachlorophenyl>,Cc1ccc(B(CCN(C(C)C)C(C)C)c2c(Cl)c(Cl)c(Cl)c(Cl)c2Cl)cc1
N,isopropyl,isopropyl,C3,p_tolyl,pentachlorophenyl,<LB_N><LB1_isopropyl><LB2_isopropyl><LINKER_C3><LA1_p_tolyl><LA2_pentachlorophenyl>,Cc1ccc(B(CCCN(C(C)C)C(C)C)c2c(Cl)c(Cl)c(Cl)c(Cl)c2Cl)cc1
N,isopropyl,isopropyl,C4,p_tolyl,pentachlorophenyl,<LB_N><LB1_isopropyl><LB2_isopropyl><LINKER_C4><LA1_p_tolyl><LA2_pentachlorophenyl>,Cc1ccc(B(CCCCN(C(C)C)C(C)C)c2c(Cl)c(Cl)c(Cl)c(Cl)c2Cl)cc1
N,isopropyl,isopropyl,C5,p_tolyl,pentachlorophenyl,<LB_N><LB1_isopropyl><LB2_isopropyl><LINKER_C5><LA1_p_tolyl><LA2_pentachlorophenyl>,Cc1ccc(B(CCCCCN(C(C)C)C(C)C)c2c(Cl)c(Cl)c(Cl)c(Cl)c2Cl)cc1
N,isopropyl,isopropyl,C6,p_tolyl,pentachlorophenyl,<LB_N><LB1_isopropyl><LB2_isopropyl><LINKER_C6><LA1_p_tolyl><LA2_pentachlorophenyl>,Cc1ccc(B(CCCCCCN(C(C)C)C(C)C)c2c(Cl)c(Cl)c(Cl)c(Cl)c2Cl)cc1
N,isopropyl,isopropyl,C1,p_tolyl,bis_cf3_phenyl,<LB_N><LB1_isopropyl><LB2_isopropyl><LINKER_C1><LA1_p_tolyl><LA2_bis_cf3_phenyl>,Cc1ccc(B(CN(C(C)C)C(C)C)c2cc(C(F)(F)F)cc(C(F)(F)F)c2)cc1
N,isopropyl,isopropyl,C2,p_tolyl,bis_cf3_phenyl,<LB_N><LB1_isopropyl><LB2_isopropyl><LINKER_C2><LA1_p_tolyl><LA2_bis_cf3_phenyl>,Cc1ccc(B(CCN(C(C)C)C(C)C)c2cc(C(F)(F)F)cc(C(F)(F)F)c2)cc1
N,isopropyl,isopropyl,C3,p_tolyl,bis_cf3_phenyl,<LB_N><LB1_isopropyl><LB2_isopropyl><LINKER_C3><LA1_p_tolyl><LA2_bis_cf3_phenyl>,Cc1ccc(B(CCCN(C(C)C)C(C)C)c2cc(C(F)(F)F)cc(C(F)(F)F)c2)cc1
N,isopropyl,isopropyl,C4,p_tolyl,bis_cf3_phenyl,<LB_N><LB1_isopropyl><LB2_isopropyl><LINKER_C4><LA1_p_tolyl><LA2_bis_cf3_phenyl>,Cc1ccc(B(CCCCN(C(C)C)C(C)C)c2cc(C(F)(F)F)cc(C(F)(F)F)c2)cc1
N,isopropyl,isopropyl,C5,p_tolyl,bis_cf3_phenyl,<LB_N><LB1_isopropyl><LB2_isopropyl><LINKER_C5><LA1_p_tolyl><LA2_bis_cf3_phenyl>,Cc1ccc(B(CCCCCN(C(C)C)C(C)C)c2cc(C(F)(F)F)cc(C(F)(F)F)c2)cc1
N,isopropyl,isopropyl,C6,p_tolyl,bis_cf3_phenyl,<LB_N><LB1_isopropyl><LB2_isopropyl><LINKER_C6><LA1_p_tolyl><LA2_bis_cf3_phenyl>,Cc1ccc(B(CCCCCCN(C(C)C)C(C)C)c2cc(C(F)(F)F)cc(C(F)(F)F)c2)cc1
N,isopropyl,isopropyl,C1,mesityl,mesityl,<LB_N><LB1_isopropyl><LB2_isopropyl><LINKER_C1><LA1_mesityl><LA2_mesityl>,Cc1cc(C)c(B(CN(C(C)C)C(C)C)c2c(C)cc(C)cc2C)c(C)c1
N,isopropyl,isopropyl,C2,mesityl,mesityl,<LB_N><LB1_isopropyl><LB2_isopropyl><LINKER_C2><LA1_mesityl><LA2_mesityl>,Cc1cc(C)c(B(CCN(C(C)C)C(C)C)c2c(C)cc(C)cc2C)c(C)c1
N,isopropyl,isopropyl,C3,mesityl,mesityl,<LB_N><LB1_isopropyl><LB2_isopropyl><LINKER_C3><LA1_mesityl><LA2_mesityl>,Cc1cc(C)c(B(CCCN(C(C)C)C(C)C)c2c(C)cc(C)cc2C)c(C)c1
N,isopropyl,isopropyl,C4,mesityl,mesityl,<LB_N><LB1_isopropyl><LB2_isopropyl><LINKER_C4><LA1_mesityl><LA2_mesityl>,Cc1cc(C)c(B(CCCCN(C(C)C)C(C)C)c2c(C)cc(C)cc2C)c(C)c1
N,isopropyl,isopropyl,C5,mesityl,mesityl,<LB_N><LB1_isopropyl><LB2_isopropyl><LINKER_C5><LA1_mesityl><LA2_mesityl>,Cc1cc(C)c(B(CCCCCN(C(C)C)C(C)C)c2c(C)cc(C)cc2C)c(C)c1
N,isopropyl,isopropyl,C6,mesityl,mesityl,<LB_N><LB1_isopropyl><LB2_isopropyl><LINKER_C6><LA1_mesityl><LA2_mesityl>,Cc1cc(C)c(B(CCCCCCN(C(C)C)C(C)C)c2c(C)cc(C)cc2C)c(C)c1
N,isopropyl,isopropyl,C1,mesityl,pentafluorophenyl,<LB_N><LB1_isopropyl><LB2_isopropyl><LINKER_C1><LA1_mesityl><LA2_pentafluorophenyl>,Cc1cc(C)c(B(CN(C(C)C)C(C)C)c2c(F)c(F)c(F)c(F)c2F)c(C)c1
N,isopropyl,isopropyl,C2,mesityl,pentafluorophenyl,<LB_N><LB1_isopropyl><LB2_isopropyl><LINKER_C2><LA1_mesityl><LA2_pentafluorophenyl>,Cc1cc(C)c(B(CCN(C(C)C)C(C)C)c2c(F)c(F)c(F)c(F)c2F)c(C)c1
N,isopropyl,isopropyl,C3,mesityl,pentafluorophenyl,<LB_N><LB1_isopropyl><LB2_isopropyl><LINKER_C3><LA1_mesityl><LA2_pentafluorophenyl>,Cc1cc(C)c(B(CCCN(C(C)C)C(C)C)c2c(F)c(F)c(F)c(F)c2F)c(C)c1
N,isopropyl,isopropyl,C4,mesityl,pentafluorophenyl,<LB_N><LB1_isopropyl><LB2_isopropyl><LINKER_C4><LA1_mesityl><LA2_pentafluorophenyl>,Cc1cc(C)c(B(CCCCN(C(C)C)C(C)C)c2c(F)c(F)c(F)c(F)c2F)c(C)c1
N,isopropyl,isopropyl,C5,mesityl,pentafluorophenyl,<LB_N><LB1_isopropyl><LB2_isopropyl><LINKER_C5><LA1_mesityl><LA2_pentafluorophenyl>,Cc1cc(C)c(B(CCCCCN(C(C)C)C(C)C)c2c(F)c(F)c(F)c(F)c2F)c(C)c1
N,isopropyl,isopropyl,C6,mesityl,pentafluorophenyl,<LB_N><LB1_isopropyl><LB2_isopropyl><LINKER_C6><LA1_mesityl><LA2_pentafluorophenyl>,Cc1cc(C)c(B(CCCCCCN(C(C)C)C(C)C)c2c(F)c(F)c(F)c(F)c2F)c(C)c1
N,isopropyl,isopropyl,C1,mesityl,pentachlorophenyl,<LB_N><LB1_isopropyl><LB2_isopropyl><LINKER_C1><LA1_mesityl><LA2_pentachlorophenyl>,Cc1cc(C)c(B(CN(C(C)C)C(C)C)c2c(Cl)c(Cl)c(Cl)c(Cl)c2Cl)c(C)c1
N,isopropyl,isopropyl,C2,mesityl,pentachlorophenyl,<LB_N><LB1_isopropyl><LB2_isopropyl><LINKER_C2><LA1_mesityl><LA2_pentachlorophenyl>,Cc1cc(C)c(B(CCN(C(C)C)C(C)C)c2c(Cl)c(Cl)c(Cl)c(Cl)c2Cl)c(C)c1
N,isopropyl,isopropyl,C3,mesityl,pentachlorophenyl,<LB_N><LB1_isopropyl><LB2_isopropyl><LINKER_C3><LA1_mesityl><LA2_pentachlorophenyl>,Cc1cc(C)c(B(CCCN(C(C)C)C(C)C)c2c(Cl)c(Cl)c(Cl)c(Cl)c2Cl)c(C)c1
N,isopropyl,isopropyl,C4,mesityl,pentachlorophenyl,<LB_N><LB1_isopropyl><LB2_isopropyl><LINKER_C4><LA1_mesityl><LA2_pentachlorophenyl>,Cc1cc(C)c(B(CCCCN(C(C)C)C(C)C)c2c(Cl)c(Cl)c(Cl)c(Cl)c2Cl)c(C)c1
N,isopropyl,isopropyl,C5,mesityl,pentachlorophenyl,<LB_N><LB1_isopropyl><LB2_isopropyl><LINKER_C5><LA1_mesityl><LA2_pentachlorophenyl>,Cc1cc(C)c(B(CCCCCN(C(C)C)C(C)C)c2c(Cl)c(Cl)c(Cl)c(Cl)c2Cl)c(C)c1
N,isopropyl,isopropyl,C6,mesityl,pentachlorophenyl,<LB_N><LB1_isopropyl><LB2_isopropyl><LINKER_C6><LA1_mesityl><LA2_pentachlorophenyl>,Cc1cc(C)c(B(CCCCCCN(C(C)C)C(C)C)c2c(Cl)c(Cl)c(Cl)c(Cl)c2Cl)c(C)c1
N,isopropyl,isopropyl,C1,mesityl,bis_cf3_phenyl,<LB_N><LB1_isopropyl><LB2_isopropyl><LINKER_C1><LA1_mesityl><LA2_bis_cf3_phenyl>,Cc1cc(C)c(B(CN(C(C)C)C(C)C)c2cc(C(F)(F)F)cc(C(F)(F)F)c2)c(C)c1
N,isopropyl,isopropyl,C2,mesityl,bis_cf3_phenyl,<LB_N><LB1_isopropyl><LB2_isopropyl><LINKER_C2><LA1_mesityl><LA2_bis_cf3_phenyl>,Cc1cc(C)c(B(CCN(C(C)C)C(C)C)c2cc(C(F)(F)F)cc(C(F)(F)F)c2)c(C)c1
N,isopropyl,isopropyl,C3,mesityl,bis_cf3_phenyl,<LB_N><LB1_isopropyl><LB2_isopropyl><LINKER_C3><LA1_mesityl><LA2_bis_cf3_phenyl>,Cc1cc(C)c(B(CCCN(C(C)C)C(C)C)c2cc(C(F)(F)F)cc(C(F)(F)F)c2)c(C)c1
N,isopropyl,isopropyl,C4,mesityl,bis_cf3_phenyl,<LB_N><LB1_isopropyl><LB2_isopropyl><LINKER_C4><LA1_mesityl><LA2_bis_cf3_phenyl>,Cc1cc(C)c(B(CCCCN(C(C)C)C(C)C)c2cc(C(F)(F)F)cc(C(F)(F)F)c2)c(C)c1
N,isopropyl,isopropyl,C5,mesityl,bis_cf3_phenyl,<LB_N><LB1_isopropyl><LB2_isopropyl><LINKER_C5><LA1_mesityl><LA2_bis_cf3_phenyl>,Cc1cc(C)c(B(CCCCCN(C(C)C)C(C)C)c2cc(C(F)(F)F)cc(C(F)(F)F)c2)c(C)c1
N,isopropyl,isopropyl,C6,mesityl,bis_cf3_phenyl,<LB_N><LB1_isopropyl><LB2_isopropyl><LINKER_C6><LA1_mesityl><LA2_bis_cf3_phenyl>,Cc1cc(C)c(B(CCCCCCN(C(C)C)C(C)C)c2cc(C(F)(F)F)cc(C(F)(F)F)c2)c(C)c1
N,isopropyl,isopropyl,C1,pentafluorophenyl,pentafluorophenyl,<LB_N><LB1_isopropyl><LB2_isopropyl><LINKER_C1><LA1_pentafluorophenyl><LA2_pentafluorophenyl>,CC(C)N(CB(c1c(F)c(F)c(F)c(F)c1F)c1c(F)c(F)c(F)c(F)c1F)C(C)C
N,isopropyl,isopropyl,C2,pentafluorophenyl,pentafluorophenyl,<LB_N><LB1_isopropyl><LB2_isopropyl><LINKER_C2><LA1_pentafluorophenyl><LA2_pentafluorophenyl>,CC(C)N(CCB(c1c(F)c(F)c(F)c(F)c1F)c1c(F)c(F)c(F)c(F)c1F)C(C)C
N,isopropyl,isopropyl,C3,pentafluorophenyl,pentafluorophenyl,<LB_N><LB1_isopropyl><LB2_isopropyl><LINKER_C3><LA1_pentafluorophenyl><LA2_pentafluorophenyl>,CC(C)N(CCCB(c1c(F)c(F)c(F)c(F)c1F)c1c(F)c(F)c(F)c(F)c1F)C(C)C
N,isopropyl,isopropyl,C4,pentafluorophenyl,pentafluorophenyl,<LB_N><LB1_isopropyl><LB2_isopropyl><LINKER_C4><LA1_pentafluorophenyl><LA2_pentafluorophenyl>,CC(C)N(CCCCB(c1c(F)c(F)c(F)c(F)c1F)c1c(F)c(F)c(F)c(F)c1F)C(C)C
N,isopropyl,isopropyl,C5,pentafluorophenyl,pentafluorophenyl,<LB_N><LB1_isopropyl><LB2_isopropyl><LINKER_C5><LA1_pentafluorophenyl><LA2_pentafluorophenyl>,CC(C)N(CCCCCB(c1c(F)c(F)c(F)c(F)c1F)c1c(F)c(F)c(F)c(F)c1F)C(C)C
N,isopropyl,isopropyl,C6,pentafluorophenyl,pentafluorophenyl,<LB_N><LB1_isopropyl><LB2_isopropyl><LINKER_C6><LA1_pentafluorophenyl><LA2_pentafluorophenyl>,CC(C)N(CCCCCCB(c1c(F)c(F)c(F)c(F)c1F)c1c(F)c(F)c(F)c(F)c1F)C(C)C
N,isopropyl,isopropyl,C1,pentafluorophenyl,pentachlorophenyl,<LB_N><LB1_isopropyl><LB2_isopropyl><LINKER_C1><LA1_pentafluorophenyl><LA2_pentachlorophenyl>,CC(C)N(CB(c1c(F)c(F)c(F)c(F)c1F)c1c(Cl)c(Cl)c(Cl)c(Cl)c1Cl)C(C)C
N,isopropyl,isopropyl,C2,pentafluorophenyl,pentachlorophenyl,<LB_N><LB1_isopropyl><LB2_isopropyl><LINKER_C2><LA1_pentafluorophenyl><LA2_pentachlorophenyl>,CC(C)N(CCB(c1c(F)c(F)c(F)c(F)c1F)c1c(Cl)c(Cl)c(Cl)c(Cl)c1Cl)C(C)C
N,isopropyl,isopropyl,C3,pentafluorophenyl,pentachlorophenyl,<LB_N><LB1_isopropyl><LB2_isopropyl><LINKER_C3><LA1_pentafluorophenyl><LA2_pentachlorophenyl>,CC(C)N(CCCB(c1c(F)c(F)c(F)c(F)c1F)c1c(Cl)c(Cl)c(Cl)c(Cl)c1Cl)C(C)C
N,isopropyl,isopropyl,C4,pentafluorophenyl,pentachlorophenyl,<LB_N><LB1_isopropyl><LB2_isopropyl><LINKER_C4><LA1_pentafluorophenyl><LA2_pentachlorophenyl>,CC(C)N(CCCCB(c1c(F)c(F)c(F)c(F)c1F)c1c(Cl)c(Cl)c(Cl)c(Cl)c1Cl)C(C)C
N,isopropyl,isopropyl,C5,pentafluorophenyl,pentachlorophenyl,<LB_N><LB1_isopropyl><LB2_isopropyl><LINKER_C5><LA1_pentafluorophenyl><LA2_pentachlorophenyl>,CC(C)N(CCCCCB(c1c(F)c(F)c(F)c(F)c1F)c1c(Cl)c(Cl)c(Cl)c(Cl)c1Cl)C(C)C
N,isopropyl,isopropyl,C6,pentafluorophenyl,pentachlorophenyl,<LB_N><LB1_isopropyl><LB2_isopropyl><LINKER_C6><LA1_pentafluorophenyl><LA2_pentachlorophenyl>,CC(C)N(CCCCCCB(c1c(F)c(F)c(F)c(F)c1F)c1c(Cl)c(Cl)c(Cl)c(Cl)c1Cl)C(C)C
N,isopropyl,isopropyl,C1,pentafluorophenyl,bis_cf3_phenyl,<LB_N><LB1_isopropyl><LB2_isopropyl><LINKER_C1><LA1_pentafluorophenyl><LA2_bis_cf3_phenyl>,CC(C)N(CB(c1cc(C(F)(F)F)cc(C(F)(F)F)c1)c1c(F)c(F)c(F)c(F)c1F)C(C)C
N,isopropyl,isopropyl,C2,pentafluorophenyl,bis_cf3_phenyl,<LB_N><LB1_isopropyl><LB2_isopropyl><LINKER_C2><LA1_pentafluorophenyl><LA2_bis_cf3_phenyl>,CC(C)N(CCB(c1cc(C(F)(F)F)cc(C(F)(F)F)c1)c1c(F)c(F)c(F)c(F)c1F)C(C)C
N,isopropyl,isopropyl,C3,pentafluorophenyl,bis_cf3_phenyl,<LB_N><LB1_isopropyl><LB2_isopropyl><LINKER_C3><LA1_pentafluorophenyl><LA2_bis_cf3_phenyl>,CC(C)N(CCCB(c1cc(C(F)(F)F)cc(C(F)(F)F)c1)c1c(F)c(F)c(F)c(F)c1F)C(C)C
N,isopropyl,isopropyl,C4,pentafluorophenyl,bis_cf3_phenyl,<LB_N><LB1_isopropyl><LB2_isopropyl><LINKER_C4><LA1_pentafluorophenyl><LA2_bis_cf3_phenyl>,CC(C)N(CCCCB(c1cc(C(F)(F)F)cc(C(F)(F)F)c1)c1c(F)c(F)c(F)c(F)c1F)C(C)C
N,isopropyl,isopropyl,C5,pentafluorophenyl,bis_cf3_phenyl,<LB_N><LB1_isopropyl><LB2_isopropyl><LINKER_C5><LA1_pentafluorophenyl><LA2_bis_cf3_phenyl>,CC(C)N(CCCCCB(c1cc(C(F)(F)F)cc(C(F)(F)F)c1)c1c(F)c(F)c(F)c(F)c1F)C(C)C
N,isopropyl,isopropyl,C6,pentafluorophenyl,bis_cf3_phenyl,<LB_N><LB1_isopropyl><LB2_isopropyl><LINKER_C6><LA1_pentafluorophenyl><LA2_bis_cf3_phenyl>,CC(C)N(CCCCCCB(c1cc(C(F)(F)F)cc(C(F)(F)F)c1)c1c(F)c(F)c(F)c(F)c1F)C(C)C
N,isopropyl,isopropyl,C1,pentachlorophenyl,pentachlorophenyl,<LB_N><LB1_isopropyl><LB2_isopropyl><LINKER_C1><LA1_pentachlorophenyl><LA2_pentachlorophenyl>,CC(C)N(CB(c1c(Cl)c(Cl)c(Cl)c(Cl)c1Cl)c1c(Cl)c(Cl)c(Cl)c(Cl)c1Cl)C(C)C
N,isopropyl,isopropyl,C2,pentachlorophenyl,pentachlorophenyl,<LB_N><LB1_isopropyl><LB2_isopropyl><LINKER_C2><LA1_pentachlorophenyl><LA2_pentachlorophenyl>,CC(C)N(CCB(c1c(Cl)c(Cl)c(Cl)c(Cl)c1Cl)c1c(Cl)c(Cl)c(Cl)c(Cl)c1Cl)C(C)C
N,isopropyl,isopropyl,C3,pentachlorophenyl,pentachlorophenyl,<LB_N><LB1_isopropyl><LB2_isopropyl><LINKER_C3><LA1_pentachlorophenyl><LA2_pentachlorophenyl>,CC(C)N(CCCB(c1c(Cl)c(Cl)c(Cl)c(Cl)c1Cl)c1c(Cl)c(Cl)c(Cl)c(Cl)c1Cl)C(C)C
N,isopropyl,isopropyl,C4,pentachlorophenyl,pentachlorophenyl,<LB_N><LB1_isopropyl><LB2_isopropyl><LINKER_C4><LA1_pentachlorophenyl><LA2_pentachlorophenyl>,CC(C)N(CCCCB(c1c(Cl)c(Cl)c(Cl)c(Cl)c1Cl)c1c(Cl)c(Cl)c(Cl)c(Cl)c1Cl)C(C)C
N,isopropyl,isopropyl,C5,pentachlorophenyl,pentachlorophenyl,<LB_N><LB1_isopropyl><LB2_isopropyl><LINKER_C5><LA1_pentachlorophenyl><LA2_pentachlorophenyl>,CC(C)N(CCCCCB(c1c(Cl)c(Cl)c(Cl)c(Cl)c1Cl)c1c(Cl)c(Cl)c(Cl)c(Cl)c1Cl)C(C)C
N,isopropyl,isopropyl,C6,pentachlorophenyl,pentachlorophenyl,<LB_N><LB1_isopropyl><LB2_isopropyl><LINKER_C6><LA1_pentachlorophenyl><LA2_pentachlorophenyl>,CC(C)N(CCCCCCB(c1c(Cl)c(Cl)c(Cl)c(Cl)c1Cl)c1c(Cl)c(Cl)c(Cl)c(Cl)c1Cl)C(C)C
N,isopropyl,isopropyl,C1,pentachlorophenyl,bis_cf3_phenyl,<LB_N><LB1_isopropyl><LB2_isopropyl><LINKER_C1><LA1_pentachlorophenyl><LA2_bis_cf3_phenyl>,CC(C)N(CB(c1cc(C(F)(F)F)cc(C(F)(F)F)c1)c1c(Cl)c(Cl)c(Cl)c(Cl)c1Cl)C(C)C
N,isopropyl,isopropyl,C2,pentachlorophenyl,bis_cf3_phenyl,<LB_N><LB1_isopropyl><LB2_isopropyl><LINKER_C2><LA1_pentachlorophenyl><LA2_bis_cf3_phenyl>,CC(C)N(CCB(c1cc(C(F)(F)F)cc(C(F)(F)F)c1)c1c(Cl)c(Cl)c(Cl)c(Cl)c1Cl)C(C)C
N,isopropyl,isopropyl,C3,pentachlorophenyl,bis_cf3_phenyl,<LB_N><LB1_isopropyl><LB2_isopropyl><LINKER_C3><LA1_pentachlorophenyl><LA2_bis_cf3_phenyl>,CC(C)N(CCCB(c1cc(C(F)(F)F)cc(C(F)(F)F)c1)c1c(Cl)c(Cl)c(Cl)c(Cl)c1Cl)C(C)C
N,isopropyl,isopropyl,C4,pentachlorophenyl,bis_cf3_phenyl,<LB_N><LB1_isopropyl><LB2_isopropyl><LINKER_C4><LA1_pentachlorophenyl><LA2_bis_cf3_phenyl>,CC(C)N(CCCCB(c1cc(C(F)(F)F)cc(C(F)(F)F)c1)c1c(Cl)c(Cl)c(Cl)c(Cl)c1Cl)C(C)C
N,isopropyl,isopropyl,C5,pentachlorophenyl,bis_cf3_phenyl,<LB_N><LB1_isopropyl><LB2_isopropyl><LINKER_C5><LA1_pentachlorophenyl><LA2_bis_cf3_phenyl>,CC(C)N(CCCCCB(c1cc(C(F)(F)F)cc(C(F)(F)F)c1)c1c(Cl)c(Cl)c(Cl)c(Cl)c1Cl)C(C)C
N,isopropyl,isopropyl,C6,pentachlorophenyl,bis_cf3_phenyl,<LB_N><LB1_isopropyl><LB2_isopropyl><LINKER_C6><LA1_pentachlorophenyl><LA2_bis_cf3_phenyl>,CC(C)N(CCCCCCB(c1cc(C(F)(F)F)cc(C(F)(F)F)c1)c1c(Cl)c(Cl)c(Cl)c(Cl)c1Cl)C(C)C
N,isopropyl,isopropyl,C1,bis_cf3_phenyl,bis_cf3_phenyl,<LB_N><LB1_isopropyl><LB2_isopropyl><LINKER_C1><LA1_bis_cf3_phenyl><LA2_bis_cf3_phenyl>,CC(C)N(CB(c1cc(C(F)(F)F)cc(C(F)(F)F)c1)c1cc(C(F)(F)F)cc(C(F)(F)F)c1)C(C)C
N,isopropyl,isopropyl,C2,bis_cf3_phenyl,bis_cf3_phenyl,<LB_N><LB1_isopropyl><LB2_isopropyl><LINKER_C2><LA1_bis_cf3_phenyl><LA2_bis_cf3_phenyl>,CC(C)N(CCB(c1cc(C(F)(F)F)cc(C(F)(F)F)c1)c1cc(C(F)(F)F)cc(C(F)(F)F)c1)C(C)C
N,isopropyl,isopropyl,C3,bis_cf3_phenyl,bis_cf3_phenyl,<LB_N><LB1_isopropyl><LB2_isopropyl><LINKER_C3><LA1_bis_cf3_phenyl><LA2_bis_cf3_phenyl>,CC(C)N(CCCB(c1cc(C(F)(F)F)cc(C(F)(F)F)c1)c1cc(C(F)(F)F)cc(C(F)(F)F)c1)C(C)C
N,isopropyl,isopropyl,C4,bis_cf3_phenyl,bis_cf3_phenyl,<LB_N><LB1_isopropyl><LB2_isopropyl><LINKER_C4><LA1_bis_cf3_phenyl><LA2_bis_cf3_phenyl>,CC(C)N(CCCCB(c1cc(C(F)(F)F)cc(C(F)(F)F)c1)c1cc(C(F)(F)F)cc(C(F)(F)F)c1)C(C)C
N,isopropyl,isopropyl,C5,bis_cf3_phenyl,bis_cf3_phenyl,<LB_N><LB1_isopropyl><LB2_isopropyl><LINKER_C5><LA1_bis_cf3_phenyl><LA2_bis_cf3_phenyl>,CC(C)N(CCCCCB(c1cc(C(F)(F)F)cc(C(F)(F)F)c1)c1cc(C(F)(F)F)cc(C(F)(F)F)c1)C(C)C
N,isopropyl,isopropyl,C6,bis_cf3_phenyl,bis_cf3_phenyl,<LB_N><LB1_isopropyl><LB2_isopropyl><LINKER_C6><LA1_bis_cf3_phenyl><LA2_bis_cf3_phenyl>,CC(C)N(CCCCCCB(c1cc(C(F)(F)F)cc(C(F)(F)F)c1)c1cc(C(F)(F)F)cc(C(F)(F)F)c1)C(C)C
N,isopropyl,cyclohexyl,C1,phenyl,phenyl,<LB_N><LB1_isopropyl><LB2_cyclohexyl><LINKER_C1><LA1_phenyl><LA2_phenyl>,CC(C)N(CB(c1ccccc1)c1ccccc1)C1CCCCC1
N,isopropyl,cyclohexyl,C2,phenyl,phenyl,<LB_N><LB1_isopropyl><LB2_cyclohexyl><LINKER_C2><LA1_phenyl><LA2_phenyl>,CC(C)N(CCB(c1ccccc1)c1ccccc1)C1CCCCC1
N,isopropyl,cyclohexyl,C3,phenyl,phenyl,<LB_N><LB1_isopropyl><LB2_cyclohexyl><LINKER_C3><LA1_phenyl><LA2_phenyl>,CC(C)N(CCCB(c1ccccc1)c1ccccc1)C1CCCCC1
N,isopropyl,cyclohexyl,C4,phenyl,phenyl,<LB_N><LB1_isopropyl><LB2_cyclohexyl><LINKER_C4><LA1_phenyl><LA2_phenyl>,CC(C)N(CCCCB(c1ccccc1)c1ccccc1)C1CCCCC1
N,isopropyl,cyclohexyl,C5,phenyl,phenyl,<LB_N><LB1_isopropyl><LB2_cyclohexyl><LINKER_C5><LA1_phenyl><LA2_phenyl>,CC(C)N(CCCCCB(c1ccccc1)c1ccccc1)C1CCCCC1
N,isopropyl,cyclohexyl,C6,phenyl,phenyl,<LB_N><LB1_isopropyl><LB2_cyclohexyl><LINKER_C6><LA1_phenyl><LA2_phenyl>,CC(C)N(CCCCCCB(c1ccccc1)c1ccccc1)C1CCCCC1
N,isopropyl,cyclohexyl,C1,phenyl,p_tolyl,<LB_N><LB1_isopropyl><LB2_cyclohexyl><LINKER_C1><LA1_phenyl><LA2_p_tolyl>,Cc1ccc(B(CN(C(C)C)C2CCCCC2)c2ccccc2)cc1
N,isopropyl,cyclohexyl,C2,phenyl,p_tolyl,<LB_N><LB1_isopropyl><LB2_cyclohexyl><LINKER_C2><LA1_phenyl><LA2_p_tolyl>,Cc1ccc(B(CCN(C(C)C)C2CCCCC2)c2ccccc2)cc1
N,isopropyl,cyclohexyl,C3,phenyl,p_tolyl,<LB_N><LB1_isopropyl><LB2_cyclohexyl><LINKER_C3><LA1_phenyl><LA2_p_tolyl>,Cc1ccc(B(CCCN(C(C)C)C2CCCCC2)c2ccccc2)cc1
N,isopropyl,cyclohexyl,C4,phenyl,p_tolyl,<LB_N><LB1_isopropyl><LB2_cyclohexyl><LINKER_C4><LA1_phenyl><LA2_p_tolyl>,Cc1ccc(B(CCCCN(C(C)C)C2CCCCC2)c2ccccc2)cc1
N,isopropyl,cyclohexyl,C5,phenyl,p_tolyl,<LB_N><LB1_isopropyl><LB2_cyclohexyl><LINKER_C5><LA1_phenyl><LA2_p_tolyl>,Cc1ccc(B(CCCCCN(C(C)C)C2CCCCC2)c2ccccc2)cc1
N,isopropyl,cyclohexyl,C6,phenyl,p_tolyl,<LB_N><LB1_isopropyl><LB2_cyclohexyl><LINKER_C6><LA1_phenyl><LA2_p_tolyl>,Cc1ccc(B(CCCCCCN(C(C)C)C2CCCCC2)c2ccccc2)cc1
N,isopropyl,cyclohexyl,C1,phenyl,mesityl,<LB_N><LB1_isopropyl><LB2_cyclohexyl><LINKER_C1><LA1_phenyl><LA2_mesityl>,Cc1cc(C)c(B(CN(C(C)C)C2CCCCC2)c2ccccc2)c(C)c1
N,isopropyl,cyclohexyl,C2,phenyl,mesityl,<LB_N><LB1_isopropyl><LB2_cyclohexyl><LINKER_C2><LA1_phenyl><LA2_mesityl>,Cc1cc(C)c(B(CCN(C(C)C)C2CCCCC2)c2ccccc2)c(C)c1
N,isopropyl,cyclohexyl,C3,phenyl,mesityl,<LB_N><LB1_isopropyl><LB2_cyclohexyl><LINKER_C3><LA1_phenyl><LA2_mesityl>,Cc1cc(C)c(B(CCCN(C(C)C)C2CCCCC2)c2ccccc2)c(C)c1
N,isopropyl,cyclohexyl,C4,phenyl,mesityl,<LB_N><LB1_isopropyl><LB2_cyclohexyl><LINKER_C4><LA1_phenyl><LA2_mesityl>,Cc1cc(C)c(B(CCCCN(C(C)C)C2CCCCC2)c2ccccc2)c(C)c1
N,isopropyl,cyclohexyl,C5,phenyl,mesityl,<LB_N><LB1_isopropyl><LB2_cyclohexyl><LINKER_C5><LA1_phenyl><LA2_mesityl>,Cc1cc(C)c(B(CCCCCN(C(C)C)C2CCCCC2)c2ccccc2)c(C)c1
N,isopropyl,cyclohexyl,C6,phenyl,mesityl,<LB_N><LB1_isopropyl><LB2_cyclohexyl><LINKER_C6><LA1_phenyl><LA2_mesityl>,Cc1cc(C)c(B(CCCCCCN(C(C)C)C2CCCCC2)c2ccccc2)c(C)c1
N,isopropyl,cyclohexyl,C1,phenyl,pentafluorophenyl,<LB_N><LB1_isopropyl><LB2_cyclohexyl><LINKER_C1><LA1_phenyl><LA2_pentafluorophenyl>,CC(C)N(CB(c1ccccc1)c1c(F)c(F)c(F)c(F)c1F)C1CCCCC1
N,isopropyl,cyclohexyl,C2,phenyl,pentafluorophenyl,<LB_N><LB1_isopropyl><LB2_cyclohexyl><LINKER_C2><LA1_phenyl><LA2_pentafluorophenyl>,CC(C)N(CCB(c1ccccc1)c1c(F)c(F)c(F)c(F)c1F)C1CCCCC1
N,isopropyl,cyclohexyl,C3,phenyl,pentafluorophenyl,<LB_N><LB1_isopropyl><LB2_cyclohexyl><LINKER_C3><LA1_phenyl><LA2_pentafluorophenyl>,CC(C)N(CCCB(c1ccccc1)c1c(F)c(F)c(F)c(F)c1F)C1CCCCC1
N,isopropyl,cyclohexyl,C4,phenyl,pentafluorophenyl,<LB_N><LB1_isopropyl><LB2_cyclohexyl><LINKER_C4><LA1_phenyl><LA2_pentafluorophenyl>,CC(C)N(CCCCB(c1ccccc1)c1c(F)c(F)c(F)c(F)c1F)C1CCCCC1
N,isopropyl,cyclohexyl,C5,phenyl,pentafluorophenyl,<LB_N><LB1_isopropyl><LB2_cyclohexyl><LINKER_C5><LA1_phenyl><LA2_pentafluorophenyl>,CC(C)N(CCCCCB(c1ccccc1)c1c(F)c(F)c(F)c(F)c1F)C1CCCCC1
N,isopropyl,cyclohexyl,C6,phenyl,pentafluorophenyl,<LB_N><LB1_isopropyl><LB2_cyclohexyl><LINKER_C6><LA1_phenyl><LA2_pentafluorophenyl>,CC(C)N(CCCCCCB(c1ccccc1)c1c(F)c(F)c(F)c(F)c1F)C1CCCCC1
N,isopropyl,cyclohexyl,C1,phenyl,pentachlorophenyl,<LB_N><LB1_isopropyl><LB2_cyclohexyl><LINKER_C1><LA1_phenyl><LA2_pentachlorophenyl>,CC(C)N(CB(c1ccccc1)c1c(Cl)c(Cl)c(Cl)c(Cl)c1Cl)C1CCCCC1
N,isopropyl,cyclohexyl,C2,phenyl,pentachlorophenyl,<LB_N><LB1_isopropyl><LB2_cyclohexyl><LINKER_C2><LA1_phenyl><LA2_pentachlorophenyl>,CC(C)N(CCB(c1ccccc1)c1c(Cl)c(Cl)c(Cl)c(Cl)c1Cl)C1CCCCC1
N,isopropyl,cyclohexyl,C3,phenyl,pentachlorophenyl,<LB_N><LB1_isopropyl><LB2_cyclohexyl><LINKER_C3><LA1_phenyl><LA2_pentachlorophenyl>,CC(C)N(CCCB(c1ccccc1)c1c(Cl)c(Cl)c(Cl)c(Cl)c1Cl)C1CCCCC1
N,isopropyl,cyclohexyl,C4,phenyl,pentachlorophenyl,<LB_N><LB1_isopropyl><LB2_cyclohexyl><LINKER_C4><LA1_phenyl><LA2_pentachlorophenyl>,CC(C)N(CCCCB(c1ccccc1)c1c(Cl)c(Cl)c(Cl)c(Cl)c1Cl)C1CCCCC1
N,isopropyl,cyclohexyl,C5,phenyl,pentachlorophenyl,<LB_N><LB1_isopropyl><LB2_cyclohexyl><LINKER_C5><LA1_phenyl><LA2_pentachlorophenyl>,CC(C)N(CCCCCB(c1ccccc1)c1c(Cl)c(Cl)c(Cl)c(Cl)c1Cl)C1CCCCC1
N,isopropyl,cyclohexyl,C6,phenyl,pentachlorophenyl,<LB_N><LB1_isopropyl><LB2_cyclohexyl><LINKER_C6><LA1_phenyl><LA2_pentachlorophenyl>,CC(C)N(CCCCCCB(c1ccccc1)c1c(Cl)c(Cl)c(Cl)c(Cl)c1Cl)C1CCCCC1
N,isopropyl,cyclohexyl,C1,phenyl,bis_cf3_phenyl,<LB_N><LB1_isopropyl><LB2_cyclohexyl><LINKER_C1><LA1_phenyl><LA2_bis_cf3_phenyl>,CC(C)N(CB(c1ccccc1)c1cc(C(F)(F)F)cc(C(F)(F)F)c1)C1CCCCC1
N,isopropyl,cyclohexyl,C2,phenyl,bis_cf3_phenyl,<LB_N><LB1_isopropyl><LB2_cyclohexyl><LINKER_C2><LA1_phenyl><LA2_bis_cf3_phenyl>,CC(C)N(CCB(c1ccccc1)c1cc(C(F)(F)F)cc(C(F)(F)F)c1)C1CCCCC1
N,isopropyl,cyclohexyl,C3,phenyl,bis_cf3_phenyl,<LB_N><LB1_isopropyl><LB2_cyclohexyl><LINKER_C3><LA1_phenyl><LA2_bis_cf3_phenyl>,CC(C)N(CCCB(c1ccccc1)c1cc(C(F)(F)F)cc(C(F)(F)F)c1)C1CCCCC1
N,isopropyl,cyclohexyl,C4,phenyl,bis_cf3_phenyl,<LB_N><LB1_isopropyl><LB2_cyclohexyl><LINKER_C4><LA1_phenyl><LA2_bis_cf3_phenyl>,CC(C)N(CCCCB(c1ccccc1)c1cc(C(F)(F)F)cc(C(F)(F)F)c1)C1CCCCC1
N,isopropyl,cyclohexyl,C5,phenyl,bis_cf3_phenyl,<LB_N><LB1_isopropyl><LB2_cyclohexyl><LINKER_C5><LA1_phenyl><LA2_bis_cf3_phenyl>,CC(C)N(CCCCCB(c1ccccc1)c1cc(C(F)(F)F)cc(C(F)(F)F)c1)C1CCCCC1
N,isopropyl,cyclohexyl,C6,phenyl,bis_cf3_phenyl,<LB_N><LB1_isopropyl><LB2_cyclohexyl><LINKER_C6><LA1_phenyl><LA2_bis_cf3_phenyl>,CC(C)N(CCCCCCB(c1ccccc1)c1cc(C(F)(F)F)cc(C(F)(F)F)c1)C1CCCCC1
N,isopropyl,cyclohexyl,C1,p_tolyl,p_tolyl,<LB_N><LB1_isopropyl><LB2_cyclohexyl><LINKER_C1><LA1_p_tolyl><LA2_p_tolyl>,Cc1ccc(B(CN(C(C)C)C2CCCCC2)c2ccc(C)cc2)cc1
N,isopropyl,cyclohexyl,C2,p_tolyl,p_tolyl,<LB_N><LB1_isopropyl><LB2_cyclohexyl><LINKER_C2><LA1_p_tolyl><LA2_p_tolyl>,Cc1ccc(B(CCN(C(C)C)C2CCCCC2)c2ccc(C)cc2)cc1
N,isopropyl,cyclohexyl,C3,p_tolyl,p_tolyl,<LB_N><LB1_isopropyl><LB2_cyclohexyl><LINKER_C3><LA1_p_tolyl><LA2_p_tolyl>,Cc1ccc(B(CCCN(C(C)C)C2CCCCC2)c2ccc(C)cc2)cc1
N,isopropyl,cyclohexyl,C4,p_tolyl,p_tolyl,<LB_N><LB1_isopropyl><LB2_cyclohexyl><LINKER_C4><LA1_p_tolyl><LA2_p_tolyl>,Cc1ccc(B(CCCCN(C(C)C)C2CCCCC2)c2ccc(C)cc2)cc1
N,isopropyl,cyclohexyl,C5,p_tolyl,p_tolyl,<LB_N><LB1_isopropyl><LB2_cyclohexyl><LINKER_C5><LA1_p_tolyl><LA2_p_tolyl>,Cc1ccc(B(CCCCCN(C(C)C)C2CCCCC2)c2ccc(C)cc2)cc1
N,isopropyl,cyclohexyl,C6,p_tolyl,p_tolyl,<LB_N><LB1_isopropyl><LB2_cyclohexyl><LINKER_C6><LA1_p_tolyl><LA2_p_tolyl>,Cc1ccc(B(CCCCCCN(C(C)C)C2CCCCC2)c2ccc(C)cc2)cc1
N,isopropyl,cyclohexyl,C1,p_tolyl,mesityl,<LB_N><LB1_isopropyl><LB2_cyclohexyl><LINKER_C1><LA1_p_tolyl><LA2_mesityl>,Cc1ccc(B(CN(C(C)C)C2CCCCC2)c2c(C)cc(C)cc2C)cc1
N,isopropyl,cyclohexyl,C2,p_tolyl,mesityl,<LB_N><LB1_isopropyl><LB2_cyclohexyl><LINKER_C2><LA1_p_tolyl><LA2_mesityl>,Cc1ccc(B(CCN(C(C)C)C2CCCCC2)c2c(C)cc(C)cc2C)cc1
N,isopropyl,cyclohexyl,C3,p_tolyl,mesityl,<LB_N><LB1_isopropyl><LB2_cyclohexyl><LINKER_C3><LA1_p_tolyl><LA2_mesityl>,Cc1ccc(B(CCCN(C(C)C)C2CCCCC2)c2c(C)cc(C)cc2C)cc1
N,isopropyl,cyclohexyl,C4,p_tolyl,mesityl,<LB_N><LB1_isopropyl><LB2_cyclohexyl><LINKER_C4><LA1_p_tolyl><LA2_mesityl>,Cc1ccc(B(CCCCN(C(C)C)C2CCCCC2)c2c(C)cc(C)cc2C)cc1
N,isopropyl,cyclohexyl,C5,p_tolyl,mesityl,<LB_N><LB1_isopropyl><LB2_cyclohexyl><LINKER_C5><LA1_p_tolyl><LA2_mesityl>,Cc1ccc(B(CCCCCN(C(C)C)C2CCCCC2)c2c(C)cc(C)cc2C)cc1
N,isopropyl,cyclohexyl,C6,p_tolyl,mesityl,<LB_N><LB1_isopropyl><LB2_cyclohexyl><LINKER_C6><LA1_p_tolyl><LA2_mesityl>,Cc1ccc(B(CCCCCCN(C(C)C)C2CCCCC2)c2c(C)cc(C)cc2C)cc1
N,isopropyl,cyclohexyl,C1,p_tolyl,pentafluorophenyl,<LB_N><LB1_isopropyl><LB2_cyclohexyl><LINKER_C1><LA1_p_tolyl><LA2_pentafluorophenyl>,Cc1ccc(B(CN(C(C)C)C2CCCCC2)c2c(F)c(F)c(F)c(F)c2F)cc1
N,isopropyl,cyclohexyl,C2,p_tolyl,pentafluorophenyl,<LB_N><LB1_isopropyl><LB2_cyclohexyl><LINKER_C2><LA1_p_tolyl><LA2_pentafluorophenyl>,Cc1ccc(B(CCN(C(C)C)C2CCCCC2)c2c(F)c(F)c(F)c(F)c2F)cc1
N,isopropyl,cyclohexyl,C3,p_tolyl,pentafluorophenyl,<LB_N><LB1_isopropyl><LB2_cyclohexyl><LINKER_C3><LA1_p_tolyl><LA2_pentafluorophenyl>,Cc1ccc(B(CCCN(C(C)C)C2CCCCC2)c2c(F)c(F)c(F)c(F)c2F)cc1
N,isopropyl,cyclohexyl,C4,p_tolyl,pentafluorophenyl,<LB_N><LB1_isopropyl><LB2_cyclohexyl><LINKER_C4><LA1_p_tolyl><LA2_pentafluorophenyl>,Cc1ccc(B(CCCCN(C(C)C)C2CCCCC2)c2c(F)c(F)c(F)c(F)c2F)cc1
N,isopropyl,cyclohexyl,C5,p_tolyl,pentafluorophenyl,<LB_N><LB1_isopropyl><LB2_cyclohexyl><LINKER_C5><LA1_p_tolyl><LA2_pentafluorophenyl>,Cc1ccc(B(CCCCCN(C(C)C)C2CCCCC2)c2c(F)c(F)c(F)c(F)c2F)cc1
N,isopropyl,cyclohexyl,C6,p_tolyl,pentafluorophenyl,<LB_N><LB1_isopropyl><LB2_cyclohexyl><LINKER_C6><LA1_p_tolyl><LA2_pentafluorophenyl>,Cc1ccc(B(CCCCCCN(C(C)C)C2CCCCC2)c2c(F)c(F)c(F)c(F)c2F)cc1
N,isopropyl,cyclohexyl,C1,p_tolyl,pentachlorophenyl,<LB_N><LB1_isopropyl><LB2_cyclohexyl><LINKER_C1><LA1_p_tolyl><LA2_pentachlorophenyl>,Cc1ccc(B(CN(C(C)C)C2CCCCC2)c2c(Cl)c(Cl)c(Cl)c(Cl)c2Cl)cc1
N,isopropyl,cyclohexyl,C2,p_tolyl,pentachlorophenyl,<LB_N><LB1_isopropyl><LB2_cyclohexyl><LINKER_C2><LA1_p_tolyl><LA2_pentachlorophenyl>,Cc1ccc(B(CCN(C(C)C)C2CCCCC2)c2c(Cl)c(Cl)c(Cl)c(Cl)c2Cl)cc1
N,isopropyl,cyclohexyl,C3,p_tolyl,pentachlorophenyl,<LB_N><LB1_isopropyl><LB2_cyclohexyl><LINKER_C3><LA1_p_tolyl><LA2_pentachlorophenyl>,Cc1ccc(B(CCCN(C(C)C)C2CCCCC2)c2c(Cl)c(Cl)c(Cl)c(Cl)c2Cl)cc1
N,isopropyl,cyclohexyl,C4,p_tolyl,pentachlorophenyl,<LB_N><LB1_isopropyl><LB2_cyclohexyl><LINKER_C4><LA1_p_tolyl><LA2_pentachlorophenyl>,Cc1ccc(B(CCCCN(C(C)C)C2CCCCC2)c2c(Cl)c(Cl)c(Cl)c(Cl)c2Cl)cc1
N,isopropyl,cyclohexyl,C5,p_tolyl,pentachlorophenyl,<LB_N><LB1_isopropyl><LB2_cyclohexyl><LINKER_C5><LA1_p_tolyl><LA2_pentachlorophenyl>,Cc1ccc(B(CCCCCN(C(C)C)C2CCCCC2)c2c(Cl)c(Cl)c(Cl)c(Cl)c2Cl)cc1
N,isopropyl,cyclohexyl,C6,p_tolyl,pentachlorophenyl,<LB_N><LB1_isopropyl><LB2_cyclohexyl><LINKER_C6><LA1_p_tolyl><LA2_pentachlorophenyl>,Cc1ccc(B(CCCCCCN(C(C)C)C2CCCCC2)c2c(Cl)c(Cl)c(Cl)c(Cl)c2Cl)cc1
N,isopropyl,cyclohexyl,C1,p_tolyl,bis_cf3_phenyl,<LB_N><LB1_isopropyl><LB2_cyclohexyl><LINKER_C1><LA1_p_tolyl><LA2_bis_cf3_phenyl>,Cc1ccc(B(CN(C(C)C)C2CCCCC2)c2cc(C(F)(F)F)cc(C(F)(F)F)c2)cc1
N,isopropyl,cyclohexyl,C2,p_tolyl,bis_cf3_phenyl,<LB_N><LB1_isopropyl><LB2_cyclohexyl><LINKER_C2><LA1_p_tolyl><LA2_bis_cf3_phenyl>,Cc1ccc(B(CCN(C(C)C)C2CCCCC2)c2cc(C(F)(F)F)cc(C(F)(F)F)c2)cc1
N,isopropyl,cyclohexyl,C3,p_tolyl,bis_cf3_phenyl,<LB_N><LB1_isopropyl><LB2_cyclohexyl><LINKER_C3><LA1_p_tolyl><LA2_bis_cf3_phenyl>,Cc1ccc(B(CCCN(C(C)C)C2CCCCC2)c2cc(C(F)(F)F)cc(C(F)(F)F)c2)cc1
N,isopropyl,cyclohexyl,C4,p_tolyl,bis_cf3_phenyl,<LB_N><LB1_isopropyl><LB2_cyclohexyl><LINKER_C4><LA1_p_tolyl><LA2_bis_cf3_phenyl>,Cc1ccc(B(CCCCN(C(C)C)C2CCCCC2)c2cc(C(F)(F)F)cc(C(F)(F)F)c2)cc1
N,isopropyl,cyclohexyl,C5,p_tolyl,bis_cf3_phenyl,<LB_N><LB1_isopropyl><LB2_cyclohexyl><LINKER_C5><LA1_p_tolyl><LA2_bis_cf3_phenyl>,Cc1ccc(B(CCCCCN(C(C)C)C2CCCCC2)c2cc(C(F)(F)F)cc(C(F)(F)F)c2)cc1
N,isopropyl,cyclohexyl,C6,p_tolyl,bis_cf3_phenyl,<LB_N><LB1_isopropyl><LB2_cyclohexyl><LINKER_C6><LA1_p_tolyl><LA2_bis_cf3_phenyl>,Cc1ccc(B(CCCCCCN(C(C)C)C2CCCCC2)c2cc(C(F)(F)F)cc(C(F)(F)F)c2)cc1
N,isopropyl,cyclohexyl,C1,mesityl,mesityl,<LB_N><LB1_isopropyl><LB2_cyclohexyl><LINKER_C1><LA1_mesityl><LA2_mesityl>,Cc1cc(C)c(B(CN(C(C)C)C2CCCCC2)c2c(C)cc(C)cc2C)c(C)c1
N,isopropyl,cyclohexyl,C2,mesityl,mesityl,<LB_N><LB1_isopropyl><LB2_cyclohexyl><LINKER_C2><LA1_mesityl><LA2_mesityl>,Cc1cc(C)c(B(CCN(C(C)C)C2CCCCC2)c2c(C)cc(C)cc2C)c(C)c1
N,isopropyl,cyclohexyl,C3,mesityl,mesityl,<LB_N><LB1_isopropyl><LB2_cyclohexyl><LINKER_C3><LA1_mesityl><LA2_mesityl>,Cc1cc(C)c(B(CCCN(C(C)C)C2CCCCC2)c2c(C)cc(C)cc2C)c(C)c1
N,isopropyl,cyclohexyl,C4,mesityl,mesityl,<LB_N><LB1_isopropyl><LB2_cyclohexyl><LINKER_C4><LA1_mesityl><LA2_mesityl>,Cc1cc(C)c(B(CCCCN(C(C)C)C2CCCCC2)c2c(C)cc(C)cc2C)c(C)c1
N,isopropyl,cyclohexyl,C5,mesityl,mesityl,<LB_N><LB1_isopropyl><LB2_cyclohexyl><LINKER_C5><LA1_mesityl><LA2_mesityl>,Cc1cc(C)c(B(CCCCCN(C(C)C)C2CCCCC2)c2c(C)cc(C)cc2C)c(C)c1
N,isopropyl,cyclohexyl,C6,mesityl,mesityl,<LB_N><LB1_isopropyl><LB2_cyclohexyl><LINKER_C6><LA1_mesityl><LA2_mesityl>,Cc1cc(C)c(B(CCCCCCN(C(C)C)C2CCCCC2)c2c(C)cc(C)cc2C)c(C)c1
N,isopropyl,cyclohexyl,C1,mesityl,pentafluorophenyl,<LB_N><LB1_isopropyl><LB2_cyclohexyl><LINKER_C1><LA1_mesityl><LA2_pentafluorophenyl>,Cc1cc(C)c(B(CN(C(C)C)C2CCCCC2)c2c(F)c(F)c(F)c(F)c2F)c(C)c1
N,isopropyl,cyclohexyl,C2,mesityl,pentafluorophenyl,<LB_N><LB1_isopropyl><LB2_cyclohexyl><LINKER_C2><LA1_mesityl><LA2_pentafluorophenyl>,Cc1cc(C)c(B(CCN(C(C)C)C2CCCCC2)c2c(F)c(F)c(F)c(F)c2F)c(C)c1
N,isopropyl,cyclohexyl,C3,mesityl,pentafluorophenyl,<LB_N><LB1_isopropyl><LB2_cyclohexyl><LINKER_C3><LA1_mesityl><LA2_pentafluorophenyl>,Cc1cc(C)c(B(CCCN(C(C)C)C2CCCCC2)c2c(F)c(F)c(F)c(F)c2F)c(C)c1
N,isopropyl,cyclohexyl,C4,mesityl,pentafluorophenyl,<LB_N><LB1_isopropyl><LB2_cyclohexyl><LINKER_C4><LA1_mesityl><LA2_pentafluorophenyl>,Cc1cc(C)c(B(CCCCN(C(C)C)C2CCCCC2)c2c(F)c(F)c(F)c(F)c2F)c(C)c1
N,isopropyl,cyclohexyl,C5,mesityl,pentafluorophenyl,<LB_N><LB1_isopropyl><LB2_cyclohexyl><LINKER_C5><LA1_mesityl><LA2_pentafluorophenyl>,Cc1cc(C)c(B(CCCCCN(C(C)C)C2CCCCC2)c2c(F)c(F)c(F)c(F)c2F)c(C)c1
N,isopropyl,cyclohexyl,C6,mesityl,pentafluorophenyl,<LB_N><LB1_isopropyl><LB2_cyclohexyl><LINKER_C6><LA1_mesityl><LA2_pentafluorophenyl>,Cc1cc(C)c(B(CCCCCCN(C(C)C)C2CCCCC2)c2c(F)c(F)c(F)c(F)c2F)c(C)c1
N,isopropyl,cyclohexyl,C1,mesityl,pentachlorophenyl,<LB_N><LB1_isopropyl><LB2_cyclohexyl><LINKER_C1><LA1_mesityl><LA2_pentachlorophenyl>,Cc1cc(C)c(B(CN(C(C)C)C2CCCCC2)c2c(Cl)c(Cl)c(Cl)c(Cl)c2Cl)c(C)c1
N,isopropyl,cyclohexyl,C2,mesityl,pentachlorophenyl,<LB_N><LB1_isopropyl><LB2_cyclohexyl><LINKER_C2><LA1_mesityl><LA2_pentachlorophenyl>,Cc1cc(C)c(B(CCN(C(C)C)C2CCCCC2)c2c(Cl)c(Cl)c(Cl)c(Cl)c2Cl)c(C)c1
N,isopropyl,cyclohexyl,C3,mesityl,pentachlorophenyl,<LB_N><LB1_isopropyl><LB2_cyclohexyl><LINKER_C3><LA1_mesityl><LA2_pentachlorophenyl>,Cc1cc(C)c(B(CCCN(C(C)C)C2CCCCC2)c2c(Cl)c(Cl)c(Cl)c(Cl)c2Cl)c(C)c1
N,isopropyl,cyclohexyl,C4,mesityl,pentachlorophenyl,<LB_N><LB1_isopropyl><LB2_cyclohexyl><LINKER_C4><LA1_mesityl><LA2_pentachlorophenyl>,Cc1cc(C)c(B(CCCCN(C(C)C)C2CCCCC2)c2c(Cl)c(Cl)c(Cl)c(Cl)c2Cl)c(C)c1
N,isopropyl,cyclohexyl,C5,mesityl,pentachlorophenyl,<LB_N><LB1_isopropyl><LB2_cyclohexyl><LINKER_C5><LA1_mesityl><LA2_pentachlorophenyl>,Cc1cc(C)c(B(CCCCCN(C(C)C)C2CCCCC2)c2c(Cl)c(Cl)c(Cl)c(Cl)c2Cl)c(C)c1
N,isopropyl,cyclohexyl,C6,mesityl,pentachlorophenyl,<LB_N><LB1_isopropyl><LB2_cyclohexyl><LINKER_C6><LA1_mesityl><LA2_pentachlorophenyl>,Cc1cc(C)c(B(CCCCCCN(C(C)C)C2CCCCC2)c2c(Cl)c(Cl)c(Cl)c(Cl)c2Cl)c(C)c1
N,isopropyl,cyclohexyl,C1,mesityl,bis_cf3_phenyl,<LB_N><LB1_isopropyl><LB2_cyclohexyl><LINKER_C1><LA1_mesityl><LA2_bis_cf3_phenyl>,Cc1cc(C)c(B(CN(C(C)C)C2CCCCC2)c2cc(C(F)(F)F)cc(C(F)(F)F)c2)c(C)c1
N,isopropyl,cyclohexyl,C2,mesityl,bis_cf3_phenyl,<LB_N><LB1_isopropyl><LB2_cyclohexyl><LINKER_C2><LA1_mesityl><LA2_bis_cf3_phenyl>,Cc1cc(C)c(B(CCN(C(C)C)C2CCCCC2)c2cc(C(F)(F)F)cc(C(F)(F)F)c2)c(C)c1
N,isopropyl,cyclohexyl,C3,mesityl,bis_cf3_phenyl,<LB_N><LB1_isopropyl><LB2_cyclohexyl><LINKER_C3><LA1_mesityl><LA2_bis_cf3_phenyl>,Cc1cc(C)c(B(CCCN(C(C)C)C2CCCCC2)c2cc(C(F)(F)F)cc(C(F)(F)F)c2)c(C)c1
N,isopropyl,cyclohexyl,C4,mesityl,bis_cf3_phenyl,<LB_N><LB1_isopropyl><LB2_cyclohexyl><LINKER_C4><LA1_mesityl><LA2_bis_cf3_phenyl>,Cc1cc(C)c(B(CCCCN(C(C)C)C2CCCCC2)c2cc(C(F)(F)F)cc(C(F)(F)F)c2)c(C)c1
N,isopropyl,cyclohexyl,C5,mesityl,bis_cf3_phenyl,<LB_N><LB1_isopropyl><LB2_cyclohexyl><LINKER_C5><LA1_mesityl><LA2_bis_cf3_phenyl>,Cc1cc(C)c(B(CCCCCN(C(C)C)C2CCCCC2)c2cc(C(F)(F)F)cc(C(F)(F)F)c2)c(C)c1
N,isopropyl,cyclohexyl,C6,mesityl,bis_cf3_phenyl,<LB_N><LB1_isopropyl><LB2_cyclohexyl><LINKER_C6><LA1_mesityl><LA2_bis_cf3_phenyl>,Cc1cc(C)c(B(CCCCCCN(C(C)C)C2CCCCC2)c2cc(C(F)(F)F)cc(C(F)(F)F)c2)c(C)c1
N,isopropyl,cyclohexyl,C1,pentafluorophenyl,pentafluorophenyl,<LB_N><LB1_isopropyl><LB2_cyclohexyl><LINKER_C1><LA1_pentafluorophenyl><LA2_pentafluorophenyl>,CC(C)N(CB(c1c(F)c(F)c(F)c(F)c1F)c1c(F)c(F)c(F)c(F)c1F)C1CCCCC1
N,isopropyl,cyclohexyl,C2,pentafluorophenyl,pentafluorophenyl,<LB_N><LB1_isopropyl><LB2_cyclohexyl><LINKER_C2><LA1_pentafluorophenyl><LA2_pentafluorophenyl>,CC(C)N(CCB(c1c(F)c(F)c(F)c(F)c1F)c1c(F)c(F)c(F)c(F)c1F)C1CCCCC1
N,isopropyl,cyclohexyl,C3,pentafluorophenyl,pentafluorophenyl,<LB_N><LB1_isopropyl><LB2_cyclohexyl><LINKER_C3><LA1_pentafluorophenyl><LA2_pentafluorophenyl>,CC(C)N(CCCB(c1c(F)c(F)c(F)c(F)c1F)c1c(F)c(F)c(F)c(F)c1F)C1CCCCC1
N,isopropyl,cyclohexyl,C4,pentafluorophenyl,pentafluorophenyl,<LB_N><LB1_isopropyl><LB2_cyclohexyl><LINKER_C4><LA1_pentafluorophenyl><LA2_pentafluorophenyl>,CC(C)N(CCCCB(c1c(F)c(F)c(F)c(F)c1F)c1c(F)c(F)c(F)c(F)c1F)C1CCCCC1
N,isopropyl,cyclohexyl,C5,pentafluorophenyl,pentafluorophenyl,<LB_N><LB1_isopropyl><LB2_cyclohexyl><LINKER_C5><LA1_pentafluorophenyl><LA2_pentafluorophenyl>,CC(C)N(CCCCCB(c1c(F)c(F)c(F)c(F)c1F)c1c(F)c(F)c(F)c(F)c1F)C1CCCCC1
N,isopropyl,cyclohexyl,C6,pentafluorophenyl,pentafluorophenyl,<LB_N><LB1_isopropyl><LB2_cyclohexyl><LINKER_C6><LA1_pentafluorophenyl><LA2_pentafluorophenyl>,CC(C)N(CCCCCCB(c1c(F)c(F)c(F)c(F)c1F)c1c(F)c(F)c(F)c(F)c1F)C1CCCCC1
N,isopropyl,cyclohexyl,C1,pentafluorophenyl,pentachlorophenyl,<LB_N><LB1_isopropyl><LB2_cyclohexyl><LINKER_C1><LA1_pentafluorophenyl><LA2_pentachlorophenyl>,CC(C)N(CB(c1c(F)c(F)c(F)c(F)c1F)c1c(Cl)c(Cl)c(Cl)c(Cl)c1Cl)C1CCCCC1
N,isopropyl,cyclohexyl,C2,pentafluorophenyl,pentachlorophenyl,<LB_N><LB1_isopropyl><LB2_cyclohexyl><LINKER_C2><LA1_pentafluorophenyl><LA2_pentachlorophenyl>,CC(C)N(CCB(c1c(F)c(F)c(F)c(F)c1F)c1c(Cl)c(Cl)c(Cl)c(Cl)c1Cl)C1CCCCC1
N,isopropyl,cyclohexyl,C3,pentafluorophenyl,pentachlorophenyl,<LB_N><LB1_isopropyl><LB2_cyclohexyl><LINKER_C3><LA1_pentafluorophenyl><LA2_pentachlorophenyl>,CC(C)N(CCCB(c1c(F)c(F)c(F)c(F)c1F)c1c(Cl)c(Cl)c(Cl)c(Cl)c1Cl)C1CCCCC1
N,isopropyl,cyclohexyl,C4,pentafluorophenyl,pentachlorophenyl,<LB_N><LB1_isopropyl><LB2_cyclohexyl><LINKER_C4><LA1_pentafluorophenyl><LA2_pentachlorophenyl>,CC(C)N(CCCCB(c1c(F)c(F)c(F)c(F)c1F)c1c(Cl)c(Cl)c(Cl)c(Cl)c1Cl)C1CCCCC1
N,isopropyl,cyclohexyl,C5,pentafluorophenyl,pentachlorophenyl,<LB_N><LB1_isopropyl><LB2_cyclohexyl><LINKER_C5><LA1_pentafluorophenyl><LA2_pentachlorophenyl>,CC(C)N(CCCCCB(c1c(F)c(F)c(F)c(F)c1F)c1c(Cl)c(Cl)c(Cl)c(Cl)c1Cl)C1CCCCC1
N,isopropyl,cyclohexyl,C6,pentafluorophenyl,pentachlorophenyl,<LB_N><LB1_isopropyl><LB2_cyclohexyl><LINKER_C6><LA1_pentafluorophenyl><LA2_pentachlorophenyl>,CC(C)N(CCCCCCB(c1c(F)c(F)c(F)c(F)c1F)c1c(Cl)c(Cl)c(Cl)c(Cl)c1Cl)C1CCCCC1
N,isopropyl,cyclohexyl,C1,pentafluorophenyl,bis_cf3_phenyl,<LB_N><LB1_isopropyl><LB2_cyclohexyl><LINKER_C1><LA1_pentafluorophenyl><LA2_bis_cf3_phenyl>,CC(C)N(CB(c1cc(C(F)(F)F)cc(C(F)(F)F)c1)c1c(F)c(F)c(F)c(F)c1F)C1CCCCC1
N,isopropyl,cyclohexyl,C2,pentafluorophenyl,bis_cf3_phenyl,<LB_N><LB1_isopropyl><LB2_cyclohexyl><LINKER_C2><LA1_pentafluorophenyl><LA2_bis_cf3_phenyl>,CC(C)N(CCB(c1cc(C(F)(F)F)cc(C(F)(F)F)c1)c1c(F)c(F)c(F)c(F)c1F)C1CCCCC1
N,isopropyl,cyclohexyl,C3,pentafluorophenyl,bis_cf3_phenyl,<LB_N><LB1_isopropyl><LB2_cyclohexyl><LINKER_C3><LA1_pentafluorophenyl><LA2_bis_cf3_phenyl>,CC(C)N(CCCB(c1cc(C(F)(F)F)cc(C(F)(F)F)c1)c1c(F)c(F)c(F)c(F)c1F)C1CCCCC1
N,isopropyl,cyclohexyl,C4,pentafluorophenyl,bis_cf3_phenyl,<LB_N><LB1_isopropyl><LB2_cyclohexyl><LINKER_C4><LA1_pentafluorophenyl><LA2_bis_cf3_phenyl>,CC(C)N(CCCCB(c1cc(C(F)(F)F)cc(C(F)(F)F)c1)c1c(F)c(F)c(F)c(F)c1F)C1CCCCC1
N,isopropyl,cyclohexyl,C5,pentafluorophenyl,bis_cf3_phenyl,<LB_N><LB1_isopropyl><LB2_cyclohexyl><LINKER_C5><LA1_pentafluorophenyl><LA2_bis_cf3_phenyl>,CC(C)N(CCCCCB(c1cc(C(F)(F)F)cc(C(F)(F)F)c1)c1c(F)c(F)c(F)c(F)c1F)C1CCCCC1
N,isopropyl,cyclohexyl,C6,pentafluorophenyl,bis_cf3_phenyl,<LB_N><LB1_isopropyl><LB2_cyclohexyl><LINKER_C6><LA1_pentafluorophenyl><LA2_bis_cf3_phenyl>,CC(C)N(CCCCCCB(c1cc(C(F)(F)F)cc(C(F)(F)F)c1)c1c(F)c(F)c(F)c(F)c1F)C1CCCCC1
N,isopropyl,cyclohexyl,C1,pentachlorophenyl,pentachlorophenyl,<LB_N><LB1_isopropyl><LB2_cyclohexyl><LINKER_C1><LA1_pentachlorophenyl><LA2_pentachlorophenyl>,CC(C)N(CB(c1c(Cl)c(Cl)c(Cl)c(Cl)c1Cl)c1c(Cl)c(Cl)c(Cl)c(Cl)c1Cl)C1CCCCC1
N,isopropyl,cyclohexyl,C2,pentachlorophenyl,pentachlorophenyl,<LB_N><LB1_isopropyl><LB2_cyclohexyl><LINKER_C2><LA1_pentachlorophenyl><LA2_pentachlorophenyl>,CC(C)N(CCB(c1c(Cl)c(Cl)c(Cl)c(Cl)c1Cl)c1c(Cl)c(Cl)c(Cl)c(Cl)c1Cl)C1CCCCC1
N,isopropyl,cyclohexyl,C3,pentachlorophenyl,pentachlorophenyl,<LB_N><LB1_isopropyl><LB2_cyclohexyl><LINKER_C3><LA1_pentachlorophenyl><LA2_pentachlorophenyl>,CC(C)N(CCCB(c1c(Cl)c(Cl)c(Cl)c(Cl)c1Cl)c1c(Cl)c(Cl)c(Cl)c(Cl)c1Cl)C1CCCCC1
N,isopropyl,cyclohexyl,C4,pentachlorophenyl,pentachlorophenyl,<LB_N><LB1_isopropyl><LB2_cyclohexyl><LINKER_C4><LA1_pentachlorophenyl><LA2_pentachlorophenyl>,CC(C)N(CCCCB(c1c(Cl)c(Cl)c(Cl)c(Cl)c1Cl)c1c(Cl)c(Cl)c(Cl)c(Cl)c1Cl)C1CCCCC1
N,isopropyl,cyclohexyl,C5,pentachlorophenyl,pentachlorophenyl,<LB_N><LB1_isopropyl><LB2_cyclohexyl><LINKER_C5><LA1_pentachlorophenyl><LA2_pentachlorophenyl>,CC(C)N(CCCCCB(c1c(Cl)c(Cl)c(Cl)c(Cl)c1Cl)c1c(Cl)c(Cl)c(Cl)c(Cl)c1Cl)C1CCCCC1
N,isopropyl,cyclohexyl,C6,pentachlorophenyl,pentachlorophenyl,<LB_N><LB1_isopropyl><LB2_cyclohexyl><LINKER_C6><LA1_pentachlorophenyl><LA2_pentachlorophenyl>,CC(C)N(CCCCCCB(c1c(Cl)c(Cl)c(Cl)c(Cl)c1Cl)c1c(Cl)c(Cl)c(Cl)c(Cl)c1Cl)C1CCCCC1
N,isopropyl,cyclohexyl,C1,pentachlorophenyl,bis_cf3_phenyl,<LB_N><LB1_isopropyl><LB2_cyclohexyl><LINKER_C1><LA1_pentachlorophenyl><LA2_bis_cf3_phenyl>,CC(C)N(CB(c1cc(C(F)(F)F)cc(C(F)(F)F)c1)c1c(Cl)c(Cl)c(Cl)c(Cl)c1Cl)C1CCCCC1
N,isopropyl,cyclohexyl,C2,pentachlorophenyl,bis_cf3_phenyl,<LB_N><LB1_isopropyl><LB2_cyclohexyl><LINKER_C2><LA1_pentachlorophenyl><LA2_bis_cf3_phenyl>,CC(C)N(CCB(c1cc(C(F)(F)F)cc(C(F)(F)F)c1)c1c(Cl)c(Cl)c(Cl)c(Cl)c1Cl)C1CCCCC1
N,isopropyl,cyclohexyl,C3,pentachlorophenyl,bis_cf3_phenyl,<LB_N><LB1_isopropyl><LB2_cyclohexyl><LINKER_C3><LA1_pentachlorophenyl><LA2_bis_cf3_phenyl>,CC(C)N(CCCB(c1cc(C(F)(F)F)cc(C(F)(F)F)c1)c1c(Cl)c(Cl)c(Cl)c(Cl)c1Cl)C1CCCCC1
N,isopropyl,cyclohexyl,C4,pentachlorophenyl,bis_cf3_phenyl,<LB_N><LB1_isopropyl><LB2_cyclohexyl><LINKER_C4><LA1_pentachlorophenyl><LA2_bis_cf3_phenyl>,CC(C)N(CCCCB(c1cc(C(F)(F)F)cc(C(F)(F)F)c1)c1c(Cl)c(Cl)c(Cl)c(Cl)c1Cl)C1CCCCC1
N,isopropyl,cyclohexyl,C5,pentachlorophenyl,bis_cf3_phenyl,<LB_N><LB1_isopropyl><LB2_cyclohexyl><LINKER_C5><LA1_pentachlorophenyl><LA2_bis_cf3_phenyl>,CC(C)N(CCCCCB(c1cc(C(F)(F)F)cc(C(F)(F)F)c1)c1c(Cl)c(Cl)c(Cl)c(Cl)c1Cl)C1CCCCC1
N,isopropyl,cyclohexyl,C6,pentachlorophenyl,bis_cf3_phenyl,<LB_N><LB1_isopropyl><LB2_cyclohexyl><LINKER_C6><LA1_pentachlorophenyl><LA2_bis_cf3_phenyl>,CC(C)N(CCCCCCB(c1cc(C(F)(F)F)cc(C(F)(F)F)c1)c1c(Cl)c(Cl)c(Cl)c(Cl)c1Cl)C1CCCCC1
N,isopropyl,cyclohexyl,C1,bis_cf3_phenyl,bis_cf3_phenyl,<LB_N><LB1_isopropyl><LB2_cyclohexyl><LINKER_C1><LA1_bis_cf3_phenyl><LA2_bis_cf3_phenyl>,CC(C)N(CB(c1cc(C(F)(F)F)cc(C(F)(F)F)c1)c1cc(C(F)(F)F)cc(C(F)(F)F)c1)C1CCCCC1
N,isopropyl,cyclohexyl,C2,bis_cf3_phenyl,bis_cf3_phenyl,<LB_N><LB1_isopropyl><LB2_cyclohexyl><LINKER_C2><LA1_bis_cf3_phenyl><LA2_bis_cf3_phenyl>,CC(C)N(CCB(c1cc(C(F)(F)F)cc(C(F)(F)F)c1)c1cc(C(F)(F)F)cc(C(F)(F)F)c1)C1CCCCC1
N,isopropyl,cyclohexyl,C3,bis_cf3_phenyl,bis_cf3_phenyl,<LB_N><LB1_isopropyl><LB2_cyclohexyl><LINKER_C3><LA1_bis_cf3_phenyl><LA2_bis_cf3_phenyl>,CC(C)N(CCCB(c1cc(C(F)(F)F)cc(C(F)(F)F)c1)c1cc(C(F)(F)F)cc(C(F)(F)F)c1)C1CCCCC1
N,isopropyl,cyclohexyl,C4,bis_cf3_phenyl,bis_cf3_phenyl,<LB_N><LB1_isopropyl><LB2_cyclohexyl><LINKER_C4><LA1_bis_cf3_phenyl><LA2_bis_cf3_phenyl>,CC(C)N(CCCCB(c1cc(C(F)(F)F)cc(C(F)(F)F)c1)c1cc(C(F)(F)F)cc(C(F)(F)F)c1)C1CCCCC1
N,isopropyl,cyclohexyl,C5,bis_cf3_phenyl,bis_cf3_phenyl,<LB_N><LB1_isopropyl><LB2_cyclohexyl><LINKER_C5><LA1_bis_cf3_phenyl><LA2_bis_cf3_phenyl>,CC(C)N(CCCCCB(c1cc(C(F)(F)F)cc(C(F)(F)F)c1)c1cc(C(F)(F)F)cc(C(F)(F)F)c1)C1CCCCC1
N,isopropyl,cyclohexyl,C6,bis_cf3_phenyl,bis_cf3_phenyl,<LB_N><LB1_isopropyl><LB2_cyclohexyl><LINKER_C6><LA1_bis_cf3_phenyl><LA2_bis_cf3_phenyl>,CC(C)N(CCCCCCB(c1cc(C(F)(F)F)cc(C(F)(F)F)c1)c1cc(C(F)(F)F)cc(C(F)(F)F)c1)C1CCCCC1
N,isopropyl,phenyl,C1,phenyl,phenyl,<LB_N><LB1_isopropyl><LB2_phenyl><LINKER_C1><LA1_phenyl><LA2_phenyl>,CC(C)N(CB(c1ccccc1)c1ccccc1)c1ccccc1
N,isopropyl,phenyl,C2,phenyl,phenyl,<LB_N><LB1_isopropyl><LB2_phenyl><LINKER_C2><LA1_phenyl><LA2_phenyl>,CC(C)N(CCB(c1ccccc1)c1ccccc1)c1ccccc1
N,isopropyl,phenyl,C3,phenyl,phenyl,<LB_N><LB1_isopropyl><LB2_phenyl><LINKER_C3><LA1_phenyl><LA2_phenyl>,CC(C)N(CCCB(c1ccccc1)c1ccccc1)c1ccccc1
N,isopropyl,phenyl,C4,phenyl,phenyl,<LB_N><LB1_isopropyl><LB2_phenyl><LINKER_C4><LA1_phenyl><LA2_phenyl>,CC(C)N(CCCCB(c1ccccc1)c1ccccc1)c1ccccc1
N,isopropyl,phenyl,C5,phenyl,phenyl,<LB_N><LB1_isopropyl><LB2_phenyl><LINKER_C5><LA1_phenyl><LA2_phenyl>,CC(C)N(CCCCCB(c1ccccc1)c1ccccc1)c1ccccc1
N,isopropyl,phenyl,C6,phenyl,phenyl,<LB_N><LB1_isopropyl><LB2_phenyl><LINKER_C6><LA1_phenyl><LA2_phenyl>,CC(C)N(CCCCCCB(c1ccccc1)c1ccccc1)c1ccccc1
N,isopropyl,phenyl,C1,phenyl,p_tolyl,<LB_N><LB1_isopropyl><LB2_phenyl><LINKER_C1><LA1_phenyl><LA2_p_tolyl>,Cc1ccc(B(CN(c2ccccc2)C(C)C)c2ccccc2)cc1
N,isopropyl,phenyl,C2,phenyl,p_tolyl,<LB_N><LB1_isopropyl><LB2_phenyl><LINKER_C2><LA1_phenyl><LA2_p_tolyl>,Cc1ccc(B(CCN(c2ccccc2)C(C)C)c2ccccc2)cc1
N,isopropyl,phenyl,C3,phenyl,p_tolyl,<LB_N><LB1_isopropyl><LB2_phenyl><LINKER_C3><LA1_phenyl><LA2_p_tolyl>,Cc1ccc(B(CCCN(c2ccccc2)C(C)C)c2ccccc2)cc1
N,isopropyl,phenyl,C4,phenyl,p_tolyl,<LB_N><LB1_isopropyl><LB2_phenyl><LINKER_C4><LA1_phenyl><LA2_p_tolyl>,Cc1ccc(B(CCCCN(c2ccccc2)C(C)C)c2ccccc2)cc1
N,isopropyl,phenyl,C5,phenyl,p_tolyl,<LB_N><LB1_isopropyl><LB2_phenyl><LINKER_C5><LA1_phenyl><LA2_p_tolyl>,Cc1ccc(B(CCCCCN(c2ccccc2)C(C)C)c2ccccc2)cc1
N,isopropyl,phenyl,C6,phenyl,p_tolyl,<LB_N><LB1_isopropyl><LB2_phenyl><LINKER_C6><LA1_phenyl><LA2_p_tolyl>,Cc1ccc(B(CCCCCCN(c2ccccc2)C(C)C)c2ccccc2)cc1
N,isopropyl,phenyl,C1,phenyl,mesityl,<LB_N><LB1_isopropyl><LB2_phenyl><LINKER_C1><LA1_phenyl><LA2_mesityl>,Cc1cc(C)c(B(CN(c2ccccc2)C(C)C)c2ccccc2)c(C)c1
N,isopropyl,phenyl,C2,phenyl,mesityl,<LB_N><LB1_isopropyl><LB2_phenyl><LINKER_C2><LA1_phenyl><LA2_mesityl>,Cc1cc(C)c(B(CCN(c2ccccc2)C(C)C)c2ccccc2)c(C)c1
N,isopropyl,phenyl,C3,phenyl,mesityl,<LB_N><LB1_isopropyl><LB2_phenyl><LINKER_C3><LA1_phenyl><LA2_mesityl>,Cc1cc(C)c(B(CCCN(c2ccccc2)C(C)C)c2ccccc2)c(C)c1
N,isopropyl,phenyl,C4,phenyl,mesityl,<LB_N><LB1_isopropyl><LB2_phenyl><LINKER_C4><LA1_phenyl><LA2_mesityl>,Cc1cc(C)c(B(CCCCN(c2ccccc2)C(C)C)c2ccccc2)c(C)c1
N,isopropyl,phenyl,C5,phenyl,mesityl,<LB_N><LB1_isopropyl><LB2_phenyl><LINKER_C5><LA1_phenyl><LA2_mesityl>,Cc1cc(C)c(B(CCCCCN(c2ccccc2)C(C)C)c2ccccc2)c(C)c1
N,isopropyl,phenyl,C6,phenyl,mesityl,<LB_N><LB1_isopropyl><LB2_phenyl><LINKER_C6><LA1_phenyl><LA2_mesityl>,Cc1cc(C)c(B(CCCCCCN(c2ccccc2)C(C)C)c2ccccc2)c(C)c1
N,isopropyl,phenyl,C1,phenyl,pentafluorophenyl,<LB_N><LB1_isopropyl><LB2_phenyl><LINKER_C1><LA1_phenyl><LA2_pentafluorophenyl>,CC(C)N(CB(c1ccccc1)c1c(F)c(F)c(F)c(F)c1F)c1ccccc1
N,isopropyl,phenyl,C2,phenyl,pentafluorophenyl,<LB_N><LB1_isopropyl><LB2_phenyl><LINKER_C2><LA1_phenyl><LA2_pentafluorophenyl>,CC(C)N(CCB(c1ccccc1)c1c(F)c(F)c(F)c(F)c1F)c1ccccc1
N,isopropyl,phenyl,C3,phenyl,pentafluorophenyl,<LB_N><LB1_isopropyl><LB2_phenyl><LINKER_C3><LA1_phenyl><LA2_pentafluorophenyl>,CC(C)N(CCCB(c1ccccc1)c1c(F)c(F)c(F)c(F)c1F)c1ccccc1
N,isopropyl,phenyl,C4,phenyl,pentafluorophenyl,<LB_N><LB1_isopropyl><LB2_phenyl><LINKER_C4><LA1_phenyl><LA2_pentafluorophenyl>,CC(C)N(CCCCB(c1ccccc1)c1c(F)c(F)c(F)c(F)c1F)c1ccccc1
N,isopropyl,phenyl,C5,phenyl,pentafluorophenyl,<LB_N><LB1_isopropyl><LB2_phenyl><LINKER_C5><LA1_phenyl><LA2_pentafluorophenyl>,CC(C)N(CCCCCB(c1ccccc1)c1c(F)c(F)c(F)c(F)c1F)c1ccccc1
N,isopropyl,phenyl,C6,phenyl,pentafluorophenyl,<LB_N><LB1_isopropyl><LB2_phenyl><LINKER_C6><LA1_phenyl><LA2_pentafluorophenyl>,CC(C)N(CCCCCCB(c1ccccc1)c1c(F)c(F)c(F)c(F)c1F)c1ccccc1
N,isopropyl,phenyl,C1,phenyl,pentachlorophenyl,<LB_N><LB1_isopropyl><LB2_phenyl><LINKER_C1><LA1_phenyl><LA2_pentachlorophenyl>,CC(C)N(CB(c1ccccc1)c1c(Cl)c(Cl)c(Cl)c(Cl)c1Cl)c1ccccc1
N,isopropyl,phenyl,C2,phenyl,pentachlorophenyl,<LB_N><LB1_isopropyl><LB2_phenyl><LINKER_C2><LA1_phenyl><LA2_pentachlorophenyl>,CC(C)N(CCB(c1ccccc1)c1c(Cl)c(Cl)c(Cl)c(Cl)c1Cl)c1ccccc1
N,isopropyl,phenyl,C3,phenyl,pentachlorophenyl,<LB_N><LB1_isopropyl><LB2_phenyl><LINKER_C3><LA1_phenyl><LA2_pentachlorophenyl>,CC(C)N(CCCB(c1ccccc1)c1c(Cl)c(Cl)c(Cl)c(Cl)c1Cl)c1ccccc1
N,isopropyl,phenyl,C4,phenyl,pentachlorophenyl,<LB_N><LB1_isopropyl><LB2_phenyl><LINKER_C4><LA1_phenyl><LA2_pentachlorophenyl>,CC(C)N(CCCCB(c1ccccc1)c1c(Cl)c(Cl)c(Cl)c(Cl)c1Cl)c1ccccc1
N,isopropyl,phenyl,C5,phenyl,pentachlorophenyl,<LB_N><LB1_isopropyl><LB2_phenyl><LINKER_C5><LA1_phenyl><LA2_pentachlorophenyl>,CC(C)N(CCCCCB(c1ccccc1)c1c(Cl)c(Cl)c(Cl)c(Cl)c1Cl)c1ccccc1
N,isopropyl,phenyl,C6,phenyl,pentachlorophenyl,<LB_N><LB1_isopropyl><LB2_phenyl><LINKER_C6><LA1_phenyl><LA2_pentachlorophenyl>,CC(C)N(CCCCCCB(c1ccccc1)c1c(Cl)c(Cl)c(Cl)c(Cl)c1Cl)c1ccccc1
N,isopropyl,phenyl,C1,phenyl,bis_cf3_phenyl,<LB_N><LB1_isopropyl><LB2_phenyl><LINKER_C1><LA1_phenyl><LA2_bis_cf3_phenyl>,CC(C)N(CB(c1ccccc1)c1cc(C(F)(F)F)cc(C(F)(F)F)c1)c1ccccc1
N,isopropyl,phenyl,C2,phenyl,bis_cf3_phenyl,<LB_N><LB1_isopropyl><LB2_phenyl><LINKER_C2><LA1_phenyl><LA2_bis_cf3_phenyl>,CC(C)N(CCB(c1ccccc1)c1cc(C(F)(F)F)cc(C(F)(F)F)c1)c1ccccc1
N,isopropyl,phenyl,C3,phenyl,bis_cf3_phenyl,<LB_N><LB1_isopropyl><LB2_phenyl><LINKER_C3><LA1_phenyl><LA2_bis_cf3_phenyl>,CC(C)N(CCCB(c1ccccc1)c1cc(C(F)(F)F)cc(C(F)(F)F)c1)c1ccccc1
N,isopropyl,phenyl,C4,phenyl,bis_cf3_phenyl,<LB_N><LB1_isopropyl><LB2_phenyl><LINKER_C4><LA1_phenyl><LA2_bis_cf3_phenyl>,CC(C)N(CCCCB(c1ccccc1)c1cc(C(F)(F)F)cc(C(F)(F)F)c1)c1ccccc1
N,isopropyl,phenyl,C5,phenyl,bis_cf3_phenyl,<LB_N><LB1_isopropyl><LB2_phenyl><LINKER_C5><LA1_phenyl><LA2_bis_cf3_phenyl>,CC(C)N(CCCCCB(c1ccccc1)c1cc(C(F)(F)F)cc(C(F)(F)F)c1)c1ccccc1
N,isopropyl,phenyl,C6,phenyl,bis_cf3_phenyl,<LB_N><LB1_isopropyl><LB2_phenyl><LINKER_C6><LA1_phenyl><LA2_bis_cf3_phenyl>,CC(C)N(CCCCCCB(c1ccccc1)c1cc(C(F)(F)F)cc(C(F)(F)F)c1)c1ccccc1
N,isopropyl,phenyl,C1,p_tolyl,p_tolyl,<LB_N><LB1_isopropyl><LB2_phenyl><LINKER_C1><LA1_p_tolyl><LA2_p_tolyl>,Cc1ccc(B(CN(c2ccccc2)C(C)C)c2ccc(C)cc2)cc1
N,isopropyl,phenyl,C2,p_tolyl,p_tolyl,<LB_N><LB1_isopropyl><LB2_phenyl><LINKER_C2><LA1_p_tolyl><LA2_p_tolyl>,Cc1ccc(B(CCN(c2ccccc2)C(C)C)c2ccc(C)cc2)cc1
N,isopropyl,phenyl,C3,p_tolyl,p_tolyl,<LB_N><LB1_isopropyl><LB2_phenyl><LINKER_C3><LA1_p_tolyl><LA2_p_tolyl>,Cc1ccc(B(CCCN(c2ccccc2)C(C)C)c2ccc(C)cc2)cc1
N,isopropyl,phenyl,C4,p_tolyl,p_tolyl,<LB_N><LB1_isopropyl><LB2_phenyl><LINKER_C4><LA1_p_tolyl><LA2_p_tolyl>,Cc1ccc(B(CCCCN(c2ccccc2)C(C)C)c2ccc(C)cc2)cc1
N,isopropyl,phenyl,C5,p_tolyl,p_tolyl,<LB_N><LB1_isopropyl><LB2_phenyl><LINKER_C5><LA1_p_tolyl><LA2_p_tolyl>,Cc1ccc(B(CCCCCN(c2ccccc2)C(C)C)c2ccc(C)cc2)cc1
N,isopropyl,phenyl,C6,p_tolyl,p_tolyl,<LB_N><LB1_isopropyl><LB2_phenyl><LINKER_C6><LA1_p_tolyl><LA2_p_tolyl>,Cc1ccc(B(CCCCCCN(c2ccccc2)C(C)C)c2ccc(C)cc2)cc1
N,isopropyl,phenyl,C1,p_tolyl,mesityl,<LB_N><LB1_isopropyl><LB2_phenyl><LINKER_C1><LA1_p_tolyl><LA2_mesityl>,Cc1ccc(B(CN(c2ccccc2)C(C)C)c2c(C)cc(C)cc2C)cc1
N,isopropyl,phenyl,C2,p_tolyl,mesityl,<LB_N><LB1_isopropyl><LB2_phenyl><LINKER_C2><LA1_p_tolyl><LA2_mesityl>,Cc1ccc(B(CCN(c2ccccc2)C(C)C)c2c(C)cc(C)cc2C)cc1
N,isopropyl,phenyl,C3,p_tolyl,mesityl,<LB_N><LB1_isopropyl><LB2_phenyl><LINKER_C3><LA1_p_tolyl><LA2_mesityl>,Cc1ccc(B(CCCN(c2ccccc2)C(C)C)c2c(C)cc(C)cc2C)cc1
N,isopropyl,phenyl,C4,p_tolyl,mesityl,<LB_N><LB1_isopropyl><LB2_phenyl><LINKER_C4><LA1_p_tolyl><LA2_mesityl>,Cc1ccc(B(CCCCN(c2ccccc2)C(C)C)c2c(C)cc(C)cc2C)cc1
N,isopropyl,phenyl,C5,p_tolyl,mesityl,<LB_N><LB1_isopropyl><LB2_phenyl><LINKER_C5><LA1_p_tolyl><LA2_mesityl>,Cc1ccc(B(CCCCCN(c2ccccc2)C(C)C)c2c(C)cc(C)cc2C)cc1
N,isopropyl,phenyl,C6,p_tolyl,mesityl,<LB_N><LB1_isopropyl><LB2_phenyl><LINKER_C6><LA1_p_tolyl><LA2_mesityl>,Cc1ccc(B(CCCCCCN(c2ccccc2)C(C)C)c2c(C)cc(C)cc2C)cc1
N,isopropyl,phenyl,C1,p_tolyl,pentafluorophenyl,<LB_N><LB1_isopropyl><LB2_phenyl><LINKER_C1><LA1_p_tolyl><LA2_pentafluorophenyl>,Cc1ccc(B(CN(c2ccccc2)C(C)C)c2c(F)c(F)c(F)c(F)c2F)cc1
N,isopropyl,phenyl,C2,p_tolyl,pentafluorophenyl,<LB_N><LB1_isopropyl><LB2_phenyl><LINKER_C2><LA1_p_tolyl><LA2_pentafluorophenyl>,Cc1ccc(B(CCN(c2ccccc2)C(C)C)c2c(F)c(F)c(F)c(F)c2F)cc1
N,isopropyl,phenyl,C3,p_tolyl,pentafluorophenyl,<LB_N><LB1_isopropyl><LB2_phenyl><LINKER_C3><LA1_p_tolyl><LA2_pentafluorophenyl>,Cc1ccc(B(CCCN(c2ccccc2)C(C)C)c2c(F)c(F)c(F)c(F)c2F)cc1
N,isopropyl,phenyl,C4,p_tolyl,pentafluorophenyl,<LB_N><LB1_isopropyl><LB2_phenyl><LINKER_C4><LA1_p_tolyl><LA2_pentafluorophenyl>,Cc1ccc(B(CCCCN(c2ccccc2)C(C)C)c2c(F)c(F)c(F)c(F)c2F)cc1
N,isopropyl,phenyl,C5,p_tolyl,pentafluorophenyl,<LB_N><LB1_isopropyl><LB2_phenyl><LINKER_C5><LA1_p_tolyl><LA2_pentafluorophenyl>,Cc1ccc(B(CCCCCN(c2ccccc2)C(C)C)c2c(F)c(F)c(F)c(F)c2F)cc1
N,isopropyl,phenyl,C6,p_tolyl,pentafluorophenyl,<LB_N><LB1_isopropyl><LB2_phenyl><LINKER_C6><LA1_p_tolyl><LA2_pentafluorophenyl>,Cc1ccc(B(CCCCCCN(c2ccccc2)C(C)C)c2c(F)c(F)c(F)c(F)c2F)cc1
N,isopropyl,phenyl,C1,p_tolyl,pentachlorophenyl,<LB_N><LB1_isopropyl><LB2_phenyl><LINKER_C1><LA1_p_tolyl><LA2_pentachlorophenyl>,Cc1ccc(B(CN(c2ccccc2)C(C)C)c2c(Cl)c(Cl)c(Cl)c(Cl)c2Cl)cc1
N,isopropyl,phenyl,C2,p_tolyl,pentachlorophenyl,<LB_N><LB1_isopropyl><LB2_phenyl><LINKER_C2><LA1_p_tolyl><LA2_pentachlorophenyl>,Cc1ccc(B(CCN(c2ccccc2)C(C)C)c2c(Cl)c(Cl)c(Cl)c(Cl)c2Cl)cc1
N,isopropyl,phenyl,C3,p_tolyl,pentachlorophenyl,<LB_N><LB1_isopropyl><LB2_phenyl><LINKER_C3><LA1_p_tolyl><LA2_pentachlorophenyl>,Cc1ccc(B(CCCN(c2ccccc2)C(C)C)c2c(Cl)c(Cl)c(Cl)c(Cl)c2Cl)cc1
N,isopropyl,phenyl,C4,p_tolyl,pentachlorophenyl,<LB_N><LB1_isopropyl><LB2_phenyl><LINKER_C4><LA1_p_tolyl><LA2_pentachlorophenyl>,Cc1ccc(B(CCCCN(c2ccccc2)C(C)C)c2c(Cl)c(Cl)c(Cl)c(Cl)c2Cl)cc1
N,isopropyl,phenyl,C5,p_tolyl,pentachlorophenyl,<LB_N><LB1_isopropyl><LB2_phenyl><LINKER_C5><LA1_p_tolyl><LA2_pentachlorophenyl>,Cc1ccc(B(CCCCCN(c2ccccc2)C(C)C)c2c(Cl)c(Cl)c(Cl)c(Cl)c2Cl)cc1
N,isopropyl,phenyl,C6,p_tolyl,pentachlorophenyl,<LB_N><LB1_isopropyl><LB2_phenyl><LINKER_C6><LA1_p_tolyl><LA2_pentachlorophenyl>,Cc1ccc(B(CCCCCCN(c2ccccc2)C(C)C)c2c(Cl)c(Cl)c(Cl)c(Cl)c2Cl)cc1
N,isopropyl,phenyl,C1,p_tolyl,bis_cf3_phenyl,<LB_N><LB1_isopropyl><LB2_phenyl><LINKER_C1><LA1_p_tolyl><LA2_bis_cf3_phenyl>,Cc1ccc(B(CN(c2ccccc2)C(C)C)c2cc(C(F)(F)F)cc(C(F)(F)F)c2)cc1
N,isopropyl,phenyl,C2,p_tolyl,bis_cf3_phenyl,<LB_N><LB1_isopropyl><LB2_phenyl><LINKER_C2><LA1_p_tolyl><LA2_bis_cf3_phenyl>,Cc1ccc(B(CCN(c2ccccc2)C(C)C)c2cc(C(F)(F)F)cc(C(F)(F)F)c2)cc1
N,isopropyl,phenyl,C3,p_tolyl,bis_cf3_phenyl,<LB_N><LB1_isopropyl><LB2_phenyl><LINKER_C3><LA1_p_tolyl><LA2_bis_cf3_phenyl>,Cc1ccc(B(CCCN(c2ccccc2)C(C)C)c2cc(C(F)(F)F)cc(C(F)(F)F)c2)cc1
N,isopropyl,phenyl,C4,p_tolyl,bis_cf3_phenyl,<LB_N><LB1_isopropyl><LB2_phenyl><LINKER_C4><LA1_p_tolyl><LA2_bis_cf3_phenyl>,Cc1ccc(B(CCCCN(c2ccccc2)C(C)C)c2cc(C(F)(F)F)cc(C(F)(F)F)c2)cc1
N,isopropyl,phenyl,C5,p_tolyl,bis_cf3_phenyl,<LB_N><LB1_isopropyl><LB2_phenyl><LINKER_C5><LA1_p_tolyl><LA2_bis_cf3_phenyl>,Cc1ccc(B(CCCCCN(c2ccccc2)C(C)C)c2cc(C(F)(F)F)cc(C(F)(F)F)c2)cc1
N,isopropyl,phenyl,C6,p_tolyl,bis_cf3_phenyl,<LB_N><LB1_isopropyl><LB2_phenyl><LINKER_C6><LA1_p_tolyl><LA2_bis_cf3_phenyl>,Cc1ccc(B(CCCCCCN(c2ccccc2)C(C)C)c2cc(C(F)(F)F)cc(C(F)(F)F)c2)cc1
N,isopropyl,phenyl,C1,mesityl,mesityl,<LB_N><LB1_isopropyl><LB2_phenyl><LINKER_C1><LA1_mesityl><LA2_mesityl>,Cc1cc(C)c(B(CN(c2ccccc2)C(C)C)c2c(C)cc(C)cc2C)c(C)c1
N,isopropyl,phenyl,C2,mesityl,mesityl,<LB_N><LB1_isopropyl><LB2_phenyl><LINKER_C2><LA1_mesityl><LA2_mesityl>,Cc1cc(C)c(B(CCN(c2ccccc2)C(C)C)c2c(C)cc(C)cc2C)c(C)c1
N,isopropyl,phenyl,C3,mesityl,mesityl,<LB_N><LB1_isopropyl><LB2_phenyl><LINKER_C3><LA1_mesityl><LA2_mesityl>,Cc1cc(C)c(B(CCCN(c2ccccc2)C(C)C)c2c(C)cc(C)cc2C)c(C)c1
N,isopropyl,phenyl,C4,mesityl,mesityl,<LB_N><LB1_isopropyl><LB2_phenyl><LINKER_C4><LA1_mesityl><LA2_mesityl>,Cc1cc(C)c(B(CCCCN(c2ccccc2)C(C)C)c2c(C)cc(C)cc2C)c(C)c1
N,isopropyl,phenyl,C5,mesityl,mesityl,<LB_N><LB1_isopropyl><LB2_phenyl><LINKER_C5><LA1_mesityl><LA2_mesityl>,Cc1cc(C)c(B(CCCCCN(c2ccccc2)C(C)C)c2c(C)cc(C)cc2C)c(C)c1
N,isopropyl,phenyl,C6,mesityl,mesityl,<LB_N><LB1_isopropyl><LB2_phenyl><LINKER_C6><LA1_mesityl><LA2_mesityl>,Cc1cc(C)c(B(CCCCCCN(c2ccccc2)C(C)C)c2c(C)cc(C)cc2C)c(C)c1
N,isopropyl,phenyl,C1,mesityl,pentafluorophenyl,<LB_N><LB1_isopropyl><LB2_phenyl><LINKER_C1><LA1_mesityl><LA2_pentafluorophenyl>,Cc1cc(C)c(B(CN(c2ccccc2)C(C)C)c2c(F)c(F)c(F)c(F)c2F)c(C)c1
N,isopropyl,phenyl,C2,mesityl,pentafluorophenyl,<LB_N><LB1_isopropyl><LB2_phenyl><LINKER_C2><LA1_mesityl><LA2_pentafluorophenyl>,Cc1cc(C)c(B(CCN(c2ccccc2)C(C)C)c2c(F)c(F)c(F)c(F)c2F)c(C)c1
N,isopropyl,phenyl,C3,mesityl,pentafluorophenyl,<LB_N><LB1_isopropyl><LB2_phenyl><LINKER_C3><LA1_mesityl><LA2_pentafluorophenyl>,Cc1cc(C)c(B(CCCN(c2ccccc2)C(C)C)c2c(F)c(F)c(F)c(F)c2F)c(C)c1
N,isopropyl,phenyl,C4,mesityl,pentafluorophenyl,<LB_N><LB1_isopropyl><LB2_phenyl><LINKER_C4><LA1_mesityl><LA2_pentafluorophenyl>,Cc1cc(C)c(B(CCCCN(c2ccccc2)C(C)C)c2c(F)c(F)c(F)c(F)c2F)c(C)c1
N,isopropyl,phenyl,C5,mesityl,pentafluorophenyl,<LB_N><LB1_isopropyl><LB2_phenyl><LINKER_C5><LA1_mesityl><LA2_pentafluorophenyl>,Cc1cc(C)c(B(CCCCCN(c2ccccc2)C(C)C)c2c(F)c(F)c(F)c(F)c2F)c(C)c1
N,isopropyl,phenyl,C6,mesityl,pentafluorophenyl,<LB_N><LB1_isopropyl><LB2_phenyl><LINKER_C6><LA1_mesityl><LA2_pentafluorophenyl>,Cc1cc(C)c(B(CCCCCCN(c2ccccc2)C(C)C)c2c(F)c(F)c(F)c(F)c2F)c(C)c1
N,isopropyl,phenyl,C1,mesityl,pentachlorophenyl,<LB_N><LB1_isopropyl><LB2_phenyl><LINKER_C1><LA1_mesityl><LA2_pentachlorophenyl>,Cc1cc(C)c(B(CN(c2ccccc2)C(C)C)c2c(Cl)c(Cl)c(Cl)c(Cl)c2Cl)c(C)c1
N,isopropyl,phenyl,C2,mesityl,pentachlorophenyl,<LB_N><LB1_isopropyl><LB2_phenyl><LINKER_C2><LA1_mesityl><LA2_pentachlorophenyl>,Cc1cc(C)c(B(CCN(c2ccccc2)C(C)C)c2c(Cl)c(Cl)c(Cl)c(Cl)c2Cl)c(C)c1
N,isopropyl,phenyl,C3,mesityl,pentachlorophenyl,<LB_N><LB1_isopropyl><LB2_phenyl><LINKER_C3><LA1_mesityl><LA2_pentachlorophenyl>,Cc1cc(C)c(B(CCCN(c2ccccc2)C(C)C)c2c(Cl)c(Cl)c(Cl)c(Cl)c2Cl)c(C)c1
N,isopropyl,phenyl,C4,mesityl,pentachlorophenyl,<LB_N><LB1_isopropyl><LB2_phenyl><LINKER_C4><LA1_mesityl><LA2_pentachlorophenyl>,Cc1cc(C)c(B(CCCCN(c2ccccc2)C(C)C)c2c(Cl)c(Cl)c(Cl)c(Cl)c2Cl)c(C)c1
N,isopropyl,phenyl,C5,mesityl,pentachlorophenyl,<LB_N><LB1_isopropyl><LB2_phenyl><LINKER_C5><LA1_mesityl><LA2_pentachlorophenyl>,Cc1cc(C)c(B(CCCCCN(c2ccccc2)C(C)C)c2c(Cl)c(Cl)c(Cl)c(Cl)c2Cl)c(C)c1
N,isopropyl,phenyl,C6,mesityl,pentachlorophenyl,<LB_N><LB1_isopropyl><LB2_phenyl><LINKER_C6><LA1_mesityl><LA2_pentachlorophenyl>,Cc1cc(C)c(B(CCCCCCN(c2ccccc2)C(C)C)c2c(Cl)c(Cl)c(Cl)c(Cl)c2Cl)c(C)c1
N,isopropyl,phenyl,C1,mesityl,bis_cf3_phenyl,<LB_N><LB1_isopropyl><LB2_phenyl><LINKER_C1><LA1_mesityl><LA2_bis_cf3_phenyl>,Cc1cc(C)c(B(CN(c2ccccc2)C(C)C)c2cc(C(F)(F)F)cc(C(F)(F)F)c2)c(C)c1
N,isopropyl,phenyl,C2,mesityl,bis_cf3_phenyl,<LB_N><LB1_isopropyl><LB2_phenyl><LINKER_C2><LA1_mesityl><LA2_bis_cf3_phenyl>,Cc1cc(C)c(B(CCN(c2ccccc2)C(C)C)c2cc(C(F)(F)F)cc(C(F)(F)F)c2)c(C)c1
N,isopropyl,phenyl,C3,mesityl,bis_cf3_phenyl,<LB_N><LB1_isopropyl><LB2_phenyl><LINKER_C3><LA1_mesityl><LA2_bis_cf3_phenyl>,Cc1cc(C)c(B(CCCN(c2ccccc2)C(C)C)c2cc(C(F)(F)F)cc(C(F)(F)F)c2)c(C)c1
N,isopropyl,phenyl,C4,mesityl,bis_cf3_phenyl,<LB_N><LB1_isopropyl><LB2_phenyl><LINKER_C4><LA1_mesityl><LA2_bis_cf3_phenyl>,Cc1cc(C)c(B(CCCCN(c2ccccc2)C(C)C)c2cc(C(F)(F)F)cc(C(F)(F)F)c2)c(C)c1
N,isopropyl,phenyl,C5,mesityl,bis_cf3_phenyl,<LB_N><LB1_isopropyl><LB2_phenyl><LINKER_C5><LA1_mesityl><LA2_bis_cf3_phenyl>,Cc1cc(C)c(B(CCCCCN(c2ccccc2)C(C)C)c2cc(C(F)(F)F)cc(C(F)(F)F)c2)c(C)c1
N,isopropyl,phenyl,C6,mesityl,bis_cf3_phenyl,<LB_N><LB1_isopropyl><LB2_phenyl><LINKER_C6><LA1_mesityl><LA2_bis_cf3_phenyl>,Cc1cc(C)c(B(CCCCCCN(c2ccccc2)C(C)C)c2cc(C(F)(F)F)cc(C(F)(F)F)c2)c(C)c1
N,isopropyl,phenyl,C1,pentafluorophenyl,pentafluorophenyl,<LB_N><LB1_isopropyl><LB2_phenyl><LINKER_C1><LA1_pentafluorophenyl><LA2_pentafluorophenyl>,CC(C)N(CB(c1c(F)c(F)c(F)c(F)c1F)c1c(F)c(F)c(F)c(F)c1F)c1ccccc1
N,isopropyl,phenyl,C2,pentafluorophenyl,pentafluorophenyl,<LB_N><LB1_isopropyl><LB2_phenyl><LINKER_C2><LA1_pentafluorophenyl><LA2_pentafluorophenyl>,CC(C)N(CCB(c1c(F)c(F)c(F)c(F)c1F)c1c(F)c(F)c(F)c(F)c1F)c1ccccc1
N,isopropyl,phenyl,C3,pentafluorophenyl,pentafluorophenyl,<LB_N><LB1_isopropyl><LB2_phenyl><LINKER_C3><LA1_pentafluorophenyl><LA2_pentafluorophenyl>,CC(C)N(CCCB(c1c(F)c(F)c(F)c(F)c1F)c1c(F)c(F)c(F)c(F)c1F)c1ccccc1
N,isopropyl,phenyl,C4,pentafluorophenyl,pentafluorophenyl,<LB_N><LB1_isopropyl><LB2_phenyl><LINKER_C4><LA1_pentafluorophenyl><LA2_pentafluorophenyl>,CC(C)N(CCCCB(c1c(F)c(F)c(F)c(F)c1F)c1c(F)c(F)c(F)c(F)c1F)c1ccccc1
N,isopropyl,phenyl,C5,pentafluorophenyl,pentafluorophenyl,<LB_N><LB1_isopropyl><LB2_phenyl><LINKER_C5><LA1_pentafluorophenyl><LA2_pentafluorophenyl>,CC(C)N(CCCCCB(c1c(F)c(F)c(F)c(F)c1F)c1c(F)c(F)c(F)c(F)c1F)c1ccccc1
N,isopropyl,phenyl,C6,pentafluorophenyl,pentafluorophenyl,<LB_N><LB1_isopropyl><LB2_phenyl><LINKER_C6><LA1_pentafluorophenyl><LA2_pentafluorophenyl>,CC(C)N(CCCCCCB(c1c(F)c(F)c(F)c(F)c1F)c1c(F)c(F)c(F)c(F)c1F)c1ccccc1
N,isopropyl,phenyl,C1,pentafluorophenyl,pentachlorophenyl,<LB_N><LB1_isopropyl><LB2_phenyl><LINKER_C1><LA1_pentafluorophenyl><LA2_pentachlorophenyl>,CC(C)N(CB(c1c(F)c(F)c(F)c(F)c1F)c1c(Cl)c(Cl)c(Cl)c(Cl)c1Cl)c1ccccc1
N,isopropyl,phenyl,C2,pentafluorophenyl,pentachlorophenyl,<LB_N><LB1_isopropyl><LB2_phenyl><LINKER_C2><LA1_pentafluorophenyl><LA2_pentachlorophenyl>,CC(C)N(CCB(c1c(F)c(F)c(F)c(F)c1F)c1c(Cl)c(Cl)c(Cl)c(Cl)c1Cl)c1ccccc1
N,isopropyl,phenyl,C3,pentafluorophenyl,pentachlorophenyl,<LB_N><LB1_isopropyl><LB2_phenyl><LINKER_C3><LA1_pentafluorophenyl><LA2_pentachlorophenyl>,CC(C)N(CCCB(c1c(F)c(F)c(F)c(F)c1F)c1c(Cl)c(Cl)c(Cl)c(Cl)c1Cl)c1ccccc1
N,isopropyl,phenyl,C4,pentafluorophenyl,pentachlorophenyl,<LB_N><LB1_isopropyl><LB2_phenyl><LINKER_C4><LA1_pentafluorophenyl><LA2_pentachlorophenyl>,CC(C)N(CCCCB(c1c(F)c(F)c(F)c(F)c1F)c1c(Cl)c(Cl)c(Cl)c(Cl)c1Cl)c1ccccc1
N,isopropyl,phenyl,C5,pentafluorophenyl,pentachlorophenyl,<LB_N><LB1_isopropyl><LB2_phenyl><LINKER_C5><LA1_pentafluorophenyl><LA2_pentachlorophenyl>,CC(C)N(CCCCCB(c1c(F)c(F)c(F)c(F)c1F)c1c(Cl)c(Cl)c(Cl)c(Cl)c1Cl)c1ccccc1
N,isopropyl,phenyl,C6,pentafluorophenyl,pentachlorophenyl,<LB_N><LB1_isopropyl><LB2_phenyl><LINKER_C6><LA1_pentafluorophenyl><LA2_pentachlorophenyl>,CC(C)N(CCCCCCB(c1c(F)c(F)c(F)c(F)c1F)c1c(Cl)c(Cl)c(Cl)c(Cl)c1Cl)c1ccccc1
N,isopropyl,phenyl,C1,pentafluorophenyl,bis_cf3_phenyl,<LB_N><LB1_isopropyl><LB2_phenyl><LINKER_C1><LA1_pentafluorophenyl><LA2_bis_cf3_phenyl>,CC(C)N(CB(c1cc(C(F)(F)F)cc(C(F)(F)F)c1)c1c(F)c(F)c(F)c(F)c1F)c1ccccc1
N,isopropyl,phenyl,C2,pentafluorophenyl,bis_cf3_phenyl,<LB_N><LB1_isopropyl><LB2_phenyl><LINKER_C2><LA1_pentafluorophenyl><LA2_bis_cf3_phenyl>,CC(C)N(CCB(c1cc(C(F)(F)F)cc(C(F)(F)F)c1)c1c(F)c(F)c(F)c(F)c1F)c1ccccc1
N,isopropyl,phenyl,C3,pentafluorophenyl,bis_cf3_phenyl,<LB_N><LB1_isopropyl><LB2_phenyl><LINKER_C3><LA1_pentafluorophenyl><LA2_bis_cf3_phenyl>,CC(C)N(CCCB(c1cc(C(F)(F)F)cc(C(F)(F)F)c1)c1c(F)c(F)c(F)c(F)c1F)c1ccccc1
N,isopropyl,phenyl,C4,pentafluorophenyl,bis_cf3_phenyl,<LB_N><LB1_isopropyl><LB2_phenyl><LINKER_C4><LA1_pentafluorophenyl><LA2_bis_cf3_phenyl>,CC(C)N(CCCCB(c1cc(C(F)(F)F)cc(C(F)(F)F)c1)c1c(F)c(F)c(F)c(F)c1F)c1ccccc1
N,isopropyl,phenyl,C5,pentafluorophenyl,bis_cf3_phenyl,<LB_N><LB1_isopropyl><LB2_phenyl><LINKER_C5><LA1_pentafluorophenyl><LA2_bis_cf3_phenyl>,CC(C)N(CCCCCB(c1cc(C(F)(F)F)cc(C(F)(F)F)c1)c1c(F)c(F)c(F)c(F)c1F)c1ccccc1
N,isopropyl,phenyl,C6,pentafluorophenyl,bis_cf3_phenyl,<LB_N><LB1_isopropyl><LB2_phenyl><LINKER_C6><LA1_pentafluorophenyl><LA2_bis_cf3_phenyl>,CC(C)N(CCCCCCB(c1cc(C(F)(F)F)cc(C(F)(F)F)c1)c1c(F)c(F)c(F)c(F)c1F)c1ccccc1
N,isopropyl,phenyl,C1,pentachlorophenyl,pentachlorophenyl,<LB_N><LB1_isopropyl><LB2_phenyl><LINKER_C1><LA1_pentachlorophenyl><LA2_pentachlorophenyl>,CC(C)N(CB(c1c(Cl)c(Cl)c(Cl)c(Cl)c1Cl)c1c(Cl)c(Cl)c(Cl)c(Cl)c1Cl)c1ccccc1
N,isopropyl,phenyl,C2,pentachlorophenyl,pentachlorophenyl,<LB_N><LB1_isopropyl><LB2_phenyl><LINKER_C2><LA1_pentachlorophenyl><LA2_pentachlorophenyl>,CC(C)N(CCB(c1c(Cl)c(Cl)c(Cl)c(Cl)c1Cl)c1c(Cl)c(Cl)c(Cl)c(Cl)c1Cl)c1ccccc1
N,isopropyl,phenyl,C3,pentachlorophenyl,pentachlorophenyl,<LB_N><LB1_isopropyl><LB2_phenyl><LINKER_C3><LA1_pentachlorophenyl><LA2_pentachlorophenyl>,CC(C)N(CCCB(c1c(Cl)c(Cl)c(Cl)c(Cl)c1Cl)c1c(Cl)c(Cl)c(Cl)c(Cl)c1Cl)c1ccccc1
N,isopropyl,phenyl,C4,pentachlorophenyl,pentachlorophenyl,<LB_N><LB1_isopropyl><LB2_phenyl><LINKER_C4><LA1_pentachlorophenyl><LA2_pentachlorophenyl>,CC(C)N(CCCCB(c1c(Cl)c(Cl)c(Cl)c(Cl)c1Cl)c1c(Cl)c(Cl)c(Cl)c(Cl)c1Cl)c1ccccc1
N,isopropyl,phenyl,C5,pentachlorophenyl,pentachlorophenyl,<LB_N><LB1_isopropyl><LB2_phenyl><LINKER_C5><LA1_pentachlorophenyl><LA2_pentachlorophenyl>,CC(C)N(CCCCCB(c1c(Cl)c(Cl)c(Cl)c(Cl)c1Cl)c1c(Cl)c(Cl)c(Cl)c(Cl)c1Cl)c1ccccc1
N,isopropyl,phenyl,C6,pentachlorophenyl,pentachlorophenyl,<LB_N><LB1_isopropyl><LB2_phenyl><LINKER_C6><LA1_pentachlorophenyl><LA2_pentachlorophenyl>,CC(C)N(CCCCCCB(c1c(Cl)c(Cl)c(Cl)c(Cl)c1Cl)c1c(Cl)c(Cl)c(Cl)c(Cl)c1Cl)c1ccccc1
N,isopropyl,phenyl,C1,pentachlorophenyl,bis_cf3_phenyl,<LB_N><LB1_isopropyl><LB2_phenyl><LINKER_C1><LA1_pentachlorophenyl><LA2_bis_cf3_phenyl>,CC(C)N(CB(c1cc(C(F)(F)F)cc(C(F)(F)F)c1)c1c(Cl)c(Cl)c(Cl)c(Cl)c1Cl)c1ccccc1
N,isopropyl,phenyl,C2,pentachlorophenyl,bis_cf3_phenyl,<LB_N><LB1_isopropyl><LB2_phenyl><LINKER_C2><LA1_pentachlorophenyl><LA2_bis_cf3_phenyl>,CC(C)N(CCB(c1cc(C(F)(F)F)cc(C(F)(F)F)c1)c1c(Cl)c(Cl)c(Cl)c(Cl)c1Cl)c1ccccc1
N,isopropyl,phenyl,C3,pentachlorophenyl,bis_cf3_phenyl,<LB_N><LB1_isopropyl><LB2_phenyl><LINKER_C3><LA1_pentachlorophenyl><LA2_bis_cf3_phenyl>,CC(C)N(CCCB(c1cc(C(F)(F)F)cc(C(F)(F)F)c1)c1c(Cl)c(Cl)c(Cl)c(Cl)c1Cl)c1ccccc1
N,isopropyl,phenyl,C4,pentachlorophenyl,bis_cf3_phenyl,<LB_N><LB1_isopropyl><LB2_phenyl><LINKER_C4><LA1_pentachlorophenyl><LA2_bis_cf3_phenyl>,CC(C)N(CCCCB(c1cc(C(F)(F)F)cc(C(F)(F)F)c1)c1c(Cl)c(Cl)c(Cl)c(Cl)c1Cl)c1ccccc1
N,isopropyl,phenyl,C5,pentachlorophenyl,bis_cf3_phenyl,<LB_N><LB1_isopropyl><LB2_phenyl><LINKER_C5><LA1_pentachlorophenyl><LA2_bis_cf3_phenyl>,CC(C)N(CCCCCB(c1cc(C(F)(F)F)cc(C(F)(F)F)c1)c1c(Cl)c(Cl)c(Cl)c(Cl)c1Cl)c1ccccc1
N,isopropyl,phenyl,C6,pentachlorophenyl,bis_cf3_phenyl,<LB_N><LB1_isopropyl><LB2_phenyl><LINKER_C6><LA1_pentachlorophenyl><LA2_bis_cf3_phenyl>,CC(C)N(CCCCCCB(c1cc(C(F)(F)F)cc(C(F)(F)F)c1)c1c(Cl)c(Cl)c(Cl)c(Cl)c1Cl)c1ccccc1
N,isopropyl,phenyl,C1,bis_cf3_phenyl,bis_cf3_phenyl,<LB_N><LB1_isopropyl><LB2_phenyl><LINKER_C1><LA1_bis_cf3_phenyl><LA2_bis_cf3_phenyl>,CC(C)N(CB(c1cc(C(F)(F)F)cc(C(F)(F)F)c1)c1cc(C(F)(F)F)cc(C(F)(F)F)c1)c1ccccc1
N,isopropyl,phenyl,C2,bis_cf3_phenyl,bis_cf3_phenyl,<LB_N><LB1_isopropyl><LB2_phenyl><LINKER_C2><LA1_bis_cf3_phenyl><LA2_bis_cf3_phenyl>,CC(C)N(CCB(c1cc(C(F)(F)F)cc(C(F)(F)F)c1)c1cc(C(F)(F)F)cc(C(F)(F)F)c1)c1ccccc1
N,isopropyl,phenyl,C3,bis_cf3_phenyl,bis_cf3_phenyl,<LB_N><LB1_isopropyl><LB2_phenyl><LINKER_C3><LA1_bis_cf3_phenyl><LA2_bis_cf3_phenyl>,CC(C)N(CCCB(c1cc(C(F)(F)F)cc(C(F)(F)F)c1)c1cc(C(F)(F)F)cc(C(F)(F)F)c1)c1ccccc1
N,isopropyl,phenyl,C4,bis_cf3_phenyl,bis_cf3_phenyl,<LB_N><LB1_isopropyl><LB2_phenyl><LINKER_C4><LA1_bis_cf3_phenyl><LA2_bis_cf3_phenyl>,CC(C)N(CCCCB(c1cc(C(F)(F)F)cc(C(F)(F)F)c1)c1cc(C(F)(F)F)cc(C(F)(F)F)c1)c1ccccc1
N,isopropyl,phenyl,C5,bis_cf3_phenyl,bis_cf3_phenyl,<LB_N><LB1_isopropyl><LB2_phenyl><LINKER_C5><LA1_bis_cf3_phenyl><LA2_bis_cf3_phenyl>,CC(C)N(CCCCCB(c1cc(C(F)(F)F)cc(C(F)(F)F)c1)c1cc(C(F)(F)F)cc(C(F)(F)F)c1)c1ccccc1
N,isopropyl,phenyl,C6,bis_cf3_phenyl,bis_cf3_phenyl,<LB_N><LB1_isopropyl><LB2_phenyl><LINKER_C6><LA1_bis_cf3_phenyl><LA2_bis_cf3_phenyl>,CC(C)N(CCCCCCB(c1cc(C(F)(F)F)cc(C(F)(F)F)c1)c1cc(C(F)(F)F)cc(C(F)(F)F)c1)c1ccccc1
N,cyclohexyl,cyclohexyl,C1,phenyl,phenyl,<LB_N><LB1_cyclohexyl><LB2_cyclohexyl><LINKER_C1><LA1_phenyl><LA2_phenyl>,c1ccc(B(CN(C2CCCCC2)C2CCCCC2)c2ccccc2)cc1
N,cyclohexyl,cyclohexyl,C2,phenyl,phenyl,<LB_N><LB1_cyclohexyl><LB2_cyclohexyl><LINKER_C2><LA1_phenyl><LA2_phenyl>,c1ccc(B(CCN(C2CCCCC2)C2CCCCC2)c2ccccc2)cc1
N,cyclohexyl,cyclohexyl,C3,phenyl,phenyl,<LB_N><LB1_cyclohexyl><LB2_cyclohexyl><LINKER_C3><LA1_phenyl><LA2_phenyl>,c1ccc(B(CCCN(C2CCCCC2)C2CCCCC2)c2ccccc2)cc1
N,cyclohexyl,cyclohexyl,C4,phenyl,phenyl,<LB_N><LB1_cyclohexyl><LB2_cyclohexyl><LINKER_C4><LA1_phenyl><LA2_phenyl>,c1ccc(B(CCCCN(C2CCCCC2)C2CCCCC2)c2ccccc2)cc1
N,cyclohexyl,cyclohexyl,C5,phenyl,phenyl,<LB_N><LB1_cyclohexyl><LB2_cyclohexyl><LINKER_C5><LA1_phenyl><LA2_phenyl>,c1ccc(B(CCCCCN(C2CCCCC2)C2CCCCC2)c2ccccc2)cc1
N,cyclohexyl,cyclohexyl,C6,phenyl,phenyl,<LB_N><LB1_cyclohexyl><LB2_cyclohexyl><LINKER_C6><LA1_phenyl><LA2_phenyl>,c1ccc(B(CCCCCCN(C2CCCCC2)C2CCCCC2)c2ccccc2)cc1
N,cyclohexyl,cyclohexyl,C1,phenyl,p_tolyl,<LB_N><LB1_cyclohexyl><LB2_cyclohexyl><LINKER_C1><LA1_phenyl><LA2_p_tolyl>,Cc1ccc(B(CN(C2CCCCC2)C2CCCCC2)c2ccccc2)cc1
N,cyclohexyl,cyclohexyl,C2,phenyl,p_tolyl,<LB_N><LB1_cyclohexyl><LB2_cyclohexyl><LINKER_C2><LA1_phenyl><LA2_p_tolyl>,Cc1ccc(B(CCN(C2CCCCC2)C2CCCCC2)c2ccccc2)cc1
N,cyclohexyl,cyclohexyl,C3,phenyl,p_tolyl,<LB_N><LB1_cyclohexyl><LB2_cyclohexyl><LINKER_C3><LA1_phenyl><LA2_p_tolyl>,Cc1ccc(B(CCCN(C2CCCCC2)C2CCCCC2)c2ccccc2)cc1
N,cyclohexyl,cyclohexyl,C4,phenyl,p_tolyl,<LB_N><LB1_cyclohexyl><LB2_cyclohexyl><LINKER_C4><LA1_phenyl><LA2_p_tolyl>,Cc1ccc(B(CCCCN(C2CCCCC2)C2CCCCC2)c2ccccc2)cc1
N,cyclohexyl,cyclohexyl,C5,phenyl,p_tolyl,<LB_N><LB1_cyclohexyl><LB2_cyclohexyl><LINKER_C5><LA1_phenyl><LA2_p_tolyl>,Cc1ccc(B(CCCCCN(C2CCCCC2)C2CCCCC2)c2ccccc2)cc1
N,cyclohexyl,cyclohexyl,C6,phenyl,p_tolyl,<LB_N><LB1_cyclohexyl><LB2_cyclohexyl><LINKER_C6><LA1_phenyl><LA2_p_tolyl>,Cc1ccc(B(CCCCCCN(C2CCCCC2)C2CCCCC2)c2ccccc2)cc1
N,cyclohexyl,cyclohexyl,C1,phenyl,mesityl,<LB_N><LB1_cyclohexyl><LB2_cyclohexyl><LINKER_C1><LA1_phenyl><LA2_mesityl>,Cc1cc(C)c(B(CN(C2CCCCC2)C2CCCCC2)c2ccccc2)c(C)c1
N,cyclohexyl,cyclohexyl,C2,phenyl,mesityl,<LB_N><LB1_cyclohexyl><LB2_cyclohexyl><LINKER_C2><LA1_phenyl><LA2_mesityl>,Cc1cc(C)c(B(CCN(C2CCCCC2)C2CCCCC2)c2ccccc2)c(C)c1
N,cyclohexyl,cyclohexyl,C3,phenyl,mesityl,<LB_N><LB1_cyclohexyl><LB2_cyclohexyl><LINKER_C3><LA1_phenyl><LA2_mesityl>,Cc1cc(C)c(B(CCCN(C2CCCCC2)C2CCCCC2)c2ccccc2)c(C)c1
N,cyclohexyl,cyclohexyl,C4,phenyl,mesityl,<LB_N><LB1_cyclohexyl><LB2_cyclohexyl><LINKER_C4><LA1_phenyl><LA2_mesityl>,Cc1cc(C)c(B(CCCCN(C2CCCCC2)C2CCCCC2)c2ccccc2)c(C)c1
N,cyclohexyl,cyclohexyl,C5,phenyl,mesityl,<LB_N><LB1_cyclohexyl><LB2_cyclohexyl><LINKER_C5><LA1_phenyl><LA2_mesityl>,Cc1cc(C)c(B(CCCCCN(C2CCCCC2)C2CCCCC2)c2ccccc2)c(C)c1
N,cyclohexyl,cyclohexyl,C6,phenyl,mesityl,<LB_N><LB1_cyclohexyl><LB2_cyclohexyl><LINKER_C6><LA1_phenyl><LA2_mesityl>,Cc1cc(C)c(B(CCCCCCN(C2CCCCC2)C2CCCCC2)c2ccccc2)c(C)c1
N,cyclohexyl,cyclohexyl,C1,phenyl,pentafluorophenyl,<LB_N><LB1_cyclohexyl><LB2_cyclohexyl><LINKER_C1><LA1_phenyl><LA2_pentafluorophenyl>,Fc1c(F)c(F)c(B(CN(C2CCCCC2)C2CCCCC2)c2ccccc2)c(F)c1F
N,cyclohexyl,cyclohexyl,C2,phenyl,pentafluorophenyl,<LB_N><LB1_cyclohexyl><LB2_cyclohexyl><LINKER_C2><LA1_phenyl><LA2_pentafluorophenyl>,Fc1c(F)c(F)c(B(CCN(C2CCCCC2)C2CCCCC2)c2ccccc2)c(F)c1F
N,cyclohexyl,cyclohexyl,C3,phenyl,pentafluorophenyl,<LB_N><LB1_cyclohexyl><LB2_cyclohexyl><LINKER_C3><LA1_phenyl><LA2_pentafluorophenyl>,Fc1c(F)c(F)c(B(CCCN(C2CCCCC2)C2CCCCC2)c2ccccc2)c(F)c1F
N,cyclohexyl,cyclohexyl,C4,phenyl,pentafluorophenyl,<LB_N><LB1_cyclohexyl><LB2_cyclohexyl><LINKER_C4><LA1_phenyl><LA2_pentafluorophenyl>,Fc1c(F)c(F)c(B(CCCCN(C2CCCCC2)C2CCCCC2)c2ccccc2)c(F)c1F
N,cyclohexyl,cyclohexyl,C5,phenyl,pentafluorophenyl,<LB_N><LB1_cyclohexyl><LB2_cyclohexyl><LINKER_C5><LA1_phenyl><LA2_pentafluorophenyl>,Fc1c(F)c(F)c(B(CCCCCN(C2CCCCC2)C2CCCCC2)c2ccccc2)c(F)c1F
N,cyclohexyl,cyclohexyl,C6,phenyl,pentafluorophenyl,<LB_N><LB1_cyclohexyl><LB2_cyclohexyl><LINKER_C6><LA1_phenyl><LA2_pentafluorophenyl>,Fc1c(F)c(F)c(B(CCCCCCN(C2CCCCC2)C2CCCCC2)c2ccccc2)c(F)c1F
N,cyclohexyl,cyclohexyl,C1,phenyl,pentachlorophenyl,<LB_N><LB1_cyclohexyl><LB2_cyclohexyl><LINKER_C1><LA1_phenyl><LA2_pentachlorophenyl>,Clc1c(Cl)c(Cl)c(B(CN(C2CCCCC2)C2CCCCC2)c2ccccc2)c(Cl)c1Cl
N,cyclohexyl,cyclohexyl,C2,phenyl,pentachlorophenyl,<LB_N><LB1_cyclohexyl><LB2_cyclohexyl><LINKER_C2><LA1_phenyl><LA2_pentachlorophenyl>,Clc1c(Cl)c(Cl)c(B(CCN(C2CCCCC2)C2CCCCC2)c2ccccc2)c(Cl)c1Cl
N,cyclohexyl,cyclohexyl,C3,phenyl,pentachlorophenyl,<LB_N><LB1_cyclohexyl><LB2_cyclohexyl><LINKER_C3><LA1_phenyl><LA2_pentachlorophenyl>,Clc1c(Cl)c(Cl)c(B(CCCN(C2CCCCC2)C2CCCCC2)c2ccccc2)c(Cl)c1Cl
N,cyclohexyl,cyclohexyl,C4,phenyl,pentachlorophenyl,<LB_N><LB1_cyclohexyl><LB2_cyclohexyl><LINKER_C4><LA1_phenyl><LA2_pentachlorophenyl>,Clc1c(Cl)c(Cl)c(B(CCCCN(C2CCCCC2)C2CCCCC2)c2ccccc2)c(Cl)c1Cl
N,cyclohexyl,cyclohexyl,C5,phenyl,pentachlorophenyl,<LB_N><LB1_cyclohexyl><LB2_cyclohexyl><LINKER_C5><LA1_phenyl><LA2_pentachlorophenyl>,Clc1c(Cl)c(Cl)c(B(CCCCCN(C2CCCCC2)C2CCCCC2)c2ccccc2)c(Cl)c1Cl
N,cyclohexyl,cyclohexyl,C6,phenyl,pentachlorophenyl,<LB_N><LB1_cyclohexyl><LB2_cyclohexyl><LINKER_C6><LA1_phenyl><LA2_pentachlorophenyl>,Clc1c(Cl)c(Cl)c(B(CCCCCCN(C2CCCCC2)C2CCCCC2)c2ccccc2)c(Cl)c1Cl
N,cyclohexyl,cyclohexyl,C1,phenyl,bis_cf3_phenyl,<LB_N><LB1_cyclohexyl><LB2_cyclohexyl><LINKER_C1><LA1_phenyl><LA2_bis_cf3_phenyl>,FC(F)(F)c1cc(B(CN(C2CCCCC2)C2CCCCC2)c2ccccc2)cc(C(F)(F)F)c1
N,cyclohexyl,cyclohexyl,C2,phenyl,bis_cf3_phenyl,<LB_N><LB1_cyclohexyl><LB2_cyclohexyl><LINKER_C2><LA1_phenyl><LA2_bis_cf3_phenyl>,FC(F)(F)c1cc(B(CCN(C2CCCCC2)C2CCCCC2)c2ccccc2)cc(C(F)(F)F)c1
N,cyclohexyl,cyclohexyl,C3,phenyl,bis_cf3_phenyl,<LB_N><LB1_cyclohexyl><LB2_cyclohexyl><LINKER_C3><LA1_phenyl><LA2_bis_cf3_phenyl>,FC(F)(F)c1cc(B(CCCN(C2CCCCC2)C2CCCCC2)c2ccccc2)cc(C(F)(F)F)c1
N,cyclohexyl,cyclohexyl,C4,phenyl,bis_cf3_phenyl,<LB_N><LB1_cyclohexyl><LB2_cyclohexyl><LINKER_C4><LA1_phenyl><LA2_bis_cf3_phenyl>,FC(F)(F)c1cc(B(CCCCN(C2CCCCC2)C2CCCCC2)c2ccccc2)cc(C(F)(F)F)c1
N,cyclohexyl,cyclohexyl,C5,phenyl,bis_cf3_phenyl,<LB_N><LB1_cyclohexyl><LB2_cyclohexyl><LINKER_C5><LA1_phenyl><LA2_bis_cf3_phenyl>,FC(F)(F)c1cc(B(CCCCCN(C2CCCCC2)C2CCCCC2)c2ccccc2)cc(C(F)(F)F)c1
N,cyclohexyl,cyclohexyl,C6,phenyl,bis_cf3_phenyl,<LB_N><LB1_cyclohexyl><LB2_cyclohexyl><LINKER_C6><LA1_phenyl><LA2_bis_cf3_phenyl>,FC(F)(F)c1cc(B(CCCCCCN(C2CCCCC2)C2CCCCC2)c2ccccc2)cc(C(F)(F)F)c1
N,cyclohexyl,cyclohexyl,C1,p_tolyl,p_tolyl,<LB_N><LB1_cyclohexyl><LB2_cyclohexyl><LINKER_C1><LA1_p_tolyl><LA2_p_tolyl>,Cc1ccc(B(CN(C2CCCCC2)C2CCCCC2)c2ccc(C)cc2)cc1
N,cyclohexyl,cyclohexyl,C2,p_tolyl,p_tolyl,<LB_N><LB1_cyclohexyl><LB2_cyclohexyl><LINKER_C2><LA1_p_tolyl><LA2_p_tolyl>,Cc1ccc(B(CCN(C2CCCCC2)C2CCCCC2)c2ccc(C)cc2)cc1
N,cyclohexyl,cyclohexyl,C3,p_tolyl,p_tolyl,<LB_N><LB1_cyclohexyl><LB2_cyclohexyl><LINKER_C3><LA1_p_tolyl><LA2_p_tolyl>,Cc1ccc(B(CCCN(C2CCCCC2)C2CCCCC2)c2ccc(C)cc2)cc1
N,cyclohexyl,cyclohexyl,C4,p_tolyl,p_tolyl,<LB_N><LB1_cyclohexyl><LB2_cyclohexyl><LINKER_C4><LA1_p_tolyl><LA2_p_tolyl>,Cc1ccc(B(CCCCN(C2CCCCC2)C2CCCCC2)c2ccc(C)cc2)cc1
N,cyclohexyl,cyclohexyl,C5,p_tolyl,p_tolyl,<LB_N><LB1_cyclohexyl><LB2_cyclohexyl><LINKER_C5><LA1_p_tolyl><LA2_p_tolyl>,Cc1ccc(B(CCCCCN(C2CCCCC2)C2CCCCC2)c2ccc(C)cc2)cc1
N,cyclohexyl,cyclohexyl,C6,p_tolyl,p_tolyl,<LB_N><LB1_cyclohexyl><LB2_cyclohexyl><LINKER_C6><LA1_p_tolyl><LA2_p_tolyl>,Cc1ccc(B(CCCCCCN(C2CCCCC2)C2CCCCC2)c2ccc(C)cc2)cc1
N,cyclohexyl,cyclohexyl,C1,p_tolyl,mesityl,<LB_N><LB1_cyclohexyl><LB2_cyclohexyl><LINKER_C1><LA1_p_tolyl><LA2_mesityl>,Cc1ccc(B(CN(C2CCCCC2)C2CCCCC2)c2c(C)cc(C)cc2C)cc1
N,cyclohexyl,cyclohexyl,C2,p_tolyl,mesityl,<LB_N><LB1_cyclohexyl><LB2_cyclohexyl><LINKER_C2><LA1_p_tolyl><LA2_mesityl>,Cc1ccc(B(CCN(C2CCCCC2)C2CCCCC2)c2c(C)cc(C)cc2C)cc1
N,cyclohexyl,cyclohexyl,C3,p_tolyl,mesityl,<LB_N><LB1_cyclohexyl><LB2_cyclohexyl><LINKER_C3><LA1_p_tolyl><LA2_mesityl>,Cc1ccc(B(CCCN(C2CCCCC2)C2CCCCC2)c2c(C)cc(C)cc2C)cc1
N,cyclohexyl,cyclohexyl,C4,p_tolyl,mesityl,<LB_N><LB1_cyclohexyl><LB2_cyclohexyl><LINKER_C4><LA1_p_tolyl><LA2_mesityl>,Cc1ccc(B(CCCCN(C2CCCCC2)C2CCCCC2)c2c(C)cc(C)cc2C)cc1
N,cyclohexyl,cyclohexyl,C5,p_tolyl,mesityl,<LB_N><LB1_cyclohexyl><LB2_cyclohexyl><LINKER_C5><LA1_p_tolyl><LA2_mesityl>,Cc1ccc(B(CCCCCN(C2CCCCC2)C2CCCCC2)c2c(C)cc(C)cc2C)cc1
N,cyclohexyl,cyclohexyl,C6,p_tolyl,mesityl,<LB_N><LB1_cyclohexyl><LB2_cyclohexyl><LINKER_C6><LA1_p_tolyl><LA2_mesityl>,Cc1ccc(B(CCCCCCN(C2CCCCC2)C2CCCCC2)c2c(C)cc(C)cc2C)cc1
N,cyclohexyl,cyclohexyl,C1,p_tolyl,pentafluorophenyl,<LB_N><LB1_cyclohexyl><LB2_cyclohexyl><LINKER_C1><LA1_p_tolyl><LA2_pentafluorophenyl>,Cc1ccc(B(CN(C2CCCCC2)C2CCCCC2)c2c(F)c(F)c(F)c(F)c2F)cc1
N,cyclohexyl,cyclohexyl,C2,p_tolyl,pentafluorophenyl,<LB_N><LB1_cyclohexyl><LB2_cyclohexyl><LINKER_C2><LA1_p_tolyl><LA2_pentafluorophenyl>,Cc1ccc(B(CCN(C2CCCCC2)C2CCCCC2)c2c(F)c(F)c(F)c(F)c2F)cc1
N,cyclohexyl,cyclohexyl,C3,p_tolyl,pentafluorophenyl,<LB_N><LB1_cyclohexyl><LB2_cyclohexyl><LINKER_C3><LA1_p_tolyl><LA2_pentafluorophenyl>,Cc1ccc(B(CCCN(C2CCCCC2)C2CCCCC2)c2c(F)c(F)c(F)c(F)c2F)cc1
N,cyclohexyl,cyclohexyl,C4,p_tolyl,pentafluorophenyl,<LB_N><LB1_cyclohexyl><LB2_cyclohexyl><LINKER_C4><LA1_p_tolyl><LA2_pentafluorophenyl>,Cc1ccc(B(CCCCN(C2CCCCC2)C2CCCCC2)c2c(F)c(F)c(F)c(F)c2F)cc1
N,cyclohexyl,cyclohexyl,C5,p_tolyl,pentafluorophenyl,<LB_N><LB1_cyclohexyl><LB2_cyclohexyl><LINKER_C5><LA1_p_tolyl><LA2_pentafluorophenyl>,Cc1ccc(B(CCCCCN(C2CCCCC2)C2CCCCC2)c2c(F)c(F)c(F)c(F)c2F)cc1
N,cyclohexyl,cyclohexyl,C6,p_tolyl,pentafluorophenyl,<LB_N><LB1_cyclohexyl><LB2_cyclohexyl><LINKER_C6><LA1_p_tolyl><LA2_pentafluorophenyl>,Cc1ccc(B(CCCCCCN(C2CCCCC2)C2CCCCC2)c2c(F)c(F)c(F)c(F)c2F)cc1
N,cyclohexyl,cyclohexyl,C1,p_tolyl,pentachlorophenyl,<LB_N><LB1_cyclohexyl><LB2_cyclohexyl><LINKER_C1><LA1_p_tolyl><LA2_pentachlorophenyl>,Cc1ccc(B(CN(C2CCCCC2)C2CCCCC2)c2c(Cl)c(Cl)c(Cl)c(Cl)c2Cl)cc1
N,cyclohexyl,cyclohexyl,C2,p_tolyl,pentachlorophenyl,<LB_N><LB1_cyclohexyl><LB2_cyclohexyl><LINKER_C2><LA1_p_tolyl><LA2_pentachlorophenyl>,Cc1ccc(B(CCN(C2CCCCC2)C2CCCCC2)c2c(Cl)c(Cl)c(Cl)c(Cl)c2Cl)cc1
N,cyclohexyl,cyclohexyl,C3,p_tolyl,pentachlorophenyl,<LB_N><LB1_cyclohexyl><LB2_cyclohexyl><LINKER_C3><LA1_p_tolyl><LA2_pentachlorophenyl>,Cc1ccc(B(CCCN(C2CCCCC2)C2CCCCC2)c2c(Cl)c(Cl)c(Cl)c(Cl)c2Cl)cc1
N,cyclohexyl,cyclohexyl,C4,p_tolyl,pentachlorophenyl,<LB_N><LB1_cyclohexyl><LB2_cyclohexyl><LINKER_C4><LA1_p_tolyl><LA2_pentachlorophenyl>,Cc1ccc(B(CCCCN(C2CCCCC2)C2CCCCC2)c2c(Cl)c(Cl)c(Cl)c(Cl)c2Cl)cc1
N,cyclohexyl,cyclohexyl,C5,p_tolyl,pentachlorophenyl,<LB_N><LB1_cyclohexyl><LB2_cyclohexyl><LINKER_C5><LA1_p_tolyl><LA2_pentachlorophenyl>,Cc1ccc(B(CCCCCN(C2CCCCC2)C2CCCCC2)c2c(Cl)c(Cl)c(Cl)c(Cl)c2Cl)cc1
N,cyclohexyl,cyclohexyl,C6,p_tolyl,pentachlorophenyl,<LB_N><LB1_cyclohexyl><LB2_cyclohexyl><LINKER_C6><LA1_p_tolyl><LA2_pentachlorophenyl>,Cc1ccc(B(CCCCCCN(C2CCCCC2)C2CCCCC2)c2c(Cl)c(Cl)c(Cl)c(Cl)c2Cl)cc1
N,cyclohexyl,cyclohexyl,C1,p_tolyl,bis_cf3_phenyl,<LB_N><LB1_cyclohexyl><LB2_cyclohexyl><LINKER_C1><LA1_p_tolyl><LA2_bis_cf3_phenyl>,Cc1ccc(B(CN(C2CCCCC2)C2CCCCC2)c2cc(C(F)(F)F)cc(C(F)(F)F)c2)cc1
N,cyclohexyl,cyclohexyl,C2,p_tolyl,bis_cf3_phenyl,<LB_N><LB1_cyclohexyl><LB2_cyclohexyl><LINKER_C2><LA1_p_tolyl><LA2_bis_cf3_phenyl>,Cc1ccc(B(CCN(C2CCCCC2)C2CCCCC2)c2cc(C(F)(F)F)cc(C(F)(F)F)c2)cc1
N,cyclohexyl,cyclohexyl,C3,p_tolyl,bis_cf3_phenyl,<LB_N><LB1_cyclohexyl><LB2_cyclohexyl><LINKER_C3><LA1_p_tolyl><LA2_bis_cf3_phenyl>,Cc1ccc(B(CCCN(C2CCCCC2)C2CCCCC2)c2cc(C(F)(F)F)cc(C(F)(F)F)c2)cc1
N,cyclohexyl,cyclohexyl,C4,p_tolyl,bis_cf3_phenyl,<LB_N><LB1_cyclohexyl><LB2_cyclohexyl><LINKER_C4><LA1_p_tolyl><LA2_bis_cf3_phenyl>,Cc1ccc(B(CCCCN(C2CCCCC2)C2CCCCC2)c2cc(C(F)(F)F)cc(C(F)(F)F)c2)cc1
N,cyclohexyl,cyclohexyl,C5,p_tolyl,bis_cf3_phenyl,<LB_N><LB1_cyclohexyl><LB2_cyclohexyl><LINKER_C5><LA1_p_tolyl><LA2_bis_cf3_phenyl>,Cc1ccc(B(CCCCCN(C2CCCCC2)C2CCCCC2)c2cc(C(F)(F)F)cc(C(F)(F)F)c2)cc1
N,cyclohexyl,cyclohexyl,C6,p_tolyl,bis_cf3_phenyl,<LB_N><LB1_cyclohexyl><LB2_cyclohexyl><LINKER_C6><LA1_p_tolyl><LA2_bis_cf3_phenyl>,Cc1ccc(B(CCCCCCN(C2CCCCC2)C2CCCCC2)c2cc(C(F)(F)F)cc(C(F)(F)F)c2)cc1
N,cyclohexyl,cyclohexyl,C1,mesityl,mesityl,<LB_N><LB1_cyclohexyl><LB2_cyclohexyl><LINKER_C1><LA1_mesityl><LA2_mesityl>,Cc1cc(C)c(B(CN(C2CCCCC2)C2CCCCC2)c2c(C)cc(C)cc2C)c(C)c1
N,cyclohexyl,cyclohexyl,C2,mesityl,mesityl,<LB_N><LB1_cyclohexyl><LB2_cyclohexyl><LINKER_C2><LA1_mesityl><LA2_mesityl>,Cc1cc(C)c(B(CCN(C2CCCCC2)C2CCCCC2)c2c(C)cc(C)cc2C)c(C)c1
N,cyclohexyl,cyclohexyl,C3,mesityl,mesityl,<LB_N><LB1_cyclohexyl><LB2_cyclohexyl><LINKER_C3><LA1_mesityl><LA2_mesityl>,Cc1cc(C)c(B(CCCN(C2CCCCC2)C2CCCCC2)c2c(C)cc(C)cc2C)c(C)c1
N,cyclohexyl,cyclohexyl,C4,mesityl,mesityl,<LB_N><LB1_cyclohexyl><LB2_cyclohexyl><LINKER_C4><LA1_mesityl><LA2_mesityl>,Cc1cc(C)c(B(CCCCN(C2CCCCC2)C2CCCCC2)c2c(C)cc(C)cc2C)c(C)c1
N,cyclohexyl,cyclohexyl,C5,mesityl,mesityl,<LB_N><LB1_cyclohexyl><LB2_cyclohexyl><LINKER_C5><LA1_mesityl><LA2_mesityl>,Cc1cc(C)c(B(CCCCCN(C2CCCCC2)C2CCCCC2)c2c(C)cc(C)cc2C)c(C)c1
N,cyclohexyl,cyclohexyl,C6,mesityl,mesityl,<LB_N><LB1_cyclohexyl><LB2_cyclohexyl><LINKER_C6><LA1_mesityl><LA2_mesityl>,Cc1cc(C)c(B(CCCCCCN(C2CCCCC2)C2CCCCC2)c2c(C)cc(C)cc2C)c(C)c1
N,cyclohexyl,cyclohexyl,C1,mesityl,pentafluorophenyl,<LB_N><LB1_cyclohexyl><LB2_cyclohexyl><LINKER_C1><LA1_mesityl><LA2_pentafluorophenyl>,Cc1cc(C)c(B(CN(C2CCCCC2)C2CCCCC2)c2c(F)c(F)c(F)c(F)c2F)c(C)c1
N,cyclohexyl,cyclohexyl,C2,mesityl,pentafluorophenyl,<LB_N><LB1_cyclohexyl><LB2_cyclohexyl><LINKER_C2><LA1_mesityl><LA2_pentafluorophenyl>,Cc1cc(C)c(B(CCN(C2CCCCC2)C2CCCCC2)c2c(F)c(F)c(F)c(F)c2F)c(C)c1
N,cyclohexyl,cyclohexyl,C3,mesityl,pentafluorophenyl,<LB_N><LB1_cyclohexyl><LB2_cyclohexyl><LINKER_C3><LA1_mesityl><LA2_pentafluorophenyl>,Cc1cc(C)c(B(CCCN(C2CCCCC2)C2CCCCC2)c2c(F)c(F)c(F)c(F)c2F)c(C)c1
N,cyclohexyl,cyclohexyl,C4,mesityl,pentafluorophenyl,<LB_N><LB1_cyclohexyl><LB2_cyclohexyl><LINKER_C4><LA1_mesityl><LA2_pentafluorophenyl>,Cc1cc(C)c(B(CCCCN(C2CCCCC2)C2CCCCC2)c2c(F)c(F)c(F)c(F)c2F)c(C)c1
N,cyclohexyl,cyclohexyl,C5,mesityl,pentafluorophenyl,<LB_N><LB1_cyclohexyl><LB2_cyclohexyl><LINKER_C5><LA1_mesityl><LA2_pentafluorophenyl>,Cc1cc(C)c(B(CCCCCN(C2CCCCC2)C2CCCCC2)c2c(F)c(F)c(F)c(F)c2F)c(C)c1
N,cyclohexyl,cyclohexyl,C6,mesityl,pentafluorophenyl,<LB_N><LB1_cyclohexyl><LB2_cyclohexyl><LINKER_C6><LA1_mesityl><LA2_pentafluorophenyl>,Cc1cc(C)c(B(CCCCCCN(C2CCCCC2)C2CCCCC2)c2c(F)c(F)c(F)c(F)c2F)c(C)c1
N,cyclohexyl,cyclohexyl,C1,mesityl,pentachlorophenyl,<LB_N><LB1_cyclohexyl><LB2_cyclohexyl><LINKER_C1><LA1_mesityl><LA2_pentachlorophenyl>,Cc1cc(C)c(B(CN(C2CCCCC2)C2CCCCC2)c2c(Cl)c(Cl)c(Cl)c(Cl)c2Cl)c(C)c1
N,cyclohexyl,cyclohexyl,C2,mesityl,pentachlorophenyl,<LB_N><LB1_cyclohexyl><LB2_cyclohexyl><LINKER_C2><LA1_mesityl><LA2_pentachlorophenyl>,Cc1cc(C)c(B(CCN(C2CCCCC2)C2CCCCC2)c2c(Cl)c(Cl)c(Cl)c(Cl)c2Cl)c(C)c1
N,cyclohexyl,cyclohexyl,C3,mesityl,pentachlorophenyl,<LB_N><LB1_cyclohexyl><LB2_cyclohexyl><LINKER_C3><LA1_mesityl><LA2_pentachlorophenyl>,Cc1cc(C)c(B(CCCN(C2CCCCC2)C2CCCCC2)c2c(Cl)c(Cl)c(Cl)c(Cl)c2Cl)c(C)c1
N,cyclohexyl,cyclohexyl,C4,mesityl,pentachlorophenyl,<LB_N><LB1_cyclohexyl><LB2_cyclohexyl><LINKER_C4><LA1_mesityl><LA2_pentachlorophenyl>,Cc1cc(C)c(B(CCCCN(C2CCCCC2)C2CCCCC2)c2c(Cl)c(Cl)c(Cl)c(Cl)c2Cl)c(C)c1
N,cyclohexyl,cyclohexyl,C5,mesityl,pentachlorophenyl,<LB_N><LB1_cyclohexyl><LB2_cyclohexyl><LINKER_C5><LA1_mesityl><LA2_pentachlorophenyl>,Cc1cc(C)c(B(CCCCCN(C2CCCCC2)C2CCCCC2)c2c(Cl)c(Cl)c(Cl)c(Cl)c2Cl)c(C)c1
N,cyclohexyl,cyclohexyl,C6,mesityl,pentachlorophenyl,<LB_N><LB1_cyclohexyl><LB2_cyclohexyl><LINKER_C6><LA1_mesityl><LA2_pentachlorophenyl>,Cc1cc(C)c(B(CCCCCCN(C2CCCCC2)C2CCCCC2)c2c(Cl)c(Cl)c(Cl)c(Cl)c2Cl)c(C)c1
N,cyclohexyl,cyclohexyl,C1,mesityl,bis_cf3_phenyl,<LB_N><LB1_cyclohexyl><LB2_cyclohexyl><LINKER_C1><LA1_mesityl><LA2_bis_cf3_phenyl>,Cc1cc(C)c(B(CN(C2CCCCC2)C2CCCCC2)c2cc(C(F)(F)F)cc(C(F)(F)F)c2)c(C)c1
N,cyclohexyl,cyclohexyl,C2,mesityl,bis_cf3_phenyl,<LB_N><LB1_cyclohexyl><LB2_cyclohexyl><LINKER_C2><LA1_mesityl><LA2_bis_cf3_phenyl>,Cc1cc(C)c(B(CCN(C2CCCCC2)C2CCCCC2)c2cc(C(F)(F)F)cc(C(F)(F)F)c2)c(C)c1
N,cyclohexyl,cyclohexyl,C3,mesityl,bis_cf3_phenyl,<LB_N><LB1_cyclohexyl><LB2_cyclohexyl><LINKER_C3><LA1_mesityl><LA2_bis_cf3_phenyl>,Cc1cc(C)c(B(CCCN(C2CCCCC2)C2CCCCC2)c2cc(C(F)(F)F)cc(C(F)(F)F)c2)c(C)c1
N,cyclohexyl,cyclohexyl,C4,mesityl,bis_cf3_phenyl,<LB_N><LB1_cyclohexyl><LB2_cyclohexyl><LINKER_C4><LA1_mesityl><LA2_bis_cf3_phenyl>,Cc1cc(C)c(B(CCCCN(C2CCCCC2)C2CCCCC2)c2cc(C(F)(F)F)cc(C(F)(F)F)c2)c(C)c1
N,cyclohexyl,cyclohexyl,C5,mesityl,bis_cf3_phenyl,<LB_N><LB1_cyclohexyl><LB2_cyclohexyl><LINKER_C5><LA1_mesityl><LA2_bis_cf3_phenyl>,Cc1cc(C)c(B(CCCCCN(C2CCCCC2)C2CCCCC2)c2cc(C(F)(F)F)cc(C(F)(F)F)c2)c(C)c1
N,cyclohexyl,cyclohexyl,C6,mesityl,bis_cf3_phenyl,<LB_N><LB1_cyclohexyl><LB2_cyclohexyl><LINKER_C6><LA1_mesityl><LA2_bis_cf3_phenyl>,Cc1cc(C)c(B(CCCCCCN(C2CCCCC2)C2CCCCC2)c2cc(C(F)(F)F)cc(C(F)(F)F)c2)c(C)c1
N,cyclohexyl,cyclohexyl,C1,pentafluorophenyl,pentafluorophenyl,<LB_N><LB1_cyclohexyl><LB2_cyclohexyl><LINKER_C1><LA1_pentafluorophenyl><LA2_pentafluorophenyl>,Fc1c(F)c(F)c(B(CN(C2CCCCC2)C2CCCCC2)c2c(F)c(F)c(F)c(F)c2F)c(F)c1F
N,cyclohexyl,cyclohexyl,C2,pentafluorophenyl,pentafluorophenyl,<LB_N><LB1_cyclohexyl><LB2_cyclohexyl><LINKER_C2><LA1_pentafluorophenyl><LA2_pentafluorophenyl>,Fc1c(F)c(F)c(B(CCN(C2CCCCC2)C2CCCCC2)c2c(F)c(F)c(F)c(F)c2F)c(F)c1F
N,cyclohexyl,cyclohexyl,C3,pentafluorophenyl,pentafluorophenyl,<LB_N><LB1_cyclohexyl><LB2_cyclohexyl><LINKER_C3><LA1_pentafluorophenyl><LA2_pentafluorophenyl>,Fc1c(F)c(F)c(B(CCCN(C2CCCCC2)C2CCCCC2)c2c(F)c(F)c(F)c(F)c2F)c(F)c1F
N,cyclohexyl,cyclohexyl,C4,pentafluorophenyl,pentafluorophenyl,<LB_N><LB1_cyclohexyl><LB2_cyclohexyl><LINKER_C4><LA1_pentafluorophenyl><LA2_pentafluorophenyl>,Fc1c(F)c(F)c(B(CCCCN(C2CCCCC2)C2CCCCC2)c2c(F)c(F)c(F)c(F)c2F)c(F)c1F
N,cyclohexyl,cyclohexyl,C5,pentafluorophenyl,pentafluorophenyl,<LB_N><LB1_cyclohexyl><LB2_cyclohexyl><LINKER_C5><LA1_pentafluorophenyl><LA2_pentafluorophenyl>,Fc1c(F)c(F)c(B(CCCCCN(C2CCCCC2)C2CCCCC2)c2c(F)c(F)c(F)c(F)c2F)c(F)c1F
N,cyclohexyl,cyclohexyl,C6,pentafluorophenyl,pentafluorophenyl,<LB_N><LB1_cyclohexyl><LB2_cyclohexyl><LINKER_C6><LA1_pentafluorophenyl><LA2_pentafluorophenyl>,Fc1c(F)c(F)c(B(CCCCCCN(C2CCCCC2)C2CCCCC2)c2c(F)c(F)c(F)c(F)c2F)c(F)c1F
N,cyclohexyl,cyclohexyl,C1,pentafluorophenyl,pentachlorophenyl,<LB_N><LB1_cyclohexyl><LB2_cyclohexyl><LINKER_C1><LA1_pentafluorophenyl><LA2_pentachlorophenyl>,Fc1c(F)c(F)c(B(CN(C2CCCCC2)C2CCCCC2)c2c(Cl)c(Cl)c(Cl)c(Cl)c2Cl)c(F)c1F
N,cyclohexyl,cyclohexyl,C2,pentafluorophenyl,pentachlorophenyl,<LB_N><LB1_cyclohexyl><LB2_cyclohexyl><LINKER_C2><LA1_pentafluorophenyl><LA2_pentachlorophenyl>,Fc1c(F)c(F)c(B(CCN(C2CCCCC2)C2CCCCC2)c2c(Cl)c(Cl)c(Cl)c(Cl)c2Cl)c(F)c1F
N,cyclohexyl,cyclohexyl,C3,pentafluorophenyl,pentachlorophenyl,<LB_N><LB1_cyclohexyl><LB2_cyclohexyl><LINKER_C3><LA1_pentafluorophenyl><LA2_pentachlorophenyl>,Fc1c(F)c(F)c(B(CCCN(C2CCCCC2)C2CCCCC2)c2c(Cl)c(Cl)c(Cl)c(Cl)c2Cl)c(F)c1F
N,cyclohexyl,cyclohexyl,C4,pentafluorophenyl,pentachlorophenyl,<LB_N><LB1_cyclohexyl><LB2_cyclohexyl><LINKER_C4><LA1_pentafluorophenyl><LA2_pentachlorophenyl>,Fc1c(F)c(F)c(B(CCCCN(C2CCCCC2)C2CCCCC2)c2c(Cl)c(Cl)c(Cl)c(Cl)c2Cl)c(F)c1F
N,cyclohexyl,cyclohexyl,C5,pentafluorophenyl,pentachlorophenyl,<LB_N><LB1_cyclohexyl><LB2_cyclohexyl><LINKER_C5><LA1_pentafluorophenyl><LA2_pentachlorophenyl>,Fc1c(F)c(F)c(B(CCCCCN(C2CCCCC2)C2CCCCC2)c2c(Cl)c(Cl)c(Cl)c(Cl)c2Cl)c(F)c1F
N,cyclohexyl,cyclohexyl,C6,pentafluorophenyl,pentachlorophenyl,<LB_N><LB1_cyclohexyl><LB2_cyclohexyl><LINKER_C6><LA1_pentafluorophenyl><LA2_pentachlorophenyl>,Fc1c(F)c(F)c(B(CCCCCCN(C2CCCCC2)C2CCCCC2)c2c(Cl)c(Cl)c(Cl)c(Cl)c2Cl)c(F)c1F
N,cyclohexyl,cyclohexyl,C1,pentafluorophenyl,bis_cf3_phenyl,<LB_N><LB1_cyclohexyl><LB2_cyclohexyl><LINKER_C1><LA1_pentafluorophenyl><LA2_bis_cf3_phenyl>,Fc1c(F)c(F)c(B(CN(C2CCCCC2)C2CCCCC2)c2cc(C(F)(F)F)cc(C(F)(F)F)c2)c(F)c1F
N,cyclohexyl,cyclohexyl,C2,pentafluorophenyl,bis_cf3_phenyl,<LB_N><LB1_cyclohexyl><LB2_cyclohexyl><LINKER_C2><LA1_pentafluorophenyl><LA2_bis_cf3_phenyl>,Fc1c(F)c(F)c(B(CCN(C2CCCCC2)C2CCCCC2)c2cc(C(F)(F)F)cc(C(F)(F)F)c2)c(F)c1F
N,cyclohexyl,cyclohexyl,C3,pentafluorophenyl,bis_cf3_phenyl,<LB_N><LB1_cyclohexyl><LB2_cyclohexyl><LINKER_C3><LA1_pentafluorophenyl><LA2_bis_cf3_phenyl>,Fc1c(F)c(F)c(B(CCCN(C2CCCCC2)C2CCCCC2)c2cc(C(F)(F)F)cc(C(F)(F)F)c2)c(F)c1F
N,cyclohexyl,cyclohexyl,C4,pentafluorophenyl,bis_cf3_phenyl,<LB_N><LB1_cyclohexyl><LB2_cyclohexyl><LINKER_C4><LA1_pentafluorophenyl><LA2_bis_cf3_phenyl>,Fc1c(F)c(F)c(B(CCCCN(C2CCCCC2)C2CCCCC2)c2cc(C(F)(F)F)cc(C(F)(F)F)c2)c(F)c1F
N,cyclohexyl,cyclohexyl,C5,pentafluorophenyl,bis_cf3_phenyl,<LB_N><LB1_cyclohexyl><LB2_cyclohexyl><LINKER_C5><LA1_pentafluorophenyl><LA2_bis_cf3_phenyl>,Fc1c(F)c(F)c(B(CCCCCN(C2CCCCC2)C2CCCCC2)c2cc(C(F)(F)F)cc(C(F)(F)F)c2)c(F)c1F
N,cyclohexyl,cyclohexyl,C6,pentafluorophenyl,bis_cf3_phenyl,<LB_N><LB1_cyclohexyl><LB2_cyclohexyl><LINKER_C6><LA1_pentafluorophenyl><LA2_bis_cf3_phenyl>,Fc1c(F)c(F)c(B(CCCCCCN(C2CCCCC2)C2CCCCC2)c2cc(C(F)(F)F)cc(C(F)(F)F)c2)c(F)c1F
N,cyclohexyl,cyclohexyl,C1,pentachlorophenyl,pentachlorophenyl,<LB_N><LB1_cyclohexyl><LB2_cyclohexyl><LINKER_C1><LA1_pentachlorophenyl><LA2_pentachlorophenyl>,Clc1c(Cl)c(Cl)c(B(CN(C2CCCCC2)C2CCCCC2)c2c(Cl)c(Cl)c(Cl)c(Cl)c2Cl)c(Cl)c1Cl
N,cyclohexyl,cyclohexyl,C2,pentachlorophenyl,pentachlorophenyl,<LB_N><LB1_cyclohexyl><LB2_cyclohexyl><LINKER_C2><LA1_pentachlorophenyl><LA2_pentachlorophenyl>,Clc1c(Cl)c(Cl)c(B(CCN(C2CCCCC2)C2CCCCC2)c2c(Cl)c(Cl)c(Cl)c(Cl)c2Cl)c(Cl)c1Cl
N,cyclohexyl,cyclohexyl,C3,pentachlorophenyl,pentachlorophenyl,<LB_N><LB1_cyclohexyl><LB2_cyclohexyl><LINKER_C3><LA1_pentachlorophenyl><LA2_pentachlorophenyl>,Clc1c(Cl)c(Cl)c(B(CCCN(C2CCCCC2)C2CCCCC2)c2c(Cl)c(Cl)c(Cl)c(Cl)c2Cl)c(Cl)c1Cl
N,cyclohexyl,cyclohexyl,C4,pentachlorophenyl,pentachlorophenyl,<LB_N><LB1_cyclohexyl><LB2_cyclohexyl><LINKER_C4><LA1_pentachlorophenyl><LA2_pentachlorophenyl>,Clc1c(Cl)c(Cl)c(B(CCCCN(C2CCCCC2)C2CCCCC2)c2c(Cl)c(Cl)c(Cl)c(Cl)c2Cl)c(Cl)c1Cl
N,cyclohexyl,cyclohexyl,C5,pentachlorophenyl,pentachlorophenyl,<LB_N><LB1_cyclohexyl><LB2_cyclohexyl><LINKER_C5><LA1_pentachlorophenyl><LA2_pentachlorophenyl>,Clc1c(Cl)c(Cl)c(B(CCCCCN(C2CCCCC2)C2CCCCC2)c2c(Cl)c(Cl)c(Cl)c(Cl)c2Cl)c(Cl)c1Cl
N,cyclohexyl,cyclohexyl,C6,pentachlorophenyl,pentachlorophenyl,<LB_N><LB1_cyclohexyl><LB2_cyclohexyl><LINKER_C6><LA1_pentachlorophenyl><LA2_pentachlorophenyl>,Clc1c(Cl)c(Cl)c(B(CCCCCCN(C2CCCCC2)C2CCCCC2)c2c(Cl)c(Cl)c(Cl)c(Cl)c2Cl)c(Cl)c1Cl
N,cyclohexyl,cyclohexyl,C1,pentachlorophenyl,bis_cf3_phenyl,<LB_N><LB1_cyclohexyl><LB2_cyclohexyl><LINKER_C1><LA1_pentachlorophenyl><LA2_bis_cf3_phenyl>,FC(F)(F)c1cc(B(CN(C2CCCCC2)C2CCCCC2)c2c(Cl)c(Cl)c(Cl)c(Cl)c2Cl)cc(C(F)(F)F)c1
N,cyclohexyl,cyclohexyl,C2,pentachlorophenyl,bis_cf3_phenyl,<LB_N><LB1_cyclohexyl><LB2_cyclohexyl><LINKER_C2><LA1_pentachlorophenyl><LA2_bis_cf3_phenyl>,FC(F)(F)c1cc(B(CCN(C2CCCCC2)C2CCCCC2)c2c(Cl)c(Cl)c(Cl)c(Cl)c2Cl)cc(C(F)(F)F)c1
N,cyclohexyl,cyclohexyl,C3,pentachlorophenyl,bis_cf3_phenyl,<LB_N><LB1_cyclohexyl><LB2_cyclohexyl><LINKER_C3><LA1_pentachlorophenyl><LA2_bis_cf3_phenyl>,FC(F)(F)c1cc(B(CCCN(C2CCCCC2)C2CCCCC2)c2c(Cl)c(Cl)c(Cl)c(Cl)c2Cl)cc(C(F)(F)F)c1
N,cyclohexyl,cyclohexyl,C4,pentachlorophenyl,bis_cf3_phenyl,<LB_N><LB1_cyclohexyl><LB2_cyclohexyl><LINKER_C4><LA1_pentachlorophenyl><LA2_bis_cf3_phenyl>,FC(F)(F)c1cc(B(CCCCN(C2CCCCC2)C2CCCCC2)c2c(Cl)c(Cl)c(Cl)c(Cl)c2Cl)cc(C(F)(F)F)c1
N,cyclohexyl,cyclohexyl,C5,pentachlorophenyl,bis_cf3_phenyl,<LB_N><LB1_cyclohexyl><LB2_cyclohexyl><LINKER_C5><LA1_pentachlorophenyl><LA2_bis_cf3_phenyl>,FC(F)(F)c1cc(B(CCCCCN(C2CCCCC2)C2CCCCC2)c2c(Cl)c(Cl)c(Cl)c(Cl)c2Cl)cc(C(F)(F)F)c1
N,cyclohexyl,cyclohexyl,C6,pentachlorophenyl,bis_cf3_phenyl,<LB_N><LB1_cyclohexyl><LB2_cyclohexyl><LINKER_C6><LA1_pentachlorophenyl><LA2_bis_cf3_phenyl>,FC(F)(F)c1cc(B(CCCCCCN(C2CCCCC2)C2CCCCC2)c2c(Cl)c(Cl)c(Cl)c(Cl)c2Cl)cc(C(F)(F)F)c1
N,cyclohexyl,cyclohexyl,C1,bis_cf3_phenyl,bis_cf3_phenyl,<LB_N><LB1_cyclohexyl><LB2_cyclohexyl><LINKER_C1><LA1_bis_cf3_phenyl><LA2_bis_cf3_phenyl>,FC(F)(F)c1cc(B(CN(C2CCCCC2)C2CCCCC2)c2cc(C(F)(F)F)cc(C(F)(F)F)c2)cc(C(F)(F)F)c1
N,cyclohexyl,cyclohexyl,C2,bis_cf3_phenyl,bis_cf3_phenyl,<LB_N><LB1_cyclohexyl><LB2_cyclohexyl><LINKER_C2><LA1_bis_cf3_phenyl><LA2_bis_cf3_phenyl>,FC(F)(F)c1cc(B(CCN(C2CCCCC2)C2CCCCC2)c2cc(C(F)(F)F)cc(C(F)(F)F)c2)cc(C(F)(F)F)c1
N,cyclohexyl,cyclohexyl,C3,bis_cf3_phenyl,bis_cf3_phenyl,<LB_N><LB1_cyclohexyl><LB2_cyclohexyl><LINKER_C3><LA1_bis_cf3_phenyl><LA2_bis_cf3_phenyl>,FC(F)(F)c1cc(B(CCCN(C2CCCCC2)C2CCCCC2)c2cc(C(F)(F)F)cc(C(F)(F)F)c2)cc(C(F)(F)F)c1
N,cyclohexyl,cyclohexyl,C4,bis_cf3_phenyl,bis_cf3_phenyl,<LB_N><LB1_cyclohexyl><LB2_cyclohexyl><LINKER_C4><LA1_bis_cf3_phenyl><LA2_bis_cf3_phenyl>,FC(F)(F)c1cc(B(CCCCN(C2CCCCC2)C2CCCCC2)c2cc(C(F)(F)F)cc(C(F)(F)F)c2)cc(C(F)(F)F)c1
N,cyclohexyl,cyclohexyl,C5,bis_cf3_phenyl,bis_cf3_phenyl,<LB_N><LB1_cyclohexyl><LB2_cyclohexyl><LINKER_C5><LA1_bis_cf3_phenyl><LA2_bis_cf3_phenyl>,FC(F)(F)c1cc(B(CCCCCN(C2CCCCC2)C2CCCCC2)c2cc(C(F)(F)F)cc(C(F)(F)F)c2)cc(C(F)(F)F)c1
N,cyclohexyl,cyclohexyl,C6,bis_cf3_phenyl,bis_cf3_phenyl,<LB_N><LB1_cyclohexyl><LB2_cyclohexyl><LINKER_C6><LA1_bis_cf3_phenyl><LA2_bis_cf3_phenyl>,FC(F)(F)c1cc(B(CCCCCCN(C2CCCCC2)C2CCCCC2)c2cc(C(F)(F)F)cc(C(F)(F)F)c2)cc(C(F)(F)F)c1
N,cyclohexyl,phenyl,C1,phenyl,phenyl,<LB_N><LB1_cyclohexyl><LB2_phenyl><LINKER_C1><LA1_phenyl><LA2_phenyl>,c1ccc(B(CN(c2ccccc2)C2CCCCC2)c2ccccc2)cc1
N,cyclohexyl,phenyl,C2,phenyl,phenyl,<LB_N><LB1_cyclohexyl><LB2_phenyl><LINKER_C2><LA1_phenyl><LA2_phenyl>,c1ccc(B(CCN(c2ccccc2)C2CCCCC2)c2ccccc2)cc1
N,cyclohexyl,phenyl,C3,phenyl,phenyl,<LB_N><LB1_cyclohexyl><LB2_phenyl><LINKER_C3><LA1_phenyl><LA2_phenyl>,c1ccc(B(CCCN(c2ccccc2)C2CCCCC2)c2ccccc2)cc1
N,cyclohexyl,phenyl,C4,phenyl,phenyl,<LB_N><LB1_cyclohexyl><LB2_phenyl><LINKER_C4><LA1_phenyl><LA2_phenyl>,c1ccc(B(CCCCN(c2ccccc2)C2CCCCC2)c2ccccc2)cc1
N,cyclohexyl,phenyl,C5,phenyl,phenyl,<LB_N><LB1_cyclohexyl><LB2_phenyl><LINKER_C5><LA1_phenyl><LA2_phenyl>,c1ccc(B(CCCCCN(c2ccccc2)C2CCCCC2)c2ccccc2)cc1
N,cyclohexyl,phenyl,C6,phenyl,phenyl,<LB_N><LB1_cyclohexyl><LB2_phenyl><LINKER_C6><LA1_phenyl><LA2_phenyl>,c1ccc(B(CCCCCCN(c2ccccc2)C2CCCCC2)c2ccccc2)cc1
N,cyclohexyl,phenyl,C1,phenyl,p_tolyl,<LB_N><LB1_cyclohexyl><LB2_phenyl><LINKER_C1><LA1_phenyl><LA2_p_tolyl>,Cc1ccc(B(CN(c2ccccc2)C2CCCCC2)c2ccccc2)cc1
N,cyclohexyl,phenyl,C2,phenyl,p_tolyl,<LB_N><LB1_cyclohexyl><LB2_phenyl><LINKER_C2><LA1_phenyl><LA2_p_tolyl>,Cc1ccc(B(CCN(c2ccccc2)C2CCCCC2)c2ccccc2)cc1
N,cyclohexyl,phenyl,C3,phenyl,p_tolyl,<LB_N><LB1_cyclohexyl><LB2_phenyl><LINKER_C3><LA1_phenyl><LA2_p_tolyl>,Cc1ccc(B(CCCN(c2ccccc2)C2CCCCC2)c2ccccc2)cc1
N,cyclohexyl,phenyl,C4,phenyl,p_tolyl,<LB_N><LB1_cyclohexyl><LB2_phenyl><LINKER_C4><LA1_phenyl><LA2_p_tolyl>,Cc1ccc(B(CCCCN(c2ccccc2)C2CCCCC2)c2ccccc2)cc1
N,cyclohexyl,phenyl,C5,phenyl,p_tolyl,<LB_N><LB1_cyclohexyl><LB2_phenyl><LINKER_C5><LA1_phenyl><LA2_p_tolyl>,Cc1ccc(B(CCCCCN(c2ccccc2)C2CCCCC2)c2ccccc2)cc1
N,cyclohexyl,phenyl,C6,phenyl,p_tolyl,<LB_N><LB1_cyclohexyl><LB2_phenyl><LINKER_C6><LA1_phenyl><LA2_p_tolyl>,Cc1ccc(B(CCCCCCN(c2ccccc2)C2CCCCC2)c2ccccc2)cc1
N,cyclohexyl,phenyl,C1,phenyl,mesityl,<LB_N><LB1_cyclohexyl><LB2_phenyl><LINKER_C1><LA1_phenyl><LA2_mesityl>,Cc1cc(C)c(B(CN(c2ccccc2)C2CCCCC2)c2ccccc2)c(C)c1
N,cyclohexyl,phenyl,C2,phenyl,mesityl,<LB_N><LB1_cyclohexyl><LB2_phenyl><LINKER_C2><LA1_phenyl><LA2_mesityl>,Cc1cc(C)c(B(CCN(c2ccccc2)C2CCCCC2)c2ccccc2)c(C)c1
N,cyclohexyl,phenyl,C3,phenyl,mesityl,<LB_N><LB1_cyclohexyl><LB2_phenyl><LINKER_C3><LA1_phenyl><LA2_mesityl>,Cc1cc(C)c(B(CCCN(c2ccccc2)C2CCCCC2)c2ccccc2)c(C)c1
N,cyclohexyl,phenyl,C4,phenyl,mesityl,<LB_N><LB1_cyclohexyl><LB2_phenyl><LINKER_C4><LA1_phenyl><LA2_mesityl>,Cc1cc(C)c(B(CCCCN(c2ccccc2)C2CCCCC2)c2ccccc2)c(C)c1
N,cyclohexyl,phenyl,C5,phenyl,mesityl,<LB_N><LB1_cyclohexyl><LB2_phenyl><LINKER_C5><LA1_phenyl><LA2_mesityl>,Cc1cc(C)c(B(CCCCCN(c2ccccc2)C2CCCCC2)c2ccccc2)c(C)c1
N,cyclohexyl,phenyl,C6,phenyl,mesityl,<LB_N><LB1_cyclohexyl><LB2_phenyl><LINKER_C6><LA1_phenyl><LA2_mesityl>,Cc1cc(C)c(B(CCCCCCN(c2ccccc2)C2CCCCC2)c2ccccc2)c(C)c1
N,cyclohexyl,phenyl,C1,phenyl,pentafluorophenyl,<LB_N><LB1_cyclohexyl><LB2_phenyl><LINKER_C1><LA1_phenyl><LA2_pentafluorophenyl>,Fc1c(F)c(F)c(B(CN(c2ccccc2)C2CCCCC2)c2ccccc2)c(F)c1F
N,cyclohexyl,phenyl,C2,phenyl,pentafluorophenyl,<LB_N><LB1_cyclohexyl><LB2_phenyl><LINKER_C2><LA1_phenyl><LA2_pentafluorophenyl>,Fc1c(F)c(F)c(B(CCN(c2ccccc2)C2CCCCC2)c2ccccc2)c(F)c1F
N,cyclohexyl,phenyl,C3,phenyl,pentafluorophenyl,<LB_N><LB1_cyclohexyl><LB2_phenyl><LINKER_C3><LA1_phenyl><LA2_pentafluorophenyl>,Fc1c(F)c(F)c(B(CCCN(c2ccccc2)C2CCCCC2)c2ccccc2)c(F)c1F
N,cyclohexyl,phenyl,C4,phenyl,pentafluorophenyl,<LB_N><LB1_cyclohexyl><LB2_phenyl><LINKER_C4><LA1_phenyl><LA2_pentafluorophenyl>,Fc1c(F)c(F)c(B(CCCCN(c2ccccc2)C2CCCCC2)c2ccccc2)c(F)c1F
N,cyclohexyl,phenyl,C5,phenyl,pentafluorophenyl,<LB_N><LB1_cyclohexyl><LB2_phenyl><LINKER_C5><LA1_phenyl><LA2_pentafluorophenyl>,Fc1c(F)c(F)c(B(CCCCCN(c2ccccc2)C2CCCCC2)c2ccccc2)c(F)c1F
N,cyclohexyl,phenyl,C6,phenyl,pentafluorophenyl,<LB_N><LB1_cyclohexyl><LB2_phenyl><LINKER_C6><LA1_phenyl><LA2_pentafluorophenyl>,Fc1c(F)c(F)c(B(CCCCCCN(c2ccccc2)C2CCCCC2)c2ccccc2)c(F)c1F
N,cyclohexyl,phenyl,C1,phenyl,pentachlorophenyl,<LB_N><LB1_cyclohexyl><LB2_phenyl><LINKER_C1><LA1_phenyl><LA2_pentachlorophenyl>,Clc1c(Cl)c(Cl)c(B(CN(c2ccccc2)C2CCCCC2)c2ccccc2)c(Cl)c1Cl
N,cyclohexyl,phenyl,C2,phenyl,pentachlorophenyl,<LB_N><LB1_cyclohexyl><LB2_phenyl><LINKER_C2><LA1_phenyl><LA2_pentachlorophenyl>,Clc1c(Cl)c(Cl)c(B(CCN(c2ccccc2)C2CCCCC2)c2ccccc2)c(Cl)c1Cl
N,cyclohexyl,phenyl,C3,phenyl,pentachlorophenyl,<LB_N><LB1_cyclohexyl><LB2_phenyl><LINKER_C3><LA1_phenyl><LA2_pentachlorophenyl>,Clc1c(Cl)c(Cl)c(B(CCCN(c2ccccc2)C2CCCCC2)c2ccccc2)c(Cl)c1Cl
N,cyclohexyl,phenyl,C4,phenyl,pentachlorophenyl,<LB_N><LB1_cyclohexyl><LB2_phenyl><LINKER_C4><LA1_phenyl><LA2_pentachlorophenyl>,Clc1c(Cl)c(Cl)c(B(CCCCN(c2ccccc2)C2CCCCC2)c2ccccc2)c(Cl)c1Cl
N,cyclohexyl,phenyl,C5,phenyl,pentachlorophenyl,<LB_N><LB1_cyclohexyl><LB2_phenyl><LINKER_C5><LA1_phenyl><LA2_pentachlorophenyl>,Clc1c(Cl)c(Cl)c(B(CCCCCN(c2ccccc2)C2CCCCC2)c2ccccc2)c(Cl)c1Cl
N,cyclohexyl,phenyl,C6,phenyl,pentachlorophenyl,<LB_N><LB1_cyclohexyl><LB2_phenyl><LINKER_C6><LA1_phenyl><LA2_pentachlorophenyl>,Clc1c(Cl)c(Cl)c(B(CCCCCCN(c2ccccc2)C2CCCCC2)c2ccccc2)c(Cl)c1Cl
N,cyclohexyl,phenyl,C1,phenyl,bis_cf3_phenyl,<LB_N><LB1_cyclohexyl><LB2_phenyl><LINKER_C1><LA1_phenyl><LA2_bis_cf3_phenyl>,FC(F)(F)c1cc(B(CN(c2ccccc2)C2CCCCC2)c2ccccc2)cc(C(F)(F)F)c1
N,cyclohexyl,phenyl,C2,phenyl,bis_cf3_phenyl,<LB_N><LB1_cyclohexyl><LB2_phenyl><LINKER_C2><LA1_phenyl><LA2_bis_cf3_phenyl>,FC(F)(F)c1cc(B(CCN(c2ccccc2)C2CCCCC2)c2ccccc2)cc(C(F)(F)F)c1
N,cyclohexyl,phenyl,C3,phenyl,bis_cf3_phenyl,<LB_N><LB1_cyclohexyl><LB2_phenyl><LINKER_C3><LA1_phenyl><LA2_bis_cf3_phenyl>,FC(F)(F)c1cc(B(CCCN(c2ccccc2)C2CCCCC2)c2ccccc2)cc(C(F)(F)F)c1
N,cyclohexyl,phenyl,C4,phenyl,bis_cf3_phenyl,<LB_N><LB1_cyclohexyl><LB2_phenyl><LINKER_C4><LA1_phenyl><LA2_bis_cf3_phenyl>,FC(F)(F)c1cc(B(CCCCN(c2ccccc2)C2CCCCC2)c2ccccc2)cc(C(F)(F)F)c1
N,cyclohexyl,phenyl,C5,phenyl,bis_cf3_phenyl,<LB_N><LB1_cyclohexyl><LB2_phenyl><LINKER_C5><LA1_phenyl><LA2_bis_cf3_phenyl>,FC(F)(F)c1cc(B(CCCCCN(c2ccccc2)C2CCCCC2)c2ccccc2)cc(C(F)(F)F)c1
N,cyclohexyl,phenyl,C6,phenyl,bis_cf3_phenyl,<LB_N><LB1_cyclohexyl><LB2_phenyl><LINKER_C6><LA1_phenyl><LA2_bis_cf3_phenyl>,FC(F)(F)c1cc(B(CCCCCCN(c2ccccc2)C2CCCCC2)c2ccccc2)cc(C(F)(F)F)c1
N,cyclohexyl,phenyl,C1,p_tolyl,p_tolyl,<LB_N><LB1_cyclohexyl><LB2_phenyl><LINKER_C1><LA1_p_tolyl><LA2_p_tolyl>,Cc1ccc(B(CN(c2ccccc2)C2CCCCC2)c2ccc(C)cc2)cc1
N,cyclohexyl,phenyl,C2,p_tolyl,p_tolyl,<LB_N><LB1_cyclohexyl><LB2_phenyl><LINKER_C2><LA1_p_tolyl><LA2_p_tolyl>,Cc1ccc(B(CCN(c2ccccc2)C2CCCCC2)c2ccc(C)cc2)cc1
N,cyclohexyl,phenyl,C3,p_tolyl,p_tolyl,<LB_N><LB1_cyclohexyl><LB2_phenyl><LINKER_C3><LA1_p_tolyl><LA2_p_tolyl>,Cc1ccc(B(CCCN(c2ccccc2)C2CCCCC2)c2ccc(C)cc2)cc1
N,cyclohexyl,phenyl,C4,p_tolyl,p_tolyl,<LB_N><LB1_cyclohexyl><LB2_phenyl><LINKER_C4><LA1_p_tolyl><LA2_p_tolyl>,Cc1ccc(B(CCCCN(c2ccccc2)C2CCCCC2)c2ccc(C)cc2)cc1
N,cyclohexyl,phenyl,C5,p_tolyl,p_tolyl,<LB_N><LB1_cyclohexyl><LB2_phenyl><LINKER_C5><LA1_p_tolyl><LA2_p_tolyl>,Cc1ccc(B(CCCCCN(c2ccccc2)C2CCCCC2)c2ccc(C)cc2)cc1
N,cyclohexyl,phenyl,C6,p_tolyl,p_tolyl,<LB_N><LB1_cyclohexyl><LB2_phenyl><LINKER_C6><LA1_p_tolyl><LA2_p_tolyl>,Cc1ccc(B(CCCCCCN(c2ccccc2)C2CCCCC2)c2ccc(C)cc2)cc1
N,cyclohexyl,phenyl,C1,p_tolyl,mesityl,<LB_N><LB1_cyclohexyl><LB2_phenyl><LINKER_C1><LA1_p_tolyl><LA2_mesityl>,Cc1ccc(B(CN(c2ccccc2)C2CCCCC2)c2c(C)cc(C)cc2C)cc1
N,cyclohexyl,phenyl,C2,p_tolyl,mesityl,<LB_N><LB1_cyclohexyl><LB2_phenyl><LINKER_C2><LA1_p_tolyl><LA2_mesityl>,Cc1ccc(B(CCN(c2ccccc2)C2CCCCC2)c2c(C)cc(C)cc2C)cc1
N,cyclohexyl,phenyl,C3,p_tolyl,mesityl,<LB_N><LB1_cyclohexyl><LB2_phenyl><LINKER_C3><LA1_p_tolyl><LA2_mesityl>,Cc1ccc(B(CCCN(c2ccccc2)C2CCCCC2)c2c(C)cc(C)cc2C)cc1
N,cyclohexyl,phenyl,C4,p_tolyl,mesityl,<LB_N><LB1_cyclohexyl><LB2_phenyl><LINKER_C4><LA1_p_tolyl><LA2_mesityl>,Cc1ccc(B(CCCCN(c2ccccc2)C2CCCCC2)c2c(C)cc(C)cc2C)cc1
N,cyclohexyl,phenyl,C5,p_tolyl,mesityl,<LB_N><LB1_cyclohexyl><LB2_phenyl><LINKER_C5><LA1_p_tolyl><LA2_mesityl>,Cc1ccc(B(CCCCCN(c2ccccc2)C2CCCCC2)c2c(C)cc(C)cc2C)cc1
N,cyclohexyl,phenyl,C6,p_tolyl,mesityl,<LB_N><LB1_cyclohexyl><LB2_phenyl><LINKER_C6><LA1_p_tolyl><LA2_mesityl>,Cc1ccc(B(CCCCCCN(c2ccccc2)C2CCCCC2)c2c(C)cc(C)cc2C)cc1
N,cyclohexyl,phenyl,C1,p_tolyl,pentafluorophenyl,<LB_N><LB1_cyclohexyl><LB2_phenyl><LINKER_C1><LA1_p_tolyl><LA2_pentafluorophenyl>,Cc1ccc(B(CN(c2ccccc2)C2CCCCC2)c2c(F)c(F)c(F)c(F)c2F)cc1
N,cyclohexyl,phenyl,C2,p_tolyl,pentafluorophenyl,<LB_N><LB1_cyclohexyl><LB2_phenyl><LINKER_C2><LA1_p_tolyl><LA2_pentafluorophenyl>,Cc1ccc(B(CCN(c2ccccc2)C2CCCCC2)c2c(F)c(F)c(F)c(F)c2F)cc1
N,cyclohexyl,phenyl,C3,p_tolyl,pentafluorophenyl,<LB_N><LB1_cyclohexyl><LB2_phenyl><LINKER_C3><LA1_p_tolyl><LA2_pentafluorophenyl>,Cc1ccc(B(CCCN(c2ccccc2)C2CCCCC2)c2c(F)c(F)c(F)c(F)c2F)cc1
N,cyclohexyl,phenyl,C4,p_tolyl,pentafluorophenyl,<LB_N><LB1_cyclohexyl><LB2_phenyl><LINKER_C4><LA1_p_tolyl><LA2_pentafluorophenyl>,Cc1ccc(B(CCCCN(c2ccccc2)C2CCCCC2)c2c(F)c(F)c(F)c(F)c2F)cc1
N,cyclohexyl,phenyl,C5,p_tolyl,pentafluorophenyl,<LB_N><LB1_cyclohexyl><LB2_phenyl><LINKER_C5><LA1_p_tolyl><LA2_pentafluorophenyl>,Cc1ccc(B(CCCCCN(c2ccccc2)C2CCCCC2)c2c(F)c(F)c(F)c(F)c2F)cc1
N,cyclohexyl,phenyl,C6,p_tolyl,pentafluorophenyl,<LB_N><LB1_cyclohexyl><LB2_phenyl><LINKER_C6><LA1_p_tolyl><LA2_pentafluorophenyl>,Cc1ccc(B(CCCCCCN(c2ccccc2)C2CCCCC2)c2c(F)c(F)c(F)c(F)c2F)cc1
N,cyclohexyl,phenyl,C1,p_tolyl,pentachlorophenyl,<LB_N><LB1_cyclohexyl><LB2_phenyl><LINKER_C1><LA1_p_tolyl><LA2_pentachlorophenyl>,Cc1ccc(B(CN(c2ccccc2)C2CCCCC2)c2c(Cl)c(Cl)c(Cl)c(Cl)c2Cl)cc1
N,cyclohexyl,phenyl,C2,p_tolyl,pentachlorophenyl,<LB_N><LB1_cyclohexyl><LB2_phenyl><LINKER_C2><LA1_p_tolyl><LA2_pentachlorophenyl>,Cc1ccc(B(CCN(c2ccccc2)C2CCCCC2)c2c(Cl)c(Cl)c(Cl)c(Cl)c2Cl)cc1
N,cyclohexyl,phenyl,C3,p_tolyl,pentachlorophenyl,<LB_N><LB1_cyclohexyl><LB2_phenyl><LINKER_C3><LA1_p_tolyl><LA2_pentachlorophenyl>,Cc1ccc(B(CCCN(c2ccccc2)C2CCCCC2)c2c(Cl)c(Cl)c(Cl)c(Cl)c2Cl)cc1
N,cyclohexyl,phenyl,C4,p_tolyl,pentachlorophenyl,<LB_N><LB1_cyclohexyl><LB2_phenyl><LINKER_C4><LA1_p_tolyl><LA2_pentachlorophenyl>,Cc1ccc(B(CCCCN(c2ccccc2)C2CCCCC2)c2c(Cl)c(Cl)c(Cl)c(Cl)c2Cl)cc1
N,cyclohexyl,phenyl,C5,p_tolyl,pentachlorophenyl,<LB_N><LB1_cyclohexyl><LB2_phenyl><LINKER_C5><LA1_p_tolyl><LA2_pentachlorophenyl>,Cc1ccc(B(CCCCCN(c2ccccc2)C2CCCCC2)c2c(Cl)c(Cl)c(Cl)c(Cl)c2Cl)cc1
N,cyclohexyl,phenyl,C6,p_tolyl,pentachlorophenyl,<LB_N><LB1_cyclohexyl><LB2_phenyl><LINKER_C6><LA1_p_tolyl><LA2_pentachlorophenyl>,Cc1ccc(B(CCCCCCN(c2ccccc2)C2CCCCC2)c2c(Cl)c(Cl)c(Cl)c(Cl)c2Cl)cc1
N,cyclohexyl,phenyl,C1,p_tolyl,bis_cf3_phenyl,<LB_N><LB1_cyclohexyl><LB2_phenyl><LINKER_C1><LA1_p_tolyl><LA2_bis_cf3_phenyl>,Cc1ccc(B(CN(c2ccccc2)C2CCCCC2)c2cc(C(F)(F)F)cc(C(F)(F)F)c2)cc1
N,cyclohexyl,phenyl,C2,p_tolyl,bis_cf3_phenyl,<LB_N><LB1_cyclohexyl><LB2_phenyl><LINKER_C2><LA1_p_tolyl><LA2_bis_cf3_phenyl>,Cc1ccc(B(CCN(c2ccccc2)C2CCCCC2)c2cc(C(F)(F)F)cc(C(F)(F)F)c2)cc1
N,cyclohexyl,phenyl,C3,p_tolyl,bis_cf3_phenyl,<LB_N><LB1_cyclohexyl><LB2_phenyl><LINKER_C3><LA1_p_tolyl><LA2_bis_cf3_phenyl>,Cc1ccc(B(CCCN(c2ccccc2)C2CCCCC2)c2cc(C(F)(F)F)cc(C(F)(F)F)c2)cc1
N,cyclohexyl,phenyl,C4,p_tolyl,bis_cf3_phenyl,<LB_N><LB1_cyclohexyl><LB2_phenyl><LINKER_C4><LA1_p_tolyl><LA2_bis_cf3_phenyl>,Cc1ccc(B(CCCCN(c2ccccc2)C2CCCCC2)c2cc(C(F)(F)F)cc(C(F)(F)F)c2)cc1
N,cyclohexyl,phenyl,C5,p_tolyl,bis_cf3_phenyl,<LB_N><LB1_cyclohexyl><LB2_phenyl><LINKER_C5><LA1_p_tolyl><LA2_bis_cf3_phenyl>,Cc1ccc(B(CCCCCN(c2ccccc2)C2CCCCC2)c2cc(C(F)(F)F)cc(C(F)(F)F)c2)cc1
N,cyclohexyl,phenyl,C6,p_tolyl,bis_cf3_phenyl,<LB_N><LB1_cyclohexyl><LB2_phenyl><LINKER_C6><LA1_p_tolyl><LA2_bis_cf3_phenyl>,Cc1ccc(B(CCCCCCN(c2ccccc2)C2CCCCC2)c2cc(C(F)(F)F)cc(C(F)(F)F)c2)cc1
N,cyclohexyl,phenyl,C1,mesityl,mesityl,<LB_N><LB1_cyclohexyl><LB2_phenyl><LINKER_C1><LA1_mesityl><LA2_mesityl>,Cc1cc(C)c(B(CN(c2ccccc2)C2CCCCC2)c2c(C)cc(C)cc2C)c(C)c1
N,cyclohexyl,phenyl,C2,mesityl,mesityl,<LB_N><LB1_cyclohexyl><LB2_phenyl><LINKER_C2><LA1_mesityl><LA2_mesityl>,Cc1cc(C)c(B(CCN(c2ccccc2)C2CCCCC2)c2c(C)cc(C)cc2C)c(C)c1
N,cyclohexyl,phenyl,C3,mesityl,mesityl,<LB_N><LB1_cyclohexyl><LB2_phenyl><LINKER_C3><LA1_mesityl><LA2_mesityl>,Cc1cc(C)c(B(CCCN(c2ccccc2)C2CCCCC2)c2c(C)cc(C)cc2C)c(C)c1
N,cyclohexyl,phenyl,C4,mesityl,mesityl,<LB_N><LB1_cyclohexyl><LB2_phenyl><LINKER_C4><LA1_mesityl><LA2_mesityl>,Cc1cc(C)c(B(CCCCN(c2ccccc2)C2CCCCC2)c2c(C)cc(C)cc2C)c(C)c1
N,cyclohexyl,phenyl,C5,mesityl,mesityl,<LB_N><LB1_cyclohexyl><LB2_phenyl><LINKER_C5><LA1_mesityl><LA2_mesityl>,Cc1cc(C)c(B(CCCCCN(c2ccccc2)C2CCCCC2)c2c(C)cc(C)cc2C)c(C)c1
N,cyclohexyl,phenyl,C6,mesityl,mesityl,<LB_N><LB1_cyclohexyl><LB2_phenyl><LINKER_C6><LA1_mesityl><LA2_mesityl>,Cc1cc(C)c(B(CCCCCCN(c2ccccc2)C2CCCCC2)c2c(C)cc(C)cc2C)c(C)c1
N,cyclohexyl,phenyl,C1,mesityl,pentafluorophenyl,<LB_N><LB1_cyclohexyl><LB2_phenyl><LINKER_C1><LA1_mesityl><LA2_pentafluorophenyl>,Cc1cc(C)c(B(CN(c2ccccc2)C2CCCCC2)c2c(F)c(F)c(F)c(F)c2F)c(C)c1
N,cyclohexyl,phenyl,C2,mesityl,pentafluorophenyl,<LB_N><LB1_cyclohexyl><LB2_phenyl><LINKER_C2><LA1_mesityl><LA2_pentafluorophenyl>,Cc1cc(C)c(B(CCN(c2ccccc2)C2CCCCC2)c2c(F)c(F)c(F)c(F)c2F)c(C)c1
N,cyclohexyl,phenyl,C3,mesityl,pentafluorophenyl,<LB_N><LB1_cyclohexyl><LB2_phenyl><LINKER_C3><LA1_mesityl><LA2_pentafluorophenyl>,Cc1cc(C)c(B(CCCN(c2ccccc2)C2CCCCC2)c2c(F)c(F)c(F)c(F)c2F)c(C)c1
N,cyclohexyl,phenyl,C4,mesityl,pentafluorophenyl,<LB_N><LB1_cyclohexyl><LB2_phenyl><LINKER_C4><LA1_mesityl><LA2_pentafluorophenyl>,Cc1cc(C)c(B(CCCCN(c2ccccc2)C2CCCCC2)c2c(F)c(F)c(F)c(F)c2F)c(C)c1
N,cyclohexyl,phenyl,C5,mesityl,pentafluorophenyl,<LB_N><LB1_cyclohexyl><LB2_phenyl><LINKER_C5><LA1_mesityl><LA2_pentafluorophenyl>,Cc1cc(C)c(B(CCCCCN(c2ccccc2)C2CCCCC2)c2c(F)c(F)c(F)c(F)c2F)c(C)c1
N,cyclohexyl,phenyl,C6,mesityl,pentafluorophenyl,<LB_N><LB1_cyclohexyl><LB2_phenyl><LINKER_C6><LA1_mesityl><LA2_pentafluorophenyl>,Cc1cc(C)c(B(CCCCCCN(c2ccccc2)C2CCCCC2)c2c(F)c(F)c(F)c(F)c2F)c(C)c1
N,cyclohexyl,phenyl,C1,mesityl,pentachlorophenyl,<LB_N><LB1_cyclohexyl><LB2_phenyl><LINKER_C1><LA1_mesityl><LA2_pentachlorophenyl>,Cc1cc(C)c(B(CN(c2ccccc2)C2CCCCC2)c2c(Cl)c(Cl)c(Cl)c(Cl)c2Cl)c(C)c1
N,cyclohexyl,phenyl,C2,mesityl,pentachlorophenyl,<LB_N><LB1_cyclohexyl><LB2_phenyl><LINKER_C2><LA1_mesityl><LA2_pentachlorophenyl>,Cc1cc(C)c(B(CCN(c2ccccc2)C2CCCCC2)c2c(Cl)c(Cl)c(Cl)c(Cl)c2Cl)c(C)c1
N,cyclohexyl,phenyl,C3,mesityl,pentachlorophenyl,<LB_N><LB1_cyclohexyl><LB2_phenyl><LINKER_C3><LA1_mesityl><LA2_pentachlorophenyl>,Cc1cc(C)c(B(CCCN(c2ccccc2)C2CCCCC2)c2c(Cl)c(Cl)c(Cl)c(Cl)c2Cl)c(C)c1
N,cyclohexyl,phenyl,C4,mesityl,pentachlorophenyl,<LB_N><LB1_cyclohexyl><LB2_phenyl><LINKER_C4><LA1_mesityl><LA2_pentachlorophenyl>,Cc1cc(C)c(B(CCCCN(c2ccccc2)C2CCCCC2)c2c(Cl)c(Cl)c(Cl)c(Cl)c2Cl)c(C)c1
N,cyclohexyl,phenyl,C5,mesityl,pentachlorophenyl,<LB_N><LB1_cyclohexyl><LB2_phenyl><LINKER_C5><LA1_mesityl><LA2_pentachlorophenyl>,Cc1cc(C)c(B(CCCCCN(c2ccccc2)C2CCCCC2)c2c(Cl)c(Cl)c(Cl)c(Cl)c2Cl)c(C)c1
N,cyclohexyl,phenyl,C6,mesityl,pentachlorophenyl,<LB_N><LB1_cyclohexyl><LB2_phenyl><LINKER_C6><LA1_mesityl><LA2_pentachlorophenyl>,Cc1cc(C)c(B(CCCCCCN(c2ccccc2)C2CCCCC2)c2c(Cl)c(Cl)c(Cl)c(Cl)c2Cl)c(C)c1
N,cyclohexyl,phenyl,C1,mesityl,bis_cf3_phenyl,<LB_N><LB1_cyclohexyl><LB2_phenyl><LINKER_C1><LA1_mesityl><LA2_bis_cf3_phenyl>,Cc1cc(C)c(B(CN(c2ccccc2)C2CCCCC2)c2cc(C(F)(F)F)cc(C(F)(F)F)c2)c(C)c1
N,cyclohexyl,phenyl,C2,mesityl,bis_cf3_phenyl,<LB_N><LB1_cyclohexyl><LB2_phenyl><LINKER_C2><LA1_mesityl><LA2_bis_cf3_phenyl>,Cc1cc(C)c(B(CCN(c2ccccc2)C2CCCCC2)c2cc(C(F)(F)F)cc(C(F)(F)F)c2)c(C)c1
N,cyclohexyl,phenyl,C3,mesityl,bis_cf3_phenyl,<LB_N><LB1_cyclohexyl><LB2_phenyl><LINKER_C3><LA1_mesityl><LA2_bis_cf3_phenyl>,Cc1cc(C)c(B(CCCN(c2ccccc2)C2CCCCC2)c2cc(C(F)(F)F)cc(C(F)(F)F)c2)c(C)c1
N,cyclohexyl,phenyl,C4,mesityl,bis_cf3_phenyl,<LB_N><LB1_cyclohexyl><LB2_phenyl><LINKER_C4><LA1_mesityl><LA2_bis_cf3_phenyl>,Cc1cc(C)c(B(CCCCN(c2ccccc2)C2CCCCC2)c2cc(C(F)(F)F)cc(C(F)(F)F)c2)c(C)c1
N,cyclohexyl,phenyl,C5,mesityl,bis_cf3_phenyl,<LB_N><LB1_cyclohexyl><LB2_phenyl><LINKER_C5><LA1_mesityl><LA2_bis_cf3_phenyl>,Cc1cc(C)c(B(CCCCCN(c2ccccc2)C2CCCCC2)c2cc(C(F)(F)F)cc(C(F)(F)F)c2)c(C)c1
N,cyclohexyl,phenyl,C6,mesityl,bis_cf3_phenyl,<LB_N><LB1_cyclohexyl><LB2_phenyl><LINKER_C6><LA1_mesityl><LA2_bis_cf3_phenyl>,Cc1cc(C)c(B(CCCCCCN(c2ccccc2)C2CCCCC2)c2cc(C(F)(F)F)cc(C(F)(F)F)c2)c(C)c1
N,cyclohexyl,phenyl,C1,pentafluorophenyl,pentafluorophenyl,<LB_N><LB1_cyclohexyl><LB2_phenyl><LINKER_C1><LA1_pentafluorophenyl><LA2_pentafluorophenyl>,Fc1c(F)c(F)c(B(CN(c2ccccc2)C2CCCCC2)c2c(F)c(F)c(F)c(F)c2F)c(F)c1F
N,cyclohexyl,phenyl,C2,pentafluorophenyl,pentafluorophenyl,<LB_N><LB1_cyclohexyl><LB2_phenyl><LINKER_C2><LA1_pentafluorophenyl><LA2_pentafluorophenyl>,Fc1c(F)c(F)c(B(CCN(c2ccccc2)C2CCCCC2)c2c(F)c(F)c(F)c(F)c2F)c(F)c1F
N,cyclohexyl,phenyl,C3,pentafluorophenyl,pentafluorophenyl,<LB_N><LB1_cyclohexyl><LB2_phenyl><LINKER_C3><LA1_pentafluorophenyl><LA2_pentafluorophenyl>,Fc1c(F)c(F)c(B(CCCN(c2ccccc2)C2CCCCC2)c2c(F)c(F)c(F)c(F)c2F)c(F)c1F
N,cyclohexyl,phenyl,C4,pentafluorophenyl,pentafluorophenyl,<LB_N><LB1_cyclohexyl><LB2_phenyl><LINKER_C4><LA1_pentafluorophenyl><LA2_pentafluorophenyl>,Fc1c(F)c(F)c(B(CCCCN(c2ccccc2)C2CCCCC2)c2c(F)c(F)c(F)c(F)c2F)c(F)c1F
N,cyclohexyl,phenyl,C5,pentafluorophenyl,pentafluorophenyl,<LB_N><LB1_cyclohexyl><LB2_phenyl><LINKER_C5><LA1_pentafluorophenyl><LA2_pentafluorophenyl>,Fc1c(F)c(F)c(B(CCCCCN(c2ccccc2)C2CCCCC2)c2c(F)c(F)c(F)c(F)c2F)c(F)c1F
N,cyclohexyl,phenyl,C6,pentafluorophenyl,pentafluorophenyl,<LB_N><LB1_cyclohexyl><LB2_phenyl><LINKER_C6><LA1_pentafluorophenyl><LA2_pentafluorophenyl>,Fc1c(F)c(F)c(B(CCCCCCN(c2ccccc2)C2CCCCC2)c2c(F)c(F)c(F)c(F)c2F)c(F)c1F
N,cyclohexyl,phenyl,C1,pentafluorophenyl,pentachlorophenyl,<LB_N><LB1_cyclohexyl><LB2_phenyl><LINKER_C1><LA1_pentafluorophenyl><LA2_pentachlorophenyl>,Fc1c(F)c(F)c(B(CN(c2ccccc2)C2CCCCC2)c2c(Cl)c(Cl)c(Cl)c(Cl)c2Cl)c(F)c1F
N,cyclohexyl,phenyl,C2,pentafluorophenyl,pentachlorophenyl,<LB_N><LB1_cyclohexyl><LB2_phenyl><LINKER_C2><LA1_pentafluorophenyl><LA2_pentachlorophenyl>,Fc1c(F)c(F)c(B(CCN(c2ccccc2)C2CCCCC2)c2c(Cl)c(Cl)c(Cl)c(Cl)c2Cl)c(F)c1F
N,cyclohexyl,phenyl,C3,pentafluorophenyl,pentachlorophenyl,<LB_N><LB1_cyclohexyl><LB2_phenyl><LINKER_C3><LA1_pentafluorophenyl><LA2_pentachlorophenyl>,Fc1c(F)c(F)c(B(CCCN(c2ccccc2)C2CCCCC2)c2c(Cl)c(Cl)c(Cl)c(Cl)c2Cl)c(F)c1F
N,cyclohexyl,phenyl,C4,pentafluorophenyl,pentachlorophenyl,<LB_N><LB1_cyclohexyl><LB2_phenyl><LINKER_C4><LA1_pentafluorophenyl><LA2_pentachlorophenyl>,Fc1c(F)c(F)c(B(CCCCN(c2ccccc2)C2CCCCC2)c2c(Cl)c(Cl)c(Cl)c(Cl)c2Cl)c(F)c1F
N,cyclohexyl,phenyl,C5,pentafluorophenyl,pentachlorophenyl,<LB_N><LB1_cyclohexyl><LB2_phenyl><LINKER_C5><LA1_pentafluorophenyl><LA2_pentachlorophenyl>,Fc1c(F)c(F)c(B(CCCCCN(c2ccccc2)C2CCCCC2)c2c(Cl)c(Cl)c(Cl)c(Cl)c2Cl)c(F)c1F
N,cyclohexyl,phenyl,C6,pentafluorophenyl,pentachlorophenyl,<LB_N><LB1_cyclohexyl><LB2_phenyl><LINKER_C6><LA1_pentafluorophenyl><LA2_pentachlorophenyl>,Fc1c(F)c(F)c(B(CCCCCCN(c2ccccc2)C2CCCCC2)c2c(Cl)c(Cl)c(Cl)c(Cl)c2Cl)c(F)c1F
N,cyclohexyl,phenyl,C1,pentafluorophenyl,bis_cf3_phenyl,<LB_N><LB1_cyclohexyl><LB2_phenyl><LINKER_C1><LA1_pentafluorophenyl><LA2_bis_cf3_phenyl>,Fc1c(F)c(F)c(B(CN(c2ccccc2)C2CCCCC2)c2cc(C(F)(F)F)cc(C(F)(F)F)c2)c(F)c1F
N,cyclohexyl,phenyl,C2,pentafluorophenyl,bis_cf3_phenyl,<LB_N><LB1_cyclohexyl><LB2_phenyl><LINKER_C2><LA1_pentafluorophenyl><LA2_bis_cf3_phenyl>,Fc1c(F)c(F)c(B(CCN(c2ccccc2)C2CCCCC2)c2cc(C(F)(F)F)cc(C(F)(F)F)c2)c(F)c1F
N,cyclohexyl,phenyl,C3,pentafluorophenyl,bis_cf3_phenyl,<LB_N><LB1_cyclohexyl><LB2_phenyl><LINKER_C3><LA1_pentafluorophenyl><LA2_bis_cf3_phenyl>,Fc1c(F)c(F)c(B(CCCN(c2ccccc2)C2CCCCC2)c2cc(C(F)(F)F)cc(C(F)(F)F)c2)c(F)c1F
N,cyclohexyl,phenyl,C4,pentafluorophenyl,bis_cf3_phenyl,<LB_N><LB1_cyclohexyl><LB2_phenyl><LINKER_C4><LA1_pentafluorophenyl><LA2_bis_cf3_phenyl>,Fc1c(F)c(F)c(B(CCCCN(c2ccccc2)C2CCCCC2)c2cc(C(F)(F)F)cc(C(F)(F)F)c2)c(F)c1F
N,cyclohexyl,phenyl,C5,pentafluorophenyl,bis_cf3_phenyl,<LB_N><LB1_cyclohexyl><LB2_phenyl><LINKER_C5><LA1_pentafluorophenyl><LA2_bis_cf3_phenyl>,Fc1c(F)c(F)c(B(CCCCCN(c2ccccc2)C2CCCCC2)c2cc(C(F)(F)F)cc(C(F)(F)F)c2)c(F)c1F
N,cyclohexyl,phenyl,C6,pentafluorophenyl,bis_cf3_phenyl,<LB_N><LB1_cyclohexyl><LB2_phenyl><LINKER_C6><LA1_pentafluorophenyl><LA2_bis_cf3_phenyl>,Fc1c(F)c(F)c(B(CCCCCCN(c2ccccc2)C2CCCCC2)c2cc(C(F)(F)F)cc(C(F)(F)F)c2)c(F)c1F
N,cyclohexyl,phenyl,C1,pentachlorophenyl,pentachlorophenyl,<LB_N><LB1_cyclohexyl><LB2_phenyl><LINKER_C1><LA1_pentachlorophenyl><LA2_pentachlorophenyl>,Clc1c(Cl)c(Cl)c(B(CN(c2ccccc2)C2CCCCC2)c2c(Cl)c(Cl)c(Cl)c(Cl)c2Cl)c(Cl)c1Cl
N,cyclohexyl,phenyl,C2,pentachlorophenyl,pentachlorophenyl,<LB_N><LB1_cyclohexyl><LB2_phenyl><LINKER_C2><LA1_pentachlorophenyl><LA2_pentachlorophenyl>,Clc1c(Cl)c(Cl)c(B(CCN(c2ccccc2)C2CCCCC2)c2c(Cl)c(Cl)c(Cl)c(Cl)c2Cl)c(Cl)c1Cl
N,cyclohexyl,phenyl,C3,pentachlorophenyl,pentachlorophenyl,<LB_N><LB1_cyclohexyl><LB2_phenyl><LINKER_C3><LA1_pentachlorophenyl><LA2_pentachlorophenyl>,Clc1c(Cl)c(Cl)c(B(CCCN(c2ccccc2)C2CCCCC2)c2c(Cl)c(Cl)c(Cl)c(Cl)c2Cl)c(Cl)c1Cl
N,cyclohexyl,phenyl,C4,pentachlorophenyl,pentachlorophenyl,<LB_N><LB1_cyclohexyl><LB2_phenyl><LINKER_C4><LA1_pentachlorophenyl><LA2_pentachlorophenyl>,Clc1c(Cl)c(Cl)c(B(CCCCN(c2ccccc2)C2CCCCC2)c2c(Cl)c(Cl)c(Cl)c(Cl)c2Cl)c(Cl)c1Cl
N,cyclohexyl,phenyl,C5,pentachlorophenyl,pentachlorophenyl,<LB_N><LB1_cyclohexyl><LB2_phenyl><LINKER_C5><LA1_pentachlorophenyl><LA2_pentachlorophenyl>,Clc1c(Cl)c(Cl)c(B(CCCCCN(c2ccccc2)C2CCCCC2)c2c(Cl)c(Cl)c(Cl)c(Cl)c2Cl)c(Cl)c1Cl
N,cyclohexyl,phenyl,C6,pentachlorophenyl,pentachlorophenyl,<LB_N><LB1_cyclohexyl><LB2_phenyl><LINKER_C6><LA1_pentachlorophenyl><LA2_pentachlorophenyl>,Clc1c(Cl)c(Cl)c(B(CCCCCCN(c2ccccc2)C2CCCCC2)c2c(Cl)c(Cl)c(Cl)c(Cl)c2Cl)c(Cl)c1Cl
N,cyclohexyl,phenyl,C1,pentachlorophenyl,bis_cf3_phenyl,<LB_N><LB1_cyclohexyl><LB2_phenyl><LINKER_C1><LA1_pentachlorophenyl><LA2_bis_cf3_phenyl>,FC(F)(F)c1cc(B(CN(c2ccccc2)C2CCCCC2)c2c(Cl)c(Cl)c(Cl)c(Cl)c2Cl)cc(C(F)(F)F)c1
N,cyclohexyl,phenyl,C2,pentachlorophenyl,bis_cf3_phenyl,<LB_N><LB1_cyclohexyl><LB2_phenyl><LINKER_C2><LA1_pentachlorophenyl><LA2_bis_cf3_phenyl>,FC(F)(F)c1cc(B(CCN(c2ccccc2)C2CCCCC2)c2c(Cl)c(Cl)c(Cl)c(Cl)c2Cl)cc(C(F)(F)F)c1
N,cyclohexyl,phenyl,C3,pentachlorophenyl,bis_cf3_phenyl,<LB_N><LB1_cyclohexyl><LB2_phenyl><LINKER_C3><LA1_pentachlorophenyl><LA2_bis_cf3_phenyl>,FC(F)(F)c1cc(B(CCCN(c2ccccc2)C2CCCCC2)c2c(Cl)c(Cl)c(Cl)c(Cl)c2Cl)cc(C(F)(F)F)c1
N,cyclohexyl,phenyl,C4,pentachlorophenyl,bis_cf3_phenyl,<LB_N><LB1_cyclohexyl><LB2_phenyl><LINKER_C4><LA1_pentachlorophenyl><LA2_bis_cf3_phenyl>,FC(F)(F)c1cc(B(CCCCN(c2ccccc2)C2CCCCC2)c2c(Cl)c(Cl)c(Cl)c(Cl)c2Cl)cc(C(F)(F)F)c1
N,cyclohexyl,phenyl,C5,pentachlorophenyl,bis_cf3_phenyl,<LB_N><LB1_cyclohexyl><LB2_phenyl><LINKER_C5><LA1_pentachlorophenyl><LA2_bis_cf3_phenyl>,FC(F)(F)c1cc(B(CCCCCN(c2ccccc2)C2CCCCC2)c2c(Cl)c(Cl)c(Cl)c(Cl)c2Cl)cc(C(F)(F)F)c1
N,cyclohexyl,phenyl,C6,pentachlorophenyl,bis_cf3_phenyl,<LB_N><LB1_cyclohexyl><LB2_phenyl><LINKER_C6><LA1_pentachlorophenyl><LA2_bis_cf3_phenyl>,FC(F)(F)c1cc(B(CCCCCCN(c2ccccc2)C2CCCCC2)c2c(Cl)c(Cl)c(Cl)c(Cl)c2Cl)cc(C(F)(F)F)c1
N,cyclohexyl,phenyl,C1,bis_cf3_phenyl,bis_cf3_phenyl,<LB_N><LB1_cyclohexyl><LB2_phenyl><LINKER_C1><LA1_bis_cf3_phenyl><LA2_bis_cf3_phenyl>,FC(F)(F)c1cc(B(CN(c2ccccc2)C2CCCCC2)c2cc(C(F)(F)F)cc(C(F)(F)F)c2)cc(C(F)(F)F)c1
N,cyclohexyl,phenyl,C2,bis_cf3_phenyl,bis_cf3_phenyl,<LB_N><LB1_cyclohexyl><LB2_phenyl><LINKER_C2><LA1_bis_cf3_phenyl><LA2_bis_cf3_phenyl>,FC(F)(F)c1cc(B(CCN(c2ccccc2)C2CCCCC2)c2cc(C(F)(F)F)cc(C(F)(F)F)c2)cc(C(F)(F)F)c1
N,cyclohexyl,phenyl,C3,bis_cf3_phenyl,bis_cf3_phenyl,<LB_N><LB1_cyclohexyl><LB2_phenyl><LINKER_C3><LA1_bis_cf3_phenyl><LA2_bis_cf3_phenyl>,FC(F)(F)c1cc(B(CCCN(c2ccccc2)C2CCCCC2)c2cc(C(F)(F)F)cc(C(F)(F)F)c2)cc(C(F)(F)F)c1
N,cyclohexyl,phenyl,C4,bis_cf3_phenyl,bis_cf3_phenyl,<LB_N><LB1_cyclohexyl><LB2_phenyl><LINKER_C4><LA1_bis_cf3_phenyl><LA2_bis_cf3_phenyl>,FC(F)(F)c1cc(B(CCCCN(c2ccccc2)C2CCCCC2)c2cc(C(F)(F)F)cc(C(F)(F)F)c2)cc(C(F)(F)F)c1
N,cyclohexyl,phenyl,C5,bis_cf3_phenyl,bis_cf3_phenyl,<LB_N><LB1_cyclohexyl><LB2_phenyl><LINKER_C5><LA1_bis_cf3_phenyl><LA2_bis_cf3_phenyl>,FC(F)(F)c1cc(B(CCCCCN(c2ccccc2)C2CCCCC2)c2cc(C(F)(F)F)cc(C(F)(F)F)c2)cc(C(F)(F)F)c1
N,cyclohexyl,phenyl,C6,bis_cf3_phenyl,bis_cf3_phenyl,<LB_N><LB1_cyclohexyl><LB2_phenyl><LINKER_C6><LA1_bis_cf3_phenyl><LA2_bis_cf3_phenyl>,FC(F)(F)c1cc(B(CCCCCCN(c2ccccc2)C2CCCCC2)c2cc(C(F)(F)F)cc(C(F)(F)F)c2)cc(C(F)(F)F)c1
N,phenyl,phenyl,C1,phenyl,phenyl,<LB_N><LB1_phenyl><LB2_phenyl><LINKER_C1><LA1_phenyl><LA2_phenyl>,c1ccc(B(CN(c2ccccc2)c2ccccc2)c2ccccc2)cc1
N,phenyl,phenyl,C2,phenyl,phenyl,<LB_N><LB1_phenyl><LB2_phenyl><LINKER_C2><LA1_phenyl><LA2_phenyl>,c1ccc(B(CCN(c2ccccc2)c2ccccc2)c2ccccc2)cc1
N,phenyl,phenyl,C3,phenyl,phenyl,<LB_N><LB1_phenyl><LB2_phenyl><LINKER_C3><LA1_phenyl><LA2_phenyl>,c1ccc(B(CCCN(c2ccccc2)c2ccccc2)c2ccccc2)cc1
N,phenyl,phenyl,C4,phenyl,phenyl,<LB_N><LB1_phenyl><LB2_phenyl><LINKER_C4><LA1_phenyl><LA2_phenyl>,c1ccc(B(CCCCN(c2ccccc2)c2ccccc2)c2ccccc2)cc1
N,phenyl,phenyl,C5,phenyl,phenyl,<LB_N><LB1_phenyl><LB2_phenyl><LINKER_C5><LA1_phenyl><LA2_phenyl>,c1ccc(B(CCCCCN(c2ccccc2)c2ccccc2)c2ccccc2)cc1
N,phenyl,phenyl,C6,phenyl,phenyl,<LB_N><LB1_phenyl><LB2_phenyl><LINKER_C6><LA1_phenyl><LA2_phenyl>,c1ccc(B(CCCCCCN(c2ccccc2)c2ccccc2)c2ccccc2)cc1
N,phenyl,phenyl,C1,phenyl,p_tolyl,<LB_N><LB1_phenyl><LB2_phenyl><LINKER_C1><LA1_phenyl><LA2_p_tolyl>,Cc1ccc(B(CN(c2ccccc2)c2ccccc2)c2ccccc2)cc1
N,phenyl,phenyl,C2,phenyl,p_tolyl,<LB_N><LB1_phenyl><LB2_phenyl><LINKER_C2><LA1_phenyl><LA2_p_tolyl>,Cc1ccc(B(CCN(c2ccccc2)c2ccccc2)c2ccccc2)cc1
N,phenyl,phenyl,C3,phenyl,p_tolyl,<LB_N><LB1_phenyl><LB2_phenyl><LINKER_C3><LA1_phenyl><LA2_p_tolyl>,Cc1ccc(B(CCCN(c2ccccc2)c2ccccc2)c2ccccc2)cc1
N,phenyl,phenyl,C4,phenyl,p_tolyl,<LB_N><LB1_phenyl><LB2_phenyl><LINKER_C4><LA1_phenyl><LA2_p_tolyl>,Cc1ccc(B(CCCCN(c2ccccc2)c2ccccc2)c2ccccc2)cc1
N,phenyl,phenyl,C5,phenyl,p_tolyl,<LB_N><LB1_phenyl><LB2_phenyl><LINKER_C5><LA1_phenyl><LA2_p_tolyl>,Cc1ccc(B(CCCCCN(c2ccccc2)c2ccccc2)c2ccccc2)cc1
N,phenyl,phenyl,C6,phenyl,p_tolyl,<LB_N><LB1_phenyl><LB2_phenyl><LINKER_C6><LA1_phenyl><LA2_p_tolyl>,Cc1ccc(B(CCCCCCN(c2ccccc2)c2ccccc2)c2ccccc2)cc1
N,phenyl,phenyl,C1,phenyl,mesityl,<LB_N><LB1_phenyl><LB2_phenyl><LINKER_C1><LA1_phenyl><LA2_mesityl>,Cc1cc(C)c(B(CN(c2ccccc2)c2ccccc2)c2ccccc2)c(C)c1
N,phenyl,phenyl,C2,phenyl,mesityl,<LB_N><LB1_phenyl><LB2_phenyl><LINKER_C2><LA1_phenyl><LA2_mesityl>,Cc1cc(C)c(B(CCN(c2ccccc2)c2ccccc2)c2ccccc2)c(C)c1
N,phenyl,phenyl,C3,phenyl,mesityl,<LB_N><LB1_phenyl><LB2_phenyl><LINKER_C3><LA1_phenyl><LA2_mesityl>,Cc1cc(C)c(B(CCCN(c2ccccc2)c2ccccc2)c2ccccc2)c(C)c1
N,phenyl,phenyl,C4,phenyl,mesityl,<LB_N><LB1_phenyl><LB2_phenyl><LINKER_C4><LA1_phenyl><LA2_mesityl>,Cc1cc(C)c(B(CCCCN(c2ccccc2)c2ccccc2)c2ccccc2)c(C)c1
N,phenyl,phenyl,C5,phenyl,mesityl,<LB_N><LB1_phenyl><LB2_phenyl><LINKER_C5><LA1_phenyl><LA2_mesityl>,Cc1cc(C)c(B(CCCCCN(c2ccccc2)c2ccccc2)c2ccccc2)c(C)c1
N,phenyl,phenyl,C6,phenyl,mesityl,<LB_N><LB1_phenyl><LB2_phenyl><LINKER_C6><LA1_phenyl><LA2_mesityl>,Cc1cc(C)c(B(CCCCCCN(c2ccccc2)c2ccccc2)c2ccccc2)c(C)c1
N,phenyl,phenyl,C1,phenyl,pentafluorophenyl,<LB_N><LB1_phenyl><LB2_phenyl><LINKER_C1><LA1_phenyl><LA2_pentafluorophenyl>,Fc1c(F)c(F)c(B(CN(c2ccccc2)c2ccccc2)c2ccccc2)c(F)c1F
N,phenyl,phenyl,C2,phenyl,pentafluorophenyl,<LB_N><LB1_phenyl><LB2_phenyl><LINKER_C2><LA1_phenyl><LA2_pentafluorophenyl>,Fc1c(F)c(F)c(B(CCN(c2ccccc2)c2ccccc2)c2ccccc2)c(F)c1F
N,phenyl,phenyl,C3,phenyl,pentafluorophenyl,<LB_N><LB1_phenyl><LB2_phenyl><LINKER_C3><LA1_phenyl><LA2_pentafluorophenyl>,Fc1c(F)c(F)c(B(CCCN(c2ccccc2)c2ccccc2)c2ccccc2)c(F)c1F
N,phenyl,phenyl,C4,phenyl,pentafluorophenyl,<LB_N><LB1_phenyl><LB2_phenyl><LINKER_C4><LA1_phenyl><LA2_pentafluorophenyl>,Fc1c(F)c(F)c(B(CCCCN(c2ccccc2)c2ccccc2)c2ccccc2)c(F)c1F
N,phenyl,phenyl,C5,phenyl,pentafluorophenyl,<LB_N><LB1_phenyl><LB2_phenyl><LINKER_C5><LA1_phenyl><LA2_pentafluorophenyl>,Fc1c(F)c(F)c(B(CCCCCN(c2ccccc2)c2ccccc2)c2ccccc2)c(F)c1F
N,phenyl,phenyl,C6,phenyl,pentafluorophenyl,<LB_N><LB1_phenyl><LB2_phenyl><LINKER_C6><LA1_phenyl><LA2_pentafluorophenyl>,Fc1c(F)c(F)c(B(CCCCCCN(c2ccccc2)c2ccccc2)c2ccccc2)c(F)c1F
N,phenyl,phenyl,C1,phenyl,pentachlorophenyl,<LB_N><LB1_phenyl><LB2_phenyl><LINKER_C1><LA1_phenyl><LA2_pentachlorophenyl>,Clc1c(Cl)c(Cl)c(B(CN(c2ccccc2)c2ccccc2)c2ccccc2)c(Cl)c1Cl
N,phenyl,phenyl,C2,phenyl,pentachlorophenyl,<LB_N><LB1_phenyl><LB2_phenyl><LINKER_C2><LA1_phenyl><LA2_pentachlorophenyl>,Clc1c(Cl)c(Cl)c(B(CCN(c2ccccc2)c2ccccc2)c2ccccc2)c(Cl)c1Cl
N,phenyl,phenyl,C3,phenyl,pentachlorophenyl,<LB_N><LB1_phenyl><LB2_phenyl><LINKER_C3><LA1_phenyl><LA2_pentachlorophenyl>,Clc1c(Cl)c(Cl)c(B(CCCN(c2ccccc2)c2ccccc2)c2ccccc2)c(Cl)c1Cl
N,phenyl,phenyl,C4,phenyl,pentachlorophenyl,<LB_N><LB1_phenyl><LB2_phenyl><LINKER_C4><LA1_phenyl><LA2_pentachlorophenyl>,Clc1c(Cl)c(Cl)c(B(CCCCN(c2ccccc2)c2ccccc2)c2ccccc2)c(Cl)c1Cl
N,phenyl,phenyl,C5,phenyl,pentachlorophenyl,<LB_N><LB1_phenyl><LB2_phenyl><LINKER_C5><LA1_phenyl><LA2_pentachlorophenyl>,Clc1c(Cl)c(Cl)c(B(CCCCCN(c2ccccc2)c2ccccc2)c2ccccc2)c(Cl)c1Cl
N,phenyl,phenyl,C6,phenyl,pentachlorophenyl,<LB_N><LB1_phenyl><LB2_phenyl><LINKER_C6><LA1_phenyl><LA2_pentachlorophenyl>,Clc1c(Cl)c(Cl)c(B(CCCCCCN(c2ccccc2)c2ccccc2)c2ccccc2)c(Cl)c1Cl
N,phenyl,phenyl,C1,phenyl,bis_cf3_phenyl,<LB_N><LB1_phenyl><LB2_phenyl><LINKER_C1><LA1_phenyl><LA2_bis_cf3_phenyl>,FC(F)(F)c1cc(B(CN(c2ccccc2)c2ccccc2)c2ccccc2)cc(C(F)(F)F)c1
N,phenyl,phenyl,C2,phenyl,bis_cf3_phenyl,<LB_N><LB1_phenyl><LB2_phenyl><LINKER_C2><LA1_phenyl><LA2_bis_cf3_phenyl>,FC(F)(F)c1cc(B(CCN(c2ccccc2)c2ccccc2)c2ccccc2)cc(C(F)(F)F)c1
N,phenyl,phenyl,C3,phenyl,bis_cf3_phenyl,<LB_N><LB1_phenyl><LB2_phenyl><LINKER_C3><LA1_phenyl><LA2_bis_cf3_phenyl>,FC(F)(F)c1cc(B(CCCN(c2ccccc2)c2ccccc2)c2ccccc2)cc(C(F)(F)F)c1
N,phenyl,phenyl,C4,phenyl,bis_cf3_phenyl,<LB_N><LB1_phenyl><LB2_phenyl><LINKER_C4><LA1_phenyl><LA2_bis_cf3_phenyl>,FC(F)(F)c1cc(B(CCCCN(c2ccccc2)c2ccccc2)c2ccccc2)cc(C(F)(F)F)c1
N,phenyl,phenyl,C5,phenyl,bis_cf3_phenyl,<LB_N><LB1_phenyl><LB2_phenyl><LINKER_C5><LA1_phenyl><LA2_bis_cf3_phenyl>,FC(F)(F)c1cc(B(CCCCCN(c2ccccc2)c2ccccc2)c2ccccc2)cc(C(F)(F)F)c1
N,phenyl,phenyl,C6,phenyl,bis_cf3_phenyl,<LB_N><LB1_phenyl><LB2_phenyl><LINKER_C6><LA1_phenyl><LA2_bis_cf3_phenyl>,FC(F)(F)c1cc(B(CCCCCCN(c2ccccc2)c2ccccc2)c2ccccc2)cc(C(F)(F)F)c1
N,phenyl,phenyl,C1,p_tolyl,p_tolyl,<LB_N><LB1_phenyl><LB2_phenyl><LINKER_C1><LA1_p_tolyl><LA2_p_tolyl>,Cc1ccc(B(CN(c2ccccc2)c2ccccc2)c2ccc(C)cc2)cc1
N,phenyl,phenyl,C2,p_tolyl,p_tolyl,<LB_N><LB1_phenyl><LB2_phenyl><LINKER_C2><LA1_p_tolyl><LA2_p_tolyl>,Cc1ccc(B(CCN(c2ccccc2)c2ccccc2)c2ccc(C)cc2)cc1
N,phenyl,phenyl,C3,p_tolyl,p_tolyl,<LB_N><LB1_phenyl><LB2_phenyl><LINKER_C3><LA1_p_tolyl><LA2_p_tolyl>,Cc1ccc(B(CCCN(c2ccccc2)c2ccccc2)c2ccc(C)cc2)cc1
N,phenyl,phenyl,C4,p_tolyl,p_tolyl,<LB_N><LB1_phenyl><LB2_phenyl><LINKER_C4><LA1_p_tolyl><LA2_p_tolyl>,Cc1ccc(B(CCCCN(c2ccccc2)c2ccccc2)c2ccc(C)cc2)cc1
N,phenyl,phenyl,C5,p_tolyl,p_tolyl,<LB_N><LB1_phenyl><LB2_phenyl><LINKER_C5><LA1_p_tolyl><LA2_p_tolyl>,Cc1ccc(B(CCCCCN(c2ccccc2)c2ccccc2)c2ccc(C)cc2)cc1
N,phenyl,phenyl,C6,p_tolyl,p_tolyl,<LB_N><LB1_phenyl><LB2_phenyl><LINKER_C6><LA1_p_tolyl><LA2_p_tolyl>,Cc1ccc(B(CCCCCCN(c2ccccc2)c2ccccc2)c2ccc(C)cc2)cc1
N,phenyl,phenyl,C1,p_tolyl,mesityl,<LB_N><LB1_phenyl><LB2_phenyl><LINKER_C1><LA1_p_tolyl><LA2_mesityl>,Cc1ccc(B(CN(c2ccccc2)c2ccccc2)c2c(C)cc(C)cc2C)cc1
N,phenyl,phenyl,C2,p_tolyl,mesityl,<LB_N><LB1_phenyl><LB2_phenyl><LINKER_C2><LA1_p_tolyl><LA2_mesityl>,Cc1ccc(B(CCN(c2ccccc2)c2ccccc2)c2c(C)cc(C)cc2C)cc1
N,phenyl,phenyl,C3,p_tolyl,mesityl,<LB_N><LB1_phenyl><LB2_phenyl><LINKER_C3><LA1_p_tolyl><LA2_mesityl>,Cc1ccc(B(CCCN(c2ccccc2)c2ccccc2)c2c(C)cc(C)cc2C)cc1
N,phenyl,phenyl,C4,p_tolyl,mesityl,<LB_N><LB1_phenyl><LB2_phenyl><LINKER_C4><LA1_p_tolyl><LA2_mesityl>,Cc1ccc(B(CCCCN(c2ccccc2)c2ccccc2)c2c(C)cc(C)cc2C)cc1
N,phenyl,phenyl,C5,p_tolyl,mesityl,<LB_N><LB1_phenyl><LB2_phenyl><LINKER_C5><LA1_p_tolyl><LA2_mesityl>,Cc1ccc(B(CCCCCN(c2ccccc2)c2ccccc2)c2c(C)cc(C)cc2C)cc1
N,phenyl,phenyl,C6,p_tolyl,mesityl,<LB_N><LB1_phenyl><LB2_phenyl><LINKER_C6><LA1_p_tolyl><LA2_mesityl>,Cc1ccc(B(CCCCCCN(c2ccccc2)c2ccccc2)c2c(C)cc(C)cc2C)cc1
N,phenyl,phenyl,C1,p_tolyl,pentafluorophenyl,<LB_N><LB1_phenyl><LB2_phenyl><LINKER_C1><LA1_p_tolyl><LA2_pentafluorophenyl>,Cc1ccc(B(CN(c2ccccc2)c2ccccc2)c2c(F)c(F)c(F)c(F)c2F)cc1
N,phenyl,phenyl,C2,p_tolyl,pentafluorophenyl,<LB_N><LB1_phenyl><LB2_phenyl><LINKER_C2><LA1_p_tolyl><LA2_pentafluorophenyl>,Cc1ccc(B(CCN(c2ccccc2)c2ccccc2)c2c(F)c(F)c(F)c(F)c2F)cc1
N,phenyl,phenyl,C3,p_tolyl,pentafluorophenyl,<LB_N><LB1_phenyl><LB2_phenyl><LINKER_C3><LA1_p_tolyl><LA2_pentafluorophenyl>,Cc1ccc(B(CCCN(c2ccccc2)c2ccccc2)c2c(F)c(F)c(F)c(F)c2F)cc1
N,phenyl,phenyl,C4,p_tolyl,pentafluorophenyl,<LB_N><LB1_phenyl><LB2_phenyl><LINKER_C4><LA1_p_tolyl><LA2_pentafluorophenyl>,Cc1ccc(B(CCCCN(c2ccccc2)c2ccccc2)c2c(F)c(F)c(F)c(F)c2F)cc1
N,phenyl,phenyl,C5,p_tolyl,pentafluorophenyl,<LB_N><LB1_phenyl><LB2_phenyl><LINKER_C5><LA1_p_tolyl><LA2_pentafluorophenyl>,Cc1ccc(B(CCCCCN(c2ccccc2)c2ccccc2)c2c(F)c(F)c(F)c(F)c2F)cc1
N,phenyl,phenyl,C6,p_tolyl,pentafluorophenyl,<LB_N><LB1_phenyl><LB2_phenyl><LINKER_C6><LA1_p_tolyl><LA2_pentafluorophenyl>,Cc1ccc(B(CCCCCCN(c2ccccc2)c2ccccc2)c2c(F)c(F)c(F)c(F)c2F)cc1
N,phenyl,phenyl,C1,p_tolyl,pentachlorophenyl,<LB_N><LB1_phenyl><LB2_phenyl><LINKER_C1><LA1_p_tolyl><LA2_pentachlorophenyl>,Cc1ccc(B(CN(c2ccccc2)c2ccccc2)c2c(Cl)c(Cl)c(Cl)c(Cl)c2Cl)cc1
N,phenyl,phenyl,C2,p_tolyl,pentachlorophenyl,<LB_N><LB1_phenyl><LB2_phenyl><LINKER_C2><LA1_p_tolyl><LA2_pentachlorophenyl>,Cc1ccc(B(CCN(c2ccccc2)c2ccccc2)c2c(Cl)c(Cl)c(Cl)c(Cl)c2Cl)cc1
N,phenyl,phenyl,C3,p_tolyl,pentachlorophenyl,<LB_N><LB1_phenyl><LB2_phenyl><LINKER_C3><LA1_p_tolyl><LA2_pentachlorophenyl>,Cc1ccc(B(CCCN(c2ccccc2)c2ccccc2)c2c(Cl)c(Cl)c(Cl)c(Cl)c2Cl)cc1
N,phenyl,phenyl,C4,p_tolyl,pentachlorophenyl,<LB_N><LB1_phenyl><LB2_phenyl><LINKER_C4><LA1_p_tolyl><LA2_pentachlorophenyl>,Cc1ccc(B(CCCCN(c2ccccc2)c2ccccc2)c2c(Cl)c(Cl)c(Cl)c(Cl)c2Cl)cc1
N,phenyl,phenyl,C5,p_tolyl,pentachlorophenyl,<LB_N><LB1_phenyl><LB2_phenyl><LINKER_C5><LA1_p_tolyl><LA2_pentachlorophenyl>,Cc1ccc(B(CCCCCN(c2ccccc2)c2ccccc2)c2c(Cl)c(Cl)c(Cl)c(Cl)c2Cl)cc1
N,phenyl,phenyl,C6,p_tolyl,pentachlorophenyl,<LB_N><LB1_phenyl><LB2_phenyl><LINKER_C6><LA1_p_tolyl><LA2_pentachlorophenyl>,Cc1ccc(B(CCCCCCN(c2ccccc2)c2ccccc2)c2c(Cl)c(Cl)c(Cl)c(Cl)c2Cl)cc1
N,phenyl,phenyl,C1,p_tolyl,bis_cf3_phenyl,<LB_N><LB1_phenyl><LB2_phenyl><LINKER_C1><LA1_p_tolyl><LA2_bis_cf3_phenyl>,Cc1ccc(B(CN(c2ccccc2)c2ccccc2)c2cc(C(F)(F)F)cc(C(F)(F)F)c2)cc1
N,phenyl,phenyl,C2,p_tolyl,bis_cf3_phenyl,<LB_N><LB1_phenyl><LB2_phenyl><LINKER_C2><LA1_p_tolyl><LA2_bis_cf3_phenyl>,Cc1ccc(B(CCN(c2ccccc2)c2ccccc2)c2cc(C(F)(F)F)cc(C(F)(F)F)c2)cc1
N,phenyl,phenyl,C3,p_tolyl,bis_cf3_phenyl,<LB_N><LB1_phenyl><LB2_phenyl><LINKER_C3><LA1_p_tolyl><LA2_bis_cf3_phenyl>,Cc1ccc(B(CCCN(c2ccccc2)c2ccccc2)c2cc(C(F)(F)F)cc(C(F)(F)F)c2)cc1
N,phenyl,phenyl,C4,p_tolyl,bis_cf3_phenyl,<LB_N><LB1_phenyl><LB2_phenyl><LINKER_C4><LA1_p_tolyl><LA2_bis_cf3_phenyl>,Cc1ccc(B(CCCCN(c2ccccc2)c2ccccc2)c2cc(C(F)(F)F)cc(C(F)(F)F)c2)cc1
N,phenyl,phenyl,C5,p_tolyl,bis_cf3_phenyl,<LB_N><LB1_phenyl><LB2_phenyl><LINKER_C5><LA1_p_tolyl><LA2_bis_cf3_phenyl>,Cc1ccc(B(CCCCCN(c2ccccc2)c2ccccc2)c2cc(C(F)(F)F)cc(C(F)(F)F)c2)cc1
N,phenyl,phenyl,C6,p_tolyl,bis_cf3_phenyl,<LB_N><LB1_phenyl><LB2_phenyl><LINKER_C6><LA1_p_tolyl><LA2_bis_cf3_phenyl>,Cc1ccc(B(CCCCCCN(c2ccccc2)c2ccccc2)c2cc(C(F)(F)F)cc(C(F)(F)F)c2)cc1
N,phenyl,phenyl,C1,mesityl,mesityl,<LB_N><LB1_phenyl><LB2_phenyl><LINKER_C1><LA1_mesityl><LA2_mesityl>,Cc1cc(C)c(B(CN(c2ccccc2)c2ccccc2)c2c(C)cc(C)cc2C)c(C)c1
N,phenyl,phenyl,C2,mesityl,mesityl,<LB_N><LB1_phenyl><LB2_phenyl><LINKER_C2><LA1_mesityl><LA2_mesityl>,Cc1cc(C)c(B(CCN(c2ccccc2)c2ccccc2)c2c(C)cc(C)cc2C)c(C)c1
N,phenyl,phenyl,C3,mesityl,mesityl,<LB_N><LB1_phenyl><LB2_phenyl><LINKER_C3><LA1_mesityl><LA2_mesityl>,Cc1cc(C)c(B(CCCN(c2ccccc2)c2ccccc2)c2c(C)cc(C)cc2C)c(C)c1
N,phenyl,phenyl,C4,mesityl,mesityl,<LB_N><LB1_phenyl><LB2_phenyl><LINKER_C4><LA1_mesityl><LA2_mesityl>,Cc1cc(C)c(B(CCCCN(c2ccccc2)c2ccccc2)c2c(C)cc(C)cc2C)c(C)c1
N,phenyl,phenyl,C5,mesityl,mesityl,<LB_N><LB1_phenyl><LB2_phenyl><LINKER_C5><LA1_mesityl><LA2_mesityl>,Cc1cc(C)c(B(CCCCCN(c2ccccc2)c2ccccc2)c2c(C)cc(C)cc2C)c(C)c1
N,phenyl,phenyl,C6,mesityl,mesityl,<LB_N><LB1_phenyl><LB2_phenyl><LINKER_C6><LA1_mesityl><LA2_mesityl>,Cc1cc(C)c(B(CCCCCCN(c2ccccc2)c2ccccc2)c2c(C)cc(C)cc2C)c(C)c1
N,phenyl,phenyl,C1,mesityl,pentafluorophenyl,<LB_N><LB1_phenyl><LB2_phenyl><LINKER_C1><LA1_mesityl><LA2_pentafluorophenyl>,Cc1cc(C)c(B(CN(c2ccccc2)c2ccccc2)c2c(F)c(F)c(F)c(F)c2F)c(C)c1
N,phenyl,phenyl,C2,mesityl,pentafluorophenyl,<LB_N><LB1_phenyl><LB2_phenyl><LINKER_C2><LA1_mesityl><LA2_pentafluorophenyl>,Cc1cc(C)c(B(CCN(c2ccccc2)c2ccccc2)c2c(F)c(F)c(F)c(F)c2F)c(C)c1
N,phenyl,phenyl,C3,mesityl,pentafluorophenyl,<LB_N><LB1_phenyl><LB2_phenyl><LINKER_C3><LA1_mesityl><LA2_pentafluorophenyl>,Cc1cc(C)c(B(CCCN(c2ccccc2)c2ccccc2)c2c(F)c(F)c(F)c(F)c2F)c(C)c1
N,phenyl,phenyl,C4,mesityl,pentafluorophenyl,<LB_N><LB1_phenyl><LB2_phenyl><LINKER_C4><LA1_mesityl><LA2_pentafluorophenyl>,Cc1cc(C)c(B(CCCCN(c2ccccc2)c2ccccc2)c2c(F)c(F)c(F)c(F)c2F)c(C)c1
N,phenyl,phenyl,C5,mesityl,pentafluorophenyl,<LB_N><LB1_phenyl><LB2_phenyl><LINKER_C5><LA1_mesityl><LA2_pentafluorophenyl>,Cc1cc(C)c(B(CCCCCN(c2ccccc2)c2ccccc2)c2c(F)c(F)c(F)c(F)c2F)c(C)c1
N,phenyl,phenyl,C6,mesityl,pentafluorophenyl,<LB_N><LB1_phenyl><LB2_phenyl><LINKER_C6><LA1_mesityl><LA2_pentafluorophenyl>,Cc1cc(C)c(B(CCCCCCN(c2ccccc2)c2ccccc2)c2c(F)c(F)c(F)c(F)c2F)c(C)c1
N,phenyl,phenyl,C1,mesityl,pentachlorophenyl,<LB_N><LB1_phenyl><LB2_phenyl><LINKER_C1><LA1_mesityl><LA2_pentachlorophenyl>,Cc1cc(C)c(B(CN(c2ccccc2)c2ccccc2)c2c(Cl)c(Cl)c(Cl)c(Cl)c2Cl)c(C)c1
N,phenyl,phenyl,C2,mesityl,pentachlorophenyl,<LB_N><LB1_phenyl><LB2_phenyl><LINKER_C2><LA1_mesityl><LA2_pentachlorophenyl>,Cc1cc(C)c(B(CCN(c2ccccc2)c2ccccc2)c2c(Cl)c(Cl)c(Cl)c(Cl)c2Cl)c(C)c1
N,phenyl,phenyl,C3,mesityl,pentachlorophenyl,<LB_N><LB1_phenyl><LB2_phenyl><LINKER_C3><LA1_mesityl><LA2_pentachlorophenyl>,Cc1cc(C)c(B(CCCN(c2ccccc2)c2ccccc2)c2c(Cl)c(Cl)c(Cl)c(Cl)c2Cl)c(C)c1
N,phenyl,phenyl,C4,mesityl,pentachlorophenyl,<LB_N><LB1_phenyl><LB2_phenyl><LINKER_C4><LA1_mesityl><LA2_pentachlorophenyl>,Cc1cc(C)c(B(CCCCN(c2ccccc2)c2ccccc2)c2c(Cl)c(Cl)c(Cl)c(Cl)c2Cl)c(C)c1
N,phenyl,phenyl,C5,mesityl,pentachlorophenyl,<LB_N><LB1_phenyl><LB2_phenyl><LINKER_C5><LA1_mesityl><LA2_pentachlorophenyl>,Cc1cc(C)c(B(CCCCCN(c2ccccc2)c2ccccc2)c2c(Cl)c(Cl)c(Cl)c(Cl)c2Cl)c(C)c1
N,phenyl,phenyl,C6,mesityl,pentachlorophenyl,<LB_N><LB1_phenyl><LB2_phenyl><LINKER_C6><LA1_mesityl><LA2_pentachlorophenyl>,Cc1cc(C)c(B(CCCCCCN(c2ccccc2)c2ccccc2)c2c(Cl)c(Cl)c(Cl)c(Cl)c2Cl)c(C)c1
N,phenyl,phenyl,C1,mesityl,bis_cf3_phenyl,<LB_N><LB1_phenyl><LB2_phenyl><LINKER_C1><LA1_mesityl><LA2_bis_cf3_phenyl>,Cc1cc(C)c(B(CN(c2ccccc2)c2ccccc2)c2cc(C(F)(F)F)cc(C(F)(F)F)c2)c(C)c1
N,phenyl,phenyl,C2,mesityl,bis_cf3_phenyl,<LB_N><LB1_phenyl><LB2_phenyl><LINKER_C2><LA1_mesityl><LA2_bis_cf3_phenyl>,Cc1cc(C)c(B(CCN(c2ccccc2)c2ccccc2)c2cc(C(F)(F)F)cc(C(F)(F)F)c2)c(C)c1
N,phenyl,phenyl,C3,mesityl,bis_cf3_phenyl,<LB_N><LB1_phenyl><LB2_phenyl><LINKER_C3><LA1_mesityl><LA2_bis_cf3_phenyl>,Cc1cc(C)c(B(CCCN(c2ccccc2)c2ccccc2)c2cc(C(F)(F)F)cc(C(F)(F)F)c2)c(C)c1
N,phenyl,phenyl,C4,mesityl,bis_cf3_phenyl,<LB_N><LB1_phenyl><LB2_phenyl><LINKER_C4><LA1_mesityl><LA2_bis_cf3_phenyl>,Cc1cc(C)c(B(CCCCN(c2ccccc2)c2ccccc2)c2cc(C(F)(F)F)cc(C(F)(F)F)c2)c(C)c1
N,phenyl,phenyl,C5,mesityl,bis_cf3_phenyl,<LB_N><LB1_phenyl><LB2_phenyl><LINKER_C5><LA1_mesityl><LA2_bis_cf3_phenyl>,Cc1cc(C)c(B(CCCCCN(c2ccccc2)c2ccccc2)c2cc(C(F)(F)F)cc(C(F)(F)F)c2)c(C)c1
N,phenyl,phenyl,C6,mesityl,bis_cf3_phenyl,<LB_N><LB1_phenyl><LB2_phenyl><LINKER_C6><LA1_mesityl><LA2_bis_cf3_phenyl>,Cc1cc(C)c(B(CCCCCCN(c2ccccc2)c2ccccc2)c2cc(C(F)(F)F)cc(C(F)(F)F)c2)c(C)c1
N,phenyl,phenyl,C1,pentafluorophenyl,pentafluorophenyl,<LB_N><LB1_phenyl><LB2_phenyl><LINKER_C1><LA1_pentafluorophenyl><LA2_pentafluorophenyl>,Fc1c(F)c(F)c(B(CN(c2ccccc2)c2ccccc2)c2c(F)c(F)c(F)c(F)c2F)c(F)c1F
N,phenyl,phenyl,C2,pentafluorophenyl,pentafluorophenyl,<LB_N><LB1_phenyl><LB2_phenyl><LINKER_C2><LA1_pentafluorophenyl><LA2_pentafluorophenyl>,Fc1c(F)c(F)c(B(CCN(c2ccccc2)c2ccccc2)c2c(F)c(F)c(F)c(F)c2F)c(F)c1F
N,phenyl,phenyl,C3,pentafluorophenyl,pentafluorophenyl,<LB_N><LB1_phenyl><LB2_phenyl><LINKER_C3><LA1_pentafluorophenyl><LA2_pentafluorophenyl>,Fc1c(F)c(F)c(B(CCCN(c2ccccc2)c2ccccc2)c2c(F)c(F)c(F)c(F)c2F)c(F)c1F
N,phenyl,phenyl,C4,pentafluorophenyl,pentafluorophenyl,<LB_N><LB1_phenyl><LB2_phenyl><LINKER_C4><LA1_pentafluorophenyl><LA2_pentafluorophenyl>,Fc1c(F)c(F)c(B(CCCCN(c2ccccc2)c2ccccc2)c2c(F)c(F)c(F)c(F)c2F)c(F)c1F
N,phenyl,phenyl,C5,pentafluorophenyl,pentafluorophenyl,<LB_N><LB1_phenyl><LB2_phenyl><LINKER_C5><LA1_pentafluorophenyl><LA2_pentafluorophenyl>,Fc1c(F)c(F)c(B(CCCCCN(c2ccccc2)c2ccccc2)c2c(F)c(F)c(F)c(F)c2F)c(F)c1F
N,phenyl,phenyl,C6,pentafluorophenyl,pentafluorophenyl,<LB_N><LB1_phenyl><LB2_phenyl><LINKER_C6><LA1_pentafluorophenyl><LA2_pentafluorophenyl>,Fc1c(F)c(F)c(B(CCCCCCN(c2ccccc2)c2ccccc2)c2c(F)c(F)c(F)c(F)c2F)c(F)c1F
N,phenyl,phenyl,C1,pentafluorophenyl,pentachlorophenyl,<LB_N><LB1_phenyl><LB2_phenyl><LINKER_C1><LA1_pentafluorophenyl><LA2_pentachlorophenyl>,Fc1c(F)c(F)c(B(CN(c2ccccc2)c2ccccc2)c2c(Cl)c(Cl)c(Cl)c(Cl)c2Cl)c(F)c1F
N,phenyl,phenyl,C2,pentafluorophenyl,pentachlorophenyl,<LB_N><LB1_phenyl><LB2_phenyl><LINKER_C2><LA1_pentafluorophenyl><LA2_pentachlorophenyl>,Fc1c(F)c(F)c(B(CCN(c2ccccc2)c2ccccc2)c2c(Cl)c(Cl)c(Cl)c(Cl)c2Cl)c(F)c1F
N,phenyl,phenyl,C3,pentafluorophenyl,pentachlorophenyl,<LB_N><LB1_phenyl><LB2_phenyl><LINKER_C3><LA1_pentafluorophenyl><LA2_pentachlorophenyl>,Fc1c(F)c(F)c(B(CCCN(c2ccccc2)c2ccccc2)c2c(Cl)c(Cl)c(Cl)c(Cl)c2Cl)c(F)c1F
N,phenyl,phenyl,C4,pentafluorophenyl,pentachlorophenyl,<LB_N><LB1_phenyl><LB2_phenyl><LINKER_C4><LA1_pentafluorophenyl><LA2_pentachlorophenyl>,Fc1c(F)c(F)c(B(CCCCN(c2ccccc2)c2ccccc2)c2c(Cl)c(Cl)c(Cl)c(Cl)c2Cl)c(F)c1F
N,phenyl,phenyl,C5,pentafluorophenyl,pentachlorophenyl,<LB_N><LB1_phenyl><LB2_phenyl><LINKER_C5><LA1_pentafluorophenyl><LA2_pentachlorophenyl>,Fc1c(F)c(F)c(B(CCCCCN(c2ccccc2)c2ccccc2)c2c(Cl)c(Cl)c(Cl)c(Cl)c2Cl)c(F)c1F
N,phenyl,phenyl,C6,pentafluorophenyl,pentachlorophenyl,<LB_N><LB1_phenyl><LB2_phenyl><LINKER_C6><LA1_pentafluorophenyl><LA2_pentachlorophenyl>,Fc1c(F)c(F)c(B(CCCCCCN(c2ccccc2)c2ccccc2)c2c(Cl)c(Cl)c(Cl)c(Cl)c2Cl)c(F)c1F
N,phenyl,phenyl,C1,pentafluorophenyl,bis_cf3_phenyl,<LB_N><LB1_phenyl><LB2_phenyl><LINKER_C1><LA1_pentafluorophenyl><LA2_bis_cf3_phenyl>,Fc1c(F)c(F)c(B(CN(c2ccccc2)c2ccccc2)c2cc(C(F)(F)F)cc(C(F)(F)F)c2)c(F)c1F
N,phenyl,phenyl,C2,pentafluorophenyl,bis_cf3_phenyl,<LB_N><LB1_phenyl><LB2_phenyl><LINKER_C2><LA1_pentafluorophenyl><LA2_bis_cf3_phenyl>,Fc1c(F)c(F)c(B(CCN(c2ccccc2)c2ccccc2)c2cc(C(F)(F)F)cc(C(F)(F)F)c2)c(F)c1F
N,phenyl,phenyl,C3,pentafluorophenyl,bis_cf3_phenyl,<LB_N><LB1_phenyl><LB2_phenyl><LINKER_C3><LA1_pentafluorophenyl><LA2_bis_cf3_phenyl>,Fc1c(F)c(F)c(B(CCCN(c2ccccc2)c2ccccc2)c2cc(C(F)(F)F)cc(C(F)(F)F)c2)c(F)c1F
N,phenyl,phenyl,C4,pentafluorophenyl,bis_cf3_phenyl,<LB_N><LB1_phenyl><LB2_phenyl><LINKER_C4><LA1_pentafluorophenyl><LA2_bis_cf3_phenyl>,Fc1c(F)c(F)c(B(CCCCN(c2ccccc2)c2ccccc2)c2cc(C(F)(F)F)cc(C(F)(F)F)c2)c(F)c1F
N,phenyl,phenyl,C5,pentafluorophenyl,bis_cf3_phenyl,<LB_N><LB1_phenyl><LB2_phenyl><LINKER_C5><LA1_pentafluorophenyl><LA2_bis_cf3_phenyl>,Fc1c(F)c(F)c(B(CCCCCN(c2ccccc2)c2ccccc2)c2cc(C(F)(F)F)cc(C(F)(F)F)c2)c(F)c1F
N,phenyl,phenyl,C6,pentafluorophenyl,bis_cf3_phenyl,<LB_N><LB1_phenyl><LB2_phenyl><LINKER_C6><LA1_pentafluorophenyl><LA2_bis_cf3_phenyl>,Fc1c(F)c(F)c(B(CCCCCCN(c2ccccc2)c2ccccc2)c2cc(C(F)(F)F)cc(C(F)(F)F)c2)c(F)c1F
N,phenyl,phenyl,C1,pentachlorophenyl,pentachlorophenyl,<LB_N><LB1_phenyl><LB2_phenyl><LINKER_C1><LA1_pentachlorophenyl><LA2_pentachlorophenyl>,Clc1c(Cl)c(Cl)c(B(CN(c2ccccc2)c2ccccc2)c2c(Cl)c(Cl)c(Cl)c(Cl)c2Cl)c(Cl)c1Cl
N,phenyl,phenyl,C2,pentachlorophenyl,pentachlorophenyl,<LB_N><LB1_phenyl><LB2_phenyl><LINKER_C2><LA1_pentachlorophenyl><LA2_pentachlorophenyl>,Clc1c(Cl)c(Cl)c(B(CCN(c2ccccc2)c2ccccc2)c2c(Cl)c(Cl)c(Cl)c(Cl)c2Cl)c(Cl)c1Cl
N,phenyl,phenyl,C3,pentachlorophenyl,pentachlorophenyl,<LB_N><LB1_phenyl><LB2_phenyl><LINKER_C3><LA1_pentachlorophenyl><LA2_pentachlorophenyl>,Clc1c(Cl)c(Cl)c(B(CCCN(c2ccccc2)c2ccccc2)c2c(Cl)c(Cl)c(Cl)c(Cl)c2Cl)c(Cl)c1Cl
N,phenyl,phenyl,C4,pentachlorophenyl,pentachlorophenyl,<LB_N><LB1_phenyl><LB2_phenyl><LINKER_C4><LA1_pentachlorophenyl><LA2_pentachlorophenyl>,Clc1c(Cl)c(Cl)c(B(CCCCN(c2ccccc2)c2ccccc2)c2c(Cl)c(Cl)c(Cl)c(Cl)c2Cl)c(Cl)c1Cl
N,phenyl,phenyl,C5,pentachlorophenyl,pentachlorophenyl,<LB_N><LB1_phenyl><LB2_phenyl><LINKER_C5><LA1_pentachlorophenyl><LA2_pentachlorophenyl>,Clc1c(Cl)c(Cl)c(B(CCCCCN(c2ccccc2)c2ccccc2)c2c(Cl)c(Cl)c(Cl)c(Cl)c2Cl)c(Cl)c1Cl
N,phenyl,phenyl,C6,pentachlorophenyl,pentachlorophenyl,<LB_N><LB1_phenyl><LB2_phenyl><LINKER_C6><LA1_pentachlorophenyl><LA2_pentachlorophenyl>,Clc1c(Cl)c(Cl)c(B(CCCCCCN(c2ccccc2)c2ccccc2)c2c(Cl)c(Cl)c(Cl)c(Cl)c2Cl)c(Cl)c1Cl
N,phenyl,phenyl,C1,pentachlorophenyl,bis_cf3_phenyl,<LB_N><LB1_phenyl><LB2_phenyl><LINKER_C1><LA1_pentachlorophenyl><LA2_bis_cf3_phenyl>,FC(F)(F)c1cc(B(CN(c2ccccc2)c2ccccc2)c2c(Cl)c(Cl)c(Cl)c(Cl)c2Cl)cc(C(F)(F)F)c1
N,phenyl,phenyl,C2,pentachlorophenyl,bis_cf3_phenyl,<LB_N><LB1_phenyl><LB2_phenyl><LINKER_C2><LA1_pentachlorophenyl><LA2_bis_cf3_phenyl>,FC(F)(F)c1cc(B(CCN(c2ccccc2)c2ccccc2)c2c(Cl)c(Cl)c(Cl)c(Cl)c2Cl)cc(C(F)(F)F)c1
N,phenyl,phenyl,C3,pentachlorophenyl,bis_cf3_phenyl,<LB_N><LB1_phenyl><LB2_phenyl><LINKER_C3><LA1_pentachlorophenyl><LA2_bis_cf3_phenyl>,FC(F)(F)c1cc(B(CCCN(c2ccccc2)c2ccccc2)c2c(Cl)c(Cl)c(Cl)c(Cl)c2Cl)cc(C(F)(F)F)c1
N,phenyl,phenyl,C4,pentachlorophenyl,bis_cf3_phenyl,<LB_N><LB1_phenyl><LB2_phenyl><LINKER_C4><LA1_pentachlorophenyl><LA2_bis_cf3_phenyl>,FC(F)(F)c1cc(B(CCCCN(c2ccccc2)c2ccccc2)c2c(Cl)c(Cl)c(Cl)c(Cl)c2Cl)cc(C(F)(F)F)c1
N,phenyl,phenyl,C5,pentachlorophenyl,bis_cf3_phenyl,<LB_N><LB1_phenyl><LB2_phenyl><LINKER_C5><LA1_pentachlorophenyl><LA2_bis_cf3_phenyl>,FC(F)(F)c1cc(B(CCCCCN(c2ccccc2)c2ccccc2)c2c(Cl)c(Cl)c(Cl)c(Cl)c2Cl)cc(C(F)(F)F)c1
N,phenyl,phenyl,C6,pentachlorophenyl,bis_cf3_phenyl,<LB_N><LB1_phenyl><LB2_phenyl><LINKER_C6><LA1_pentachlorophenyl><LA2_bis_cf3_phenyl>,FC(F)(F)c1cc(B(CCCCCCN(c2ccccc2)c2ccccc2)c2c(Cl)c(Cl)c(Cl)c(Cl)c2Cl)cc(C(F)(F)F)c1
N,phenyl,phenyl,C1,bis_cf3_phenyl,bis_cf3_phenyl,<LB_N><LB1_phenyl><LB2_phenyl><LINKER_C1><LA1_bis_cf3_phenyl><LA2_bis_cf3_phenyl>,FC(F)(F)c1cc(B(CN(c2ccccc2)c2ccccc2)c2cc(C(F)(F)F)cc(C(F)(F)F)c2)cc(C(F)(F)F)c1
N,phenyl,phenyl,C2,bis_cf3_phenyl,bis_cf3_phenyl,<LB_N><LB1_phenyl><LB2_phenyl><LINKER_C2><LA1_bis_cf3_phenyl><LA2_bis_cf3_phenyl>,FC(F)(F)c1cc(B(CCN(c2ccccc2)c2ccccc2)c2cc(C(F)(F)F)cc(C(F)(F)F)c2)cc(C(F)(F)F)c1
N,phenyl,phenyl,C3,bis_cf3_phenyl,bis_cf3_phenyl,<LB_N><LB1_phenyl><LB2_phenyl><LINKER_C3><LA1_bis_cf3_phenyl><LA2_bis_cf3_phenyl>,FC(F)(F)c1cc(B(CCCN(c2ccccc2)c2ccccc2)c2cc(C(F)(F)F)cc(C(F)(F)F)c2)cc(C(F)(F)F)c1
N,phenyl,phenyl,C4,bis_cf3_phenyl,bis_cf3_phenyl,<LB_N><LB1_phenyl><LB2_phenyl><LINKER_C4><LA1_bis_cf3_phenyl><LA2_bis_cf3_phenyl>,FC(F)(F)c1cc(B(CCCCN(c2ccccc2)c2ccccc2)c2cc(C(F)(F)F)cc(C(F)(F)F)c2)cc(C(F)(F)F)c1
N,phenyl,phenyl,C5,bis_cf3_phenyl,bis_cf3_phenyl,<LB_N><LB1_phenyl><LB2_phenyl><LINKER_C5><LA1_bis_cf3_phenyl><LA2_bis_cf3_phenyl>,FC(F)(F)c1cc(B(CCCCCN(c2ccccc2)c2ccccc2)c2cc(C(F)(F)F)cc(C(F)(F)F)c2)cc(C(F)(F)F)c1
N,phenyl,phenyl,C6,bis_cf3_phenyl,bis_cf3_phenyl,<LB_N><LB1_phenyl><LB2_phenyl><LINKER_C6><LA1_bis_cf3_phenyl><LA2_bis_cf3_phenyl>,FC(F)(F)c1cc(B(CCCCCCN(c2ccccc2)c2ccccc2)c2cc(C(F)(F)F)cc(C(F)(F)F)c2)cc(C(F)(F)F)c1
