lb_atom,lb_substituent_1,lb_substituent_2,linker,la_substituent_1,la_substituent_2,fragment_tokens,raw_smiles,is_valid,canonical_smiles,isomeric_smiles,failure_reasons,is_unique_valid,generation_count,snn_to_train,novel_vs_train,novel_vs_all_seed,novel_vs_templates,novel_vs_all_reference,stereo_novel_vs_train,stereo_novel_vs_all_reference,chemically_sane,sanity_reasons,formal_charge,heavy_atoms,is_neutral,is_single_component,has_LA,has_LB,LA_types,LB_types,excluded_LB_types,negative_flags,flp_tier,min_LA_LB_bonds,no_negative_flags,is_strict_flp_like,is_novel_flp_like,is_final_candidate,is_fragment_candidate,generation_seed,sample_count
P,mesityl,mesityl,C1,p_tolyl,p_tolyl,<LB_P><LB1_mesityl><LB2_mesityl><LINKER_C1><LA1_p_tolyl><LA2_p_tolyl>,Cc1ccc(B(CP(c2c(C)cc(C)cc2C)c2c(C)cc(C)cc2C)c2ccc(C)cc2)cc1,True,Cc1ccc(B(CP(c2c(C)cc(C)cc2C)c2c(C)cc(C)cc2C)c2ccc(C)cc2)cc1,Cc1ccc(B(CP(c2c(C)cc(C)cc2C)c2c(C)cc(C)cc2C)c2ccc(C)cc2)cc1,[],True,1,0.42857142857142855,True,True,False,False,True,False,True,[],0,35,True,True,True,True,"['LA_B_aryl', 'LA_B_diaryl', 'LA_B_tricoordinate']",['LB_phosphine'],[],[],LA_LB_no_negative_flags,2,True,True,False,False,True,101,2
P,phenyl,tert_butyl,C3,p_tolyl,bis_cf3_phenyl,<LB_P><LB1_phenyl><LB2_tert_butyl><LINKER_C3><LA1_p_tolyl><LA2_bis_cf3_phenyl>,Cc1ccc(B(CCCP(c2ccccc2)C(C)(C)C)c2cc(C(F)(F)F)cc(C(F)(F)F)c2)cc1,True,Cc1ccc(B(CCCP(c2ccccc2)C(C)(C)C)c2cc(C(F)(F)F)cc(C(F)(F)F)c2)cc1,Cc1ccc(B(CCCP(c2ccccc2)C(C)(C)C)c2cc(C(F)(F)F)cc(C(F)(F)F)c2)cc1,[],True,1,0.42,True,True,False,False,True,False,True,[],0,36,True,True,True,True,"['LA_B_aryl', 'LA_B_diaryl', 'LA_B_tricoordinate']",['LB_phosphine'],[],[],LA_LB_no_negative_flags,4,True,True,False,False,True,101,1
P,cyclohexyl,isopropyl,C1,mesityl,mesityl,<LB_P><LB1_cyclohexyl><LB2_isopropyl><LINKER_C1><LA1_mesityl><LA2_mesityl>,Cc1cc(C)c(B(CP(C(C)C)C2CCCCC2)c2c(C)cc(C)cc2C)c(C)c1,True,Cc1cc(C)c(B(CP(C(C)C)C2CCCCC2)c2c(C)cc(C)cc2C)c(C)c1,Cc1cc(C)c(B(CP(C(C)C)C2CCCCC2)c2c(C)cc(C)cc2C)c(C)c1,[],True,1,0.42857142857142855,True,True,False,False,True,False,True,[],0,30,True,True,True,True,"['LA_B_aryl', 'LA_B_diaryl', 'LA_B_tricoordinate']",['LB_phosphine'],[],[],LA_LB_no_negative_flags,2,True,True,False,False,True,101,1
P,tert_butyl,cyclohexyl,C2,p_tolyl,bis_cf3_phenyl,<LB_P><LB1_tert_butyl><LB2_cyclohexyl><LINKER_C2><LA1_p_tolyl><LA2_bis_cf3_phenyl>,Cc1ccc(B(CCP(C2CCCCC2)C(C)(C)C)c2cc(C(F)(F)F)cc(C(F)(F)F)c2)cc1,True,Cc1ccc(B(CCP(C2CCCCC2)C(C)(C)C)c2cc(C(F)(F)F)cc(C(F)(F)F)c2)cc1,Cc1ccc(B(CCP(C2CCCCC2)C(C)(C)C)c2cc(C(F)(F)F)cc(C(F)(F)F)c2)cc1,[],True,1,0.4117647058823529,True,True,False,False,True,False,True,[],0,35,True,True,True,True,"['LA_B_aryl', 'LA_B_diaryl', 'LA_B_tricoordinate']",['LB_phosphine'],[],[],LA_LB_no_negative_flags,3,True,True,False,False,True,101,1
P,tert_butyl,cyclohexyl,C4,mesityl,pentachlorophenyl,<LB_P><LB1_tert_butyl><LB2_cyclohexyl><LINKER_C4><LA1_mesityl><LA2_pentachlorophenyl>,Cc1cc(C)c(B(CCCCP(C2CCCCC2)C(C)(C)C)c2c(Cl)c(Cl)c(Cl)c(Cl)c2Cl)c(C)c1,True,Cc1cc(C)c(B(CCCCP(C2CCCCC2)C(C)(C)C)c2c(Cl)c(Cl)c(Cl)c(Cl)c2Cl)c(C)c1,Cc1cc(C)c(B(CCCCP(C2CCCCC2)C(C)(C)C)c2c(Cl)c(Cl)c(Cl)c(Cl)c2Cl)c(C)c1,[],True,1,0.4423076923076923,True,True,False,False,True,False,True,[],0,36,True,True,True,True,"['LA_B_aryl', 'LA_B_diaryl', 'LA_B_polyhalogenated_aryl', 'LA_B_tricoordinate']",['LB_phosphine'],[],[],LA_LB_no_negative_flags,5,True,True,False,False,True,101,1
P,mesityl,isopropyl,C3,pentafluorophenyl,pentachlorophenyl,<LB_P><LB1_mesityl><LB2_isopropyl><LINKER_C3><LA1_pentafluorophenyl><LA2_pentachlorophenyl>,Cc1cc(C)c(P(CCCB(c2c(F)c(F)c(F)c(F)c2F)c2c(Cl)c(Cl)c(Cl)c(Cl)c2Cl)C(C)C)c(C)c1,True,Cc1cc(C)c(P(CCCB(c2c(F)c(F)c(F)c(F)c2F)c2c(Cl)c(Cl)c(Cl)c(Cl)c2Cl)C(C)C)c(C)c1,Cc1cc(C)c(P(CCCB(c2c(F)c(F)c(F)c(F)c2F)c2c(Cl)c(Cl)c(Cl)c(Cl)c2Cl)C(C)C)c(C)c1,[],True,1,0.5625,True,True,False,False,True,False,True,[],0,39,True,True,True,True,"['LA_B_aryl', 'LA_B_diaryl', 'LA_B_polyhalogenated_aryl', 'LA_B_tricoordinate']",['LB_phosphine'],[],[],LA_LB_no_negative_flags,4,True,True,False,False,True,101,2
N,phenyl,phenyl,C6,mesityl,pentafluorophenyl,<LB_N><LB1_phenyl><LB2_phenyl><LINKER_C6><LA1_mesityl><LA2_pentafluorophenyl>,Cc1cc(C)c(B(CCCCCCN(c2ccccc2)c2ccccc2)c2c(F)c(F)c(F)c(F)c2F)c(C)c1,True,Cc1cc(C)c(B(CCCCCCN(c2ccccc2)c2ccccc2)c2c(F)c(F)c(F)c(F)c2F)c(C)c1,Cc1cc(C)c(B(CCCCCCN(c2ccccc2)c2ccccc2)c2c(F)c(F)c(F)c(F)c2F)c(C)c1,[],True,1,0.4897959183673469,True,True,False,False,True,False,True,[],0,40,True,True,True,True,"['LA_B_aryl', 'LA_B_diaryl', 'LA_B_polyhalogenated_aryl', 'LA_B_tricoordinate']",['LB_amine'],[],[],LA_LB_no_negative_flags,7,True,True,False,False,True,101,2
P,phenyl,phenyl,C4,phenyl,p_tolyl,<LB_P><LB1_phenyl><LB2_phenyl><LINKER_C4><LA1_phenyl><LA2_p_tolyl>,Cc1ccc(B(CCCCP(c2ccccc2)c2ccccc2)c2ccccc2)cc1,True,Cc1ccc(B(CCCCP(c2ccccc2)c2ccccc2)c2ccccc2)cc1,Cc1ccc(B(CCCCP(c2ccccc2)c2ccccc2)c2ccccc2)cc1,[],True,1,0.55,True,True,False,False,True,False,True,[],0,31,True,True,True,True,"['LA_B_aryl', 'LA_B_diaryl', 'LA_B_tricoordinate']",['LB_phosphine'],[],[],LA_LB_no_negative_flags,5,True,True,False,False,True,101,1
P,cyclohexyl,isopropyl,C4,mesityl,pentafluorophenyl,<LB_P><LB1_cyclohexyl><LB2_isopropyl><LINKER_C4><LA1_mesityl><LA2_pentafluorophenyl>,Cc1cc(C)c(B(CCCCP(C(C)C)C2CCCCC2)c2c(F)c(F)c(F)c(F)c2F)c(C)c1,True,Cc1cc(C)c(B(CCCCP(C(C)C)C2CCCCC2)c2c(F)c(F)c(F)c(F)c2F)c(C)c1,Cc1cc(C)c(B(CCCCP(C(C)C)C2CCCCC2)c2c(F)c(F)c(F)c(F)c2F)c(C)c1,[],True,1,0.5294117647058824,True,True,False,False,True,False,True,[],0,35,True,True,True,True,"['LA_B_aryl', 'LA_B_diaryl', 'LA_B_polyhalogenated_aryl', 'LA_B_tricoordinate']",['LB_phosphine'],[],[],LA_LB_no_negative_flags,5,True,True,False,False,True,101,1
P,mesityl,isopropyl,C5,phenyl,mesityl,<LB_P><LB1_mesityl><LB2_isopropyl><LINKER_C5><LA1_phenyl><LA2_mesityl>,Cc1cc(C)c(B(CCCCCP(c2c(C)cc(C)cc2C)C(C)C)c2ccccc2)c(C)c1,True,Cc1cc(C)c(B(CCCCCP(c2c(C)cc(C)cc2C)C(C)C)c2ccccc2)c(C)c1,Cc1cc(C)c(B(CCCCCP(c2c(C)cc(C)cc2C)C(C)C)c2ccccc2)c(C)c1,[],True,1,0.43137254901960786,True,True,False,False,True,False,True,[],0,34,True,True,True,True,"['LA_B_aryl', 'LA_B_diaryl', 'LA_B_tricoordinate']",['LB_phosphine'],[],[],LA_LB_no_negative_flags,6,True,True,False,False,True,101,1
P,mesityl,tert_butyl,C4,pentafluorophenyl,pentafluorophenyl,<LB_P><LB1_mesityl><LB2_tert_butyl><LINKER_C4><LA1_pentafluorophenyl><LA2_pentafluorophenyl>,Cc1cc(C)c(P(CCCCB(c2c(F)c(F)c(F)c(F)c2F)c2c(F)c(F)c(F)c(F)c2F)C(C)(C)C)c(C)c1,True,Cc1cc(C)c(P(CCCCB(c2c(F)c(F)c(F)c(F)c2F)c2c(F)c(F)c(F)c(F)c2F)C(C)(C)C)c(C)c1,Cc1cc(C)c(P(CCCCB(c2c(F)c(F)c(F)c(F)c2F)c2c(F)c(F)c(F)c(F)c2F)C(C)(C)C)c(C)c1,[],True,1,0.7073170731707317,True,True,False,False,True,False,True,[],0,41,True,True,True,True,"['LA_B_aryl', 'LA_B_diaryl', 'LA_B_polyhalogenated_aryl', 'LA_B_tricoordinate']",['LB_phosphine'],[],[],LA_LB_no_negative_flags,5,True,True,False,False,True,101,1
P,phenyl,mesityl,C4,phenyl,pentafluorophenyl,<LB_P><LB1_phenyl><LB2_mesityl><LINKER_C4><LA1_phenyl><LA2_pentafluorophenyl>,Cc1cc(C)c(P(CCCCB(c2ccccc2)c2c(F)c(F)c(F)c(F)c2F)c2ccccc2)c(C)c1,True,Cc1cc(C)c(P(CCCCB(c2ccccc2)c2c(F)c(F)c(F)c(F)c2F)c2ccccc2)c(C)c1,Cc1cc(C)c(P(CCCCB(c2ccccc2)c2c(F)c(F)c(F)c(F)c2F)c2ccccc2)c(C)c1,[],True,1,0.7045454545454546,True,True,False,False,True,False,True,[],0,38,True,True,True,True,"['LA_B_aryl', 'LA_B_diaryl', 'LA_B_polyhalogenated_aryl', 'LA_B_tricoordinate']",['LB_phosphine'],[],[],LA_LB_no_negative_flags,5,True,True,False,False,True,101,2
P,mesityl,cyclohexyl,C6,pentafluorophenyl,pentachlorophenyl,<LB_P><LB1_mesityl><LB2_cyclohexyl><LINKER_C6><LA1_pentafluorophenyl><LA2_pentachlorophenyl>,Cc1cc(C)c(P(CCCCCCB(c2c(F)c(F)c(F)c(F)c2F)c2c(Cl)c(Cl)c(Cl)c(Cl)c2Cl)C2CCCCC2)c(C)c1,True,Cc1cc(C)c(P(CCCCCCB(c2c(F)c(F)c(F)c(F)c2F)c2c(Cl)c(Cl)c(Cl)c(Cl)c2Cl)C2CCCCC2)c(C)c1,Cc1cc(C)c(P(CCCCCCB(c2c(F)c(F)c(F)c(F)c2F)c2c(Cl)c(Cl)c(Cl)c(Cl)c2Cl)C2CCCCC2)c(C)c1,[],True,1,0.5471698113207547,True,True,False,False,True,False,True,[],0,45,True,True,True,True,"['LA_B_aryl', 'LA_B_diaryl', 'LA_B_polyhalogenated_aryl', 'LA_B_tricoordinate']",['LB_phosphine'],[],[],LA_LB_no_negative_flags,7,True,True,False,False,True,101,1
P,mesityl,isopropyl,C5,mesityl,pentafluorophenyl,<LB_P><LB1_mesityl><LB2_isopropyl><LINKER_C5><LA1_mesityl><LA2_pentafluorophenyl>,Cc1cc(C)c(B(CCCCCP(c2c(C)cc(C)cc2C)C(C)C)c2c(F)c(F)c(F)c(F)c2F)c(C)c1,True,Cc1cc(C)c(B(CCCCCP(c2c(C)cc(C)cc2C)C(C)C)c2c(F)c(F)c(F)c(F)c2F)c(C)c1,Cc1cc(C)c(B(CCCCCP(c2c(C)cc(C)cc2C)C(C)C)c2c(F)c(F)c(F)c(F)c2F)c(C)c1,[],True,1,0.6590909090909091,True,True,False,False,True,False,True,[],0,39,True,True,True,True,"['LA_B_aryl', 'LA_B_diaryl', 'LA_B_polyhalogenated_aryl', 'LA_B_tricoordinate']",['LB_phosphine'],[],[],LA_LB_no_negative_flags,6,True,True,False,False,True,101,2
P,phenyl,mesityl,C1,phenyl,phenyl,<LB_P><LB1_phenyl><LB2_mesityl><LINKER_C1><LA1_phenyl><LA2_phenyl>,Cc1cc(C)c(P(CB(c2ccccc2)c2ccccc2)c2ccccc2)c(C)c1,True,Cc1cc(C)c(P(CB(c2ccccc2)c2ccccc2)c2ccccc2)c(C)c1,Cc1cc(C)c(P(CB(c2ccccc2)c2ccccc2)c2ccccc2)c(C)c1,[],True,1,0.4222222222222222,True,True,False,False,True,False,True,[],0,30,True,True,True,True,"['LA_B_aryl', 'LA_B_diaryl', 'LA_B_tricoordinate']",['LB_phosphine'],[],[],LA_LB_no_negative_flags,2,True,True,False,False,True,101,1
P,mesityl,cyclohexyl,C1,phenyl,p_tolyl,<LB_P><LB1_mesityl><LB2_cyclohexyl><LINKER_C1><LA1_phenyl><LA2_p_tolyl>,Cc1ccc(B(CP(c2c(C)cc(C)cc2C)C2CCCCC2)c2ccccc2)cc1,True,Cc1ccc(B(CP(c2c(C)cc(C)cc2C)C2CCCCC2)c2ccccc2)cc1,Cc1ccc(B(CP(c2c(C)cc(C)cc2C)C2CCCCC2)c2ccccc2)cc1,[],True,1,0.41509433962264153,True,True,False,False,True,False,True,[],0,31,True,True,True,True,"['LA_B_aryl', 'LA_B_diaryl', 'LA_B_tricoordinate']",['LB_phosphine'],[],[],LA_LB_no_negative_flags,2,True,True,False,False,True,101,1
P,tert_butyl,cyclohexyl,C2,mesityl,bis_cf3_phenyl,<LB_P><LB1_tert_butyl><LB2_cyclohexyl><LINKER_C2><LA1_mesityl><LA2_bis_cf3_phenyl>,Cc1cc(C)c(B(CCP(C2CCCCC2)C(C)(C)C)c2cc(C(F)(F)F)cc(C(F)(F)F)c2)c(C)c1,True,Cc1cc(C)c(B(CCP(C2CCCCC2)C(C)(C)C)c2cc(C(F)(F)F)cc(C(F)(F)F)c2)c(C)c1,Cc1cc(C)c(B(CCP(C2CCCCC2)C(C)(C)C)c2cc(C(F)(F)F)cc(C(F)(F)F)c2)c(C)c1,[],True,1,0.40384615384615385,True,True,False,False,True,False,True,[],0,37,True,True,True,True,"['LA_B_aryl', 'LA_B_diaryl', 'LA_B_tricoordinate']",['LB_phosphine'],[],[],LA_LB_no_negative_flags,3,True,True,False,False,True,101,2
P,phenyl,mesityl,C4,phenyl,mesityl,<LB_P><LB1_phenyl><LB2_mesityl><LINKER_C4><LA1_phenyl><LA2_mesityl>,Cc1cc(C)c(B(CCCCP(c2ccccc2)c2c(C)cc(C)cc2C)c2ccccc2)c(C)c1,True,Cc1cc(C)c(B(CCCCP(c2ccccc2)c2c(C)cc(C)cc2C)c2ccccc2)c(C)c1,Cc1cc(C)c(B(CCCCP(c2ccccc2)c2c(C)cc(C)cc2C)c2ccccc2)c(C)c1,[],True,1,0.5434782608695652,True,True,False,False,True,False,True,[],0,36,True,True,True,True,"['LA_B_aryl', 'LA_B_diaryl', 'LA_B_tricoordinate']",['LB_phosphine'],[],[],LA_LB_no_negative_flags,5,True,True,False,False,True,101,2
P,mesityl,isopropyl,C1,pentachlorophenyl,bis_cf3_phenyl,<LB_P><LB1_mesityl><LB2_isopropyl><LINKER_C1><LA1_pentachlorophenyl><LA2_bis_cf3_phenyl>,Cc1cc(C)c(P(CB(c2cc(C(F)(F)F)cc(C(F)(F)F)c2)c2c(Cl)c(Cl)c(Cl)c(Cl)c2Cl)C(C)C)c(C)c1,True,Cc1cc(C)c(P(CB(c2cc(C(F)(F)F)cc(C(F)(F)F)c2)c2c(Cl)c(Cl)c(Cl)c(Cl)c2Cl)C(C)C)c(C)c1,Cc1cc(C)c(P(CB(c2cc(C(F)(F)F)cc(C(F)(F)F)c2)c2c(Cl)c(Cl)c(Cl)c(Cl)c2Cl)C(C)C)c(C)c1,[],True,1,0.46153846153846156,True,True,False,False,True,False,True,[],0,40,True,True,True,True,"['LA_B_aryl', 'LA_B_diaryl', 'LA_B_polyhalogenated_aryl', 'LA_B_tricoordinate']",['LB_phosphine'],[],[],LA_LB_no_negative_flags,2,True,True,False,False,True,101,1
N,methyl,ethyl,C2,mesityl,pentafluorophenyl,<LB_N><LB1_methyl><LB2_ethyl><LINKER_C2><LA1_mesityl><LA2_pentafluorophenyl>,CCN(C)CCB(c1c(C)cc(C)cc1C)c1c(F)c(F)c(F)c(F)c1F,True,CCN(C)CCB(c1c(C)cc(C)cc1C)c1c(F)c(F)c(F)c(F)c1F,CCN(C)CCB(c1c(C)cc(C)cc1C)c1c(F)c(F)c(F)c(F)c1F,[],True,1,0.4888888888888889,True,True,False,False,True,False,True,[],0,27,True,True,True,True,"['LA_B_aryl', 'LA_B_diaryl', 'LA_B_polyhalogenated_aryl', 'LA_B_tricoordinate']",['LB_amine'],[],[],LA_LB_no_negative_flags,3,True,True,False,False,True,101,1
N,isopropyl,isopropyl,C5,mesityl,pentafluorophenyl,<LB_N><LB1_isopropyl><LB2_isopropyl><LINKER_C5><LA1_mesityl><LA2_pentafluorophenyl>,Cc1cc(C)c(B(CCCCCN(C(C)C)C(C)C)c2c(F)c(F)c(F)c(F)c2F)c(C)c1,True,Cc1cc(C)c(B(CCCCCN(C(C)C)C(C)C)c2c(F)c(F)c(F)c(F)c2F)c(C)c1,Cc1cc(C)c(B(CCCCCN(C(C)C)C(C)C)c2c(F)c(F)c(F)c(F)c2F)c(C)c1,[],True,1,0.5217391304347826,True,True,False,False,True,False,True,[],0,33,True,True,True,True,"['LA_B_aryl', 'LA_B_diaryl', 'LA_B_polyhalogenated_aryl', 'LA_B_tricoordinate']",['LB_amine'],[],[],LA_LB_no_negative_flags,6,True,True,False,False,True,101,1
P,tert_butyl,isopropyl,C6,p_tolyl,pentafluorophenyl,<LB_P><LB1_tert_butyl><LB2_isopropyl><LINKER_C6><LA1_p_tolyl><LA2_pentafluorophenyl>,Cc1ccc(B(CCCCCCP(C(C)C)C(C)(C)C)c2c(F)c(F)c(F)c(F)c2F)cc1,True,Cc1ccc(B(CCCCCCP(C(C)C)C(C)(C)C)c2c(F)c(F)c(F)c(F)c2F)cc1,Cc1ccc(B(CCCCCCP(C(C)C)C(C)(C)C)c2c(F)c(F)c(F)c(F)c2F)cc1,[],True,1,0.46,True,True,False,False,True,False,True,[],0,33,True,True,True,True,"['LA_B_aryl', 'LA_B_diaryl', 'LA_B_polyhalogenated_aryl', 'LA_B_tricoordinate']",['LB_phosphine'],[],[],LA_LB_no_negative_flags,7,True,True,False,False,True,101,1
P,mesityl,cyclohexyl,C5,p_tolyl,pentachlorophenyl,<LB_P><LB1_mesityl><LB2_cyclohexyl><LINKER_C5><LA1_p_tolyl><LA2_pentachlorophenyl>,Cc1ccc(B(CCCCCP(c2c(C)cc(C)cc2C)C2CCCCC2)c2c(Cl)c(Cl)c(Cl)c(Cl)c2Cl)cc1,True,Cc1ccc(B(CCCCCP(c2c(C)cc(C)cc2C)C2CCCCC2)c2c(Cl)c(Cl)c(Cl)c(Cl)c2Cl)cc1,Cc1ccc(B(CCCCCP(c2c(C)cc(C)cc2C)C2CCCCC2)c2c(Cl)c(Cl)c(Cl)c(Cl)c2Cl)cc1,[],True,1,0.4444444444444444,True,True,False,False,True,False,True,[],0,40,True,True,True,True,"['LA_B_aryl', 'LA_B_diaryl', 'LA_B_polyhalogenated_aryl', 'LA_B_tricoordinate']",['LB_phosphine'],[],[],LA_LB_no_negative_flags,6,True,True,False,False,True,101,1
N,ethyl,isopropyl,C3,pentafluorophenyl,pentafluorophenyl,<LB_N><LB1_ethyl><LB2_isopropyl><LINKER_C3><LA1_pentafluorophenyl><LA2_pentafluorophenyl>,CCN(CCCB(c1c(F)c(F)c(F)c(F)c1F)c1c(F)c(F)c(F)c(F)c1F)C(C)C,True,CCN(CCCB(c1c(F)c(F)c(F)c(F)c1F)c1c(F)c(F)c(F)c(F)c1F)C(C)C,CCN(CCCB(c1c(F)c(F)c(F)c(F)c1F)c1c(F)c(F)c(F)c(F)c1F)C(C)C,[],True,1,0.4186046511627907,True,True,False,False,True,False,True,[],0,32,True,True,True,True,"['LA_B_aryl', 'LA_B_diaryl', 'LA_B_polyhalogenated_aryl', 'LA_B_tricoordinate']",['LB_amine'],[],[],LA_LB_no_negative_flags,4,True,True,False,False,True,101,2
P,mesityl,isopropyl,C2,p_tolyl,pentafluorophenyl,<LB_P><LB1_mesityl><LB2_isopropyl><LINKER_C2><LA1_p_tolyl><LA2_pentafluorophenyl>,Cc1ccc(B(CCP(c2c(C)cc(C)cc2C)C(C)C)c2c(F)c(F)c(F)c(F)c2F)cc1,True,Cc1ccc(B(CCP(c2c(C)cc(C)cc2C)C(C)C)c2c(F)c(F)c(F)c(F)c2F)cc1,Cc1ccc(B(CCP(c2c(C)cc(C)cc2C)C(C)C)c2c(F)c(F)c(F)c(F)c2F)cc1,[],True,1,0.5,True,True,False,False,True,False,True,[],0,34,True,True,True,True,"['LA_B_aryl', 'LA_B_diaryl', 'LA_B_polyhalogenated_aryl', 'LA_B_tricoordinate']",['LB_phosphine'],[],[],LA_LB_no_negative_flags,3,True,True,False,False,True,101,1
P,mesityl,isopropyl,C1,phenyl,bis_cf3_phenyl,<LB_P><LB1_mesityl><LB2_isopropyl><LINKER_C1><LA1_phenyl><LA2_bis_cf3_phenyl>,Cc1cc(C)c(P(CB(c2ccccc2)c2cc(C(F)(F)F)cc(C(F)(F)F)c2)C(C)C)c(C)c1,True,Cc1cc(C)c(P(CB(c2ccccc2)c2cc(C(F)(F)F)cc(C(F)(F)F)c2)C(C)C)c(C)c1,Cc1cc(C)c(P(CB(c2ccccc2)c2cc(C(F)(F)F)cc(C(F)(F)F)c2)C(C)C)c(C)c1,[],True,1,0.45652173913043476,True,True,False,False,True,False,True,[],0,35,True,True,True,True,"['LA_B_aryl', 'LA_B_diaryl', 'LA_B_tricoordinate']",['LB_phosphine'],[],[],LA_LB_no_negative_flags,2,True,True,False,False,True,101,1
P,tert_butyl,tert_butyl,C2,phenyl,mesityl,<LB_P><LB1_tert_butyl><LB2_tert_butyl><LINKER_C2><LA1_phenyl><LA2_mesityl>,Cc1cc(C)c(B(CCP(C(C)(C)C)C(C)(C)C)c2ccccc2)c(C)c1,True,Cc1cc(C)c(B(CCP(C(C)(C)C)C(C)(C)C)c2ccccc2)c(C)c1,Cc1cc(C)c(B(CCP(C(C)(C)C)C(C)(C)C)c2ccccc2)c(C)c1,[],True,1,0.4222222222222222,True,True,False,False,True,False,True,[],0,27,True,True,True,True,"['LA_B_aryl', 'LA_B_diaryl', 'LA_B_tricoordinate']",['LB_phosphine'],[],[],LA_LB_no_negative_flags,3,True,True,False,False,True,101,2
P,phenyl,phenyl,C6,mesityl,pentafluorophenyl,<LB_P><LB1_phenyl><LB2_phenyl><LINKER_C6><LA1_mesityl><LA2_pentafluorophenyl>,Cc1cc(C)c(B(CCCCCCP(c2ccccc2)c2ccccc2)c2c(F)c(F)c(F)c(F)c2F)c(C)c1,True,Cc1cc(C)c(B(CCCCCCP(c2ccccc2)c2ccccc2)c2c(F)c(F)c(F)c(F)c2F)c(C)c1,Cc1cc(C)c(B(CCCCCCP(c2ccccc2)c2ccccc2)c2c(F)c(F)c(F)c(F)c2F)c(C)c1,[],True,1,0.75,True,True,False,False,True,False,True,[],0,40,True,True,True,True,"['LA_B_aryl', 'LA_B_diaryl', 'LA_B_polyhalogenated_aryl', 'LA_B_tricoordinate']",['LB_phosphine'],[],[],LA_LB_no_negative_flags,7,True,True,False,False,True,101,1
P,phenyl,cyclohexyl,C2,phenyl,pentachlorophenyl,<LB_P><LB1_phenyl><LB2_cyclohexyl><LINKER_C2><LA1_phenyl><LA2_pentachlorophenyl>,Clc1c(Cl)c(Cl)c(B(CCP(c2ccccc2)C2CCCCC2)c2ccccc2)c(Cl)c1Cl,True,Clc1c(Cl)c(Cl)c(B(CCP(c2ccccc2)C2CCCCC2)c2ccccc2)c(Cl)c1Cl,Clc1c(Cl)c(Cl)c(B(CCP(c2ccccc2)C2CCCCC2)c2ccccc2)c(Cl)c1Cl,[],True,1,0.5,True,True,False,False,True,False,True,[],0,33,True,True,True,True,"['LA_B_aryl', 'LA_B_diaryl', 'LA_B_polyhalogenated_aryl', 'LA_B_tricoordinate']",['LB_phosphine'],[],[],LA_LB_no_negative_flags,3,True,True,False,False,True,101,2
P,tert_butyl,isopropyl,C5,phenyl,pentachlorophenyl,<LB_P><LB1_tert_butyl><LB2_isopropyl><LINKER_C5><LA1_phenyl><LA2_pentachlorophenyl>,CC(C)P(CCCCCB(c1ccccc1)c1c(Cl)c(Cl)c(Cl)c(Cl)c1Cl)C(C)(C)C,True,CC(C)P(CCCCCB(c1ccccc1)c1c(Cl)c(Cl)c(Cl)c(Cl)c1Cl)C(C)(C)C,CC(C)P(CCCCCB(c1ccccc1)c1c(Cl)c(Cl)c(Cl)c(Cl)c1Cl)C(C)(C)C,[],True,1,0.41509433962264153,True,True,False,False,True,False,True,[],0,31,True,True,True,True,"['LA_B_aryl', 'LA_B_diaryl', 'LA_B_polyhalogenated_aryl', 'LA_B_tricoordinate']",['LB_phosphine'],[],[],LA_LB_no_negative_flags,6,True,True,False,False,True,101,1
P,cyclohexyl,isopropyl,C6,phenyl,mesityl,<LB_P><LB1_cyclohexyl><LB2_isopropyl><LINKER_C6><LA1_phenyl><LA2_mesityl>,Cc1cc(C)c(B(CCCCCCP(C(C)C)C2CCCCC2)c2ccccc2)c(C)c1,True,Cc1cc(C)c(B(CCCCCCP(C(C)C)C2CCCCC2)c2ccccc2)c(C)c1,Cc1cc(C)c(B(CCCCCCP(C(C)C)C2CCCCC2)c2ccccc2)c(C)c1,[],True,1,0.4067796610169492,True,True,False,False,True,False,True,[],0,32,True,True,True,True,"['LA_B_aryl', 'LA_B_diaryl', 'LA_B_tricoordinate']",['LB_phosphine'],[],[],LA_LB_no_negative_flags,7,True,True,False,False,True,101,2
P,tert_butyl,tert_butyl,C5,p_tolyl,mesityl,<LB_P><LB1_tert_butyl><LB2_tert_butyl><LINKER_C5><LA1_p_tolyl><LA2_mesityl>,Cc1ccc(B(CCCCCP(C(C)(C)C)C(C)(C)C)c2c(C)cc(C)cc2C)cc1,True,Cc1ccc(B(CCCCCP(C(C)(C)C)C(C)(C)C)c2c(C)cc(C)cc2C)cc1,Cc1ccc(B(CCCCCP(C(C)(C)C)C(C)(C)C)c2c(C)cc(C)cc2C)cc1,[],True,1,0.42857142857142855,True,True,False,False,True,False,True,[],0,31,True,True,True,True,"['LA_B_aryl', 'LA_B_diaryl', 'LA_B_tricoordinate']",['LB_phosphine'],[],[],LA_LB_no_negative_flags,6,True,True,False,False,True,101,2
P,mesityl,isopropyl,C6,phenyl,pentafluorophenyl,<LB_P><LB1_mesityl><LB2_isopropyl><LINKER_C6><LA1_phenyl><LA2_pentafluorophenyl>,Cc1cc(C)c(P(CCCCCCB(c2ccccc2)c2c(F)c(F)c(F)c(F)c2F)C(C)C)c(C)c1,True,Cc1cc(C)c(P(CCCCCCB(c2ccccc2)c2c(F)c(F)c(F)c(F)c2F)C(C)C)c(C)c1,Cc1cc(C)c(P(CCCCCCB(c2ccccc2)c2c(F)c(F)c(F)c(F)c2F)C(C)C)c(C)c1,[],True,1,0.5714285714285714,True,True,False,False,True,False,True,[],0,37,True,True,True,True,"['LA_B_aryl', 'LA_B_diaryl', 'LA_B_polyhalogenated_aryl', 'LA_B_tricoordinate']",['LB_phosphine'],[],[],LA_LB_no_negative_flags,7,True,True,False,False,True,101,2
P,phenyl,cyclohexyl,C5,pentafluorophenyl,bis_cf3_phenyl,<LB_P><LB1_phenyl><LB2_cyclohexyl><LINKER_C5><LA1_pentafluorophenyl><LA2_bis_cf3_phenyl>,Fc1c(F)c(F)c(B(CCCCCP(c2ccccc2)C2CCCCC2)c2cc(C(F)(F)F)cc(C(F)(F)F)c2)c(F)c1F,True,Fc1c(F)c(F)c(B(CCCCCP(c2ccccc2)C2CCCCC2)c2cc(C(F)(F)F)cc(C(F)(F)F)c2)c(F)c1F,Fc1c(F)c(F)c(B(CCCCCP(c2ccccc2)C2CCCCC2)c2cc(C(F)(F)F)cc(C(F)(F)F)c2)c(F)c1F,[],True,1,0.45454545454545453,True,True,False,False,True,False,True,[],0,44,True,True,True,True,"['LA_B_aryl', 'LA_B_diaryl', 'LA_B_polyhalogenated_aryl', 'LA_B_tricoordinate']",['LB_phosphine'],[],[],LA_LB_no_negative_flags,6,True,True,False,False,True,101,2
N,phenyl,phenyl,C5,phenyl,pentafluorophenyl,<LB_N><LB1_phenyl><LB2_phenyl><LINKER_C5><LA1_phenyl><LA2_pentafluorophenyl>,Fc1c(F)c(F)c(B(CCCCCN(c2ccccc2)c2ccccc2)c2ccccc2)c(F)c1F,True,Fc1c(F)c(F)c(B(CCCCCN(c2ccccc2)c2ccccc2)c2ccccc2)c(F)c1F,Fc1c(F)c(F)c(B(CCCCCN(c2ccccc2)c2ccccc2)c2ccccc2)c(F)c1F,[],True,1,0.45454545454545453,True,True,False,False,True,False,True,[],0,36,True,True,True,True,"['LA_B_aryl', 'LA_B_diaryl', 'LA_B_polyhalogenated_aryl', 'LA_B_tricoordinate']",['LB_amine'],[],[],LA_LB_no_negative_flags,6,True,True,False,False,True,101,2
P,tert_butyl,cyclohexyl,C2,phenyl,bis_cf3_phenyl,<LB_P><LB1_tert_butyl><LB2_cyclohexyl><LINKER_C2><LA1_phenyl><LA2_bis_cf3_phenyl>,CC(C)(C)P(CCB(c1ccccc1)c1cc(C(F)(F)F)cc(C(F)(F)F)c1)C1CCCCC1,True,CC(C)(C)P(CCB(c1ccccc1)c1cc(C(F)(F)F)cc(C(F)(F)F)c1)C1CCCCC1,CC(C)(C)P(CCB(c1ccccc1)c1cc(C(F)(F)F)cc(C(F)(F)F)c1)C1CCCCC1,[],True,1,0.42,True,True,False,False,True,False,True,[],0,34,True,True,True,True,"['LA_B_aryl', 'LA_B_diaryl', 'LA_B_tricoordinate']",['LB_phosphine'],[],[],LA_LB_no_negative_flags,3,True,True,False,False,True,101,2
P,mesityl,tert_butyl,C2,phenyl,pentachlorophenyl,<LB_P><LB1_mesityl><LB2_tert_butyl><LINKER_C2><LA1_phenyl><LA2_pentachlorophenyl>,Cc1cc(C)c(P(CCB(c2ccccc2)c2c(Cl)c(Cl)c(Cl)c(Cl)c2Cl)C(C)(C)C)c(C)c1,True,Cc1cc(C)c(P(CCB(c2ccccc2)c2c(Cl)c(Cl)c(Cl)c(Cl)c2Cl)C(C)(C)C)c(C)c1,Cc1cc(C)c(P(CCB(c2ccccc2)c2c(Cl)c(Cl)c(Cl)c(Cl)c2Cl)C(C)(C)C)c(C)c1,[],True,1,0.5681818181818182,True,True,False,False,True,False,True,[],0,34,True,True,True,True,"['LA_B_aryl', 'LA_B_diaryl', 'LA_B_polyhalogenated_aryl', 'LA_B_tricoordinate']",['LB_phosphine'],[],[],LA_LB_no_negative_flags,3,True,True,False,False,True,101,1
P,tert_butyl,tert_butyl,C5,pentafluorophenyl,pentafluorophenyl,<LB_P><LB1_tert_butyl><LB2_tert_butyl><LINKER_C5><LA1_pentafluorophenyl><LA2_pentafluorophenyl>,CC(C)(C)P(CCCCCB(c1c(F)c(F)c(F)c(F)c1F)c1c(F)c(F)c(F)c(F)c1F)C(C)(C)C,True,CC(C)(C)P(CCCCCB(c1c(F)c(F)c(F)c(F)c1F)c1c(F)c(F)c(F)c(F)c1F)C(C)(C)C,CC(C)(C)P(CCCCCB(c1c(F)c(F)c(F)c(F)c1F)c1c(F)c(F)c(F)c(F)c1F)C(C)(C)C,[],True,1,0.5625,True,True,False,False,True,False,True,[],0,37,True,True,True,True,"['LA_B_aryl', 'LA_B_diaryl', 'LA_B_polyhalogenated_aryl', 'LA_B_tricoordinate']",['LB_phosphine'],[],[],LA_LB_no_negative_flags,6,True,True,False,False,True,101,1
P,cyclohexyl,cyclohexyl,C3,phenyl,pentafluorophenyl,<LB_P><LB1_cyclohexyl><LB2_cyclohexyl><LINKER_C3><LA1_phenyl><LA2_pentafluorophenyl>,Fc1c(F)c(F)c(B(CCCP(C2CCCCC2)C2CCCCC2)c2ccccc2)c(F)c1F,True,Fc1c(F)c(F)c(B(CCCP(C2CCCCC2)C2CCCCC2)c2ccccc2)c(F)c1F,Fc1c(F)c(F)c(B(CCCP(C2CCCCC2)C2CCCCC2)c2ccccc2)c(F)c1F,[],True,1,0.44680851063829785,True,True,False,False,True,False,True,[],0,34,True,True,True,True,"['LA_B_aryl', 'LA_B_diaryl', 'LA_B_polyhalogenated_aryl', 'LA_B_tricoordinate']",['LB_phosphine'],[],[],LA_LB_no_negative_flags,4,True,True,False,False,True,101,1
N,cyclohexyl,phenyl,C4,pentafluorophenyl,pentachlorophenyl,<LB_N><LB1_cyclohexyl><LB2_phenyl><LINKER_C4><LA1_pentafluorophenyl><LA2_pentachlorophenyl>,Fc1c(F)c(F)c(B(CCCCN(c2ccccc2)C2CCCCC2)c2c(Cl)c(Cl)c(Cl)c(Cl)c2Cl)c(F)c1F,True,Fc1c(F)c(F)c(B(CCCCN(c2ccccc2)C2CCCCC2)c2c(Cl)c(Cl)c(Cl)c(Cl)c2Cl)c(F)c1F,Fc1c(F)c(F)c(B(CCCCN(c2ccccc2)C2CCCCC2)c2c(Cl)c(Cl)c(Cl)c(Cl)c2Cl)c(F)c1F,[],True,1,0.4230769230769231,True,True,False,False,True,False,True,[],0,40,True,True,True,True,"['LA_B_aryl', 'LA_B_diaryl', 'LA_B_polyhalogenated_aryl', 'LA_B_tricoordinate']",['LB_amine'],[],[],LA_LB_no_negative_flags,5,True,True,False,False,True,101,1
P,cyclohexyl,cyclohexyl,C1,bis_cf3_phenyl,bis_cf3_phenyl,<LB_P><LB1_cyclohexyl><LB2_cyclohexyl><LINKER_C1><LA1_bis_cf3_phenyl><LA2_bis_cf3_phenyl>,FC(F)(F)c1cc(B(CP(C2CCCCC2)C2CCCCC2)c2cc(C(F)(F)F)cc(C(F)(F)F)c2)cc(C(F)(F)F)c1,True,FC(F)(F)c1cc(B(CP(C2CCCCC2)C2CCCCC2)c2cc(C(F)(F)F)cc(C(F)(F)F)c2)cc(C(F)(F)F)c1,FC(F)(F)c1cc(B(CP(C2CCCCC2)C2CCCCC2)c2cc(C(F)(F)F)cc(C(F)(F)F)c2)cc(C(F)(F)F)c1,[],True,1,0.5128205128205128,True,True,False,False,True,False,True,[],0,43,True,True,True,True,"['LA_B_aryl', 'LA_B_diaryl', 'LA_B_tricoordinate']",['LB_phosphine'],[],[],LA_LB_no_negative_flags,2,True,True,False,False,True,101,2
P,tert_butyl,cyclohexyl,C6,mesityl,mesityl,<LB_P><LB1_tert_butyl><LB2_cyclohexyl><LINKER_C6><LA1_mesityl><LA2_mesityl>,Cc1cc(C)c(B(CCCCCCP(C2CCCCC2)C(C)(C)C)c2c(C)cc(C)cc2C)c(C)c1,True,Cc1cc(C)c(B(CCCCCCP(C2CCCCC2)C(C)(C)C)c2c(C)cc(C)cc2C)c(C)c1,Cc1cc(C)c(B(CCCCCCP(C2CCCCC2)C(C)(C)C)c2c(C)cc(C)cc2C)c(C)c1,[],True,1,0.40384615384615385,True,True,False,False,True,False,True,[],0,36,True,True,True,True,"['LA_B_aryl', 'LA_B_diaryl', 'LA_B_tricoordinate']",['LB_phosphine'],[],[],LA_LB_no_negative_flags,7,True,True,False,False,True,101,2
P,phenyl,isopropyl,C1,mesityl,bis_cf3_phenyl,<LB_P><LB1_phenyl><LB2_isopropyl><LINKER_C1><LA1_mesityl><LA2_bis_cf3_phenyl>,Cc1cc(C)c(B(CP(c2ccccc2)C(C)C)c2cc(C(F)(F)F)cc(C(F)(F)F)c2)c(C)c1,True,Cc1cc(C)c(B(CP(c2ccccc2)C(C)C)c2cc(C(F)(F)F)cc(C(F)(F)F)c2)c(C)c1,Cc1cc(C)c(B(CP(c2ccccc2)C(C)C)c2cc(C(F)(F)F)cc(C(F)(F)F)c2)c(C)c1,[],True,1,0.42857142857142855,True,True,False,False,True,False,True,[],0,35,True,True,True,True,"['LA_B_aryl', 'LA_B_diaryl', 'LA_B_tricoordinate']",['LB_phosphine'],[],[],LA_LB_no_negative_flags,2,True,True,False,False,True,101,1
P,tert_butyl,isopropyl,C1,bis_cf3_phenyl,bis_cf3_phenyl,<LB_P><LB1_tert_butyl><LB2_isopropyl><LINKER_C1><LA1_bis_cf3_phenyl><LA2_bis_cf3_phenyl>,CC(C)P(CB(c1cc(C(F)(F)F)cc(C(F)(F)F)c1)c1cc(C(F)(F)F)cc(C(F)(F)F)c1)C(C)(C)C,True,CC(C)P(CB(c1cc(C(F)(F)F)cc(C(F)(F)F)c1)c1cc(C(F)(F)F)cc(C(F)(F)F)c1)C(C)(C)C,CC(C)P(CB(c1cc(C(F)(F)F)cc(C(F)(F)F)c1)c1cc(C(F)(F)F)cc(C(F)(F)F)c1)C(C)(C)C,[],True,1,0.696969696969697,True,True,False,False,True,False,True,[],0,38,True,True,True,True,"['LA_B_aryl', 'LA_B_diaryl', 'LA_B_tricoordinate']",['LB_phosphine'],[],[],LA_LB_no_negative_flags,2,True,True,False,False,True,101,3
N,methyl,methyl,C1,pentachlorophenyl,bis_cf3_phenyl,<LB_N><LB1_methyl><LB2_methyl><LINKER_C1><LA1_pentachlorophenyl><LA2_bis_cf3_phenyl>,CN(C)CB(c1cc(C(F)(F)F)cc(C(F)(F)F)c1)c1c(Cl)c(Cl)c(Cl)c(Cl)c1Cl,True,CN(C)CB(c1cc(C(F)(F)F)cc(C(F)(F)F)c1)c1c(Cl)c(Cl)c(Cl)c(Cl)c1Cl,CN(C)CB(c1cc(C(F)(F)F)cc(C(F)(F)F)c1)c1c(Cl)c(Cl)c(Cl)c(Cl)c1Cl,[],True,1,0.43902439024390244,True,True,False,False,True,False,True,[],0,30,True,True,True,True,"['LA_B_aryl', 'LA_B_diaryl', 'LA_B_polyhalogenated_aryl', 'LA_B_tricoordinate']",['LB_amine'],[],[],LA_LB_no_negative_flags,2,True,True,False,False,True,101,1
P,phenyl,cyclohexyl,C4,mesityl,pentachlorophenyl,<LB_P><LB1_phenyl><LB2_cyclohexyl><LINKER_C4><LA1_mesityl><LA2_pentachlorophenyl>,Cc1cc(C)c(B(CCCCP(c2ccccc2)C2CCCCC2)c2c(Cl)c(Cl)c(Cl)c(Cl)c2Cl)c(C)c1,True,Cc1cc(C)c(B(CCCCP(c2ccccc2)C2CCCCC2)c2c(Cl)c(Cl)c(Cl)c(Cl)c2Cl)c(C)c1,Cc1cc(C)c(B(CCCCP(c2ccccc2)C2CCCCC2)c2c(Cl)c(Cl)c(Cl)c(Cl)c2Cl)c(C)c1,[],True,1,0.4339622641509434,True,True,False,False,True,False,True,[],0,38,True,True,True,True,"['LA_B_aryl', 'LA_B_diaryl', 'LA_B_polyhalogenated_aryl', 'LA_B_tricoordinate']",['LB_phosphine'],[],[],LA_LB_no_negative_flags,5,True,True,False,False,True,101,1
P,tert_butyl,isopropyl,C2,mesityl,mesityl,<LB_P><LB1_tert_butyl><LB2_isopropyl><LINKER_C2><LA1_mesityl><LA2_mesityl>,Cc1cc(C)c(B(CCP(C(C)C)C(C)(C)C)c2c(C)cc(C)cc2C)c(C)c1,True,Cc1cc(C)c(B(CCP(C(C)C)C(C)(C)C)c2c(C)cc(C)cc2C)c(C)c1,Cc1cc(C)c(B(CCP(C(C)C)C(C)(C)C)c2c(C)cc(C)cc2C)c(C)c1,[],True,1,0.42857142857142855,True,True,False,False,True,False,True,[],0,29,True,True,True,True,"['LA_B_aryl', 'LA_B_diaryl', 'LA_B_tricoordinate']",['LB_phosphine'],[],[],LA_LB_no_negative_flags,3,True,True,False,False,True,101,1
P,mesityl,mesityl,C4,phenyl,pentachlorophenyl,<LB_P><LB1_mesityl><LB2_mesityl><LINKER_C4><LA1_phenyl><LA2_pentachlorophenyl>,Cc1cc(C)c(P(CCCCB(c2ccccc2)c2c(Cl)c(Cl)c(Cl)c(Cl)c2Cl)c2c(C)cc(C)cc2C)c(C)c1,True,Cc1cc(C)c(P(CCCCB(c2ccccc2)c2c(Cl)c(Cl)c(Cl)c(Cl)c2Cl)c2c(C)cc(C)cc2C)c(C)c1,Cc1cc(C)c(P(CCCCB(c2ccccc2)c2c(Cl)c(Cl)c(Cl)c(Cl)c2Cl)c2c(C)cc(C)cc2C)c(C)c1,[],True,1,0.5777777777777777,True,True,False,False,True,False,True,[],0,41,True,True,True,True,"['LA_B_aryl', 'LA_B_diaryl', 'LA_B_polyhalogenated_aryl', 'LA_B_tricoordinate']",['LB_phosphine'],[],[],LA_LB_no_negative_flags,5,True,True,False,False,True,101,3
N,isopropyl,cyclohexyl,C1,mesityl,pentafluorophenyl,<LB_N><LB1_isopropyl><LB2_cyclohexyl><LINKER_C1><LA1_mesityl><LA2_pentafluorophenyl>,Cc1cc(C)c(B(CN(C(C)C)C2CCCCC2)c2c(F)c(F)c(F)c(F)c2F)c(C)c1,True,Cc1cc(C)c(B(CN(C(C)C)C2CCCCC2)c2c(F)c(F)c(F)c(F)c2F)c(C)c1,Cc1cc(C)c(B(CN(C(C)C)C2CCCCC2)c2c(F)c(F)c(F)c(F)c2F)c(C)c1,[],True,1,0.42592592592592593,True,True,False,False,True,False,True,[],0,32,True,True,True,True,"['LA_B_aryl', 'LA_B_diaryl', 'LA_B_polyhalogenated_aryl', 'LA_B_tricoordinate']",['LB_amine'],[],[],LA_LB_no_negative_flags,2,True,True,False,False,True,101,3
P,phenyl,phenyl,C5,pentachlorophenyl,pentachlorophenyl,<LB_P><LB1_phenyl><LB2_phenyl><LINKER_C5><LA1_pentachlorophenyl><LA2_pentachlorophenyl>,Clc1c(Cl)c(Cl)c(B(CCCCCP(c2ccccc2)c2ccccc2)c2c(Cl)c(Cl)c(Cl)c(Cl)c2Cl)c(Cl)c1Cl,True,Clc1c(Cl)c(Cl)c(B(CCCCCP(c2ccccc2)c2ccccc2)c2c(Cl)c(Cl)c(Cl)c(Cl)c2Cl)c(Cl)c1Cl,Clc1c(Cl)c(Cl)c(B(CCCCCP(c2ccccc2)c2ccccc2)c2c(Cl)c(Cl)c(Cl)c(Cl)c2Cl)c(Cl)c1Cl,[],True,1,0.6666666666666666,True,True,False,False,True,False,True,[],0,41,True,True,True,True,"['LA_B_aryl', 'LA_B_diaryl', 'LA_B_polyhalogenated_aryl', 'LA_B_tricoordinate']",['LB_phosphine'],[],[],LA_LB_no_negative_flags,6,True,True,False,False,True,101,1
P,tert_butyl,isopropyl,C2,mesityl,pentafluorophenyl,<LB_P><LB1_tert_butyl><LB2_isopropyl><LINKER_C2><LA1_mesityl><LA2_pentafluorophenyl>,Cc1cc(C)c(B(CCP(C(C)C)C(C)(C)C)c2c(F)c(F)c(F)c(F)c2F)c(C)c1,True,Cc1cc(C)c(B(CCP(C(C)C)C(C)(C)C)c2c(F)c(F)c(F)c(F)c2F)c(C)c1,Cc1cc(C)c(B(CCP(C(C)C)C(C)(C)C)c2c(F)c(F)c(F)c(F)c2F)c(C)c1,[],True,1,0.5,True,True,False,False,True,False,True,[],0,31,True,True,True,True,"['LA_B_aryl', 'LA_B_diaryl', 'LA_B_polyhalogenated_aryl', 'LA_B_tricoordinate']",['LB_phosphine'],[],[],LA_LB_no_negative_flags,3,True,True,False,False,True,101,2
P,mesityl,mesityl,C4,pentachlorophenyl,bis_cf3_phenyl,<LB_P><LB1_mesityl><LB2_mesityl><LINKER_C4><LA1_pentachlorophenyl><LA2_bis_cf3_phenyl>,Cc1cc(C)c(P(CCCCB(c2cc(C(F)(F)F)cc(C(F)(F)F)c2)c2c(Cl)c(Cl)c(Cl)c(Cl)c2Cl)c2c(C)cc(C)cc2C)c(C)c1,True,Cc1cc(C)c(P(CCCCB(c2cc(C(F)(F)F)cc(C(F)(F)F)c2)c2c(Cl)c(Cl)c(Cl)c(Cl)c2Cl)c2c(C)cc(C)cc2C)c(C)c1,Cc1cc(C)c(P(CCCCB(c2cc(C(F)(F)F)cc(C(F)(F)F)c2)c2c(Cl)c(Cl)c(Cl)c(Cl)c2Cl)c2c(C)cc(C)cc2C)c(C)c1,[],True,1,0.5510204081632653,True,True,False,False,True,False,True,[],0,49,True,True,True,True,"['LA_B_aryl', 'LA_B_diaryl', 'LA_B_polyhalogenated_aryl', 'LA_B_tricoordinate']",['LB_phosphine'],[],[],LA_LB_no_negative_flags,5,True,True,False,False,True,101,1
P,phenyl,mesityl,C6,pentafluorophenyl,bis_cf3_phenyl,<LB_P><LB1_phenyl><LB2_mesityl><LINKER_C6><LA1_pentafluorophenyl><LA2_bis_cf3_phenyl>,Cc1cc(C)c(P(CCCCCCB(c2cc(C(F)(F)F)cc(C(F)(F)F)c2)c2c(F)c(F)c(F)c(F)c2F)c2ccccc2)c(C)c1,True,Cc1cc(C)c(P(CCCCCCB(c2cc(C(F)(F)F)cc(C(F)(F)F)c2)c2c(F)c(F)c(F)c(F)c2F)c2ccccc2)c(C)c1,Cc1cc(C)c(P(CCCCCCB(c2cc(C(F)(F)F)cc(C(F)(F)F)c2)c2c(F)c(F)c(F)c(F)c2F)c2ccccc2)c(C)c1,[],True,1,0.5961538461538461,True,True,False,False,True,False,True,[],0,48,True,True,True,True,"['LA_B_aryl', 'LA_B_diaryl', 'LA_B_polyhalogenated_aryl', 'LA_B_tricoordinate']",['LB_phosphine'],[],[],LA_LB_no_negative_flags,7,True,True,False,False,True,101,2
N,methyl,isopropyl,C3,bis_cf3_phenyl,bis_cf3_phenyl,<LB_N><LB1_methyl><LB2_isopropyl><LINKER_C3><LA1_bis_cf3_phenyl><LA2_bis_cf3_phenyl>,CC(C)N(C)CCCB(c1cc(C(F)(F)F)cc(C(F)(F)F)c1)c1cc(C(F)(F)F)cc(C(F)(F)F)c1,True,CC(C)N(C)CCCB(c1cc(C(F)(F)F)cc(C(F)(F)F)c1)c1cc(C(F)(F)F)cc(C(F)(F)F)c1,CC(C)N(C)CCCB(c1cc(C(F)(F)F)cc(C(F)(F)F)c1)c1cc(C(F)(F)F)cc(C(F)(F)F)c1,[],True,1,0.4634146341463415,True,True,False,False,True,False,True,[],0,37,True,True,True,True,"['LA_B_aryl', 'LA_B_diaryl', 'LA_B_tricoordinate']",['LB_amine'],[],[],LA_LB_no_negative_flags,4,True,True,False,False,True,101,2
N,methyl,isopropyl,C3,pentafluorophenyl,bis_cf3_phenyl,<LB_N><LB1_methyl><LB2_isopropyl><LINKER_C3><LA1_pentafluorophenyl><LA2_bis_cf3_phenyl>,CC(C)N(C)CCCB(c1cc(C(F)(F)F)cc(C(F)(F)F)c1)c1c(F)c(F)c(F)c(F)c1F,True,CC(C)N(C)CCCB(c1cc(C(F)(F)F)cc(C(F)(F)F)c1)c1c(F)c(F)c(F)c(F)c1F,CC(C)N(C)CCCB(c1cc(C(F)(F)F)cc(C(F)(F)F)c1)c1c(F)c(F)c(F)c(F)c1F,[],True,1,0.40425531914893614,True,True,False,False,True,False,True,[],0,34,True,True,True,True,"['LA_B_aryl', 'LA_B_diaryl', 'LA_B_polyhalogenated_aryl', 'LA_B_tricoordinate']",['LB_amine'],[],[],LA_LB_no_negative_flags,4,True,True,False,False,True,101,1
P,phenyl,tert_butyl,C5,p_tolyl,pentafluorophenyl,<LB_P><LB1_phenyl><LB2_tert_butyl><LINKER_C5><LA1_p_tolyl><LA2_pentafluorophenyl>,Cc1ccc(B(CCCCCP(c2ccccc2)C(C)(C)C)c2c(F)c(F)c(F)c(F)c2F)cc1,True,Cc1ccc(B(CCCCCP(c2ccccc2)C(C)(C)C)c2c(F)c(F)c(F)c(F)c2F)cc1,Cc1ccc(B(CCCCCP(c2ccccc2)C(C)(C)C)c2c(F)c(F)c(F)c(F)c2F)cc1,[],True,1,0.5208333333333334,True,True,False,False,True,False,True,[],0,35,True,True,True,True,"['LA_B_aryl', 'LA_B_diaryl', 'LA_B_polyhalogenated_aryl', 'LA_B_tricoordinate']",['LB_phosphine'],[],[],LA_LB_no_negative_flags,6,True,True,False,False,True,101,2
P,cyclohexyl,cyclohexyl,C2,pentachlorophenyl,pentachlorophenyl,<LB_P><LB1_cyclohexyl><LB2_cyclohexyl><LINKER_C2><LA1_pentachlorophenyl><LA2_pentachlorophenyl>,Clc1c(Cl)c(Cl)c(B(CCP(C2CCCCC2)C2CCCCC2)c2c(Cl)c(Cl)c(Cl)c(Cl)c2Cl)c(Cl)c1Cl,True,Clc1c(Cl)c(Cl)c(B(CCP(C2CCCCC2)C2CCCCC2)c2c(Cl)c(Cl)c(Cl)c(Cl)c2Cl)c(Cl)c1Cl,Clc1c(Cl)c(Cl)c(B(CCP(C2CCCCC2)C2CCCCC2)c2c(Cl)c(Cl)c(Cl)c(Cl)c2Cl)c(Cl)c1Cl,[],True,1,0.42105263157894735,True,True,False,False,True,False,True,[],0,38,True,True,True,True,"['LA_B_aryl', 'LA_B_diaryl', 'LA_B_polyhalogenated_aryl', 'LA_B_tricoordinate']",['LB_phosphine'],[],[],LA_LB_no_negative_flags,3,True,True,False,False,True,101,2
P,phenyl,cyclohexyl,C2,phenyl,phenyl,<LB_P><LB1_phenyl><LB2_cyclohexyl><LINKER_C2><LA1_phenyl><LA2_phenyl>,c1ccc(B(CCP(c2ccccc2)C2CCCCC2)c2ccccc2)cc1,True,c1ccc(B(CCP(c2ccccc2)C2CCCCC2)c2ccccc2)cc1,c1ccc(B(CCP(c2ccccc2)C2CCCCC2)c2ccccc2)cc1,[],True,1,0.4186046511627907,True,True,False,False,True,False,True,[],0,28,True,True,True,True,"['LA_B_aryl', 'LA_B_diaryl', 'LA_B_tricoordinate']",['LB_phosphine'],[],[],LA_LB_no_negative_flags,3,True,True,False,False,True,101,1
N,methyl,cyclohexyl,C4,mesityl,pentafluorophenyl,<LB_N><LB1_methyl><LB2_cyclohexyl><LINKER_C4><LA1_mesityl><LA2_pentafluorophenyl>,Cc1cc(C)c(B(CCCCN(C)C2CCCCC2)c2c(F)c(F)c(F)c(F)c2F)c(C)c1,True,Cc1cc(C)c(B(CCCCN(C)C2CCCCC2)c2c(F)c(F)c(F)c(F)c2F)c(C)c1,Cc1cc(C)c(B(CCCCN(C)C2CCCCC2)c2c(F)c(F)c(F)c(F)c2F)c(C)c1,[],True,1,0.47058823529411764,True,True,False,False,True,False,True,[],0,33,True,True,True,True,"['LA_B_aryl', 'LA_B_diaryl', 'LA_B_polyhalogenated_aryl', 'LA_B_tricoordinate']",['LB_amine'],[],[],LA_LB_no_negative_flags,5,True,True,False,False,True,101,1
N,isopropyl,isopropyl,C5,mesityl,pentachlorophenyl,<LB_N><LB1_isopropyl><LB2_isopropyl><LINKER_C5><LA1_mesityl><LA2_pentachlorophenyl>,Cc1cc(C)c(B(CCCCCN(C(C)C)C(C)C)c2c(Cl)c(Cl)c(Cl)c(Cl)c2Cl)c(C)c1,True,Cc1cc(C)c(B(CCCCCN(C(C)C)C(C)C)c2c(Cl)c(Cl)c(Cl)c(Cl)c2Cl)c(C)c1,Cc1cc(C)c(B(CCCCCN(C(C)C)C(C)C)c2c(Cl)c(Cl)c(Cl)c(Cl)c2Cl)c(C)c1,[],True,1,0.45652173913043476,True,True,False,False,True,False,True,[],0,33,True,True,True,True,"['LA_B_aryl', 'LA_B_diaryl', 'LA_B_polyhalogenated_aryl', 'LA_B_tricoordinate']",['LB_amine'],[],[],LA_LB_no_negative_flags,6,True,True,False,False,True,101,1
N,isopropyl,phenyl,C1,mesityl,pentafluorophenyl,<LB_N><LB1_isopropyl><LB2_phenyl><LINKER_C1><LA1_mesityl><LA2_pentafluorophenyl>,Cc1cc(C)c(B(CN(c2ccccc2)C(C)C)c2c(F)c(F)c(F)c(F)c2F)c(C)c1,True,Cc1cc(C)c(B(CN(c2ccccc2)C(C)C)c2c(F)c(F)c(F)c(F)c2F)c(C)c1,Cc1cc(C)c(B(CN(c2ccccc2)C(C)C)c2c(F)c(F)c(F)c(F)c2F)c(C)c1,[],True,1,0.4117647058823529,True,True,False,False,True,False,True,[],0,32,True,True,True,True,"['LA_B_aryl', 'LA_B_diaryl', 'LA_B_polyhalogenated_aryl', 'LA_B_tricoordinate']",['LB_amine'],[],[],LA_LB_no_negative_flags,2,True,True,False,False,True,101,1
P,mesityl,mesityl,C4,p_tolyl,p_tolyl,<LB_P><LB1_mesityl><LB2_mesityl><LINKER_C4><LA1_p_tolyl><LA2_p_tolyl>,Cc1ccc(B(CCCCP(c2c(C)cc(C)cc2C)c2c(C)cc(C)cc2C)c2ccc(C)cc2)cc1,True,Cc1ccc(B(CCCCP(c2c(C)cc(C)cc2C)c2c(C)cc(C)cc2C)c2ccc(C)cc2)cc1,Cc1ccc(B(CCCCP(c2c(C)cc(C)cc2C)c2c(C)cc(C)cc2C)c2ccc(C)cc2)cc1,[],True,1,0.6410256410256411,True,True,False,False,True,False,True,[],0,38,True,True,True,True,"['LA_B_aryl', 'LA_B_diaryl', 'LA_B_tricoordinate']",['LB_phosphine'],[],[],LA_LB_no_negative_flags,5,True,True,False,False,True,101,2
P,mesityl,cyclohexyl,C1,pentachlorophenyl,bis_cf3_phenyl,<LB_P><LB1_mesityl><LB2_cyclohexyl><LINKER_C1><LA1_pentachlorophenyl><LA2_bis_cf3_phenyl>,Cc1cc(C)c(P(CB(c2cc(C(F)(F)F)cc(C(F)(F)F)c2)c2c(Cl)c(Cl)c(Cl)c(Cl)c2Cl)C2CCCCC2)c(C)c1,True,Cc1cc(C)c(P(CB(c2cc(C(F)(F)F)cc(C(F)(F)F)c2)c2c(Cl)c(Cl)c(Cl)c(Cl)c2Cl)C2CCCCC2)c(C)c1,Cc1cc(C)c(P(CB(c2cc(C(F)(F)F)cc(C(F)(F)F)c2)c2c(Cl)c(Cl)c(Cl)c(Cl)c2Cl)C2CCCCC2)c(C)c1,[],True,1,0.4,True,True,False,False,True,False,True,[],0,43,True,True,True,True,"['LA_B_aryl', 'LA_B_diaryl', 'LA_B_polyhalogenated_aryl', 'LA_B_tricoordinate']",['LB_phosphine'],[],[],LA_LB_no_negative_flags,2,True,True,False,False,True,101,2
P,mesityl,cyclohexyl,C6,pentafluorophenyl,bis_cf3_phenyl,<LB_P><LB1_mesityl><LB2_cyclohexyl><LINKER_C6><LA1_pentafluorophenyl><LA2_bis_cf3_phenyl>,Cc1cc(C)c(P(CCCCCCB(c2cc(C(F)(F)F)cc(C(F)(F)F)c2)c2c(F)c(F)c(F)c(F)c2F)C2CCCCC2)c(C)c1,True,Cc1cc(C)c(P(CCCCCCB(c2cc(C(F)(F)F)cc(C(F)(F)F)c2)c2c(F)c(F)c(F)c(F)c2F)C2CCCCC2)c(C)c1,Cc1cc(C)c(P(CCCCCCB(c2cc(C(F)(F)F)cc(C(F)(F)F)c2)c2c(F)c(F)c(F)c(F)c2F)C2CCCCC2)c(C)c1,[],True,1,0.49122807017543857,True,True,False,False,True,False,True,[],0,48,True,True,True,True,"['LA_B_aryl', 'LA_B_diaryl', 'LA_B_polyhalogenated_aryl', 'LA_B_tricoordinate']",['LB_phosphine'],[],[],LA_LB_no_negative_flags,7,True,True,False,False,True,101,1
P,phenyl,phenyl,C3,p_tolyl,pentachlorophenyl,<LB_P><LB1_phenyl><LB2_phenyl><LINKER_C3><LA1_p_tolyl><LA2_pentachlorophenyl>,Cc1ccc(B(CCCP(c2ccccc2)c2ccccc2)c2c(Cl)c(Cl)c(Cl)c(Cl)c2Cl)cc1,True,Cc1ccc(B(CCCP(c2ccccc2)c2ccccc2)c2c(Cl)c(Cl)c(Cl)c(Cl)c2Cl)cc1,Cc1ccc(B(CCCP(c2ccccc2)c2ccccc2)c2c(Cl)c(Cl)c(Cl)c(Cl)c2Cl)cc1,[],True,1,0.5,True,True,False,False,True,False,True,[],0,35,True,True,True,True,"['LA_B_aryl', 'LA_B_diaryl', 'LA_B_polyhalogenated_aryl', 'LA_B_tricoordinate']",['LB_phosphine'],[],[],LA_LB_no_negative_flags,4,True,True,False,False,True,101,1
P,tert_butyl,cyclohexyl,C6,phenyl,pentafluorophenyl,<LB_P><LB1_tert_butyl><LB2_cyclohexyl><LINKER_C6><LA1_phenyl><LA2_pentafluorophenyl>,CC(C)(C)P(CCCCCCB(c1ccccc1)c1c(F)c(F)c(F)c(F)c1F)C1CCCCC1,True,CC(C)(C)P(CCCCCCB(c1ccccc1)c1c(F)c(F)c(F)c(F)c1F)C1CCCCC1,CC(C)(C)P(CCCCCCB(c1ccccc1)c1c(F)c(F)c(F)c(F)c1F)C1CCCCC1,[],True,1,0.4423076923076923,True,True,False,False,True,False,True,[],0,35,True,True,True,True,"['LA_B_aryl', 'LA_B_diaryl', 'LA_B_polyhalogenated_aryl', 'LA_B_tricoordinate']",['LB_phosphine'],[],[],LA_LB_no_negative_flags,7,True,True,False,False,True,101,1
P,cyclohexyl,isopropyl,C5,bis_cf3_phenyl,bis_cf3_phenyl,<LB_P><LB1_cyclohexyl><LB2_isopropyl><LINKER_C5><LA1_bis_cf3_phenyl><LA2_bis_cf3_phenyl>,CC(C)P(CCCCCB(c1cc(C(F)(F)F)cc(C(F)(F)F)c1)c1cc(C(F)(F)F)cc(C(F)(F)F)c1)C1CCCCC1,True,CC(C)P(CCCCCB(c1cc(C(F)(F)F)cc(C(F)(F)F)c1)c1cc(C(F)(F)F)cc(C(F)(F)F)c1)C1CCCCC1,CC(C)P(CCCCCB(c1cc(C(F)(F)F)cc(C(F)(F)F)c1)c1cc(C(F)(F)F)cc(C(F)(F)F)c1)C1CCCCC1,[],True,1,0.4,True,True,False,False,True,False,True,[],0,44,True,True,True,True,"['LA_B_aryl', 'LA_B_diaryl', 'LA_B_tricoordinate']",['LB_phosphine'],[],[],LA_LB_no_negative_flags,6,True,True,False,False,True,101,2
P,phenyl,tert_butyl,C5,bis_cf3_phenyl,bis_cf3_phenyl,<LB_P><LB1_phenyl><LB2_tert_butyl><LINKER_C5><LA1_bis_cf3_phenyl><LA2_bis_cf3_phenyl>,CC(C)(C)P(CCCCCB(c1cc(C(F)(F)F)cc(C(F)(F)F)c1)c1cc(C(F)(F)F)cc(C(F)(F)F)c1)c1ccccc1,True,CC(C)(C)P(CCCCCB(c1cc(C(F)(F)F)cc(C(F)(F)F)c1)c1cc(C(F)(F)F)cc(C(F)(F)F)c1)c1ccccc1,CC(C)(C)P(CCCCCB(c1cc(C(F)(F)F)cc(C(F)(F)F)c1)c1cc(C(F)(F)F)cc(C(F)(F)F)c1)c1ccccc1,[],True,1,0.45652173913043476,True,True,False,False,True,False,True,[],0,45,True,True,True,True,"['LA_B_aryl', 'LA_B_diaryl', 'LA_B_tricoordinate']",['LB_phosphine'],[],[],LA_LB_no_negative_flags,6,True,True,False,False,True,101,1
P,mesityl,tert_butyl,C2,pentafluorophenyl,pentachlorophenyl,<LB_P><LB1_mesityl><LB2_tert_butyl><LINKER_C2><LA1_pentafluorophenyl><LA2_pentachlorophenyl>,Cc1cc(C)c(P(CCB(c2c(F)c(F)c(F)c(F)c2F)c2c(Cl)c(Cl)c(Cl)c(Cl)c2Cl)C(C)(C)C)c(C)c1,True,Cc1cc(C)c(P(CCB(c2c(F)c(F)c(F)c(F)c2F)c2c(Cl)c(Cl)c(Cl)c(Cl)c2Cl)C(C)(C)C)c(C)c1,Cc1cc(C)c(P(CCB(c2c(F)c(F)c(F)c(F)c2F)c2c(Cl)c(Cl)c(Cl)c(Cl)c2Cl)C(C)(C)C)c(C)c1,[],True,1,0.5909090909090909,True,True,False,False,True,False,True,[],0,39,True,True,True,True,"['LA_B_aryl', 'LA_B_diaryl', 'LA_B_polyhalogenated_aryl', 'LA_B_tricoordinate']",['LB_phosphine'],[],[],LA_LB_no_negative_flags,3,True,True,False,False,True,101,2
N,methyl,ethyl,C4,mesityl,pentachlorophenyl,<LB_N><LB1_methyl><LB2_ethyl><LINKER_C4><LA1_mesityl><LA2_pentachlorophenyl>,CCN(C)CCCCB(c1c(C)cc(C)cc1C)c1c(Cl)c(Cl)c(Cl)c(Cl)c1Cl,True,CCN(C)CCCCB(c1c(C)cc(C)cc1C)c1c(Cl)c(Cl)c(Cl)c(Cl)c1Cl,CCN(C)CCCCB(c1c(C)cc(C)cc1C)c1c(Cl)c(Cl)c(Cl)c(Cl)c1Cl,[],True,1,0.4666666666666667,True,True,False,False,True,False,True,[],0,29,True,True,True,True,"['LA_B_aryl', 'LA_B_diaryl', 'LA_B_polyhalogenated_aryl', 'LA_B_tricoordinate']",['LB_amine'],[],[],LA_LB_no_negative_flags,5,True,True,False,False,True,101,1
N,ethyl,phenyl,C4,mesityl,pentachlorophenyl,<LB_N><LB1_ethyl><LB2_phenyl><LINKER_C4><LA1_mesityl><LA2_pentachlorophenyl>,CCN(CCCCB(c1c(C)cc(C)cc1C)c1c(Cl)c(Cl)c(Cl)c(Cl)c1Cl)c1ccccc1,True,CCN(CCCCB(c1c(C)cc(C)cc1C)c1c(Cl)c(Cl)c(Cl)c(Cl)c1Cl)c1ccccc1,CCN(CCCCB(c1c(C)cc(C)cc1C)c1c(Cl)c(Cl)c(Cl)c(Cl)c1Cl)c1ccccc1,[],True,1,0.42,True,True,False,False,True,False,True,[],0,34,True,True,True,True,"['LA_B_aryl', 'LA_B_diaryl', 'LA_B_polyhalogenated_aryl', 'LA_B_tricoordinate']",['LB_amine'],[],[],LA_LB_no_negative_flags,5,True,True,False,False,True,101,2
P,tert_butyl,tert_butyl,C2,mesityl,bis_cf3_phenyl,<LB_P><LB1_tert_butyl><LB2_tert_butyl><LINKER_C2><LA1_mesityl><LA2_bis_cf3_phenyl>,Cc1cc(C)c(B(CCP(C(C)(C)C)C(C)(C)C)c2cc(C(F)(F)F)cc(C(F)(F)F)c2)c(C)c1,True,Cc1cc(C)c(B(CCP(C(C)(C)C)C(C)(C)C)c2cc(C(F)(F)F)cc(C(F)(F)F)c2)c(C)c1,Cc1cc(C)c(B(CCP(C(C)(C)C)C(C)(C)C)c2cc(C(F)(F)F)cc(C(F)(F)F)c2)c(C)c1,[],True,1,0.5609756097560976,True,True,False,False,True,False,True,[],0,35,True,True,True,True,"['LA_B_aryl', 'LA_B_diaryl', 'LA_B_tricoordinate']",['LB_phosphine'],[],[],LA_LB_no_negative_flags,3,True,True,False,False,True,101,1
N,cyclohexyl,cyclohexyl,C2,mesityl,pentafluorophenyl,<LB_N><LB1_cyclohexyl><LB2_cyclohexyl><LINKER_C2><LA1_mesityl><LA2_pentafluorophenyl>,Cc1cc(C)c(B(CCN(C2CCCCC2)C2CCCCC2)c2c(F)c(F)c(F)c(F)c2F)c(C)c1,True,Cc1cc(C)c(B(CCN(C2CCCCC2)C2CCCCC2)c2c(F)c(F)c(F)c(F)c2F)c(C)c1,Cc1cc(C)c(B(CCN(C2CCCCC2)C2CCCCC2)c2c(F)c(F)c(F)c(F)c2F)c(C)c1,[],True,1,0.42,True,True,False,False,True,False,True,[],0,36,True,True,True,True,"['LA_B_aryl', 'LA_B_diaryl', 'LA_B_polyhalogenated_aryl', 'LA_B_tricoordinate']",['LB_amine'],[],[],LA_LB_no_negative_flags,3,True,True,False,False,True,101,1
P,mesityl,mesityl,C1,pentachlorophenyl,bis_cf3_phenyl,<LB_P><LB1_mesityl><LB2_mesityl><LINKER_C1><LA1_pentachlorophenyl><LA2_bis_cf3_phenyl>,Cc1cc(C)c(P(CB(c2cc(C(F)(F)F)cc(C(F)(F)F)c2)c2c(Cl)c(Cl)c(Cl)c(Cl)c2Cl)c2c(C)cc(C)cc2C)c(C)c1,True,Cc1cc(C)c(P(CB(c2cc(C(F)(F)F)cc(C(F)(F)F)c2)c2c(Cl)c(Cl)c(Cl)c(Cl)c2Cl)c2c(C)cc(C)cc2C)c(C)c1,Cc1cc(C)c(P(CB(c2cc(C(F)(F)F)cc(C(F)(F)F)c2)c2c(Cl)c(Cl)c(Cl)c(Cl)c2Cl)c2c(C)cc(C)cc2C)c(C)c1,[],True,1,0.5,True,True,False,False,True,False,True,[],0,46,True,True,True,True,"['LA_B_aryl', 'LA_B_diaryl', 'LA_B_polyhalogenated_aryl', 'LA_B_tricoordinate']",['LB_phosphine'],[],[],LA_LB_no_negative_flags,2,True,True,False,False,True,101,1
P,cyclohexyl,isopropyl,C4,phenyl,mesityl,<LB_P><LB1_cyclohexyl><LB2_isopropyl><LINKER_C4><LA1_phenyl><LA2_mesityl>,Cc1cc(C)c(B(CCCCP(C(C)C)C2CCCCC2)c2ccccc2)c(C)c1,True,Cc1cc(C)c(B(CCCCP(C(C)C)C2CCCCC2)c2ccccc2)c(C)c1,Cc1cc(C)c(B(CCCCP(C(C)C)C2CCCCC2)c2ccccc2)c(C)c1,[],True,1,0.41379310344827586,True,True,False,False,True,False,True,[],0,30,True,True,True,True,"['LA_B_aryl', 'LA_B_diaryl', 'LA_B_tricoordinate']",['LB_phosphine'],[],[],LA_LB_no_negative_flags,5,True,True,False,False,True,101,1
P,mesityl,cyclohexyl,C5,pentafluorophenyl,bis_cf3_phenyl,<LB_P><LB1_mesityl><LB2_cyclohexyl><LINKER_C5><LA1_pentafluorophenyl><LA2_bis_cf3_phenyl>,Cc1cc(C)c(P(CCCCCB(c2cc(C(F)(F)F)cc(C(F)(F)F)c2)c2c(F)c(F)c(F)c(F)c2F)C2CCCCC2)c(C)c1,True,Cc1cc(C)c(P(CCCCCB(c2cc(C(F)(F)F)cc(C(F)(F)F)c2)c2c(F)c(F)c(F)c(F)c2F)C2CCCCC2)c(C)c1,Cc1cc(C)c(P(CCCCCB(c2cc(C(F)(F)F)cc(C(F)(F)F)c2)c2c(F)c(F)c(F)c(F)c2F)C2CCCCC2)c(C)c1,[],True,1,0.49122807017543857,True,True,False,False,True,False,True,[],0,47,True,True,True,True,"['LA_B_aryl', 'LA_B_diaryl', 'LA_B_polyhalogenated_aryl', 'LA_B_tricoordinate']",['LB_phosphine'],[],[],LA_LB_no_negative_flags,6,True,True,False,False,True,101,1
P,phenyl,tert_butyl,C3,pentachlorophenyl,bis_cf3_phenyl,<LB_P><LB1_phenyl><LB2_tert_butyl><LINKER_C3><LA1_pentachlorophenyl><LA2_bis_cf3_phenyl>,CC(C)(C)P(CCCB(c1cc(C(F)(F)F)cc(C(F)(F)F)c1)c1c(Cl)c(Cl)c(Cl)c(Cl)c1Cl)c1ccccc1,True,CC(C)(C)P(CCCB(c1cc(C(F)(F)F)cc(C(F)(F)F)c1)c1c(Cl)c(Cl)c(Cl)c(Cl)c1Cl)c1ccccc1,CC(C)(C)P(CCCB(c1cc(C(F)(F)F)cc(C(F)(F)F)c1)c1c(Cl)c(Cl)c(Cl)c(Cl)c1Cl)c1ccccc1,[],True,1,0.42,True,True,False,False,True,False,True,[],0,40,True,True,True,True,"['LA_B_aryl', 'LA_B_diaryl', 'LA_B_polyhalogenated_aryl', 'LA_B_tricoordinate']",['LB_phosphine'],[],[],LA_LB_no_negative_flags,4,True,True,False,False,True,101,2
P,tert_butyl,isopropyl,C5,pentachlorophenyl,pentachlorophenyl,<LB_P><LB1_tert_butyl><LB2_isopropyl><LINKER_C5><LA1_pentachlorophenyl><LA2_pentachlorophenyl>,CC(C)P(CCCCCB(c1c(Cl)c(Cl)c(Cl)c(Cl)c1Cl)c1c(Cl)c(Cl)c(Cl)c(Cl)c1Cl)C(C)(C)C,True,CC(C)P(CCCCCB(c1c(Cl)c(Cl)c(Cl)c(Cl)c1Cl)c1c(Cl)c(Cl)c(Cl)c(Cl)c1Cl)C(C)(C)C,CC(C)P(CCCCCB(c1c(Cl)c(Cl)c(Cl)c(Cl)c1Cl)c1c(Cl)c(Cl)c(Cl)c(Cl)c1Cl)C(C)(C)C,[],True,1,0.43243243243243246,True,True,False,False,True,False,True,[],0,36,True,True,True,True,"['LA_B_aryl', 'LA_B_diaryl', 'LA_B_polyhalogenated_aryl', 'LA_B_tricoordinate']",['LB_phosphine'],[],[],LA_LB_no_negative_flags,6,True,True,False,False,True,101,2
N,isopropyl,isopropyl,C6,phenyl,pentafluorophenyl,<LB_N><LB1_isopropyl><LB2_isopropyl><LINKER_C6><LA1_phenyl><LA2_pentafluorophenyl>,CC(C)N(CCCCCCB(c1ccccc1)c1c(F)c(F)c(F)c(F)c1F)C(C)C,True,CC(C)N(CCCCCCB(c1ccccc1)c1c(F)c(F)c(F)c(F)c1F)C(C)C,CC(C)N(CCCCCCB(c1ccccc1)c1c(F)c(F)c(F)c(F)c1F)C(C)C,[],True,1,0.43478260869565216,True,True,False,False,True,False,True,[],0,31,True,True,True,True,"['LA_B_aryl', 'LA_B_diaryl', 'LA_B_polyhalogenated_aryl', 'LA_B_tricoordinate']",['LB_amine'],[],[],LA_LB_no_negative_flags,7,True,True,False,False,True,101,2
P,phenyl,phenyl,C4,p_tolyl,mesityl,<LB_P><LB1_phenyl><LB2_phenyl><LINKER_C4><LA1_p_tolyl><LA2_mesityl>,Cc1ccc(B(CCCCP(c2ccccc2)c2ccccc2)c2c(C)cc(C)cc2C)cc1,True,Cc1ccc(B(CCCCP(c2ccccc2)c2ccccc2)c2c(C)cc(C)cc2C)cc1,Cc1ccc(B(CCCCP(c2ccccc2)c2ccccc2)c2c(C)cc(C)cc2C)cc1,[],True,1,0.5111111111111111,True,True,False,False,True,False,True,[],0,34,True,True,True,True,"['LA_B_aryl', 'LA_B_diaryl', 'LA_B_tricoordinate']",['LB_phosphine'],[],[],LA_LB_no_negative_flags,5,True,True,False,False,True,101,2
P,phenyl,mesityl,C3,p_tolyl,bis_cf3_phenyl,<LB_P><LB1_phenyl><LB2_mesityl><LINKER_C3><LA1_p_tolyl><LA2_bis_cf3_phenyl>,Cc1ccc(B(CCCP(c2ccccc2)c2c(C)cc(C)cc2C)c2cc(C(F)(F)F)cc(C(F)(F)F)c2)cc1,True,Cc1ccc(B(CCCP(c2ccccc2)c2c(C)cc(C)cc2C)c2cc(C(F)(F)F)cc(C(F)(F)F)c2)cc1,Cc1ccc(B(CCCP(c2ccccc2)c2c(C)cc(C)cc2C)c2cc(C(F)(F)F)cc(C(F)(F)F)c2)cc1,[],True,1,0.4107142857142857,True,True,False,False,True,False,True,[],0,41,True,True,True,True,"['LA_B_aryl', 'LA_B_diaryl', 'LA_B_tricoordinate']",['LB_phosphine'],[],[],LA_LB_no_negative_flags,4,True,True,False,False,True,101,3
N,phenyl,phenyl,C1,pentafluorophenyl,pentafluorophenyl,<LB_N><LB1_phenyl><LB2_phenyl><LINKER_C1><LA1_pentafluorophenyl><LA2_pentafluorophenyl>,Fc1c(F)c(F)c(B(CN(c2ccccc2)c2ccccc2)c2c(F)c(F)c(F)c(F)c2F)c(F)c1F,True,Fc1c(F)c(F)c(B(CN(c2ccccc2)c2ccccc2)c2c(F)c(F)c(F)c(F)c2F)c(F)c1F,Fc1c(F)c(F)c(B(CN(c2ccccc2)c2ccccc2)c2c(F)c(F)c(F)c(F)c2F)c(F)c1F,[],True,1,0.4444444444444444,True,True,False,False,True,False,True,[],0,37,True,True,True,True,"['LA_B_aryl', 'LA_B_diaryl', 'LA_B_polyhalogenated_aryl', 'LA_B_tricoordinate']",['LB_amine'],[],[],LA_LB_no_negative_flags,2,True,True,False,False,True,101,2
P,mesityl,tert_butyl,C2,p_tolyl,mesityl,<LB_P><LB1_mesityl><LB2_tert_butyl><LINKER_C2><LA1_p_tolyl><LA2_mesityl>,Cc1ccc(B(CCP(c2c(C)cc(C)cc2C)C(C)(C)C)c2c(C)cc(C)cc2C)cc1,True,Cc1ccc(B(CCP(c2c(C)cc(C)cc2C)C(C)(C)C)c2c(C)cc(C)cc2C)cc1,Cc1ccc(B(CCP(c2c(C)cc(C)cc2C)C(C)(C)C)c2c(C)cc(C)cc2C)cc1,[],True,1,0.41304347826086957,True,True,False,False,True,False,True,[],0,33,True,True,True,True,"['LA_B_aryl', 'LA_B_diaryl', 'LA_B_tricoordinate']",['LB_phosphine'],[],[],LA_LB_no_negative_flags,3,True,True,False,False,True,101,1
P,phenyl,cyclohexyl,C3,mesityl,pentachlorophenyl,<LB_P><LB1_phenyl><LB2_cyclohexyl><LINKER_C3><LA1_mesityl><LA2_pentachlorophenyl>,Cc1cc(C)c(B(CCCP(c2ccccc2)C2CCCCC2)c2c(Cl)c(Cl)c(Cl)c(Cl)c2Cl)c(C)c1,True,Cc1cc(C)c(B(CCCP(c2ccccc2)C2CCCCC2)c2c(Cl)c(Cl)c(Cl)c(Cl)c2Cl)c(C)c1,Cc1cc(C)c(B(CCCP(c2ccccc2)C2CCCCC2)c2c(Cl)c(Cl)c(Cl)c(Cl)c2Cl)c(C)c1,[],True,1,0.4423076923076923,True,True,False,False,True,False,True,[],0,37,True,True,True,True,"['LA_B_aryl', 'LA_B_diaryl', 'LA_B_polyhalogenated_aryl', 'LA_B_tricoordinate']",['LB_phosphine'],[],[],LA_LB_no_negative_flags,4,True,True,False,False,True,101,2
P,tert_butyl,isopropyl,C1,phenyl,bis_cf3_phenyl,<LB_P><LB1_tert_butyl><LB2_isopropyl><LINKER_C1><LA1_phenyl><LA2_bis_cf3_phenyl>,CC(C)P(CB(c1ccccc1)c1cc(C(F)(F)F)cc(C(F)(F)F)c1)C(C)(C)C,True,CC(C)P(CB(c1ccccc1)c1cc(C(F)(F)F)cc(C(F)(F)F)c1)C(C)(C)C,CC(C)P(CB(c1ccccc1)c1cc(C(F)(F)F)cc(C(F)(F)F)c1)C(C)(C)C,[],True,1,0.5897435897435898,True,True,False,False,True,False,True,[],0,30,True,True,True,True,"['LA_B_aryl', 'LA_B_diaryl', 'LA_B_tricoordinate']",['LB_phosphine'],[],[],LA_LB_no_negative_flags,2,True,True,False,False,True,101,2
P,phenyl,mesityl,C5,p_tolyl,mesityl,<LB_P><LB1_phenyl><LB2_mesityl><LINKER_C5><LA1_p_tolyl><LA2_mesityl>,Cc1ccc(B(CCCCCP(c2ccccc2)c2c(C)cc(C)cc2C)c2c(C)cc(C)cc2C)cc1,True,Cc1ccc(B(CCCCCP(c2ccccc2)c2c(C)cc(C)cc2C)c2c(C)cc(C)cc2C)cc1,Cc1ccc(B(CCCCCP(c2ccccc2)c2c(C)cc(C)cc2C)c2c(C)cc(C)cc2C)cc1,[],True,1,0.5102040816326531,True,True,False,False,True,False,True,[],0,38,True,True,True,True,"['LA_B_aryl', 'LA_B_diaryl', 'LA_B_tricoordinate']",['LB_phosphine'],[],[],LA_LB_no_negative_flags,6,True,True,False,False,True,101,2
N,phenyl,phenyl,C5,pentafluorophenyl,pentachlorophenyl,<LB_N><LB1_phenyl><LB2_phenyl><LINKER_C5><LA1_pentafluorophenyl><LA2_pentachlorophenyl>,Fc1c(F)c(F)c(B(CCCCCN(c2ccccc2)c2ccccc2)c2c(Cl)c(Cl)c(Cl)c(Cl)c2Cl)c(F)c1F,True,Fc1c(F)c(F)c(B(CCCCCN(c2ccccc2)c2ccccc2)c2c(Cl)c(Cl)c(Cl)c(Cl)c2Cl)c(F)c1F,Fc1c(F)c(F)c(B(CCCCCN(c2ccccc2)c2ccccc2)c2c(Cl)c(Cl)c(Cl)c(Cl)c2Cl)c(F)c1F,[],True,1,0.4666666666666667,True,True,False,False,True,False,True,[],0,41,True,True,True,True,"['LA_B_aryl', 'LA_B_diaryl', 'LA_B_polyhalogenated_aryl', 'LA_B_tricoordinate']",['LB_amine'],[],[],LA_LB_no_negative_flags,6,True,True,False,False,True,101,1
P,mesityl,tert_butyl,C5,phenyl,bis_cf3_phenyl,<LB_P><LB1_mesityl><LB2_tert_butyl><LINKER_C5><LA1_phenyl><LA2_bis_cf3_phenyl>,Cc1cc(C)c(P(CCCCCB(c2ccccc2)c2cc(C(F)(F)F)cc(C(F)(F)F)c2)C(C)(C)C)c(C)c1,True,Cc1cc(C)c(P(CCCCCB(c2ccccc2)c2cc(C(F)(F)F)cc(C(F)(F)F)c2)C(C)(C)C)c(C)c1,Cc1cc(C)c(P(CCCCCB(c2ccccc2)c2cc(C(F)(F)F)cc(C(F)(F)F)c2)C(C)(C)C)c(C)c1,[],True,1,0.40384615384615385,True,True,False,False,True,False,True,[],0,40,True,True,True,True,"['LA_B_aryl', 'LA_B_diaryl', 'LA_B_tricoordinate']",['LB_phosphine'],[],[],LA_LB_no_negative_flags,6,True,True,False,False,True,101,1
P,phenyl,isopropyl,C3,phenyl,bis_cf3_phenyl,<LB_P><LB1_phenyl><LB2_isopropyl><LINKER_C3><LA1_phenyl><LA2_bis_cf3_phenyl>,CC(C)P(CCCB(c1ccccc1)c1cc(C(F)(F)F)cc(C(F)(F)F)c1)c1ccccc1,True,CC(C)P(CCCB(c1ccccc1)c1cc(C(F)(F)F)cc(C(F)(F)F)c1)c1ccccc1,CC(C)P(CCCB(c1ccccc1)c1cc(C(F)(F)F)cc(C(F)(F)F)c1)c1ccccc1,[],True,1,0.4166666666666667,True,True,False,False,True,False,True,[],0,34,True,True,True,True,"['LA_B_aryl', 'LA_B_diaryl', 'LA_B_tricoordinate']",['LB_phosphine'],[],[],LA_LB_no_negative_flags,4,True,True,False,False,True,101,1
P,phenyl,phenyl,C6,p_tolyl,pentachlorophenyl,<LB_P><LB1_phenyl><LB2_phenyl><LINKER_C6><LA1_p_tolyl><LA2_pentachlorophenyl>,Cc1ccc(B(CCCCCCP(c2ccccc2)c2ccccc2)c2c(Cl)c(Cl)c(Cl)c(Cl)c2Cl)cc1,True,Cc1ccc(B(CCCCCCP(c2ccccc2)c2ccccc2)c2c(Cl)c(Cl)c(Cl)c(Cl)c2Cl)cc1,Cc1ccc(B(CCCCCCP(c2ccccc2)c2ccccc2)c2c(Cl)c(Cl)c(Cl)c(Cl)c2Cl)cc1,[],True,1,0.5111111111111111,True,True,False,False,True,False,True,[],0,38,True,True,True,True,"['LA_B_aryl', 'LA_B_diaryl', 'LA_B_polyhalogenated_aryl', 'LA_B_tricoordinate']",['LB_phosphine'],[],[],LA_LB_no_negative_flags,7,True,True,False,False,True,101,1
N,methyl,cyclohexyl,C3,mesityl,pentachlorophenyl,<LB_N><LB1_methyl><LB2_cyclohexyl><LINKER_C3><LA1_mesityl><LA2_pentachlorophenyl>,Cc1cc(C)c(B(CCCN(C)C2CCCCC2)c2c(Cl)c(Cl)c(Cl)c(Cl)c2Cl)c(C)c1,True,Cc1cc(C)c(B(CCCN(C)C2CCCCC2)c2c(Cl)c(Cl)c(Cl)c(Cl)c2Cl)c(C)c1,Cc1cc(C)c(B(CCCN(C)C2CCCCC2)c2c(Cl)c(Cl)c(Cl)c(Cl)c2Cl)c(C)c1,[],True,1,0.42,True,True,False,False,True,False,True,[],0,32,True,True,True,True,"['LA_B_aryl', 'LA_B_diaryl', 'LA_B_polyhalogenated_aryl', 'LA_B_tricoordinate']",['LB_amine'],[],[],LA_LB_no_negative_flags,4,True,True,False,False,True,101,1
N,methyl,phenyl,C2,bis_cf3_phenyl,bis_cf3_phenyl,<LB_N><LB1_methyl><LB2_phenyl><LINKER_C2><LA1_bis_cf3_phenyl><LA2_bis_cf3_phenyl>,CN(CCB(c1cc(C(F)(F)F)cc(C(F)(F)F)c1)c1cc(C(F)(F)F)cc(C(F)(F)F)c1)c1ccccc1,True,CN(CCB(c1cc(C(F)(F)F)cc(C(F)(F)F)c1)c1cc(C(F)(F)F)cc(C(F)(F)F)c1)c1ccccc1,CN(CCB(c1cc(C(F)(F)F)cc(C(F)(F)F)c1)c1cc(C(F)(F)F)cc(C(F)(F)F)c1)c1ccccc1,[],True,1,0.4186046511627907,True,True,False,False,True,False,True,[],0,39,True,True,True,True,"['LA_B_aryl', 'LA_B_diaryl', 'LA_B_tricoordinate']",['LB_amine'],[],[],LA_LB_no_negative_flags,3,True,True,False,False,True,101,1
P,isopropyl,isopropyl,C1,pentafluorophenyl,pentafluorophenyl,<LB_P><LB1_isopropyl><LB2_isopropyl><LINKER_C1><LA1_pentafluorophenyl><LA2_pentafluorophenyl>,CC(C)P(CB(c1c(F)c(F)c(F)c(F)c1F)c1c(F)c(F)c(F)c(F)c1F)C(C)C,True,CC(C)P(CB(c1c(F)c(F)c(F)c(F)c1F)c1c(F)c(F)c(F)c(F)c1F)C(C)C,CC(C)P(CB(c1c(F)c(F)c(F)c(F)c1F)c1c(F)c(F)c(F)c(F)c1F)C(C)C,[],True,1,0.5172413793103449,True,True,False,False,True,False,True,[],0,31,True,True,True,True,"['LA_B_aryl', 'LA_B_diaryl', 'LA_B_polyhalogenated_aryl', 'LA_B_tricoordinate']",['LB_phosphine'],[],[],LA_LB_no_negative_flags,2,True,True,False,False,True,101,1
N,isopropyl,isopropyl,C3,mesityl,pentachlorophenyl,<LB_N><LB1_isopropyl><LB2_isopropyl><LINKER_C3><LA1_mesityl><LA2_pentachlorophenyl>,Cc1cc(C)c(B(CCCN(C(C)C)C(C)C)c2c(Cl)c(Cl)c(Cl)c(Cl)c2Cl)c(C)c1,True,Cc1cc(C)c(B(CCCN(C(C)C)C(C)C)c2c(Cl)c(Cl)c(Cl)c(Cl)c2Cl)c(C)c1,Cc1cc(C)c(B(CCCN(C(C)C)C(C)C)c2c(Cl)c(Cl)c(Cl)c(Cl)c2Cl)c(C)c1,[],True,1,0.4772727272727273,True,True,False,False,True,False,True,[],0,31,True,True,True,True,"['LA_B_aryl', 'LA_B_diaryl', 'LA_B_polyhalogenated_aryl', 'LA_B_tricoordinate']",['LB_amine'],[],[],LA_LB_no_negative_flags,4,True,True,False,False,True,101,1
P,mesityl,cyclohexyl,C3,mesityl,pentafluorophenyl,<LB_P><LB1_mesityl><LB2_cyclohexyl><LINKER_C3><LA1_mesityl><LA2_pentafluorophenyl>,Cc1cc(C)c(B(CCCP(c2c(C)cc(C)cc2C)C2CCCCC2)c2c(F)c(F)c(F)c(F)c2F)c(C)c1,True,Cc1cc(C)c(B(CCCP(c2c(C)cc(C)cc2C)C2CCCCC2)c2c(F)c(F)c(F)c(F)c2F)c(C)c1,Cc1cc(C)c(B(CCCP(c2c(C)cc(C)cc2C)C2CCCCC2)c2c(F)c(F)c(F)c(F)c2F)c(C)c1,[],True,1,0.5510204081632653,True,True,False,False,True,False,True,[],0,40,True,True,True,True,"['LA_B_aryl', 'LA_B_diaryl', 'LA_B_polyhalogenated_aryl', 'LA_B_tricoordinate']",['LB_phosphine'],[],[],LA_LB_no_negative_flags,4,True,True,False,False,True,101,1
P,phenyl,cyclohexyl,C5,pentachlorophenyl,pentachlorophenyl,<LB_P><LB1_phenyl><LB2_cyclohexyl><LINKER_C5><LA1_pentachlorophenyl><LA2_pentachlorophenyl>,Clc1c(Cl)c(Cl)c(B(CCCCCP(c2ccccc2)C2CCCCC2)c2c(Cl)c(Cl)c(Cl)c(Cl)c2Cl)c(Cl)c1Cl,True,Clc1c(Cl)c(Cl)c(B(CCCCCP(c2ccccc2)C2CCCCC2)c2c(Cl)c(Cl)c(Cl)c(Cl)c2Cl)c(Cl)c1Cl,Clc1c(Cl)c(Cl)c(B(CCCCCP(c2ccccc2)C2CCCCC2)c2c(Cl)c(Cl)c(Cl)c(Cl)c2Cl)c(Cl)c1Cl,[],True,1,0.4883720930232558,True,True,False,False,True,False,True,[],0,41,True,True,True,True,"['LA_B_aryl', 'LA_B_diaryl', 'LA_B_polyhalogenated_aryl', 'LA_B_tricoordinate']",['LB_phosphine'],[],[],LA_LB_no_negative_flags,6,True,True,False,False,True,101,2
P,mesityl,tert_butyl,C4,phenyl,mesityl,<LB_P><LB1_mesityl><LB2_tert_butyl><LINKER_C4><LA1_phenyl><LA2_mesityl>,Cc1cc(C)c(B(CCCCP(c2c(C)cc(C)cc2C)C(C)(C)C)c2ccccc2)c(C)c1,True,Cc1cc(C)c(B(CCCCP(c2c(C)cc(C)cc2C)C(C)(C)C)c2ccccc2)c(C)c1,Cc1cc(C)c(B(CCCCP(c2c(C)cc(C)cc2C)C(C)(C)C)c2ccccc2)c(C)c1,[],True,1,0.44,True,True,False,False,True,False,True,[],0,34,True,True,True,True,"['LA_B_aryl', 'LA_B_diaryl', 'LA_B_tricoordinate']",['LB_phosphine'],[],[],LA_LB_no_negative_flags,5,True,True,False,False,True,101,1
P,cyclohexyl,isopropyl,C1,phenyl,phenyl,<LB_P><LB1_cyclohexyl><LB2_isopropyl><LINKER_C1><LA1_phenyl><LA2_phenyl>,CC(C)P(CB(c1ccccc1)c1ccccc1)C1CCCCC1,True,CC(C)P(CB(c1ccccc1)c1ccccc1)C1CCCCC1,CC(C)P(CB(c1ccccc1)c1ccccc1)C1CCCCC1,[],True,1,0.4186046511627907,True,True,False,False,True,False,True,[],0,24,True,True,True,True,"['LA_B_aryl', 'LA_B_diaryl', 'LA_B_tricoordinate']",['LB_phosphine'],[],[],LA_LB_no_negative_flags,2,True,True,False,False,True,101,1
P,phenyl,phenyl,C3,p_tolyl,bis_cf3_phenyl,<LB_P><LB1_phenyl><LB2_phenyl><LINKER_C3><LA1_p_tolyl><LA2_bis_cf3_phenyl>,Cc1ccc(B(CCCP(c2ccccc2)c2ccccc2)c2cc(C(F)(F)F)cc(C(F)(F)F)c2)cc1,True,Cc1ccc(B(CCCP(c2ccccc2)c2ccccc2)c2cc(C(F)(F)F)cc(C(F)(F)F)c2)cc1,Cc1ccc(B(CCCP(c2ccccc2)c2ccccc2)c2cc(C(F)(F)F)cc(C(F)(F)F)c2)cc1,[],True,1,0.42,True,True,False,False,True,False,True,[],0,38,True,True,True,True,"['LA_B_aryl', 'LA_B_diaryl', 'LA_B_tricoordinate']",['LB_phosphine'],[],[],LA_LB_no_negative_flags,4,True,True,False,False,True,101,2
P,mesityl,cyclohexyl,C1,pentachlorophenyl,pentachlorophenyl,<LB_P><LB1_mesityl><LB2_cyclohexyl><LINKER_C1><LA1_pentachlorophenyl><LA2_pentachlorophenyl>,Cc1cc(C)c(P(CB(c2c(Cl)c(Cl)c(Cl)c(Cl)c2Cl)c2c(Cl)c(Cl)c(Cl)c(Cl)c2Cl)C2CCCCC2)c(C)c1,True,Cc1cc(C)c(P(CB(c2c(Cl)c(Cl)c(Cl)c(Cl)c2Cl)c2c(Cl)c(Cl)c(Cl)c(Cl)c2Cl)C2CCCCC2)c(C)c1,Cc1cc(C)c(P(CB(c2c(Cl)c(Cl)c(Cl)c(Cl)c2Cl)c2c(Cl)c(Cl)c(Cl)c(Cl)c2Cl)C2CCCCC2)c(C)c1,[],True,1,0.4888888888888889,True,True,False,False,True,False,True,[],0,40,True,True,True,True,"['LA_B_aryl', 'LA_B_diaryl', 'LA_B_polyhalogenated_aryl', 'LA_B_tricoordinate']",['LB_phosphine'],[],[],LA_LB_no_negative_flags,2,True,True,False,False,True,101,1
P,phenyl,tert_butyl,C5,phenyl,phenyl,<LB_P><LB1_phenyl><LB2_tert_butyl><LINKER_C5><LA1_phenyl><LA2_phenyl>,CC(C)(C)P(CCCCCB(c1ccccc1)c1ccccc1)c1ccccc1,True,CC(C)(C)P(CCCCCB(c1ccccc1)c1ccccc1)c1ccccc1,CC(C)(C)P(CCCCCB(c1ccccc1)c1ccccc1)c1ccccc1,[],True,1,0.4090909090909091,True,True,False,False,True,False,True,[],0,29,True,True,True,True,"['LA_B_aryl', 'LA_B_diaryl', 'LA_B_tricoordinate']",['LB_phosphine'],[],[],LA_LB_no_negative_flags,6,True,True,False,False,True,101,1
N,methyl,phenyl,C4,phenyl,pentafluorophenyl,<LB_N><LB1_methyl><LB2_phenyl><LINKER_C4><LA1_phenyl><LA2_pentafluorophenyl>,CN(CCCCB(c1ccccc1)c1c(F)c(F)c(F)c(F)c1F)c1ccccc1,True,CN(CCCCB(c1ccccc1)c1c(F)c(F)c(F)c(F)c1F)c1ccccc1,CN(CCCCB(c1ccccc1)c1c(F)c(F)c(F)c(F)c1F)c1ccccc1,[],True,1,0.4444444444444444,True,True,False,False,True,False,True,[],0,30,True,True,True,True,"['LA_B_aryl', 'LA_B_diaryl', 'LA_B_polyhalogenated_aryl', 'LA_B_tricoordinate']",['LB_amine'],[],[],LA_LB_no_negative_flags,5,True,True,False,False,True,101,1
P,mesityl,isopropyl,C4,pentafluorophenyl,pentachlorophenyl,<LB_P><LB1_mesityl><LB2_isopropyl><LINKER_C4><LA1_pentafluorophenyl><LA2_pentachlorophenyl>,Cc1cc(C)c(P(CCCCB(c2c(F)c(F)c(F)c(F)c2F)c2c(Cl)c(Cl)c(Cl)c(Cl)c2Cl)C(C)C)c(C)c1,True,Cc1cc(C)c(P(CCCCB(c2c(F)c(F)c(F)c(F)c2F)c2c(Cl)c(Cl)c(Cl)c(Cl)c2Cl)C(C)C)c(C)c1,Cc1cc(C)c(P(CCCCB(c2c(F)c(F)c(F)c(F)c2F)c2c(Cl)c(Cl)c(Cl)c(Cl)c2Cl)C(C)C)c(C)c1,[],True,1,0.6170212765957447,True,True,False,False,True,False,True,[],0,40,True,True,True,True,"['LA_B_aryl', 'LA_B_diaryl', 'LA_B_polyhalogenated_aryl', 'LA_B_tricoordinate']",['LB_phosphine'],[],[],LA_LB_no_negative_flags,5,True,True,False,False,True,101,1
N,isopropyl,isopropyl,C1,bis_cf3_phenyl,bis_cf3_phenyl,<LB_N><LB1_isopropyl><LB2_isopropyl><LINKER_C1><LA1_bis_cf3_phenyl><LA2_bis_cf3_phenyl>,CC(C)N(CB(c1cc(C(F)(F)F)cc(C(F)(F)F)c1)c1cc(C(F)(F)F)cc(C(F)(F)F)c1)C(C)C,True,CC(C)N(CB(c1cc(C(F)(F)F)cc(C(F)(F)F)c1)c1cc(C(F)(F)F)cc(C(F)(F)F)c1)C(C)C,CC(C)N(CB(c1cc(C(F)(F)F)cc(C(F)(F)F)c1)c1cc(C(F)(F)F)cc(C(F)(F)F)c1)C(C)C,[],True,1,0.5277777777777778,True,True,False,False,True,False,True,[],0,37,True,True,True,True,"['LA_B_aryl', 'LA_B_diaryl', 'LA_B_tricoordinate']",['LB_amine'],[],[],LA_LB_no_negative_flags,2,True,True,False,False,True,101,1
N,ethyl,ethyl,C6,phenyl,pentafluorophenyl,<LB_N><LB1_ethyl><LB2_ethyl><LINKER_C6><LA1_phenyl><LA2_pentafluorophenyl>,CCN(CC)CCCCCCB(c1ccccc1)c1c(F)c(F)c(F)c(F)c1F,True,CCN(CC)CCCCCCB(c1ccccc1)c1c(F)c(F)c(F)c(F)c1F,CCN(CC)CCCCCCB(c1ccccc1)c1c(F)c(F)c(F)c(F)c1F,[],True,1,0.45652173913043476,True,True,False,False,True,False,True,[],0,29,True,True,True,True,"['LA_B_aryl', 'LA_B_diaryl', 'LA_B_polyhalogenated_aryl', 'LA_B_tricoordinate']",['LB_amine'],[],[],LA_LB_no_negative_flags,7,True,True,False,False,True,101,3
P,cyclohexyl,cyclohexyl,C5,phenyl,pentafluorophenyl,<LB_P><LB1_cyclohexyl><LB2_cyclohexyl><LINKER_C5><LA1_phenyl><LA2_pentafluorophenyl>,Fc1c(F)c(F)c(B(CCCCCP(C2CCCCC2)C2CCCCC2)c2ccccc2)c(F)c1F,True,Fc1c(F)c(F)c(B(CCCCCP(C2CCCCC2)C2CCCCC2)c2ccccc2)c(F)c1F,Fc1c(F)c(F)c(B(CCCCCP(C2CCCCC2)C2CCCCC2)c2ccccc2)c(F)c1F,[],True,1,0.48936170212765956,True,True,False,False,True,False,True,[],0,36,True,True,True,True,"['LA_B_aryl', 'LA_B_diaryl', 'LA_B_polyhalogenated_aryl', 'LA_B_tricoordinate']",['LB_phosphine'],[],[],LA_LB_no_negative_flags,6,True,True,False,False,True,101,1
P,mesityl,mesityl,C4,phenyl,p_tolyl,<LB_P><LB1_mesityl><LB2_mesityl><LINKER_C4><LA1_phenyl><LA2_p_tolyl>,Cc1ccc(B(CCCCP(c2c(C)cc(C)cc2C)c2c(C)cc(C)cc2C)c2ccccc2)cc1,True,Cc1ccc(B(CCCCP(c2c(C)cc(C)cc2C)c2c(C)cc(C)cc2C)c2ccccc2)cc1,Cc1ccc(B(CCCCP(c2c(C)cc(C)cc2C)c2c(C)cc(C)cc2C)c2ccccc2)cc1,[],True,1,0.5813953488372093,True,True,False,False,True,False,True,[],0,37,True,True,True,True,"['LA_B_aryl', 'LA_B_diaryl', 'LA_B_tricoordinate']",['LB_phosphine'],[],[],LA_LB_no_negative_flags,5,True,True,False,False,True,101,1
P,isopropyl,isopropyl,C4,pentachlorophenyl,bis_cf3_phenyl,<LB_P><LB1_isopropyl><LB2_isopropyl><LINKER_C4><LA1_pentachlorophenyl><LA2_bis_cf3_phenyl>,CC(C)P(CCCCB(c1cc(C(F)(F)F)cc(C(F)(F)F)c1)c1c(Cl)c(Cl)c(Cl)c(Cl)c1Cl)C(C)C,True,CC(C)P(CCCCB(c1cc(C(F)(F)F)cc(C(F)(F)F)c1)c1c(Cl)c(Cl)c(Cl)c(Cl)c1Cl)C(C)C,CC(C)P(CCCCB(c1cc(C(F)(F)F)cc(C(F)(F)F)c1)c1c(Cl)c(Cl)c(Cl)c(Cl)c1Cl)C(C)C,[],True,1,0.425531914893617,True,True,False,False,True,False,True,[],0,37,True,True,True,True,"['LA_B_aryl', 'LA_B_diaryl', 'LA_B_polyhalogenated_aryl', 'LA_B_tricoordinate']",['LB_phosphine'],[],[],LA_LB_no_negative_flags,5,True,True,False,False,True,101,2
P,phenyl,phenyl,C1,p_tolyl,pentafluorophenyl,<LB_P><LB1_phenyl><LB2_phenyl><LINKER_C1><LA1_p_tolyl><LA2_pentafluorophenyl>,Cc1ccc(B(CP(c2ccccc2)c2ccccc2)c2c(F)c(F)c(F)c(F)c2F)cc1,True,Cc1ccc(B(CP(c2ccccc2)c2ccccc2)c2c(F)c(F)c(F)c(F)c2F)cc1,Cc1ccc(B(CP(c2ccccc2)c2ccccc2)c2c(F)c(F)c(F)c(F)c2F)cc1,[],True,1,0.5116279069767442,True,True,False,False,True,False,True,[],0,33,True,True,True,True,"['LA_B_aryl', 'LA_B_diaryl', 'LA_B_polyhalogenated_aryl', 'LA_B_tricoordinate']",['LB_phosphine'],[],[],LA_LB_no_negative_flags,2,True,True,False,False,True,101,2
N,ethyl,phenyl,C1,pentafluorophenyl,pentachlorophenyl,<LB_N><LB1_ethyl><LB2_phenyl><LINKER_C1><LA1_pentafluorophenyl><LA2_pentachlorophenyl>,CCN(CB(c1c(F)c(F)c(F)c(F)c1F)c1c(Cl)c(Cl)c(Cl)c(Cl)c1Cl)c1ccccc1,True,CCN(CB(c1c(F)c(F)c(F)c(F)c1F)c1c(Cl)c(Cl)c(Cl)c(Cl)c1Cl)c1ccccc1,CCN(CB(c1c(F)c(F)c(F)c(F)c1F)c1c(Cl)c(Cl)c(Cl)c(Cl)c1Cl)c1ccccc1,[],True,1,0.43478260869565216,True,True,False,False,True,False,True,[],0,33,True,True,True,True,"['LA_B_aryl', 'LA_B_diaryl', 'LA_B_polyhalogenated_aryl', 'LA_B_tricoordinate']",['LB_amine'],[],[],LA_LB_no_negative_flags,2,True,True,False,False,True,101,1
P,mesityl,mesityl,C5,p_tolyl,p_tolyl,<LB_P><LB1_mesityl><LB2_mesityl><LINKER_C5><LA1_p_tolyl><LA2_p_tolyl>,Cc1ccc(B(CCCCCP(c2c(C)cc(C)cc2C)c2c(C)cc(C)cc2C)c2ccc(C)cc2)cc1,True,Cc1ccc(B(CCCCCP(c2c(C)cc(C)cc2C)c2c(C)cc(C)cc2C)c2ccc(C)cc2)cc1,Cc1ccc(B(CCCCCP(c2c(C)cc(C)cc2C)c2c(C)cc(C)cc2C)c2ccc(C)cc2)cc1,[],True,1,0.625,True,True,False,False,True,False,True,[],0,39,True,True,True,True,"['LA_B_aryl', 'LA_B_diaryl', 'LA_B_tricoordinate']",['LB_phosphine'],[],[],LA_LB_no_negative_flags,6,True,True,False,False,True,101,1
N,methyl,methyl,C4,mesityl,pentafluorophenyl,<LB_N><LB1_methyl><LB2_methyl><LINKER_C4><LA1_mesityl><LA2_pentafluorophenyl>,Cc1cc(C)c(B(CCCCN(C)C)c2c(F)c(F)c(F)c(F)c2F)c(C)c1,True,Cc1cc(C)c(B(CCCCN(C)C)c2c(F)c(F)c(F)c(F)c2F)c(C)c1,Cc1cc(C)c(B(CCCCN(C)C)c2c(F)c(F)c(F)c(F)c2F)c(C)c1,[],True,1,0.5714285714285714,True,True,False,False,True,False,True,[],0,28,True,True,True,True,"['LA_B_aryl', 'LA_B_diaryl', 'LA_B_polyhalogenated_aryl', 'LA_B_tricoordinate']",['LB_amine'],[],[],LA_LB_no_negative_flags,5,True,True,False,False,True,101,1
N,ethyl,isopropyl,C4,mesityl,pentafluorophenyl,<LB_N><LB1_ethyl><LB2_isopropyl><LINKER_C4><LA1_mesityl><LA2_pentafluorophenyl>,CCN(CCCCB(c1c(C)cc(C)cc1C)c1c(F)c(F)c(F)c(F)c1F)C(C)C,True,CCN(CCCCB(c1c(C)cc(C)cc1C)c1c(F)c(F)c(F)c(F)c1F)C(C)C,CCN(CCCCB(c1c(C)cc(C)cc1C)c1c(F)c(F)c(F)c(F)c1F)C(C)C,[],True,1,0.5208333333333334,True,True,False,False,True,False,True,[],0,31,True,True,True,True,"['LA_B_aryl', 'LA_B_diaryl', 'LA_B_polyhalogenated_aryl', 'LA_B_tricoordinate']",['LB_amine'],[],[],LA_LB_no_negative_flags,5,True,True,False,False,True,101,2
P,phenyl,mesityl,C3,p_tolyl,p_tolyl,<LB_P><LB1_phenyl><LB2_mesityl><LINKER_C3><LA1_p_tolyl><LA2_p_tolyl>,Cc1ccc(B(CCCP(c2ccccc2)c2c(C)cc(C)cc2C)c2ccc(C)cc2)cc1,True,Cc1ccc(B(CCCP(c2ccccc2)c2c(C)cc(C)cc2C)c2ccc(C)cc2)cc1,Cc1ccc(B(CCCP(c2ccccc2)c2c(C)cc(C)cc2C)c2ccc(C)cc2)cc1,[],True,1,0.46808510638297873,True,True,False,False,True,False,True,[],0,34,True,True,True,True,"['LA_B_aryl', 'LA_B_diaryl', 'LA_B_tricoordinate']",['LB_phosphine'],[],[],LA_LB_no_negative_flags,4,True,True,False,False,True,101,2
P,phenyl,phenyl,C2,phenyl,pentachlorophenyl,<LB_P><LB1_phenyl><LB2_phenyl><LINKER_C2><LA1_phenyl><LA2_pentachlorophenyl>,Clc1c(Cl)c(Cl)c(B(CCP(c2ccccc2)c2ccccc2)c2ccccc2)c(Cl)c1Cl,True,Clc1c(Cl)c(Cl)c(B(CCP(c2ccccc2)c2ccccc2)c2ccccc2)c(Cl)c1Cl,Clc1c(Cl)c(Cl)c(B(CCP(c2ccccc2)c2ccccc2)c2ccccc2)c(Cl)c1Cl,[],True,1,0.6176470588235294,True,True,False,False,True,False,True,[],0,33,True,True,True,True,"['LA_B_aryl', 'LA_B_diaryl', 'LA_B_polyhalogenated_aryl', 'LA_B_tricoordinate']",['LB_phosphine'],[],[],LA_LB_no_negative_flags,3,True,True,False,False,True,101,2
N,ethyl,isopropyl,C4,phenyl,pentafluorophenyl,<LB_N><LB1_ethyl><LB2_isopropyl><LINKER_C4><LA1_phenyl><LA2_pentafluorophenyl>,CCN(CCCCB(c1ccccc1)c1c(F)c(F)c(F)c(F)c1F)C(C)C,True,CCN(CCCCB(c1ccccc1)c1c(F)c(F)c(F)c(F)c1F)C(C)C,CCN(CCCCB(c1ccccc1)c1c(F)c(F)c(F)c(F)c1F)C(C)C,[],True,1,0.48936170212765956,True,True,False,False,True,False,True,[],0,28,True,True,True,True,"['LA_B_aryl', 'LA_B_diaryl', 'LA_B_polyhalogenated_aryl', 'LA_B_tricoordinate']",['LB_amine'],[],[],LA_LB_no_negative_flags,5,True,True,False,False,True,101,1
N,isopropyl,phenyl,C5,mesityl,pentachlorophenyl,<LB_N><LB1_isopropyl><LB2_phenyl><LINKER_C5><LA1_mesityl><LA2_pentachlorophenyl>,Cc1cc(C)c(B(CCCCCN(c2ccccc2)C(C)C)c2c(Cl)c(Cl)c(Cl)c(Cl)c2Cl)c(C)c1,True,Cc1cc(C)c(B(CCCCCN(c2ccccc2)C(C)C)c2c(Cl)c(Cl)c(Cl)c(Cl)c2Cl)c(C)c1,Cc1cc(C)c(B(CCCCCN(c2ccccc2)C(C)C)c2c(Cl)c(Cl)c(Cl)c(Cl)c2Cl)c(C)c1,[],True,1,0.40384615384615385,True,True,False,False,True,False,True,[],0,36,True,True,True,True,"['LA_B_aryl', 'LA_B_diaryl', 'LA_B_polyhalogenated_aryl', 'LA_B_tricoordinate']",['LB_amine'],[],[],LA_LB_no_negative_flags,6,True,True,False,False,True,101,3
N,ethyl,phenyl,C5,pentafluorophenyl,pentafluorophenyl,<LB_N><LB1_ethyl><LB2_phenyl><LINKER_C5><LA1_pentafluorophenyl><LA2_pentafluorophenyl>,CCN(CCCCCB(c1c(F)c(F)c(F)c(F)c1F)c1c(F)c(F)c(F)c(F)c1F)c1ccccc1,True,CCN(CCCCCB(c1c(F)c(F)c(F)c(F)c1F)c1c(F)c(F)c(F)c(F)c1F)c1ccccc1,CCN(CCCCCB(c1c(F)c(F)c(F)c(F)c1F)c1c(F)c(F)c(F)c(F)c1F)c1ccccc1,[],True,1,0.4772727272727273,True,True,False,False,True,False,True,[],0,37,True,True,True,True,"['LA_B_aryl', 'LA_B_diaryl', 'LA_B_polyhalogenated_aryl', 'LA_B_tricoordinate']",['LB_amine'],[],[],LA_LB_no_negative_flags,6,True,True,False,False,True,101,1
N,isopropyl,isopropyl,C3,phenyl,pentafluorophenyl,<LB_N><LB1_isopropyl><LB2_isopropyl><LINKER_C3><LA1_phenyl><LA2_pentafluorophenyl>,CC(C)N(CCCB(c1ccccc1)c1c(F)c(F)c(F)c(F)c1F)C(C)C,True,CC(C)N(CCCB(c1ccccc1)c1c(F)c(F)c(F)c(F)c1F)C(C)C,CC(C)N(CCCB(c1ccccc1)c1c(F)c(F)c(F)c(F)c1F)C(C)C,[],True,1,0.4222222222222222,True,True,False,False,True,False,True,[],0,28,True,True,True,True,"['LA_B_aryl', 'LA_B_diaryl', 'LA_B_polyhalogenated_aryl', 'LA_B_tricoordinate']",['LB_amine'],[],[],LA_LB_no_negative_flags,4,True,True,False,False,True,101,1
P,phenyl,phenyl,C1,p_tolyl,bis_cf3_phenyl,<LB_P><LB1_phenyl><LB2_phenyl><LINKER_C1><LA1_p_tolyl><LA2_bis_cf3_phenyl>,Cc1ccc(B(CP(c2ccccc2)c2ccccc2)c2cc(C(F)(F)F)cc(C(F)(F)F)c2)cc1,True,Cc1ccc(B(CP(c2ccccc2)c2ccccc2)c2cc(C(F)(F)F)cc(C(F)(F)F)c2)cc1,Cc1ccc(B(CP(c2ccccc2)c2ccccc2)c2cc(C(F)(F)F)cc(C(F)(F)F)c2)cc1,[],True,1,0.4883720930232558,True,True,False,False,True,False,True,[],0,36,True,True,True,True,"['LA_B_aryl', 'LA_B_diaryl', 'LA_B_tricoordinate']",['LB_phosphine'],[],[],LA_LB_no_negative_flags,2,True,True,False,False,True,101,1
P,phenyl,mesityl,C1,mesityl,pentachlorophenyl,<LB_P><LB1_phenyl><LB2_mesityl><LINKER_C1><LA1_mesityl><LA2_pentachlorophenyl>,Cc1cc(C)c(B(CP(c2ccccc2)c2c(C)cc(C)cc2C)c2c(Cl)c(Cl)c(Cl)c(Cl)c2Cl)c(C)c1,True,Cc1cc(C)c(B(CP(c2ccccc2)c2c(C)cc(C)cc2C)c2c(Cl)c(Cl)c(Cl)c(Cl)c2Cl)c(C)c1,Cc1cc(C)c(B(CP(c2ccccc2)c2c(C)cc(C)cc2C)c2c(Cl)c(Cl)c(Cl)c(Cl)c2Cl)c(C)c1,[],True,1,0.5217391304347826,True,True,False,False,True,False,True,[],0,38,True,True,True,True,"['LA_B_aryl', 'LA_B_diaryl', 'LA_B_polyhalogenated_aryl', 'LA_B_tricoordinate']",['LB_phosphine'],[],[],LA_LB_no_negative_flags,2,True,True,False,False,True,101,2
P,mesityl,cyclohexyl,C4,phenyl,pentafluorophenyl,<LB_P><LB1_mesityl><LB2_cyclohexyl><LINKER_C4><LA1_phenyl><LA2_pentafluorophenyl>,Cc1cc(C)c(P(CCCCB(c2ccccc2)c2c(F)c(F)c(F)c(F)c2F)C2CCCCC2)c(C)c1,True,Cc1cc(C)c(P(CCCCB(c2ccccc2)c2c(F)c(F)c(F)c(F)c2F)C2CCCCC2)c(C)c1,Cc1cc(C)c(P(CCCCB(c2ccccc2)c2c(F)c(F)c(F)c(F)c2F)C2CCCCC2)c(C)c1,[],True,1,0.5283018867924528,True,True,False,False,True,False,True,[],0,38,True,True,True,True,"['LA_B_aryl', 'LA_B_diaryl', 'LA_B_polyhalogenated_aryl', 'LA_B_tricoordinate']",['LB_phosphine'],[],[],LA_LB_no_negative_flags,5,True,True,False,False,True,101,1
P,tert_butyl,cyclohexyl,C4,pentafluorophenyl,pentafluorophenyl,<LB_P><LB1_tert_butyl><LB2_cyclohexyl><LINKER_C4><LA1_pentafluorophenyl><LA2_pentafluorophenyl>,CC(C)(C)P(CCCCB(c1c(F)c(F)c(F)c(F)c1F)c1c(F)c(F)c(F)c(F)c1F)C1CCCCC1,True,CC(C)(C)P(CCCCB(c1c(F)c(F)c(F)c(F)c1F)c1c(F)c(F)c(F)c(F)c1F)C1CCCCC1,CC(C)(C)P(CCCCB(c1c(F)c(F)c(F)c(F)c1F)c1c(F)c(F)c(F)c(F)c1F)C1CCCCC1,[],True,1,0.40816326530612246,True,True,False,False,True,False,True,[],0,38,True,True,True,True,"['LA_B_aryl', 'LA_B_diaryl', 'LA_B_polyhalogenated_aryl', 'LA_B_tricoordinate']",['LB_phosphine'],[],[],LA_LB_no_negative_flags,5,True,True,False,False,True,101,2
P,tert_butyl,isopropyl,C5,bis_cf3_phenyl,bis_cf3_phenyl,<LB_P><LB1_tert_butyl><LB2_isopropyl><LINKER_C5><LA1_bis_cf3_phenyl><LA2_bis_cf3_phenyl>,CC(C)P(CCCCCB(c1cc(C(F)(F)F)cc(C(F)(F)F)c1)c1cc(C(F)(F)F)cc(C(F)(F)F)c1)C(C)(C)C,True,CC(C)P(CCCCCB(c1cc(C(F)(F)F)cc(C(F)(F)F)c1)c1cc(C(F)(F)F)cc(C(F)(F)F)c1)C(C)(C)C,CC(C)P(CCCCCB(c1cc(C(F)(F)F)cc(C(F)(F)F)c1)c1cc(C(F)(F)F)cc(C(F)(F)F)c1)C(C)(C)C,[],True,1,0.5365853658536586,True,True,False,False,True,False,True,[],0,42,True,True,True,True,"['LA_B_aryl', 'LA_B_diaryl', 'LA_B_tricoordinate']",['LB_phosphine'],[],[],LA_LB_no_negative_flags,6,True,True,False,False,True,101,1
P,mesityl,isopropyl,C6,bis_cf3_phenyl,bis_cf3_phenyl,<LB_P><LB1_mesityl><LB2_isopropyl><LINKER_C6><LA1_bis_cf3_phenyl><LA2_bis_cf3_phenyl>,Cc1cc(C)c(P(CCCCCCB(c2cc(C(F)(F)F)cc(C(F)(F)F)c2)c2cc(C(F)(F)F)cc(C(F)(F)F)c2)C(C)C)c(C)c1,True,Cc1cc(C)c(P(CCCCCCB(c2cc(C(F)(F)F)cc(C(F)(F)F)c2)c2cc(C(F)(F)F)cc(C(F)(F)F)c2)C(C)C)c(C)c1,Cc1cc(C)c(P(CCCCCCB(c2cc(C(F)(F)F)cc(C(F)(F)F)c2)c2cc(C(F)(F)F)cc(C(F)(F)F)c2)C(C)C)c(C)c1,[],True,1,0.4230769230769231,True,True,False,False,True,False,True,[],0,48,True,True,True,True,"['LA_B_aryl', 'LA_B_diaryl', 'LA_B_tricoordinate']",['LB_phosphine'],[],[],LA_LB_no_negative_flags,7,True,True,False,False,True,101,1
N,methyl,methyl,C2,phenyl,bis_cf3_phenyl,<LB_N><LB1_methyl><LB2_methyl><LINKER_C2><LA1_phenyl><LA2_bis_cf3_phenyl>,CN(C)CCB(c1ccccc1)c1cc(C(F)(F)F)cc(C(F)(F)F)c1,True,CN(C)CCB(c1ccccc1)c1cc(C(F)(F)F)cc(C(F)(F)F)c1,CN(C)CCB(c1ccccc1)c1cc(C(F)(F)F)cc(C(F)(F)F)c1,[],True,1,0.42857142857142855,True,True,False,False,True,False,True,[],0,26,True,True,True,True,"['LA_B_aryl', 'LA_B_diaryl', 'LA_B_tricoordinate']",['LB_amine'],[],[],LA_LB_no_negative_flags,3,True,True,False,False,True,101,1
P,mesityl,mesityl,C6,p_tolyl,mesityl,<LB_P><LB1_mesityl><LB2_mesityl><LINKER_C6><LA1_p_tolyl><LA2_mesityl>,Cc1ccc(B(CCCCCCP(c2c(C)cc(C)cc2C)c2c(C)cc(C)cc2C)c2c(C)cc(C)cc2C)cc1,True,Cc1ccc(B(CCCCCCP(c2c(C)cc(C)cc2C)c2c(C)cc(C)cc2C)c2c(C)cc(C)cc2C)cc1,Cc1ccc(B(CCCCCCP(c2c(C)cc(C)cc2C)c2c(C)cc(C)cc2C)c2c(C)cc(C)cc2C)cc1,[],True,1,0.6190476190476191,True,True,False,False,True,False,True,[],0,42,True,True,True,True,"['LA_B_aryl', 'LA_B_diaryl', 'LA_B_tricoordinate']",['LB_phosphine'],[],[],LA_LB_no_negative_flags,7,True,True,False,False,True,101,1
N,ethyl,isopropyl,C1,mesityl,bis_cf3_phenyl,<LB_N><LB1_ethyl><LB2_isopropyl><LINKER_C1><LA1_mesityl><LA2_bis_cf3_phenyl>,CCN(CB(c1cc(C(F)(F)F)cc(C(F)(F)F)c1)c1c(C)cc(C)cc1C)C(C)C,True,CCN(CB(c1cc(C(F)(F)F)cc(C(F)(F)F)c1)c1c(C)cc(C)cc1C)C(C)C,CCN(CB(c1cc(C(F)(F)F)cc(C(F)(F)F)c1)c1c(C)cc(C)cc1C)C(C)C,[],True,1,0.40425531914893614,True,True,False,False,True,False,True,[],0,31,True,True,True,True,"['LA_B_aryl', 'LA_B_diaryl', 'LA_B_tricoordinate']",['LB_amine'],[],[],LA_LB_no_negative_flags,2,True,True,False,False,True,101,1
N,isopropyl,phenyl,C1,phenyl,bis_cf3_phenyl,<LB_N><LB1_isopropyl><LB2_phenyl><LINKER_C1><LA1_phenyl><LA2_bis_cf3_phenyl>,CC(C)N(CB(c1ccccc1)c1cc(C(F)(F)F)cc(C(F)(F)F)c1)c1ccccc1,True,CC(C)N(CB(c1ccccc1)c1cc(C(F)(F)F)cc(C(F)(F)F)c1)c1ccccc1,CC(C)N(CB(c1ccccc1)c1cc(C(F)(F)F)cc(C(F)(F)F)c1)c1ccccc1,[],True,1,0.4222222222222222,True,True,False,False,True,False,True,[],0,32,True,True,True,True,"['LA_B_aryl', 'LA_B_diaryl', 'LA_B_tricoordinate']",['LB_amine'],[],[],LA_LB_no_negative_flags,2,True,True,False,False,True,101,3
P,phenyl,tert_butyl,C1,p_tolyl,bis_cf3_phenyl,<LB_P><LB1_phenyl><LB2_tert_butyl><LINKER_C1><LA1_p_tolyl><LA2_bis_cf3_phenyl>,Cc1ccc(B(CP(c2ccccc2)C(C)(C)C)c2cc(C(F)(F)F)cc(C(F)(F)F)c2)cc1,True,Cc1ccc(B(CP(c2ccccc2)C(C)(C)C)c2cc(C(F)(F)F)cc(C(F)(F)F)c2)cc1,Cc1ccc(B(CP(c2ccccc2)C(C)(C)C)c2cc(C(F)(F)F)cc(C(F)(F)F)c2)cc1,[],True,1,0.5227272727272727,True,True,False,False,True,False,True,[],0,34,True,True,True,True,"['LA_B_aryl', 'LA_B_diaryl', 'LA_B_tricoordinate']",['LB_phosphine'],[],[],LA_LB_no_negative_flags,2,True,True,False,False,True,101,2
P,tert_butyl,tert_butyl,C3,p_tolyl,bis_cf3_phenyl,<LB_P><LB1_tert_butyl><LB2_tert_butyl><LINKER_C3><LA1_p_tolyl><LA2_bis_cf3_phenyl>,Cc1ccc(B(CCCP(C(C)(C)C)C(C)(C)C)c2cc(C(F)(F)F)cc(C(F)(F)F)c2)cc1,True,Cc1ccc(B(CCCP(C(C)(C)C)C(C)(C)C)c2cc(C(F)(F)F)cc(C(F)(F)F)c2)cc1,Cc1ccc(B(CCCP(C(C)(C)C)C(C)(C)C)c2cc(C(F)(F)F)cc(C(F)(F)F)c2)cc1,[],True,1,0.5476190476190477,True,True,False,False,True,False,True,[],0,34,True,True,True,True,"['LA_B_aryl', 'LA_B_diaryl', 'LA_B_tricoordinate']",['LB_phosphine'],[],[],LA_LB_no_negative_flags,4,True,True,False,False,True,101,1
P,phenyl,mesityl,C6,pentafluorophenyl,pentafluorophenyl,<LB_P><LB1_phenyl><LB2_mesityl><LINKER_C6><LA1_pentafluorophenyl><LA2_pentafluorophenyl>,Cc1cc(C)c(P(CCCCCCB(c2c(F)c(F)c(F)c(F)c2F)c2c(F)c(F)c(F)c(F)c2F)c2ccccc2)c(C)c1,True,Cc1cc(C)c(P(CCCCCCB(c2c(F)c(F)c(F)c(F)c2F)c2c(F)c(F)c(F)c(F)c2F)c2ccccc2)c(C)c1,Cc1cc(C)c(P(CCCCCCB(c2c(F)c(F)c(F)c(F)c2F)c2c(F)c(F)c(F)c(F)c2F)c2ccccc2)c(C)c1,[],True,1,0.7619047619047619,True,True,False,False,True,False,True,[],0,45,True,True,True,True,"['LA_B_aryl', 'LA_B_diaryl', 'LA_B_polyhalogenated_aryl', 'LA_B_tricoordinate']",['LB_phosphine'],[],[],LA_LB_no_negative_flags,7,True,True,False,False,True,101,1
P,phenyl,mesityl,C5,mesityl,bis_cf3_phenyl,<LB_P><LB1_phenyl><LB2_mesityl><LINKER_C5><LA1_mesityl><LA2_bis_cf3_phenyl>,Cc1cc(C)c(B(CCCCCP(c2ccccc2)c2c(C)cc(C)cc2C)c2cc(C(F)(F)F)cc(C(F)(F)F)c2)c(C)c1,True,Cc1cc(C)c(B(CCCCCP(c2ccccc2)c2c(C)cc(C)cc2C)c2cc(C(F)(F)F)cc(C(F)(F)F)c2)c(C)c1,Cc1cc(C)c(B(CCCCCP(c2ccccc2)c2c(C)cc(C)cc2C)c2cc(C(F)(F)F)cc(C(F)(F)F)c2)c(C)c1,[],True,1,0.48148148148148145,True,True,False,False,True,False,True,[],0,45,True,True,True,True,"['LA_B_aryl', 'LA_B_diaryl', 'LA_B_tricoordinate']",['LB_phosphine'],[],[],LA_LB_no_negative_flags,6,True,True,False,False,True,101,1
P,mesityl,tert_butyl,C2,mesityl,bis_cf3_phenyl,<LB_P><LB1_mesityl><LB2_tert_butyl><LINKER_C2><LA1_mesityl><LA2_bis_cf3_phenyl>,Cc1cc(C)c(B(CCP(c2c(C)cc(C)cc2C)C(C)(C)C)c2cc(C(F)(F)F)cc(C(F)(F)F)c2)c(C)c1,True,Cc1cc(C)c(B(CCP(c2c(C)cc(C)cc2C)C(C)(C)C)c2cc(C(F)(F)F)cc(C(F)(F)F)c2)c(C)c1,Cc1cc(C)c(B(CCP(c2c(C)cc(C)cc2C)C(C)(C)C)c2cc(C(F)(F)F)cc(C(F)(F)F)c2)c(C)c1,[],True,1,0.4666666666666667,True,True,False,False,True,False,True,[],0,40,True,True,True,True,"['LA_B_aryl', 'LA_B_diaryl', 'LA_B_tricoordinate']",['LB_phosphine'],[],[],LA_LB_no_negative_flags,3,True,True,False,False,True,101,1
N,methyl,phenyl,C6,mesityl,pentachlorophenyl,<LB_N><LB1_methyl><LB2_phenyl><LINKER_C6><LA1_mesityl><LA2_pentachlorophenyl>,Cc1cc(C)c(B(CCCCCCN(C)c2ccccc2)c2c(Cl)c(Cl)c(Cl)c(Cl)c2Cl)c(C)c1,True,Cc1cc(C)c(B(CCCCCCN(C)c2ccccc2)c2c(Cl)c(Cl)c(Cl)c(Cl)c2Cl)c(C)c1,Cc1cc(C)c(B(CCCCCCN(C)c2ccccc2)c2c(Cl)c(Cl)c(Cl)c(Cl)c2Cl)c(C)c1,[],True,1,0.42857142857142855,True,True,False,False,True,False,True,[],0,35,True,True,True,True,"['LA_B_aryl', 'LA_B_diaryl', 'LA_B_polyhalogenated_aryl', 'LA_B_tricoordinate']",['LB_amine'],[],[],LA_LB_no_negative_flags,7,True,True,False,False,True,101,1
P,mesityl,isopropyl,C3,phenyl,pentachlorophenyl,<LB_P><LB1_mesityl><LB2_isopropyl><LINKER_C3><LA1_phenyl><LA2_pentachlorophenyl>,Cc1cc(C)c(P(CCCB(c2ccccc2)c2c(Cl)c(Cl)c(Cl)c(Cl)c2Cl)C(C)C)c(C)c1,True,Cc1cc(C)c(P(CCCB(c2ccccc2)c2c(Cl)c(Cl)c(Cl)c(Cl)c2Cl)C(C)C)c(C)c1,Cc1cc(C)c(P(CCCB(c2ccccc2)c2c(Cl)c(Cl)c(Cl)c(Cl)c2Cl)C(C)C)c(C)c1,[],True,1,0.5106382978723404,True,True,False,False,True,False,True,[],0,34,True,True,True,True,"['LA_B_aryl', 'LA_B_diaryl', 'LA_B_polyhalogenated_aryl', 'LA_B_tricoordinate']",['LB_phosphine'],[],[],LA_LB_no_negative_flags,4,True,True,False,False,True,101,1
P,isopropyl,isopropyl,C5,mesityl,pentachlorophenyl,<LB_P><LB1_isopropyl><LB2_isopropyl><LINKER_C5><LA1_mesityl><LA2_pentachlorophenyl>,Cc1cc(C)c(B(CCCCCP(C(C)C)C(C)C)c2c(Cl)c(Cl)c(Cl)c(Cl)c2Cl)c(C)c1,True,Cc1cc(C)c(B(CCCCCP(C(C)C)C(C)C)c2c(Cl)c(Cl)c(Cl)c(Cl)c2Cl)c(C)c1,Cc1cc(C)c(B(CCCCCP(C(C)C)C(C)C)c2c(Cl)c(Cl)c(Cl)c(Cl)c2Cl)c(C)c1,[],True,1,0.5227272727272727,True,True,False,False,True,False,True,[],0,33,True,True,True,True,"['LA_B_aryl', 'LA_B_diaryl', 'LA_B_polyhalogenated_aryl', 'LA_B_tricoordinate']",['LB_phosphine'],[],[],LA_LB_no_negative_flags,6,True,True,False,False,True,101,2
N,isopropyl,phenyl,C6,mesityl,pentafluorophenyl,<LB_N><LB1_isopropyl><LB2_phenyl><LINKER_C6><LA1_mesityl><LA2_pentafluorophenyl>,Cc1cc(C)c(B(CCCCCCN(c2ccccc2)C(C)C)c2c(F)c(F)c(F)c(F)c2F)c(C)c1,True,Cc1cc(C)c(B(CCCCCCN(c2ccccc2)C(C)C)c2c(F)c(F)c(F)c(F)c2F)c(C)c1,Cc1cc(C)c(B(CCCCCCN(c2ccccc2)C(C)C)c2c(F)c(F)c(F)c(F)c2F)c(C)c1,[],True,1,0.4528301886792453,True,True,False,False,True,False,True,[],0,37,True,True,True,True,"['LA_B_aryl', 'LA_B_diaryl', 'LA_B_polyhalogenated_aryl', 'LA_B_tricoordinate']",['LB_amine'],[],[],LA_LB_no_negative_flags,7,True,True,False,False,True,101,1
P,cyclohexyl,isopropyl,C4,pentafluorophenyl,pentafluorophenyl,<LB_P><LB1_cyclohexyl><LB2_isopropyl><LINKER_C4><LA1_pentafluorophenyl><LA2_pentafluorophenyl>,CC(C)P(CCCCB(c1c(F)c(F)c(F)c(F)c1F)c1c(F)c(F)c(F)c(F)c1F)C1CCCCC1,True,CC(C)P(CCCCB(c1c(F)c(F)c(F)c(F)c1F)c1c(F)c(F)c(F)c(F)c1F)C1CCCCC1,CC(C)P(CCCCB(c1c(F)c(F)c(F)c(F)c1F)c1c(F)c(F)c(F)c(F)c1F)C1CCCCC1,[],True,1,0.40816326530612246,True,True,False,False,True,False,True,[],0,37,True,True,True,True,"['LA_B_aryl', 'LA_B_diaryl', 'LA_B_polyhalogenated_aryl', 'LA_B_tricoordinate']",['LB_phosphine'],[],[],LA_LB_no_negative_flags,5,True,True,False,False,True,101,2
P,phenyl,isopropyl,C1,phenyl,bis_cf3_phenyl,<LB_P><LB1_phenyl><LB2_isopropyl><LINKER_C1><LA1_phenyl><LA2_bis_cf3_phenyl>,CC(C)P(CB(c1ccccc1)c1cc(C(F)(F)F)cc(C(F)(F)F)c1)c1ccccc1,True,CC(C)P(CB(c1ccccc1)c1cc(C(F)(F)F)cc(C(F)(F)F)c1)c1ccccc1,CC(C)P(CB(c1ccccc1)c1cc(C(F)(F)F)cc(C(F)(F)F)c1)c1ccccc1,[],True,1,0.5,True,True,False,False,True,False,True,[],0,32,True,True,True,True,"['LA_B_aryl', 'LA_B_diaryl', 'LA_B_tricoordinate']",['LB_phosphine'],[],[],LA_LB_no_negative_flags,2,True,True,False,False,True,101,1
P,phenyl,mesityl,C6,mesityl,pentachlorophenyl,<LB_P><LB1_phenyl><LB2_mesityl><LINKER_C6><LA1_mesityl><LA2_pentachlorophenyl>,Cc1cc(C)c(B(CCCCCCP(c2ccccc2)c2c(C)cc(C)cc2C)c2c(Cl)c(Cl)c(Cl)c(Cl)c2Cl)c(C)c1,True,Cc1cc(C)c(B(CCCCCCP(c2ccccc2)c2c(C)cc(C)cc2C)c2c(Cl)c(Cl)c(Cl)c(Cl)c2Cl)c(C)c1,Cc1cc(C)c(B(CCCCCCP(c2ccccc2)c2c(C)cc(C)cc2C)c2c(Cl)c(Cl)c(Cl)c(Cl)c2Cl)c(C)c1,[],True,1,0.5319148936170213,True,True,False,False,True,False,True,[],0,43,True,True,True,True,"['LA_B_aryl', 'LA_B_diaryl', 'LA_B_polyhalogenated_aryl', 'LA_B_tricoordinate']",['LB_phosphine'],[],[],LA_LB_no_negative_flags,7,True,True,False,False,True,101,2
P,phenyl,isopropyl,C2,pentafluorophenyl,bis_cf3_phenyl,<LB_P><LB1_phenyl><LB2_isopropyl><LINKER_C2><LA1_pentafluorophenyl><LA2_bis_cf3_phenyl>,CC(C)P(CCB(c1cc(C(F)(F)F)cc(C(F)(F)F)c1)c1c(F)c(F)c(F)c(F)c1F)c1ccccc1,True,CC(C)P(CCB(c1cc(C(F)(F)F)cc(C(F)(F)F)c1)c1c(F)c(F)c(F)c(F)c1F)c1ccccc1,CC(C)P(CCB(c1cc(C(F)(F)F)cc(C(F)(F)F)c1)c1c(F)c(F)c(F)c(F)c1F)c1ccccc1,[],True,1,0.4583333333333333,True,True,False,False,True,False,True,[],0,38,True,True,True,True,"['LA_B_aryl', 'LA_B_diaryl', 'LA_B_polyhalogenated_aryl', 'LA_B_tricoordinate']",['LB_phosphine'],[],[],LA_LB_no_negative_flags,3,True,True,False,False,True,101,2
N,ethyl,ethyl,C4,phenyl,pentafluorophenyl,<LB_N><LB1_ethyl><LB2_ethyl><LINKER_C4><LA1_phenyl><LA2_pentafluorophenyl>,CCN(CC)CCCCB(c1ccccc1)c1c(F)c(F)c(F)c(F)c1F,True,CCN(CC)CCCCB(c1ccccc1)c1c(F)c(F)c(F)c(F)c1F,CCN(CC)CCCCB(c1ccccc1)c1c(F)c(F)c(F)c(F)c1F,[],True,1,0.4666666666666667,True,True,False,False,True,False,True,[],0,27,True,True,True,True,"['LA_B_aryl', 'LA_B_diaryl', 'LA_B_polyhalogenated_aryl', 'LA_B_tricoordinate']",['LB_amine'],[],[],LA_LB_no_negative_flags,5,True,True,False,False,True,101,1
P,tert_butyl,tert_butyl,C1,p_tolyl,mesityl,<LB_P><LB1_tert_butyl><LB2_tert_butyl><LINKER_C1><LA1_p_tolyl><LA2_mesityl>,Cc1ccc(B(CP(C(C)(C)C)C(C)(C)C)c2c(C)cc(C)cc2C)cc1,True,Cc1ccc(B(CP(C(C)(C)C)C(C)(C)C)c2c(C)cc(C)cc2C)cc1,Cc1ccc(B(CP(C(C)(C)C)C(C)(C)C)c2c(C)cc(C)cc2C)cc1,[],True,1,0.4146341463414634,True,True,False,False,True,False,True,[],0,27,True,True,True,True,"['LA_B_aryl', 'LA_B_diaryl', 'LA_B_tricoordinate']",['LB_phosphine'],[],[],LA_LB_no_negative_flags,2,True,True,False,False,True,101,2
N,isopropyl,phenyl,C6,pentafluorophenyl,pentafluorophenyl,<LB_N><LB1_isopropyl><LB2_phenyl><LINKER_C6><LA1_pentafluorophenyl><LA2_pentafluorophenyl>,CC(C)N(CCCCCCB(c1c(F)c(F)c(F)c(F)c1F)c1c(F)c(F)c(F)c(F)c1F)c1ccccc1,True,CC(C)N(CCCCCCB(c1c(F)c(F)c(F)c(F)c1F)c1c(F)c(F)c(F)c(F)c1F)c1ccccc1,CC(C)N(CCCCCCB(c1c(F)c(F)c(F)c(F)c1F)c1c(F)c(F)c(F)c(F)c1F)c1ccccc1,[],True,1,0.4666666666666667,True,True,False,False,True,False,True,[],0,39,True,True,True,True,"['LA_B_aryl', 'LA_B_diaryl', 'LA_B_polyhalogenated_aryl', 'LA_B_tricoordinate']",['LB_amine'],[],[],LA_LB_no_negative_flags,7,True,True,False,False,True,101,1
P,mesityl,tert_butyl,C4,p_tolyl,mesityl,<LB_P><LB1_mesityl><LB2_tert_butyl><LINKER_C4><LA1_p_tolyl><LA2_mesityl>,Cc1ccc(B(CCCCP(c2c(C)cc(C)cc2C)C(C)(C)C)c2c(C)cc(C)cc2C)cc1,True,Cc1ccc(B(CCCCP(c2c(C)cc(C)cc2C)C(C)(C)C)c2c(C)cc(C)cc2C)cc1,Cc1ccc(B(CCCCP(c2c(C)cc(C)cc2C)C(C)(C)C)c2c(C)cc(C)cc2C)cc1,[],True,1,0.4489795918367347,True,True,False,False,True,False,True,[],0,35,True,True,True,True,"['LA_B_aryl', 'LA_B_diaryl', 'LA_B_tricoordinate']",['LB_phosphine'],[],[],LA_LB_no_negative_flags,5,True,True,False,False,True,101,1
P,tert_butyl,isopropyl,C3,bis_cf3_phenyl,bis_cf3_phenyl,<LB_P><LB1_tert_butyl><LB2_isopropyl><LINKER_C3><LA1_bis_cf3_phenyl><LA2_bis_cf3_phenyl>,CC(C)P(CCCB(c1cc(C(F)(F)F)cc(C(F)(F)F)c1)c1cc(C(F)(F)F)cc(C(F)(F)F)c1)C(C)(C)C,True,CC(C)P(CCCB(c1cc(C(F)(F)F)cc(C(F)(F)F)c1)c1cc(C(F)(F)F)cc(C(F)(F)F)c1)C(C)(C)C,CC(C)P(CCCB(c1cc(C(F)(F)F)cc(C(F)(F)F)c1)c1cc(C(F)(F)F)cc(C(F)(F)F)c1)C(C)(C)C,[],True,1,0.5641025641025641,True,True,False,False,True,False,True,[],0,40,True,True,True,True,"['LA_B_aryl', 'LA_B_diaryl', 'LA_B_tricoordinate']",['LB_phosphine'],[],[],LA_LB_no_negative_flags,4,True,True,False,False,True,101,2
P,tert_butyl,cyclohexyl,C1,phenyl,phenyl,<LB_P><LB1_tert_butyl><LB2_cyclohexyl><LINKER_C1><LA1_phenyl><LA2_phenyl>,CC(C)(C)P(CB(c1ccccc1)c1ccccc1)C1CCCCC1,True,CC(C)(C)P(CB(c1ccccc1)c1ccccc1)C1CCCCC1,CC(C)(C)P(CB(c1ccccc1)c1ccccc1)C1CCCCC1,[],True,1,0.4090909090909091,True,True,False,False,True,False,True,[],0,25,True,True,True,True,"['LA_B_aryl', 'LA_B_diaryl', 'LA_B_tricoordinate']",['LB_phosphine'],[],[],LA_LB_no_negative_flags,2,True,True,False,False,True,101,2
P,phenyl,mesityl,C6,phenyl,p_tolyl,<LB_P><LB1_phenyl><LB2_mesityl><LINKER_C6><LA1_phenyl><LA2_p_tolyl>,Cc1ccc(B(CCCCCCP(c2ccccc2)c2c(C)cc(C)cc2C)c2ccccc2)cc1,True,Cc1ccc(B(CCCCCCP(c2ccccc2)c2c(C)cc(C)cc2C)c2ccccc2)cc1,Cc1ccc(B(CCCCCCP(c2ccccc2)c2c(C)cc(C)cc2C)c2ccccc2)cc1,[],True,1,0.5,True,True,False,False,True,False,True,[],0,36,True,True,True,True,"['LA_B_aryl', 'LA_B_diaryl', 'LA_B_tricoordinate']",['LB_phosphine'],[],[],LA_LB_no_negative_flags,7,True,True,False,False,True,101,3
P,isopropyl,isopropyl,C3,phenyl,bis_cf3_phenyl,<LB_P><LB1_isopropyl><LB2_isopropyl><LINKER_C3><LA1_phenyl><LA2_bis_cf3_phenyl>,CC(C)P(CCCB(c1ccccc1)c1cc(C(F)(F)F)cc(C(F)(F)F)c1)C(C)C,True,CC(C)P(CCCB(c1ccccc1)c1cc(C(F)(F)F)cc(C(F)(F)F)c1)C(C)C,CC(C)P(CCCB(c1ccccc1)c1cc(C(F)(F)F)cc(C(F)(F)F)c1)C(C)C,[],True,1,0.4444444444444444,True,True,False,False,True,False,True,[],0,31,True,True,True,True,"['LA_B_aryl', 'LA_B_diaryl', 'LA_B_tricoordinate']",['LB_phosphine'],[],[],LA_LB_no_negative_flags,4,True,True,False,False,True,101,1
P,tert_butyl,isopropyl,C2,pentafluorophenyl,pentafluorophenyl,<LB_P><LB1_tert_butyl><LB2_isopropyl><LINKER_C2><LA1_pentafluorophenyl><LA2_pentafluorophenyl>,CC(C)P(CCB(c1c(F)c(F)c(F)c(F)c1F)c1c(F)c(F)c(F)c(F)c1F)C(C)(C)C,True,CC(C)P(CCB(c1c(F)c(F)c(F)c(F)c1F)c1c(F)c(F)c(F)c(F)c1F)C(C)(C)C,CC(C)P(CCB(c1c(F)c(F)c(F)c(F)c1F)c1c(F)c(F)c(F)c(F)c1F)C(C)(C)C,[],True,1,0.48484848484848486,True,True,False,False,True,False,True,[],0,33,True,True,True,True,"['LA_B_aryl', 'LA_B_diaryl', 'LA_B_polyhalogenated_aryl', 'LA_B_tricoordinate']",['LB_phosphine'],[],[],LA_LB_no_negative_flags,3,True,True,False,False,True,101,1
P,phenyl,cyclohexyl,C3,p_tolyl,mesityl,<LB_P><LB1_phenyl><LB2_cyclohexyl><LINKER_C3><LA1_p_tolyl><LA2_mesityl>,Cc1ccc(B(CCCP(c2ccccc2)C2CCCCC2)c2c(C)cc(C)cc2C)cc1,True,Cc1ccc(B(CCCP(c2ccccc2)C2CCCCC2)c2c(C)cc(C)cc2C)cc1,Cc1ccc(B(CCCP(c2ccccc2)C2CCCCC2)c2c(C)cc(C)cc2C)cc1,[],True,1,0.42105263157894735,True,True,False,False,True,False,True,[],0,33,True,True,True,True,"['LA_B_aryl', 'LA_B_diaryl', 'LA_B_tricoordinate']",['LB_phosphine'],[],[],LA_LB_no_negative_flags,4,True,True,False,False,True,101,2
N,isopropyl,isopropyl,C2,pentafluorophenyl,bis_cf3_phenyl,<LB_N><LB1_isopropyl><LB2_isopropyl><LINKER_C2><LA1_pentafluorophenyl><LA2_bis_cf3_phenyl>,CC(C)N(CCB(c1cc(C(F)(F)F)cc(C(F)(F)F)c1)c1c(F)c(F)c(F)c(F)c1F)C(C)C,True,CC(C)N(CCB(c1cc(C(F)(F)F)cc(C(F)(F)F)c1)c1c(F)c(F)c(F)c(F)c1F)C(C)C,CC(C)N(CCB(c1cc(C(F)(F)F)cc(C(F)(F)F)c1)c1c(F)c(F)c(F)c(F)c1F)C(C)C,[],True,1,0.4318181818181818,True,True,False,False,True,False,True,[],0,35,True,True,True,True,"['LA_B_aryl', 'LA_B_diaryl', 'LA_B_polyhalogenated_aryl', 'LA_B_tricoordinate']",['LB_amine'],[],[],LA_LB_no_negative_flags,3,True,True,False,False,True,101,2
P,phenyl,isopropyl,C4,mesityl,pentachlorophenyl,<LB_P><LB1_phenyl><LB2_isopropyl><LINKER_C4><LA1_mesityl><LA2_pentachlorophenyl>,Cc1cc(C)c(B(CCCCP(c2ccccc2)C(C)C)c2c(Cl)c(Cl)c(Cl)c(Cl)c2Cl)c(C)c1,True,Cc1cc(C)c(B(CCCCP(c2ccccc2)C(C)C)c2c(Cl)c(Cl)c(Cl)c(Cl)c2Cl)c(C)c1,Cc1cc(C)c(B(CCCCP(c2ccccc2)C(C)C)c2c(Cl)c(Cl)c(Cl)c(Cl)c2Cl)c(C)c1,[],True,1,0.46938775510204084,True,True,False,False,True,False,True,[],0,35,True,True,True,True,"['LA_B_aryl', 'LA_B_diaryl', 'LA_B_polyhalogenated_aryl', 'LA_B_tricoordinate']",['LB_phosphine'],[],[],LA_LB_no_negative_flags,5,True,True,False,False,True,101,2
P,mesityl,cyclohexyl,C2,p_tolyl,pentafluorophenyl,<LB_P><LB1_mesityl><LB2_cyclohexyl><LINKER_C2><LA1_p_tolyl><LA2_pentafluorophenyl>,Cc1ccc(B(CCP(c2c(C)cc(C)cc2C)C2CCCCC2)c2c(F)c(F)c(F)c(F)c2F)cc1,True,Cc1ccc(B(CCP(c2c(C)cc(C)cc2C)C2CCCCC2)c2c(F)c(F)c(F)c(F)c2F)cc1,Cc1ccc(B(CCP(c2c(C)cc(C)cc2C)C2CCCCC2)c2c(F)c(F)c(F)c(F)c2F)cc1,[],True,1,0.4528301886792453,True,True,False,False,True,False,True,[],0,37,True,True,True,True,"['LA_B_aryl', 'LA_B_diaryl', 'LA_B_polyhalogenated_aryl', 'LA_B_tricoordinate']",['LB_phosphine'],[],[],LA_LB_no_negative_flags,3,True,True,False,False,True,101,1
P,mesityl,isopropyl,C6,mesityl,mesityl,<LB_P><LB1_mesityl><LB2_isopropyl><LINKER_C6><LA1_mesityl><LA2_mesityl>,Cc1cc(C)c(B(CCCCCCP(c2c(C)cc(C)cc2C)C(C)C)c2c(C)cc(C)cc2C)c(C)c1,True,Cc1cc(C)c(B(CCCCCCP(c2c(C)cc(C)cc2C)C(C)C)c2c(C)cc(C)cc2C)c(C)c1,Cc1cc(C)c(B(CCCCCCP(c2c(C)cc(C)cc2C)C(C)C)c2c(C)cc(C)cc2C)c(C)c1,[],True,1,0.5227272727272727,True,True,False,False,True,False,True,[],0,38,True,True,True,True,"['LA_B_aryl', 'LA_B_diaryl', 'LA_B_tricoordinate']",['LB_phosphine'],[],[],LA_LB_no_negative_flags,7,True,True,False,False,True,101,1
N,ethyl,phenyl,C5,mesityl,pentafluorophenyl,<LB_N><LB1_ethyl><LB2_phenyl><LINKER_C5><LA1_mesityl><LA2_pentafluorophenyl>,CCN(CCCCCB(c1c(C)cc(C)cc1C)c1c(F)c(F)c(F)c(F)c1F)c1ccccc1,True,CCN(CCCCCB(c1c(C)cc(C)cc1C)c1c(F)c(F)c(F)c(F)c1F)c1ccccc1,CCN(CCCCCB(c1c(C)cc(C)cc1C)c1c(F)c(F)c(F)c(F)c1F)c1ccccc1,[],True,1,0.46153846153846156,True,True,False,False,True,False,True,[],0,35,True,True,True,True,"['LA_B_aryl', 'LA_B_diaryl', 'LA_B_polyhalogenated_aryl', 'LA_B_tricoordinate']",['LB_amine'],[],[],LA_LB_no_negative_flags,6,True,True,False,False,True,101,3
N,methyl,cyclohexyl,C2,mesityl,pentachlorophenyl,<LB_N><LB1_methyl><LB2_cyclohexyl><LINKER_C2><LA1_mesityl><LA2_pentachlorophenyl>,Cc1cc(C)c(B(CCN(C)C2CCCCC2)c2c(Cl)c(Cl)c(Cl)c(Cl)c2Cl)c(C)c1,True,Cc1cc(C)c(B(CCN(C)C2CCCCC2)c2c(Cl)c(Cl)c(Cl)c(Cl)c2Cl)c(C)c1,Cc1cc(C)c(B(CCN(C)C2CCCCC2)c2c(Cl)c(Cl)c(Cl)c(Cl)c2Cl)c(C)c1,[],True,1,0.4375,True,True,False,False,True,False,True,[],0,31,True,True,True,True,"['LA_B_aryl', 'LA_B_diaryl', 'LA_B_polyhalogenated_aryl', 'LA_B_tricoordinate']",['LB_amine'],[],[],LA_LB_no_negative_flags,3,True,True,False,False,True,101,1
P,phenyl,tert_butyl,C1,pentachlorophenyl,bis_cf3_phenyl,<LB_P><LB1_phenyl><LB2_tert_butyl><LINKER_C1><LA1_pentachlorophenyl><LA2_bis_cf3_phenyl>,CC(C)(C)P(CB(c1cc(C(F)(F)F)cc(C(F)(F)F)c1)c1c(Cl)c(Cl)c(Cl)c(Cl)c1Cl)c1ccccc1,True,CC(C)(C)P(CB(c1cc(C(F)(F)F)cc(C(F)(F)F)c1)c1c(Cl)c(Cl)c(Cl)c(Cl)c1Cl)c1ccccc1,CC(C)(C)P(CB(c1cc(C(F)(F)F)cc(C(F)(F)F)c1)c1c(Cl)c(Cl)c(Cl)c(Cl)c1Cl)c1ccccc1,[],True,1,0.4888888888888889,True,True,False,False,True,False,True,[],0,38,True,True,True,True,"['LA_B_aryl', 'LA_B_diaryl', 'LA_B_polyhalogenated_aryl', 'LA_B_tricoordinate']",['LB_phosphine'],[],[],LA_LB_no_negative_flags,2,True,True,False,False,True,101,1
P,tert_butyl,tert_butyl,C1,pentafluorophenyl,pentachlorophenyl,<LB_P><LB1_tert_butyl><LB2_tert_butyl><LINKER_C1><LA1_pentafluorophenyl><LA2_pentachlorophenyl>,CC(C)(C)P(CB(c1c(F)c(F)c(F)c(F)c1F)c1c(Cl)c(Cl)c(Cl)c(Cl)c1Cl)C(C)(C)C,True,CC(C)(C)P(CB(c1c(F)c(F)c(F)c(F)c1F)c1c(Cl)c(Cl)c(Cl)c(Cl)c1Cl)C(C)(C)C,CC(C)(C)P(CB(c1c(F)c(F)c(F)c(F)c1F)c1c(Cl)c(Cl)c(Cl)c(Cl)c1Cl)C(C)(C)C,[],True,1,0.7857142857142857,True,True,False,False,True,False,True,[],0,33,True,True,True,True,"['LA_B_aryl', 'LA_B_diaryl', 'LA_B_polyhalogenated_aryl', 'LA_B_tricoordinate']",['LB_phosphine'],[],[],LA_LB_no_negative_flags,2,True,True,False,False,True,101,1
P,tert_butyl,cyclohexyl,C1,mesityl,pentachlorophenyl,<LB_P><LB1_tert_butyl><LB2_cyclohexyl><LINKER_C1><LA1_mesityl><LA2_pentachlorophenyl>,Cc1cc(C)c(B(CP(C2CCCCC2)C(C)(C)C)c2c(Cl)c(Cl)c(Cl)c(Cl)c2Cl)c(C)c1,True,Cc1cc(C)c(B(CP(C2CCCCC2)C(C)(C)C)c2c(Cl)c(Cl)c(Cl)c(Cl)c2Cl)c(C)c1,Cc1cc(C)c(B(CP(C2CCCCC2)C(C)(C)C)c2c(Cl)c(Cl)c(Cl)c(Cl)c2Cl)c(C)c1,[],True,1,0.4090909090909091,True,True,False,False,True,False,True,[],0,33,True,True,True,True,"['LA_B_aryl', 'LA_B_diaryl', 'LA_B_polyhalogenated_aryl', 'LA_B_tricoordinate']",['LB_phosphine'],[],[],LA_LB_no_negative_flags,2,True,True,False,False,True,101,1
P,tert_butyl,cyclohexyl,C1,pentafluorophenyl,bis_cf3_phenyl,<LB_P><LB1_tert_butyl><LB2_cyclohexyl><LINKER_C1><LA1_pentafluorophenyl><LA2_bis_cf3_phenyl>,CC(C)(C)P(CB(c1cc(C(F)(F)F)cc(C(F)(F)F)c1)c1c(F)c(F)c(F)c(F)c1F)C1CCCCC1,True,CC(C)(C)P(CB(c1cc(C(F)(F)F)cc(C(F)(F)F)c1)c1c(F)c(F)c(F)c(F)c1F)C1CCCCC1,CC(C)(C)P(CB(c1cc(C(F)(F)F)cc(C(F)(F)F)c1)c1c(F)c(F)c(F)c(F)c1F)C1CCCCC1,[],True,1,0.46808510638297873,True,True,False,False,True,False,True,[],0,38,True,True,True,True,"['LA_B_aryl', 'LA_B_diaryl', 'LA_B_polyhalogenated_aryl', 'LA_B_tricoordinate']",['LB_phosphine'],[],[],LA_LB_no_negative_flags,2,True,True,False,False,True,101,1
P,mesityl,cyclohexyl,C4,phenyl,pentachlorophenyl,<LB_P><LB1_mesityl><LB2_cyclohexyl><LINKER_C4><LA1_phenyl><LA2_pentachlorophenyl>,Cc1cc(C)c(P(CCCCB(c2ccccc2)c2c(Cl)c(Cl)c(Cl)c(Cl)c2Cl)C2CCCCC2)c(C)c1,True,Cc1cc(C)c(P(CCCCB(c2ccccc2)c2c(Cl)c(Cl)c(Cl)c(Cl)c2Cl)C2CCCCC2)c(C)c1,Cc1cc(C)c(P(CCCCB(c2ccccc2)c2c(Cl)c(Cl)c(Cl)c(Cl)c2Cl)C2CCCCC2)c(C)c1,[],True,1,0.4528301886792453,True,True,False,False,True,False,True,[],0,38,True,True,True,True,"['LA_B_aryl', 'LA_B_diaryl', 'LA_B_polyhalogenated_aryl', 'LA_B_tricoordinate']",['LB_phosphine'],[],[],LA_LB_no_negative_flags,5,True,True,False,False,True,101,1
P,mesityl,cyclohexyl,C2,phenyl,pentafluorophenyl,<LB_P><LB1_mesityl><LB2_cyclohexyl><LINKER_C2><LA1_phenyl><LA2_pentafluorophenyl>,Cc1cc(C)c(P(CCB(c2ccccc2)c2c(F)c(F)c(F)c(F)c2F)C2CCCCC2)c(C)c1,True,Cc1cc(C)c(P(CCB(c2ccccc2)c2c(F)c(F)c(F)c(F)c2F)C2CCCCC2)c(C)c1,Cc1cc(C)c(P(CCB(c2ccccc2)c2c(F)c(F)c(F)c(F)c2F)C2CCCCC2)c(C)c1,[],True,1,0.4444444444444444,True,True,False,False,True,False,True,[],0,36,True,True,True,True,"['LA_B_aryl', 'LA_B_diaryl', 'LA_B_polyhalogenated_aryl', 'LA_B_tricoordinate']",['LB_phosphine'],[],[],LA_LB_no_negative_flags,3,True,True,False,False,True,101,2
P,mesityl,tert_butyl,C6,p_tolyl,bis_cf3_phenyl,<LB_P><LB1_mesityl><LB2_tert_butyl><LINKER_C6><LA1_p_tolyl><LA2_bis_cf3_phenyl>,Cc1ccc(B(CCCCCCP(c2c(C)cc(C)cc2C)C(C)(C)C)c2cc(C(F)(F)F)cc(C(F)(F)F)c2)cc1,True,Cc1ccc(B(CCCCCCP(c2c(C)cc(C)cc2C)C(C)(C)C)c2cc(C(F)(F)F)cc(C(F)(F)F)c2)cc1,Cc1ccc(B(CCCCCCP(c2c(C)cc(C)cc2C)C(C)(C)C)c2cc(C(F)(F)F)cc(C(F)(F)F)c2)cc1,[],True,1,0.4117647058823529,True,True,False,False,True,False,True,[],0,42,True,True,True,True,"['LA_B_aryl', 'LA_B_diaryl', 'LA_B_tricoordinate']",['LB_phosphine'],[],[],LA_LB_no_negative_flags,7,True,True,False,False,True,101,1
P,tert_butyl,tert_butyl,C6,pentachlorophenyl,bis_cf3_phenyl,<LB_P><LB1_tert_butyl><LB2_tert_butyl><LINKER_C6><LA1_pentachlorophenyl><LA2_bis_cf3_phenyl>,CC(C)(C)P(CCCCCCB(c1cc(C(F)(F)F)cc(C(F)(F)F)c1)c1c(Cl)c(Cl)c(Cl)c(Cl)c1Cl)C(C)(C)C,True,CC(C)(C)P(CCCCCCB(c1cc(C(F)(F)F)cc(C(F)(F)F)c1)c1c(Cl)c(Cl)c(Cl)c(Cl)c1Cl)C(C)(C)C,CC(C)(C)P(CCCCCCB(c1cc(C(F)(F)F)cc(C(F)(F)F)c1)c1c(Cl)c(Cl)c(Cl)c(Cl)c1Cl)C(C)(C)C,[],True,1,0.5227272727272727,True,True,False,False,True,False,True,[],0,41,True,True,True,True,"['LA_B_aryl', 'LA_B_diaryl', 'LA_B_polyhalogenated_aryl', 'LA_B_tricoordinate']",['LB_phosphine'],[],[],LA_LB_no_negative_flags,7,True,True,False,False,True,101,3
P,tert_butyl,tert_butyl,C3,phenyl,pentachlorophenyl,<LB_P><LB1_tert_butyl><LB2_tert_butyl><LINKER_C3><LA1_phenyl><LA2_pentachlorophenyl>,CC(C)(C)P(CCCB(c1ccccc1)c1c(Cl)c(Cl)c(Cl)c(Cl)c1Cl)C(C)(C)C,True,CC(C)(C)P(CCCB(c1ccccc1)c1c(Cl)c(Cl)c(Cl)c(Cl)c1Cl)C(C)(C)C,CC(C)(C)P(CCCB(c1ccccc1)c1c(Cl)c(Cl)c(Cl)c(Cl)c1Cl)C(C)(C)C,[],True,1,0.4864864864864865,True,True,False,False,True,False,True,[],0,30,True,True,True,True,"['LA_B_aryl', 'LA_B_diaryl', 'LA_B_polyhalogenated_aryl', 'LA_B_tricoordinate']",['LB_phosphine'],[],[],LA_LB_no_negative_flags,4,True,True,False,False,True,101,2
N,ethyl,ethyl,C2,mesityl,pentachlorophenyl,<LB_N><LB1_ethyl><LB2_ethyl><LINKER_C2><LA1_mesityl><LA2_pentachlorophenyl>,CCN(CC)CCB(c1c(C)cc(C)cc1C)c1c(Cl)c(Cl)c(Cl)c(Cl)c1Cl,True,CCN(CC)CCB(c1c(C)cc(C)cc1C)c1c(Cl)c(Cl)c(Cl)c(Cl)c1Cl,CCN(CC)CCB(c1c(C)cc(C)cc1C)c1c(Cl)c(Cl)c(Cl)c(Cl)c1Cl,[],True,1,0.5121951219512195,True,True,False,False,True,False,True,[],0,28,True,True,True,True,"['LA_B_aryl', 'LA_B_diaryl', 'LA_B_polyhalogenated_aryl', 'LA_B_tricoordinate']",['LB_amine'],[],[],LA_LB_no_negative_flags,3,True,True,False,False,True,101,2
N,methyl,isopropyl,C1,pentafluorophenyl,bis_cf3_phenyl,<LB_N><LB1_methyl><LB2_isopropyl><LINKER_C1><LA1_pentafluorophenyl><LA2_bis_cf3_phenyl>,CC(C)N(C)CB(c1cc(C(F)(F)F)cc(C(F)(F)F)c1)c1c(F)c(F)c(F)c(F)c1F,True,CC(C)N(C)CB(c1cc(C(F)(F)F)cc(C(F)(F)F)c1)c1c(F)c(F)c(F)c(F)c1F,CC(C)N(C)CB(c1cc(C(F)(F)F)cc(C(F)(F)F)c1)c1c(F)c(F)c(F)c(F)c1F,[],True,1,0.4418604651162791,True,True,False,False,True,False,True,[],0,32,True,True,True,True,"['LA_B_aryl', 'LA_B_diaryl', 'LA_B_polyhalogenated_aryl', 'LA_B_tricoordinate']",['LB_amine'],[],[],LA_LB_no_negative_flags,2,True,True,False,False,True,101,2
N,cyclohexyl,phenyl,C4,pentafluorophenyl,pentafluorophenyl,<LB_N><LB1_cyclohexyl><LB2_phenyl><LINKER_C4><LA1_pentafluorophenyl><LA2_pentafluorophenyl>,Fc1c(F)c(F)c(B(CCCCN(c2ccccc2)C2CCCCC2)c2c(F)c(F)c(F)c(F)c2F)c(F)c1F,True,Fc1c(F)c(F)c(B(CCCCN(c2ccccc2)C2CCCCC2)c2c(F)c(F)c(F)c(F)c2F)c(F)c1F,Fc1c(F)c(F)c(B(CCCCN(c2ccccc2)C2CCCCC2)c2c(F)c(F)c(F)c(F)c2F)c(F)c1F,[],True,1,0.46808510638297873,True,True,False,False,True,False,True,[],0,40,True,True,True,True,"['LA_B_aryl', 'LA_B_diaryl', 'LA_B_polyhalogenated_aryl', 'LA_B_tricoordinate']",['LB_amine'],[],[],LA_LB_no_negative_flags,5,True,True,False,False,True,101,3
P,mesityl,isopropyl,C5,p_tolyl,mesityl,<LB_P><LB1_mesityl><LB2_isopropyl><LINKER_C5><LA1_p_tolyl><LA2_mesityl>,Cc1ccc(B(CCCCCP(c2c(C)cc(C)cc2C)C(C)C)c2c(C)cc(C)cc2C)cc1,True,Cc1ccc(B(CCCCCP(c2c(C)cc(C)cc2C)C(C)C)c2c(C)cc(C)cc2C)cc1,Cc1ccc(B(CCCCCP(c2c(C)cc(C)cc2C)C(C)C)c2c(C)cc(C)cc2C)cc1,[],True,1,0.44,True,True,False,False,True,False,True,[],0,35,True,True,True,True,"['LA_B_aryl', 'LA_B_diaryl', 'LA_B_tricoordinate']",['LB_phosphine'],[],[],LA_LB_no_negative_flags,6,True,True,False,False,True,101,2
P,mesityl,mesityl,C1,bis_cf3_phenyl,bis_cf3_phenyl,<LB_P><LB1_mesityl><LB2_mesityl><LINKER_C1><LA1_bis_cf3_phenyl><LA2_bis_cf3_phenyl>,Cc1cc(C)c(P(CB(c2cc(C(F)(F)F)cc(C(F)(F)F)c2)c2cc(C(F)(F)F)cc(C(F)(F)F)c2)c2c(C)cc(C)cc2C)c(C)c1,True,Cc1cc(C)c(P(CB(c2cc(C(F)(F)F)cc(C(F)(F)F)c2)c2cc(C(F)(F)F)cc(C(F)(F)F)c2)c2c(C)cc(C)cc2C)c(C)c1,Cc1cc(C)c(P(CB(c2cc(C(F)(F)F)cc(C(F)(F)F)c2)c2cc(C(F)(F)F)cc(C(F)(F)F)c2)c2c(C)cc(C)cc2C)c(C)c1,[],True,1,0.5675675675675675,True,True,False,False,True,False,True,[],0,49,True,True,True,True,"['LA_B_aryl', 'LA_B_diaryl', 'LA_B_tricoordinate']",['LB_phosphine'],[],[],LA_LB_no_negative_flags,2,True,True,False,False,True,101,1
P,phenyl,mesityl,C1,bis_cf3_phenyl,bis_cf3_phenyl,<LB_P><LB1_phenyl><LB2_mesityl><LINKER_C1><LA1_bis_cf3_phenyl><LA2_bis_cf3_phenyl>,Cc1cc(C)c(P(CB(c2cc(C(F)(F)F)cc(C(F)(F)F)c2)c2cc(C(F)(F)F)cc(C(F)(F)F)c2)c2ccccc2)c(C)c1,True,Cc1cc(C)c(P(CB(c2cc(C(F)(F)F)cc(C(F)(F)F)c2)c2cc(C(F)(F)F)cc(C(F)(F)F)c2)c2ccccc2)c(C)c1,Cc1cc(C)c(P(CB(c2cc(C(F)(F)F)cc(C(F)(F)F)c2)c2cc(C(F)(F)F)cc(C(F)(F)F)c2)c2ccccc2)c(C)c1,[],True,1,0.4772727272727273,True,True,False,False,True,False,True,[],0,46,True,True,True,True,"['LA_B_aryl', 'LA_B_diaryl', 'LA_B_tricoordinate']",['LB_phosphine'],[],[],LA_LB_no_negative_flags,2,True,True,False,False,True,101,1
N,ethyl,isopropyl,C2,phenyl,pentachlorophenyl,<LB_N><LB1_ethyl><LB2_isopropyl><LINKER_C2><LA1_phenyl><LA2_pentachlorophenyl>,CCN(CCB(c1ccccc1)c1c(Cl)c(Cl)c(Cl)c(Cl)c1Cl)C(C)C,True,CCN(CCB(c1ccccc1)c1c(Cl)c(Cl)c(Cl)c(Cl)c1Cl)C(C)C,CCN(CCB(c1ccccc1)c1c(Cl)c(Cl)c(Cl)c(Cl)c1Cl)C(C)C,[],True,1,0.4883720930232558,True,True,False,False,True,False,True,[],0,26,True,True,True,True,"['LA_B_aryl', 'LA_B_diaryl', 'LA_B_polyhalogenated_aryl', 'LA_B_tricoordinate']",['LB_amine'],[],[],LA_LB_no_negative_flags,3,True,True,False,False,True,101,2
P,mesityl,tert_butyl,C2,p_tolyl,pentafluorophenyl,<LB_P><LB1_mesityl><LB2_tert_butyl><LINKER_C2><LA1_p_tolyl><LA2_pentafluorophenyl>,Cc1ccc(B(CCP(c2c(C)cc(C)cc2C)C(C)(C)C)c2c(F)c(F)c(F)c(F)c2F)cc1,True,Cc1ccc(B(CCP(c2c(C)cc(C)cc2C)C(C)(C)C)c2c(F)c(F)c(F)c(F)c2F)cc1,Cc1ccc(B(CCP(c2c(C)cc(C)cc2C)C(C)(C)C)c2c(F)c(F)c(F)c(F)c2F)cc1,[],True,1,0.5,True,True,False,False,True,False,True,[],0,35,True,True,True,True,"['LA_B_aryl', 'LA_B_diaryl', 'LA_B_polyhalogenated_aryl', 'LA_B_tricoordinate']",['LB_phosphine'],[],[],LA_LB_no_negative_flags,3,True,True,False,False,True,101,1
N,ethyl,isopropyl,C6,pentafluorophenyl,pentafluorophenyl,<LB_N><LB1_ethyl><LB2_isopropyl><LINKER_C6><LA1_pentafluorophenyl><LA2_pentafluorophenyl>,CCN(CCCCCCB(c1c(F)c(F)c(F)c(F)c1F)c1c(F)c(F)c(F)c(F)c1F)C(C)C,True,CCN(CCCCCCB(c1c(F)c(F)c(F)c(F)c1F)c1c(F)c(F)c(F)c(F)c1F)C(C)C,CCN(CCCCCCB(c1c(F)c(F)c(F)c(F)c1F)c1c(F)c(F)c(F)c(F)c1F)C(C)C,[],True,1,0.4,True,True,False,False,True,False,True,[],0,35,True,True,True,True,"['LA_B_aryl', 'LA_B_diaryl', 'LA_B_polyhalogenated_aryl', 'LA_B_tricoordinate']",['LB_amine'],[],[],LA_LB_no_negative_flags,7,True,True,False,False,True,101,3
N,ethyl,ethyl,C3,phenyl,pentafluorophenyl,<LB_N><LB1_ethyl><LB2_ethyl><LINKER_C3><LA1_phenyl><LA2_pentafluorophenyl>,CCN(CC)CCCB(c1ccccc1)c1c(F)c(F)c(F)c(F)c1F,True,CCN(CC)CCCB(c1ccccc1)c1c(F)c(F)c(F)c(F)c1F,CCN(CC)CCCB(c1ccccc1)c1c(F)c(F)c(F)c(F)c1F,[],True,1,0.4772727272727273,True,True,False,False,True,False,True,[],0,26,True,True,True,True,"['LA_B_aryl', 'LA_B_diaryl', 'LA_B_polyhalogenated_aryl', 'LA_B_tricoordinate']",['LB_amine'],[],[],LA_LB_no_negative_flags,4,True,True,False,False,True,101,2
N,isopropyl,isopropyl,C2,phenyl,pentachlorophenyl,<LB_N><LB1_isopropyl><LB2_isopropyl><LINKER_C2><LA1_phenyl><LA2_pentachlorophenyl>,CC(C)N(CCB(c1ccccc1)c1c(Cl)c(Cl)c(Cl)c(Cl)c1Cl)C(C)C,True,CC(C)N(CCB(c1ccccc1)c1c(Cl)c(Cl)c(Cl)c(Cl)c1Cl)C(C)C,CC(C)N(CCB(c1ccccc1)c1c(Cl)c(Cl)c(Cl)c(Cl)c1Cl)C(C)C,[],True,1,0.4090909090909091,True,True,False,False,True,False,True,[],0,27,True,True,True,True,"['LA_B_aryl', 'LA_B_diaryl', 'LA_B_polyhalogenated_aryl', 'LA_B_tricoordinate']",['LB_amine'],[],[],LA_LB_no_negative_flags,3,True,True,False,False,True,101,2
P,phenyl,phenyl,C3,mesityl,pentafluorophenyl,<LB_P><LB1_phenyl><LB2_phenyl><LINKER_C3><LA1_mesityl><LA2_pentafluorophenyl>,Cc1cc(C)c(B(CCCP(c2ccccc2)c2ccccc2)c2c(F)c(F)c(F)c(F)c2F)c(C)c1,True,Cc1cc(C)c(B(CCCP(c2ccccc2)c2ccccc2)c2c(F)c(F)c(F)c(F)c2F)c(C)c1,Cc1cc(C)c(B(CCCP(c2ccccc2)c2ccccc2)c2c(F)c(F)c(F)c(F)c2F)c(C)c1,[],True,1,0.7,True,True,False,False,True,False,True,[],0,37,True,True,True,True,"['LA_B_aryl', 'LA_B_diaryl', 'LA_B_polyhalogenated_aryl', 'LA_B_tricoordinate']",['LB_phosphine'],[],[],LA_LB_no_negative_flags,4,True,True,False,False,True,101,2
P,cyclohexyl,isopropyl,C2,phenyl,pentafluorophenyl,<LB_P><LB1_cyclohexyl><LB2_isopropyl><LINKER_C2><LA1_phenyl><LA2_pentafluorophenyl>,CC(C)P(CCB(c1ccccc1)c1c(F)c(F)c(F)c(F)c1F)C1CCCCC1,True,CC(C)P(CCB(c1ccccc1)c1c(F)c(F)c(F)c(F)c1F)C1CCCCC1,CC(C)P(CCB(c1ccccc1)c1c(F)c(F)c(F)c(F)c1F)C1CCCCC1,[],True,1,0.4166666666666667,True,True,False,False,True,False,True,[],0,30,True,True,True,True,"['LA_B_aryl', 'LA_B_diaryl', 'LA_B_polyhalogenated_aryl', 'LA_B_tricoordinate']",['LB_phosphine'],[],[],LA_LB_no_negative_flags,3,True,True,False,False,True,101,1
N,isopropyl,phenyl,C1,bis_cf3_phenyl,bis_cf3_phenyl,<LB_N><LB1_isopropyl><LB2_phenyl><LINKER_C1><LA1_bis_cf3_phenyl><LA2_bis_cf3_phenyl>,CC(C)N(CB(c1cc(C(F)(F)F)cc(C(F)(F)F)c1)c1cc(C(F)(F)F)cc(C(F)(F)F)c1)c1ccccc1,True,CC(C)N(CB(c1cc(C(F)(F)F)cc(C(F)(F)F)c1)c1cc(C(F)(F)F)cc(C(F)(F)F)c1)c1ccccc1,CC(C)N(CB(c1cc(C(F)(F)F)cc(C(F)(F)F)c1)c1cc(C(F)(F)F)cc(C(F)(F)F)c1)c1ccccc1,[],True,1,0.4418604651162791,True,True,False,False,True,False,True,[],0,40,True,True,True,True,"['LA_B_aryl', 'LA_B_diaryl', 'LA_B_tricoordinate']",['LB_amine'],[],[],LA_LB_no_negative_flags,2,True,True,False,False,True,101,2
N,cyclohexyl,phenyl,C5,pentafluorophenyl,pentafluorophenyl,<LB_N><LB1_cyclohexyl><LB2_phenyl><LINKER_C5><LA1_pentafluorophenyl><LA2_pentafluorophenyl>,Fc1c(F)c(F)c(B(CCCCCN(c2ccccc2)C2CCCCC2)c2c(F)c(F)c(F)c(F)c2F)c(F)c1F,True,Fc1c(F)c(F)c(B(CCCCCN(c2ccccc2)C2CCCCC2)c2c(F)c(F)c(F)c(F)c2F)c(F)c1F,Fc1c(F)c(F)c(B(CCCCCN(c2ccccc2)C2CCCCC2)c2c(F)c(F)c(F)c(F)c2F)c(F)c1F,[],True,1,0.4583333333333333,True,True,False,False,True,False,True,[],0,41,True,True,True,True,"['LA_B_aryl', 'LA_B_diaryl', 'LA_B_polyhalogenated_aryl', 'LA_B_tricoordinate']",['LB_amine'],[],[],LA_LB_no_negative_flags,6,True,True,False,False,True,101,1
N,methyl,phenyl,C4,pentafluorophenyl,pentafluorophenyl,<LB_N><LB1_methyl><LB2_phenyl><LINKER_C4><LA1_pentafluorophenyl><LA2_pentafluorophenyl>,CN(CCCCB(c1c(F)c(F)c(F)c(F)c1F)c1c(F)c(F)c(F)c(F)c1F)c1ccccc1,True,CN(CCCCB(c1c(F)c(F)c(F)c(F)c1F)c1c(F)c(F)c(F)c(F)c1F)c1ccccc1,CN(CCCCB(c1c(F)c(F)c(F)c(F)c1F)c1c(F)c(F)c(F)c(F)c1F)c1ccccc1,[],True,1,0.5121951219512195,True,True,False,False,True,False,True,[],0,35,True,True,True,True,"['LA_B_aryl', 'LA_B_diaryl', 'LA_B_polyhalogenated_aryl', 'LA_B_tricoordinate']",['LB_amine'],[],[],LA_LB_no_negative_flags,5,True,True,False,False,True,101,2
P,phenyl,mesityl,C4,pentafluorophenyl,bis_cf3_phenyl,<LB_P><LB1_phenyl><LB2_mesityl><LINKER_C4><LA1_pentafluorophenyl><LA2_bis_cf3_phenyl>,Cc1cc(C)c(P(CCCCB(c2cc(C(F)(F)F)cc(C(F)(F)F)c2)c2c(F)c(F)c(F)c(F)c2F)c2ccccc2)c(C)c1,True,Cc1cc(C)c(P(CCCCB(c2cc(C(F)(F)F)cc(C(F)(F)F)c2)c2c(F)c(F)c(F)c(F)c2F)c2ccccc2)c(C)c1,Cc1cc(C)c(P(CCCCB(c2cc(C(F)(F)F)cc(C(F)(F)F)c2)c2c(F)c(F)c(F)c(F)c2F)c2ccccc2)c(C)c1,[],True,1,0.6078431372549019,True,True,False,False,True,False,True,[],0,46,True,True,True,True,"['LA_B_aryl', 'LA_B_diaryl', 'LA_B_polyhalogenated_aryl', 'LA_B_tricoordinate']",['LB_phosphine'],[],[],LA_LB_no_negative_flags,5,True,True,False,False,True,101,2
P,mesityl,cyclohexyl,C6,mesityl,pentafluorophenyl,<LB_P><LB1_mesityl><LB2_cyclohexyl><LINKER_C6><LA1_mesityl><LA2_pentafluorophenyl>,Cc1cc(C)c(B(CCCCCCP(c2c(C)cc(C)cc2C)C2CCCCC2)c2c(F)c(F)c(F)c(F)c2F)c(C)c1,True,Cc1cc(C)c(B(CCCCCCP(c2c(C)cc(C)cc2C)C2CCCCC2)c2c(F)c(F)c(F)c(F)c2F)c(C)c1,Cc1cc(C)c(B(CCCCCCP(c2c(C)cc(C)cc2C)C2CCCCC2)c2c(F)c(F)c(F)c(F)c2F)c(C)c1,[],True,1,0.5918367346938775,True,True,False,False,True,False,True,[],0,43,True,True,True,True,"['LA_B_aryl', 'LA_B_diaryl', 'LA_B_polyhalogenated_aryl', 'LA_B_tricoordinate']",['LB_phosphine'],[],[],LA_LB_no_negative_flags,7,True,True,False,False,True,101,1
P,mesityl,cyclohexyl,C6,p_tolyl,pentachlorophenyl,<LB_P><LB1_mesityl><LB2_cyclohexyl><LINKER_C6><LA1_p_tolyl><LA2_pentachlorophenyl>,Cc1ccc(B(CCCCCCP(c2c(C)cc(C)cc2C)C2CCCCC2)c2c(Cl)c(Cl)c(Cl)c(Cl)c2Cl)cc1,True,Cc1ccc(B(CCCCCCP(c2c(C)cc(C)cc2C)C2CCCCC2)c2c(Cl)c(Cl)c(Cl)c(Cl)c2Cl)cc1,Cc1ccc(B(CCCCCCP(c2c(C)cc(C)cc2C)C2CCCCC2)c2c(Cl)c(Cl)c(Cl)c(Cl)c2Cl)cc1,[],True,1,0.4444444444444444,True,True,False,False,True,False,True,[],0,41,True,True,True,True,"['LA_B_aryl', 'LA_B_diaryl', 'LA_B_polyhalogenated_aryl', 'LA_B_tricoordinate']",['LB_phosphine'],[],[],LA_LB_no_negative_flags,7,True,True,False,False,True,101,1
N,isopropyl,isopropyl,C2,p_tolyl,bis_cf3_phenyl,<LB_N><LB1_isopropyl><LB2_isopropyl><LINKER_C2><LA1_p_tolyl><LA2_bis_cf3_phenyl>,Cc1ccc(B(CCN(C(C)C)C(C)C)c2cc(C(F)(F)F)cc(C(F)(F)F)c2)cc1,True,Cc1ccc(B(CCN(C(C)C)C(C)C)c2cc(C(F)(F)F)cc(C(F)(F)F)c2)cc1,Cc1ccc(B(CCN(C(C)C)C(C)C)c2cc(C(F)(F)F)cc(C(F)(F)F)c2)cc1,[],True,1,0.4222222222222222,True,True,False,False,True,False,True,[],0,31,True,True,True,True,"['LA_B_aryl', 'LA_B_diaryl', 'LA_B_tricoordinate']",['LB_amine'],[],[],LA_LB_no_negative_flags,3,True,True,False,False,True,101,1
N,methyl,cyclohexyl,C1,mesityl,pentachlorophenyl,<LB_N><LB1_methyl><LB2_cyclohexyl><LINKER_C1><LA1_mesityl><LA2_pentachlorophenyl>,Cc1cc(C)c(B(CN(C)C2CCCCC2)c2c(Cl)c(Cl)c(Cl)c(Cl)c2Cl)c(C)c1,True,Cc1cc(C)c(B(CN(C)C2CCCCC2)c2c(Cl)c(Cl)c(Cl)c(Cl)c2Cl)c(C)c1,Cc1cc(C)c(B(CN(C)C2CCCCC2)c2c(Cl)c(Cl)c(Cl)c(Cl)c2Cl)c(C)c1,[],True,1,0.4230769230769231,True,True,False,False,True,False,True,[],0,30,True,True,True,True,"['LA_B_aryl', 'LA_B_diaryl', 'LA_B_polyhalogenated_aryl', 'LA_B_tricoordinate']",['LB_amine'],[],[],LA_LB_no_negative_flags,2,True,True,False,False,True,101,1
P,tert_butyl,tert_butyl,C1,p_tolyl,p_tolyl,<LB_P><LB1_tert_butyl><LB2_tert_butyl><LINKER_C1><LA1_p_tolyl><LA2_p_tolyl>,Cc1ccc(B(CP(C(C)(C)C)C(C)(C)C)c2ccc(C)cc2)cc1,True,Cc1ccc(B(CP(C(C)(C)C)C(C)(C)C)c2ccc(C)cc2)cc1,Cc1ccc(B(CP(C(C)(C)C)C(C)(C)C)c2ccc(C)cc2)cc1,[],True,1,0.5,True,True,False,False,True,False,True,[],0,25,True,True,True,True,"['LA_B_aryl', 'LA_B_diaryl', 'LA_B_tricoordinate']",['LB_phosphine'],[],[],LA_LB_no_negative_flags,2,True,True,False,False,True,101,2
P,mesityl,mesityl,C6,phenyl,mesityl,<LB_P><LB1_mesityl><LB2_mesityl><LINKER_C6><LA1_phenyl><LA2_mesityl>,Cc1cc(C)c(B(CCCCCCP(c2c(C)cc(C)cc2C)c2c(C)cc(C)cc2C)c2ccccc2)c(C)c1,True,Cc1cc(C)c(B(CCCCCCP(c2c(C)cc(C)cc2C)c2c(C)cc(C)cc2C)c2ccccc2)c(C)c1,Cc1cc(C)c(B(CCCCCCP(c2c(C)cc(C)cc2C)c2c(C)cc(C)cc2C)c2ccccc2)c(C)c1,[],True,1,0.6046511627906976,True,True,False,False,True,False,True,[],0,41,True,True,True,True,"['LA_B_aryl', 'LA_B_diaryl', 'LA_B_tricoordinate']",['LB_phosphine'],[],[],LA_LB_no_negative_flags,7,True,True,False,False,True,101,2
N,isopropyl,phenyl,C1,phenyl,pentachlorophenyl,<LB_N><LB1_isopropyl><LB2_phenyl><LINKER_C1><LA1_phenyl><LA2_pentachlorophenyl>,CC(C)N(CB(c1ccccc1)c1c(Cl)c(Cl)c(Cl)c(Cl)c1Cl)c1ccccc1,True,CC(C)N(CB(c1ccccc1)c1c(Cl)c(Cl)c(Cl)c(Cl)c1Cl)c1ccccc1,CC(C)N(CB(c1ccccc1)c1c(Cl)c(Cl)c(Cl)c(Cl)c1Cl)c1ccccc1,[],True,1,0.4,True,True,False,False,True,False,True,[],0,29,True,True,True,True,"['LA_B_aryl', 'LA_B_diaryl', 'LA_B_polyhalogenated_aryl', 'LA_B_tricoordinate']",['LB_amine'],[],[],LA_LB_no_negative_flags,2,True,True,False,False,True,101,1
P,tert_butyl,tert_butyl,C1,pentafluorophenyl,bis_cf3_phenyl,<LB_P><LB1_tert_butyl><LB2_tert_butyl><LINKER_C1><LA1_pentafluorophenyl><LA2_bis_cf3_phenyl>,CC(C)(C)P(CB(c1cc(C(F)(F)F)cc(C(F)(F)F)c1)c1c(F)c(F)c(F)c(F)c1F)C(C)(C)C,True,CC(C)(C)P(CB(c1cc(C(F)(F)F)cc(C(F)(F)F)c1)c1c(F)c(F)c(F)c(F)c1F)C(C)(C)C,CC(C)(C)P(CB(c1cc(C(F)(F)F)cc(C(F)(F)F)c1)c1c(F)c(F)c(F)c(F)c1F)C(C)(C)C,[],True,1,0.7647058823529411,True,True,False,False,True,False,True,[],0,36,True,True,True,True,"['LA_B_aryl', 'LA_B_diaryl', 'LA_B_polyhalogenated_aryl', 'LA_B_tricoordinate']",['LB_phosphine'],[],[],LA_LB_no_negative_flags,2,True,True,False,False,True,101,2
P,phenyl,tert_butyl,C3,mesityl,pentachlorophenyl,<LB_P><LB1_phenyl><LB2_tert_butyl><LINKER_C3><LA1_mesityl><LA2_pentachlorophenyl>,Cc1cc(C)c(B(CCCP(c2ccccc2)C(C)(C)C)c2c(Cl)c(Cl)c(Cl)c(Cl)c2Cl)c(C)c1,True,Cc1cc(C)c(B(CCCP(c2ccccc2)C(C)(C)C)c2c(Cl)c(Cl)c(Cl)c(Cl)c2Cl)c(C)c1,Cc1cc(C)c(B(CCCP(c2ccccc2)C(C)(C)C)c2c(Cl)c(Cl)c(Cl)c(Cl)c2Cl)c(C)c1,[],True,1,0.4791666666666667,True,True,False,False,True,False,True,[],0,35,True,True,True,True,"['LA_B_aryl', 'LA_B_diaryl', 'LA_B_polyhalogenated_aryl', 'LA_B_tricoordinate']",['LB_phosphine'],[],[],LA_LB_no_negative_flags,4,True,True,False,False,True,101,1
P,phenyl,cyclohexyl,C1,bis_cf3_phenyl,bis_cf3_phenyl,<LB_P><LB1_phenyl><LB2_cyclohexyl><LINKER_C1><LA1_bis_cf3_phenyl><LA2_bis_cf3_phenyl>,FC(F)(F)c1cc(B(CP(c2ccccc2)C2CCCCC2)c2cc(C(F)(F)F)cc(C(F)(F)F)c2)cc(C(F)(F)F)c1,True,FC(F)(F)c1cc(B(CP(c2ccccc2)C2CCCCC2)c2cc(C(F)(F)F)cc(C(F)(F)F)c2)cc(C(F)(F)F)c1,FC(F)(F)c1cc(B(CP(c2ccccc2)C2CCCCC2)c2cc(C(F)(F)F)cc(C(F)(F)F)c2)cc(C(F)(F)F)c1,[],True,1,0.4444444444444444,True,True,False,False,True,False,True,[],0,43,True,True,True,True,"['LA_B_aryl', 'LA_B_diaryl', 'LA_B_tricoordinate']",['LB_phosphine'],[],[],LA_LB_no_negative_flags,2,True,True,False,False,True,101,2
P,mesityl,tert_butyl,C3,p_tolyl,pentachlorophenyl,<LB_P><LB1_mesityl><LB2_tert_butyl><LINKER_C3><LA1_p_tolyl><LA2_pentachlorophenyl>,Cc1ccc(B(CCCP(c2c(C)cc(C)cc2C)C(C)(C)C)c2c(Cl)c(Cl)c(Cl)c(Cl)c2Cl)cc1,True,Cc1ccc(B(CCCP(c2c(C)cc(C)cc2C)C(C)(C)C)c2c(Cl)c(Cl)c(Cl)c(Cl)c2Cl)cc1,Cc1ccc(B(CCCP(c2c(C)cc(C)cc2C)C(C)(C)C)c2c(Cl)c(Cl)c(Cl)c(Cl)c2Cl)cc1,[],True,1,0.5106382978723404,True,True,False,False,True,False,True,[],0,36,True,True,True,True,"['LA_B_aryl', 'LA_B_diaryl', 'LA_B_polyhalogenated_aryl', 'LA_B_tricoordinate']",['LB_phosphine'],[],[],LA_LB_no_negative_flags,4,True,True,False,False,True,101,1
P,mesityl,mesityl,C3,p_tolyl,p_tolyl,<LB_P><LB1_mesityl><LB2_mesityl><LINKER_C3><LA1_p_tolyl><LA2_p_tolyl>,Cc1ccc(B(CCCP(c2c(C)cc(C)cc2C)c2c(C)cc(C)cc2C)c2ccc(C)cc2)cc1,True,Cc1ccc(B(CCCP(c2c(C)cc(C)cc2C)c2c(C)cc(C)cc2C)c2ccc(C)cc2)cc1,Cc1ccc(B(CCCP(c2c(C)cc(C)cc2C)c2c(C)cc(C)cc2C)c2ccc(C)cc2)cc1,[],True,1,0.575,True,True,False,False,True,False,True,[],0,37,True,True,True,True,"['LA_B_aryl', 'LA_B_diaryl', 'LA_B_tricoordinate']",['LB_phosphine'],[],[],LA_LB_no_negative_flags,4,True,True,False,False,True,101,1
P,mesityl,tert_butyl,C2,p_tolyl,p_tolyl,<LB_P><LB1_mesityl><LB2_tert_butyl><LINKER_C2><LA1_p_tolyl><LA2_p_tolyl>,Cc1ccc(B(CCP(c2c(C)cc(C)cc2C)C(C)(C)C)c2ccc(C)cc2)cc1,True,Cc1ccc(B(CCP(c2c(C)cc(C)cc2C)C(C)(C)C)c2ccc(C)cc2)cc1,Cc1ccc(B(CCP(c2c(C)cc(C)cc2C)C(C)(C)C)c2ccc(C)cc2)cc1,[],True,1,0.4090909090909091,True,True,False,False,True,False,True,[],0,31,True,True,True,True,"['LA_B_aryl', 'LA_B_diaryl', 'LA_B_tricoordinate']",['LB_phosphine'],[],[],LA_LB_no_negative_flags,3,True,True,False,False,True,101,1
P,mesityl,mesityl,C2,phenyl,pentafluorophenyl,<LB_P><LB1_mesityl><LB2_mesityl><LINKER_C2><LA1_phenyl><LA2_pentafluorophenyl>,Cc1cc(C)c(P(CCB(c2ccccc2)c2c(F)c(F)c(F)c(F)c2F)c2c(C)cc(C)cc2C)c(C)c1,True,Cc1cc(C)c(P(CCB(c2ccccc2)c2c(F)c(F)c(F)c(F)c2F)c2c(C)cc(C)cc2C)c(C)c1,Cc1cc(C)c(P(CCB(c2ccccc2)c2c(F)c(F)c(F)c(F)c2F)c2c(C)cc(C)cc2C)c(C)c1,[],True,1,0.6428571428571429,True,True,False,False,True,False,True,[],0,39,True,True,True,True,"['LA_B_aryl', 'LA_B_diaryl', 'LA_B_polyhalogenated_aryl', 'LA_B_tricoordinate']",['LB_phosphine'],[],[],LA_LB_no_negative_flags,3,True,True,False,False,True,101,1
N,ethyl,ethyl,C1,pentafluorophenyl,bis_cf3_phenyl,<LB_N><LB1_ethyl><LB2_ethyl><LINKER_C1><LA1_pentafluorophenyl><LA2_bis_cf3_phenyl>,CCN(CC)CB(c1cc(C(F)(F)F)cc(C(F)(F)F)c1)c1c(F)c(F)c(F)c(F)c1F,True,CCN(CC)CB(c1cc(C(F)(F)F)cc(C(F)(F)F)c1)c1c(F)c(F)c(F)c(F)c1F,CCN(CC)CB(c1cc(C(F)(F)F)cc(C(F)(F)F)c1)c1c(F)c(F)c(F)c(F)c1F,[],True,1,0.42857142857142855,True,True,False,False,True,False,True,[],0,32,True,True,True,True,"['LA_B_aryl', 'LA_B_diaryl', 'LA_B_polyhalogenated_aryl', 'LA_B_tricoordinate']",['LB_amine'],[],[],LA_LB_no_negative_flags,2,True,True,False,False,True,101,1
P,phenyl,mesityl,C4,p_tolyl,pentachlorophenyl,<LB_P><LB1_phenyl><LB2_mesityl><LINKER_C4><LA1_p_tolyl><LA2_pentachlorophenyl>,Cc1ccc(B(CCCCP(c2ccccc2)c2c(C)cc(C)cc2C)c2c(Cl)c(Cl)c(Cl)c(Cl)c2Cl)cc1,True,Cc1ccc(B(CCCCP(c2ccccc2)c2c(C)cc(C)cc2C)c2c(Cl)c(Cl)c(Cl)c(Cl)c2Cl)cc1,Cc1ccc(B(CCCCP(c2ccccc2)c2c(C)cc(C)cc2C)c2c(Cl)c(Cl)c(Cl)c(Cl)c2Cl)cc1,[],True,1,0.49019607843137253,True,True,False,False,True,False,True,[],0,39,True,True,True,True,"['LA_B_aryl', 'LA_B_diaryl', 'LA_B_polyhalogenated_aryl', 'LA_B_tricoordinate']",['LB_phosphine'],[],[],LA_LB_no_negative_flags,5,True,True,False,False,True,101,3
N,methyl,phenyl,C3,bis_cf3_phenyl,bis_cf3_phenyl,<LB_N><LB1_methyl><LB2_phenyl><LINKER_C3><LA1_bis_cf3_phenyl><LA2_bis_cf3_phenyl>,CN(CCCB(c1cc(C(F)(F)F)cc(C(F)(F)F)c1)c1cc(C(F)(F)F)cc(C(F)(F)F)c1)c1ccccc1,True,CN(CCCB(c1cc(C(F)(F)F)cc(C(F)(F)F)c1)c1cc(C(F)(F)F)cc(C(F)(F)F)c1)c1ccccc1,CN(CCCB(c1cc(C(F)(F)F)cc(C(F)(F)F)c1)c1cc(C(F)(F)F)cc(C(F)(F)F)c1)c1ccccc1,[],True,1,0.4,True,True,False,False,True,False,True,[],0,40,True,True,True,True,"['LA_B_aryl', 'LA_B_diaryl', 'LA_B_tricoordinate']",['LB_amine'],[],[],LA_LB_no_negative_flags,4,True,True,False,False,True,101,1
P,phenyl,mesityl,C6,mesityl,bis_cf3_phenyl,<LB_P><LB1_phenyl><LB2_mesityl><LINKER_C6><LA1_mesityl><LA2_bis_cf3_phenyl>,Cc1cc(C)c(B(CCCCCCP(c2ccccc2)c2c(C)cc(C)cc2C)c2cc(C(F)(F)F)cc(C(F)(F)F)c2)c(C)c1,True,Cc1cc(C)c(B(CCCCCCP(c2ccccc2)c2c(C)cc(C)cc2C)c2cc(C(F)(F)F)cc(C(F)(F)F)c2)c(C)c1,Cc1cc(C)c(B(CCCCCCP(c2ccccc2)c2c(C)cc(C)cc2C)c2cc(C(F)(F)F)cc(C(F)(F)F)c2)c(C)c1,[],True,1,0.48148148148148145,True,True,False,False,True,False,True,[],0,46,True,True,True,True,"['LA_B_aryl', 'LA_B_diaryl', 'LA_B_tricoordinate']",['LB_phosphine'],[],[],LA_LB_no_negative_flags,7,True,True,False,False,True,101,1
P,phenyl,phenyl,C1,p_tolyl,pentachlorophenyl,<LB_P><LB1_phenyl><LB2_phenyl><LINKER_C1><LA1_p_tolyl><LA2_pentachlorophenyl>,Cc1ccc(B(CP(c2ccccc2)c2ccccc2)c2c(Cl)c(Cl)c(Cl)c(Cl)c2Cl)cc1,True,Cc1ccc(B(CP(c2ccccc2)c2ccccc2)c2c(Cl)c(Cl)c(Cl)c(Cl)c2Cl)cc1,Cc1ccc(B(CP(c2ccccc2)c2ccccc2)c2c(Cl)c(Cl)c(Cl)c(Cl)c2Cl)cc1,[],True,1,0.5,True,True,False,False,True,False,True,[],0,33,True,True,True,True,"['LA_B_aryl', 'LA_B_diaryl', 'LA_B_polyhalogenated_aryl', 'LA_B_tricoordinate']",['LB_phosphine'],[],[],LA_LB_no_negative_flags,2,True,True,False,False,True,101,1
P,tert_butyl,isopropyl,C4,p_tolyl,pentafluorophenyl,<LB_P><LB1_tert_butyl><LB2_isopropyl><LINKER_C4><LA1_p_tolyl><LA2_pentafluorophenyl>,Cc1ccc(B(CCCCP(C(C)C)C(C)(C)C)c2c(F)c(F)c(F)c(F)c2F)cc1,True,Cc1ccc(B(CCCCP(C(C)C)C(C)(C)C)c2c(F)c(F)c(F)c(F)c2F)cc1,Cc1ccc(B(CCCCP(C(C)C)C(C)(C)C)c2c(F)c(F)c(F)c(F)c2F)cc1,[],True,1,0.46938775510204084,True,True,False,False,True,False,True,[],0,31,True,True,True,True,"['LA_B_aryl', 'LA_B_diaryl', 'LA_B_polyhalogenated_aryl', 'LA_B_tricoordinate']",['LB_phosphine'],[],[],LA_LB_no_negative_flags,5,True,True,False,False,True,101,2
P,mesityl,tert_butyl,C5,pentafluorophenyl,pentachlorophenyl,<LB_P><LB1_mesityl><LB2_tert_butyl><LINKER_C5><LA1_pentafluorophenyl><LA2_pentachlorophenyl>,Cc1cc(C)c(P(CCCCCB(c2c(F)c(F)c(F)c(F)c2F)c2c(Cl)c(Cl)c(Cl)c(Cl)c2Cl)C(C)(C)C)c(C)c1,True,Cc1cc(C)c(P(CCCCCB(c2c(F)c(F)c(F)c(F)c2F)c2c(Cl)c(Cl)c(Cl)c(Cl)c2Cl)C(C)(C)C)c(C)c1,Cc1cc(C)c(P(CCCCCB(c2c(F)c(F)c(F)c(F)c2F)c2c(Cl)c(Cl)c(Cl)c(Cl)c2Cl)C(C)(C)C)c(C)c1,[],True,1,0.6041666666666666,True,True,False,False,True,False,True,[],0,42,True,True,True,True,"['LA_B_aryl', 'LA_B_diaryl', 'LA_B_polyhalogenated_aryl', 'LA_B_tricoordinate']",['LB_phosphine'],[],[],LA_LB_no_negative_flags,6,True,True,False,False,True,101,2
N,ethyl,isopropyl,C4,mesityl,pentachlorophenyl,<LB_N><LB1_ethyl><LB2_isopropyl><LINKER_C4><LA1_mesityl><LA2_pentachlorophenyl>,CCN(CCCCB(c1c(C)cc(C)cc1C)c1c(Cl)c(Cl)c(Cl)c(Cl)c1Cl)C(C)C,True,CCN(CCCCB(c1c(C)cc(C)cc1C)c1c(Cl)c(Cl)c(Cl)c(Cl)c1Cl)C(C)C,CCN(CCCCB(c1c(C)cc(C)cc1C)c1c(Cl)c(Cl)c(Cl)c(Cl)c1Cl)C(C)C,[],True,1,0.4791666666666667,True,True,False,False,True,False,True,[],0,31,True,True,True,True,"['LA_B_aryl', 'LA_B_diaryl', 'LA_B_polyhalogenated_aryl', 'LA_B_tricoordinate']",['LB_amine'],[],[],LA_LB_no_negative_flags,5,True,True,False,False,True,101,1
P,mesityl,tert_butyl,C5,mesityl,bis_cf3_phenyl,<LB_P><LB1_mesityl><LB2_tert_butyl><LINKER_C5><LA1_mesityl><LA2_bis_cf3_phenyl>,Cc1cc(C)c(B(CCCCCP(c2c(C)cc(C)cc2C)C(C)(C)C)c2cc(C(F)(F)F)cc(C(F)(F)F)c2)c(C)c1,True,Cc1cc(C)c(B(CCCCCP(c2c(C)cc(C)cc2C)C(C)(C)C)c2cc(C(F)(F)F)cc(C(F)(F)F)c2)c(C)c1,Cc1cc(C)c(B(CCCCCP(c2c(C)cc(C)cc2C)C(C)(C)C)c2cc(C(F)(F)F)cc(C(F)(F)F)c2)c(C)c1,[],True,1,0.4339622641509434,True,True,False,False,True,False,True,[],0,43,True,True,True,True,"['LA_B_aryl', 'LA_B_diaryl', 'LA_B_tricoordinate']",['LB_phosphine'],[],[],LA_LB_no_negative_flags,6,True,True,False,False,True,101,2
P,cyclohexyl,isopropyl,C6,p_tolyl,pentafluorophenyl,<LB_P><LB1_cyclohexyl><LB2_isopropyl><LINKER_C6><LA1_p_tolyl><LA2_pentafluorophenyl>,Cc1ccc(B(CCCCCCP(C(C)C)C2CCCCC2)c2c(F)c(F)c(F)c(F)c2F)cc1,True,Cc1ccc(B(CCCCCCP(C(C)C)C2CCCCC2)c2c(F)c(F)c(F)c(F)c2F)cc1,Cc1ccc(B(CCCCCCP(C(C)C)C2CCCCC2)c2c(F)c(F)c(F)c(F)c2F)cc1,[],True,1,0.4107142857142857,True,True,False,False,True,False,True,[],0,35,True,True,True,True,"['LA_B_aryl', 'LA_B_diaryl', 'LA_B_polyhalogenated_aryl', 'LA_B_tricoordinate']",['LB_phosphine'],[],[],LA_LB_no_negative_flags,7,True,True,False,False,True,101,1
P,isopropyl,isopropyl,C3,mesityl,mesityl,<LB_P><LB1_isopropyl><LB2_isopropyl><LINKER_C3><LA1_mesityl><LA2_mesityl>,Cc1cc(C)c(B(CCCP(C(C)C)C(C)C)c2c(C)cc(C)cc2C)c(C)c1,True,Cc1cc(C)c(B(CCCP(C(C)C)C(C)C)c2c(C)cc(C)cc2C)c(C)c1,Cc1cc(C)c(B(CCCP(C(C)C)C(C)C)c2c(C)cc(C)cc2C)c(C)c1,[],True,1,0.4418604651162791,True,True,False,False,True,False,True,[],0,29,True,True,True,True,"['LA_B_aryl', 'LA_B_diaryl', 'LA_B_tricoordinate']",['LB_phosphine'],[],[],LA_LB_no_negative_flags,4,True,True,False,False,True,101,2
P,tert_butyl,tert_butyl,C3,mesityl,bis_cf3_phenyl,<LB_P><LB1_tert_butyl><LB2_tert_butyl><LINKER_C3><LA1_mesityl><LA2_bis_cf3_phenyl>,Cc1cc(C)c(B(CCCP(C(C)(C)C)C(C)(C)C)c2cc(C(F)(F)F)cc(C(F)(F)F)c2)c(C)c1,True,Cc1cc(C)c(B(CCCP(C(C)(C)C)C(C)(C)C)c2cc(C(F)(F)F)cc(C(F)(F)F)c2)c(C)c1,Cc1cc(C)c(B(CCCP(C(C)(C)C)C(C)(C)C)c2cc(C(F)(F)F)cc(C(F)(F)F)c2)c(C)c1,[],True,1,0.5348837209302325,True,True,False,False,True,False,True,[],0,36,True,True,True,True,"['LA_B_aryl', 'LA_B_diaryl', 'LA_B_tricoordinate']",['LB_phosphine'],[],[],LA_LB_no_negative_flags,4,True,True,False,False,True,101,2
N,ethyl,ethyl,C1,bis_cf3_phenyl,bis_cf3_phenyl,<LB_N><LB1_ethyl><LB2_ethyl><LINKER_C1><LA1_bis_cf3_phenyl><LA2_bis_cf3_phenyl>,CCN(CC)CB(c1cc(C(F)(F)F)cc(C(F)(F)F)c1)c1cc(C(F)(F)F)cc(C(F)(F)F)c1,True,CCN(CC)CB(c1cc(C(F)(F)F)cc(C(F)(F)F)c1)c1cc(C(F)(F)F)cc(C(F)(F)F)c1,CCN(CC)CB(c1cc(C(F)(F)F)cc(C(F)(F)F)c1)c1cc(C(F)(F)F)cc(C(F)(F)F)c1,[],True,1,0.5,True,True,False,False,True,False,True,[],0,35,True,True,True,True,"['LA_B_aryl', 'LA_B_diaryl', 'LA_B_tricoordinate']",['LB_amine'],[],[],LA_LB_no_negative_flags,2,True,True,False,False,True,101,2
P,mesityl,tert_butyl,C6,p_tolyl,mesityl,<LB_P><LB1_mesityl><LB2_tert_butyl><LINKER_C6><LA1_p_tolyl><LA2_mesityl>,Cc1ccc(B(CCCCCCP(c2c(C)cc(C)cc2C)C(C)(C)C)c2c(C)cc(C)cc2C)cc1,True,Cc1ccc(B(CCCCCCP(c2c(C)cc(C)cc2C)C(C)(C)C)c2c(C)cc(C)cc2C)cc1,Cc1ccc(B(CCCCCCP(c2c(C)cc(C)cc2C)C(C)(C)C)c2c(C)cc(C)cc2C)cc1,[],True,1,0.44,True,True,False,False,True,False,True,[],0,37,True,True,True,True,"['LA_B_aryl', 'LA_B_diaryl', 'LA_B_tricoordinate']",['LB_phosphine'],[],[],LA_LB_no_negative_flags,7,True,True,False,False,True,101,1
P,phenyl,mesityl,C1,mesityl,pentafluorophenyl,<LB_P><LB1_phenyl><LB2_mesityl><LINKER_C1><LA1_mesityl><LA2_pentafluorophenyl>,Cc1cc(C)c(B(CP(c2ccccc2)c2c(C)cc(C)cc2C)c2c(F)c(F)c(F)c(F)c2F)c(C)c1,True,Cc1cc(C)c(B(CP(c2ccccc2)c2c(C)cc(C)cc2C)c2c(F)c(F)c(F)c(F)c2F)c(C)c1,Cc1cc(C)c(B(CP(c2ccccc2)c2c(C)cc(C)cc2C)c2c(F)c(F)c(F)c(F)c2F)c(C)c1,[],True,1,0.5217391304347826,True,True,False,False,True,False,True,[],0,38,True,True,True,True,"['LA_B_aryl', 'LA_B_diaryl', 'LA_B_polyhalogenated_aryl', 'LA_B_tricoordinate']",['LB_phosphine'],[],[],LA_LB_no_negative_flags,2,True,True,False,False,True,101,2
P,phenyl,isopropyl,C1,mesityl,pentafluorophenyl,<LB_P><LB1_phenyl><LB2_isopropyl><LINKER_C1><LA1_mesityl><LA2_pentafluorophenyl>,Cc1cc(C)c(B(CP(c2ccccc2)C(C)C)c2c(F)c(F)c(F)c(F)c2F)c(C)c1,True,Cc1cc(C)c(B(CP(c2ccccc2)C(C)C)c2c(F)c(F)c(F)c(F)c2F)c(C)c1,Cc1cc(C)c(B(CP(c2ccccc2)C(C)C)c2c(F)c(F)c(F)c(F)c2F)c(C)c1,[],True,1,0.4583333333333333,True,True,False,False,True,False,True,[],0,32,True,True,True,True,"['LA_B_aryl', 'LA_B_diaryl', 'LA_B_polyhalogenated_aryl', 'LA_B_tricoordinate']",['LB_phosphine'],[],[],LA_LB_no_negative_flags,2,True,True,False,False,True,101,2
N,phenyl,phenyl,C4,phenyl,pentafluorophenyl,<LB_N><LB1_phenyl><LB2_phenyl><LINKER_C4><LA1_phenyl><LA2_pentafluorophenyl>,Fc1c(F)c(F)c(B(CCCCN(c2ccccc2)c2ccccc2)c2ccccc2)c(F)c1F,True,Fc1c(F)c(F)c(B(CCCCN(c2ccccc2)c2ccccc2)c2ccccc2)c(F)c1F,Fc1c(F)c(F)c(B(CCCCN(c2ccccc2)c2ccccc2)c2ccccc2)c(F)c1F,[],True,1,0.46511627906976744,True,True,False,False,True,False,True,[],0,35,True,True,True,True,"['LA_B_aryl', 'LA_B_diaryl', 'LA_B_polyhalogenated_aryl', 'LA_B_tricoordinate']",['LB_amine'],[],[],LA_LB_no_negative_flags,5,True,True,False,False,True,101,2
P,phenyl,isopropyl,C4,p_tolyl,pentafluorophenyl,<LB_P><LB1_phenyl><LB2_isopropyl><LINKER_C4><LA1_p_tolyl><LA2_pentafluorophenyl>,Cc1ccc(B(CCCCP(c2ccccc2)C(C)C)c2c(F)c(F)c(F)c(F)c2F)cc1,True,Cc1ccc(B(CCCCP(c2ccccc2)C(C)C)c2c(F)c(F)c(F)c(F)c2F)cc1,Cc1ccc(B(CCCCP(c2ccccc2)C(C)C)c2c(F)c(F)c(F)c(F)c2F)cc1,[],True,1,0.5319148936170213,True,True,False,False,True,False,True,[],0,33,True,True,True,True,"['LA_B_aryl', 'LA_B_diaryl', 'LA_B_polyhalogenated_aryl', 'LA_B_tricoordinate']",['LB_phosphine'],[],[],LA_LB_no_negative_flags,5,True,True,False,False,True,101,1
N,ethyl,ethyl,C1,mesityl,pentachlorophenyl,<LB_N><LB1_ethyl><LB2_ethyl><LINKER_C1><LA1_mesityl><LA2_pentachlorophenyl>,CCN(CC)CB(c1c(C)cc(C)cc1C)c1c(Cl)c(Cl)c(Cl)c(Cl)c1Cl,True,CCN(CC)CB(c1c(C)cc(C)cc1C)c1c(Cl)c(Cl)c(Cl)c(Cl)c1Cl,CCN(CC)CB(c1c(C)cc(C)cc1C)c1c(Cl)c(Cl)c(Cl)c(Cl)c1Cl,[],True,1,0.47619047619047616,True,True,False,False,True,False,True,[],0,27,True,True,True,True,"['LA_B_aryl', 'LA_B_diaryl', 'LA_B_polyhalogenated_aryl', 'LA_B_tricoordinate']",['LB_amine'],[],[],LA_LB_no_negative_flags,2,True,True,False,False,True,101,1
P,tert_butyl,cyclohexyl,C1,mesityl,bis_cf3_phenyl,<LB_P><LB1_tert_butyl><LB2_cyclohexyl><LINKER_C1><LA1_mesityl><LA2_bis_cf3_phenyl>,Cc1cc(C)c(B(CP(C2CCCCC2)C(C)(C)C)c2cc(C(F)(F)F)cc(C(F)(F)F)c2)c(C)c1,True,Cc1cc(C)c(B(CP(C2CCCCC2)C(C)(C)C)c2cc(C(F)(F)F)cc(C(F)(F)F)c2)c(C)c1,Cc1cc(C)c(B(CP(C2CCCCC2)C(C)(C)C)c2cc(C(F)(F)F)cc(C(F)(F)F)c2)c(C)c1,[],True,1,0.4489795918367347,True,True,False,False,True,False,True,[],0,36,True,True,True,True,"['LA_B_aryl', 'LA_B_diaryl', 'LA_B_tricoordinate']",['LB_phosphine'],[],[],LA_LB_no_negative_flags,2,True,True,False,False,True,101,1
P,mesityl,isopropyl,C6,p_tolyl,pentafluorophenyl,<LB_P><LB1_mesityl><LB2_isopropyl><LINKER_C6><LA1_p_tolyl><LA2_pentafluorophenyl>,Cc1ccc(B(CCCCCCP(c2c(C)cc(C)cc2C)C(C)C)c2c(F)c(F)c(F)c(F)c2F)cc1,True,Cc1ccc(B(CCCCCCP(c2c(C)cc(C)cc2C)C(C)C)c2c(F)c(F)c(F)c(F)c2F)cc1,Cc1ccc(B(CCCCCCP(c2c(C)cc(C)cc2C)C(C)C)c2c(F)c(F)c(F)c(F)c2F)cc1,[],True,1,0.5833333333333334,True,True,False,False,True,False,True,[],0,38,True,True,True,True,"['LA_B_aryl', 'LA_B_diaryl', 'LA_B_polyhalogenated_aryl', 'LA_B_tricoordinate']",['LB_phosphine'],[],[],LA_LB_no_negative_flags,7,True,True,False,False,True,101,1
P,tert_butyl,tert_butyl,C2,mesityl,pentafluorophenyl,<LB_P><LB1_tert_butyl><LB2_tert_butyl><LINKER_C2><LA1_mesityl><LA2_pentafluorophenyl>,Cc1cc(C)c(B(CCP(C(C)(C)C)C(C)(C)C)c2c(F)c(F)c(F)c(F)c2F)c(C)c1,True,Cc1cc(C)c(B(CCP(C(C)(C)C)C(C)(C)C)c2c(F)c(F)c(F)c(F)c2F)c(C)c1,Cc1cc(C)c(B(CCP(C(C)(C)C)C(C)(C)C)c2c(F)c(F)c(F)c(F)c2F)c(C)c1,[],True,1,0.5348837209302325,True,True,False,False,True,False,True,[],0,32,True,True,True,True,"['LA_B_aryl', 'LA_B_diaryl', 'LA_B_polyhalogenated_aryl', 'LA_B_tricoordinate']",['LB_phosphine'],[],[],LA_LB_no_negative_flags,3,True,True,False,False,True,101,1
P,mesityl,mesityl,C5,pentachlorophenyl,pentachlorophenyl,<LB_P><LB1_mesityl><LB2_mesityl><LINKER_C5><LA1_pentachlorophenyl><LA2_pentachlorophenyl>,Cc1cc(C)c(P(CCCCCB(c2c(Cl)c(Cl)c(Cl)c(Cl)c2Cl)c2c(Cl)c(Cl)c(Cl)c(Cl)c2Cl)c2c(C)cc(C)cc2C)c(C)c1,True,Cc1cc(C)c(P(CCCCCB(c2c(Cl)c(Cl)c(Cl)c(Cl)c2Cl)c2c(Cl)c(Cl)c(Cl)c(Cl)c2Cl)c2c(C)cc(C)cc2C)c(C)c1,Cc1cc(C)c(P(CCCCCB(c2c(Cl)c(Cl)c(Cl)c(Cl)c2Cl)c2c(Cl)c(Cl)c(Cl)c(Cl)c2Cl)c2c(C)cc(C)cc2C)c(C)c1,[],True,1,0.675,True,True,False,False,True,False,True,[],0,47,True,True,True,True,"['LA_B_aryl', 'LA_B_diaryl', 'LA_B_polyhalogenated_aryl', 'LA_B_tricoordinate']",['LB_phosphine'],[],[],LA_LB_no_negative_flags,6,True,True,False,False,True,101,2
P,mesityl,tert_butyl,C2,bis_cf3_phenyl,bis_cf3_phenyl,<LB_P><LB1_mesityl><LB2_tert_butyl><LINKER_C2><LA1_bis_cf3_phenyl><LA2_bis_cf3_phenyl>,Cc1cc(C)c(P(CCB(c2cc(C(F)(F)F)cc(C(F)(F)F)c2)c2cc(C(F)(F)F)cc(C(F)(F)F)c2)C(C)(C)C)c(C)c1,True,Cc1cc(C)c(P(CCB(c2cc(C(F)(F)F)cc(C(F)(F)F)c2)c2cc(C(F)(F)F)cc(C(F)(F)F)c2)C(C)(C)C)c(C)c1,Cc1cc(C)c(P(CCB(c2cc(C(F)(F)F)cc(C(F)(F)F)c2)c2cc(C(F)(F)F)cc(C(F)(F)F)c2)C(C)(C)C)c(C)c1,[],True,1,0.5,True,True,False,False,True,False,True,[],0,45,True,True,True,True,"['LA_B_aryl', 'LA_B_diaryl', 'LA_B_tricoordinate']",['LB_phosphine'],[],[],LA_LB_no_negative_flags,3,True,True,False,False,True,101,2
P,phenyl,isopropyl,C6,mesityl,pentachlorophenyl,<LB_P><LB1_phenyl><LB2_isopropyl><LINKER_C6><LA1_mesityl><LA2_pentachlorophenyl>,Cc1cc(C)c(B(CCCCCCP(c2ccccc2)C(C)C)c2c(Cl)c(Cl)c(Cl)c(Cl)c2Cl)c(C)c1,True,Cc1cc(C)c(B(CCCCCCP(c2ccccc2)C(C)C)c2c(Cl)c(Cl)c(Cl)c(Cl)c2Cl)c(C)c1,Cc1cc(C)c(B(CCCCCCP(c2ccccc2)C(C)C)c2c(Cl)c(Cl)c(Cl)c(Cl)c2Cl)c(C)c1,[],True,1,0.46,True,True,False,False,True,False,True,[],0,37,True,True,True,True,"['LA_B_aryl', 'LA_B_diaryl', 'LA_B_polyhalogenated_aryl', 'LA_B_tricoordinate']",['LB_phosphine'],[],[],LA_LB_no_negative_flags,7,True,True,False,False,True,101,2
N,methyl,isopropyl,C3,mesityl,pentafluorophenyl,<LB_N><LB1_methyl><LB2_isopropyl><LINKER_C3><LA1_mesityl><LA2_pentafluorophenyl>,Cc1cc(C)c(B(CCCN(C)C(C)C)c2c(F)c(F)c(F)c(F)c2F)c(C)c1,True,Cc1cc(C)c(B(CCCN(C)C(C)C)c2c(F)c(F)c(F)c(F)c2F)c(C)c1,Cc1cc(C)c(B(CCCN(C)C(C)C)c2c(F)c(F)c(F)c(F)c2F)c(C)c1,[],True,1,0.5,True,True,False,False,True,False,True,[],0,29,True,True,True,True,"['LA_B_aryl', 'LA_B_diaryl', 'LA_B_polyhalogenated_aryl', 'LA_B_tricoordinate']",['LB_amine'],[],[],LA_LB_no_negative_flags,4,True,True,False,False,True,101,1
P,cyclohexyl,isopropyl,C2,mesityl,pentachlorophenyl,<LB_P><LB1_cyclohexyl><LB2_isopropyl><LINKER_C2><LA1_mesityl><LA2_pentachlorophenyl>,Cc1cc(C)c(B(CCP(C(C)C)C2CCCCC2)c2c(Cl)c(Cl)c(Cl)c(Cl)c2Cl)c(C)c1,True,Cc1cc(C)c(B(CCP(C(C)C)C2CCCCC2)c2c(Cl)c(Cl)c(Cl)c(Cl)c2Cl)c(C)c1,Cc1cc(C)c(B(CCP(C(C)C)C2CCCCC2)c2c(Cl)c(Cl)c(Cl)c(Cl)c2Cl)c(C)c1,[],True,1,0.5,True,True,False,False,True,False,True,[],0,33,True,True,True,True,"['LA_B_aryl', 'LA_B_diaryl', 'LA_B_polyhalogenated_aryl', 'LA_B_tricoordinate']",['LB_phosphine'],[],[],LA_LB_no_negative_flags,3,True,True,False,False,True,101,2
P,phenyl,tert_butyl,C6,phenyl,phenyl,<LB_P><LB1_phenyl><LB2_tert_butyl><LINKER_C6><LA1_phenyl><LA2_phenyl>,CC(C)(C)P(CCCCCCB(c1ccccc1)c1ccccc1)c1ccccc1,True,CC(C)(C)P(CCCCCCB(c1ccccc1)c1ccccc1)c1ccccc1,CC(C)(C)P(CCCCCCB(c1ccccc1)c1ccccc1)c1ccccc1,[],True,1,0.4090909090909091,True,True,False,False,True,False,True,[],0,30,True,True,True,True,"['LA_B_aryl', 'LA_B_diaryl', 'LA_B_tricoordinate']",['LB_phosphine'],[],[],LA_LB_no_negative_flags,7,True,True,False,False,True,101,1
N,phenyl,phenyl,C4,pentafluorophenyl,pentafluorophenyl,<LB_N><LB1_phenyl><LB2_phenyl><LINKER_C4><LA1_pentafluorophenyl><LA2_pentafluorophenyl>,Fc1c(F)c(F)c(B(CCCCN(c2ccccc2)c2ccccc2)c2c(F)c(F)c(F)c(F)c2F)c(F)c1F,True,Fc1c(F)c(F)c(B(CCCCN(c2ccccc2)c2ccccc2)c2c(F)c(F)c(F)c(F)c2F)c(F)c1F,Fc1c(F)c(F)c(B(CCCCN(c2ccccc2)c2ccccc2)c2c(F)c(F)c(F)c(F)c2F)c(F)c1F,[],True,1,0.5384615384615384,True,True,False,False,True,False,True,[],0,40,True,True,True,True,"['LA_B_aryl', 'LA_B_diaryl', 'LA_B_polyhalogenated_aryl', 'LA_B_tricoordinate']",['LB_amine'],[],[],LA_LB_no_negative_flags,5,True,True,False,False,True,101,1
N,isopropyl,isopropyl,C1,phenyl,pentafluorophenyl,<LB_N><LB1_isopropyl><LB2_isopropyl><LINKER_C1><LA1_phenyl><LA2_pentafluorophenyl>,CC(C)N(CB(c1ccccc1)c1c(F)c(F)c(F)c(F)c1F)C(C)C,True,CC(C)N(CB(c1ccccc1)c1c(F)c(F)c(F)c(F)c1F)C(C)C,CC(C)N(CB(c1ccccc1)c1c(F)c(F)c(F)c(F)c1F)C(C)C,[],True,1,0.4418604651162791,True,True,False,False,True,False,True,[],0,26,True,True,True,True,"['LA_B_aryl', 'LA_B_diaryl', 'LA_B_polyhalogenated_aryl', 'LA_B_tricoordinate']",['LB_amine'],[],[],LA_LB_no_negative_flags,2,True,True,False,False,True,101,1
N,ethyl,isopropyl,C1,pentafluorophenyl,pentafluorophenyl,<LB_N><LB1_ethyl><LB2_isopropyl><LINKER_C1><LA1_pentafluorophenyl><LA2_pentafluorophenyl>,CCN(CB(c1c(F)c(F)c(F)c(F)c1F)c1c(F)c(F)c(F)c(F)c1F)C(C)C,True,CCN(CB(c1c(F)c(F)c(F)c(F)c1F)c1c(F)c(F)c(F)c(F)c1F)C(C)C,CCN(CB(c1c(F)c(F)c(F)c(F)c1F)c1c(F)c(F)c(F)c(F)c1F)C(C)C,[],True,1,0.46153846153846156,True,True,False,False,True,False,True,[],0,30,True,True,True,True,"['LA_B_aryl', 'LA_B_diaryl', 'LA_B_polyhalogenated_aryl', 'LA_B_tricoordinate']",['LB_amine'],[],[],LA_LB_no_negative_flags,2,True,True,False,False,True,101,2
N,cyclohexyl,phenyl,C5,mesityl,pentafluorophenyl,<LB_N><LB1_cyclohexyl><LB2_phenyl><LINKER_C5><LA1_mesityl><LA2_pentafluorophenyl>,Cc1cc(C)c(B(CCCCCN(c2ccccc2)C2CCCCC2)c2c(F)c(F)c(F)c(F)c2F)c(C)c1,True,Cc1cc(C)c(B(CCCCCN(c2ccccc2)C2CCCCC2)c2c(F)c(F)c(F)c(F)c2F)c(C)c1,Cc1cc(C)c(B(CCCCCN(c2ccccc2)C2CCCCC2)c2c(F)c(F)c(F)c(F)c2F)c(C)c1,[],True,1,0.43859649122807015,True,True,False,False,True,False,True,[],0,39,True,True,True,True,"['LA_B_aryl', 'LA_B_diaryl', 'LA_B_polyhalogenated_aryl', 'LA_B_tricoordinate']",['LB_amine'],[],[],LA_LB_no_negative_flags,6,True,True,False,False,True,101,2
P,phenyl,tert_butyl,C1,mesityl,pentachlorophenyl,<LB_P><LB1_phenyl><LB2_tert_butyl><LINKER_C1><LA1_mesityl><LA2_pentachlorophenyl>,Cc1cc(C)c(B(CP(c2ccccc2)C(C)(C)C)c2c(Cl)c(Cl)c(Cl)c(Cl)c2Cl)c(C)c1,True,Cc1cc(C)c(B(CP(c2ccccc2)C(C)(C)C)c2c(Cl)c(Cl)c(Cl)c(Cl)c2Cl)c(C)c1,Cc1cc(C)c(B(CP(c2ccccc2)C(C)(C)C)c2c(Cl)c(Cl)c(Cl)c(Cl)c2Cl)c(C)c1,[],True,1,0.43902439024390244,True,True,False,False,True,False,True,[],0,33,True,True,True,True,"['LA_B_aryl', 'LA_B_diaryl', 'LA_B_polyhalogenated_aryl', 'LA_B_tricoordinate']",['LB_phosphine'],[],[],LA_LB_no_negative_flags,2,True,True,False,False,True,101,1
N,cyclohexyl,cyclohexyl,C2,mesityl,pentachlorophenyl,<LB_N><LB1_cyclohexyl><LB2_cyclohexyl><LINKER_C2><LA1_mesityl><LA2_pentachlorophenyl>,Cc1cc(C)c(B(CCN(C2CCCCC2)C2CCCCC2)c2c(Cl)c(Cl)c(Cl)c(Cl)c2Cl)c(C)c1,True,Cc1cc(C)c(B(CCN(C2CCCCC2)C2CCCCC2)c2c(Cl)c(Cl)c(Cl)c(Cl)c2Cl)c(C)c1,Cc1cc(C)c(B(CCN(C2CCCCC2)C2CCCCC2)c2c(Cl)c(Cl)c(Cl)c(Cl)c2Cl)c(C)c1,[],True,1,0.44680851063829785,True,True,False,False,True,False,True,[],0,36,True,True,True,True,"['LA_B_aryl', 'LA_B_diaryl', 'LA_B_polyhalogenated_aryl', 'LA_B_tricoordinate']",['LB_amine'],[],[],LA_LB_no_negative_flags,3,True,True,False,False,True,101,2
N,ethyl,phenyl,C1,phenyl,pentafluorophenyl,<LB_N><LB1_ethyl><LB2_phenyl><LINKER_C1><LA1_phenyl><LA2_pentafluorophenyl>,CCN(CB(c1ccccc1)c1c(F)c(F)c(F)c(F)c1F)c1ccccc1,True,CCN(CB(c1ccccc1)c1c(F)c(F)c(F)c(F)c1F)c1ccccc1,CCN(CB(c1ccccc1)c1c(F)c(F)c(F)c(F)c1F)c1ccccc1,[],True,1,0.45454545454545453,True,True,False,False,True,False,True,[],0,28,True,True,True,True,"['LA_B_aryl', 'LA_B_diaryl', 'LA_B_polyhalogenated_aryl', 'LA_B_tricoordinate']",['LB_amine'],[],[],LA_LB_no_negative_flags,2,True,True,False,False,True,101,1
P,isopropyl,isopropyl,C4,mesityl,mesityl,<LB_P><LB1_isopropyl><LB2_isopropyl><LINKER_C4><LA1_mesityl><LA2_mesityl>,Cc1cc(C)c(B(CCCCP(C(C)C)C(C)C)c2c(C)cc(C)cc2C)c(C)c1,True,Cc1cc(C)c(B(CCCCP(C(C)C)C(C)C)c2c(C)cc(C)cc2C)c(C)c1,Cc1cc(C)c(B(CCCCP(C(C)C)C(C)C)c2c(C)cc(C)cc2C)c(C)c1,[],True,1,0.5,True,True,False,False,True,False,True,[],0,30,True,True,True,True,"['LA_B_aryl', 'LA_B_diaryl', 'LA_B_tricoordinate']",['LB_phosphine'],[],[],LA_LB_no_negative_flags,5,True,True,False,False,True,101,1
P,mesityl,cyclohexyl,C3,pentafluorophenyl,pentachlorophenyl,<LB_P><LB1_mesityl><LB2_cyclohexyl><LINKER_C3><LA1_pentafluorophenyl><LA2_pentachlorophenyl>,Cc1cc(C)c(P(CCCB(c2c(F)c(F)c(F)c(F)c2F)c2c(Cl)c(Cl)c(Cl)c(Cl)c2Cl)C2CCCCC2)c(C)c1,True,Cc1cc(C)c(P(CCCB(c2c(F)c(F)c(F)c(F)c2F)c2c(Cl)c(Cl)c(Cl)c(Cl)c2Cl)C2CCCCC2)c(C)c1,Cc1cc(C)c(P(CCCB(c2c(F)c(F)c(F)c(F)c2F)c2c(Cl)c(Cl)c(Cl)c(Cl)c2Cl)C2CCCCC2)c(C)c1,[],True,1,0.5094339622641509,True,True,False,False,True,False,True,[],0,42,True,True,True,True,"['LA_B_aryl', 'LA_B_diaryl', 'LA_B_polyhalogenated_aryl', 'LA_B_tricoordinate']",['LB_phosphine'],[],[],LA_LB_no_negative_flags,4,True,True,False,False,True,101,2
N,isopropyl,isopropyl,C1,mesityl,pentafluorophenyl,<LB_N><LB1_isopropyl><LB2_isopropyl><LINKER_C1><LA1_mesityl><LA2_pentafluorophenyl>,Cc1cc(C)c(B(CN(C(C)C)C(C)C)c2c(F)c(F)c(F)c(F)c2F)c(C)c1,True,Cc1cc(C)c(B(CN(C(C)C)C(C)C)c2c(F)c(F)c(F)c(F)c2F)c(C)c1,Cc1cc(C)c(B(CN(C(C)C)C(C)C)c2c(F)c(F)c(F)c(F)c2F)c(C)c1,[],True,1,0.4772727272727273,True,True,False,False,True,False,True,[],0,29,True,True,True,True,"['LA_B_aryl', 'LA_B_diaryl', 'LA_B_polyhalogenated_aryl', 'LA_B_tricoordinate']",['LB_amine'],[],[],LA_LB_no_negative_flags,2,True,True,False,False,True,101,1
P,tert_butyl,isopropyl,C1,p_tolyl,pentafluorophenyl,<LB_P><LB1_tert_butyl><LB2_isopropyl><LINKER_C1><LA1_p_tolyl><LA2_pentafluorophenyl>,Cc1ccc(B(CP(C(C)C)C(C)(C)C)c2c(F)c(F)c(F)c(F)c2F)cc1,True,Cc1ccc(B(CP(C(C)C)C(C)(C)C)c2c(F)c(F)c(F)c(F)c2F)cc1,Cc1ccc(B(CP(C(C)C)C(C)(C)C)c2c(F)c(F)c(F)c(F)c2F)cc1,[],True,1,0.4358974358974359,True,True,False,False,True,False,True,[],0,28,True,True,True,True,"['LA_B_aryl', 'LA_B_diaryl', 'LA_B_polyhalogenated_aryl', 'LA_B_tricoordinate']",['LB_phosphine'],[],[],LA_LB_no_negative_flags,2,True,True,False,False,True,101,2
N,methyl,isopropyl,C4,mesityl,pentafluorophenyl,<LB_N><LB1_methyl><LB2_isopropyl><LINKER_C4><LA1_mesityl><LA2_pentafluorophenyl>,Cc1cc(C)c(B(CCCCN(C)C(C)C)c2c(F)c(F)c(F)c(F)c2F)c(C)c1,True,Cc1cc(C)c(B(CCCCN(C)C(C)C)c2c(F)c(F)c(F)c(F)c2F)c(C)c1,Cc1cc(C)c(B(CCCCN(C)C(C)C)c2c(F)c(F)c(F)c(F)c2F)c(C)c1,[],True,1,0.5217391304347826,True,True,False,False,True,False,True,[],0,30,True,True,True,True,"['LA_B_aryl', 'LA_B_diaryl', 'LA_B_polyhalogenated_aryl', 'LA_B_tricoordinate']",['LB_amine'],[],[],LA_LB_no_negative_flags,5,True,True,False,False,True,101,1
P,phenyl,phenyl,C4,mesityl,pentachlorophenyl,<LB_P><LB1_phenyl><LB2_phenyl><LINKER_C4><LA1_mesityl><LA2_pentachlorophenyl>,Cc1cc(C)c(B(CCCCP(c2ccccc2)c2ccccc2)c2c(Cl)c(Cl)c(Cl)c(Cl)c2Cl)c(C)c1,True,Cc1cc(C)c(B(CCCCP(c2ccccc2)c2ccccc2)c2c(Cl)c(Cl)c(Cl)c(Cl)c2Cl)c(C)c1,Cc1cc(C)c(B(CCCCP(c2ccccc2)c2ccccc2)c2c(Cl)c(Cl)c(Cl)c(Cl)c2Cl)c(C)c1,[],True,1,0.5454545454545454,True,True,False,False,True,False,True,[],0,38,True,True,True,True,"['LA_B_aryl', 'LA_B_diaryl', 'LA_B_polyhalogenated_aryl', 'LA_B_tricoordinate']",['LB_phosphine'],[],[],LA_LB_no_negative_flags,5,True,True,False,False,True,101,1
P,tert_butyl,isopropyl,C3,mesityl,pentachlorophenyl,<LB_P><LB1_tert_butyl><LB2_isopropyl><LINKER_C3><LA1_mesityl><LA2_pentachlorophenyl>,Cc1cc(C)c(B(CCCP(C(C)C)C(C)(C)C)c2c(Cl)c(Cl)c(Cl)c(Cl)c2Cl)c(C)c1,True,Cc1cc(C)c(B(CCCP(C(C)C)C(C)(C)C)c2c(Cl)c(Cl)c(Cl)c(Cl)c2Cl)c(C)c1,Cc1cc(C)c(B(CCCP(C(C)C)C(C)(C)C)c2c(Cl)c(Cl)c(Cl)c(Cl)c2Cl)c(C)c1,[],True,1,0.5111111111111111,True,True,False,False,True,False,True,[],0,32,True,True,True,True,"['LA_B_aryl', 'LA_B_diaryl', 'LA_B_polyhalogenated_aryl', 'LA_B_tricoordinate']",['LB_phosphine'],[],[],LA_LB_no_negative_flags,4,True,True,False,False,True,101,3
N,methyl,ethyl,C2,phenyl,pentafluorophenyl,<LB_N><LB1_methyl><LB2_ethyl><LINKER_C2><LA1_phenyl><LA2_pentafluorophenyl>,CCN(C)CCB(c1ccccc1)c1c(F)c(F)c(F)c(F)c1F,True,CCN(C)CCB(c1ccccc1)c1c(F)c(F)c(F)c(F)c1F,CCN(C)CCB(c1ccccc1)c1c(F)c(F)c(F)c(F)c1F,[],True,1,0.45454545454545453,True,True,False,False,True,False,True,[],0,24,True,True,True,True,"['LA_B_aryl', 'LA_B_diaryl', 'LA_B_polyhalogenated_aryl', 'LA_B_tricoordinate']",['LB_amine'],[],[],LA_LB_no_negative_flags,3,True,True,False,False,True,101,2
P,phenyl,cyclohexyl,C4,p_tolyl,pentafluorophenyl,<LB_P><LB1_phenyl><LB2_cyclohexyl><LINKER_C4><LA1_p_tolyl><LA2_pentafluorophenyl>,Cc1ccc(B(CCCCP(c2ccccc2)C2CCCCC2)c2c(F)c(F)c(F)c(F)c2F)cc1,True,Cc1ccc(B(CCCCP(c2ccccc2)C2CCCCC2)c2c(F)c(F)c(F)c(F)c2F)cc1,Cc1ccc(B(CCCCP(c2ccccc2)C2CCCCC2)c2c(F)c(F)c(F)c(F)c2F)cc1,[],True,1,0.49019607843137253,True,True,False,False,True,False,True,[],0,36,True,True,True,True,"['LA_B_aryl', 'LA_B_diaryl', 'LA_B_polyhalogenated_aryl', 'LA_B_tricoordinate']",['LB_phosphine'],[],[],LA_LB_no_negative_flags,5,True,True,False,False,True,101,2
N,cyclohexyl,cyclohexyl,C5,mesityl,pentafluorophenyl,<LB_N><LB1_cyclohexyl><LB2_cyclohexyl><LINKER_C5><LA1_mesityl><LA2_pentafluorophenyl>,Cc1cc(C)c(B(CCCCCN(C2CCCCC2)C2CCCCC2)c2c(F)c(F)c(F)c(F)c2F)c(C)c1,True,Cc1cc(C)c(B(CCCCCN(C2CCCCC2)C2CCCCC2)c2c(F)c(F)c(F)c(F)c2F)c(C)c1,Cc1cc(C)c(B(CCCCCN(C2CCCCC2)C2CCCCC2)c2c(F)c(F)c(F)c(F)c2F)c(C)c1,[],True,1,0.47058823529411764,True,True,False,False,True,False,True,[],0,39,True,True,True,True,"['LA_B_aryl', 'LA_B_diaryl', 'LA_B_polyhalogenated_aryl', 'LA_B_tricoordinate']",['LB_amine'],[],[],LA_LB_no_negative_flags,6,True,True,False,False,True,101,2
P,tert_butyl,cyclohexyl,C3,phenyl,pentafluorophenyl,<LB_P><LB1_tert_butyl><LB2_cyclohexyl><LINKER_C3><LA1_phenyl><LA2_pentafluorophenyl>,CC(C)(C)P(CCCB(c1ccccc1)c1c(F)c(F)c(F)c(F)c1F)C1CCCCC1,True,CC(C)(C)P(CCCB(c1ccccc1)c1c(F)c(F)c(F)c(F)c1F)C1CCCCC1,CC(C)(C)P(CCCB(c1ccccc1)c1c(F)c(F)c(F)c(F)c1F)C1CCCCC1,[],True,1,0.40384615384615385,True,True,False,False,True,False,True,[],0,32,True,True,True,True,"['LA_B_aryl', 'LA_B_diaryl', 'LA_B_polyhalogenated_aryl', 'LA_B_tricoordinate']",['LB_phosphine'],[],[],LA_LB_no_negative_flags,4,True,True,False,False,True,101,2
N,methyl,methyl,C3,mesityl,pentachlorophenyl,<LB_N><LB1_methyl><LB2_methyl><LINKER_C3><LA1_mesityl><LA2_pentachlorophenyl>,Cc1cc(C)c(B(CCCN(C)C)c2c(Cl)c(Cl)c(Cl)c(Cl)c2Cl)c(C)c1,True,Cc1cc(C)c(B(CCCN(C)C)c2c(Cl)c(Cl)c(Cl)c(Cl)c2Cl)c(C)c1,Cc1cc(C)c(B(CCCN(C)C)c2c(Cl)c(Cl)c(Cl)c(Cl)c2Cl)c(C)c1,[],True,1,0.5121951219512195,True,True,False,False,True,False,True,[],0,27,True,True,True,True,"['LA_B_aryl', 'LA_B_diaryl', 'LA_B_polyhalogenated_aryl', 'LA_B_tricoordinate']",['LB_amine'],[],[],LA_LB_no_negative_flags,4,True,True,False,False,True,101,1
N,ethyl,isopropyl,C4,bis_cf3_phenyl,bis_cf3_phenyl,<LB_N><LB1_ethyl><LB2_isopropyl><LINKER_C4><LA1_bis_cf3_phenyl><LA2_bis_cf3_phenyl>,CCN(CCCCB(c1cc(C(F)(F)F)cc(C(F)(F)F)c1)c1cc(C(F)(F)F)cc(C(F)(F)F)c1)C(C)C,True,CCN(CCCCB(c1cc(C(F)(F)F)cc(C(F)(F)F)c1)c1cc(C(F)(F)F)cc(C(F)(F)F)c1)C(C)C,CCN(CCCCB(c1cc(C(F)(F)F)cc(C(F)(F)F)c1)c1cc(C(F)(F)F)cc(C(F)(F)F)c1)C(C)C,[],True,1,0.4318181818181818,True,True,False,False,True,False,True,[],0,39,True,True,True,True,"['LA_B_aryl', 'LA_B_diaryl', 'LA_B_tricoordinate']",['LB_amine'],[],[],LA_LB_no_negative_flags,5,True,True,False,False,True,101,2
P,mesityl,isopropyl,C2,pentafluorophenyl,bis_cf3_phenyl,<LB_P><LB1_mesityl><LB2_isopropyl><LINKER_C2><LA1_pentafluorophenyl><LA2_bis_cf3_phenyl>,Cc1cc(C)c(P(CCB(c2cc(C(F)(F)F)cc(C(F)(F)F)c2)c2c(F)c(F)c(F)c(F)c2F)C(C)C)c(C)c1,True,Cc1cc(C)c(P(CCB(c2cc(C(F)(F)F)cc(C(F)(F)F)c2)c2c(F)c(F)c(F)c(F)c2F)C(C)C)c(C)c1,Cc1cc(C)c(P(CCB(c2cc(C(F)(F)F)cc(C(F)(F)F)c2)c2c(F)c(F)c(F)c(F)c2F)C(C)C)c(C)c1,[],True,1,0.46296296296296297,True,True,False,False,True,False,True,[],0,41,True,True,True,True,"['LA_B_aryl', 'LA_B_diaryl', 'LA_B_polyhalogenated_aryl', 'LA_B_tricoordinate']",['LB_phosphine'],[],[],LA_LB_no_negative_flags,3,True,True,False,False,True,101,1
P,isopropyl,isopropyl,C6,pentachlorophenyl,bis_cf3_phenyl,<LB_P><LB1_isopropyl><LB2_isopropyl><LINKER_C6><LA1_pentachlorophenyl><LA2_bis_cf3_phenyl>,CC(C)P(CCCCCCB(c1cc(C(F)(F)F)cc(C(F)(F)F)c1)c1c(Cl)c(Cl)c(Cl)c(Cl)c1Cl)C(C)C,True,CC(C)P(CCCCCCB(c1cc(C(F)(F)F)cc(C(F)(F)F)c1)c1c(Cl)c(Cl)c(Cl)c(Cl)c1Cl)C(C)C,CC(C)P(CCCCCCB(c1cc(C(F)(F)F)cc(C(F)(F)F)c1)c1c(Cl)c(Cl)c(Cl)c(Cl)c1Cl)C(C)C,[],True,1,0.4166666666666667,True,True,False,False,True,False,True,[],0,39,True,True,True,True,"['LA_B_aryl', 'LA_B_diaryl', 'LA_B_polyhalogenated_aryl', 'LA_B_tricoordinate']",['LB_phosphine'],[],[],LA_LB_no_negative_flags,7,True,True,False,False,True,101,2
N,isopropyl,isopropyl,C4,bis_cf3_phenyl,bis_cf3_phenyl,<LB_N><LB1_isopropyl><LB2_isopropyl><LINKER_C4><LA1_bis_cf3_phenyl><LA2_bis_cf3_phenyl>,CC(C)N(CCCCB(c1cc(C(F)(F)F)cc(C(F)(F)F)c1)c1cc(C(F)(F)F)cc(C(F)(F)F)c1)C(C)C,True,CC(C)N(CCCCB(c1cc(C(F)(F)F)cc(C(F)(F)F)c1)c1cc(C(F)(F)F)cc(C(F)(F)F)c1)C(C)C,CC(C)N(CCCCB(c1cc(C(F)(F)F)cc(C(F)(F)F)c1)c1cc(C(F)(F)F)cc(C(F)(F)F)c1)C(C)C,[],True,1,0.4634146341463415,True,True,False,False,True,False,True,[],0,40,True,True,True,True,"['LA_B_aryl', 'LA_B_diaryl', 'LA_B_tricoordinate']",['LB_amine'],[],[],LA_LB_no_negative_flags,5,True,True,False,False,True,101,2
P,isopropyl,isopropyl,C5,phenyl,pentachlorophenyl,<LB_P><LB1_isopropyl><LB2_isopropyl><LINKER_C5><LA1_phenyl><LA2_pentachlorophenyl>,CC(C)P(CCCCCB(c1ccccc1)c1c(Cl)c(Cl)c(Cl)c(Cl)c1Cl)C(C)C,True,CC(C)P(CCCCCB(c1ccccc1)c1c(Cl)c(Cl)c(Cl)c(Cl)c1Cl)C(C)C,CC(C)P(CCCCCB(c1ccccc1)c1c(Cl)c(Cl)c(Cl)c(Cl)c1Cl)C(C)C,[],True,1,0.4186046511627907,True,True,False,False,True,False,True,[],0,30,True,True,True,True,"['LA_B_aryl', 'LA_B_diaryl', 'LA_B_polyhalogenated_aryl', 'LA_B_tricoordinate']",['LB_phosphine'],[],[],LA_LB_no_negative_flags,6,True,True,False,False,True,101,1
P,isopropyl,isopropyl,C3,mesityl,pentachlorophenyl,<LB_P><LB1_isopropyl><LB2_isopropyl><LINKER_C3><LA1_mesityl><LA2_pentachlorophenyl>,Cc1cc(C)c(B(CCCP(C(C)C)C(C)C)c2c(Cl)c(Cl)c(Cl)c(Cl)c2Cl)c(C)c1,True,Cc1cc(C)c(B(CCCP(C(C)C)C(C)C)c2c(Cl)c(Cl)c(Cl)c(Cl)c2Cl)c(C)c1,Cc1cc(C)c(B(CCCP(C(C)C)C(C)C)c2c(Cl)c(Cl)c(Cl)c(Cl)c2Cl)c(C)c1,[],True,1,0.5476190476190477,True,True,False,False,True,False,True,[],0,31,True,True,True,True,"['LA_B_aryl', 'LA_B_diaryl', 'LA_B_polyhalogenated_aryl', 'LA_B_tricoordinate']",['LB_phosphine'],[],[],LA_LB_no_negative_flags,4,True,True,False,False,True,101,2
P,phenyl,phenyl,C1,phenyl,pentafluorophenyl,<LB_P><LB1_phenyl><LB2_phenyl><LINKER_C1><LA1_phenyl><LA2_pentafluorophenyl>,Fc1c(F)c(F)c(B(CP(c2ccccc2)c2ccccc2)c2ccccc2)c(F)c1F,True,Fc1c(F)c(F)c(B(CP(c2ccccc2)c2ccccc2)c2ccccc2)c(F)c1F,Fc1c(F)c(F)c(B(CP(c2ccccc2)c2ccccc2)c2ccccc2)c(F)c1F,[],True,1,0.5675675675675675,True,True,False,False,True,False,True,[],0,32,True,True,True,True,"['LA_B_aryl', 'LA_B_diaryl', 'LA_B_polyhalogenated_aryl', 'LA_B_tricoordinate']",['LB_phosphine'],[],[],LA_LB_no_negative_flags,2,True,True,False,False,True,101,1
P,phenyl,isopropyl,C5,p_tolyl,pentafluorophenyl,<LB_P><LB1_phenyl><LB2_isopropyl><LINKER_C5><LA1_p_tolyl><LA2_pentafluorophenyl>,Cc1ccc(B(CCCCCP(c2ccccc2)C(C)C)c2c(F)c(F)c(F)c(F)c2F)cc1,True,Cc1ccc(B(CCCCCP(c2ccccc2)C(C)C)c2c(F)c(F)c(F)c(F)c2F)cc1,Cc1ccc(B(CCCCCP(c2ccccc2)C(C)C)c2c(F)c(F)c(F)c(F)c2F)cc1,[],True,1,0.5208333333333334,True,True,False,False,True,False,True,[],0,34,True,True,True,True,"['LA_B_aryl', 'LA_B_diaryl', 'LA_B_polyhalogenated_aryl', 'LA_B_tricoordinate']",['LB_phosphine'],[],[],LA_LB_no_negative_flags,6,True,True,False,False,True,101,1
P,tert_butyl,isopropyl,C2,p_tolyl,bis_cf3_phenyl,<LB_P><LB1_tert_butyl><LB2_isopropyl><LINKER_C2><LA1_p_tolyl><LA2_bis_cf3_phenyl>,Cc1ccc(B(CCP(C(C)C)C(C)(C)C)c2cc(C(F)(F)F)cc(C(F)(F)F)c2)cc1,True,Cc1ccc(B(CCP(C(C)C)C(C)(C)C)c2cc(C(F)(F)F)cc(C(F)(F)F)c2)cc1,Cc1ccc(B(CCP(C(C)C)C(C)(C)C)c2cc(C(F)(F)F)cc(C(F)(F)F)c2)cc1,[],True,1,0.5,True,True,False,False,True,False,True,[],0,32,True,True,True,True,"['LA_B_aryl', 'LA_B_diaryl', 'LA_B_tricoordinate']",['LB_phosphine'],[],[],LA_LB_no_negative_flags,3,True,True,False,False,True,101,1
P,mesityl,tert_butyl,C6,mesityl,mesityl,<LB_P><LB1_mesityl><LB2_tert_butyl><LINKER_C6><LA1_mesityl><LA2_mesityl>,Cc1cc(C)c(B(CCCCCCP(c2c(C)cc(C)cc2C)C(C)(C)C)c2c(C)cc(C)cc2C)c(C)c1,True,Cc1cc(C)c(B(CCCCCCP(c2c(C)cc(C)cc2C)C(C)(C)C)c2c(C)cc(C)cc2C)c(C)c1,Cc1cc(C)c(B(CCCCCCP(c2c(C)cc(C)cc2C)C(C)(C)C)c2c(C)cc(C)cc2C)c(C)c1,[],True,1,0.5227272727272727,True,True,False,False,True,False,True,[],0,39,True,True,True,True,"['LA_B_aryl', 'LA_B_diaryl', 'LA_B_tricoordinate']",['LB_phosphine'],[],[],LA_LB_no_negative_flags,7,True,True,False,False,True,101,2
P,mesityl,cyclohexyl,C3,phenyl,mesityl,<LB_P><LB1_mesityl><LB2_cyclohexyl><LINKER_C3><LA1_phenyl><LA2_mesityl>,Cc1cc(C)c(B(CCCP(c2c(C)cc(C)cc2C)C2CCCCC2)c2ccccc2)c(C)c1,True,Cc1cc(C)c(B(CCCP(c2c(C)cc(C)cc2C)C2CCCCC2)c2ccccc2)c(C)c1,Cc1cc(C)c(B(CCCP(c2c(C)cc(C)cc2C)C2CCCCC2)c2ccccc2)c(C)c1,[],True,1,0.43636363636363634,True,True,False,False,True,False,True,[],0,35,True,True,True,True,"['LA_B_aryl', 'LA_B_diaryl', 'LA_B_tricoordinate']",['LB_phosphine'],[],[],LA_LB_no_negative_flags,4,True,True,False,False,True,101,1
P,tert_butyl,tert_butyl,C2,p_tolyl,bis_cf3_phenyl,<LB_P><LB1_tert_butyl><LB2_tert_butyl><LINKER_C2><LA1_p_tolyl><LA2_bis_cf3_phenyl>,Cc1ccc(B(CCP(C(C)(C)C)C(C)(C)C)c2cc(C(F)(F)F)cc(C(F)(F)F)c2)cc1,True,Cc1ccc(B(CCP(C(C)(C)C)C(C)(C)C)c2cc(C(F)(F)F)cc(C(F)(F)F)c2)cc1,Cc1ccc(B(CCP(C(C)(C)C)C(C)(C)C)c2cc(C(F)(F)F)cc(C(F)(F)F)c2)cc1,[],True,1,0.575,True,True,False,False,True,False,True,[],0,33,True,True,True,True,"['LA_B_aryl', 'LA_B_diaryl', 'LA_B_tricoordinate']",['LB_phosphine'],[],[],LA_LB_no_negative_flags,3,True,True,False,False,True,101,1
P,tert_butyl,tert_butyl,C4,mesityl,mesityl,<LB_P><LB1_tert_butyl><LB2_tert_butyl><LINKER_C4><LA1_mesityl><LA2_mesityl>,Cc1cc(C)c(B(CCCCP(C(C)(C)C)C(C)(C)C)c2c(C)cc(C)cc2C)c(C)c1,True,Cc1cc(C)c(B(CCCCP(C(C)(C)C)C(C)(C)C)c2c(C)cc(C)cc2C)c(C)c1,Cc1cc(C)c(B(CCCCP(C(C)(C)C)C(C)(C)C)c2c(C)cc(C)cc2C)c(C)c1,[],True,1,0.5,True,True,False,False,True,False,True,[],0,32,True,True,True,True,"['LA_B_aryl', 'LA_B_diaryl', 'LA_B_tricoordinate']",['LB_phosphine'],[],[],LA_LB_no_negative_flags,5,True,True,False,False,True,101,1
P,tert_butyl,isopropyl,C5,phenyl,pentafluorophenyl,<LB_P><LB1_tert_butyl><LB2_isopropyl><LINKER_C5><LA1_phenyl><LA2_pentafluorophenyl>,CC(C)P(CCCCCB(c1ccccc1)c1c(F)c(F)c(F)c(F)c1F)C(C)(C)C,True,CC(C)P(CCCCCB(c1ccccc1)c1c(F)c(F)c(F)c(F)c1F)C(C)(C)C,CC(C)P(CCCCCB(c1ccccc1)c1c(F)c(F)c(F)c(F)c1F)C(C)(C)C,[],True,1,0.5,True,True,False,False,True,False,True,[],0,31,True,True,True,True,"['LA_B_aryl', 'LA_B_diaryl', 'LA_B_polyhalogenated_aryl', 'LA_B_tricoordinate']",['LB_phosphine'],[],[],LA_LB_no_negative_flags,6,True,True,False,False,True,101,1
P,tert_butyl,cyclohexyl,C1,p_tolyl,bis_cf3_phenyl,<LB_P><LB1_tert_butyl><LB2_cyclohexyl><LINKER_C1><LA1_p_tolyl><LA2_bis_cf3_phenyl>,Cc1ccc(B(CP(C2CCCCC2)C(C)(C)C)c2cc(C(F)(F)F)cc(C(F)(F)F)c2)cc1,True,Cc1ccc(B(CP(C2CCCCC2)C(C)(C)C)c2cc(C(F)(F)F)cc(C(F)(F)F)c2)cc1,Cc1ccc(B(CP(C2CCCCC2)C(C)(C)C)c2cc(C(F)(F)F)cc(C(F)(F)F)c2)cc1,[],True,1,0.48936170212765956,True,True,False,False,True,False,True,[],0,34,True,True,True,True,"['LA_B_aryl', 'LA_B_diaryl', 'LA_B_tricoordinate']",['LB_phosphine'],[],[],LA_LB_no_negative_flags,2,True,True,False,False,True,101,2
P,mesityl,mesityl,C6,phenyl,bis_cf3_phenyl,<LB_P><LB1_mesityl><LB2_mesityl><LINKER_C6><LA1_phenyl><LA2_bis_cf3_phenyl>,Cc1cc(C)c(P(CCCCCCB(c2ccccc2)c2cc(C(F)(F)F)cc(C(F)(F)F)c2)c2c(C)cc(C)cc2C)c(C)c1,True,Cc1cc(C)c(P(CCCCCCB(c2ccccc2)c2cc(C(F)(F)F)cc(C(F)(F)F)c2)c2c(C)cc(C)cc2C)c(C)c1,Cc1cc(C)c(P(CCCCCCB(c2ccccc2)c2cc(C(F)(F)F)cc(C(F)(F)F)c2)c2c(C)cc(C)cc2C)c(C)c1,[],True,1,0.52,True,True,False,False,True,False,True,[],0,46,True,True,True,True,"['LA_B_aryl', 'LA_B_diaryl', 'LA_B_tricoordinate']",['LB_phosphine'],[],[],LA_LB_no_negative_flags,7,True,True,False,False,True,101,1
P,phenyl,cyclohexyl,C1,p_tolyl,mesityl,<LB_P><LB1_phenyl><LB2_cyclohexyl><LINKER_C1><LA1_p_tolyl><LA2_mesityl>,Cc1ccc(B(CP(c2ccccc2)C2CCCCC2)c2c(C)cc(C)cc2C)cc1,True,Cc1ccc(B(CP(c2ccccc2)C2CCCCC2)c2c(C)cc(C)cc2C)cc1,Cc1ccc(B(CP(c2ccccc2)C2CCCCC2)c2c(C)cc(C)cc2C)cc1,[],True,1,0.4528301886792453,True,True,False,False,True,False,True,[],0,31,True,True,True,True,"['LA_B_aryl', 'LA_B_diaryl', 'LA_B_tricoordinate']",['LB_phosphine'],[],[],LA_LB_no_negative_flags,2,True,True,False,False,True,101,2
P,tert_butyl,tert_butyl,C6,p_tolyl,mesityl,<LB_P><LB1_tert_butyl><LB2_tert_butyl><LINKER_C6><LA1_p_tolyl><LA2_mesityl>,Cc1ccc(B(CCCCCCP(C(C)(C)C)C(C)(C)C)c2c(C)cc(C)cc2C)cc1,True,Cc1ccc(B(CCCCCCP(C(C)(C)C)C(C)(C)C)c2c(C)cc(C)cc2C)cc1,Cc1ccc(B(CCCCCCP(C(C)(C)C)C(C)(C)C)c2c(C)cc(C)cc2C)cc1,[],True,1,0.42857142857142855,True,True,False,False,True,False,True,[],0,32,True,True,True,True,"['LA_B_aryl', 'LA_B_diaryl', 'LA_B_tricoordinate']",['LB_phosphine'],[],[],LA_LB_no_negative_flags,7,True,True,False,False,True,101,2
N,ethyl,isopropyl,C1,mesityl,pentafluorophenyl,<LB_N><LB1_ethyl><LB2_isopropyl><LINKER_C1><LA1_mesityl><LA2_pentafluorophenyl>,CCN(CB(c1c(C)cc(C)cc1C)c1c(F)c(F)c(F)c(F)c1F)C(C)C,True,CCN(CB(c1c(C)cc(C)cc1C)c1c(F)c(F)c(F)c(F)c1F)C(C)C,CCN(CB(c1c(C)cc(C)cc1C)c1c(F)c(F)c(F)c(F)c1F)C(C)C,[],True,1,0.5813953488372093,True,True,False,False,True,False,True,[],0,28,True,True,True,True,"['LA_B_aryl', 'LA_B_diaryl', 'LA_B_polyhalogenated_aryl', 'LA_B_tricoordinate']",['LB_amine'],[],[],LA_LB_no_negative_flags,2,True,True,False,False,True,101,2
N,methyl,phenyl,C2,pentafluorophenyl,pentafluorophenyl,<LB_N><LB1_methyl><LB2_phenyl><LINKER_C2><LA1_pentafluorophenyl><LA2_pentafluorophenyl>,CN(CCB(c1c(F)c(F)c(F)c(F)c1F)c1c(F)c(F)c(F)c(F)c1F)c1ccccc1,True,CN(CCB(c1c(F)c(F)c(F)c(F)c1F)c1c(F)c(F)c(F)c(F)c1F)c1ccccc1,CN(CCB(c1c(F)c(F)c(F)c(F)c1F)c1c(F)c(F)c(F)c(F)c1F)c1ccccc1,[],True,1,0.475,True,True,False,False,True,False,True,[],0,33,True,True,True,True,"['LA_B_aryl', 'LA_B_diaryl', 'LA_B_polyhalogenated_aryl', 'LA_B_tricoordinate']",['LB_amine'],[],[],LA_LB_no_negative_flags,3,True,True,False,False,True,101,1
P,mesityl,isopropyl,C2,mesityl,pentafluorophenyl,<LB_P><LB1_mesityl><LB2_isopropyl><LINKER_C2><LA1_mesityl><LA2_pentafluorophenyl>,Cc1cc(C)c(B(CCP(c2c(C)cc(C)cc2C)C(C)C)c2c(F)c(F)c(F)c(F)c2F)c(C)c1,True,Cc1cc(C)c(B(CCP(c2c(C)cc(C)cc2C)C(C)C)c2c(F)c(F)c(F)c(F)c2F)c(C)c1,Cc1cc(C)c(B(CCP(c2c(C)cc(C)cc2C)C(C)C)c2c(F)c(F)c(F)c(F)c2F)c(C)c1,[],True,1,0.5681818181818182,True,True,False,False,True,False,True,[],0,36,True,True,True,True,"['LA_B_aryl', 'LA_B_diaryl', 'LA_B_polyhalogenated_aryl', 'LA_B_tricoordinate']",['LB_phosphine'],[],[],LA_LB_no_negative_flags,3,True,True,False,False,True,101,2
N,methyl,methyl,C2,phenyl,pentachlorophenyl,<LB_N><LB1_methyl><LB2_methyl><LINKER_C2><LA1_phenyl><LA2_pentachlorophenyl>,CN(C)CCB(c1ccccc1)c1c(Cl)c(Cl)c(Cl)c(Cl)c1Cl,True,CN(C)CCB(c1ccccc1)c1c(Cl)c(Cl)c(Cl)c(Cl)c1Cl,CN(C)CCB(c1ccccc1)c1c(Cl)c(Cl)c(Cl)c(Cl)c1Cl,[],True,1,0.42105263157894735,True,True,False,False,True,False,True,[],0,23,True,True,True,True,"['LA_B_aryl', 'LA_B_diaryl', 'LA_B_polyhalogenated_aryl', 'LA_B_tricoordinate']",['LB_amine'],[],[],LA_LB_no_negative_flags,3,True,True,False,False,True,101,1
P,mesityl,cyclohexyl,C5,mesityl,pentafluorophenyl,<LB_P><LB1_mesityl><LB2_cyclohexyl><LINKER_C5><LA1_mesityl><LA2_pentafluorophenyl>,Cc1cc(C)c(B(CCCCCP(c2c(C)cc(C)cc2C)C2CCCCC2)c2c(F)c(F)c(F)c(F)c2F)c(C)c1,True,Cc1cc(C)c(B(CCCCCP(c2c(C)cc(C)cc2C)C2CCCCC2)c2c(F)c(F)c(F)c(F)c2F)c(C)c1,Cc1cc(C)c(B(CCCCCP(c2c(C)cc(C)cc2C)C2CCCCC2)c2c(F)c(F)c(F)c(F)c2F)c(C)c1,[],True,1,0.5918367346938775,True,True,False,False,True,False,True,[],0,42,True,True,True,True,"['LA_B_aryl', 'LA_B_diaryl', 'LA_B_polyhalogenated_aryl', 'LA_B_tricoordinate']",['LB_phosphine'],[],[],LA_LB_no_negative_flags,6,True,True,False,False,True,101,1
P,phenyl,mesityl,C6,mesityl,pentafluorophenyl,<LB_P><LB1_phenyl><LB2_mesityl><LINKER_C6><LA1_mesityl><LA2_pentafluorophenyl>,Cc1cc(C)c(B(CCCCCCP(c2ccccc2)c2c(C)cc(C)cc2C)c2c(F)c(F)c(F)c(F)c2F)c(C)c1,True,Cc1cc(C)c(B(CCCCCCP(c2ccccc2)c2c(C)cc(C)cc2C)c2c(F)c(F)c(F)c(F)c2F)c(C)c1,Cc1cc(C)c(B(CCCCCCP(c2ccccc2)c2c(C)cc(C)cc2C)c2c(F)c(F)c(F)c(F)c2F)c(C)c1,[],True,1,0.7272727272727273,True,True,False,False,True,False,True,[],0,43,True,True,True,True,"['LA_B_aryl', 'LA_B_diaryl', 'LA_B_polyhalogenated_aryl', 'LA_B_tricoordinate']",['LB_phosphine'],[],[],LA_LB_no_negative_flags,7,True,True,False,False,True,101,1
P,phenyl,phenyl,C2,bis_cf3_phenyl,bis_cf3_phenyl,<LB_P><LB1_phenyl><LB2_phenyl><LINKER_C2><LA1_bis_cf3_phenyl><LA2_bis_cf3_phenyl>,FC(F)(F)c1cc(B(CCP(c2ccccc2)c2ccccc2)c2cc(C(F)(F)F)cc(C(F)(F)F)c2)cc(C(F)(F)F)c1,True,FC(F)(F)c1cc(B(CCP(c2ccccc2)c2ccccc2)c2cc(C(F)(F)F)cc(C(F)(F)F)c2)cc(C(F)(F)F)c1,FC(F)(F)c1cc(B(CCP(c2ccccc2)c2ccccc2)c2cc(C(F)(F)F)cc(C(F)(F)F)c2)cc(C(F)(F)F)c1,[],True,1,0.43902439024390244,True,True,False,False,True,False,True,[],0,44,True,True,True,True,"['LA_B_aryl', 'LA_B_diaryl', 'LA_B_tricoordinate']",['LB_phosphine'],[],[],LA_LB_no_negative_flags,3,True,True,False,False,True,101,3
N,ethyl,isopropyl,C2,mesityl,mesityl,<LB_N><LB1_ethyl><LB2_isopropyl><LINKER_C2><LA1_mesityl><LA2_mesityl>,CCN(CCB(c1c(C)cc(C)cc1C)c1c(C)cc(C)cc1C)C(C)C,True,CCN(CCB(c1c(C)cc(C)cc1C)c1c(C)cc(C)cc1C)C(C)C,CCN(CCB(c1c(C)cc(C)cc1C)c1c(C)cc(C)cc1C)C(C)C,[],True,1,0.4222222222222222,True,True,False,False,True,False,True,[],0,27,True,True,True,True,"['LA_B_aryl', 'LA_B_diaryl', 'LA_B_tricoordinate']",['LB_amine'],[],[],LA_LB_no_negative_flags,3,True,True,False,False,True,101,3
P,phenyl,tert_butyl,C5,p_tolyl,bis_cf3_phenyl,<LB_P><LB1_phenyl><LB2_tert_butyl><LINKER_C5><LA1_p_tolyl><LA2_bis_cf3_phenyl>,Cc1ccc(B(CCCCCP(c2ccccc2)C(C)(C)C)c2cc(C(F)(F)F)cc(C(F)(F)F)c2)cc1,True,Cc1ccc(B(CCCCCP(c2ccccc2)C(C)(C)C)c2cc(C(F)(F)F)cc(C(F)(F)F)c2)cc1,Cc1ccc(B(CCCCCP(c2ccccc2)C(C)(C)C)c2cc(C(F)(F)F)cc(C(F)(F)F)c2)cc1,[],True,1,0.40384615384615385,True,True,False,False,True,False,True,[],0,38,True,True,True,True,"['LA_B_aryl', 'LA_B_diaryl', 'LA_B_tricoordinate']",['LB_phosphine'],[],[],LA_LB_no_negative_flags,6,True,True,False,False,True,101,1
P,mesityl,cyclohexyl,C5,p_tolyl,mesityl,<LB_P><LB1_mesityl><LB2_cyclohexyl><LINKER_C5><LA1_p_tolyl><LA2_mesityl>,Cc1ccc(B(CCCCCP(c2c(C)cc(C)cc2C)C2CCCCC2)c2c(C)cc(C)cc2C)cc1,True,Cc1ccc(B(CCCCCP(c2c(C)cc(C)cc2C)C2CCCCC2)c2c(C)cc(C)cc2C)cc1,Cc1ccc(B(CCCCCP(c2c(C)cc(C)cc2C)C2CCCCC2)c2c(C)cc(C)cc2C)cc1,[],True,1,0.4,True,True,False,False,True,False,True,[],0,38,True,True,True,True,"['LA_B_aryl', 'LA_B_diaryl', 'LA_B_tricoordinate']",['LB_phosphine'],[],[],LA_LB_no_negative_flags,6,True,True,False,False,True,101,2
P,phenyl,isopropyl,C4,pentafluorophenyl,pentachlorophenyl,<LB_P><LB1_phenyl><LB2_isopropyl><LINKER_C4><LA1_pentafluorophenyl><LA2_pentachlorophenyl>,CC(C)P(CCCCB(c1c(F)c(F)c(F)c(F)c1F)c1c(Cl)c(Cl)c(Cl)c(Cl)c1Cl)c1ccccc1,True,CC(C)P(CCCCB(c1c(F)c(F)c(F)c(F)c1F)c1c(Cl)c(Cl)c(Cl)c(Cl)c1Cl)c1ccccc1,CC(C)P(CCCCB(c1c(F)c(F)c(F)c(F)c1F)c1c(Cl)c(Cl)c(Cl)c(Cl)c1Cl)c1ccccc1,[],True,1,0.5909090909090909,True,True,False,False,True,False,True,[],0,37,True,True,True,True,"['LA_B_aryl', 'LA_B_diaryl', 'LA_B_polyhalogenated_aryl', 'LA_B_tricoordinate']",['LB_phosphine'],[],[],LA_LB_no_negative_flags,5,True,True,False,False,True,101,3
P,isopropyl,isopropyl,C5,p_tolyl,bis_cf3_phenyl,<LB_P><LB1_isopropyl><LB2_isopropyl><LINKER_C5><LA1_p_tolyl><LA2_bis_cf3_phenyl>,Cc1ccc(B(CCCCCP(C(C)C)C(C)C)c2cc(C(F)(F)F)cc(C(F)(F)F)c2)cc1,True,Cc1ccc(B(CCCCCP(C(C)C)C(C)C)c2cc(C(F)(F)F)cc(C(F)(F)F)c2)cc1,Cc1ccc(B(CCCCCP(C(C)C)C(C)C)c2cc(C(F)(F)F)cc(C(F)(F)F)c2)cc1,[],True,1,0.4166666666666667,True,True,False,False,True,False,True,[],0,34,True,True,True,True,"['LA_B_aryl', 'LA_B_diaryl', 'LA_B_tricoordinate']",['LB_phosphine'],[],[],LA_LB_no_negative_flags,6,True,True,False,False,True,101,1
N,isopropyl,cyclohexyl,C2,pentachlorophenyl,pentachlorophenyl,<LB_N><LB1_isopropyl><LB2_cyclohexyl><LINKER_C2><LA1_pentachlorophenyl><LA2_pentachlorophenyl>,CC(C)N(CCB(c1c(Cl)c(Cl)c(Cl)c(Cl)c1Cl)c1c(Cl)c(Cl)c(Cl)c(Cl)c1Cl)C1CCCCC1,True,CC(C)N(CCB(c1c(Cl)c(Cl)c(Cl)c(Cl)c1Cl)c1c(Cl)c(Cl)c(Cl)c(Cl)c1Cl)C1CCCCC1,CC(C)N(CCB(c1c(Cl)c(Cl)c(Cl)c(Cl)c1Cl)c1c(Cl)c(Cl)c(Cl)c(Cl)c1Cl)C1CCCCC1,[],True,1,0.41304347826086957,True,True,False,False,True,False,True,[],0,35,True,True,True,True,"['LA_B_aryl', 'LA_B_diaryl', 'LA_B_polyhalogenated_aryl', 'LA_B_tricoordinate']",['LB_amine'],[],[],LA_LB_no_negative_flags,3,True,True,False,False,True,101,1
P,cyclohexyl,cyclohexyl,C3,phenyl,pentachlorophenyl,<LB_P><LB1_cyclohexyl><LB2_cyclohexyl><LINKER_C3><LA1_phenyl><LA2_pentachlorophenyl>,Clc1c(Cl)c(Cl)c(B(CCCP(C2CCCCC2)C2CCCCC2)c2ccccc2)c(Cl)c1Cl,True,Clc1c(Cl)c(Cl)c(B(CCCP(C2CCCCC2)C2CCCCC2)c2ccccc2)c(Cl)c1Cl,Clc1c(Cl)c(Cl)c(B(CCCP(C2CCCCC2)C2CCCCC2)c2ccccc2)c(Cl)c1Cl,[],True,1,0.4,True,True,False,False,True,False,True,[],0,34,True,True,True,True,"['LA_B_aryl', 'LA_B_diaryl', 'LA_B_polyhalogenated_aryl', 'LA_B_tricoordinate']",['LB_phosphine'],[],[],LA_LB_no_negative_flags,4,True,True,False,False,True,101,2
N,methyl,methyl,C4,pentafluorophenyl,pentafluorophenyl,<LB_N><LB1_methyl><LB2_methyl><LINKER_C4><LA1_pentafluorophenyl><LA2_pentafluorophenyl>,CN(C)CCCCB(c1c(F)c(F)c(F)c(F)c1F)c1c(F)c(F)c(F)c(F)c1F,True,CN(C)CCCCB(c1c(F)c(F)c(F)c(F)c1F)c1c(F)c(F)c(F)c(F)c1F,CN(C)CCCCB(c1c(F)c(F)c(F)c(F)c1F)c1c(F)c(F)c(F)c(F)c1F,[],True,1,0.425,True,True,False,False,True,False,True,[],0,30,True,True,True,True,"['LA_B_aryl', 'LA_B_diaryl', 'LA_B_polyhalogenated_aryl', 'LA_B_tricoordinate']",['LB_amine'],[],[],LA_LB_no_negative_flags,5,True,True,False,False,True,101,1
P,phenyl,cyclohexyl,C4,p_tolyl,mesityl,<LB_P><LB1_phenyl><LB2_cyclohexyl><LINKER_C4><LA1_p_tolyl><LA2_mesityl>,Cc1ccc(B(CCCCP(c2ccccc2)C2CCCCC2)c2c(C)cc(C)cc2C)cc1,True,Cc1ccc(B(CCCCP(c2ccccc2)C2CCCCC2)c2c(C)cc(C)cc2C)cc1,Cc1ccc(B(CCCCP(c2ccccc2)C2CCCCC2)c2c(C)cc(C)cc2C)cc1,[],True,1,0.41379310344827586,True,True,False,False,True,False,True,[],0,34,True,True,True,True,"['LA_B_aryl', 'LA_B_diaryl', 'LA_B_tricoordinate']",['LB_phosphine'],[],[],LA_LB_no_negative_flags,5,True,True,False,False,True,101,2
P,tert_butyl,isopropyl,C1,p_tolyl,pentachlorophenyl,<LB_P><LB1_tert_butyl><LB2_isopropyl><LINKER_C1><LA1_p_tolyl><LA2_pentachlorophenyl>,Cc1ccc(B(CP(C(C)C)C(C)(C)C)c2c(Cl)c(Cl)c(Cl)c(Cl)c2Cl)cc1,True,Cc1ccc(B(CP(C(C)C)C(C)(C)C)c2c(Cl)c(Cl)c(Cl)c(Cl)c2Cl)cc1,Cc1ccc(B(CP(C(C)C)C(C)(C)C)c2c(Cl)c(Cl)c(Cl)c(Cl)c2Cl)cc1,[],True,1,0.4358974358974359,True,True,False,False,True,False,True,[],0,28,True,True,True,True,"['LA_B_aryl', 'LA_B_diaryl', 'LA_B_polyhalogenated_aryl', 'LA_B_tricoordinate']",['LB_phosphine'],[],[],LA_LB_no_negative_flags,2,True,True,False,False,True,101,2
P,tert_butyl,tert_butyl,C3,pentachlorophenyl,bis_cf3_phenyl,<LB_P><LB1_tert_butyl><LB2_tert_butyl><LINKER_C3><LA1_pentachlorophenyl><LA2_bis_cf3_phenyl>,CC(C)(C)P(CCCB(c1cc(C(F)(F)F)cc(C(F)(F)F)c1)c1c(Cl)c(Cl)c(Cl)c(Cl)c1Cl)C(C)(C)C,True,CC(C)(C)P(CCCB(c1cc(C(F)(F)F)cc(C(F)(F)F)c1)c1c(Cl)c(Cl)c(Cl)c(Cl)c1Cl)C(C)(C)C,CC(C)(C)P(CCCB(c1cc(C(F)(F)F)cc(C(F)(F)F)c1)c1c(Cl)c(Cl)c(Cl)c(Cl)c1Cl)C(C)(C)C,[],True,1,0.5476190476190477,True,True,False,False,True,False,True,[],0,38,True,True,True,True,"['LA_B_aryl', 'LA_B_diaryl', 'LA_B_polyhalogenated_aryl', 'LA_B_tricoordinate']",['LB_phosphine'],[],[],LA_LB_no_negative_flags,4,True,True,False,False,True,101,2
P,phenyl,tert_butyl,C2,mesityl,pentafluorophenyl,<LB_P><LB1_phenyl><LB2_tert_butyl><LINKER_C2><LA1_mesityl><LA2_pentafluorophenyl>,Cc1cc(C)c(B(CCP(c2ccccc2)C(C)(C)C)c2c(F)c(F)c(F)c(F)c2F)c(C)c1,True,Cc1cc(C)c(B(CCP(c2ccccc2)C(C)(C)C)c2c(F)c(F)c(F)c(F)c2F)c(C)c1,Cc1cc(C)c(B(CCP(c2ccccc2)C(C)(C)C)c2c(F)c(F)c(F)c(F)c2F)c(C)c1,[],True,1,0.5227272727272727,True,True,False,False,True,False,True,[],0,34,True,True,True,True,"['LA_B_aryl', 'LA_B_diaryl', 'LA_B_polyhalogenated_aryl', 'LA_B_tricoordinate']",['LB_phosphine'],[],[],LA_LB_no_negative_flags,3,True,True,False,False,True,101,2
P,mesityl,isopropyl,C3,phenyl,pentafluorophenyl,<LB_P><LB1_mesityl><LB2_isopropyl><LINKER_C3><LA1_phenyl><LA2_pentafluorophenyl>,Cc1cc(C)c(P(CCCB(c2ccccc2)c2c(F)c(F)c(F)c(F)c2F)C(C)C)c(C)c1,True,Cc1cc(C)c(P(CCCB(c2ccccc2)c2c(F)c(F)c(F)c(F)c2F)C(C)C)c(C)c1,Cc1cc(C)c(P(CCCB(c2ccccc2)c2c(F)c(F)c(F)c(F)c2F)C(C)C)c(C)c1,[],True,1,0.5306122448979592,True,True,False,False,True,False,True,[],0,34,True,True,True,True,"['LA_B_aryl', 'LA_B_diaryl', 'LA_B_polyhalogenated_aryl', 'LA_B_tricoordinate']",['LB_phosphine'],[],[],LA_LB_no_negative_flags,4,True,True,False,False,True,101,2
N,ethyl,phenyl,C2,pentafluorophenyl,pentachlorophenyl,<LB_N><LB1_ethyl><LB2_phenyl><LINKER_C2><LA1_pentafluorophenyl><LA2_pentachlorophenyl>,CCN(CCB(c1c(F)c(F)c(F)c(F)c1F)c1c(Cl)c(Cl)c(Cl)c(Cl)c1Cl)c1ccccc1,True,CCN(CCB(c1c(F)c(F)c(F)c(F)c1F)c1c(Cl)c(Cl)c(Cl)c(Cl)c1Cl)c1ccccc1,CCN(CCB(c1c(F)c(F)c(F)c(F)c1F)c1c(Cl)c(Cl)c(Cl)c(Cl)c1Cl)c1ccccc1,[],True,1,0.4166666666666667,True,True,False,False,True,False,True,[],0,34,True,True,True,True,"['LA_B_aryl', 'LA_B_diaryl', 'LA_B_polyhalogenated_aryl', 'LA_B_tricoordinate']",['LB_amine'],[],[],LA_LB_no_negative_flags,3,True,True,False,False,True,101,1
P,phenyl,phenyl,C3,pentafluorophenyl,bis_cf3_phenyl,<LB_P><LB1_phenyl><LB2_phenyl><LINKER_C3><LA1_pentafluorophenyl><LA2_bis_cf3_phenyl>,Fc1c(F)c(F)c(B(CCCP(c2ccccc2)c2ccccc2)c2cc(C(F)(F)F)cc(C(F)(F)F)c2)c(F)c1F,True,Fc1c(F)c(F)c(B(CCCP(c2ccccc2)c2ccccc2)c2cc(C(F)(F)F)cc(C(F)(F)F)c2)c(F)c1F,Fc1c(F)c(F)c(B(CCCP(c2ccccc2)c2ccccc2)c2cc(C(F)(F)F)cc(C(F)(F)F)c2)c(F)c1F,[],True,1,0.627906976744186,True,True,False,False,True,False,True,[],0,42,True,True,True,True,"['LA_B_aryl', 'LA_B_diaryl', 'LA_B_polyhalogenated_aryl', 'LA_B_tricoordinate']",['LB_phosphine'],[],[],LA_LB_no_negative_flags,4,True,True,False,False,True,101,2
P,phenyl,tert_butyl,C6,mesityl,mesityl,<LB_P><LB1_phenyl><LB2_tert_butyl><LINKER_C6><LA1_mesityl><LA2_mesityl>,Cc1cc(C)c(B(CCCCCCP(c2ccccc2)C(C)(C)C)c2c(C)cc(C)cc2C)c(C)c1,True,Cc1cc(C)c(B(CCCCCCP(c2ccccc2)C(C)(C)C)c2c(C)cc(C)cc2C)c(C)c1,Cc1cc(C)c(B(CCCCCCP(c2ccccc2)C(C)(C)C)c2c(C)cc(C)cc2C)c(C)c1,[],True,1,0.42,True,True,False,False,True,False,True,[],0,36,True,True,True,True,"['LA_B_aryl', 'LA_B_diaryl', 'LA_B_tricoordinate']",['LB_phosphine'],[],[],LA_LB_no_negative_flags,7,True,True,False,False,True,101,1
P,phenyl,mesityl,C5,phenyl,pentafluorophenyl,<LB_P><LB1_phenyl><LB2_mesityl><LINKER_C5><LA1_phenyl><LA2_pentafluorophenyl>,Cc1cc(C)c(P(CCCCCB(c2ccccc2)c2c(F)c(F)c(F)c(F)c2F)c2ccccc2)c(C)c1,True,Cc1cc(C)c(P(CCCCCB(c2ccccc2)c2c(F)c(F)c(F)c(F)c2F)c2ccccc2)c(C)c1,Cc1cc(C)c(P(CCCCCB(c2ccccc2)c2c(F)c(F)c(F)c(F)c2F)c2ccccc2)c(C)c1,[],True,1,0.6888888888888889,True,True,False,False,True,False,True,[],0,39,True,True,True,True,"['LA_B_aryl', 'LA_B_diaryl', 'LA_B_polyhalogenated_aryl', 'LA_B_tricoordinate']",['LB_phosphine'],[],[],LA_LB_no_negative_flags,6,True,True,False,False,True,101,2
N,ethyl,phenyl,C4,pentachlorophenyl,pentachlorophenyl,<LB_N><LB1_ethyl><LB2_phenyl><LINKER_C4><LA1_pentachlorophenyl><LA2_pentachlorophenyl>,CCN(CCCCB(c1c(Cl)c(Cl)c(Cl)c(Cl)c1Cl)c1c(Cl)c(Cl)c(Cl)c(Cl)c1Cl)c1ccccc1,True,CCN(CCCCB(c1c(Cl)c(Cl)c(Cl)c(Cl)c1Cl)c1c(Cl)c(Cl)c(Cl)c(Cl)c1Cl)c1ccccc1,CCN(CCCCB(c1c(Cl)c(Cl)c(Cl)c(Cl)c1Cl)c1c(Cl)c(Cl)c(Cl)c(Cl)c1Cl)c1ccccc1,[],True,1,0.40476190476190477,True,True,False,False,True,False,True,[],0,36,True,True,True,True,"['LA_B_aryl', 'LA_B_diaryl', 'LA_B_polyhalogenated_aryl', 'LA_B_tricoordinate']",['LB_amine'],[],[],LA_LB_no_negative_flags,5,True,True,False,False,True,101,1
P,phenyl,isopropyl,C6,pentachlorophenyl,pentachlorophenyl,<LB_P><LB1_phenyl><LB2_isopropyl><LINKER_C6><LA1_pentachlorophenyl><LA2_pentachlorophenyl>,CC(C)P(CCCCCCB(c1c(Cl)c(Cl)c(Cl)c(Cl)c1Cl)c1c(Cl)c(Cl)c(Cl)c(Cl)c1Cl)c1ccccc1,True,CC(C)P(CCCCCCB(c1c(Cl)c(Cl)c(Cl)c(Cl)c1Cl)c1c(Cl)c(Cl)c(Cl)c(Cl)c1Cl)c1ccccc1,CC(C)P(CCCCCCB(c1c(Cl)c(Cl)c(Cl)c(Cl)c1Cl)c1c(Cl)c(Cl)c(Cl)c(Cl)c1Cl)c1ccccc1,[],True,1,0.525,True,True,False,False,True,False,True,[],0,39,True,True,True,True,"['LA_B_aryl', 'LA_B_diaryl', 'LA_B_polyhalogenated_aryl', 'LA_B_tricoordinate']",['LB_phosphine'],[],[],LA_LB_no_negative_flags,7,True,True,False,False,True,101,1
N,methyl,isopropyl,C1,mesityl,pentachlorophenyl,<LB_N><LB1_methyl><LB2_isopropyl><LINKER_C1><LA1_mesityl><LA2_pentachlorophenyl>,Cc1cc(C)c(B(CN(C)C(C)C)c2c(Cl)c(Cl)c(Cl)c(Cl)c2Cl)c(C)c1,True,Cc1cc(C)c(B(CN(C)C(C)C)c2c(Cl)c(Cl)c(Cl)c(Cl)c2Cl)c(C)c1,Cc1cc(C)c(B(CN(C)C(C)C)c2c(Cl)c(Cl)c(Cl)c(Cl)c2Cl)c(C)c1,[],True,1,0.47619047619047616,True,True,False,False,True,False,True,[],0,27,True,True,True,True,"['LA_B_aryl', 'LA_B_diaryl', 'LA_B_polyhalogenated_aryl', 'LA_B_tricoordinate']",['LB_amine'],[],[],LA_LB_no_negative_flags,2,True,True,False,False,True,101,1
N,methyl,ethyl,C4,phenyl,pentafluorophenyl,<LB_N><LB1_methyl><LB2_ethyl><LINKER_C4><LA1_phenyl><LA2_pentafluorophenyl>,CCN(C)CCCCB(c1ccccc1)c1c(F)c(F)c(F)c(F)c1F,True,CCN(C)CCCCB(c1ccccc1)c1c(F)c(F)c(F)c(F)c1F,CCN(C)CCCCB(c1ccccc1)c1c(F)c(F)c(F)c(F)c1F,[],True,1,0.4444444444444444,True,True,False,False,True,False,True,[],0,26,True,True,True,True,"['LA_B_aryl', 'LA_B_diaryl', 'LA_B_polyhalogenated_aryl', 'LA_B_tricoordinate']",['LB_amine'],[],[],LA_LB_no_negative_flags,5,True,True,False,False,True,101,3
P,phenyl,phenyl,C2,p_tolyl,pentachlorophenyl,<LB_P><LB1_phenyl><LB2_phenyl><LINKER_C2><LA1_p_tolyl><LA2_pentachlorophenyl>,Cc1ccc(B(CCP(c2ccccc2)c2ccccc2)c2c(Cl)c(Cl)c(Cl)c(Cl)c2Cl)cc1,True,Cc1ccc(B(CCP(c2ccccc2)c2ccccc2)c2c(Cl)c(Cl)c(Cl)c(Cl)c2Cl)cc1,Cc1ccc(B(CCP(c2ccccc2)c2ccccc2)c2c(Cl)c(Cl)c(Cl)c(Cl)c2Cl)cc1,[],True,1,0.5384615384615384,True,True,False,False,True,False,True,[],0,34,True,True,True,True,"['LA_B_aryl', 'LA_B_diaryl', 'LA_B_polyhalogenated_aryl', 'LA_B_tricoordinate']",['LB_phosphine'],[],[],LA_LB_no_negative_flags,3,True,True,False,False,True,101,3
P,phenyl,mesityl,C3,mesityl,bis_cf3_phenyl,<LB_P><LB1_phenyl><LB2_mesityl><LINKER_C3><LA1_mesityl><LA2_bis_cf3_phenyl>,Cc1cc(C)c(B(CCCP(c2ccccc2)c2c(C)cc(C)cc2C)c2cc(C(F)(F)F)cc(C(F)(F)F)c2)c(C)c1,True,Cc1cc(C)c(B(CCCP(c2ccccc2)c2c(C)cc(C)cc2C)c2cc(C(F)(F)F)cc(C(F)(F)F)c2)c(C)c1,Cc1cc(C)c(B(CCCP(c2ccccc2)c2c(C)cc(C)cc2C)c2cc(C(F)(F)F)cc(C(F)(F)F)c2)c(C)c1,[],True,1,0.4444444444444444,True,True,False,False,True,False,True,[],0,43,True,True,True,True,"['LA_B_aryl', 'LA_B_diaryl', 'LA_B_tricoordinate']",['LB_phosphine'],[],[],LA_LB_no_negative_flags,4,True,True,False,False,True,101,1
N,methyl,phenyl,C6,p_tolyl,pentafluorophenyl,<LB_N><LB1_methyl><LB2_phenyl><LINKER_C6><LA1_p_tolyl><LA2_pentafluorophenyl>,Cc1ccc(B(CCCCCCN(C)c2ccccc2)c2c(F)c(F)c(F)c(F)c2F)cc1,True,Cc1ccc(B(CCCCCCN(C)c2ccccc2)c2c(F)c(F)c(F)c(F)c2F)cc1,Cc1ccc(B(CCCCCCN(C)c2ccccc2)c2c(F)c(F)c(F)c(F)c2F)cc1,[],True,1,0.4,True,True,False,False,True,False,True,[],0,33,True,True,True,True,"['LA_B_aryl', 'LA_B_diaryl', 'LA_B_polyhalogenated_aryl', 'LA_B_tricoordinate']",['LB_amine'],[],[],LA_LB_no_negative_flags,7,True,True,False,False,True,101,1
P,tert_butyl,tert_butyl,C3,p_tolyl,pentachlorophenyl,<LB_P><LB1_tert_butyl><LB2_tert_butyl><LINKER_C3><LA1_p_tolyl><LA2_pentachlorophenyl>,Cc1ccc(B(CCCP(C(C)(C)C)C(C)(C)C)c2c(Cl)c(Cl)c(Cl)c(Cl)c2Cl)cc1,True,Cc1ccc(B(CCCP(C(C)(C)C)C(C)(C)C)c2c(Cl)c(Cl)c(Cl)c(Cl)c2Cl)cc1,Cc1ccc(B(CCCP(C(C)(C)C)C(C)(C)C)c2c(Cl)c(Cl)c(Cl)c(Cl)c2Cl)cc1,[],True,1,0.46153846153846156,True,True,False,False,True,False,True,[],0,31,True,True,True,True,"['LA_B_aryl', 'LA_B_diaryl', 'LA_B_polyhalogenated_aryl', 'LA_B_tricoordinate']",['LB_phosphine'],[],[],LA_LB_no_negative_flags,4,True,True,False,False,True,101,1
N,ethyl,ethyl,C2,p_tolyl,bis_cf3_phenyl,<LB_N><LB1_ethyl><LB2_ethyl><LINKER_C2><LA1_p_tolyl><LA2_bis_cf3_phenyl>,CCN(CC)CCB(c1ccc(C)cc1)c1cc(C(F)(F)F)cc(C(F)(F)F)c1,True,CCN(CC)CCB(c1ccc(C)cc1)c1cc(C(F)(F)F)cc(C(F)(F)F)c1,CCN(CC)CCB(c1ccc(C)cc1)c1cc(C(F)(F)F)cc(C(F)(F)F)c1,[],True,1,0.4,True,True,False,False,True,False,True,[],0,29,True,True,True,True,"['LA_B_aryl', 'LA_B_diaryl', 'LA_B_tricoordinate']",['LB_amine'],[],[],LA_LB_no_negative_flags,3,True,True,False,False,True,101,1
P,phenyl,mesityl,C5,p_tolyl,pentachlorophenyl,<LB_P><LB1_phenyl><LB2_mesityl><LINKER_C5><LA1_p_tolyl><LA2_pentachlorophenyl>,Cc1ccc(B(CCCCCP(c2ccccc2)c2c(C)cc(C)cc2C)c2c(Cl)c(Cl)c(Cl)c(Cl)c2Cl)cc1,True,Cc1ccc(B(CCCCCP(c2ccccc2)c2c(C)cc(C)cc2C)c2c(Cl)c(Cl)c(Cl)c(Cl)c2Cl)cc1,Cc1ccc(B(CCCCCP(c2ccccc2)c2c(C)cc(C)cc2C)c2c(Cl)c(Cl)c(Cl)c(Cl)c2Cl)cc1,[],True,1,0.4807692307692308,True,True,False,False,True,False,True,[],0,40,True,True,True,True,"['LA_B_aryl', 'LA_B_diaryl', 'LA_B_polyhalogenated_aryl', 'LA_B_tricoordinate']",['LB_phosphine'],[],[],LA_LB_no_negative_flags,6,True,True,False,False,True,101,2
P,isopropyl,isopropyl,C5,mesityl,mesityl,<LB_P><LB1_isopropyl><LB2_isopropyl><LINKER_C5><LA1_mesityl><LA2_mesityl>,Cc1cc(C)c(B(CCCCCP(C(C)C)C(C)C)c2c(C)cc(C)cc2C)c(C)c1,True,Cc1cc(C)c(B(CCCCCP(C(C)C)C(C)C)c2c(C)cc(C)cc2C)c(C)c1,Cc1cc(C)c(B(CCCCCP(C(C)C)C(C)C)c2c(C)cc(C)cc2C)c(C)c1,[],True,1,0.4883720930232558,True,True,False,False,True,False,True,[],0,31,True,True,True,True,"['LA_B_aryl', 'LA_B_diaryl', 'LA_B_tricoordinate']",['LB_phosphine'],[],[],LA_LB_no_negative_flags,6,True,True,False,False,True,101,1
P,tert_butyl,tert_butyl,C1,mesityl,pentachlorophenyl,<LB_P><LB1_tert_butyl><LB2_tert_butyl><LINKER_C1><LA1_mesityl><LA2_pentachlorophenyl>,Cc1cc(C)c(B(CP(C(C)(C)C)C(C)(C)C)c2c(Cl)c(Cl)c(Cl)c(Cl)c2Cl)c(C)c1,True,Cc1cc(C)c(B(CP(C(C)(C)C)C(C)(C)C)c2c(Cl)c(Cl)c(Cl)c(Cl)c2Cl)c(C)c1,Cc1cc(C)c(B(CP(C(C)(C)C)C(C)(C)C)c2c(Cl)c(Cl)c(Cl)c(Cl)c2Cl)c(C)c1,[],True,1,0.7096774193548387,True,True,False,False,True,False,True,[],0,31,True,True,True,True,"['LA_B_aryl', 'LA_B_diaryl', 'LA_B_polyhalogenated_aryl', 'LA_B_tricoordinate']",['LB_phosphine'],[],[],LA_LB_no_negative_flags,2,True,True,False,False,True,101,1
P,phenyl,mesityl,C4,phenyl,phenyl,<LB_P><LB1_phenyl><LB2_mesityl><LINKER_C4><LA1_phenyl><LA2_phenyl>,Cc1cc(C)c(P(CCCCB(c2ccccc2)c2ccccc2)c2ccccc2)c(C)c1,True,Cc1cc(C)c(P(CCCCB(c2ccccc2)c2ccccc2)c2ccccc2)c(C)c1,Cc1cc(C)c(P(CCCCB(c2ccccc2)c2ccccc2)c2ccccc2)c(C)c1,[],True,1,0.5454545454545454,True,True,False,False,True,False,True,[],0,33,True,True,True,True,"['LA_B_aryl', 'LA_B_diaryl', 'LA_B_tricoordinate']",['LB_phosphine'],[],[],LA_LB_no_negative_flags,5,True,True,False,False,True,101,1
P,tert_butyl,isopropyl,C4,phenyl,bis_cf3_phenyl,<LB_P><LB1_tert_butyl><LB2_isopropyl><LINKER_C4><LA1_phenyl><LA2_bis_cf3_phenyl>,CC(C)P(CCCCB(c1ccccc1)c1cc(C(F)(F)F)cc(C(F)(F)F)c1)C(C)(C)C,True,CC(C)P(CCCCB(c1ccccc1)c1cc(C(F)(F)F)cc(C(F)(F)F)c1)C(C)(C)C,CC(C)P(CCCCB(c1ccccc1)c1cc(C(F)(F)F)cc(C(F)(F)F)c1)C(C)(C)C,[],True,1,0.4782608695652174,True,True,False,False,True,False,True,[],0,33,True,True,True,True,"['LA_B_aryl', 'LA_B_diaryl', 'LA_B_tricoordinate']",['LB_phosphine'],[],[],LA_LB_no_negative_flags,5,True,True,False,False,True,101,1
P,isopropyl,isopropyl,C1,pentachlorophenyl,pentachlorophenyl,<LB_P><LB1_isopropyl><LB2_isopropyl><LINKER_C1><LA1_pentachlorophenyl><LA2_pentachlorophenyl>,CC(C)P(CB(c1c(Cl)c(Cl)c(Cl)c(Cl)c1Cl)c1c(Cl)c(Cl)c(Cl)c(Cl)c1Cl)C(C)C,True,CC(C)P(CB(c1c(Cl)c(Cl)c(Cl)c(Cl)c1Cl)c1c(Cl)c(Cl)c(Cl)c(Cl)c1Cl)C(C)C,CC(C)P(CB(c1c(Cl)c(Cl)c(Cl)c(Cl)c1Cl)c1c(Cl)c(Cl)c(Cl)c(Cl)c1Cl)C(C)C,[],True,1,0.5172413793103449,True,True,False,False,True,False,True,[],0,31,True,True,True,True,"['LA_B_aryl', 'LA_B_diaryl', 'LA_B_polyhalogenated_aryl', 'LA_B_tricoordinate']",['LB_phosphine'],[],[],LA_LB_no_negative_flags,2,True,True,False,False,True,101,1
P,phenyl,isopropyl,C5,mesityl,pentachlorophenyl,<LB_P><LB1_phenyl><LB2_isopropyl><LINKER_C5><LA1_mesityl><LA2_pentachlorophenyl>,Cc1cc(C)c(B(CCCCCP(c2ccccc2)C(C)C)c2c(Cl)c(Cl)c(Cl)c(Cl)c2Cl)c(C)c1,True,Cc1cc(C)c(B(CCCCCP(c2ccccc2)C(C)C)c2c(Cl)c(Cl)c(Cl)c(Cl)c2Cl)c(C)c1,Cc1cc(C)c(B(CCCCCP(c2ccccc2)C(C)C)c2c(Cl)c(Cl)c(Cl)c(Cl)c2Cl)c(C)c1,[],True,1,0.46,True,True,False,False,True,False,True,[],0,36,True,True,True,True,"['LA_B_aryl', 'LA_B_diaryl', 'LA_B_polyhalogenated_aryl', 'LA_B_tricoordinate']",['LB_phosphine'],[],[],LA_LB_no_negative_flags,6,True,True,False,False,True,101,1
N,methyl,phenyl,C5,pentafluorophenyl,pentafluorophenyl,<LB_N><LB1_methyl><LB2_phenyl><LINKER_C5><LA1_pentafluorophenyl><LA2_pentafluorophenyl>,CN(CCCCCB(c1c(F)c(F)c(F)c(F)c1F)c1c(F)c(F)c(F)c(F)c1F)c1ccccc1,True,CN(CCCCCB(c1c(F)c(F)c(F)c(F)c1F)c1c(F)c(F)c(F)c(F)c1F)c1ccccc1,CN(CCCCCB(c1c(F)c(F)c(F)c(F)c1F)c1c(F)c(F)c(F)c(F)c1F)c1ccccc1,[],True,1,0.5,True,True,False,False,True,False,True,[],0,36,True,True,True,True,"['LA_B_aryl', 'LA_B_diaryl', 'LA_B_polyhalogenated_aryl', 'LA_B_tricoordinate']",['LB_amine'],[],[],LA_LB_no_negative_flags,6,True,True,False,False,True,101,2
P,tert_butyl,tert_butyl,C6,phenyl,bis_cf3_phenyl,<LB_P><LB1_tert_butyl><LB2_tert_butyl><LINKER_C6><LA1_phenyl><LA2_bis_cf3_phenyl>,CC(C)(C)P(CCCCCCB(c1ccccc1)c1cc(C(F)(F)F)cc(C(F)(F)F)c1)C(C)(C)C,True,CC(C)(C)P(CCCCCCB(c1ccccc1)c1cc(C(F)(F)F)cc(C(F)(F)F)c1)C(C)(C)C,CC(C)(C)P(CCCCCCB(c1ccccc1)c1cc(C(F)(F)F)cc(C(F)(F)F)c1)C(C)(C)C,[],True,1,0.5348837209302325,True,True,False,False,True,False,True,[],0,36,True,True,True,True,"['LA_B_aryl', 'LA_B_diaryl', 'LA_B_tricoordinate']",['LB_phosphine'],[],[],LA_LB_no_negative_flags,7,True,True,False,False,True,101,2
P,mesityl,mesityl,C2,pentafluorophenyl,pentafluorophenyl,<LB_P><LB1_mesityl><LB2_mesityl><LINKER_C2><LA1_pentafluorophenyl><LA2_pentafluorophenyl>,Cc1cc(C)c(P(CCB(c2c(F)c(F)c(F)c(F)c2F)c2c(F)c(F)c(F)c(F)c2F)c2c(C)cc(C)cc2C)c(C)c1,True,Cc1cc(C)c(P(CCB(c2c(F)c(F)c(F)c(F)c2F)c2c(F)c(F)c(F)c(F)c2F)c2c(C)cc(C)cc2C)c(C)c1,Cc1cc(C)c(P(CCB(c2c(F)c(F)c(F)c(F)c2F)c2c(F)c(F)c(F)c(F)c2F)c2c(C)cc(C)cc2C)c(C)c1,[],True,1,0.8,True,True,False,False,True,False,True,[],0,44,True,True,True,True,"['LA_B_aryl', 'LA_B_diaryl', 'LA_B_polyhalogenated_aryl', 'LA_B_tricoordinate']",['LB_phosphine'],[],[],LA_LB_no_negative_flags,3,True,True,False,False,True,101,1
N,isopropyl,phenyl,C2,pentachlorophenyl,pentachlorophenyl,<LB_N><LB1_isopropyl><LB2_phenyl><LINKER_C2><LA1_pentachlorophenyl><LA2_pentachlorophenyl>,CC(C)N(CCB(c1c(Cl)c(Cl)c(Cl)c(Cl)c1Cl)c1c(Cl)c(Cl)c(Cl)c(Cl)c1Cl)c1ccccc1,True,CC(C)N(CCB(c1c(Cl)c(Cl)c(Cl)c(Cl)c1Cl)c1c(Cl)c(Cl)c(Cl)c(Cl)c1Cl)c1ccccc1,CC(C)N(CCB(c1c(Cl)c(Cl)c(Cl)c(Cl)c1Cl)c1c(Cl)c(Cl)c(Cl)c(Cl)c1Cl)c1ccccc1,[],True,1,0.425,True,True,False,False,True,False,True,[],0,35,True,True,True,True,"['LA_B_aryl', 'LA_B_diaryl', 'LA_B_polyhalogenated_aryl', 'LA_B_tricoordinate']",['LB_amine'],[],[],LA_LB_no_negative_flags,3,True,True,False,False,True,101,2
P,cyclohexyl,cyclohexyl,C4,mesityl,pentachlorophenyl,<LB_P><LB1_cyclohexyl><LB2_cyclohexyl><LINKER_C4><LA1_mesityl><LA2_pentachlorophenyl>,Cc1cc(C)c(B(CCCCP(C2CCCCC2)C2CCCCC2)c2c(Cl)c(Cl)c(Cl)c(Cl)c2Cl)c(C)c1,True,Cc1cc(C)c(B(CCCCP(C2CCCCC2)C2CCCCC2)c2c(Cl)c(Cl)c(Cl)c(Cl)c2Cl)c(C)c1,Cc1cc(C)c(B(CCCCP(C2CCCCC2)C2CCCCC2)c2c(Cl)c(Cl)c(Cl)c(Cl)c2Cl)c(C)c1,[],True,1,0.4791666666666667,True,True,False,False,True,False,True,[],0,38,True,True,True,True,"['LA_B_aryl', 'LA_B_diaryl', 'LA_B_polyhalogenated_aryl', 'LA_B_tricoordinate']",['LB_phosphine'],[],[],LA_LB_no_negative_flags,5,True,True,False,False,True,101,1
P,tert_butyl,tert_butyl,C3,phenyl,bis_cf3_phenyl,<LB_P><LB1_tert_butyl><LB2_tert_butyl><LINKER_C3><LA1_phenyl><LA2_bis_cf3_phenyl>,CC(C)(C)P(CCCB(c1ccccc1)c1cc(C(F)(F)F)cc(C(F)(F)F)c1)C(C)(C)C,True,CC(C)(C)P(CCCB(c1ccccc1)c1cc(C(F)(F)F)cc(C(F)(F)F)c1)C(C)(C)C,CC(C)(C)P(CCCB(c1ccccc1)c1cc(C(F)(F)F)cc(C(F)(F)F)c1)C(C)(C)C,[],True,1,0.5609756097560976,True,True,False,False,True,False,True,[],0,33,True,True,True,True,"['LA_B_aryl', 'LA_B_diaryl', 'LA_B_tricoordinate']",['LB_phosphine'],[],[],LA_LB_no_negative_flags,4,True,True,False,False,True,101,1
P,isopropyl,isopropyl,C2,p_tolyl,mesityl,<LB_P><LB1_isopropyl><LB2_isopropyl><LINKER_C2><LA1_p_tolyl><LA2_mesityl>,Cc1ccc(B(CCP(C(C)C)C(C)C)c2c(C)cc(C)cc2C)cc1,True,Cc1ccc(B(CCP(C(C)C)C(C)C)c2c(C)cc(C)cc2C)cc1,Cc1ccc(B(CCP(C(C)C)C(C)C)c2c(C)cc(C)cc2C)cc1,[],True,1,0.4,True,True,False,False,True,False,True,[],0,26,True,True,True,True,"['LA_B_aryl', 'LA_B_diaryl', 'LA_B_tricoordinate']",['LB_phosphine'],[],[],LA_LB_no_negative_flags,3,True,True,False,False,True,101,1
N,ethyl,isopropyl,C4,phenyl,pentachlorophenyl,<LB_N><LB1_ethyl><LB2_isopropyl><LINKER_C4><LA1_phenyl><LA2_pentachlorophenyl>,CCN(CCCCB(c1ccccc1)c1c(Cl)c(Cl)c(Cl)c(Cl)c1Cl)C(C)C,True,CCN(CCCCB(c1ccccc1)c1c(Cl)c(Cl)c(Cl)c(Cl)c1Cl)C(C)C,CCN(CCCCB(c1ccccc1)c1c(Cl)c(Cl)c(Cl)c(Cl)c1Cl)C(C)C,[],True,1,0.45652173913043476,True,True,False,False,True,False,True,[],0,28,True,True,True,True,"['LA_B_aryl', 'LA_B_diaryl', 'LA_B_polyhalogenated_aryl', 'LA_B_tricoordinate']",['LB_amine'],[],[],LA_LB_no_negative_flags,5,True,True,False,False,True,101,2
P,tert_butyl,isopropyl,C6,mesityl,pentafluorophenyl,<LB_P><LB1_tert_butyl><LB2_isopropyl><LINKER_C6><LA1_mesityl><LA2_pentafluorophenyl>,Cc1cc(C)c(B(CCCCCCP(C(C)C)C(C)(C)C)c2c(F)c(F)c(F)c(F)c2F)c(C)c1,True,Cc1cc(C)c(B(CCCCCCP(C(C)C)C(C)(C)C)c2c(F)c(F)c(F)c(F)c2F)c(C)c1,Cc1cc(C)c(B(CCCCCCP(C(C)C)C(C)(C)C)c2c(F)c(F)c(F)c(F)c2F)c(C)c1,[],True,1,0.5869565217391305,True,True,False,False,True,False,True,[],0,35,True,True,True,True,"['LA_B_aryl', 'LA_B_diaryl', 'LA_B_polyhalogenated_aryl', 'LA_B_tricoordinate']",['LB_phosphine'],[],[],LA_LB_no_negative_flags,7,True,True,False,False,True,101,2
P,mesityl,cyclohexyl,C1,phenyl,phenyl,<LB_P><LB1_mesityl><LB2_cyclohexyl><LINKER_C1><LA1_phenyl><LA2_phenyl>,Cc1cc(C)c(P(CB(c2ccccc2)c2ccccc2)C2CCCCC2)c(C)c1,True,Cc1cc(C)c(P(CB(c2ccccc2)c2ccccc2)C2CCCCC2)c(C)c1,Cc1cc(C)c(P(CB(c2ccccc2)c2ccccc2)C2CCCCC2)c(C)c1,[],True,1,0.44,True,True,False,False,True,False,True,[],0,30,True,True,True,True,"['LA_B_aryl', 'LA_B_diaryl', 'LA_B_tricoordinate']",['LB_phosphine'],[],[],LA_LB_no_negative_flags,2,True,True,False,False,True,101,2
N,methyl,phenyl,C6,pentafluorophenyl,pentafluorophenyl,<LB_N><LB1_methyl><LB2_phenyl><LINKER_C6><LA1_pentafluorophenyl><LA2_pentafluorophenyl>,CN(CCCCCCB(c1c(F)c(F)c(F)c(F)c1F)c1c(F)c(F)c(F)c(F)c1F)c1ccccc1,True,CN(CCCCCCB(c1c(F)c(F)c(F)c(F)c1F)c1c(F)c(F)c(F)c(F)c1F)c1ccccc1,CN(CCCCCCB(c1c(F)c(F)c(F)c(F)c1F)c1c(F)c(F)c(F)c(F)c1F)c1ccccc1,[],True,1,0.5,True,True,False,False,True,False,True,[],0,37,True,True,True,True,"['LA_B_aryl', 'LA_B_diaryl', 'LA_B_polyhalogenated_aryl', 'LA_B_tricoordinate']",['LB_amine'],[],[],LA_LB_no_negative_flags,7,True,True,False,False,True,101,2
P,mesityl,cyclohexyl,C3,phenyl,phenyl,<LB_P><LB1_mesityl><LB2_cyclohexyl><LINKER_C3><LA1_phenyl><LA2_phenyl>,Cc1cc(C)c(P(CCCB(c2ccccc2)c2ccccc2)C2CCCCC2)c(C)c1,True,Cc1cc(C)c(P(CCCB(c2ccccc2)c2ccccc2)C2CCCCC2)c(C)c1,Cc1cc(C)c(P(CCCB(c2ccccc2)c2ccccc2)C2CCCCC2)c(C)c1,[],True,1,0.4074074074074074,True,True,False,False,True,False,True,[],0,32,True,True,True,True,"['LA_B_aryl', 'LA_B_diaryl', 'LA_B_tricoordinate']",['LB_phosphine'],[],[],LA_LB_no_negative_flags,4,True,True,False,False,True,101,2
P,mesityl,tert_butyl,C3,mesityl,pentachlorophenyl,<LB_P><LB1_mesityl><LB2_tert_butyl><LINKER_C3><LA1_mesityl><LA2_pentachlorophenyl>,Cc1cc(C)c(B(CCCP(c2c(C)cc(C)cc2C)C(C)(C)C)c2c(Cl)c(Cl)c(Cl)c(Cl)c2Cl)c(C)c1,True,Cc1cc(C)c(B(CCCP(c2c(C)cc(C)cc2C)C(C)(C)C)c2c(Cl)c(Cl)c(Cl)c(Cl)c2Cl)c(C)c1,Cc1cc(C)c(B(CCCP(c2c(C)cc(C)cc2C)C(C)(C)C)c2c(Cl)c(Cl)c(Cl)c(Cl)c2Cl)c(C)c1,[],True,1,0.5813953488372093,True,True,False,False,True,False,True,[],0,38,True,True,True,True,"['LA_B_aryl', 'LA_B_diaryl', 'LA_B_polyhalogenated_aryl', 'LA_B_tricoordinate']",['LB_phosphine'],[],[],LA_LB_no_negative_flags,4,True,True,False,False,True,101,2
P,mesityl,mesityl,C1,pentafluorophenyl,pentachlorophenyl,<LB_P><LB1_mesityl><LB2_mesityl><LINKER_C1><LA1_pentafluorophenyl><LA2_pentachlorophenyl>,Cc1cc(C)c(P(CB(c2c(F)c(F)c(F)c(F)c2F)c2c(Cl)c(Cl)c(Cl)c(Cl)c2Cl)c2c(C)cc(C)cc2C)c(C)c1,True,Cc1cc(C)c(P(CB(c2c(F)c(F)c(F)c(F)c2F)c2c(Cl)c(Cl)c(Cl)c(Cl)c2Cl)c2c(C)cc(C)cc2C)c(C)c1,Cc1cc(C)c(P(CB(c2c(F)c(F)c(F)c(F)c2F)c2c(Cl)c(Cl)c(Cl)c(Cl)c2Cl)c2c(C)cc(C)cc2C)c(C)c1,[],True,1,0.5581395348837209,True,True,False,False,True,False,True,[],0,43,True,True,True,True,"['LA_B_aryl', 'LA_B_diaryl', 'LA_B_polyhalogenated_aryl', 'LA_B_tricoordinate']",['LB_phosphine'],[],[],LA_LB_no_negative_flags,2,True,True,False,False,True,101,3
N,methyl,cyclohexyl,C1,mesityl,pentafluorophenyl,<LB_N><LB1_methyl><LB2_cyclohexyl><LINKER_C1><LA1_mesityl><LA2_pentafluorophenyl>,Cc1cc(C)c(B(CN(C)C2CCCCC2)c2c(F)c(F)c(F)c(F)c2F)c(C)c1,True,Cc1cc(C)c(B(CN(C)C2CCCCC2)c2c(F)c(F)c(F)c(F)c2F)c(C)c1,Cc1cc(C)c(B(CN(C)C2CCCCC2)c2c(F)c(F)c(F)c(F)c2F)c(C)c1,[],True,1,0.4230769230769231,True,True,False,False,True,False,True,[],0,30,True,True,True,True,"['LA_B_aryl', 'LA_B_diaryl', 'LA_B_polyhalogenated_aryl', 'LA_B_tricoordinate']",['LB_amine'],[],[],LA_LB_no_negative_flags,2,True,True,False,False,True,101,1
P,mesityl,tert_butyl,C4,mesityl,bis_cf3_phenyl,<LB_P><LB1_mesityl><LB2_tert_butyl><LINKER_C4><LA1_mesityl><LA2_bis_cf3_phenyl>,Cc1cc(C)c(B(CCCCP(c2c(C)cc(C)cc2C)C(C)(C)C)c2cc(C(F)(F)F)cc(C(F)(F)F)c2)c(C)c1,True,Cc1cc(C)c(B(CCCCP(c2c(C)cc(C)cc2C)C(C)(C)C)c2cc(C(F)(F)F)cc(C(F)(F)F)c2)c(C)c1,Cc1cc(C)c(B(CCCCP(c2c(C)cc(C)cc2C)C(C)(C)C)c2cc(C(F)(F)F)cc(C(F)(F)F)c2)c(C)c1,[],True,1,0.4423076923076923,True,True,False,False,True,False,True,[],0,42,True,True,True,True,"['LA_B_aryl', 'LA_B_diaryl', 'LA_B_tricoordinate']",['LB_phosphine'],[],[],LA_LB_no_negative_flags,5,True,True,False,False,True,101,1
P,tert_butyl,isopropyl,C2,pentafluorophenyl,pentachlorophenyl,<LB_P><LB1_tert_butyl><LB2_isopropyl><LINKER_C2><LA1_pentafluorophenyl><LA2_pentachlorophenyl>,CC(C)P(CCB(c1c(F)c(F)c(F)c(F)c1F)c1c(Cl)c(Cl)c(Cl)c(Cl)c1Cl)C(C)(C)C,True,CC(C)P(CCB(c1c(F)c(F)c(F)c(F)c1F)c1c(Cl)c(Cl)c(Cl)c(Cl)c1Cl)C(C)(C)C,CC(C)P(CCB(c1c(F)c(F)c(F)c(F)c1F)c1c(Cl)c(Cl)c(Cl)c(Cl)c1Cl)C(C)(C)C,[],True,1,0.41025641025641024,True,True,False,False,True,False,True,[],0,33,True,True,True,True,"['LA_B_aryl', 'LA_B_diaryl', 'LA_B_polyhalogenated_aryl', 'LA_B_tricoordinate']",['LB_phosphine'],[],[],LA_LB_no_negative_flags,3,True,True,False,False,True,101,2
P,phenyl,mesityl,C1,p_tolyl,pentachlorophenyl,<LB_P><LB1_phenyl><LB2_mesityl><LINKER_C1><LA1_p_tolyl><LA2_pentachlorophenyl>,Cc1ccc(B(CP(c2ccccc2)c2c(C)cc(C)cc2C)c2c(Cl)c(Cl)c(Cl)c(Cl)c2Cl)cc1,True,Cc1ccc(B(CP(c2ccccc2)c2c(C)cc(C)cc2C)c2c(Cl)c(Cl)c(Cl)c(Cl)c2Cl)cc1,Cc1ccc(B(CP(c2ccccc2)c2c(C)cc(C)cc2C)c2c(Cl)c(Cl)c(Cl)c(Cl)c2Cl)cc1,[],True,1,0.5,True,True,False,False,True,False,True,[],0,36,True,True,True,True,"['LA_B_aryl', 'LA_B_diaryl', 'LA_B_polyhalogenated_aryl', 'LA_B_tricoordinate']",['LB_phosphine'],[],[],LA_LB_no_negative_flags,2,True,True,False,False,True,101,2
P,phenyl,phenyl,C3,p_tolyl,p_tolyl,<LB_P><LB1_phenyl><LB2_phenyl><LINKER_C3><LA1_p_tolyl><LA2_p_tolyl>,Cc1ccc(B(CCCP(c2ccccc2)c2ccccc2)c2ccc(C)cc2)cc1,True,Cc1ccc(B(CCCP(c2ccccc2)c2ccccc2)c2ccc(C)cc2)cc1,Cc1ccc(B(CCCP(c2ccccc2)c2ccccc2)c2ccc(C)cc2)cc1,[],True,1,0.5,True,True,False,False,True,False,True,[],0,31,True,True,True,True,"['LA_B_aryl', 'LA_B_diaryl', 'LA_B_tricoordinate']",['LB_phosphine'],[],[],LA_LB_no_negative_flags,4,True,True,False,False,True,101,2
P,phenyl,tert_butyl,C1,bis_cf3_phenyl,bis_cf3_phenyl,<LB_P><LB1_phenyl><LB2_tert_butyl><LINKER_C1><LA1_bis_cf3_phenyl><LA2_bis_cf3_phenyl>,CC(C)(C)P(CB(c1cc(C(F)(F)F)cc(C(F)(F)F)c1)c1cc(C(F)(F)F)cc(C(F)(F)F)c1)c1ccccc1,True,CC(C)(C)P(CB(c1cc(C(F)(F)F)cc(C(F)(F)F)c1)c1cc(C(F)(F)F)cc(C(F)(F)F)c1)c1ccccc1,CC(C)(C)P(CB(c1cc(C(F)(F)F)cc(C(F)(F)F)c1)c1cc(C(F)(F)F)cc(C(F)(F)F)c1)c1ccccc1,[],True,1,0.6052631578947368,True,True,False,False,True,False,True,[],0,41,True,True,True,True,"['LA_B_aryl', 'LA_B_diaryl', 'LA_B_tricoordinate']",['LB_phosphine'],[],[],LA_LB_no_negative_flags,2,True,True,False,False,True,101,1
P,phenyl,cyclohexyl,C5,phenyl,pentafluorophenyl,<LB_P><LB1_phenyl><LB2_cyclohexyl><LINKER_C5><LA1_phenyl><LA2_pentafluorophenyl>,Fc1c(F)c(F)c(B(CCCCCP(c2ccccc2)C2CCCCC2)c2ccccc2)c(F)c1F,True,Fc1c(F)c(F)c(B(CCCCCP(c2ccccc2)C2CCCCC2)c2ccccc2)c(F)c1F,Fc1c(F)c(F)c(B(CCCCCP(c2ccccc2)C2CCCCC2)c2ccccc2)c(F)c1F,[],True,1,0.5319148936170213,True,True,False,False,True,False,True,[],0,36,True,True,True,True,"['LA_B_aryl', 'LA_B_diaryl', 'LA_B_polyhalogenated_aryl', 'LA_B_tricoordinate']",['LB_phosphine'],[],[],LA_LB_no_negative_flags,6,True,True,False,False,True,101,1
P,tert_butyl,tert_butyl,C4,p_tolyl,mesityl,<LB_P><LB1_tert_butyl><LB2_tert_butyl><LINKER_C4><LA1_p_tolyl><LA2_mesityl>,Cc1ccc(B(CCCCP(C(C)(C)C)C(C)(C)C)c2c(C)cc(C)cc2C)cc1,True,Cc1ccc(B(CCCCP(C(C)(C)C)C(C)(C)C)c2c(C)cc(C)cc2C)cc1,Cc1ccc(B(CCCCP(C(C)(C)C)C(C)(C)C)c2c(C)cc(C)cc2C)cc1,[],True,1,0.4375,True,True,False,False,True,False,True,[],0,30,True,True,True,True,"['LA_B_aryl', 'LA_B_diaryl', 'LA_B_tricoordinate']",['LB_phosphine'],[],[],LA_LB_no_negative_flags,5,True,True,False,False,True,101,2
N,ethyl,phenyl,C3,pentafluorophenyl,pentafluorophenyl,<LB_N><LB1_ethyl><LB2_phenyl><LINKER_C3><LA1_pentafluorophenyl><LA2_pentafluorophenyl>,CCN(CCCB(c1c(F)c(F)c(F)c(F)c1F)c1c(F)c(F)c(F)c(F)c1F)c1ccccc1,True,CCN(CCCB(c1c(F)c(F)c(F)c(F)c1F)c1c(F)c(F)c(F)c(F)c1F)c1ccccc1,CCN(CCCB(c1c(F)c(F)c(F)c(F)c1F)c1c(F)c(F)c(F)c(F)c1F)c1ccccc1,[],True,1,0.46511627906976744,True,True,False,False,True,False,True,[],0,35,True,True,True,True,"['LA_B_aryl', 'LA_B_diaryl', 'LA_B_polyhalogenated_aryl', 'LA_B_tricoordinate']",['LB_amine'],[],[],LA_LB_no_negative_flags,4,True,True,False,False,True,101,2
P,phenyl,isopropyl,C6,p_tolyl,pentachlorophenyl,<LB_P><LB1_phenyl><LB2_isopropyl><LINKER_C6><LA1_p_tolyl><LA2_pentachlorophenyl>,Cc1ccc(B(CCCCCCP(c2ccccc2)C(C)C)c2c(Cl)c(Cl)c(Cl)c(Cl)c2Cl)cc1,True,Cc1ccc(B(CCCCCCP(c2ccccc2)C(C)C)c2c(Cl)c(Cl)c(Cl)c(Cl)c2Cl)cc1,Cc1ccc(B(CCCCCCP(c2ccccc2)C(C)C)c2c(Cl)c(Cl)c(Cl)c(Cl)c2Cl)cc1,[],True,1,0.4166666666666667,True,True,False,False,True,False,True,[],0,35,True,True,True,True,"['LA_B_aryl', 'LA_B_diaryl', 'LA_B_polyhalogenated_aryl', 'LA_B_tricoordinate']",['LB_phosphine'],[],[],LA_LB_no_negative_flags,7,True,True,False,False,True,101,2
N,phenyl,phenyl,C1,phenyl,bis_cf3_phenyl,<LB_N><LB1_phenyl><LB2_phenyl><LINKER_C1><LA1_phenyl><LA2_bis_cf3_phenyl>,FC(F)(F)c1cc(B(CN(c2ccccc2)c2ccccc2)c2ccccc2)cc(C(F)(F)F)c1,True,FC(F)(F)c1cc(B(CN(c2ccccc2)c2ccccc2)c2ccccc2)cc(C(F)(F)F)c1,FC(F)(F)c1cc(B(CN(c2ccccc2)c2ccccc2)c2ccccc2)cc(C(F)(F)F)c1,[],True,1,0.40476190476190477,True,True,False,False,True,False,True,[],0,35,True,True,True,True,"['LA_B_aryl', 'LA_B_diaryl', 'LA_B_tricoordinate']",['LB_amine'],[],[],LA_LB_no_negative_flags,2,True,True,False,False,True,101,3
P,tert_butyl,tert_butyl,C4,pentachlorophenyl,bis_cf3_phenyl,<LB_P><LB1_tert_butyl><LB2_tert_butyl><LINKER_C4><LA1_pentachlorophenyl><LA2_bis_cf3_phenyl>,CC(C)(C)P(CCCCB(c1cc(C(F)(F)F)cc(C(F)(F)F)c1)c1c(Cl)c(Cl)c(Cl)c(Cl)c1Cl)C(C)(C)C,True,CC(C)(C)P(CCCCB(c1cc(C(F)(F)F)cc(C(F)(F)F)c1)c1c(Cl)c(Cl)c(Cl)c(Cl)c1Cl)C(C)(C)C,CC(C)(C)P(CCCCB(c1cc(C(F)(F)F)cc(C(F)(F)F)c1)c1c(Cl)c(Cl)c(Cl)c(Cl)c1Cl)C(C)(C)C,[],True,1,0.5348837209302325,True,True,False,False,True,False,True,[],0,39,True,True,True,True,"['LA_B_aryl', 'LA_B_diaryl', 'LA_B_polyhalogenated_aryl', 'LA_B_tricoordinate']",['LB_phosphine'],[],[],LA_LB_no_negative_flags,5,True,True,False,False,True,101,1
P,tert_butyl,tert_butyl,C4,pentafluorophenyl,pentachlorophenyl,<LB_P><LB1_tert_butyl><LB2_tert_butyl><LINKER_C4><LA1_pentafluorophenyl><LA2_pentachlorophenyl>,CC(C)(C)P(CCCCB(c1c(F)c(F)c(F)c(F)c1F)c1c(Cl)c(Cl)c(Cl)c(Cl)c1Cl)C(C)(C)C,True,CC(C)(C)P(CCCCB(c1c(F)c(F)c(F)c(F)c1F)c1c(Cl)c(Cl)c(Cl)c(Cl)c1Cl)C(C)(C)C,CC(C)(C)P(CCCCB(c1c(F)c(F)c(F)c(F)c1F)c1c(Cl)c(Cl)c(Cl)c(Cl)c1Cl)C(C)(C)C,[],True,1,0.4864864864864865,True,True,False,False,True,False,True,[],0,36,True,True,True,True,"['LA_B_aryl', 'LA_B_diaryl', 'LA_B_polyhalogenated_aryl', 'LA_B_tricoordinate']",['LB_phosphine'],[],[],LA_LB_no_negative_flags,5,True,True,False,False,True,101,2
P,tert_butyl,isopropyl,C4,mesityl,bis_cf3_phenyl,<LB_P><LB1_tert_butyl><LB2_isopropyl><LINKER_C4><LA1_mesityl><LA2_bis_cf3_phenyl>,Cc1cc(C)c(B(CCCCP(C(C)C)C(C)(C)C)c2cc(C(F)(F)F)cc(C(F)(F)F)c2)c(C)c1,True,Cc1cc(C)c(B(CCCCP(C(C)C)C(C)(C)C)c2cc(C(F)(F)F)cc(C(F)(F)F)c2)c(C)c1,Cc1cc(C)c(B(CCCCP(C(C)C)C(C)(C)C)c2cc(C(F)(F)F)cc(C(F)(F)F)c2)c(C)c1,[],True,1,0.4583333333333333,True,True,False,False,True,False,True,[],0,36,True,True,True,True,"['LA_B_aryl', 'LA_B_diaryl', 'LA_B_tricoordinate']",['LB_phosphine'],[],[],LA_LB_no_negative_flags,5,True,True,False,False,True,101,1
P,tert_butyl,tert_butyl,C4,mesityl,pentachlorophenyl,<LB_P><LB1_tert_butyl><LB2_tert_butyl><LINKER_C4><LA1_mesityl><LA2_pentachlorophenyl>,Cc1cc(C)c(B(CCCCP(C(C)(C)C)C(C)(C)C)c2c(Cl)c(Cl)c(Cl)c(Cl)c2Cl)c(C)c1,True,Cc1cc(C)c(B(CCCCP(C(C)(C)C)C(C)(C)C)c2c(Cl)c(Cl)c(Cl)c(Cl)c2Cl)c(C)c1,Cc1cc(C)c(B(CCCCP(C(C)(C)C)C(C)(C)C)c2c(Cl)c(Cl)c(Cl)c(Cl)c2Cl)c(C)c1,[],True,1,0.5348837209302325,True,True,False,False,True,False,True,[],0,34,True,True,True,True,"['LA_B_aryl', 'LA_B_diaryl', 'LA_B_polyhalogenated_aryl', 'LA_B_tricoordinate']",['LB_phosphine'],[],[],LA_LB_no_negative_flags,5,True,True,False,False,True,101,2
P,tert_butyl,tert_butyl,C1,mesityl,bis_cf3_phenyl,<LB_P><LB1_tert_butyl><LB2_tert_butyl><LINKER_C1><LA1_mesityl><LA2_bis_cf3_phenyl>,Cc1cc(C)c(B(CP(C(C)(C)C)C(C)(C)C)c2cc(C(F)(F)F)cc(C(F)(F)F)c2)c(C)c1,True,Cc1cc(C)c(B(CP(C(C)(C)C)C(C)(C)C)c2cc(C(F)(F)F)cc(C(F)(F)F)c2)c(C)c1,Cc1cc(C)c(B(CP(C(C)(C)C)C(C)(C)C)c2cc(C(F)(F)F)cc(C(F)(F)F)c2)c(C)c1,[],True,1,0.7222222222222222,True,True,False,False,True,False,True,[],0,34,True,True,True,True,"['LA_B_aryl', 'LA_B_diaryl', 'LA_B_tricoordinate']",['LB_phosphine'],[],[],LA_LB_no_negative_flags,2,True,True,False,False,True,101,1
N,methyl,phenyl,C4,mesityl,pentafluorophenyl,<LB_N><LB1_methyl><LB2_phenyl><LINKER_C4><LA1_mesityl><LA2_pentafluorophenyl>,Cc1cc(C)c(B(CCCCN(C)c2ccccc2)c2c(F)c(F)c(F)c(F)c2F)c(C)c1,True,Cc1cc(C)c(B(CCCCN(C)c2ccccc2)c2c(F)c(F)c(F)c(F)c2F)c(C)c1,Cc1cc(C)c(B(CCCCN(C)c2ccccc2)c2c(F)c(F)c(F)c(F)c2F)c(C)c1,[],True,1,0.4897959183673469,True,True,False,False,True,False,True,[],0,33,True,True,True,True,"['LA_B_aryl', 'LA_B_diaryl', 'LA_B_polyhalogenated_aryl', 'LA_B_tricoordinate']",['LB_amine'],[],[],LA_LB_no_negative_flags,5,True,True,False,False,True,101,1
P,mesityl,tert_butyl,C2,pentachlorophenyl,bis_cf3_phenyl,<LB_P><LB1_mesityl><LB2_tert_butyl><LINKER_C2><LA1_pentachlorophenyl><LA2_bis_cf3_phenyl>,Cc1cc(C)c(P(CCB(c2cc(C(F)(F)F)cc(C(F)(F)F)c2)c2c(Cl)c(Cl)c(Cl)c(Cl)c2Cl)C(C)(C)C)c(C)c1,True,Cc1cc(C)c(P(CCB(c2cc(C(F)(F)F)cc(C(F)(F)F)c2)c2c(Cl)c(Cl)c(Cl)c(Cl)c2Cl)C(C)(C)C)c(C)c1,Cc1cc(C)c(P(CCB(c2cc(C(F)(F)F)cc(C(F)(F)F)c2)c2c(Cl)c(Cl)c(Cl)c(Cl)c2Cl)C(C)(C)C)c(C)c1,[],True,1,0.5208333333333334,True,True,False,False,True,False,True,[],0,42,True,True,True,True,"['LA_B_aryl', 'LA_B_diaryl', 'LA_B_polyhalogenated_aryl', 'LA_B_tricoordinate']",['LB_phosphine'],[],[],LA_LB_no_negative_flags,3,True,True,False,False,True,101,2
P,cyclohexyl,isopropyl,C2,mesityl,mesityl,<LB_P><LB1_cyclohexyl><LB2_isopropyl><LINKER_C2><LA1_mesityl><LA2_mesityl>,Cc1cc(C)c(B(CCP(C(C)C)C2CCCCC2)c2c(C)cc(C)cc2C)c(C)c1,True,Cc1cc(C)c(B(CCP(C(C)C)C2CCCCC2)c2c(C)cc(C)cc2C)c(C)c1,Cc1cc(C)c(B(CCP(C(C)C)C2CCCCC2)c2c(C)cc(C)cc2C)c(C)c1,[],True,1,0.4117647058823529,True,True,False,False,True,False,True,[],0,31,True,True,True,True,"['LA_B_aryl', 'LA_B_diaryl', 'LA_B_tricoordinate']",['LB_phosphine'],[],[],LA_LB_no_negative_flags,3,True,True,False,False,True,101,1
N,isopropyl,phenyl,C5,phenyl,pentafluorophenyl,<LB_N><LB1_isopropyl><LB2_phenyl><LINKER_C5><LA1_phenyl><LA2_pentafluorophenyl>,CC(C)N(CCCCCB(c1ccccc1)c1c(F)c(F)c(F)c(F)c1F)c1ccccc1,True,CC(C)N(CCCCCB(c1ccccc1)c1c(F)c(F)c(F)c(F)c1F)c1ccccc1,CC(C)N(CCCCCB(c1ccccc1)c1c(F)c(F)c(F)c(F)c1F)c1ccccc1,[],True,1,0.40816326530612246,True,True,False,False,True,False,True,[],0,33,True,True,True,True,"['LA_B_aryl', 'LA_B_diaryl', 'LA_B_polyhalogenated_aryl', 'LA_B_tricoordinate']",['LB_amine'],[],[],LA_LB_no_negative_flags,6,True,True,False,False,True,101,3
P,isopropyl,isopropyl,C5,p_tolyl,mesityl,<LB_P><LB1_isopropyl><LB2_isopropyl><LINKER_C5><LA1_p_tolyl><LA2_mesityl>,Cc1ccc(B(CCCCCP(C(C)C)C(C)C)c2c(C)cc(C)cc2C)cc1,True,Cc1ccc(B(CCCCCP(C(C)C)C(C)C)c2c(C)cc(C)cc2C)cc1,Cc1ccc(B(CCCCCP(C(C)C)C(C)C)c2c(C)cc(C)cc2C)cc1,[],True,1,0.42857142857142855,True,True,False,False,True,False,True,[],0,29,True,True,True,True,"['LA_B_aryl', 'LA_B_diaryl', 'LA_B_tricoordinate']",['LB_phosphine'],[],[],LA_LB_no_negative_flags,6,True,True,False,False,True,101,1
P,phenyl,phenyl,C4,p_tolyl,bis_cf3_phenyl,<LB_P><LB1_phenyl><LB2_phenyl><LINKER_C4><LA1_p_tolyl><LA2_bis_cf3_phenyl>,Cc1ccc(B(CCCCP(c2ccccc2)c2ccccc2)c2cc(C(F)(F)F)cc(C(F)(F)F)c2)cc1,True,Cc1ccc(B(CCCCP(c2ccccc2)c2ccccc2)c2cc(C(F)(F)F)cc(C(F)(F)F)c2)cc1,Cc1ccc(B(CCCCP(c2ccccc2)c2ccccc2)c2cc(C(F)(F)F)cc(C(F)(F)F)c2)cc1,[],True,1,0.46938775510204084,True,True,False,False,True,False,True,[],0,39,True,True,True,True,"['LA_B_aryl', 'LA_B_diaryl', 'LA_B_tricoordinate']",['LB_phosphine'],[],[],LA_LB_no_negative_flags,5,True,True,False,False,True,101,1
P,phenyl,phenyl,C4,pentafluorophenyl,bis_cf3_phenyl,<LB_P><LB1_phenyl><LB2_phenyl><LINKER_C4><LA1_pentafluorophenyl><LA2_bis_cf3_phenyl>,Fc1c(F)c(F)c(B(CCCCP(c2ccccc2)c2ccccc2)c2cc(C(F)(F)F)cc(C(F)(F)F)c2)c(F)c1F,True,Fc1c(F)c(F)c(B(CCCCP(c2ccccc2)c2ccccc2)c2cc(C(F)(F)F)cc(C(F)(F)F)c2)c(F)c1F,Fc1c(F)c(F)c(B(CCCCP(c2ccccc2)c2ccccc2)c2cc(C(F)(F)F)cc(C(F)(F)F)c2)c(F)c1F,[],True,1,0.6904761904761905,True,True,False,False,True,False,True,[],0,43,True,True,True,True,"['LA_B_aryl', 'LA_B_diaryl', 'LA_B_polyhalogenated_aryl', 'LA_B_tricoordinate']",['LB_phosphine'],[],[],LA_LB_no_negative_flags,5,True,True,False,False,True,101,1
P,phenyl,mesityl,C4,p_tolyl,bis_cf3_phenyl,<LB_P><LB1_phenyl><LB2_mesityl><LINKER_C4><LA1_p_tolyl><LA2_bis_cf3_phenyl>,Cc1ccc(B(CCCCP(c2ccccc2)c2c(C)cc(C)cc2C)c2cc(C(F)(F)F)cc(C(F)(F)F)c2)cc1,True,Cc1ccc(B(CCCCP(c2ccccc2)c2c(C)cc(C)cc2C)c2cc(C(F)(F)F)cc(C(F)(F)F)c2)cc1,Cc1ccc(B(CCCCP(c2ccccc2)c2c(C)cc(C)cc2C)c2cc(C(F)(F)F)cc(C(F)(F)F)c2)cc1,[],True,1,0.45454545454545453,True,True,False,False,True,False,True,[],0,42,True,True,True,True,"['LA_B_aryl', 'LA_B_diaryl', 'LA_B_tricoordinate']",['LB_phosphine'],[],[],LA_LB_no_negative_flags,5,True,True,False,False,True,101,1
P,cyclohexyl,isopropyl,C3,phenyl,pentafluorophenyl,<LB_P><LB1_cyclohexyl><LB2_isopropyl><LINKER_C3><LA1_phenyl><LA2_pentafluorophenyl>,CC(C)P(CCCB(c1ccccc1)c1c(F)c(F)c(F)c(F)c1F)C1CCCCC1,True,CC(C)P(CCCB(c1ccccc1)c1c(F)c(F)c(F)c(F)c1F)C1CCCCC1,CC(C)P(CCCB(c1ccccc1)c1c(F)c(F)c(F)c(F)c1F)C1CCCCC1,[],True,1,0.40384615384615385,True,True,False,False,True,False,True,[],0,31,True,True,True,True,"['LA_B_aryl', 'LA_B_diaryl', 'LA_B_polyhalogenated_aryl', 'LA_B_tricoordinate']",['LB_phosphine'],[],[],LA_LB_no_negative_flags,4,True,True,False,False,True,101,3
N,methyl,phenyl,C2,pentafluorophenyl,pentachlorophenyl,<LB_N><LB1_methyl><LB2_phenyl><LINKER_C2><LA1_pentafluorophenyl><LA2_pentachlorophenyl>,CN(CCB(c1c(F)c(F)c(F)c(F)c1F)c1c(Cl)c(Cl)c(Cl)c(Cl)c1Cl)c1ccccc1,True,CN(CCB(c1c(F)c(F)c(F)c(F)c1F)c1c(Cl)c(Cl)c(Cl)c(Cl)c1Cl)c1ccccc1,CN(CCB(c1c(F)c(F)c(F)c(F)c1F)c1c(Cl)c(Cl)c(Cl)c(Cl)c1Cl)c1ccccc1,[],True,1,0.4222222222222222,True,True,False,False,True,False,True,[],0,33,True,True,True,True,"['LA_B_aryl', 'LA_B_diaryl', 'LA_B_polyhalogenated_aryl', 'LA_B_tricoordinate']",['LB_amine'],[],[],LA_LB_no_negative_flags,3,True,True,False,False,True,101,2
P,tert_butyl,isopropyl,C5,mesityl,mesityl,<LB_P><LB1_tert_butyl><LB2_isopropyl><LINKER_C5><LA1_mesityl><LA2_mesityl>,Cc1cc(C)c(B(CCCCCP(C(C)C)C(C)(C)C)c2c(C)cc(C)cc2C)c(C)c1,True,Cc1cc(C)c(B(CCCCCP(C(C)C)C(C)(C)C)c2c(C)cc(C)cc2C)c(C)c1,Cc1cc(C)c(B(CCCCCP(C(C)C)C(C)(C)C)c2c(C)cc(C)cc2C)c(C)c1,[],True,1,0.45652173913043476,True,True,False,False,True,False,True,[],0,32,True,True,True,True,"['LA_B_aryl', 'LA_B_diaryl', 'LA_B_tricoordinate']",['LB_phosphine'],[],[],LA_LB_no_negative_flags,6,True,True,False,False,True,101,1
P,tert_butyl,isopropyl,C6,pentafluorophenyl,pentafluorophenyl,<LB_P><LB1_tert_butyl><LB2_isopropyl><LINKER_C6><LA1_pentafluorophenyl><LA2_pentafluorophenyl>,CC(C)P(CCCCCCB(c1c(F)c(F)c(F)c(F)c1F)c1c(F)c(F)c(F)c(F)c1F)C(C)(C)C,True,CC(C)P(CCCCCCB(c1c(F)c(F)c(F)c(F)c1F)c1c(F)c(F)c(F)c(F)c1F)C(C)(C)C,CC(C)P(CCCCCCB(c1c(F)c(F)c(F)c(F)c1F)c1c(F)c(F)c(F)c(F)c1F)C(C)(C)C,[],True,1,0.45454545454545453,True,True,False,False,True,False,True,[],0,37,True,True,True,True,"['LA_B_aryl', 'LA_B_diaryl', 'LA_B_polyhalogenated_aryl', 'LA_B_tricoordinate']",['LB_phosphine'],[],[],LA_LB_no_negative_flags,7,True,True,False,False,True,101,1
N,ethyl,ethyl,C5,bis_cf3_phenyl,bis_cf3_phenyl,<LB_N><LB1_ethyl><LB2_ethyl><LINKER_C5><LA1_bis_cf3_phenyl><LA2_bis_cf3_phenyl>,CCN(CC)CCCCCB(c1cc(C(F)(F)F)cc(C(F)(F)F)c1)c1cc(C(F)(F)F)cc(C(F)(F)F)c1,True,CCN(CC)CCCCCB(c1cc(C(F)(F)F)cc(C(F)(F)F)c1)c1cc(C(F)(F)F)cc(C(F)(F)F)c1,CCN(CC)CCCCCB(c1cc(C(F)(F)F)cc(C(F)(F)F)c1)c1cc(C(F)(F)F)cc(C(F)(F)F)c1,[],True,1,0.42857142857142855,True,True,False,False,True,False,True,[],0,39,True,True,True,True,"['LA_B_aryl', 'LA_B_diaryl', 'LA_B_tricoordinate']",['LB_amine'],[],[],LA_LB_no_negative_flags,6,True,True,False,False,True,101,1
P,mesityl,cyclohexyl,C1,bis_cf3_phenyl,bis_cf3_phenyl,<LB_P><LB1_mesityl><LB2_cyclohexyl><LINKER_C1><LA1_bis_cf3_phenyl><LA2_bis_cf3_phenyl>,Cc1cc(C)c(P(CB(c2cc(C(F)(F)F)cc(C(F)(F)F)c2)c2cc(C(F)(F)F)cc(C(F)(F)F)c2)C2CCCCC2)c(C)c1,True,Cc1cc(C)c(P(CB(c2cc(C(F)(F)F)cc(C(F)(F)F)c2)c2cc(C(F)(F)F)cc(C(F)(F)F)c2)C2CCCCC2)c(C)c1,Cc1cc(C)c(P(CB(c2cc(C(F)(F)F)cc(C(F)(F)F)c2)c2cc(C(F)(F)F)cc(C(F)(F)F)c2)C2CCCCC2)c(C)c1,[],True,1,0.45652173913043476,True,True,False,False,True,False,True,[],0,46,True,True,True,True,"['LA_B_aryl', 'LA_B_diaryl', 'LA_B_tricoordinate']",['LB_phosphine'],[],[],LA_LB_no_negative_flags,2,True,True,False,False,True,101,1
P,mesityl,tert_butyl,C6,phenyl,mesityl,<LB_P><LB1_mesityl><LB2_tert_butyl><LINKER_C6><LA1_phenyl><LA2_mesityl>,Cc1cc(C)c(B(CCCCCCP(c2c(C)cc(C)cc2C)C(C)(C)C)c2ccccc2)c(C)c1,True,Cc1cc(C)c(B(CCCCCCP(c2c(C)cc(C)cc2C)C(C)(C)C)c2ccccc2)c(C)c1,Cc1cc(C)c(B(CCCCCCP(c2c(C)cc(C)cc2C)C(C)(C)C)c2ccccc2)c(C)c1,[],True,1,0.43137254901960786,True,True,False,False,True,False,True,[],0,36,True,True,True,True,"['LA_B_aryl', 'LA_B_diaryl', 'LA_B_tricoordinate']",['LB_phosphine'],[],[],LA_LB_no_negative_flags,7,True,True,False,False,True,101,2
N,methyl,methyl,C1,phenyl,pentachlorophenyl,<LB_N><LB1_methyl><LB2_methyl><LINKER_C1><LA1_phenyl><LA2_pentachlorophenyl>,CN(C)CB(c1ccccc1)c1c(Cl)c(Cl)c(Cl)c(Cl)c1Cl,True,CN(C)CB(c1ccccc1)c1c(Cl)c(Cl)c(Cl)c(Cl)c1Cl,CN(C)CB(c1ccccc1)c1c(Cl)c(Cl)c(Cl)c(Cl)c1Cl,[],True,1,0.40540540540540543,True,True,False,False,True,False,True,[],0,22,True,True,True,True,"['LA_B_aryl', 'LA_B_diaryl', 'LA_B_polyhalogenated_aryl', 'LA_B_tricoordinate']",['LB_amine'],[],[],LA_LB_no_negative_flags,2,True,True,False,False,True,101,2
P,tert_butyl,isopropyl,C1,pentachlorophenyl,pentachlorophenyl,<LB_P><LB1_tert_butyl><LB2_isopropyl><LINKER_C1><LA1_pentachlorophenyl><LA2_pentachlorophenyl>,CC(C)P(CB(c1c(Cl)c(Cl)c(Cl)c(Cl)c1Cl)c1c(Cl)c(Cl)c(Cl)c(Cl)c1Cl)C(C)(C)C,True,CC(C)P(CB(c1c(Cl)c(Cl)c(Cl)c(Cl)c1Cl)c1c(Cl)c(Cl)c(Cl)c(Cl)c1Cl)C(C)(C)C,CC(C)P(CB(c1c(Cl)c(Cl)c(Cl)c(Cl)c1Cl)c1c(Cl)c(Cl)c(Cl)c(Cl)c1Cl)C(C)(C)C,[],True,1,0.6206896551724138,True,True,False,False,True,False,True,[],0,32,True,True,True,True,"['LA_B_aryl', 'LA_B_diaryl', 'LA_B_polyhalogenated_aryl', 'LA_B_tricoordinate']",['LB_phosphine'],[],[],LA_LB_no_negative_flags,2,True,True,False,False,True,101,1
P,tert_butyl,isopropyl,C6,pentafluorophenyl,bis_cf3_phenyl,<LB_P><LB1_tert_butyl><LB2_isopropyl><LINKER_C6><LA1_pentafluorophenyl><LA2_bis_cf3_phenyl>,CC(C)P(CCCCCCB(c1cc(C(F)(F)F)cc(C(F)(F)F)c1)c1c(F)c(F)c(F)c(F)c1F)C(C)(C)C,True,CC(C)P(CCCCCCB(c1cc(C(F)(F)F)cc(C(F)(F)F)c1)c1c(F)c(F)c(F)c(F)c1F)C(C)(C)C,CC(C)P(CCCCCCB(c1cc(C(F)(F)F)cc(C(F)(F)F)c1)c1c(F)c(F)c(F)c(F)c1F)C(C)(C)C,[],True,1,0.46808510638297873,True,True,False,False,True,False,True,[],0,40,True,True,True,True,"['LA_B_aryl', 'LA_B_diaryl', 'LA_B_polyhalogenated_aryl', 'LA_B_tricoordinate']",['LB_phosphine'],[],[],LA_LB_no_negative_flags,7,True,True,False,False,True,101,2
N,ethyl,isopropyl,C6,phenyl,pentafluorophenyl,<LB_N><LB1_ethyl><LB2_isopropyl><LINKER_C6><LA1_phenyl><LA2_pentafluorophenyl>,CCN(CCCCCCB(c1ccccc1)c1c(F)c(F)c(F)c(F)c1F)C(C)C,True,CCN(CCCCCCB(c1ccccc1)c1c(F)c(F)c(F)c(F)c1F)C(C)C,CCN(CCCCCCB(c1ccccc1)c1c(F)c(F)c(F)c(F)c1F)C(C)C,[],True,1,0.4791666666666667,True,True,False,False,True,False,True,[],0,30,True,True,True,True,"['LA_B_aryl', 'LA_B_diaryl', 'LA_B_polyhalogenated_aryl', 'LA_B_tricoordinate']",['LB_amine'],[],[],LA_LB_no_negative_flags,7,True,True,False,False,True,101,2
P,mesityl,tert_butyl,C1,pentachlorophenyl,bis_cf3_phenyl,<LB_P><LB1_mesityl><LB2_tert_butyl><LINKER_C1><LA1_pentachlorophenyl><LA2_bis_cf3_phenyl>,Cc1cc(C)c(P(CB(c2cc(C(F)(F)F)cc(C(F)(F)F)c2)c2c(Cl)c(Cl)c(Cl)c(Cl)c2Cl)C(C)(C)C)c(C)c1,True,Cc1cc(C)c(P(CB(c2cc(C(F)(F)F)cc(C(F)(F)F)c2)c2c(Cl)c(Cl)c(Cl)c(Cl)c2Cl)C(C)(C)C)c(C)c1,Cc1cc(C)c(P(CB(c2cc(C(F)(F)F)cc(C(F)(F)F)c2)c2c(Cl)c(Cl)c(Cl)c(Cl)c2Cl)C(C)(C)C)c(C)c1,[],True,1,0.4782608695652174,True,True,False,False,True,False,True,[],0,41,True,True,True,True,"['LA_B_aryl', 'LA_B_diaryl', 'LA_B_polyhalogenated_aryl', 'LA_B_tricoordinate']",['LB_phosphine'],[],[],LA_LB_no_negative_flags,2,True,True,False,False,True,101,1
N,ethyl,phenyl,C1,pentafluorophenyl,pentafluorophenyl,<LB_N><LB1_ethyl><LB2_phenyl><LINKER_C1><LA1_pentafluorophenyl><LA2_pentafluorophenyl>,CCN(CB(c1c(F)c(F)c(F)c(F)c1F)c1c(F)c(F)c(F)c(F)c1F)c1ccccc1,True,CCN(CB(c1c(F)c(F)c(F)c(F)c1F)c1c(F)c(F)c(F)c(F)c1F)c1ccccc1,CCN(CB(c1c(F)c(F)c(F)c(F)c1F)c1c(F)c(F)c(F)c(F)c1F)c1ccccc1,[],True,1,0.4878048780487805,True,True,False,False,True,False,True,[],0,33,True,True,True,True,"['LA_B_aryl', 'LA_B_diaryl', 'LA_B_polyhalogenated_aryl', 'LA_B_tricoordinate']",['LB_amine'],[],[],LA_LB_no_negative_flags,2,True,True,False,False,True,101,2
P,mesityl,tert_butyl,C5,p_tolyl,pentachlorophenyl,<LB_P><LB1_mesityl><LB2_tert_butyl><LINKER_C5><LA1_p_tolyl><LA2_pentachlorophenyl>,Cc1ccc(B(CCCCCP(c2c(C)cc(C)cc2C)C(C)(C)C)c2c(Cl)c(Cl)c(Cl)c(Cl)c2Cl)cc1,True,Cc1ccc(B(CCCCCP(c2c(C)cc(C)cc2C)C(C)(C)C)c2c(Cl)c(Cl)c(Cl)c(Cl)c2Cl)cc1,Cc1ccc(B(CCCCCP(c2c(C)cc(C)cc2C)C(C)(C)C)c2c(Cl)c(Cl)c(Cl)c(Cl)c2Cl)cc1,[],True,1,0.4897959183673469,True,True,False,False,True,False,True,[],0,38,True,True,True,True,"['LA_B_aryl', 'LA_B_diaryl', 'LA_B_polyhalogenated_aryl', 'LA_B_tricoordinate']",['LB_phosphine'],[],[],LA_LB_no_negative_flags,6,True,True,False,False,True,101,1
P,phenyl,tert_butyl,C5,mesityl,pentafluorophenyl,<LB_P><LB1_phenyl><LB2_tert_butyl><LINKER_C5><LA1_mesityl><LA2_pentafluorophenyl>,Cc1cc(C)c(B(CCCCCP(c2ccccc2)C(C)(C)C)c2c(F)c(F)c(F)c(F)c2F)c(C)c1,True,Cc1cc(C)c(B(CCCCCP(c2ccccc2)C(C)(C)C)c2c(F)c(F)c(F)c(F)c2F)c(C)c1,Cc1cc(C)c(B(CCCCCP(c2ccccc2)C(C)(C)C)c2c(F)c(F)c(F)c(F)c2F)c(C)c1,[],True,1,0.5416666666666666,True,True,False,False,True,False,True,[],0,37,True,True,True,True,"['LA_B_aryl', 'LA_B_diaryl', 'LA_B_polyhalogenated_aryl', 'LA_B_tricoordinate']",['LB_phosphine'],[],[],LA_LB_no_negative_flags,6,True,True,False,False,True,101,1
N,ethyl,ethyl,C1,p_tolyl,bis_cf3_phenyl,<LB_N><LB1_ethyl><LB2_ethyl><LINKER_C1><LA1_p_tolyl><LA2_bis_cf3_phenyl>,CCN(CC)CB(c1ccc(C)cc1)c1cc(C(F)(F)F)cc(C(F)(F)F)c1,True,CCN(CC)CB(c1ccc(C)cc1)c1cc(C(F)(F)F)cc(C(F)(F)F)c1,CCN(CC)CB(c1ccc(C)cc1)c1cc(C(F)(F)F)cc(C(F)(F)F)c1,[],True,1,0.4186046511627907,True,True,False,False,True,False,True,[],0,28,True,True,True,True,"['LA_B_aryl', 'LA_B_diaryl', 'LA_B_tricoordinate']",['LB_amine'],[],[],LA_LB_no_negative_flags,2,True,True,False,False,True,101,1
P,mesityl,tert_butyl,C4,phenyl,phenyl,<LB_P><LB1_mesityl><LB2_tert_butyl><LINKER_C4><LA1_phenyl><LA2_phenyl>,Cc1cc(C)c(P(CCCCB(c2ccccc2)c2ccccc2)C(C)(C)C)c(C)c1,True,Cc1cc(C)c(P(CCCCB(c2ccccc2)c2ccccc2)C(C)(C)C)c(C)c1,Cc1cc(C)c(P(CCCCB(c2ccccc2)c2ccccc2)C(C)(C)C)c(C)c1,[],True,1,0.4375,True,True,False,False,True,False,True,[],0,31,True,True,True,True,"['LA_B_aryl', 'LA_B_diaryl', 'LA_B_tricoordinate']",['LB_phosphine'],[],[],LA_LB_no_negative_flags,5,True,True,False,False,True,101,3
N,phenyl,phenyl,C2,mesityl,pentachlorophenyl,<LB_N><LB1_phenyl><LB2_phenyl><LINKER_C2><LA1_mesityl><LA2_pentachlorophenyl>,Cc1cc(C)c(B(CCN(c2ccccc2)c2ccccc2)c2c(Cl)c(Cl)c(Cl)c(Cl)c2Cl)c(C)c1,True,Cc1cc(C)c(B(CCN(c2ccccc2)c2ccccc2)c2c(Cl)c(Cl)c(Cl)c(Cl)c2Cl)c(C)c1,Cc1cc(C)c(B(CCN(c2ccccc2)c2ccccc2)c2c(Cl)c(Cl)c(Cl)c(Cl)c2Cl)c(C)c1,[],True,1,0.4772727272727273,True,True,False,False,True,False,True,[],0,36,True,True,True,True,"['LA_B_aryl', 'LA_B_diaryl', 'LA_B_polyhalogenated_aryl', 'LA_B_tricoordinate']",['LB_amine'],[],[],LA_LB_no_negative_flags,3,True,True,False,False,True,101,3
P,phenyl,isopropyl,C5,phenyl,phenyl,<LB_P><LB1_phenyl><LB2_isopropyl><LINKER_C5><LA1_phenyl><LA2_phenyl>,CC(C)P(CCCCCB(c1ccccc1)c1ccccc1)c1ccccc1,True,CC(C)P(CCCCCB(c1ccccc1)c1ccccc1)c1ccccc1,CC(C)P(CCCCCB(c1ccccc1)c1ccccc1)c1ccccc1,[],True,1,0.4090909090909091,True,True,False,False,True,False,True,[],0,28,True,True,True,True,"['LA_B_aryl', 'LA_B_diaryl', 'LA_B_tricoordinate']",['LB_phosphine'],[],[],LA_LB_no_negative_flags,6,True,True,False,False,True,101,2
P,phenyl,mesityl,C3,p_tolyl,pentachlorophenyl,<LB_P><LB1_phenyl><LB2_mesityl><LINKER_C3><LA1_p_tolyl><LA2_pentachlorophenyl>,Cc1ccc(B(CCCP(c2ccccc2)c2c(C)cc(C)cc2C)c2c(Cl)c(Cl)c(Cl)c(Cl)c2Cl)cc1,True,Cc1ccc(B(CCCP(c2ccccc2)c2c(C)cc(C)cc2C)c2c(Cl)c(Cl)c(Cl)c(Cl)c2Cl)cc1,Cc1ccc(B(CCCP(c2ccccc2)c2c(C)cc(C)cc2C)c2c(Cl)c(Cl)c(Cl)c(Cl)c2Cl)cc1,[],True,1,0.5,True,True,False,False,True,False,True,[],0,38,True,True,True,True,"['LA_B_aryl', 'LA_B_diaryl', 'LA_B_polyhalogenated_aryl', 'LA_B_tricoordinate']",['LB_phosphine'],[],[],LA_LB_no_negative_flags,4,True,True,False,False,True,101,2
P,cyclohexyl,cyclohexyl,C2,p_tolyl,mesityl,<LB_P><LB1_cyclohexyl><LB2_cyclohexyl><LINKER_C2><LA1_p_tolyl><LA2_mesityl>,Cc1ccc(B(CCP(C2CCCCC2)C2CCCCC2)c2c(C)cc(C)cc2C)cc1,True,Cc1ccc(B(CCP(C2CCCCC2)C2CCCCC2)c2c(C)cc(C)cc2C)cc1,Cc1ccc(B(CCP(C2CCCCC2)C2CCCCC2)c2c(C)cc(C)cc2C)cc1,[],True,1,0.4230769230769231,True,True,False,False,True,False,True,[],0,32,True,True,True,True,"['LA_B_aryl', 'LA_B_diaryl', 'LA_B_tricoordinate']",['LB_phosphine'],[],[],LA_LB_no_negative_flags,3,True,True,False,False,True,101,2
P,mesityl,mesityl,C3,p_tolyl,bis_cf3_phenyl,<LB_P><LB1_mesityl><LB2_mesityl><LINKER_C3><LA1_p_tolyl><LA2_bis_cf3_phenyl>,Cc1ccc(B(CCCP(c2c(C)cc(C)cc2C)c2c(C)cc(C)cc2C)c2cc(C(F)(F)F)cc(C(F)(F)F)c2)cc1,True,Cc1ccc(B(CCCP(c2c(C)cc(C)cc2C)c2c(C)cc(C)cc2C)c2cc(C(F)(F)F)cc(C(F)(F)F)c2)cc1,Cc1ccc(B(CCCP(c2c(C)cc(C)cc2C)c2c(C)cc(C)cc2C)c2cc(C(F)(F)F)cc(C(F)(F)F)c2)cc1,[],True,1,0.4897959183673469,True,True,False,False,True,False,True,[],0,44,True,True,True,True,"['LA_B_aryl', 'LA_B_diaryl', 'LA_B_tricoordinate']",['LB_phosphine'],[],[],LA_LB_no_negative_flags,4,True,True,False,False,True,101,1
P,phenyl,tert_butyl,C5,pentafluorophenyl,bis_cf3_phenyl,<LB_P><LB1_phenyl><LB2_tert_butyl><LINKER_C5><LA1_pentafluorophenyl><LA2_bis_cf3_phenyl>,CC(C)(C)P(CCCCCB(c1cc(C(F)(F)F)cc(C(F)(F)F)c1)c1c(F)c(F)c(F)c(F)c1F)c1ccccc1,True,CC(C)(C)P(CCCCCB(c1cc(C(F)(F)F)cc(C(F)(F)F)c1)c1c(F)c(F)c(F)c(F)c1F)c1ccccc1,CC(C)(C)P(CCCCCB(c1cc(C(F)(F)F)cc(C(F)(F)F)c1)c1c(F)c(F)c(F)c(F)c1F)c1ccccc1,[],True,1,0.49019607843137253,True,True,False,False,True,False,True,[],0,42,True,True,True,True,"['LA_B_aryl', 'LA_B_diaryl', 'LA_B_polyhalogenated_aryl', 'LA_B_tricoordinate']",['LB_phosphine'],[],[],LA_LB_no_negative_flags,6,True,True,False,False,True,101,2
N,methyl,methyl,C4,p_tolyl,pentafluorophenyl,<LB_N><LB1_methyl><LB2_methyl><LINKER_C4><LA1_p_tolyl><LA2_pentafluorophenyl>,Cc1ccc(B(CCCCN(C)C)c2c(F)c(F)c(F)c(F)c2F)cc1,True,Cc1ccc(B(CCCCN(C)C)c2c(F)c(F)c(F)c(F)c2F)cc1,Cc1ccc(B(CCCCN(C)C)c2c(F)c(F)c(F)c(F)c2F)cc1,[],True,1,0.43478260869565216,True,True,False,False,True,False,True,[],0,26,True,True,True,True,"['LA_B_aryl', 'LA_B_diaryl', 'LA_B_polyhalogenated_aryl', 'LA_B_tricoordinate']",['LB_amine'],[],[],LA_LB_no_negative_flags,5,True,True,False,False,True,101,2
N,methyl,ethyl,C5,mesityl,pentachlorophenyl,<LB_N><LB1_methyl><LB2_ethyl><LINKER_C5><LA1_mesityl><LA2_pentachlorophenyl>,CCN(C)CCCCCB(c1c(C)cc(C)cc1C)c1c(Cl)c(Cl)c(Cl)c(Cl)c1Cl,True,CCN(C)CCCCCB(c1c(C)cc(C)cc1C)c1c(Cl)c(Cl)c(Cl)c(Cl)c1Cl,CCN(C)CCCCCB(c1c(C)cc(C)cc1C)c1c(Cl)c(Cl)c(Cl)c(Cl)c1Cl,[],True,1,0.45652173913043476,True,True,False,False,True,False,True,[],0,30,True,True,True,True,"['LA_B_aryl', 'LA_B_diaryl', 'LA_B_polyhalogenated_aryl', 'LA_B_tricoordinate']",['LB_amine'],[],[],LA_LB_no_negative_flags,6,True,True,False,False,True,101,3
P,phenyl,mesityl,C5,mesityl,mesityl,<LB_P><LB1_phenyl><LB2_mesityl><LINKER_C5><LA1_mesityl><LA2_mesityl>,Cc1cc(C)c(B(CCCCCP(c2ccccc2)c2c(C)cc(C)cc2C)c2c(C)cc(C)cc2C)c(C)c1,True,Cc1cc(C)c(B(CCCCCP(c2ccccc2)c2c(C)cc(C)cc2C)c2c(C)cc(C)cc2C)c(C)c1,Cc1cc(C)c(B(CCCCCP(c2ccccc2)c2c(C)cc(C)cc2C)c2c(C)cc(C)cc2C)c(C)c1,[],True,1,0.5909090909090909,True,True,False,False,True,False,True,[],0,40,True,True,True,True,"['LA_B_aryl', 'LA_B_diaryl', 'LA_B_tricoordinate']",['LB_phosphine'],[],[],LA_LB_no_negative_flags,6,True,True,False,False,True,101,1
P,phenyl,phenyl,C1,pentafluorophenyl,pentafluorophenyl,<LB_P><LB1_phenyl><LB2_phenyl><LINKER_C1><LA1_pentafluorophenyl><LA2_pentafluorophenyl>,Fc1c(F)c(F)c(B(CP(c2ccccc2)c2ccccc2)c2c(F)c(F)c(F)c(F)c2F)c(F)c1F,True,Fc1c(F)c(F)c(B(CP(c2ccccc2)c2ccccc2)c2c(F)c(F)c(F)c(F)c2F)c(F)c1F,Fc1c(F)c(F)c(B(CP(c2ccccc2)c2ccccc2)c2c(F)c(F)c(F)c(F)c2F)c(F)c1F,[],True,1,0.6176470588235294,True,True,False,False,True,False,True,[],0,37,True,True,True,True,"['LA_B_aryl', 'LA_B_diaryl', 'LA_B_polyhalogenated_aryl', 'LA_B_tricoordinate']",['LB_phosphine'],[],[],LA_LB_no_negative_flags,2,True,True,False,False,True,101,3
P,tert_butyl,isopropyl,C4,phenyl,pentachlorophenyl,<LB_P><LB1_tert_butyl><LB2_isopropyl><LINKER_C4><LA1_phenyl><LA2_pentachlorophenyl>,CC(C)P(CCCCB(c1ccccc1)c1c(Cl)c(Cl)c(Cl)c(Cl)c1Cl)C(C)(C)C,True,CC(C)P(CCCCB(c1ccccc1)c1c(Cl)c(Cl)c(Cl)c(Cl)c1Cl)C(C)(C)C,CC(C)P(CCCCB(c1ccccc1)c1c(Cl)c(Cl)c(Cl)c(Cl)c1Cl)C(C)(C)C,[],True,1,0.4230769230769231,True,True,False,False,True,False,True,[],0,30,True,True,True,True,"['LA_B_aryl', 'LA_B_diaryl', 'LA_B_polyhalogenated_aryl', 'LA_B_tricoordinate']",['LB_phosphine'],[],[],LA_LB_no_negative_flags,5,True,True,False,False,True,101,2
N,methyl,phenyl,C2,phenyl,pentafluorophenyl,<LB_N><LB1_methyl><LB2_phenyl><LINKER_C2><LA1_phenyl><LA2_pentafluorophenyl>,CN(CCB(c1ccccc1)c1c(F)c(F)c(F)c(F)c1F)c1ccccc1,True,CN(CCB(c1ccccc1)c1c(F)c(F)c(F)c(F)c1F)c1ccccc1,CN(CCB(c1ccccc1)c1c(F)c(F)c(F)c(F)c1F)c1ccccc1,[],True,1,0.4090909090909091,True,True,False,False,True,False,True,[],0,28,True,True,True,True,"['LA_B_aryl', 'LA_B_diaryl', 'LA_B_polyhalogenated_aryl', 'LA_B_tricoordinate']",['LB_amine'],[],[],LA_LB_no_negative_flags,3,True,True,False,False,True,101,1
P,tert_butyl,isopropyl,C1,pentachlorophenyl,bis_cf3_phenyl,<LB_P><LB1_tert_butyl><LB2_isopropyl><LINKER_C1><LA1_pentachlorophenyl><LA2_bis_cf3_phenyl>,CC(C)P(CB(c1cc(C(F)(F)F)cc(C(F)(F)F)c1)c1c(Cl)c(Cl)c(Cl)c(Cl)c1Cl)C(C)(C)C,True,CC(C)P(CB(c1cc(C(F)(F)F)cc(C(F)(F)F)c1)c1c(Cl)c(Cl)c(Cl)c(Cl)c1Cl)C(C)(C)C,CC(C)P(CB(c1cc(C(F)(F)F)cc(C(F)(F)F)c1)c1c(Cl)c(Cl)c(Cl)c(Cl)c1Cl)C(C)(C)C,[],True,1,0.5609756097560976,True,True,False,False,True,False,True,[],0,35,True,True,True,True,"['LA_B_aryl', 'LA_B_diaryl', 'LA_B_polyhalogenated_aryl', 'LA_B_tricoordinate']",['LB_phosphine'],[],[],LA_LB_no_negative_flags,2,True,True,False,False,True,101,2
P,mesityl,tert_butyl,C1,mesityl,pentachlorophenyl,<LB_P><LB1_mesityl><LB2_tert_butyl><LINKER_C1><LA1_mesityl><LA2_pentachlorophenyl>,Cc1cc(C)c(B(CP(c2c(C)cc(C)cc2C)C(C)(C)C)c2c(Cl)c(Cl)c(Cl)c(Cl)c2Cl)c(C)c1,True,Cc1cc(C)c(B(CP(c2c(C)cc(C)cc2C)C(C)(C)C)c2c(Cl)c(Cl)c(Cl)c(Cl)c2Cl)c(C)c1,Cc1cc(C)c(B(CP(c2c(C)cc(C)cc2C)C(C)(C)C)c2c(Cl)c(Cl)c(Cl)c(Cl)c2Cl)c(C)c1,[],True,1,0.5238095238095238,True,True,False,False,True,False,True,[],0,36,True,True,True,True,"['LA_B_aryl', 'LA_B_diaryl', 'LA_B_polyhalogenated_aryl', 'LA_B_tricoordinate']",['LB_phosphine'],[],[],LA_LB_no_negative_flags,2,True,True,False,False,True,101,1
P,cyclohexyl,cyclohexyl,C3,bis_cf3_phenyl,bis_cf3_phenyl,<LB_P><LB1_cyclohexyl><LB2_cyclohexyl><LINKER_C3><LA1_bis_cf3_phenyl><LA2_bis_cf3_phenyl>,FC(F)(F)c1cc(B(CCCP(C2CCCCC2)C2CCCCC2)c2cc(C(F)(F)F)cc(C(F)(F)F)c2)cc(C(F)(F)F)c1,True,FC(F)(F)c1cc(B(CCCP(C2CCCCC2)C2CCCCC2)c2cc(C(F)(F)F)cc(C(F)(F)F)c2)cc(C(F)(F)F)c1,FC(F)(F)c1cc(B(CCCP(C2CCCCC2)C2CCCCC2)c2cc(C(F)(F)F)cc(C(F)(F)F)c2)cc(C(F)(F)F)c1,[],True,1,0.4,True,True,False,False,True,False,True,[],0,45,True,True,True,True,"['LA_B_aryl', 'LA_B_diaryl', 'LA_B_tricoordinate']",['LB_phosphine'],[],[],LA_LB_no_negative_flags,4,True,True,False,False,True,101,1
P,phenyl,isopropyl,C1,phenyl,pentafluorophenyl,<LB_P><LB1_phenyl><LB2_isopropyl><LINKER_C1><LA1_phenyl><LA2_pentafluorophenyl>,CC(C)P(CB(c1ccccc1)c1c(F)c(F)c(F)c(F)c1F)c1ccccc1,True,CC(C)P(CB(c1ccccc1)c1c(F)c(F)c(F)c(F)c1F)c1ccccc1,CC(C)P(CB(c1ccccc1)c1c(F)c(F)c(F)c(F)c1F)c1ccccc1,[],True,1,0.5116279069767442,True,True,False,False,True,False,True,[],0,29,True,True,True,True,"['LA_B_aryl', 'LA_B_diaryl', 'LA_B_polyhalogenated_aryl', 'LA_B_tricoordinate']",['LB_phosphine'],[],[],LA_LB_no_negative_flags,2,True,True,False,False,True,101,1
N,phenyl,phenyl,C2,pentachlorophenyl,pentachlorophenyl,<LB_N><LB1_phenyl><LB2_phenyl><LINKER_C2><LA1_pentachlorophenyl><LA2_pentachlorophenyl>,Clc1c(Cl)c(Cl)c(B(CCN(c2ccccc2)c2ccccc2)c2c(Cl)c(Cl)c(Cl)c(Cl)c2Cl)c(Cl)c1Cl,True,Clc1c(Cl)c(Cl)c(B(CCN(c2ccccc2)c2ccccc2)c2c(Cl)c(Cl)c(Cl)c(Cl)c2Cl)c(Cl)c1Cl,Clc1c(Cl)c(Cl)c(B(CCN(c2ccccc2)c2ccccc2)c2c(Cl)c(Cl)c(Cl)c(Cl)c2Cl)c(Cl)c1Cl,[],True,1,0.4857142857142857,True,True,False,False,True,False,True,[],0,38,True,True,True,True,"['LA_B_aryl', 'LA_B_diaryl', 'LA_B_polyhalogenated_aryl', 'LA_B_tricoordinate']",['LB_amine'],[],[],LA_LB_no_negative_flags,3,True,True,False,False,True,101,1
P,mesityl,isopropyl,C1,mesityl,pentafluorophenyl,<LB_P><LB1_mesityl><LB2_isopropyl><LINKER_C1><LA1_mesityl><LA2_pentafluorophenyl>,Cc1cc(C)c(B(CP(c2c(C)cc(C)cc2C)C(C)C)c2c(F)c(F)c(F)c(F)c2F)c(C)c1,True,Cc1cc(C)c(B(CP(c2c(C)cc(C)cc2C)C(C)C)c2c(F)c(F)c(F)c(F)c2F)c(C)c1,Cc1cc(C)c(B(CP(c2c(C)cc(C)cc2C)C(C)C)c2c(F)c(F)c(F)c(F)c2F)c(C)c1,[],True,1,0.5217391304347826,True,True,False,False,True,False,True,[],0,35,True,True,True,True,"['LA_B_aryl', 'LA_B_diaryl', 'LA_B_polyhalogenated_aryl', 'LA_B_tricoordinate']",['LB_phosphine'],[],[],LA_LB_no_negative_flags,2,True,True,False,False,True,101,2
P,tert_butyl,isopropyl,C2,pentafluorophenyl,bis_cf3_phenyl,<LB_P><LB1_tert_butyl><LB2_isopropyl><LINKER_C2><LA1_pentafluorophenyl><LA2_bis_cf3_phenyl>,CC(C)P(CCB(c1cc(C(F)(F)F)cc(C(F)(F)F)c1)c1c(F)c(F)c(F)c(F)c1F)C(C)(C)C,True,CC(C)P(CCB(c1cc(C(F)(F)F)cc(C(F)(F)F)c1)c1c(F)c(F)c(F)c(F)c1F)C(C)(C)C,CC(C)P(CCB(c1cc(C(F)(F)F)cc(C(F)(F)F)c1)c1c(F)c(F)c(F)c(F)c1F)C(C)(C)C,[],True,1,0.5116279069767442,True,True,False,False,True,False,True,[],0,36,True,True,True,True,"['LA_B_aryl', 'LA_B_diaryl', 'LA_B_polyhalogenated_aryl', 'LA_B_tricoordinate']",['LB_phosphine'],[],[],LA_LB_no_negative_flags,3,True,True,False,False,True,101,3
P,phenyl,mesityl,C3,pentafluorophenyl,pentafluorophenyl,<LB_P><LB1_phenyl><LB2_mesityl><LINKER_C3><LA1_pentafluorophenyl><LA2_pentafluorophenyl>,Cc1cc(C)c(P(CCCB(c2c(F)c(F)c(F)c(F)c2F)c2c(F)c(F)c(F)c(F)c2F)c2ccccc2)c(C)c1,True,Cc1cc(C)c(P(CCCB(c2c(F)c(F)c(F)c(F)c2F)c2c(F)c(F)c(F)c(F)c2F)c2ccccc2)c(C)c1,Cc1cc(C)c(P(CCCB(c2c(F)c(F)c(F)c(F)c2F)c2c(F)c(F)c(F)c(F)c2F)c2ccccc2)c(C)c1,[],True,1,0.7142857142857143,True,True,False,False,True,False,True,[],0,42,True,True,True,True,"['LA_B_aryl', 'LA_B_diaryl', 'LA_B_polyhalogenated_aryl', 'LA_B_tricoordinate']",['LB_phosphine'],[],[],LA_LB_no_negative_flags,4,True,True,False,False,True,101,1
P,mesityl,isopropyl,C2,phenyl,phenyl,<LB_P><LB1_mesityl><LB2_isopropyl><LINKER_C2><LA1_phenyl><LA2_phenyl>,Cc1cc(C)c(P(CCB(c2ccccc2)c2ccccc2)C(C)C)c(C)c1,True,Cc1cc(C)c(P(CCB(c2ccccc2)c2ccccc2)C(C)C)c(C)c1,Cc1cc(C)c(P(CCB(c2ccccc2)c2ccccc2)C(C)C)c(C)c1,[],True,1,0.4318181818181818,True,True,False,False,True,False,True,[],0,28,True,True,True,True,"['LA_B_aryl', 'LA_B_diaryl', 'LA_B_tricoordinate']",['LB_phosphine'],[],[],LA_LB_no_negative_flags,3,True,True,False,False,True,101,1
P,phenyl,tert_butyl,C1,phenyl,pentachlorophenyl,<LB_P><LB1_phenyl><LB2_tert_butyl><LINKER_C1><LA1_phenyl><LA2_pentachlorophenyl>,CC(C)(C)P(CB(c1ccccc1)c1c(Cl)c(Cl)c(Cl)c(Cl)c1Cl)c1ccccc1,True,CC(C)(C)P(CB(c1ccccc1)c1c(Cl)c(Cl)c(Cl)c(Cl)c1Cl)c1ccccc1,CC(C)(C)P(CB(c1ccccc1)c1c(Cl)c(Cl)c(Cl)c(Cl)c1Cl)c1ccccc1,[],True,1,0.4594594594594595,True,True,False,False,True,False,True,[],0,30,True,True,True,True,"['LA_B_aryl', 'LA_B_diaryl', 'LA_B_polyhalogenated_aryl', 'LA_B_tricoordinate']",['LB_phosphine'],[],[],LA_LB_no_negative_flags,2,True,True,False,False,True,101,1
P,mesityl,mesityl,C5,phenyl,bis_cf3_phenyl,<LB_P><LB1_mesityl><LB2_mesityl><LINKER_C5><LA1_phenyl><LA2_bis_cf3_phenyl>,Cc1cc(C)c(P(CCCCCB(c2ccccc2)c2cc(C(F)(F)F)cc(C(F)(F)F)c2)c2c(C)cc(C)cc2C)c(C)c1,True,Cc1cc(C)c(P(CCCCCB(c2ccccc2)c2cc(C(F)(F)F)cc(C(F)(F)F)c2)c2c(C)cc(C)cc2C)c(C)c1,Cc1cc(C)c(P(CCCCCB(c2ccccc2)c2cc(C(F)(F)F)cc(C(F)(F)F)c2)c2c(C)cc(C)cc2C)c(C)c1,[],True,1,0.52,True,True,False,False,True,False,True,[],0,45,True,True,True,True,"['LA_B_aryl', 'LA_B_diaryl', 'LA_B_tricoordinate']",['LB_phosphine'],[],[],LA_LB_no_negative_flags,6,True,True,False,False,True,101,1
P,isopropyl,isopropyl,C2,p_tolyl,pentachlorophenyl,<LB_P><LB1_isopropyl><LB2_isopropyl><LINKER_C2><LA1_p_tolyl><LA2_pentachlorophenyl>,Cc1ccc(B(CCP(C(C)C)C(C)C)c2c(Cl)c(Cl)c(Cl)c(Cl)c2Cl)cc1,True,Cc1ccc(B(CCP(C(C)C)C(C)C)c2c(Cl)c(Cl)c(Cl)c(Cl)c2Cl)cc1,Cc1ccc(B(CCP(C(C)C)C(C)C)c2c(Cl)c(Cl)c(Cl)c(Cl)c2Cl)cc1,[],True,1,0.46511627906976744,True,True,False,False,True,False,True,[],0,28,True,True,True,True,"['LA_B_aryl', 'LA_B_diaryl', 'LA_B_polyhalogenated_aryl', 'LA_B_tricoordinate']",['LB_phosphine'],[],[],LA_LB_no_negative_flags,3,True,True,False,False,True,101,2
P,mesityl,mesityl,C2,phenyl,mesityl,<LB_P><LB1_mesityl><LB2_mesityl><LINKER_C2><LA1_phenyl><LA2_mesityl>,Cc1cc(C)c(B(CCP(c2c(C)cc(C)cc2C)c2c(C)cc(C)cc2C)c2ccccc2)c(C)c1,True,Cc1cc(C)c(B(CCP(c2c(C)cc(C)cc2C)c2c(C)cc(C)cc2C)c2ccccc2)c(C)c1,Cc1cc(C)c(B(CCP(c2c(C)cc(C)cc2C)c2c(C)cc(C)cc2C)c2ccccc2)c(C)c1,[],True,1,0.4772727272727273,True,True,False,False,True,False,True,[],0,37,True,True,True,True,"['LA_B_aryl', 'LA_B_diaryl', 'LA_B_tricoordinate']",['LB_phosphine'],[],[],LA_LB_no_negative_flags,3,True,True,False,False,True,101,1
P,cyclohexyl,cyclohexyl,C2,phenyl,mesityl,<LB_P><LB1_cyclohexyl><LB2_cyclohexyl><LINKER_C2><LA1_phenyl><LA2_mesityl>,Cc1cc(C)c(B(CCP(C2CCCCC2)C2CCCCC2)c2ccccc2)c(C)c1,True,Cc1cc(C)c(B(CCP(C2CCCCC2)C2CCCCC2)c2ccccc2)c(C)c1,Cc1cc(C)c(B(CCP(C2CCCCC2)C2CCCCC2)c2ccccc2)c(C)c1,[],True,1,0.47058823529411764,True,True,False,False,True,False,True,[],0,31,True,True,True,True,"['LA_B_aryl', 'LA_B_diaryl', 'LA_B_tricoordinate']",['LB_phosphine'],[],[],LA_LB_no_negative_flags,3,True,True,False,False,True,101,2
N,methyl,ethyl,C1,phenyl,bis_cf3_phenyl,<LB_N><LB1_methyl><LB2_ethyl><LINKER_C1><LA1_phenyl><LA2_bis_cf3_phenyl>,CCN(C)CB(c1ccccc1)c1cc(C(F)(F)F)cc(C(F)(F)F)c1,True,CCN(C)CB(c1ccccc1)c1cc(C(F)(F)F)cc(C(F)(F)F)c1,CCN(C)CB(c1ccccc1)c1cc(C(F)(F)F)cc(C(F)(F)F)c1,[],True,1,0.4186046511627907,True,True,False,False,True,False,True,[],0,26,True,True,True,True,"['LA_B_aryl', 'LA_B_diaryl', 'LA_B_tricoordinate']",['LB_amine'],[],[],LA_LB_no_negative_flags,2,True,True,False,False,True,101,2
N,ethyl,isopropyl,C6,bis_cf3_phenyl,bis_cf3_phenyl,<LB_N><LB1_ethyl><LB2_isopropyl><LINKER_C6><LA1_bis_cf3_phenyl><LA2_bis_cf3_phenyl>,CCN(CCCCCCB(c1cc(C(F)(F)F)cc(C(F)(F)F)c1)c1cc(C(F)(F)F)cc(C(F)(F)F)c1)C(C)C,True,CCN(CCCCCCB(c1cc(C(F)(F)F)cc(C(F)(F)F)c1)c1cc(C(F)(F)F)cc(C(F)(F)F)c1)C(C)C,CCN(CCCCCCB(c1cc(C(F)(F)F)cc(C(F)(F)F)c1)c1cc(C(F)(F)F)cc(C(F)(F)F)c1)C(C)C,[],True,1,0.4222222222222222,True,True,False,False,True,False,True,[],0,41,True,True,True,True,"['LA_B_aryl', 'LA_B_diaryl', 'LA_B_tricoordinate']",['LB_amine'],[],[],LA_LB_no_negative_flags,7,True,True,False,False,True,101,1
P,mesityl,isopropyl,C6,pentafluorophenyl,bis_cf3_phenyl,<LB_P><LB1_mesityl><LB2_isopropyl><LINKER_C6><LA1_pentafluorophenyl><LA2_bis_cf3_phenyl>,Cc1cc(C)c(P(CCCCCCB(c2cc(C(F)(F)F)cc(C(F)(F)F)c2)c2c(F)c(F)c(F)c(F)c2F)C(C)C)c(C)c1,True,Cc1cc(C)c(P(CCCCCCB(c2cc(C(F)(F)F)cc(C(F)(F)F)c2)c2c(F)c(F)c(F)c(F)c2F)C(C)C)c(C)c1,Cc1cc(C)c(P(CCCCCCB(c2cc(C(F)(F)F)cc(C(F)(F)F)c2)c2c(F)c(F)c(F)c(F)c2F)C(C)C)c(C)c1,[],True,1,0.5384615384615384,True,True,False,False,True,False,True,[],0,45,True,True,True,True,"['LA_B_aryl', 'LA_B_diaryl', 'LA_B_polyhalogenated_aryl', 'LA_B_tricoordinate']",['LB_phosphine'],[],[],LA_LB_no_negative_flags,7,True,True,False,False,True,101,1
N,isopropyl,cyclohexyl,C1,mesityl,pentachlorophenyl,<LB_N><LB1_isopropyl><LB2_cyclohexyl><LINKER_C1><LA1_mesityl><LA2_pentachlorophenyl>,Cc1cc(C)c(B(CN(C(C)C)C2CCCCC2)c2c(Cl)c(Cl)c(Cl)c(Cl)c2Cl)c(C)c1,True,Cc1cc(C)c(B(CN(C(C)C)C2CCCCC2)c2c(Cl)c(Cl)c(Cl)c(Cl)c2Cl)c(C)c1,Cc1cc(C)c(B(CN(C(C)C)C2CCCCC2)c2c(Cl)c(Cl)c(Cl)c(Cl)c2Cl)c(C)c1,[],True,1,0.42592592592592593,True,True,False,False,True,False,True,[],0,32,True,True,True,True,"['LA_B_aryl', 'LA_B_diaryl', 'LA_B_polyhalogenated_aryl', 'LA_B_tricoordinate']",['LB_amine'],[],[],LA_LB_no_negative_flags,2,True,True,False,False,True,101,1
N,ethyl,ethyl,C6,mesityl,pentachlorophenyl,<LB_N><LB1_ethyl><LB2_ethyl><LINKER_C6><LA1_mesityl><LA2_pentachlorophenyl>,CCN(CC)CCCCCCB(c1c(C)cc(C)cc1C)c1c(Cl)c(Cl)c(Cl)c(Cl)c1Cl,True,CCN(CC)CCCCCCB(c1c(C)cc(C)cc1C)c1c(Cl)c(Cl)c(Cl)c(Cl)c1Cl,CCN(CC)CCCCCCB(c1c(C)cc(C)cc1C)c1c(Cl)c(Cl)c(Cl)c(Cl)c1Cl,[],True,1,0.4666666666666667,True,True,False,False,True,False,True,[],0,32,True,True,True,True,"['LA_B_aryl', 'LA_B_diaryl', 'LA_B_polyhalogenated_aryl', 'LA_B_tricoordinate']",['LB_amine'],[],[],LA_LB_no_negative_flags,7,True,True,False,False,True,101,1
P,tert_butyl,cyclohexyl,C2,bis_cf3_phenyl,bis_cf3_phenyl,<LB_P><LB1_tert_butyl><LB2_cyclohexyl><LINKER_C2><LA1_bis_cf3_phenyl><LA2_bis_cf3_phenyl>,CC(C)(C)P(CCB(c1cc(C(F)(F)F)cc(C(F)(F)F)c1)c1cc(C(F)(F)F)cc(C(F)(F)F)c1)C1CCCCC1,True,CC(C)(C)P(CCB(c1cc(C(F)(F)F)cc(C(F)(F)F)c1)c1cc(C(F)(F)F)cc(C(F)(F)F)c1)C1CCCCC1,CC(C)(C)P(CCB(c1cc(C(F)(F)F)cc(C(F)(F)F)c1)c1cc(C(F)(F)F)cc(C(F)(F)F)c1)C1CCCCC1,[],True,1,0.4772727272727273,True,True,False,False,True,False,True,[],0,42,True,True,True,True,"['LA_B_aryl', 'LA_B_diaryl', 'LA_B_tricoordinate']",['LB_phosphine'],[],[],LA_LB_no_negative_flags,3,True,True,False,False,True,101,1
P,phenyl,mesityl,C1,pentafluorophenyl,bis_cf3_phenyl,<LB_P><LB1_phenyl><LB2_mesityl><LINKER_C1><LA1_pentafluorophenyl><LA2_bis_cf3_phenyl>,Cc1cc(C)c(P(CB(c2cc(C(F)(F)F)cc(C(F)(F)F)c2)c2c(F)c(F)c(F)c(F)c2F)c2ccccc2)c(C)c1,True,Cc1cc(C)c(P(CB(c2cc(C(F)(F)F)cc(C(F)(F)F)c2)c2c(F)c(F)c(F)c(F)c2F)c2ccccc2)c(C)c1,Cc1cc(C)c(P(CB(c2cc(C(F)(F)F)cc(C(F)(F)F)c2)c2c(F)c(F)c(F)c(F)c2F)c2ccccc2)c(C)c1,[],True,1,0.4528301886792453,True,True,False,False,True,False,True,[],0,43,True,True,True,True,"['LA_B_aryl', 'LA_B_diaryl', 'LA_B_polyhalogenated_aryl', 'LA_B_tricoordinate']",['LB_phosphine'],[],[],LA_LB_no_negative_flags,2,True,True,False,False,True,101,1
P,isopropyl,isopropyl,C5,pentafluorophenyl,pentachlorophenyl,<LB_P><LB1_isopropyl><LB2_isopropyl><LINKER_C5><LA1_pentafluorophenyl><LA2_pentachlorophenyl>,CC(C)P(CCCCCB(c1c(F)c(F)c(F)c(F)c1F)c1c(Cl)c(Cl)c(Cl)c(Cl)c1Cl)C(C)C,True,CC(C)P(CCCCCB(c1c(F)c(F)c(F)c(F)c1F)c1c(Cl)c(Cl)c(Cl)c(Cl)c1Cl)C(C)C,CC(C)P(CCCCCB(c1c(F)c(F)c(F)c(F)c1F)c1c(Cl)c(Cl)c(Cl)c(Cl)c1Cl)C(C)C,[],True,1,0.45454545454545453,True,True,False,False,True,False,True,[],0,35,True,True,True,True,"['LA_B_aryl', 'LA_B_diaryl', 'LA_B_polyhalogenated_aryl', 'LA_B_tricoordinate']",['LB_phosphine'],[],[],LA_LB_no_negative_flags,6,True,True,False,False,True,101,2
P,phenyl,cyclohexyl,C6,p_tolyl,pentafluorophenyl,<LB_P><LB1_phenyl><LB2_cyclohexyl><LINKER_C6><LA1_p_tolyl><LA2_pentafluorophenyl>,Cc1ccc(B(CCCCCCP(c2ccccc2)C2CCCCC2)c2c(F)c(F)c(F)c(F)c2F)cc1,True,Cc1ccc(B(CCCCCCP(c2ccccc2)C2CCCCC2)c2c(F)c(F)c(F)c(F)c2F)cc1,Cc1ccc(B(CCCCCCP(c2ccccc2)C2CCCCC2)c2c(F)c(F)c(F)c(F)c2F)cc1,[],True,1,0.4807692307692308,True,True,False,False,True,False,True,[],0,38,True,True,True,True,"['LA_B_aryl', 'LA_B_diaryl', 'LA_B_polyhalogenated_aryl', 'LA_B_tricoordinate']",['LB_phosphine'],[],[],LA_LB_no_negative_flags,7,True,True,False,False,True,101,2
P,mesityl,isopropyl,C6,p_tolyl,pentachlorophenyl,<LB_P><LB1_mesityl><LB2_isopropyl><LINKER_C6><LA1_p_tolyl><LA2_pentachlorophenyl>,Cc1ccc(B(CCCCCCP(c2c(C)cc(C)cc2C)C(C)C)c2c(Cl)c(Cl)c(Cl)c(Cl)c2Cl)cc1,True,Cc1ccc(B(CCCCCCP(c2c(C)cc(C)cc2C)C(C)C)c2c(Cl)c(Cl)c(Cl)c(Cl)c2Cl)cc1,Cc1ccc(B(CCCCCCP(c2c(C)cc(C)cc2C)C(C)C)c2c(Cl)c(Cl)c(Cl)c(Cl)c2Cl)cc1,[],True,1,0.4897959183673469,True,True,False,False,True,False,True,[],0,38,True,True,True,True,"['LA_B_aryl', 'LA_B_diaryl', 'LA_B_polyhalogenated_aryl', 'LA_B_tricoordinate']",['LB_phosphine'],[],[],LA_LB_no_negative_flags,7,True,True,False,False,True,101,2
P,tert_butyl,tert_butyl,C4,mesityl,bis_cf3_phenyl,<LB_P><LB1_tert_butyl><LB2_tert_butyl><LINKER_C4><LA1_mesityl><LA2_bis_cf3_phenyl>,Cc1cc(C)c(B(CCCCP(C(C)(C)C)C(C)(C)C)c2cc(C(F)(F)F)cc(C(F)(F)F)c2)c(C)c1,True,Cc1cc(C)c(B(CCCCP(C(C)(C)C)C(C)(C)C)c2cc(C(F)(F)F)cc(C(F)(F)F)c2)c(C)c1,Cc1cc(C)c(B(CCCCP(C(C)(C)C)C(C)(C)C)c2cc(C(F)(F)F)cc(C(F)(F)F)c2)c(C)c1,[],True,1,0.5227272727272727,True,True,False,False,True,False,True,[],0,37,True,True,True,True,"['LA_B_aryl', 'LA_B_diaryl', 'LA_B_tricoordinate']",['LB_phosphine'],[],[],LA_LB_no_negative_flags,5,True,True,False,False,True,101,1
P,phenyl,cyclohexyl,C3,phenyl,pentafluorophenyl,<LB_P><LB1_phenyl><LB2_cyclohexyl><LINKER_C3><LA1_phenyl><LA2_pentafluorophenyl>,Fc1c(F)c(F)c(B(CCCP(c2ccccc2)C2CCCCC2)c2ccccc2)c(F)c1F,True,Fc1c(F)c(F)c(B(CCCP(c2ccccc2)C2CCCCC2)c2ccccc2)c(F)c1F,Fc1c(F)c(F)c(B(CCCP(c2ccccc2)C2CCCCC2)c2ccccc2)c(F)c1F,[],True,1,0.48936170212765956,True,True,False,False,True,False,True,[],0,34,True,True,True,True,"['LA_B_aryl', 'LA_B_diaryl', 'LA_B_polyhalogenated_aryl', 'LA_B_tricoordinate']",['LB_phosphine'],[],[],LA_LB_no_negative_flags,4,True,True,False,False,True,101,2
N,ethyl,phenyl,C1,bis_cf3_phenyl,bis_cf3_phenyl,<LB_N><LB1_ethyl><LB2_phenyl><LINKER_C1><LA1_bis_cf3_phenyl><LA2_bis_cf3_phenyl>,CCN(CB(c1cc(C(F)(F)F)cc(C(F)(F)F)c1)c1cc(C(F)(F)F)cc(C(F)(F)F)c1)c1ccccc1,True,CCN(CB(c1cc(C(F)(F)F)cc(C(F)(F)F)c1)c1cc(C(F)(F)F)cc(C(F)(F)F)c1)c1ccccc1,CCN(CB(c1cc(C(F)(F)F)cc(C(F)(F)F)c1)c1cc(C(F)(F)F)cc(C(F)(F)F)c1)c1ccccc1,[],True,1,0.4186046511627907,True,True,False,False,True,False,True,[],0,39,True,True,True,True,"['LA_B_aryl', 'LA_B_diaryl', 'LA_B_tricoordinate']",['LB_amine'],[],[],LA_LB_no_negative_flags,2,True,True,False,False,True,101,2
N,cyclohexyl,phenyl,C2,pentafluorophenyl,pentafluorophenyl,<LB_N><LB1_cyclohexyl><LB2_phenyl><LINKER_C2><LA1_pentafluorophenyl><LA2_pentafluorophenyl>,Fc1c(F)c(F)c(B(CCN(c2ccccc2)C2CCCCC2)c2c(F)c(F)c(F)c(F)c2F)c(F)c1F,True,Fc1c(F)c(F)c(B(CCN(c2ccccc2)C2CCCCC2)c2c(F)c(F)c(F)c(F)c2F)c(F)c1F,Fc1c(F)c(F)c(B(CCN(c2ccccc2)C2CCCCC2)c2c(F)c(F)c(F)c(F)c2F)c(F)c1F,[],True,1,0.40425531914893614,True,True,False,False,True,False,True,[],0,38,True,True,True,True,"['LA_B_aryl', 'LA_B_diaryl', 'LA_B_polyhalogenated_aryl', 'LA_B_tricoordinate']",['LB_amine'],[],[],LA_LB_no_negative_flags,3,True,True,False,False,True,101,3
P,mesityl,isopropyl,C4,mesityl,pentafluorophenyl,<LB_P><LB1_mesityl><LB2_isopropyl><LINKER_C4><LA1_mesityl><LA2_pentafluorophenyl>,Cc1cc(C)c(B(CCCCP(c2c(C)cc(C)cc2C)C(C)C)c2c(F)c(F)c(F)c(F)c2F)c(C)c1,True,Cc1cc(C)c(B(CCCCP(c2c(C)cc(C)cc2C)C(C)C)c2c(F)c(F)c(F)c(F)c2F)c(C)c1,Cc1cc(C)c(B(CCCCP(c2c(C)cc(C)cc2C)C(C)C)c2c(F)c(F)c(F)c(F)c2F)c(C)c1,[],True,1,0.6744186046511628,True,True,False,False,True,False,True,[],0,38,True,True,True,True,"['LA_B_aryl', 'LA_B_diaryl', 'LA_B_polyhalogenated_aryl', 'LA_B_tricoordinate']",['LB_phosphine'],[],[],LA_LB_no_negative_flags,5,True,True,False,False,True,101,2
P,phenyl,phenyl,C3,mesityl,pentachlorophenyl,<LB_P><LB1_phenyl><LB2_phenyl><LINKER_C3><LA1_mesityl><LA2_pentachlorophenyl>,Cc1cc(C)c(B(CCCP(c2ccccc2)c2ccccc2)c2c(Cl)c(Cl)c(Cl)c(Cl)c2Cl)c(C)c1,True,Cc1cc(C)c(B(CCCP(c2ccccc2)c2ccccc2)c2c(Cl)c(Cl)c(Cl)c(Cl)c2Cl)c(C)c1,Cc1cc(C)c(B(CCCP(c2ccccc2)c2ccccc2)c2c(Cl)c(Cl)c(Cl)c(Cl)c2Cl)c(C)c1,[],True,1,0.5227272727272727,True,True,False,False,True,False,True,[],0,37,True,True,True,True,"['LA_B_aryl', 'LA_B_diaryl', 'LA_B_polyhalogenated_aryl', 'LA_B_tricoordinate']",['LB_phosphine'],[],[],LA_LB_no_negative_flags,4,True,True,False,False,True,101,1
N,ethyl,cyclohexyl,C1,bis_cf3_phenyl,bis_cf3_phenyl,<LB_N><LB1_ethyl><LB2_cyclohexyl><LINKER_C1><LA1_bis_cf3_phenyl><LA2_bis_cf3_phenyl>,CCN(CB(c1cc(C(F)(F)F)cc(C(F)(F)F)c1)c1cc(C(F)(F)F)cc(C(F)(F)F)c1)C1CCCCC1,True,CCN(CB(c1cc(C(F)(F)F)cc(C(F)(F)F)c1)c1cc(C(F)(F)F)cc(C(F)(F)F)c1)C1CCCCC1,CCN(CB(c1cc(C(F)(F)F)cc(C(F)(F)F)c1)c1cc(C(F)(F)F)cc(C(F)(F)F)c1)C1CCCCC1,[],True,1,0.4090909090909091,True,True,False,False,True,False,True,[],0,39,True,True,True,True,"['LA_B_aryl', 'LA_B_diaryl', 'LA_B_tricoordinate']",['LB_amine'],[],[],LA_LB_no_negative_flags,2,True,True,False,False,True,101,1
P,phenyl,phenyl,C1,mesityl,pentachlorophenyl,<LB_P><LB1_phenyl><LB2_phenyl><LINKER_C1><LA1_mesityl><LA2_pentachlorophenyl>,Cc1cc(C)c(B(CP(c2ccccc2)c2ccccc2)c2c(Cl)c(Cl)c(Cl)c(Cl)c2Cl)c(C)c1,True,Cc1cc(C)c(B(CP(c2ccccc2)c2ccccc2)c2c(Cl)c(Cl)c(Cl)c(Cl)c2Cl)c(C)c1,Cc1cc(C)c(B(CP(c2ccccc2)c2ccccc2)c2c(Cl)c(Cl)c(Cl)c(Cl)c2Cl)c(C)c1,[],True,1,0.4883720930232558,True,True,False,False,True,False,True,[],0,35,True,True,True,True,"['LA_B_aryl', 'LA_B_diaryl', 'LA_B_polyhalogenated_aryl', 'LA_B_tricoordinate']",['LB_phosphine'],[],[],LA_LB_no_negative_flags,2,True,True,False,False,True,101,2
N,methyl,isopropyl,C5,bis_cf3_phenyl,bis_cf3_phenyl,<LB_N><LB1_methyl><LB2_isopropyl><LINKER_C5><LA1_bis_cf3_phenyl><LA2_bis_cf3_phenyl>,CC(C)N(C)CCCCCB(c1cc(C(F)(F)F)cc(C(F)(F)F)c1)c1cc(C(F)(F)F)cc(C(F)(F)F)c1,True,CC(C)N(C)CCCCCB(c1cc(C(F)(F)F)cc(C(F)(F)F)c1)c1cc(C(F)(F)F)cc(C(F)(F)F)c1,CC(C)N(C)CCCCCB(c1cc(C(F)(F)F)cc(C(F)(F)F)c1)c1cc(C(F)(F)F)cc(C(F)(F)F)c1,[],True,1,0.4418604651162791,True,True,False,False,True,False,True,[],0,39,True,True,True,True,"['LA_B_aryl', 'LA_B_diaryl', 'LA_B_tricoordinate']",['LB_amine'],[],[],LA_LB_no_negative_flags,6,True,True,False,False,True,101,2
P,isopropyl,isopropyl,C2,p_tolyl,bis_cf3_phenyl,<LB_P><LB1_isopropyl><LB2_isopropyl><LINKER_C2><LA1_p_tolyl><LA2_bis_cf3_phenyl>,Cc1ccc(B(CCP(C(C)C)C(C)C)c2cc(C(F)(F)F)cc(C(F)(F)F)c2)cc1,True,Cc1ccc(B(CCP(C(C)C)C(C)C)c2cc(C(F)(F)F)cc(C(F)(F)F)c2)cc1,Cc1ccc(B(CCP(C(C)C)C(C)C)c2cc(C(F)(F)F)cc(C(F)(F)F)c2)cc1,[],True,1,0.45454545454545453,True,True,False,False,True,False,True,[],0,31,True,True,True,True,"['LA_B_aryl', 'LA_B_diaryl', 'LA_B_tricoordinate']",['LB_phosphine'],[],[],LA_LB_no_negative_flags,3,True,True,False,False,True,101,2
N,ethyl,ethyl,C2,pentachlorophenyl,bis_cf3_phenyl,<LB_N><LB1_ethyl><LB2_ethyl><LINKER_C2><LA1_pentachlorophenyl><LA2_bis_cf3_phenyl>,CCN(CC)CCB(c1cc(C(F)(F)F)cc(C(F)(F)F)c1)c1c(Cl)c(Cl)c(Cl)c(Cl)c1Cl,True,CCN(CC)CCB(c1cc(C(F)(F)F)cc(C(F)(F)F)c1)c1c(Cl)c(Cl)c(Cl)c(Cl)c1Cl,CCN(CC)CCB(c1cc(C(F)(F)F)cc(C(F)(F)F)c1)c1c(Cl)c(Cl)c(Cl)c(Cl)c1Cl,[],True,1,0.4,True,True,False,False,True,False,True,[],0,33,True,True,True,True,"['LA_B_aryl', 'LA_B_diaryl', 'LA_B_polyhalogenated_aryl', 'LA_B_tricoordinate']",['LB_amine'],[],[],LA_LB_no_negative_flags,3,True,True,False,False,True,101,2
N,methyl,methyl,C2,p_tolyl,bis_cf3_phenyl,<LB_N><LB1_methyl><LB2_methyl><LINKER_C2><LA1_p_tolyl><LA2_bis_cf3_phenyl>,Cc1ccc(B(CCN(C)C)c2cc(C(F)(F)F)cc(C(F)(F)F)c2)cc1,True,Cc1ccc(B(CCN(C)C)c2cc(C(F)(F)F)cc(C(F)(F)F)c2)cc1,Cc1ccc(B(CCN(C)C)c2cc(C(F)(F)F)cc(C(F)(F)F)c2)cc1,[],True,1,0.4186046511627907,True,True,False,False,True,False,True,[],0,27,True,True,True,True,"['LA_B_aryl', 'LA_B_diaryl', 'LA_B_tricoordinate']",['LB_amine'],[],[],LA_LB_no_negative_flags,3,True,True,False,False,True,101,1
P,mesityl,mesityl,C6,pentachlorophenyl,bis_cf3_phenyl,<LB_P><LB1_mesityl><LB2_mesityl><LINKER_C6><LA1_pentachlorophenyl><LA2_bis_cf3_phenyl>,Cc1cc(C)c(P(CCCCCCB(c2cc(C(F)(F)F)cc(C(F)(F)F)c2)c2c(Cl)c(Cl)c(Cl)c(Cl)c2Cl)c2c(C)cc(C)cc2C)c(C)c1,True,Cc1cc(C)c(P(CCCCCCB(c2cc(C(F)(F)F)cc(C(F)(F)F)c2)c2c(Cl)c(Cl)c(Cl)c(Cl)c2Cl)c2c(C)cc(C)cc2C)c(C)c1,Cc1cc(C)c(P(CCCCCCB(c2cc(C(F)(F)F)cc(C(F)(F)F)c2)c2c(Cl)c(Cl)c(Cl)c(Cl)c2Cl)c2c(C)cc(C)cc2C)c(C)c1,[],True,1,0.54,True,True,False,False,True,False,True,[],0,51,True,True,True,True,"['LA_B_aryl', 'LA_B_diaryl', 'LA_B_polyhalogenated_aryl', 'LA_B_tricoordinate']",['LB_phosphine'],[],[],LA_LB_no_negative_flags,7,True,True,False,False,True,101,2
N,methyl,ethyl,C3,mesityl,pentachlorophenyl,<LB_N><LB1_methyl><LB2_ethyl><LINKER_C3><LA1_mesityl><LA2_pentachlorophenyl>,CCN(C)CCCB(c1c(C)cc(C)cc1C)c1c(Cl)c(Cl)c(Cl)c(Cl)c1Cl,True,CCN(C)CCCB(c1c(C)cc(C)cc1C)c1c(Cl)c(Cl)c(Cl)c(Cl)c1Cl,CCN(C)CCCB(c1c(C)cc(C)cc1C)c1c(Cl)c(Cl)c(Cl)c(Cl)c1Cl,[],True,1,0.4772727272727273,True,True,False,False,True,False,True,[],0,28,True,True,True,True,"['LA_B_aryl', 'LA_B_diaryl', 'LA_B_polyhalogenated_aryl', 'LA_B_tricoordinate']",['LB_amine'],[],[],LA_LB_no_negative_flags,4,True,True,False,False,True,101,1
P,phenyl,cyclohexyl,C4,pentachlorophenyl,pentachlorophenyl,<LB_P><LB1_phenyl><LB2_cyclohexyl><LINKER_C4><LA1_pentachlorophenyl><LA2_pentachlorophenyl>,Clc1c(Cl)c(Cl)c(B(CCCCP(c2ccccc2)C2CCCCC2)c2c(Cl)c(Cl)c(Cl)c(Cl)c2Cl)c(Cl)c1Cl,True,Clc1c(Cl)c(Cl)c(B(CCCCP(c2ccccc2)C2CCCCC2)c2c(Cl)c(Cl)c(Cl)c(Cl)c2Cl)c(Cl)c1Cl,Clc1c(Cl)c(Cl)c(B(CCCCP(c2ccccc2)C2CCCCC2)c2c(Cl)c(Cl)c(Cl)c(Cl)c2Cl)c(Cl)c1Cl,[],True,1,0.5,True,True,False,False,True,False,True,[],0,40,True,True,True,True,"['LA_B_aryl', 'LA_B_diaryl', 'LA_B_polyhalogenated_aryl', 'LA_B_tricoordinate']",['LB_phosphine'],[],[],LA_LB_no_negative_flags,5,True,True,False,False,True,101,1
P,phenyl,tert_butyl,C1,pentachlorophenyl,pentachlorophenyl,<LB_P><LB1_phenyl><LB2_tert_butyl><LINKER_C1><LA1_pentachlorophenyl><LA2_pentachlorophenyl>,CC(C)(C)P(CB(c1c(Cl)c(Cl)c(Cl)c(Cl)c1Cl)c1c(Cl)c(Cl)c(Cl)c(Cl)c1Cl)c1ccccc1,True,CC(C)(C)P(CB(c1c(Cl)c(Cl)c(Cl)c(Cl)c1Cl)c1c(Cl)c(Cl)c(Cl)c(Cl)c1Cl)c1ccccc1,CC(C)(C)P(CB(c1c(Cl)c(Cl)c(Cl)c(Cl)c1Cl)c1c(Cl)c(Cl)c(Cl)c(Cl)c1Cl)c1ccccc1,[],True,1,0.5454545454545454,True,True,False,False,True,False,True,[],0,35,True,True,True,True,"['LA_B_aryl', 'LA_B_diaryl', 'LA_B_polyhalogenated_aryl', 'LA_B_tricoordinate']",['LB_phosphine'],[],[],LA_LB_no_negative_flags,2,True,True,False,False,True,101,1
P,mesityl,isopropyl,C1,pentachlorophenyl,pentachlorophenyl,<LB_P><LB1_mesityl><LB2_isopropyl><LINKER_C1><LA1_pentachlorophenyl><LA2_pentachlorophenyl>,Cc1cc(C)c(P(CB(c2c(Cl)c(Cl)c(Cl)c(Cl)c2Cl)c2c(Cl)c(Cl)c(Cl)c(Cl)c2Cl)C(C)C)c(C)c1,True,Cc1cc(C)c(P(CB(c2c(Cl)c(Cl)c(Cl)c(Cl)c2Cl)c2c(Cl)c(Cl)c(Cl)c(Cl)c2Cl)C(C)C)c(C)c1,Cc1cc(C)c(P(CB(c2c(Cl)c(Cl)c(Cl)c(Cl)c2Cl)c2c(Cl)c(Cl)c(Cl)c(Cl)c2Cl)C(C)C)c(C)c1,[],True,1,0.5714285714285714,True,True,False,False,True,False,True,[],0,37,True,True,True,True,"['LA_B_aryl', 'LA_B_diaryl', 'LA_B_polyhalogenated_aryl', 'LA_B_tricoordinate']",['LB_phosphine'],[],[],LA_LB_no_negative_flags,2,True,True,False,False,True,101,1
N,phenyl,phenyl,C4,mesityl,pentafluorophenyl,<LB_N><LB1_phenyl><LB2_phenyl><LINKER_C4><LA1_mesityl><LA2_pentafluorophenyl>,Cc1cc(C)c(B(CCCCN(c2ccccc2)c2ccccc2)c2c(F)c(F)c(F)c(F)c2F)c(C)c1,True,Cc1cc(C)c(B(CCCCN(c2ccccc2)c2ccccc2)c2c(F)c(F)c(F)c(F)c2F)c(C)c1,Cc1cc(C)c(B(CCCCN(c2ccccc2)c2ccccc2)c2c(F)c(F)c(F)c(F)c2F)c(C)c1,[],True,1,0.5,True,True,False,False,True,False,True,[],0,38,True,True,True,True,"['LA_B_aryl', 'LA_B_diaryl', 'LA_B_polyhalogenated_aryl', 'LA_B_tricoordinate']",['LB_amine'],[],[],LA_LB_no_negative_flags,5,True,True,False,False,True,101,2
N,ethyl,isopropyl,C2,pentafluorophenyl,pentafluorophenyl,<LB_N><LB1_ethyl><LB2_isopropyl><LINKER_C2><LA1_pentafluorophenyl><LA2_pentafluorophenyl>,CCN(CCB(c1c(F)c(F)c(F)c(F)c1F)c1c(F)c(F)c(F)c(F)c1F)C(C)C,True,CCN(CCB(c1c(F)c(F)c(F)c(F)c1F)c1c(F)c(F)c(F)c(F)c1F)C(C)C,CCN(CCB(c1c(F)c(F)c(F)c(F)c1F)c1c(F)c(F)c(F)c(F)c1F)C(C)C,[],True,1,0.43902439024390244,True,True,False,False,True,False,True,[],0,31,True,True,True,True,"['LA_B_aryl', 'LA_B_diaryl', 'LA_B_polyhalogenated_aryl', 'LA_B_tricoordinate']",['LB_amine'],[],[],LA_LB_no_negative_flags,3,True,True,False,False,True,101,2
P,phenyl,cyclohexyl,C4,phenyl,mesityl,<LB_P><LB1_phenyl><LB2_cyclohexyl><LINKER_C4><LA1_phenyl><LA2_mesityl>,Cc1cc(C)c(B(CCCCP(c2ccccc2)C2CCCCC2)c2ccccc2)c(C)c1,True,Cc1cc(C)c(B(CCCCP(c2ccccc2)C2CCCCC2)c2ccccc2)c(C)c1,Cc1cc(C)c(B(CCCCP(c2ccccc2)C2CCCCC2)c2ccccc2)c(C)c1,[],True,1,0.42857142857142855,True,True,False,False,True,False,True,[],0,33,True,True,True,True,"['LA_B_aryl', 'LA_B_diaryl', 'LA_B_tricoordinate']",['LB_phosphine'],[],[],LA_LB_no_negative_flags,5,True,True,False,False,True,101,1
P,mesityl,isopropyl,C2,p_tolyl,p_tolyl,<LB_P><LB1_mesityl><LB2_isopropyl><LINKER_C2><LA1_p_tolyl><LA2_p_tolyl>,Cc1ccc(B(CCP(c2c(C)cc(C)cc2C)C(C)C)c2ccc(C)cc2)cc1,True,Cc1ccc(B(CCP(c2c(C)cc(C)cc2C)C(C)C)c2ccc(C)cc2)cc1,Cc1ccc(B(CCP(c2c(C)cc(C)cc2C)C(C)C)c2ccc(C)cc2)cc1,[],True,1,0.4090909090909091,True,True,False,False,True,False,True,[],0,30,True,True,True,True,"['LA_B_aryl', 'LA_B_diaryl', 'LA_B_tricoordinate']",['LB_phosphine'],[],[],LA_LB_no_negative_flags,3,True,True,False,False,True,101,1
P,phenyl,cyclohexyl,C2,pentachlorophenyl,bis_cf3_phenyl,<LB_P><LB1_phenyl><LB2_cyclohexyl><LINKER_C2><LA1_pentachlorophenyl><LA2_bis_cf3_phenyl>,FC(F)(F)c1cc(B(CCP(c2ccccc2)C2CCCCC2)c2c(Cl)c(Cl)c(Cl)c(Cl)c2Cl)cc(C(F)(F)F)c1,True,FC(F)(F)c1cc(B(CCP(c2ccccc2)C2CCCCC2)c2c(Cl)c(Cl)c(Cl)c(Cl)c2Cl)cc(C(F)(F)F)c1,FC(F)(F)c1cc(B(CCP(c2ccccc2)C2CCCCC2)c2c(Cl)c(Cl)c(Cl)c(Cl)c2Cl)cc(C(F)(F)F)c1,[],True,1,0.4117647058823529,True,True,False,False,True,False,True,[],0,41,True,True,True,True,"['LA_B_aryl', 'LA_B_diaryl', 'LA_B_polyhalogenated_aryl', 'LA_B_tricoordinate']",['LB_phosphine'],[],[],LA_LB_no_negative_flags,3,True,True,False,False,True,101,1
P,phenyl,mesityl,C2,pentachlorophenyl,pentachlorophenyl,<LB_P><LB1_phenyl><LB2_mesityl><LINKER_C2><LA1_pentachlorophenyl><LA2_pentachlorophenyl>,Cc1cc(C)c(P(CCB(c2c(Cl)c(Cl)c(Cl)c(Cl)c2Cl)c2c(Cl)c(Cl)c(Cl)c(Cl)c2Cl)c2ccccc2)c(C)c1,True,Cc1cc(C)c(P(CCB(c2c(Cl)c(Cl)c(Cl)c(Cl)c2Cl)c2c(Cl)c(Cl)c(Cl)c(Cl)c2Cl)c2ccccc2)c(C)c1,Cc1cc(C)c(P(CCB(c2c(Cl)c(Cl)c(Cl)c(Cl)c2Cl)c2c(Cl)c(Cl)c(Cl)c(Cl)c2Cl)c2ccccc2)c(C)c1,[],True,1,0.65,True,True,False,False,True,False,True,[],0,41,True,True,True,True,"['LA_B_aryl', 'LA_B_diaryl', 'LA_B_polyhalogenated_aryl', 'LA_B_tricoordinate']",['LB_phosphine'],[],[],LA_LB_no_negative_flags,3,True,True,False,False,True,101,1
N,methyl,methyl,C6,bis_cf3_phenyl,bis_cf3_phenyl,<LB_N><LB1_methyl><LB2_methyl><LINKER_C6><LA1_bis_cf3_phenyl><LA2_bis_cf3_phenyl>,CN(C)CCCCCCB(c1cc(C(F)(F)F)cc(C(F)(F)F)c1)c1cc(C(F)(F)F)cc(C(F)(F)F)c1,True,CN(C)CCCCCCB(c1cc(C(F)(F)F)cc(C(F)(F)F)c1)c1cc(C(F)(F)F)cc(C(F)(F)F)c1,CN(C)CCCCCCB(c1cc(C(F)(F)F)cc(C(F)(F)F)c1)c1cc(C(F)(F)F)cc(C(F)(F)F)c1,[],True,1,0.45,True,True,False,False,True,False,True,[],0,38,True,True,True,True,"['LA_B_aryl', 'LA_B_diaryl', 'LA_B_tricoordinate']",['LB_amine'],[],[],LA_LB_no_negative_flags,7,True,True,False,False,True,101,2
P,phenyl,isopropyl,C3,bis_cf3_phenyl,bis_cf3_phenyl,<LB_P><LB1_phenyl><LB2_isopropyl><LINKER_C3><LA1_bis_cf3_phenyl><LA2_bis_cf3_phenyl>,CC(C)P(CCCB(c1cc(C(F)(F)F)cc(C(F)(F)F)c1)c1cc(C(F)(F)F)cc(C(F)(F)F)c1)c1ccccc1,True,CC(C)P(CCCB(c1cc(C(F)(F)F)cc(C(F)(F)F)c1)c1cc(C(F)(F)F)cc(C(F)(F)F)c1)c1ccccc1,CC(C)P(CCCB(c1cc(C(F)(F)F)cc(C(F)(F)F)c1)c1cc(C(F)(F)F)cc(C(F)(F)F)c1)c1ccccc1,[],True,1,0.43478260869565216,True,True,False,False,True,False,True,[],0,42,True,True,True,True,"['LA_B_aryl', 'LA_B_diaryl', 'LA_B_tricoordinate']",['LB_phosphine'],[],[],LA_LB_no_negative_flags,4,True,True,False,False,True,101,2
P,phenyl,mesityl,C1,p_tolyl,p_tolyl,<LB_P><LB1_phenyl><LB2_mesityl><LINKER_C1><LA1_p_tolyl><LA2_p_tolyl>,Cc1ccc(B(CP(c2ccccc2)c2c(C)cc(C)cc2C)c2ccc(C)cc2)cc1,True,Cc1ccc(B(CP(c2ccccc2)c2c(C)cc(C)cc2C)c2ccc(C)cc2)cc1,Cc1ccc(B(CP(c2ccccc2)c2c(C)cc(C)cc2C)c2ccc(C)cc2)cc1,[],True,1,0.40425531914893614,True,True,False,False,True,False,True,[],0,32,True,True,True,True,"['LA_B_aryl', 'LA_B_diaryl', 'LA_B_tricoordinate']",['LB_phosphine'],[],[],LA_LB_no_negative_flags,2,True,True,False,False,True,101,1
N,methyl,isopropyl,C2,phenyl,pentafluorophenyl,<LB_N><LB1_methyl><LB2_isopropyl><LINKER_C2><LA1_phenyl><LA2_pentafluorophenyl>,CC(C)N(C)CCB(c1ccccc1)c1c(F)c(F)c(F)c(F)c1F,True,CC(C)N(C)CCB(c1ccccc1)c1c(F)c(F)c(F)c(F)c1F,CC(C)N(C)CCB(c1ccccc1)c1c(F)c(F)c(F)c(F)c1F,[],True,1,0.41304347826086957,True,True,False,False,True,False,True,[],0,25,True,True,True,True,"['LA_B_aryl', 'LA_B_diaryl', 'LA_B_polyhalogenated_aryl', 'LA_B_tricoordinate']",['LB_amine'],[],[],LA_LB_no_negative_flags,3,True,True,False,False,True,101,1
P,phenyl,phenyl,C3,mesityl,mesityl,<LB_P><LB1_phenyl><LB2_phenyl><LINKER_C3><LA1_mesityl><LA2_mesityl>,Cc1cc(C)c(B(CCCP(c2ccccc2)c2ccccc2)c2c(C)cc(C)cc2C)c(C)c1,True,Cc1cc(C)c(B(CCCP(c2ccccc2)c2ccccc2)c2c(C)cc(C)cc2C)c(C)c1,Cc1cc(C)c(B(CCCP(c2ccccc2)c2ccccc2)c2c(C)cc(C)cc2C)c(C)c1,[],True,1,0.55,True,True,False,False,True,False,True,[],0,35,True,True,True,True,"['LA_B_aryl', 'LA_B_diaryl', 'LA_B_tricoordinate']",['LB_phosphine'],[],[],LA_LB_no_negative_flags,4,True,True,False,False,True,101,1
P,mesityl,isopropyl,C4,phenyl,pentafluorophenyl,<LB_P><LB1_mesityl><LB2_isopropyl><LINKER_C4><LA1_phenyl><LA2_pentafluorophenyl>,Cc1cc(C)c(P(CCCCB(c2ccccc2)c2c(F)c(F)c(F)c(F)c2F)C(C)C)c(C)c1,True,Cc1cc(C)c(P(CCCCB(c2ccccc2)c2c(F)c(F)c(F)c(F)c2F)C(C)C)c(C)c1,Cc1cc(C)c(P(CCCCB(c2ccccc2)c2c(F)c(F)c(F)c(F)c2F)C(C)C)c(C)c1,[],True,1,0.5833333333333334,True,True,False,False,True,False,True,[],0,35,True,True,True,True,"['LA_B_aryl', 'LA_B_diaryl', 'LA_B_polyhalogenated_aryl', 'LA_B_tricoordinate']",['LB_phosphine'],[],[],LA_LB_no_negative_flags,5,True,True,False,False,True,101,1
N,methyl,ethyl,C1,mesityl,mesityl,<LB_N><LB1_methyl><LB2_ethyl><LINKER_C1><LA1_mesityl><LA2_mesityl>,CCN(C)CB(c1c(C)cc(C)cc1C)c1c(C)cc(C)cc1C,True,CCN(C)CB(c1c(C)cc(C)cc1C)c1c(C)cc(C)cc1C,CCN(C)CB(c1c(C)cc(C)cc1C)c1c(C)cc(C)cc1C,[],True,1,0.40476190476190477,True,True,False,False,True,False,True,[],0,24,True,True,True,True,"['LA_B_aryl', 'LA_B_diaryl', 'LA_B_tricoordinate']",['LB_amine'],[],[],LA_LB_no_negative_flags,2,True,True,False,False,True,101,1
P,phenyl,tert_butyl,C4,mesityl,mesityl,<LB_P><LB1_phenyl><LB2_tert_butyl><LINKER_C4><LA1_mesityl><LA2_mesityl>,Cc1cc(C)c(B(CCCCP(c2ccccc2)C(C)(C)C)c2c(C)cc(C)cc2C)c(C)c1,True,Cc1cc(C)c(B(CCCCP(c2ccccc2)C(C)(C)C)c2c(C)cc(C)cc2C)c(C)c1,Cc1cc(C)c(B(CCCCP(c2ccccc2)C(C)(C)C)c2c(C)cc(C)cc2C)c(C)c1,[],True,1,0.42857142857142855,True,True,False,False,True,False,True,[],0,34,True,True,True,True,"['LA_B_aryl', 'LA_B_diaryl', 'LA_B_tricoordinate']",['LB_phosphine'],[],[],LA_LB_no_negative_flags,5,True,True,False,False,True,101,1
P,mesityl,cyclohexyl,C5,phenyl,pentachlorophenyl,<LB_P><LB1_mesityl><LB2_cyclohexyl><LINKER_C5><LA1_phenyl><LA2_pentachlorophenyl>,Cc1cc(C)c(P(CCCCCB(c2ccccc2)c2c(Cl)c(Cl)c(Cl)c(Cl)c2Cl)C2CCCCC2)c(C)c1,True,Cc1cc(C)c(P(CCCCCB(c2ccccc2)c2c(Cl)c(Cl)c(Cl)c(Cl)c2Cl)C2CCCCC2)c(C)c1,Cc1cc(C)c(P(CCCCCB(c2ccccc2)c2c(Cl)c(Cl)c(Cl)c(Cl)c2Cl)C2CCCCC2)c(C)c1,[],True,1,0.4444444444444444,True,True,False,False,True,False,True,[],0,39,True,True,True,True,"['LA_B_aryl', 'LA_B_diaryl', 'LA_B_polyhalogenated_aryl', 'LA_B_tricoordinate']",['LB_phosphine'],[],[],LA_LB_no_negative_flags,6,True,True,False,False,True,101,1
N,methyl,methyl,C5,mesityl,pentachlorophenyl,<LB_N><LB1_methyl><LB2_methyl><LINKER_C5><LA1_mesityl><LA2_pentachlorophenyl>,Cc1cc(C)c(B(CCCCCN(C)C)c2c(Cl)c(Cl)c(Cl)c(Cl)c2Cl)c(C)c1,True,Cc1cc(C)c(B(CCCCCN(C)C)c2c(Cl)c(Cl)c(Cl)c(Cl)c2Cl)c(C)c1,Cc1cc(C)c(B(CCCCCN(C)C)c2c(Cl)c(Cl)c(Cl)c(Cl)c2Cl)c(C)c1,[],True,1,0.4883720930232558,True,True,False,False,True,False,True,[],0,29,True,True,True,True,"['LA_B_aryl', 'LA_B_diaryl', 'LA_B_polyhalogenated_aryl', 'LA_B_tricoordinate']",['LB_amine'],[],[],LA_LB_no_negative_flags,6,True,True,False,False,True,101,1
N,methyl,ethyl,C1,mesityl,pentachlorophenyl,<LB_N><LB1_methyl><LB2_ethyl><LINKER_C1><LA1_mesityl><LA2_pentachlorophenyl>,CCN(C)CB(c1c(C)cc(C)cc1C)c1c(Cl)c(Cl)c(Cl)c(Cl)c1Cl,True,CCN(C)CB(c1c(C)cc(C)cc1C)c1c(Cl)c(Cl)c(Cl)c(Cl)c1Cl,CCN(C)CB(c1c(C)cc(C)cc1C)c1c(Cl)c(Cl)c(Cl)c(Cl)c1Cl,[],True,1,0.46511627906976744,True,True,False,False,True,False,True,[],0,26,True,True,True,True,"['LA_B_aryl', 'LA_B_diaryl', 'LA_B_polyhalogenated_aryl', 'LA_B_tricoordinate']",['LB_amine'],[],[],LA_LB_no_negative_flags,2,True,True,False,False,True,101,1
P,tert_butyl,isopropyl,C3,mesityl,pentafluorophenyl,<LB_P><LB1_tert_butyl><LB2_isopropyl><LINKER_C3><LA1_mesityl><LA2_pentafluorophenyl>,Cc1cc(C)c(B(CCCP(C(C)C)C(C)(C)C)c2c(F)c(F)c(F)c(F)c2F)c(C)c1,True,Cc1cc(C)c(B(CCCP(C(C)C)C(C)(C)C)c2c(F)c(F)c(F)c(F)c2F)c(C)c1,Cc1cc(C)c(B(CCCP(C(C)C)C(C)(C)C)c2c(F)c(F)c(F)c(F)c2F)c(C)c1,[],True,1,0.5434782608695652,True,True,False,False,True,False,True,[],0,32,True,True,True,True,"['LA_B_aryl', 'LA_B_diaryl', 'LA_B_polyhalogenated_aryl', 'LA_B_tricoordinate']",['LB_phosphine'],[],[],LA_LB_no_negative_flags,4,True,True,False,False,True,101,1
P,phenyl,mesityl,C1,pentachlorophenyl,bis_cf3_phenyl,<LB_P><LB1_phenyl><LB2_mesityl><LINKER_C1><LA1_pentachlorophenyl><LA2_bis_cf3_phenyl>,Cc1cc(C)c(P(CB(c2cc(C(F)(F)F)cc(C(F)(F)F)c2)c2c(Cl)c(Cl)c(Cl)c(Cl)c2Cl)c2ccccc2)c(C)c1,True,Cc1cc(C)c(P(CB(c2cc(C(F)(F)F)cc(C(F)(F)F)c2)c2c(Cl)c(Cl)c(Cl)c(Cl)c2Cl)c2ccccc2)c(C)c1,Cc1cc(C)c(P(CB(c2cc(C(F)(F)F)cc(C(F)(F)F)c2)c2c(Cl)c(Cl)c(Cl)c(Cl)c2Cl)c2ccccc2)c(C)c1,[],True,1,0.4444444444444444,True,True,False,False,True,False,True,[],0,43,True,True,True,True,"['LA_B_aryl', 'LA_B_diaryl', 'LA_B_polyhalogenated_aryl', 'LA_B_tricoordinate']",['LB_phosphine'],[],[],LA_LB_no_negative_flags,2,True,True,False,False,True,101,1
P,mesityl,isopropyl,C2,pentafluorophenyl,pentachlorophenyl,<LB_P><LB1_mesityl><LB2_isopropyl><LINKER_C2><LA1_pentafluorophenyl><LA2_pentachlorophenyl>,Cc1cc(C)c(P(CCB(c2c(F)c(F)c(F)c(F)c2F)c2c(Cl)c(Cl)c(Cl)c(Cl)c2Cl)C(C)C)c(C)c1,True,Cc1cc(C)c(P(CCB(c2c(F)c(F)c(F)c(F)c2F)c2c(Cl)c(Cl)c(Cl)c(Cl)c2Cl)C(C)C)c(C)c1,Cc1cc(C)c(P(CCB(c2c(F)c(F)c(F)c(F)c2F)c2c(Cl)c(Cl)c(Cl)c(Cl)c2Cl)C(C)C)c(C)c1,[],True,1,0.5909090909090909,True,True,False,False,True,False,True,[],0,38,True,True,True,True,"['LA_B_aryl', 'LA_B_diaryl', 'LA_B_polyhalogenated_aryl', 'LA_B_tricoordinate']",['LB_phosphine'],[],[],LA_LB_no_negative_flags,3,True,True,False,False,True,101,1
P,isopropyl,isopropyl,C1,phenyl,bis_cf3_phenyl,<LB_P><LB1_isopropyl><LB2_isopropyl><LINKER_C1><LA1_phenyl><LA2_bis_cf3_phenyl>,CC(C)P(CB(c1ccccc1)c1cc(C(F)(F)F)cc(C(F)(F)F)c1)C(C)C,True,CC(C)P(CB(c1ccccc1)c1cc(C(F)(F)F)cc(C(F)(F)F)c1)C(C)C,CC(C)P(CB(c1ccccc1)c1cc(C(F)(F)F)cc(C(F)(F)F)c1)C(C)C,[],True,1,0.5384615384615384,True,True,False,False,True,False,True,[],0,29,True,True,True,True,"['LA_B_aryl', 'LA_B_diaryl', 'LA_B_tricoordinate']",['LB_phosphine'],[],[],LA_LB_no_negative_flags,2,True,True,False,False,True,101,2
P,cyclohexyl,cyclohexyl,C5,p_tolyl,pentafluorophenyl,<LB_P><LB1_cyclohexyl><LB2_cyclohexyl><LINKER_C5><LA1_p_tolyl><LA2_pentafluorophenyl>,Cc1ccc(B(CCCCCP(C2CCCCC2)C2CCCCC2)c2c(F)c(F)c(F)c(F)c2F)cc1,True,Cc1ccc(B(CCCCCP(C2CCCCC2)C2CCCCC2)c2c(F)c(F)c(F)c(F)c2F)cc1,Cc1ccc(B(CCCCCP(C2CCCCC2)C2CCCCC2)c2c(F)c(F)c(F)c(F)c2F)cc1,[],True,1,0.4423076923076923,True,True,False,False,True,False,True,[],0,37,True,True,True,True,"['LA_B_aryl', 'LA_B_diaryl', 'LA_B_polyhalogenated_aryl', 'LA_B_tricoordinate']",['LB_phosphine'],[],[],LA_LB_no_negative_flags,6,True,True,False,False,True,101,2
P,cyclohexyl,cyclohexyl,C1,mesityl,bis_cf3_phenyl,<LB_P><LB1_cyclohexyl><LB2_cyclohexyl><LINKER_C1><LA1_mesityl><LA2_bis_cf3_phenyl>,Cc1cc(C)c(B(CP(C2CCCCC2)C2CCCCC2)c2cc(C(F)(F)F)cc(C(F)(F)F)c2)c(C)c1,True,Cc1cc(C)c(B(CP(C2CCCCC2)C2CCCCC2)c2cc(C(F)(F)F)cc(C(F)(F)F)c2)c(C)c1,Cc1cc(C)c(B(CP(C2CCCCC2)C2CCCCC2)c2cc(C(F)(F)F)cc(C(F)(F)F)c2)c(C)c1,[],True,1,0.4166666666666667,True,True,False,False,True,False,True,[],0,38,True,True,True,True,"['LA_B_aryl', 'LA_B_diaryl', 'LA_B_tricoordinate']",['LB_phosphine'],[],[],LA_LB_no_negative_flags,2,True,True,False,False,True,101,2
P,cyclohexyl,isopropyl,C6,pentafluorophenyl,pentafluorophenyl,<LB_P><LB1_cyclohexyl><LB2_isopropyl><LINKER_C6><LA1_pentafluorophenyl><LA2_pentafluorophenyl>,CC(C)P(CCCCCCB(c1c(F)c(F)c(F)c(F)c1F)c1c(F)c(F)c(F)c(F)c1F)C1CCCCC1,True,CC(C)P(CCCCCCB(c1c(F)c(F)c(F)c(F)c1F)c1c(F)c(F)c(F)c(F)c1F)C1CCCCC1,CC(C)P(CCCCCCB(c1c(F)c(F)c(F)c(F)c1F)c1c(F)c(F)c(F)c(F)c1F)C1CCCCC1,[],True,1,0.4,True,True,False,False,True,False,True,[],0,39,True,True,True,True,"['LA_B_aryl', 'LA_B_diaryl', 'LA_B_polyhalogenated_aryl', 'LA_B_tricoordinate']",['LB_phosphine'],[],[],LA_LB_no_negative_flags,7,True,True,False,False,True,101,1
P,mesityl,tert_butyl,C5,phenyl,pentachlorophenyl,<LB_P><LB1_mesityl><LB2_tert_butyl><LINKER_C5><LA1_phenyl><LA2_pentachlorophenyl>,Cc1cc(C)c(P(CCCCCB(c2ccccc2)c2c(Cl)c(Cl)c(Cl)c(Cl)c2Cl)C(C)(C)C)c(C)c1,True,Cc1cc(C)c(P(CCCCCB(c2ccccc2)c2c(Cl)c(Cl)c(Cl)c(Cl)c2Cl)C(C)(C)C)c(C)c1,Cc1cc(C)c(P(CCCCCB(c2ccccc2)c2c(Cl)c(Cl)c(Cl)c(Cl)c2Cl)C(C)(C)C)c(C)c1,[],True,1,0.4897959183673469,True,True,False,False,True,False,True,[],0,37,True,True,True,True,"['LA_B_aryl', 'LA_B_diaryl', 'LA_B_polyhalogenated_aryl', 'LA_B_tricoordinate']",['LB_phosphine'],[],[],LA_LB_no_negative_flags,6,True,True,False,False,True,101,2
N,ethyl,isopropyl,C5,phenyl,pentafluorophenyl,<LB_N><LB1_ethyl><LB2_isopropyl><LINKER_C5><LA1_phenyl><LA2_pentafluorophenyl>,CCN(CCCCCB(c1ccccc1)c1c(F)c(F)c(F)c(F)c1F)C(C)C,True,CCN(CCCCCB(c1ccccc1)c1c(F)c(F)c(F)c(F)c1F)C(C)C,CCN(CCCCCB(c1ccccc1)c1c(F)c(F)c(F)c(F)c1F)C(C)C,[],True,1,0.4791666666666667,True,True,False,False,True,False,True,[],0,29,True,True,True,True,"['LA_B_aryl', 'LA_B_diaryl', 'LA_B_polyhalogenated_aryl', 'LA_B_tricoordinate']",['LB_amine'],[],[],LA_LB_no_negative_flags,6,True,True,False,False,True,101,1
P,phenyl,phenyl,C1,mesityl,pentafluorophenyl,<LB_P><LB1_phenyl><LB2_phenyl><LINKER_C1><LA1_mesityl><LA2_pentafluorophenyl>,Cc1cc(C)c(B(CP(c2ccccc2)c2ccccc2)c2c(F)c(F)c(F)c(F)c2F)c(C)c1,True,Cc1cc(C)c(B(CP(c2ccccc2)c2ccccc2)c2c(F)c(F)c(F)c(F)c2F)c(C)c1,Cc1cc(C)c(B(CP(c2ccccc2)c2ccccc2)c2c(F)c(F)c(F)c(F)c2F)c(C)c1,[],True,1,0.5,True,True,False,False,True,False,True,[],0,35,True,True,True,True,"['LA_B_aryl', 'LA_B_diaryl', 'LA_B_polyhalogenated_aryl', 'LA_B_tricoordinate']",['LB_phosphine'],[],[],LA_LB_no_negative_flags,2,True,True,False,False,True,101,2
P,isopropyl,isopropyl,C6,mesityl,mesityl,<LB_P><LB1_isopropyl><LB2_isopropyl><LINKER_C6><LA1_mesityl><LA2_mesityl>,Cc1cc(C)c(B(CCCCCCP(C(C)C)C(C)C)c2c(C)cc(C)cc2C)c(C)c1,True,Cc1cc(C)c(B(CCCCCCP(C(C)C)C(C)C)c2c(C)cc(C)cc2C)c(C)c1,Cc1cc(C)c(B(CCCCCCP(C(C)C)C(C)C)c2c(C)cc(C)cc2C)c(C)c1,[],True,1,0.4883720930232558,True,True,False,False,True,False,True,[],0,32,True,True,True,True,"['LA_B_aryl', 'LA_B_diaryl', 'LA_B_tricoordinate']",['LB_phosphine'],[],[],LA_LB_no_negative_flags,7,True,True,False,False,True,101,2
N,ethyl,ethyl,C1,phenyl,pentafluorophenyl,<LB_N><LB1_ethyl><LB2_ethyl><LINKER_C1><LA1_phenyl><LA2_pentafluorophenyl>,CCN(CC)CB(c1ccccc1)c1c(F)c(F)c(F)c(F)c1F,True,CCN(CC)CB(c1ccccc1)c1c(F)c(F)c(F)c(F)c1F,CCN(CC)CB(c1ccccc1)c1c(F)c(F)c(F)c(F)c1F,[],True,1,0.4878048780487805,True,True,False,False,True,False,True,[],0,24,True,True,True,True,"['LA_B_aryl', 'LA_B_diaryl', 'LA_B_polyhalogenated_aryl', 'LA_B_tricoordinate']",['LB_amine'],[],[],LA_LB_no_negative_flags,2,True,True,False,False,True,101,2
N,methyl,phenyl,C4,mesityl,pentachlorophenyl,<LB_N><LB1_methyl><LB2_phenyl><LINKER_C4><LA1_mesityl><LA2_pentachlorophenyl>,Cc1cc(C)c(B(CCCCN(C)c2ccccc2)c2c(Cl)c(Cl)c(Cl)c(Cl)c2Cl)c(C)c1,True,Cc1cc(C)c(B(CCCCN(C)c2ccccc2)c2c(Cl)c(Cl)c(Cl)c(Cl)c2Cl)c(C)c1,Cc1cc(C)c(B(CCCCN(C)c2ccccc2)c2c(Cl)c(Cl)c(Cl)c(Cl)c2Cl)c(C)c1,[],True,1,0.4375,True,True,False,False,True,False,True,[],0,33,True,True,True,True,"['LA_B_aryl', 'LA_B_diaryl', 'LA_B_polyhalogenated_aryl', 'LA_B_tricoordinate']",['LB_amine'],[],[],LA_LB_no_negative_flags,5,True,True,False,False,True,101,2
P,phenyl,mesityl,C3,pentafluorophenyl,bis_cf3_phenyl,<LB_P><LB1_phenyl><LB2_mesityl><LINKER_C3><LA1_pentafluorophenyl><LA2_bis_cf3_phenyl>,Cc1cc(C)c(P(CCCB(c2cc(C(F)(F)F)cc(C(F)(F)F)c2)c2c(F)c(F)c(F)c(F)c2F)c2ccccc2)c(C)c1,True,Cc1cc(C)c(P(CCCB(c2cc(C(F)(F)F)cc(C(F)(F)F)c2)c2c(F)c(F)c(F)c(F)c2F)c2ccccc2)c(C)c1,Cc1cc(C)c(P(CCCB(c2cc(C(F)(F)F)cc(C(F)(F)F)c2)c2c(F)c(F)c(F)c(F)c2F)c2ccccc2)c(C)c1,[],True,1,0.5576923076923077,True,True,False,False,True,False,True,[],0,45,True,True,True,True,"['LA_B_aryl', 'LA_B_diaryl', 'LA_B_polyhalogenated_aryl', 'LA_B_tricoordinate']",['LB_phosphine'],[],[],LA_LB_no_negative_flags,4,True,True,False,False,True,101,1
P,cyclohexyl,cyclohexyl,C2,p_tolyl,pentachlorophenyl,<LB_P><LB1_cyclohexyl><LB2_cyclohexyl><LINKER_C2><LA1_p_tolyl><LA2_pentachlorophenyl>,Cc1ccc(B(CCP(C2CCCCC2)C2CCCCC2)c2c(Cl)c(Cl)c(Cl)c(Cl)c2Cl)cc1,True,Cc1ccc(B(CCP(C2CCCCC2)C2CCCCC2)c2c(Cl)c(Cl)c(Cl)c(Cl)c2Cl)cc1,Cc1ccc(B(CCP(C2CCCCC2)C2CCCCC2)c2c(Cl)c(Cl)c(Cl)c(Cl)c2Cl)cc1,[],True,1,0.4166666666666667,True,True,False,False,True,False,True,[],0,34,True,True,True,True,"['LA_B_aryl', 'LA_B_diaryl', 'LA_B_polyhalogenated_aryl', 'LA_B_tricoordinate']",['LB_phosphine'],[],[],LA_LB_no_negative_flags,3,True,True,False,False,True,101,1
P,tert_butyl,tert_butyl,C5,mesityl,pentachlorophenyl,<LB_P><LB1_tert_butyl><LB2_tert_butyl><LINKER_C5><LA1_mesityl><LA2_pentachlorophenyl>,Cc1cc(C)c(B(CCCCCP(C(C)(C)C)C(C)(C)C)c2c(Cl)c(Cl)c(Cl)c(Cl)c2Cl)c(C)c1,True,Cc1cc(C)c(B(CCCCCP(C(C)(C)C)C(C)(C)C)c2c(Cl)c(Cl)c(Cl)c(Cl)c2Cl)c(C)c1,Cc1cc(C)c(B(CCCCCP(C(C)(C)C)C(C)(C)C)c2c(Cl)c(Cl)c(Cl)c(Cl)c2Cl)c(C)c1,[],True,1,0.5227272727272727,True,True,False,False,True,False,True,[],0,35,True,True,True,True,"['LA_B_aryl', 'LA_B_diaryl', 'LA_B_polyhalogenated_aryl', 'LA_B_tricoordinate']",['LB_phosphine'],[],[],LA_LB_no_negative_flags,6,True,True,False,False,True,101,1
P,phenyl,tert_butyl,C4,phenyl,mesityl,<LB_P><LB1_phenyl><LB2_tert_butyl><LINKER_C4><LA1_phenyl><LA2_mesityl>,Cc1cc(C)c(B(CCCCP(c2ccccc2)C(C)(C)C)c2ccccc2)c(C)c1,True,Cc1cc(C)c(B(CCCCP(c2ccccc2)C(C)(C)C)c2ccccc2)c(C)c1,Cc1cc(C)c(B(CCCCP(c2ccccc2)C(C)(C)C)c2ccccc2)c(C)c1,[],True,1,0.40384615384615385,True,True,False,False,True,False,True,[],0,31,True,True,True,True,"['LA_B_aryl', 'LA_B_diaryl', 'LA_B_tricoordinate']",['LB_phosphine'],[],[],LA_LB_no_negative_flags,5,True,True,False,False,True,101,2
P,cyclohexyl,isopropyl,C1,pentafluorophenyl,bis_cf3_phenyl,<LB_P><LB1_cyclohexyl><LB2_isopropyl><LINKER_C1><LA1_pentafluorophenyl><LA2_bis_cf3_phenyl>,CC(C)P(CB(c1cc(C(F)(F)F)cc(C(F)(F)F)c1)c1c(F)c(F)c(F)c(F)c1F)C1CCCCC1,True,CC(C)P(CB(c1cc(C(F)(F)F)cc(C(F)(F)F)c1)c1c(F)c(F)c(F)c(F)c1F)C1CCCCC1,CC(C)P(CB(c1cc(C(F)(F)F)cc(C(F)(F)F)c1)c1c(F)c(F)c(F)c(F)c1F)C1CCCCC1,[],True,1,0.42857142857142855,True,True,False,False,True,False,True,[],0,37,True,True,True,True,"['LA_B_aryl', 'LA_B_diaryl', 'LA_B_polyhalogenated_aryl', 'LA_B_tricoordinate']",['LB_phosphine'],[],[],LA_LB_no_negative_flags,2,True,True,False,False,True,101,1
N,ethyl,isopropyl,C4,pentafluorophenyl,pentafluorophenyl,<LB_N><LB1_ethyl><LB2_isopropyl><LINKER_C4><LA1_pentafluorophenyl><LA2_pentafluorophenyl>,CCN(CCCCB(c1c(F)c(F)c(F)c(F)c1F)c1c(F)c(F)c(F)c(F)c1F)C(C)C,True,CCN(CCCCB(c1c(F)c(F)c(F)c(F)c1F)c1c(F)c(F)c(F)c(F)c1F)C(C)C,CCN(CCCCB(c1c(F)c(F)c(F)c(F)c1F)c1c(F)c(F)c(F)c(F)c1F)C(C)C,[],True,1,0.4090909090909091,True,True,False,False,True,False,True,[],0,33,True,True,True,True,"['LA_B_aryl', 'LA_B_diaryl', 'LA_B_polyhalogenated_aryl', 'LA_B_tricoordinate']",['LB_amine'],[],[],LA_LB_no_negative_flags,5,True,True,False,False,True,101,1
P,mesityl,isopropyl,C1,bis_cf3_phenyl,bis_cf3_phenyl,<LB_P><LB1_mesityl><LB2_isopropyl><LINKER_C1><LA1_bis_cf3_phenyl><LA2_bis_cf3_phenyl>,Cc1cc(C)c(P(CB(c2cc(C(F)(F)F)cc(C(F)(F)F)c2)c2cc(C(F)(F)F)cc(C(F)(F)F)c2)C(C)C)c(C)c1,True,Cc1cc(C)c(P(CB(c2cc(C(F)(F)F)cc(C(F)(F)F)c2)c2cc(C(F)(F)F)cc(C(F)(F)F)c2)C(C)C)c(C)c1,Cc1cc(C)c(P(CB(c2cc(C(F)(F)F)cc(C(F)(F)F)c2)c2cc(C(F)(F)F)cc(C(F)(F)F)c2)C(C)C)c(C)c1,[],True,1,0.525,True,True,False,False,True,False,True,[],0,43,True,True,True,True,"['LA_B_aryl', 'LA_B_diaryl', 'LA_B_tricoordinate']",['LB_phosphine'],[],[],LA_LB_no_negative_flags,2,True,True,False,False,True,101,2
P,cyclohexyl,cyclohexyl,C1,pentafluorophenyl,bis_cf3_phenyl,<LB_P><LB1_cyclohexyl><LB2_cyclohexyl><LINKER_C1><LA1_pentafluorophenyl><LA2_bis_cf3_phenyl>,Fc1c(F)c(F)c(B(CP(C2CCCCC2)C2CCCCC2)c2cc(C(F)(F)F)cc(C(F)(F)F)c2)c(F)c1F,True,Fc1c(F)c(F)c(B(CP(C2CCCCC2)C2CCCCC2)c2cc(C(F)(F)F)cc(C(F)(F)F)c2)c(F)c1F,Fc1c(F)c(F)c(B(CP(C2CCCCC2)C2CCCCC2)c2cc(C(F)(F)F)cc(C(F)(F)F)c2)c(F)c1F,[],True,1,0.41304347826086957,True,True,False,False,True,False,True,[],0,40,True,True,True,True,"['LA_B_aryl', 'LA_B_diaryl', 'LA_B_polyhalogenated_aryl', 'LA_B_tricoordinate']",['LB_phosphine'],[],[],LA_LB_no_negative_flags,2,True,True,False,False,True,101,2
P,phenyl,phenyl,C6,bis_cf3_phenyl,bis_cf3_phenyl,<LB_P><LB1_phenyl><LB2_phenyl><LINKER_C6><LA1_bis_cf3_phenyl><LA2_bis_cf3_phenyl>,FC(F)(F)c1cc(B(CCCCCCP(c2ccccc2)c2ccccc2)c2cc(C(F)(F)F)cc(C(F)(F)F)c2)cc(C(F)(F)F)c1,True,FC(F)(F)c1cc(B(CCCCCCP(c2ccccc2)c2ccccc2)c2cc(C(F)(F)F)cc(C(F)(F)F)c2)cc(C(F)(F)F)c1,FC(F)(F)c1cc(B(CCCCCCP(c2ccccc2)c2ccccc2)c2cc(C(F)(F)F)cc(C(F)(F)F)c2)cc(C(F)(F)F)c1,[],True,1,0.5348837209302325,True,True,False,False,True,False,True,[],0,48,True,True,True,True,"['LA_B_aryl', 'LA_B_diaryl', 'LA_B_tricoordinate']",['LB_phosphine'],[],[],LA_LB_no_negative_flags,7,True,True,False,False,True,101,1
P,phenyl,tert_butyl,C5,mesityl,pentachlorophenyl,<LB_P><LB1_phenyl><LB2_tert_butyl><LINKER_C5><LA1_mesityl><LA2_pentachlorophenyl>,Cc1cc(C)c(B(CCCCCP(c2ccccc2)C(C)(C)C)c2c(Cl)c(Cl)c(Cl)c(Cl)c2Cl)c(C)c1,True,Cc1cc(C)c(B(CCCCCP(c2ccccc2)C(C)(C)C)c2c(Cl)c(Cl)c(Cl)c(Cl)c2Cl)c(C)c1,Cc1cc(C)c(B(CCCCCP(c2ccccc2)C(C)(C)C)c2c(Cl)c(Cl)c(Cl)c(Cl)c2Cl)c(C)c1,[],True,1,0.46,True,True,False,False,True,False,True,[],0,37,True,True,True,True,"['LA_B_aryl', 'LA_B_diaryl', 'LA_B_polyhalogenated_aryl', 'LA_B_tricoordinate']",['LB_phosphine'],[],[],LA_LB_no_negative_flags,6,True,True,False,False,True,101,1
P,mesityl,mesityl,C5,pentafluorophenyl,pentachlorophenyl,<LB_P><LB1_mesityl><LB2_mesityl><LINKER_C5><LA1_pentafluorophenyl><LA2_pentachlorophenyl>,Cc1cc(C)c(P(CCCCCB(c2c(F)c(F)c(F)c(F)c2F)c2c(Cl)c(Cl)c(Cl)c(Cl)c2Cl)c2c(C)cc(C)cc2C)c(C)c1,True,Cc1cc(C)c(P(CCCCCB(c2c(F)c(F)c(F)c(F)c2F)c2c(Cl)c(Cl)c(Cl)c(Cl)c2Cl)c2c(C)cc(C)cc2C)c(C)c1,Cc1cc(C)c(P(CCCCCB(c2c(F)c(F)c(F)c(F)c2F)c2c(Cl)c(Cl)c(Cl)c(Cl)c2Cl)c2c(C)cc(C)cc2C)c(C)c1,[],True,1,0.825,True,True,False,False,True,False,True,[],0,47,True,True,True,True,"['LA_B_aryl', 'LA_B_diaryl', 'LA_B_polyhalogenated_aryl', 'LA_B_tricoordinate']",['LB_phosphine'],[],[],LA_LB_no_negative_flags,6,True,True,False,False,True,101,1
P,tert_butyl,tert_butyl,C4,p_tolyl,pentafluorophenyl,<LB_P><LB1_tert_butyl><LB2_tert_butyl><LINKER_C4><LA1_p_tolyl><LA2_pentafluorophenyl>,Cc1ccc(B(CCCCP(C(C)(C)C)C(C)(C)C)c2c(F)c(F)c(F)c(F)c2F)cc1,True,Cc1ccc(B(CCCCP(C(C)(C)C)C(C)(C)C)c2c(F)c(F)c(F)c(F)c2F)cc1,Cc1ccc(B(CCCCP(C(C)(C)C)C(C)(C)C)c2c(F)c(F)c(F)c(F)c2F)cc1,[],True,1,0.5,True,True,False,False,True,False,True,[],0,32,True,True,True,True,"['LA_B_aryl', 'LA_B_diaryl', 'LA_B_polyhalogenated_aryl', 'LA_B_tricoordinate']",['LB_phosphine'],[],[],LA_LB_no_negative_flags,5,True,True,False,False,True,101,1
P,tert_butyl,tert_butyl,C6,mesityl,mesityl,<LB_P><LB1_tert_butyl><LB2_tert_butyl><LINKER_C6><LA1_mesityl><LA2_mesityl>,Cc1cc(C)c(B(CCCCCCP(C(C)(C)C)C(C)(C)C)c2c(C)cc(C)cc2C)c(C)c1,True,Cc1cc(C)c(B(CCCCCCP(C(C)(C)C)C(C)(C)C)c2c(C)cc(C)cc2C)c(C)c1,Cc1cc(C)c(B(CCCCCCP(C(C)(C)C)C(C)(C)C)c2c(C)cc(C)cc2C)c(C)c1,[],True,1,0.4883720930232558,True,True,False,False,True,False,True,[],0,34,True,True,True,True,"['LA_B_aryl', 'LA_B_diaryl', 'LA_B_tricoordinate']",['LB_phosphine'],[],[],LA_LB_no_negative_flags,7,True,True,False,False,True,101,2
P,phenyl,mesityl,C5,phenyl,p_tolyl,<LB_P><LB1_phenyl><LB2_mesityl><LINKER_C5><LA1_phenyl><LA2_p_tolyl>,Cc1ccc(B(CCCCCP(c2ccccc2)c2c(C)cc(C)cc2C)c2ccccc2)cc1,True,Cc1ccc(B(CCCCCP(c2ccccc2)c2c(C)cc(C)cc2C)c2ccccc2)cc1,Cc1ccc(B(CCCCCP(c2ccccc2)c2c(C)cc(C)cc2C)c2ccccc2)cc1,[],True,1,0.5,True,True,False,False,True,False,True,[],0,35,True,True,True,True,"['LA_B_aryl', 'LA_B_diaryl', 'LA_B_tricoordinate']",['LB_phosphine'],[],[],LA_LB_no_negative_flags,6,True,True,False,False,True,101,1
P,mesityl,isopropyl,C2,p_tolyl,pentachlorophenyl,<LB_P><LB1_mesityl><LB2_isopropyl><LINKER_C2><LA1_p_tolyl><LA2_pentachlorophenyl>,Cc1ccc(B(CCP(c2c(C)cc(C)cc2C)C(C)C)c2c(Cl)c(Cl)c(Cl)c(Cl)c2Cl)cc1,True,Cc1ccc(B(CCP(c2c(C)cc(C)cc2C)C(C)C)c2c(Cl)c(Cl)c(Cl)c(Cl)c2Cl)cc1,Cc1ccc(B(CCP(c2c(C)cc(C)cc2C)C(C)C)c2c(Cl)c(Cl)c(Cl)c(Cl)c2Cl)cc1,[],True,1,0.5681818181818182,True,True,False,False,True,False,True,[],0,34,True,True,True,True,"['LA_B_aryl', 'LA_B_diaryl', 'LA_B_polyhalogenated_aryl', 'LA_B_tricoordinate']",['LB_phosphine'],[],[],LA_LB_no_negative_flags,3,True,True,False,False,True,101,1
N,isopropyl,isopropyl,C2,pentachlorophenyl,bis_cf3_phenyl,<LB_N><LB1_isopropyl><LB2_isopropyl><LINKER_C2><LA1_pentachlorophenyl><LA2_bis_cf3_phenyl>,CC(C)N(CCB(c1cc(C(F)(F)F)cc(C(F)(F)F)c1)c1c(Cl)c(Cl)c(Cl)c(Cl)c1Cl)C(C)C,True,CC(C)N(CCB(c1cc(C(F)(F)F)cc(C(F)(F)F)c1)c1c(Cl)c(Cl)c(Cl)c(Cl)c1Cl)C(C)C,CC(C)N(CCB(c1cc(C(F)(F)F)cc(C(F)(F)F)c1)c1c(Cl)c(Cl)c(Cl)c(Cl)c1Cl)C(C)C,[],True,1,0.4222222222222222,True,True,False,False,True,False,True,[],0,35,True,True,True,True,"['LA_B_aryl', 'LA_B_diaryl', 'LA_B_polyhalogenated_aryl', 'LA_B_tricoordinate']",['LB_amine'],[],[],LA_LB_no_negative_flags,3,True,True,False,False,True,101,1
P,phenyl,isopropyl,C3,pentafluorophenyl,pentachlorophenyl,<LB_P><LB1_phenyl><LB2_isopropyl><LINKER_C3><LA1_pentafluorophenyl><LA2_pentachlorophenyl>,CC(C)P(CCCB(c1c(F)c(F)c(F)c(F)c1F)c1c(Cl)c(Cl)c(Cl)c(Cl)c1Cl)c1ccccc1,True,CC(C)P(CCCB(c1c(F)c(F)c(F)c(F)c1F)c1c(Cl)c(Cl)c(Cl)c(Cl)c1Cl)c1ccccc1,CC(C)P(CCCB(c1c(F)c(F)c(F)c(F)c1F)c1c(Cl)c(Cl)c(Cl)c(Cl)c1Cl)c1ccccc1,[],True,1,0.5333333333333333,True,True,False,False,True,False,True,[],0,36,True,True,True,True,"['LA_B_aryl', 'LA_B_diaryl', 'LA_B_polyhalogenated_aryl', 'LA_B_tricoordinate']",['LB_phosphine'],[],[],LA_LB_no_negative_flags,4,True,True,False,False,True,101,2
P,mesityl,mesityl,C4,pentafluorophenyl,bis_cf3_phenyl,<LB_P><LB1_mesityl><LB2_mesityl><LINKER_C4><LA1_pentafluorophenyl><LA2_bis_cf3_phenyl>,Cc1cc(C)c(P(CCCCB(c2cc(C(F)(F)F)cc(C(F)(F)F)c2)c2c(F)c(F)c(F)c(F)c2F)c2c(C)cc(C)cc2C)c(C)c1,True,Cc1cc(C)c(P(CCCCB(c2cc(C(F)(F)F)cc(C(F)(F)F)c2)c2c(F)c(F)c(F)c(F)c2F)c2c(C)cc(C)cc2C)c(C)c1,Cc1cc(C)c(P(CCCCB(c2cc(C(F)(F)F)cc(C(F)(F)F)c2)c2c(F)c(F)c(F)c(F)c2F)c2c(C)cc(C)cc2C)c(C)c1,[],True,1,0.7441860465116279,True,True,False,False,True,False,True,[],0,49,True,True,True,True,"['LA_B_aryl', 'LA_B_diaryl', 'LA_B_polyhalogenated_aryl', 'LA_B_tricoordinate']",['LB_phosphine'],[],[],LA_LB_no_negative_flags,5,True,True,False,False,True,101,1
P,phenyl,tert_butyl,C6,mesityl,pentafluorophenyl,<LB_P><LB1_phenyl><LB2_tert_butyl><LINKER_C6><LA1_mesityl><LA2_pentafluorophenyl>,Cc1cc(C)c(B(CCCCCCP(c2ccccc2)C(C)(C)C)c2c(F)c(F)c(F)c(F)c2F)c(C)c1,True,Cc1cc(C)c(B(CCCCCCP(c2ccccc2)C(C)(C)C)c2c(F)c(F)c(F)c(F)c2F)c(C)c1,Cc1cc(C)c(B(CCCCCCP(c2ccccc2)C(C)(C)C)c2c(F)c(F)c(F)c(F)c2F)c(C)c1,[],True,1,0.5416666666666666,True,True,False,False,True,False,True,[],0,38,True,True,True,True,"['LA_B_aryl', 'LA_B_diaryl', 'LA_B_polyhalogenated_aryl', 'LA_B_tricoordinate']",['LB_phosphine'],[],[],LA_LB_no_negative_flags,7,True,True,False,False,True,101,1
P,cyclohexyl,cyclohexyl,C1,pentafluorophenyl,pentafluorophenyl,<LB_P><LB1_cyclohexyl><LB2_cyclohexyl><LINKER_C1><LA1_pentafluorophenyl><LA2_pentafluorophenyl>,Fc1c(F)c(F)c(B(CP(C2CCCCC2)C2CCCCC2)c2c(F)c(F)c(F)c(F)c2F)c(F)c1F,True,Fc1c(F)c(F)c(B(CP(C2CCCCC2)C2CCCCC2)c2c(F)c(F)c(F)c(F)c2F)c(F)c1F,Fc1c(F)c(F)c(B(CP(C2CCCCC2)C2CCCCC2)c2c(F)c(F)c(F)c(F)c2F)c(F)c1F,[],True,1,0.4117647058823529,True,True,False,False,True,False,True,[],0,37,True,True,True,True,"['LA_B_aryl', 'LA_B_diaryl', 'LA_B_polyhalogenated_aryl', 'LA_B_tricoordinate']",['LB_phosphine'],[],[],LA_LB_no_negative_flags,2,True,True,False,False,True,101,2
P,tert_butyl,tert_butyl,C3,p_tolyl,pentafluorophenyl,<LB_P><LB1_tert_butyl><LB2_tert_butyl><LINKER_C3><LA1_p_tolyl><LA2_pentafluorophenyl>,Cc1ccc(B(CCCP(C(C)(C)C)C(C)(C)C)c2c(F)c(F)c(F)c(F)c2F)cc1,True,Cc1ccc(B(CCCP(C(C)(C)C)C(C)(C)C)c2c(F)c(F)c(F)c(F)c2F)cc1,Cc1ccc(B(CCCP(C(C)(C)C)C(C)(C)C)c2c(F)c(F)c(F)c(F)c2F)cc1,[],True,1,0.46153846153846156,True,True,False,False,True,False,True,[],0,31,True,True,True,True,"['LA_B_aryl', 'LA_B_diaryl', 'LA_B_polyhalogenated_aryl', 'LA_B_tricoordinate']",['LB_phosphine'],[],[],LA_LB_no_negative_flags,4,True,True,False,False,True,101,1
N,ethyl,phenyl,C3,mesityl,pentafluorophenyl,<LB_N><LB1_ethyl><LB2_phenyl><LINKER_C3><LA1_mesityl><LA2_pentafluorophenyl>,CCN(CCCB(c1c(C)cc(C)cc1C)c1c(F)c(F)c(F)c(F)c1F)c1ccccc1,True,CCN(CCCB(c1c(C)cc(C)cc1C)c1c(F)c(F)c(F)c(F)c1F)c1ccccc1,CCN(CCCB(c1c(C)cc(C)cc1C)c1c(F)c(F)c(F)c(F)c1F)c1ccccc1,[],True,1,0.45098039215686275,True,True,False,False,True,False,True,[],0,33,True,True,True,True,"['LA_B_aryl', 'LA_B_diaryl', 'LA_B_polyhalogenated_aryl', 'LA_B_tricoordinate']",['LB_amine'],[],[],LA_LB_no_negative_flags,4,True,True,False,False,True,101,1
P,phenyl,cyclohexyl,C2,mesityl,pentachlorophenyl,<LB_P><LB1_phenyl><LB2_cyclohexyl><LINKER_C2><LA1_mesityl><LA2_pentachlorophenyl>,Cc1cc(C)c(B(CCP(c2ccccc2)C2CCCCC2)c2c(Cl)c(Cl)c(Cl)c(Cl)c2Cl)c(C)c1,True,Cc1cc(C)c(B(CCP(c2ccccc2)C2CCCCC2)c2c(Cl)c(Cl)c(Cl)c(Cl)c2Cl)c(C)c1,Cc1cc(C)c(B(CCP(c2ccccc2)C2CCCCC2)c2c(Cl)c(Cl)c(Cl)c(Cl)c2Cl)c(C)c1,[],True,1,0.4897959183673469,True,True,False,False,True,False,True,[],0,36,True,True,True,True,"['LA_B_aryl', 'LA_B_diaryl', 'LA_B_polyhalogenated_aryl', 'LA_B_tricoordinate']",['LB_phosphine'],[],[],LA_LB_no_negative_flags,3,True,True,False,False,True,101,2
P,phenyl,cyclohexyl,C2,pentafluorophenyl,bis_cf3_phenyl,<LB_P><LB1_phenyl><LB2_cyclohexyl><LINKER_C2><LA1_pentafluorophenyl><LA2_bis_cf3_phenyl>,Fc1c(F)c(F)c(B(CCP(c2ccccc2)C2CCCCC2)c2cc(C(F)(F)F)cc(C(F)(F)F)c2)c(F)c1F,True,Fc1c(F)c(F)c(B(CCP(c2ccccc2)C2CCCCC2)c2cc(C(F)(F)F)cc(C(F)(F)F)c2)c(F)c1F,Fc1c(F)c(F)c(B(CCP(c2ccccc2)C2CCCCC2)c2cc(C(F)(F)F)cc(C(F)(F)F)c2)c(F)c1F,[],True,1,0.43137254901960786,True,True,False,False,True,False,True,[],0,41,True,True,True,True,"['LA_B_aryl', 'LA_B_diaryl', 'LA_B_polyhalogenated_aryl', 'LA_B_tricoordinate']",['LB_phosphine'],[],[],LA_LB_no_negative_flags,3,True,True,False,False,True,101,2
N,ethyl,isopropyl,C5,pentafluorophenyl,pentafluorophenyl,<LB_N><LB1_ethyl><LB2_isopropyl><LINKER_C5><LA1_pentafluorophenyl><LA2_pentafluorophenyl>,CCN(CCCCCB(c1c(F)c(F)c(F)c(F)c1F)c1c(F)c(F)c(F)c(F)c1F)C(C)C,True,CCN(CCCCCB(c1c(F)c(F)c(F)c(F)c1F)c1c(F)c(F)c(F)c(F)c1F)C(C)C,CCN(CCCCCB(c1c(F)c(F)c(F)c(F)c1F)c1c(F)c(F)c(F)c(F)c1F)C(C)C,[],True,1,0.4,True,True,False,False,True,False,True,[],0,34,True,True,True,True,"['LA_B_aryl', 'LA_B_diaryl', 'LA_B_polyhalogenated_aryl', 'LA_B_tricoordinate']",['LB_amine'],[],[],LA_LB_no_negative_flags,6,True,True,False,False,True,101,1
P,tert_butyl,tert_butyl,C5,phenyl,bis_cf3_phenyl,<LB_P><LB1_tert_butyl><LB2_tert_butyl><LINKER_C5><LA1_phenyl><LA2_bis_cf3_phenyl>,CC(C)(C)P(CCCCCB(c1ccccc1)c1cc(C(F)(F)F)cc(C(F)(F)F)c1)C(C)(C)C,True,CC(C)(C)P(CCCCCB(c1ccccc1)c1cc(C(F)(F)F)cc(C(F)(F)F)c1)C(C)(C)C,CC(C)(C)P(CCCCCB(c1ccccc1)c1cc(C(F)(F)F)cc(C(F)(F)F)c1)C(C)(C)C,[],True,1,0.5348837209302325,True,True,False,False,True,False,True,[],0,35,True,True,True,True,"['LA_B_aryl', 'LA_B_diaryl', 'LA_B_tricoordinate']",['LB_phosphine'],[],[],LA_LB_no_negative_flags,6,True,True,False,False,True,101,1
P,mesityl,mesityl,C2,p_tolyl,pentafluorophenyl,<LB_P><LB1_mesityl><LB2_mesityl><LINKER_C2><LA1_p_tolyl><LA2_pentafluorophenyl>,Cc1ccc(B(CCP(c2c(C)cc(C)cc2C)c2c(C)cc(C)cc2C)c2c(F)c(F)c(F)c(F)c2F)cc1,True,Cc1ccc(B(CCP(c2c(C)cc(C)cc2C)c2c(C)cc(C)cc2C)c2c(F)c(F)c(F)c(F)c2F)cc1,Cc1ccc(B(CCP(c2c(C)cc(C)cc2C)c2c(C)cc(C)cc2C)c2c(F)c(F)c(F)c(F)c2F)cc1,[],True,1,0.6585365853658537,True,True,False,False,True,False,True,[],0,40,True,True,True,True,"['LA_B_aryl', 'LA_B_diaryl', 'LA_B_polyhalogenated_aryl', 'LA_B_tricoordinate']",['LB_phosphine'],[],[],LA_LB_no_negative_flags,3,True,True,False,False,True,101,1
N,isopropyl,isopropyl,C5,phenyl,pentafluorophenyl,<LB_N><LB1_isopropyl><LB2_isopropyl><LINKER_C5><LA1_phenyl><LA2_pentafluorophenyl>,CC(C)N(CCCCCB(c1ccccc1)c1c(F)c(F)c(F)c(F)c1F)C(C)C,True,CC(C)N(CCCCCB(c1ccccc1)c1c(F)c(F)c(F)c(F)c1F)C(C)C,CC(C)N(CCCCCB(c1ccccc1)c1c(F)c(F)c(F)c(F)c1F)C(C)C,[],True,1,0.43478260869565216,True,True,False,False,True,False,True,[],0,30,True,True,True,True,"['LA_B_aryl', 'LA_B_diaryl', 'LA_B_polyhalogenated_aryl', 'LA_B_tricoordinate']",['LB_amine'],[],[],LA_LB_no_negative_flags,6,True,True,False,False,True,101,3
P,mesityl,mesityl,C5,pentachlorophenyl,bis_cf3_phenyl,<LB_P><LB1_mesityl><LB2_mesityl><LINKER_C5><LA1_pentachlorophenyl><LA2_bis_cf3_phenyl>,Cc1cc(C)c(P(CCCCCB(c2cc(C(F)(F)F)cc(C(F)(F)F)c2)c2c(Cl)c(Cl)c(Cl)c(Cl)c2Cl)c2c(C)cc(C)cc2C)c(C)c1,True,Cc1cc(C)c(P(CCCCCB(c2cc(C(F)(F)F)cc(C(F)(F)F)c2)c2c(Cl)c(Cl)c(Cl)c(Cl)c2Cl)c2c(C)cc(C)cc2C)c(C)c1,Cc1cc(C)c(P(CCCCCB(c2cc(C(F)(F)F)cc(C(F)(F)F)c2)c2c(Cl)c(Cl)c(Cl)c(Cl)c2Cl)c2c(C)cc(C)cc2C)c(C)c1,[],True,1,0.54,True,True,False,False,True,False,True,[],0,50,True,True,True,True,"['LA_B_aryl', 'LA_B_diaryl', 'LA_B_polyhalogenated_aryl', 'LA_B_tricoordinate']",['LB_phosphine'],[],[],LA_LB_no_negative_flags,6,True,True,False,False,True,101,1
N,methyl,methyl,C4,bis_cf3_phenyl,bis_cf3_phenyl,<LB_N><LB1_methyl><LB2_methyl><LINKER_C4><LA1_bis_cf3_phenyl><LA2_bis_cf3_phenyl>,CN(C)CCCCB(c1cc(C(F)(F)F)cc(C(F)(F)F)c1)c1cc(C(F)(F)F)cc(C(F)(F)F)c1,True,CN(C)CCCCB(c1cc(C(F)(F)F)cc(C(F)(F)F)c1)c1cc(C(F)(F)F)cc(C(F)(F)F)c1,CN(C)CCCCB(c1cc(C(F)(F)F)cc(C(F)(F)F)c1)c1cc(C(F)(F)F)cc(C(F)(F)F)c1,[],True,1,0.46153846153846156,True,True,False,False,True,False,True,[],0,36,True,True,True,True,"['LA_B_aryl', 'LA_B_diaryl', 'LA_B_tricoordinate']",['LB_amine'],[],[],LA_LB_no_negative_flags,5,True,True,False,False,True,101,1
N,methyl,methyl,C5,mesityl,pentafluorophenyl,<LB_N><LB1_methyl><LB2_methyl><LINKER_C5><LA1_mesityl><LA2_pentafluorophenyl>,Cc1cc(C)c(B(CCCCCN(C)C)c2c(F)c(F)c(F)c(F)c2F)c(C)c1,True,Cc1cc(C)c(B(CCCCCN(C)C)c2c(F)c(F)c(F)c(F)c2F)c(C)c1,Cc1cc(C)c(B(CCCCCN(C)C)c2c(F)c(F)c(F)c(F)c2F)c(C)c1,[],True,1,0.5581395348837209,True,True,False,False,True,False,True,[],0,29,True,True,True,True,"['LA_B_aryl', 'LA_B_diaryl', 'LA_B_polyhalogenated_aryl', 'LA_B_tricoordinate']",['LB_amine'],[],[],LA_LB_no_negative_flags,6,True,True,False,False,True,101,2
P,isopropyl,isopropyl,C1,pentafluorophenyl,bis_cf3_phenyl,<LB_P><LB1_isopropyl><LB2_isopropyl><LINKER_C1><LA1_pentafluorophenyl><LA2_bis_cf3_phenyl>,CC(C)P(CB(c1cc(C(F)(F)F)cc(C(F)(F)F)c1)c1c(F)c(F)c(F)c(F)c1F)C(C)C,True,CC(C)P(CB(c1cc(C(F)(F)F)cc(C(F)(F)F)c1)c1c(F)c(F)c(F)c(F)c1F)C(C)C,CC(C)P(CB(c1cc(C(F)(F)F)cc(C(F)(F)F)c1)c1c(F)c(F)c(F)c(F)c1F)C(C)C,[],True,1,0.525,True,True,False,False,True,False,True,[],0,34,True,True,True,True,"['LA_B_aryl', 'LA_B_diaryl', 'LA_B_polyhalogenated_aryl', 'LA_B_tricoordinate']",['LB_phosphine'],[],[],LA_LB_no_negative_flags,2,True,True,False,False,True,101,1
P,tert_butyl,cyclohexyl,C3,phenyl,bis_cf3_phenyl,<LB_P><LB1_tert_butyl><LB2_cyclohexyl><LINKER_C3><LA1_phenyl><LA2_bis_cf3_phenyl>,CC(C)(C)P(CCCB(c1ccccc1)c1cc(C(F)(F)F)cc(C(F)(F)F)c1)C1CCCCC1,True,CC(C)(C)P(CCCB(c1ccccc1)c1cc(C(F)(F)F)cc(C(F)(F)F)c1)C1CCCCC1,CC(C)(C)P(CCCB(c1ccccc1)c1cc(C(F)(F)F)cc(C(F)(F)F)c1)C1CCCCC1,[],True,1,0.40384615384615385,True,True,False,False,True,False,True,[],0,35,True,True,True,True,"['LA_B_aryl', 'LA_B_diaryl', 'LA_B_tricoordinate']",['LB_phosphine'],[],[],LA_LB_no_negative_flags,4,True,True,False,False,True,101,3
P,phenyl,phenyl,C1,bis_cf3_phenyl,bis_cf3_phenyl,<LB_P><LB1_phenyl><LB2_phenyl><LINKER_C1><LA1_bis_cf3_phenyl><LA2_bis_cf3_phenyl>,FC(F)(F)c1cc(B(CP(c2ccccc2)c2ccccc2)c2cc(C(F)(F)F)cc(C(F)(F)F)c2)cc(C(F)(F)F)c1,True,FC(F)(F)c1cc(B(CP(c2ccccc2)c2ccccc2)c2cc(C(F)(F)F)cc(C(F)(F)F)c2)cc(C(F)(F)F)c1,FC(F)(F)c1cc(B(CP(c2ccccc2)c2ccccc2)c2cc(C(F)(F)F)cc(C(F)(F)F)c2)cc(C(F)(F)F)c1,[],True,1,0.5405405405405406,True,True,False,False,True,False,True,[],0,43,True,True,True,True,"['LA_B_aryl', 'LA_B_diaryl', 'LA_B_tricoordinate']",['LB_phosphine'],[],[],LA_LB_no_negative_flags,2,True,True,False,False,True,101,1
N,methyl,methyl,C3,pentachlorophenyl,bis_cf3_phenyl,<LB_N><LB1_methyl><LB2_methyl><LINKER_C3><LA1_pentachlorophenyl><LA2_bis_cf3_phenyl>,CN(C)CCCB(c1cc(C(F)(F)F)cc(C(F)(F)F)c1)c1c(Cl)c(Cl)c(Cl)c(Cl)c1Cl,True,CN(C)CCCB(c1cc(C(F)(F)F)cc(C(F)(F)F)c1)c1c(Cl)c(Cl)c(Cl)c(Cl)c1Cl,CN(C)CCCB(c1cc(C(F)(F)F)cc(C(F)(F)F)c1)c1c(Cl)c(Cl)c(Cl)c(Cl)c1Cl,[],True,1,0.4,True,True,False,False,True,False,True,[],0,32,True,True,True,True,"['LA_B_aryl', 'LA_B_diaryl', 'LA_B_polyhalogenated_aryl', 'LA_B_tricoordinate']",['LB_amine'],[],[],LA_LB_no_negative_flags,4,True,True,False,False,True,101,1
P,phenyl,isopropyl,C2,mesityl,pentachlorophenyl,<LB_P><LB1_phenyl><LB2_isopropyl><LINKER_C2><LA1_mesityl><LA2_pentachlorophenyl>,Cc1cc(C)c(B(CCP(c2ccccc2)C(C)C)c2c(Cl)c(Cl)c(Cl)c(Cl)c2Cl)c(C)c1,True,Cc1cc(C)c(B(CCP(c2ccccc2)C(C)C)c2c(Cl)c(Cl)c(Cl)c(Cl)c2Cl)c(C)c1,Cc1cc(C)c(B(CCP(c2ccccc2)C(C)C)c2c(Cl)c(Cl)c(Cl)c(Cl)c2Cl)c(C)c1,[],True,1,0.5333333333333333,True,True,False,False,True,False,True,[],0,33,True,True,True,True,"['LA_B_aryl', 'LA_B_diaryl', 'LA_B_polyhalogenated_aryl', 'LA_B_tricoordinate']",['LB_phosphine'],[],[],LA_LB_no_negative_flags,3,True,True,False,False,True,101,1
P,tert_butyl,cyclohexyl,C1,bis_cf3_phenyl,bis_cf3_phenyl,<LB_P><LB1_tert_butyl><LB2_cyclohexyl><LINKER_C1><LA1_bis_cf3_phenyl><LA2_bis_cf3_phenyl>,CC(C)(C)P(CB(c1cc(C(F)(F)F)cc(C(F)(F)F)c1)c1cc(C(F)(F)F)cc(C(F)(F)F)c1)C1CCCCC1,True,CC(C)(C)P(CB(c1cc(C(F)(F)F)cc(C(F)(F)F)c1)c1cc(C(F)(F)F)cc(C(F)(F)F)c1)C1CCCCC1,CC(C)(C)P(CB(c1cc(C(F)(F)F)cc(C(F)(F)F)c1)c1cc(C(F)(F)F)cc(C(F)(F)F)c1)C1CCCCC1,[],True,1,0.575,True,True,False,False,True,False,True,[],0,41,True,True,True,True,"['LA_B_aryl', 'LA_B_diaryl', 'LA_B_tricoordinate']",['LB_phosphine'],[],[],LA_LB_no_negative_flags,2,True,True,False,False,True,101,2
P,mesityl,mesityl,C2,phenyl,phenyl,<LB_P><LB1_mesityl><LB2_mesityl><LINKER_C2><LA1_phenyl><LA2_phenyl>,Cc1cc(C)c(P(CCB(c2ccccc2)c2ccccc2)c2c(C)cc(C)cc2C)c(C)c1,True,Cc1cc(C)c(P(CCB(c2ccccc2)c2ccccc2)c2c(C)cc(C)cc2C)c(C)c1,Cc1cc(C)c(P(CCB(c2ccccc2)c2ccccc2)c2c(C)cc(C)cc2C)c(C)c1,[],True,1,0.47619047619047616,True,True,False,False,True,False,True,[],0,34,True,True,True,True,"['LA_B_aryl', 'LA_B_diaryl', 'LA_B_tricoordinate']",['LB_phosphine'],[],[],LA_LB_no_negative_flags,3,True,True,False,False,True,101,1
P,tert_butyl,tert_butyl,C5,p_tolyl,pentachlorophenyl,<LB_P><LB1_tert_butyl><LB2_tert_butyl><LINKER_C5><LA1_p_tolyl><LA2_pentachlorophenyl>,Cc1ccc(B(CCCCCP(C(C)(C)C)C(C)(C)C)c2c(Cl)c(Cl)c(Cl)c(Cl)c2Cl)cc1,True,Cc1ccc(B(CCCCCP(C(C)(C)C)C(C)(C)C)c2c(Cl)c(Cl)c(Cl)c(Cl)c2Cl)cc1,Cc1ccc(B(CCCCCP(C(C)(C)C)C(C)(C)C)c2c(Cl)c(Cl)c(Cl)c(Cl)c2Cl)cc1,[],True,1,0.43902439024390244,True,True,False,False,True,False,True,[],0,33,True,True,True,True,"['LA_B_aryl', 'LA_B_diaryl', 'LA_B_polyhalogenated_aryl', 'LA_B_tricoordinate']",['LB_phosphine'],[],[],LA_LB_no_negative_flags,6,True,True,False,False,True,101,3
P,phenyl,cyclohexyl,C6,pentafluorophenyl,pentachlorophenyl,<LB_P><LB1_phenyl><LB2_cyclohexyl><LINKER_C6><LA1_pentafluorophenyl><LA2_pentachlorophenyl>,Fc1c(F)c(F)c(B(CCCCCCP(c2ccccc2)C2CCCCC2)c2c(Cl)c(Cl)c(Cl)c(Cl)c2Cl)c(F)c1F,True,Fc1c(F)c(F)c(B(CCCCCCP(c2ccccc2)C2CCCCC2)c2c(Cl)c(Cl)c(Cl)c(Cl)c2Cl)c(F)c1F,Fc1c(F)c(F)c(B(CCCCCCP(c2ccccc2)C2CCCCC2)c2c(Cl)c(Cl)c(Cl)c(Cl)c2Cl)c(F)c1F,[],True,1,0.5416666666666666,True,True,False,False,True,False,True,[],0,42,True,True,True,True,"['LA_B_aryl', 'LA_B_diaryl', 'LA_B_polyhalogenated_aryl', 'LA_B_tricoordinate']",['LB_phosphine'],[],[],LA_LB_no_negative_flags,7,True,True,False,False,True,101,1
P,phenyl,isopropyl,C2,phenyl,pentachlorophenyl,<LB_P><LB1_phenyl><LB2_isopropyl><LINKER_C2><LA1_phenyl><LA2_pentachlorophenyl>,CC(C)P(CCB(c1ccccc1)c1c(Cl)c(Cl)c(Cl)c(Cl)c1Cl)c1ccccc1,True,CC(C)P(CCB(c1ccccc1)c1c(Cl)c(Cl)c(Cl)c(Cl)c1Cl)c1ccccc1,CC(C)P(CCB(c1ccccc1)c1c(Cl)c(Cl)c(Cl)c(Cl)c1Cl)c1ccccc1,[],True,1,0.5384615384615384,True,True,False,False,True,False,True,[],0,30,True,True,True,True,"['LA_B_aryl', 'LA_B_diaryl', 'LA_B_polyhalogenated_aryl', 'LA_B_tricoordinate']",['LB_phosphine'],[],[],LA_LB_no_negative_flags,3,True,True,False,False,True,101,1
P,tert_butyl,isopropyl,C3,p_tolyl,bis_cf3_phenyl,<LB_P><LB1_tert_butyl><LB2_isopropyl><LINKER_C3><LA1_p_tolyl><LA2_bis_cf3_phenyl>,Cc1ccc(B(CCCP(C(C)C)C(C)(C)C)c2cc(C(F)(F)F)cc(C(F)(F)F)c2)cc1,True,Cc1ccc(B(CCCP(C(C)C)C(C)(C)C)c2cc(C(F)(F)F)cc(C(F)(F)F)c2)cc1,Cc1ccc(B(CCCP(C(C)C)C(C)(C)C)c2cc(C(F)(F)F)cc(C(F)(F)F)c2)cc1,[],True,1,0.4782608695652174,True,True,False,False,True,False,True,[],0,33,True,True,True,True,"['LA_B_aryl', 'LA_B_diaryl', 'LA_B_tricoordinate']",['LB_phosphine'],[],[],LA_LB_no_negative_flags,4,True,True,False,False,True,101,1
P,isopropyl,isopropyl,C4,p_tolyl,pentafluorophenyl,<LB_P><LB1_isopropyl><LB2_isopropyl><LINKER_C4><LA1_p_tolyl><LA2_pentafluorophenyl>,Cc1ccc(B(CCCCP(C(C)C)C(C)C)c2c(F)c(F)c(F)c(F)c2F)cc1,True,Cc1ccc(B(CCCCP(C(C)C)C(C)C)c2c(F)c(F)c(F)c(F)c2F)cc1,Cc1ccc(B(CCCCP(C(C)C)C(C)C)c2c(F)c(F)c(F)c(F)c2F)cc1,[],True,1,0.5,True,True,False,False,True,False,True,[],0,30,True,True,True,True,"['LA_B_aryl', 'LA_B_diaryl', 'LA_B_polyhalogenated_aryl', 'LA_B_tricoordinate']",['LB_phosphine'],[],[],LA_LB_no_negative_flags,5,True,True,False,False,True,101,2
N,methyl,methyl,C4,phenyl,pentachlorophenyl,<LB_N><LB1_methyl><LB2_methyl><LINKER_C4><LA1_phenyl><LA2_pentachlorophenyl>,CN(C)CCCCB(c1ccccc1)c1c(Cl)c(Cl)c(Cl)c(Cl)c1Cl,True,CN(C)CCCCB(c1ccccc1)c1c(Cl)c(Cl)c(Cl)c(Cl)c1Cl,CN(C)CCCCB(c1ccccc1)c1c(Cl)c(Cl)c(Cl)c(Cl)c1Cl,[],True,1,0.4166666666666667,True,True,False,False,True,False,True,[],0,25,True,True,True,True,"['LA_B_aryl', 'LA_B_diaryl', 'LA_B_polyhalogenated_aryl', 'LA_B_tricoordinate']",['LB_amine'],[],[],LA_LB_no_negative_flags,5,True,True,False,False,True,101,2
P,tert_butyl,cyclohexyl,C2,mesityl,pentafluorophenyl,<LB_P><LB1_tert_butyl><LB2_cyclohexyl><LINKER_C2><LA1_mesityl><LA2_pentafluorophenyl>,Cc1cc(C)c(B(CCP(C2CCCCC2)C(C)(C)C)c2c(F)c(F)c(F)c(F)c2F)c(C)c1,True,Cc1cc(C)c(B(CCP(C2CCCCC2)C(C)(C)C)c2c(F)c(F)c(F)c(F)c2F)c(C)c1,Cc1cc(C)c(B(CCP(C2CCCCC2)C(C)(C)C)c2c(F)c(F)c(F)c(F)c2F)c(C)c1,[],True,1,0.4423076923076923,True,True,False,False,True,False,True,[],0,34,True,True,True,True,"['LA_B_aryl', 'LA_B_diaryl', 'LA_B_polyhalogenated_aryl', 'LA_B_tricoordinate']",['LB_phosphine'],[],[],LA_LB_no_negative_flags,3,True,True,False,False,True,101,1
N,methyl,ethyl,C5,mesityl,pentafluorophenyl,<LB_N><LB1_methyl><LB2_ethyl><LINKER_C5><LA1_mesityl><LA2_pentafluorophenyl>,CCN(C)CCCCCB(c1c(C)cc(C)cc1C)c1c(F)c(F)c(F)c(F)c1F,True,CCN(C)CCCCCB(c1c(C)cc(C)cc1C)c1c(F)c(F)c(F)c(F)c1F,CCN(C)CCCCCB(c1c(C)cc(C)cc1C)c1c(F)c(F)c(F)c(F)c1F,[],True,1,0.5217391304347826,True,True,False,False,True,False,True,[],0,30,True,True,True,True,"['LA_B_aryl', 'LA_B_diaryl', 'LA_B_polyhalogenated_aryl', 'LA_B_tricoordinate']",['LB_amine'],[],[],LA_LB_no_negative_flags,6,True,True,False,False,True,101,2
P,mesityl,tert_butyl,C3,phenyl,pentafluorophenyl,<LB_P><LB1_mesityl><LB2_tert_butyl><LINKER_C3><LA1_phenyl><LA2_pentafluorophenyl>,Cc1cc(C)c(P(CCCB(c2ccccc2)c2c(F)c(F)c(F)c(F)c2F)C(C)(C)C)c(C)c1,True,Cc1cc(C)c(P(CCCB(c2ccccc2)c2c(F)c(F)c(F)c(F)c2F)C(C)(C)C)c(C)c1,Cc1cc(C)c(P(CCCB(c2ccccc2)c2c(F)c(F)c(F)c(F)c2F)C(C)(C)C)c(C)c1,[],True,1,0.5306122448979592,True,True,False,False,True,False,True,[],0,35,True,True,True,True,"['LA_B_aryl', 'LA_B_diaryl', 'LA_B_polyhalogenated_aryl', 'LA_B_tricoordinate']",['LB_phosphine'],[],[],LA_LB_no_negative_flags,4,True,True,False,False,True,101,1
N,isopropyl,phenyl,C3,mesityl,pentafluorophenyl,<LB_N><LB1_isopropyl><LB2_phenyl><LINKER_C3><LA1_mesityl><LA2_pentafluorophenyl>,Cc1cc(C)c(B(CCCN(c2ccccc2)C(C)C)c2c(F)c(F)c(F)c(F)c2F)c(C)c1,True,Cc1cc(C)c(B(CCCN(c2ccccc2)C(C)C)c2c(F)c(F)c(F)c(F)c2F)c(C)c1,Cc1cc(C)c(B(CCCN(c2ccccc2)C(C)C)c2c(F)c(F)c(F)c(F)c2F)c(C)c1,[],True,1,0.4423076923076923,True,True,False,False,True,False,True,[],0,34,True,True,True,True,"['LA_B_aryl', 'LA_B_diaryl', 'LA_B_polyhalogenated_aryl', 'LA_B_tricoordinate']",['LB_amine'],[],[],LA_LB_no_negative_flags,4,True,True,False,False,True,101,1
N,isopropyl,cyclohexyl,C4,mesityl,pentafluorophenyl,<LB_N><LB1_isopropyl><LB2_cyclohexyl><LINKER_C4><LA1_mesityl><LA2_pentafluorophenyl>,Cc1cc(C)c(B(CCCCN(C(C)C)C2CCCCC2)c2c(F)c(F)c(F)c(F)c2F)c(C)c1,True,Cc1cc(C)c(B(CCCCN(C(C)C)C2CCCCC2)c2c(F)c(F)c(F)c(F)c2F)c(C)c1,Cc1cc(C)c(B(CCCCN(C(C)C)C2CCCCC2)c2c(F)c(F)c(F)c(F)c2F)c(C)c1,[],True,1,0.4444444444444444,True,True,False,False,True,False,True,[],0,35,True,True,True,True,"['LA_B_aryl', 'LA_B_diaryl', 'LA_B_polyhalogenated_aryl', 'LA_B_tricoordinate']",['LB_amine'],[],[],LA_LB_no_negative_flags,5,True,True,False,False,True,101,1
P,mesityl,isopropyl,C4,p_tolyl,pentafluorophenyl,<LB_P><LB1_mesityl><LB2_isopropyl><LINKER_C4><LA1_p_tolyl><LA2_pentafluorophenyl>,Cc1ccc(B(CCCCP(c2c(C)cc(C)cc2C)C(C)C)c2c(F)c(F)c(F)c(F)c2F)cc1,True,Cc1ccc(B(CCCCP(c2c(C)cc(C)cc2C)C(C)C)c2c(F)c(F)c(F)c(F)c2F)cc1,Cc1ccc(B(CCCCP(c2c(C)cc(C)cc2C)C(C)C)c2c(F)c(F)c(F)c(F)c2F)cc1,[],True,1,0.5957446808510638,True,True,False,False,True,False,True,[],0,36,True,True,True,True,"['LA_B_aryl', 'LA_B_diaryl', 'LA_B_polyhalogenated_aryl', 'LA_B_tricoordinate']",['LB_phosphine'],[],[],LA_LB_no_negative_flags,5,True,True,False,False,True,101,2
P,tert_butyl,isopropyl,C6,mesityl,pentachlorophenyl,<LB_P><LB1_tert_butyl><LB2_isopropyl><LINKER_C6><LA1_mesityl><LA2_pentachlorophenyl>,Cc1cc(C)c(B(CCCCCCP(C(C)C)C(C)(C)C)c2c(Cl)c(Cl)c(Cl)c(Cl)c2Cl)c(C)c1,True,Cc1cc(C)c(B(CCCCCCP(C(C)C)C(C)(C)C)c2c(Cl)c(Cl)c(Cl)c(Cl)c2Cl)c(C)c1,Cc1cc(C)c(B(CCCCCCP(C(C)C)C(C)(C)C)c2c(Cl)c(Cl)c(Cl)c(Cl)c2Cl)c(C)c1,[],True,1,0.48936170212765956,True,True,False,False,True,False,True,[],0,35,True,True,True,True,"['LA_B_aryl', 'LA_B_diaryl', 'LA_B_polyhalogenated_aryl', 'LA_B_tricoordinate']",['LB_phosphine'],[],[],LA_LB_no_negative_flags,7,True,True,False,False,True,101,1
P,cyclohexyl,cyclohexyl,C6,mesityl,pentafluorophenyl,<LB_P><LB1_cyclohexyl><LB2_cyclohexyl><LINKER_C6><LA1_mesityl><LA2_pentafluorophenyl>,Cc1cc(C)c(B(CCCCCCP(C2CCCCC2)C2CCCCC2)c2c(F)c(F)c(F)c(F)c2F)c(C)c1,True,Cc1cc(C)c(B(CCCCCCP(C2CCCCC2)C2CCCCC2)c2c(F)c(F)c(F)c(F)c2F)c(C)c1,Cc1cc(C)c(B(CCCCCCP(C2CCCCC2)C2CCCCC2)c2c(F)c(F)c(F)c(F)c2F)c(C)c1,[],True,1,0.5625,True,True,False,False,True,False,True,[],0,40,True,True,True,True,"['LA_B_aryl', 'LA_B_diaryl', 'LA_B_polyhalogenated_aryl', 'LA_B_tricoordinate']",['LB_phosphine'],[],[],LA_LB_no_negative_flags,7,True,True,False,False,True,101,1
P,tert_butyl,isopropyl,C5,mesityl,pentafluorophenyl,<LB_P><LB1_tert_butyl><LB2_isopropyl><LINKER_C5><LA1_mesityl><LA2_pentafluorophenyl>,Cc1cc(C)c(B(CCCCCP(C(C)C)C(C)(C)C)c2c(F)c(F)c(F)c(F)c2F)c(C)c1,True,Cc1cc(C)c(B(CCCCCP(C(C)C)C(C)(C)C)c2c(F)c(F)c(F)c(F)c2F)c(C)c1,Cc1cc(C)c(B(CCCCCP(C(C)C)C(C)(C)C)c2c(F)c(F)c(F)c(F)c2F)c(C)c1,[],True,1,0.5869565217391305,True,True,False,False,True,False,True,[],0,34,True,True,True,True,"['LA_B_aryl', 'LA_B_diaryl', 'LA_B_polyhalogenated_aryl', 'LA_B_tricoordinate']",['LB_phosphine'],[],[],LA_LB_no_negative_flags,6,True,True,False,False,True,101,1
P,phenyl,tert_butyl,C1,phenyl,bis_cf3_phenyl,<LB_P><LB1_phenyl><LB2_tert_butyl><LINKER_C1><LA1_phenyl><LA2_bis_cf3_phenyl>,CC(C)(C)P(CB(c1ccccc1)c1cc(C(F)(F)F)cc(C(F)(F)F)c1)c1ccccc1,True,CC(C)(C)P(CB(c1ccccc1)c1cc(C(F)(F)F)cc(C(F)(F)F)c1)c1ccccc1,CC(C)(C)P(CB(c1ccccc1)c1cc(C(F)(F)F)cc(C(F)(F)F)c1)c1ccccc1,[],True,1,0.575,True,True,False,False,True,False,True,[],0,33,True,True,True,True,"['LA_B_aryl', 'LA_B_diaryl', 'LA_B_tricoordinate']",['LB_phosphine'],[],[],LA_LB_no_negative_flags,2,True,True,False,False,True,101,1
N,ethyl,phenyl,C4,pentafluorophenyl,pentachlorophenyl,<LB_N><LB1_ethyl><LB2_phenyl><LINKER_C4><LA1_pentafluorophenyl><LA2_pentachlorophenyl>,CCN(CCCCB(c1c(F)c(F)c(F)c(F)c1F)c1c(Cl)c(Cl)c(Cl)c(Cl)c1Cl)c1ccccc1,True,CCN(CCCCB(c1c(F)c(F)c(F)c(F)c1F)c1c(Cl)c(Cl)c(Cl)c(Cl)c1Cl)c1ccccc1,CCN(CCCCB(c1c(F)c(F)c(F)c(F)c1F)c1c(Cl)c(Cl)c(Cl)c(Cl)c1Cl)c1ccccc1,[],True,1,0.4375,True,True,False,False,True,False,True,[],0,36,True,True,True,True,"['LA_B_aryl', 'LA_B_diaryl', 'LA_B_polyhalogenated_aryl', 'LA_B_tricoordinate']",['LB_amine'],[],[],LA_LB_no_negative_flags,5,True,True,False,False,True,101,3
P,cyclohexyl,cyclohexyl,C5,pentafluorophenyl,pentachlorophenyl,<LB_P><LB1_cyclohexyl><LB2_cyclohexyl><LINKER_C5><LA1_pentafluorophenyl><LA2_pentachlorophenyl>,Fc1c(F)c(F)c(B(CCCCCP(C2CCCCC2)C2CCCCC2)c2c(Cl)c(Cl)c(Cl)c(Cl)c2Cl)c(F)c1F,True,Fc1c(F)c(F)c(B(CCCCCP(C2CCCCC2)C2CCCCC2)c2c(Cl)c(Cl)c(Cl)c(Cl)c2Cl)c(F)c1F,Fc1c(F)c(F)c(B(CCCCCP(C2CCCCC2)C2CCCCC2)c2c(Cl)c(Cl)c(Cl)c(Cl)c2Cl)c(F)c1F,[],True,1,0.4166666666666667,True,True,False,False,True,False,True,[],0,41,True,True,True,True,"['LA_B_aryl', 'LA_B_diaryl', 'LA_B_polyhalogenated_aryl', 'LA_B_tricoordinate']",['LB_phosphine'],[],[],LA_LB_no_negative_flags,6,True,True,False,False,True,101,1
P,phenyl,mesityl,C6,phenyl,pentachlorophenyl,<LB_P><LB1_phenyl><LB2_mesityl><LINKER_C6><LA1_phenyl><LA2_pentachlorophenyl>,Cc1cc(C)c(P(CCCCCCB(c2ccccc2)c2c(Cl)c(Cl)c(Cl)c(Cl)c2Cl)c2ccccc2)c(C)c1,True,Cc1cc(C)c(P(CCCCCCB(c2ccccc2)c2c(Cl)c(Cl)c(Cl)c(Cl)c2Cl)c2ccccc2)c(C)c1,Cc1cc(C)c(P(CCCCCCB(c2ccccc2)c2c(Cl)c(Cl)c(Cl)c(Cl)c2Cl)c2ccccc2)c(C)c1,[],True,1,0.5,True,True,False,False,True,False,True,[],0,40,True,True,True,True,"['LA_B_aryl', 'LA_B_diaryl', 'LA_B_polyhalogenated_aryl', 'LA_B_tricoordinate']",['LB_phosphine'],[],[],LA_LB_no_negative_flags,7,True,True,False,False,True,101,2
P,isopropyl,isopropyl,C4,phenyl,pentachlorophenyl,<LB_P><LB1_isopropyl><LB2_isopropyl><LINKER_C4><LA1_phenyl><LA2_pentachlorophenyl>,CC(C)P(CCCCB(c1ccccc1)c1c(Cl)c(Cl)c(Cl)c(Cl)c1Cl)C(C)C,True,CC(C)P(CCCCB(c1ccccc1)c1c(Cl)c(Cl)c(Cl)c(Cl)c1Cl)C(C)C,CC(C)P(CCCCB(c1ccccc1)c1c(Cl)c(Cl)c(Cl)c(Cl)c1Cl)C(C)C,[],True,1,0.42857142857142855,True,True,False,False,True,False,True,[],0,29,True,True,True,True,"['LA_B_aryl', 'LA_B_diaryl', 'LA_B_polyhalogenated_aryl', 'LA_B_tricoordinate']",['LB_phosphine'],[],[],LA_LB_no_negative_flags,5,True,True,False,False,True,101,1
P,mesityl,isopropyl,C1,pentafluorophenyl,pentafluorophenyl,<LB_P><LB1_mesityl><LB2_isopropyl><LINKER_C1><LA1_pentafluorophenyl><LA2_pentafluorophenyl>,Cc1cc(C)c(P(CB(c2c(F)c(F)c(F)c(F)c2F)c2c(F)c(F)c(F)c(F)c2F)C(C)C)c(C)c1,True,Cc1cc(C)c(P(CB(c2c(F)c(F)c(F)c(F)c2F)c2c(F)c(F)c(F)c(F)c2F)C(C)C)c(C)c1,Cc1cc(C)c(P(CB(c2c(F)c(F)c(F)c(F)c2F)c2c(F)c(F)c(F)c(F)c2F)C(C)C)c(C)c1,[],True,1,0.5454545454545454,True,True,False,False,True,False,True,[],0,37,True,True,True,True,"['LA_B_aryl', 'LA_B_diaryl', 'LA_B_polyhalogenated_aryl', 'LA_B_tricoordinate']",['LB_phosphine'],[],[],LA_LB_no_negative_flags,2,True,True,False,False,True,101,1
N,methyl,ethyl,C6,mesityl,pentafluorophenyl,<LB_N><LB1_methyl><LB2_ethyl><LINKER_C6><LA1_mesityl><LA2_pentafluorophenyl>,CCN(C)CCCCCCB(c1c(C)cc(C)cc1C)c1c(F)c(F)c(F)c(F)c1F,True,CCN(C)CCCCCCB(c1c(C)cc(C)cc1C)c1c(F)c(F)c(F)c(F)c1F,CCN(C)CCCCCCB(c1c(C)cc(C)cc1C)c1c(F)c(F)c(F)c(F)c1F,[],True,1,0.5217391304347826,True,True,False,False,True,False,True,[],0,31,True,True,True,True,"['LA_B_aryl', 'LA_B_diaryl', 'LA_B_polyhalogenated_aryl', 'LA_B_tricoordinate']",['LB_amine'],[],[],LA_LB_no_negative_flags,7,True,True,False,False,True,101,1
P,mesityl,cyclohexyl,C4,p_tolyl,mesityl,<LB_P><LB1_mesityl><LB2_cyclohexyl><LINKER_C4><LA1_p_tolyl><LA2_mesityl>,Cc1ccc(B(CCCCP(c2c(C)cc(C)cc2C)C2CCCCC2)c2c(C)cc(C)cc2C)cc1,True,Cc1ccc(B(CCCCP(c2c(C)cc(C)cc2C)C2CCCCC2)c2c(C)cc(C)cc2C)cc1,Cc1ccc(B(CCCCP(c2c(C)cc(C)cc2C)C2CCCCC2)c2c(C)cc(C)cc2C)cc1,[],True,1,0.4074074074074074,True,True,False,False,True,False,True,[],0,37,True,True,True,True,"['LA_B_aryl', 'LA_B_diaryl', 'LA_B_tricoordinate']",['LB_phosphine'],[],[],LA_LB_no_negative_flags,5,True,True,False,False,True,101,1
P,mesityl,tert_butyl,C5,pentachlorophenyl,pentachlorophenyl,<LB_P><LB1_mesityl><LB2_tert_butyl><LINKER_C5><LA1_pentachlorophenyl><LA2_pentachlorophenyl>,Cc1cc(C)c(P(CCCCCB(c2c(Cl)c(Cl)c(Cl)c(Cl)c2Cl)c2c(Cl)c(Cl)c(Cl)c(Cl)c2Cl)C(C)(C)C)c(C)c1,True,Cc1cc(C)c(P(CCCCCB(c2c(Cl)c(Cl)c(Cl)c(Cl)c2Cl)c2c(Cl)c(Cl)c(Cl)c(Cl)c2Cl)C(C)(C)C)c(C)c1,Cc1cc(C)c(P(CCCCCB(c2c(Cl)c(Cl)c(Cl)c(Cl)c2Cl)c2c(Cl)c(Cl)c(Cl)c(Cl)c2Cl)C(C)(C)C)c(C)c1,[],True,1,0.5813953488372093,True,True,False,False,True,False,True,[],0,42,True,True,True,True,"['LA_B_aryl', 'LA_B_diaryl', 'LA_B_polyhalogenated_aryl', 'LA_B_tricoordinate']",['LB_phosphine'],[],[],LA_LB_no_negative_flags,6,True,True,False,False,True,101,2
P,mesityl,mesityl,C5,p_tolyl,bis_cf3_phenyl,<LB_P><LB1_mesityl><LB2_mesityl><LINKER_C5><LA1_p_tolyl><LA2_bis_cf3_phenyl>,Cc1ccc(B(CCCCCP(c2c(C)cc(C)cc2C)c2c(C)cc(C)cc2C)c2cc(C(F)(F)F)cc(C(F)(F)F)c2)cc1,True,Cc1ccc(B(CCCCCP(c2c(C)cc(C)cc2C)c2c(C)cc(C)cc2C)c2cc(C(F)(F)F)cc(C(F)(F)F)c2)cc1,Cc1ccc(B(CCCCCP(c2c(C)cc(C)cc2C)c2c(C)cc(C)cc2C)c2cc(C(F)(F)F)cc(C(F)(F)F)c2)cc1,[],True,1,0.5306122448979592,True,True,False,False,True,False,True,[],0,46,True,True,True,True,"['LA_B_aryl', 'LA_B_diaryl', 'LA_B_tricoordinate']",['LB_phosphine'],[],[],LA_LB_no_negative_flags,6,True,True,False,False,True,101,1
N,ethyl,ethyl,C4,phenyl,pentachlorophenyl,<LB_N><LB1_ethyl><LB2_ethyl><LINKER_C4><LA1_phenyl><LA2_pentachlorophenyl>,CCN(CC)CCCCB(c1ccccc1)c1c(Cl)c(Cl)c(Cl)c(Cl)c1Cl,True,CCN(CC)CCCCB(c1ccccc1)c1c(Cl)c(Cl)c(Cl)c(Cl)c1Cl,CCN(CC)CCCCB(c1ccccc1)c1c(Cl)c(Cl)c(Cl)c(Cl)c1Cl,[],True,1,0.4318181818181818,True,True,False,False,True,False,True,[],0,27,True,True,True,True,"['LA_B_aryl', 'LA_B_diaryl', 'LA_B_polyhalogenated_aryl', 'LA_B_tricoordinate']",['LB_amine'],[],[],LA_LB_no_negative_flags,5,True,True,False,False,True,101,2
P,isopropyl,isopropyl,C3,phenyl,pentachlorophenyl,<LB_P><LB1_isopropyl><LB2_isopropyl><LINKER_C3><LA1_phenyl><LA2_pentachlorophenyl>,CC(C)P(CCCB(c1ccccc1)c1c(Cl)c(Cl)c(Cl)c(Cl)c1Cl)C(C)C,True,CC(C)P(CCCB(c1ccccc1)c1c(Cl)c(Cl)c(Cl)c(Cl)c1Cl)C(C)C,CC(C)P(CCCB(c1ccccc1)c1c(Cl)c(Cl)c(Cl)c(Cl)c1Cl)C(C)C,[],True,1,0.43902439024390244,True,True,False,False,True,False,True,[],0,28,True,True,True,True,"['LA_B_aryl', 'LA_B_diaryl', 'LA_B_polyhalogenated_aryl', 'LA_B_tricoordinate']",['LB_phosphine'],[],[],LA_LB_no_negative_flags,4,True,True,False,False,True,101,1
N,methyl,phenyl,C3,phenyl,pentafluorophenyl,<LB_N><LB1_methyl><LB2_phenyl><LINKER_C3><LA1_phenyl><LA2_pentafluorophenyl>,CN(CCCB(c1ccccc1)c1c(F)c(F)c(F)c(F)c1F)c1ccccc1,True,CN(CCCB(c1ccccc1)c1c(F)c(F)c(F)c(F)c1F)c1ccccc1,CN(CCCB(c1ccccc1)c1c(F)c(F)c(F)c(F)c1F)c1ccccc1,[],True,1,0.4222222222222222,True,True,False,False,True,False,True,[],0,29,True,True,True,True,"['LA_B_aryl', 'LA_B_diaryl', 'LA_B_polyhalogenated_aryl', 'LA_B_tricoordinate']",['LB_amine'],[],[],LA_LB_no_negative_flags,4,True,True,False,False,True,101,2
P,mesityl,cyclohexyl,C4,pentachlorophenyl,bis_cf3_phenyl,<LB_P><LB1_mesityl><LB2_cyclohexyl><LINKER_C4><LA1_pentachlorophenyl><LA2_bis_cf3_phenyl>,Cc1cc(C)c(P(CCCCB(c2cc(C(F)(F)F)cc(C(F)(F)F)c2)c2c(Cl)c(Cl)c(Cl)c(Cl)c2Cl)C2CCCCC2)c(C)c1,True,Cc1cc(C)c(P(CCCCB(c2cc(C(F)(F)F)cc(C(F)(F)F)c2)c2c(Cl)c(Cl)c(Cl)c(Cl)c2Cl)C2CCCCC2)c(C)c1,Cc1cc(C)c(P(CCCCB(c2cc(C(F)(F)F)cc(C(F)(F)F)c2)c2c(Cl)c(Cl)c(Cl)c(Cl)c2Cl)C2CCCCC2)c(C)c1,[],True,1,0.41379310344827586,True,True,False,False,True,False,True,[],0,46,True,True,True,True,"['LA_B_aryl', 'LA_B_diaryl', 'LA_B_polyhalogenated_aryl', 'LA_B_tricoordinate']",['LB_phosphine'],[],[],LA_LB_no_negative_flags,5,True,True,False,False,True,101,1
P,tert_butyl,cyclohexyl,C5,mesityl,mesityl,<LB_P><LB1_tert_butyl><LB2_cyclohexyl><LINKER_C5><LA1_mesityl><LA2_mesityl>,Cc1cc(C)c(B(CCCCCP(C2CCCCC2)C(C)(C)C)c2c(C)cc(C)cc2C)c(C)c1,True,Cc1cc(C)c(B(CCCCCP(C2CCCCC2)C(C)(C)C)c2c(C)cc(C)cc2C)c(C)c1,Cc1cc(C)c(B(CCCCCP(C2CCCCC2)C(C)(C)C)c2c(C)cc(C)cc2C)c(C)c1,[],True,1,0.40384615384615385,True,True,False,False,True,False,True,[],0,35,True,True,True,True,"['LA_B_aryl', 'LA_B_diaryl', 'LA_B_tricoordinate']",['LB_phosphine'],[],[],LA_LB_no_negative_flags,6,True,True,False,False,True,101,1
P,mesityl,mesityl,C4,phenyl,phenyl,<LB_P><LB1_mesityl><LB2_mesityl><LINKER_C4><LA1_phenyl><LA2_phenyl>,Cc1cc(C)c(P(CCCCB(c2ccccc2)c2ccccc2)c2c(C)cc(C)cc2C)c(C)c1,True,Cc1cc(C)c(P(CCCCB(c2ccccc2)c2ccccc2)c2c(C)cc(C)cc2C)c(C)c1,Cc1cc(C)c(P(CCCCB(c2ccccc2)c2ccccc2)c2c(C)cc(C)cc2C)c(C)c1,[],True,1,0.625,True,True,False,False,True,False,True,[],0,36,True,True,True,True,"['LA_B_aryl', 'LA_B_diaryl', 'LA_B_tricoordinate']",['LB_phosphine'],[],[],LA_LB_no_negative_flags,5,True,True,False,False,True,101,2
P,phenyl,isopropyl,C1,p_tolyl,pentafluorophenyl,<LB_P><LB1_phenyl><LB2_isopropyl><LINKER_C1><LA1_p_tolyl><LA2_pentafluorophenyl>,Cc1ccc(B(CP(c2ccccc2)C(C)C)c2c(F)c(F)c(F)c(F)c2F)cc1,True,Cc1ccc(B(CP(c2ccccc2)C(C)C)c2c(F)c(F)c(F)c(F)c2F)cc1,Cc1ccc(B(CP(c2ccccc2)C(C)C)c2c(F)c(F)c(F)c(F)c2F)cc1,[],True,1,0.46808510638297873,True,True,False,False,True,False,True,[],0,30,True,True,True,True,"['LA_B_aryl', 'LA_B_diaryl', 'LA_B_polyhalogenated_aryl', 'LA_B_tricoordinate']",['LB_phosphine'],[],[],LA_LB_no_negative_flags,2,True,True,False,False,True,101,1
N,methyl,methyl,C6,phenyl,pentachlorophenyl,<LB_N><LB1_methyl><LB2_methyl><LINKER_C6><LA1_phenyl><LA2_pentachlorophenyl>,CN(C)CCCCCCB(c1ccccc1)c1c(Cl)c(Cl)c(Cl)c(Cl)c1Cl,True,CN(C)CCCCCCB(c1ccccc1)c1c(Cl)c(Cl)c(Cl)c(Cl)c1Cl,CN(C)CCCCCCB(c1ccccc1)c1c(Cl)c(Cl)c(Cl)c(Cl)c1Cl,[],True,1,0.40816326530612246,True,True,False,False,True,False,True,[],0,27,True,True,True,True,"['LA_B_aryl', 'LA_B_diaryl', 'LA_B_polyhalogenated_aryl', 'LA_B_tricoordinate']",['LB_amine'],[],[],LA_LB_no_negative_flags,7,True,True,False,False,True,202,1
P,tert_butyl,isopropyl,C1,phenyl,pentafluorophenyl,<LB_P><LB1_tert_butyl><LB2_isopropyl><LINKER_C1><LA1_phenyl><LA2_pentafluorophenyl>,CC(C)P(CB(c1ccccc1)c1c(F)c(F)c(F)c(F)c1F)C(C)(C)C,True,CC(C)P(CB(c1ccccc1)c1c(F)c(F)c(F)c(F)c1F)C(C)(C)C,CC(C)P(CB(c1ccccc1)c1c(F)c(F)c(F)c(F)c1F)C(C)(C)C,[],True,1,0.4473684210526316,True,True,False,False,True,False,True,[],0,27,True,True,True,True,"['LA_B_aryl', 'LA_B_diaryl', 'LA_B_polyhalogenated_aryl', 'LA_B_tricoordinate']",['LB_phosphine'],[],[],LA_LB_no_negative_flags,2,True,True,False,False,True,202,1
N,cyclohexyl,cyclohexyl,C6,phenyl,pentafluorophenyl,<LB_N><LB1_cyclohexyl><LB2_cyclohexyl><LINKER_C6><LA1_phenyl><LA2_pentafluorophenyl>,Fc1c(F)c(F)c(B(CCCCCCN(C2CCCCC2)C2CCCCC2)c2ccccc2)c(F)c1F,True,Fc1c(F)c(F)c(B(CCCCCCN(C2CCCCC2)C2CCCCC2)c2ccccc2)c(F)c1F,Fc1c(F)c(F)c(B(CCCCCCN(C2CCCCC2)C2CCCCC2)c2ccccc2)c(F)c1F,[],True,1,0.4,True,True,False,False,True,False,True,[],0,37,True,True,True,True,"['LA_B_aryl', 'LA_B_diaryl', 'LA_B_polyhalogenated_aryl', 'LA_B_tricoordinate']",['LB_amine'],[],[],LA_LB_no_negative_flags,7,True,True,False,False,True,202,2
P,phenyl,mesityl,C1,pentafluorophenyl,pentafluorophenyl,<LB_P><LB1_phenyl><LB2_mesityl><LINKER_C1><LA1_pentafluorophenyl><LA2_pentafluorophenyl>,Cc1cc(C)c(P(CB(c2c(F)c(F)c(F)c(F)c2F)c2c(F)c(F)c(F)c(F)c2F)c2ccccc2)c(C)c1,True,Cc1cc(C)c(P(CB(c2c(F)c(F)c(F)c(F)c2F)c2c(F)c(F)c(F)c(F)c2F)c2ccccc2)c(C)c1,Cc1cc(C)c(P(CB(c2c(F)c(F)c(F)c(F)c2F)c2c(F)c(F)c(F)c(F)c2F)c2ccccc2)c(C)c1,[],True,1,0.5454545454545454,True,True,False,False,True,False,True,[],0,40,True,True,True,True,"['LA_B_aryl', 'LA_B_diaryl', 'LA_B_polyhalogenated_aryl', 'LA_B_tricoordinate']",['LB_phosphine'],[],[],LA_LB_no_negative_flags,2,True,True,False,False,True,202,1
P,isopropyl,isopropyl,C3,pentafluorophenyl,pentachlorophenyl,<LB_P><LB1_isopropyl><LB2_isopropyl><LINKER_C3><LA1_pentafluorophenyl><LA2_pentachlorophenyl>,CC(C)P(CCCB(c1c(F)c(F)c(F)c(F)c1F)c1c(Cl)c(Cl)c(Cl)c(Cl)c1Cl)C(C)C,True,CC(C)P(CCCB(c1c(F)c(F)c(F)c(F)c1F)c1c(Cl)c(Cl)c(Cl)c(Cl)c1Cl)C(C)C,CC(C)P(CCCB(c1c(F)c(F)c(F)c(F)c1F)c1c(Cl)c(Cl)c(Cl)c(Cl)c1Cl)C(C)C,[],True,1,0.4090909090909091,True,True,False,False,True,False,True,[],0,33,True,True,True,True,"['LA_B_aryl', 'LA_B_diaryl', 'LA_B_polyhalogenated_aryl', 'LA_B_tricoordinate']",['LB_phosphine'],[],[],LA_LB_no_negative_flags,4,True,True,False,False,True,202,1
P,phenyl,phenyl,C5,bis_cf3_phenyl,bis_cf3_phenyl,<LB_P><LB1_phenyl><LB2_phenyl><LINKER_C5><LA1_bis_cf3_phenyl><LA2_bis_cf3_phenyl>,FC(F)(F)c1cc(B(CCCCCP(c2ccccc2)c2ccccc2)c2cc(C(F)(F)F)cc(C(F)(F)F)c2)cc(C(F)(F)F)c1,True,FC(F)(F)c1cc(B(CCCCCP(c2ccccc2)c2ccccc2)c2cc(C(F)(F)F)cc(C(F)(F)F)c2)cc(C(F)(F)F)c1,FC(F)(F)c1cc(B(CCCCCP(c2ccccc2)c2ccccc2)c2cc(C(F)(F)F)cc(C(F)(F)F)c2)cc(C(F)(F)F)c1,[],True,1,0.5348837209302325,True,True,False,False,True,False,True,[],0,47,True,True,True,True,"['LA_B_aryl', 'LA_B_diaryl', 'LA_B_tricoordinate']",['LB_phosphine'],[],[],LA_LB_no_negative_flags,6,True,True,False,False,True,202,1
P,phenyl,isopropyl,C4,phenyl,pentachlorophenyl,<LB_P><LB1_phenyl><LB2_isopropyl><LINKER_C4><LA1_phenyl><LA2_pentachlorophenyl>,CC(C)P(CCCCB(c1ccccc1)c1c(Cl)c(Cl)c(Cl)c(Cl)c1Cl)c1ccccc1,True,CC(C)P(CCCCB(c1ccccc1)c1c(Cl)c(Cl)c(Cl)c(Cl)c1Cl)c1ccccc1,CC(C)P(CCCCB(c1ccccc1)c1c(Cl)c(Cl)c(Cl)c(Cl)c1Cl)c1ccccc1,[],True,1,0.46511627906976744,True,True,False,False,True,False,True,[],0,32,True,True,True,True,"['LA_B_aryl', 'LA_B_diaryl', 'LA_B_polyhalogenated_aryl', 'LA_B_tricoordinate']",['LB_phosphine'],[],[],LA_LB_no_negative_flags,5,True,True,False,False,True,202,2
P,mesityl,tert_butyl,C2,pentafluorophenyl,pentafluorophenyl,<LB_P><LB1_mesityl><LB2_tert_butyl><LINKER_C2><LA1_pentafluorophenyl><LA2_pentafluorophenyl>,Cc1cc(C)c(P(CCB(c2c(F)c(F)c(F)c(F)c2F)c2c(F)c(F)c(F)c(F)c2F)C(C)(C)C)c(C)c1,True,Cc1cc(C)c(P(CCB(c2c(F)c(F)c(F)c(F)c2F)c2c(F)c(F)c(F)c(F)c2F)C(C)(C)C)c(C)c1,Cc1cc(C)c(P(CCB(c2c(F)c(F)c(F)c(F)c2F)c2c(F)c(F)c(F)c(F)c2F)C(C)(C)C)c(C)c1,[],True,1,0.5952380952380952,True,True,False,False,True,False,True,[],0,39,True,True,True,True,"['LA_B_aryl', 'LA_B_diaryl', 'LA_B_polyhalogenated_aryl', 'LA_B_tricoordinate']",['LB_phosphine'],[],[],LA_LB_no_negative_flags,3,True,True,False,False,True,202,2
P,isopropyl,isopropyl,C1,pentachlorophenyl,bis_cf3_phenyl,<LB_P><LB1_isopropyl><LB2_isopropyl><LINKER_C1><LA1_pentachlorophenyl><LA2_bis_cf3_phenyl>,CC(C)P(CB(c1cc(C(F)(F)F)cc(C(F)(F)F)c1)c1c(Cl)c(Cl)c(Cl)c(Cl)c1Cl)C(C)C,True,CC(C)P(CB(c1cc(C(F)(F)F)cc(C(F)(F)F)c1)c1c(Cl)c(Cl)c(Cl)c(Cl)c1Cl)C(C)C,CC(C)P(CB(c1cc(C(F)(F)F)cc(C(F)(F)F)c1)c1c(Cl)c(Cl)c(Cl)c(Cl)c1Cl)C(C)C,[],True,1,0.5121951219512195,True,True,False,False,True,False,True,[],0,34,True,True,True,True,"['LA_B_aryl', 'LA_B_diaryl', 'LA_B_polyhalogenated_aryl', 'LA_B_tricoordinate']",['LB_phosphine'],[],[],LA_LB_no_negative_flags,2,True,True,False,False,True,202,2
N,cyclohexyl,cyclohexyl,C4,mesityl,pentafluorophenyl,<LB_N><LB1_cyclohexyl><LB2_cyclohexyl><LINKER_C4><LA1_mesityl><LA2_pentafluorophenyl>,Cc1cc(C)c(B(CCCCN(C2CCCCC2)C2CCCCC2)c2c(F)c(F)c(F)c(F)c2F)c(C)c1,True,Cc1cc(C)c(B(CCCCN(C2CCCCC2)C2CCCCC2)c2c(F)c(F)c(F)c(F)c2F)c(C)c1,Cc1cc(C)c(B(CCCCN(C2CCCCC2)C2CCCCC2)c2c(F)c(F)c(F)c(F)c2F)c(C)c1,[],True,1,0.48,True,True,False,False,True,False,True,[],0,38,True,True,True,True,"['LA_B_aryl', 'LA_B_diaryl', 'LA_B_polyhalogenated_aryl', 'LA_B_tricoordinate']",['LB_amine'],[],[],LA_LB_no_negative_flags,5,True,True,False,False,True,202,1
P,mesityl,tert_butyl,C1,pentafluorophenyl,pentafluorophenyl,<LB_P><LB1_mesityl><LB2_tert_butyl><LINKER_C1><LA1_pentafluorophenyl><LA2_pentafluorophenyl>,Cc1cc(C)c(P(CB(c2c(F)c(F)c(F)c(F)c2F)c2c(F)c(F)c(F)c(F)c2F)C(C)(C)C)c(C)c1,True,Cc1cc(C)c(P(CB(c2c(F)c(F)c(F)c(F)c2F)c2c(F)c(F)c(F)c(F)c2F)C(C)(C)C)c(C)c1,Cc1cc(C)c(P(CB(c2c(F)c(F)c(F)c(F)c2F)c2c(F)c(F)c(F)c(F)c2F)C(C)(C)C)c(C)c1,[],True,1,0.5116279069767442,True,True,False,False,True,False,True,[],0,38,True,True,True,True,"['LA_B_aryl', 'LA_B_diaryl', 'LA_B_polyhalogenated_aryl', 'LA_B_tricoordinate']",['LB_phosphine'],[],[],LA_LB_no_negative_flags,2,True,True,False,False,True,202,1
P,phenyl,mesityl,C3,bis_cf3_phenyl,bis_cf3_phenyl,<LB_P><LB1_phenyl><LB2_mesityl><LINKER_C3><LA1_bis_cf3_phenyl><LA2_bis_cf3_phenyl>,Cc1cc(C)c(P(CCCB(c2cc(C(F)(F)F)cc(C(F)(F)F)c2)c2cc(C(F)(F)F)cc(C(F)(F)F)c2)c2ccccc2)c(C)c1,True,Cc1cc(C)c(P(CCCB(c2cc(C(F)(F)F)cc(C(F)(F)F)c2)c2cc(C(F)(F)F)cc(C(F)(F)F)c2)c2ccccc2)c(C)c1,Cc1cc(C)c(P(CCCB(c2cc(C(F)(F)F)cc(C(F)(F)F)c2)c2cc(C(F)(F)F)cc(C(F)(F)F)c2)c2ccccc2)c(C)c1,[],True,1,0.4423076923076923,True,True,False,False,True,False,True,[],0,48,True,True,True,True,"['LA_B_aryl', 'LA_B_diaryl', 'LA_B_tricoordinate']",['LB_phosphine'],[],[],LA_LB_no_negative_flags,4,True,True,False,False,True,202,2
P,mesityl,mesityl,C5,phenyl,mesityl,<LB_P><LB1_mesityl><LB2_mesityl><LINKER_C5><LA1_phenyl><LA2_mesityl>,Cc1cc(C)c(B(CCCCCP(c2c(C)cc(C)cc2C)c2c(C)cc(C)cc2C)c2ccccc2)c(C)c1,True,Cc1cc(C)c(B(CCCCCP(c2c(C)cc(C)cc2C)c2c(C)cc(C)cc2C)c2ccccc2)c(C)c1,Cc1cc(C)c(B(CCCCCP(c2c(C)cc(C)cc2C)c2c(C)cc(C)cc2C)c2ccccc2)c(C)c1,[],True,1,0.6046511627906976,True,True,False,False,True,False,True,[],0,40,True,True,True,True,"['LA_B_aryl', 'LA_B_diaryl', 'LA_B_tricoordinate']",['LB_phosphine'],[],[],LA_LB_no_negative_flags,6,True,True,False,False,True,202,1
N,ethyl,phenyl,C5,pentafluorophenyl,pentachlorophenyl,<LB_N><LB1_ethyl><LB2_phenyl><LINKER_C5><LA1_pentafluorophenyl><LA2_pentachlorophenyl>,CCN(CCCCCB(c1c(F)c(F)c(F)c(F)c1F)c1c(Cl)c(Cl)c(Cl)c(Cl)c1Cl)c1ccccc1,True,CCN(CCCCCB(c1c(F)c(F)c(F)c(F)c1F)c1c(Cl)c(Cl)c(Cl)c(Cl)c1Cl)c1ccccc1,CCN(CCCCCB(c1c(F)c(F)c(F)c(F)c1F)c1c(Cl)c(Cl)c(Cl)c(Cl)c1Cl)c1ccccc1,[],True,1,0.42857142857142855,True,True,False,False,True,False,True,[],0,37,True,True,True,True,"['LA_B_aryl', 'LA_B_diaryl', 'LA_B_polyhalogenated_aryl', 'LA_B_tricoordinate']",['LB_amine'],[],[],LA_LB_no_negative_flags,6,True,True,False,False,True,202,1
P,phenyl,isopropyl,C1,pentachlorophenyl,pentachlorophenyl,<LB_P><LB1_phenyl><LB2_isopropyl><LINKER_C1><LA1_pentachlorophenyl><LA2_pentachlorophenyl>,CC(C)P(CB(c1c(Cl)c(Cl)c(Cl)c(Cl)c1Cl)c1c(Cl)c(Cl)c(Cl)c(Cl)c1Cl)c1ccccc1,True,CC(C)P(CB(c1c(Cl)c(Cl)c(Cl)c(Cl)c1Cl)c1c(Cl)c(Cl)c(Cl)c(Cl)c1Cl)c1ccccc1,CC(C)P(CB(c1c(Cl)c(Cl)c(Cl)c(Cl)c1Cl)c1c(Cl)c(Cl)c(Cl)c(Cl)c1Cl)c1ccccc1,[],True,1,0.5384615384615384,True,True,False,False,True,False,True,[],0,34,True,True,True,True,"['LA_B_aryl', 'LA_B_diaryl', 'LA_B_polyhalogenated_aryl', 'LA_B_tricoordinate']",['LB_phosphine'],[],[],LA_LB_no_negative_flags,2,True,True,False,False,True,202,1
P,cyclohexyl,isopropyl,C3,mesityl,pentachlorophenyl,<LB_P><LB1_cyclohexyl><LB2_isopropyl><LINKER_C3><LA1_mesityl><LA2_pentachlorophenyl>,Cc1cc(C)c(B(CCCP(C(C)C)C2CCCCC2)c2c(Cl)c(Cl)c(Cl)c(Cl)c2Cl)c(C)c1,True,Cc1cc(C)c(B(CCCP(C(C)C)C2CCCCC2)c2c(Cl)c(Cl)c(Cl)c(Cl)c2Cl)c(C)c1,Cc1cc(C)c(B(CCCP(C(C)C)C2CCCCC2)c2c(Cl)c(Cl)c(Cl)c(Cl)c2Cl)c(C)c1,[],True,1,0.45098039215686275,True,True,False,False,True,False,True,[],0,34,True,True,True,True,"['LA_B_aryl', 'LA_B_diaryl', 'LA_B_polyhalogenated_aryl', 'LA_B_tricoordinate']",['LB_phosphine'],[],[],LA_LB_no_negative_flags,4,True,True,False,False,True,202,1
N,methyl,ethyl,C4,bis_cf3_phenyl,bis_cf3_phenyl,<LB_N><LB1_methyl><LB2_ethyl><LINKER_C4><LA1_bis_cf3_phenyl><LA2_bis_cf3_phenyl>,CCN(C)CCCCB(c1cc(C(F)(F)F)cc(C(F)(F)F)c1)c1cc(C(F)(F)F)cc(C(F)(F)F)c1,True,CCN(C)CCCCB(c1cc(C(F)(F)F)cc(C(F)(F)F)c1)c1cc(C(F)(F)F)cc(C(F)(F)F)c1,CCN(C)CCCCB(c1cc(C(F)(F)F)cc(C(F)(F)F)c1)c1cc(C(F)(F)F)cc(C(F)(F)F)c1,[],True,1,0.42857142857142855,True,True,False,False,True,False,True,[],0,37,True,True,True,True,"['LA_B_aryl', 'LA_B_diaryl', 'LA_B_tricoordinate']",['LB_amine'],[],[],LA_LB_no_negative_flags,5,True,True,False,False,True,202,1
P,tert_butyl,cyclohexyl,C3,pentafluorophenyl,bis_cf3_phenyl,<LB_P><LB1_tert_butyl><LB2_cyclohexyl><LINKER_C3><LA1_pentafluorophenyl><LA2_bis_cf3_phenyl>,CC(C)(C)P(CCCB(c1cc(C(F)(F)F)cc(C(F)(F)F)c1)c1c(F)c(F)c(F)c(F)c1F)C1CCCCC1,True,CC(C)(C)P(CCCB(c1cc(C(F)(F)F)cc(C(F)(F)F)c1)c1c(F)c(F)c(F)c(F)c1F)C1CCCCC1,CC(C)(C)P(CCCB(c1cc(C(F)(F)F)cc(C(F)(F)F)c1)c1c(F)c(F)c(F)c(F)c1F)C1CCCCC1,[],True,1,0.40384615384615385,True,True,False,False,True,False,True,[],0,40,True,True,True,True,"['LA_B_aryl', 'LA_B_diaryl', 'LA_B_polyhalogenated_aryl', 'LA_B_tricoordinate']",['LB_phosphine'],[],[],LA_LB_no_negative_flags,4,True,True,False,False,True,202,2
P,cyclohexyl,isopropyl,C5,mesityl,mesityl,<LB_P><LB1_cyclohexyl><LB2_isopropyl><LINKER_C5><LA1_mesityl><LA2_mesityl>,Cc1cc(C)c(B(CCCCCP(C(C)C)C2CCCCC2)c2c(C)cc(C)cc2C)c(C)c1,True,Cc1cc(C)c(B(CCCCCP(C(C)C)C2CCCCC2)c2c(C)cc(C)cc2C)c(C)c1,Cc1cc(C)c(B(CCCCCP(C(C)C)C2CCCCC2)c2c(C)cc(C)cc2C)c(C)c1,[],True,1,0.40384615384615385,True,True,False,False,True,False,True,[],0,34,True,True,True,True,"['LA_B_aryl', 'LA_B_diaryl', 'LA_B_tricoordinate']",['LB_phosphine'],[],[],LA_LB_no_negative_flags,6,True,True,False,False,True,202,1
P,phenyl,tert_butyl,C6,pentafluorophenyl,pentafluorophenyl,<LB_P><LB1_phenyl><LB2_tert_butyl><LINKER_C6><LA1_pentafluorophenyl><LA2_pentafluorophenyl>,CC(C)(C)P(CCCCCCB(c1c(F)c(F)c(F)c(F)c1F)c1c(F)c(F)c(F)c(F)c1F)c1ccccc1,True,CC(C)(C)P(CCCCCCB(c1c(F)c(F)c(F)c(F)c1F)c1c(F)c(F)c(F)c(F)c1F)c1ccccc1,CC(C)(C)P(CCCCCCB(c1c(F)c(F)c(F)c(F)c1F)c1c(F)c(F)c(F)c(F)c1F)c1ccccc1,[],True,1,0.65,True,True,False,False,True,False,True,[],0,40,True,True,True,True,"['LA_B_aryl', 'LA_B_diaryl', 'LA_B_polyhalogenated_aryl', 'LA_B_tricoordinate']",['LB_phosphine'],[],[],LA_LB_no_negative_flags,7,True,True,False,False,True,202,1
P,phenyl,isopropyl,C1,pentafluorophenyl,pentachlorophenyl,<LB_P><LB1_phenyl><LB2_isopropyl><LINKER_C1><LA1_pentafluorophenyl><LA2_pentachlorophenyl>,CC(C)P(CB(c1c(F)c(F)c(F)c(F)c1F)c1c(Cl)c(Cl)c(Cl)c(Cl)c1Cl)c1ccccc1,True,CC(C)P(CB(c1c(F)c(F)c(F)c(F)c1F)c1c(Cl)c(Cl)c(Cl)c(Cl)c1Cl)c1ccccc1,CC(C)P(CB(c1c(F)c(F)c(F)c(F)c1F)c1c(Cl)c(Cl)c(Cl)c(Cl)c1Cl)c1ccccc1,[],True,1,0.4888888888888889,True,True,False,False,True,False,True,[],0,34,True,True,True,True,"['LA_B_aryl', 'LA_B_diaryl', 'LA_B_polyhalogenated_aryl', 'LA_B_tricoordinate']",['LB_phosphine'],[],[],LA_LB_no_negative_flags,2,True,True,False,False,True,202,1
P,mesityl,tert_butyl,C5,phenyl,pentafluorophenyl,<LB_P><LB1_mesityl><LB2_tert_butyl><LINKER_C5><LA1_phenyl><LA2_pentafluorophenyl>,Cc1cc(C)c(P(CCCCCB(c2ccccc2)c2c(F)c(F)c(F)c(F)c2F)C(C)(C)C)c(C)c1,True,Cc1cc(C)c(P(CCCCCB(c2ccccc2)c2c(F)c(F)c(F)c(F)c2F)C(C)(C)C)c(C)c1,Cc1cc(C)c(P(CCCCCB(c2ccccc2)c2c(F)c(F)c(F)c(F)c2F)C(C)(C)C)c(C)c1,[],True,1,0.5714285714285714,True,True,False,False,True,False,True,[],0,37,True,True,True,True,"['LA_B_aryl', 'LA_B_diaryl', 'LA_B_polyhalogenated_aryl', 'LA_B_tricoordinate']",['LB_phosphine'],[],[],LA_LB_no_negative_flags,6,True,True,False,False,True,202,1
P,phenyl,cyclohexyl,C4,pentafluorophenyl,pentafluorophenyl,<LB_P><LB1_phenyl><LB2_cyclohexyl><LINKER_C4><LA1_pentafluorophenyl><LA2_pentafluorophenyl>,Fc1c(F)c(F)c(B(CCCCP(c2ccccc2)C2CCCCC2)c2c(F)c(F)c(F)c(F)c2F)c(F)c1F,True,Fc1c(F)c(F)c(B(CCCCP(c2ccccc2)C2CCCCC2)c2c(F)c(F)c(F)c(F)c2F)c(F)c1F,Fc1c(F)c(F)c(B(CCCCP(c2ccccc2)C2CCCCC2)c2c(F)c(F)c(F)c(F)c2F)c(F)c1F,[],True,1,0.6190476190476191,True,True,False,False,True,False,True,[],0,40,True,True,True,True,"['LA_B_aryl', 'LA_B_diaryl', 'LA_B_polyhalogenated_aryl', 'LA_B_tricoordinate']",['LB_phosphine'],[],[],LA_LB_no_negative_flags,5,True,True,False,False,True,202,1
P,phenyl,phenyl,C4,pentachlorophenyl,bis_cf3_phenyl,<LB_P><LB1_phenyl><LB2_phenyl><LINKER_C4><LA1_pentachlorophenyl><LA2_bis_cf3_phenyl>,FC(F)(F)c1cc(B(CCCCP(c2ccccc2)c2ccccc2)c2c(Cl)c(Cl)c(Cl)c(Cl)c2Cl)cc(C(F)(F)F)c1,True,FC(F)(F)c1cc(B(CCCCP(c2ccccc2)c2ccccc2)c2c(Cl)c(Cl)c(Cl)c(Cl)c2Cl)cc(C(F)(F)F)c1,FC(F)(F)c1cc(B(CCCCP(c2ccccc2)c2ccccc2)c2c(Cl)c(Cl)c(Cl)c(Cl)c2Cl)cc(C(F)(F)F)c1,[],True,1,0.5106382978723404,True,True,False,False,True,False,True,[],0,43,True,True,True,True,"['LA_B_aryl', 'LA_B_diaryl', 'LA_B_polyhalogenated_aryl', 'LA_B_tricoordinate']",['LB_phosphine'],[],[],LA_LB_no_negative_flags,5,True,True,False,False,True,202,2
N,isopropyl,phenyl,C5,pentafluorophenyl,pentachlorophenyl,<LB_N><LB1_isopropyl><LB2_phenyl><LINKER_C5><LA1_pentafluorophenyl><LA2_pentachlorophenyl>,CC(C)N(CCCCCB(c1c(F)c(F)c(F)c(F)c1F)c1c(Cl)c(Cl)c(Cl)c(Cl)c1Cl)c1ccccc1,True,CC(C)N(CCCCCB(c1c(F)c(F)c(F)c(F)c1F)c1c(Cl)c(Cl)c(Cl)c(Cl)c1Cl)c1ccccc1,CC(C)N(CCCCCB(c1c(F)c(F)c(F)c(F)c1F)c1c(Cl)c(Cl)c(Cl)c(Cl)c1Cl)c1ccccc1,[],True,1,0.42,True,True,False,False,True,False,True,[],0,38,True,True,True,True,"['LA_B_aryl', 'LA_B_diaryl', 'LA_B_polyhalogenated_aryl', 'LA_B_tricoordinate']",['LB_amine'],[],[],LA_LB_no_negative_flags,6,True,True,False,False,True,202,1
P,phenyl,tert_butyl,C2,bis_cf3_phenyl,bis_cf3_phenyl,<LB_P><LB1_phenyl><LB2_tert_butyl><LINKER_C2><LA1_bis_cf3_phenyl><LA2_bis_cf3_phenyl>,CC(C)(C)P(CCB(c1cc(C(F)(F)F)cc(C(F)(F)F)c1)c1cc(C(F)(F)F)cc(C(F)(F)F)c1)c1ccccc1,True,CC(C)(C)P(CCB(c1cc(C(F)(F)F)cc(C(F)(F)F)c1)c1cc(C(F)(F)F)cc(C(F)(F)F)c1)c1ccccc1,CC(C)(C)P(CCB(c1cc(C(F)(F)F)cc(C(F)(F)F)c1)c1cc(C(F)(F)F)cc(C(F)(F)F)c1)c1ccccc1,[],True,1,0.5,True,True,False,False,True,False,True,[],0,42,True,True,True,True,"['LA_B_aryl', 'LA_B_diaryl', 'LA_B_tricoordinate']",['LB_phosphine'],[],[],LA_LB_no_negative_flags,3,True,True,False,False,True,202,1
P,tert_butyl,isopropyl,C5,pentafluorophenyl,pentafluorophenyl,<LB_P><LB1_tert_butyl><LB2_isopropyl><LINKER_C5><LA1_pentafluorophenyl><LA2_pentafluorophenyl>,CC(C)P(CCCCCB(c1c(F)c(F)c(F)c(F)c1F)c1c(F)c(F)c(F)c(F)c1F)C(C)(C)C,True,CC(C)P(CCCCCB(c1c(F)c(F)c(F)c(F)c1F)c1c(F)c(F)c(F)c(F)c1F)C(C)(C)C,CC(C)P(CCCCCB(c1c(F)c(F)c(F)c(F)c1F)c1c(F)c(F)c(F)c(F)c1F)C(C)(C)C,[],True,1,0.45454545454545453,True,True,False,False,True,False,True,[],0,36,True,True,True,True,"['LA_B_aryl', 'LA_B_diaryl', 'LA_B_polyhalogenated_aryl', 'LA_B_tricoordinate']",['LB_phosphine'],[],[],LA_LB_no_negative_flags,6,True,True,False,False,True,202,1
P,isopropyl,isopropyl,C4,phenyl,mesityl,<LB_P><LB1_isopropyl><LB2_isopropyl><LINKER_C4><LA1_phenyl><LA2_mesityl>,Cc1cc(C)c(B(CCCCP(C(C)C)C(C)C)c2ccccc2)c(C)c1,True,Cc1cc(C)c(B(CCCCP(C(C)C)C(C)C)c2ccccc2)c(C)c1,Cc1cc(C)c(B(CCCCP(C(C)C)C(C)C)c2ccccc2)c(C)c1,[],True,1,0.42857142857142855,True,True,False,False,True,False,True,[],0,27,True,True,True,True,"['LA_B_aryl', 'LA_B_diaryl', 'LA_B_tricoordinate']",['LB_phosphine'],[],[],LA_LB_no_negative_flags,5,True,True,False,False,True,202,1
P,mesityl,isopropyl,C2,pentachlorophenyl,pentachlorophenyl,<LB_P><LB1_mesityl><LB2_isopropyl><LINKER_C2><LA1_pentachlorophenyl><LA2_pentachlorophenyl>,Cc1cc(C)c(P(CCB(c2c(Cl)c(Cl)c(Cl)c(Cl)c2Cl)c2c(Cl)c(Cl)c(Cl)c(Cl)c2Cl)C(C)C)c(C)c1,True,Cc1cc(C)c(P(CCB(c2c(Cl)c(Cl)c(Cl)c(Cl)c2Cl)c2c(Cl)c(Cl)c(Cl)c(Cl)c2Cl)C(C)C)c(C)c1,Cc1cc(C)c(P(CCB(c2c(Cl)c(Cl)c(Cl)c(Cl)c2Cl)c2c(Cl)c(Cl)c(Cl)c(Cl)c2Cl)C(C)C)c(C)c1,[],True,1,0.6842105263157895,True,True,False,False,True,False,True,[],0,38,True,True,True,True,"['LA_B_aryl', 'LA_B_diaryl', 'LA_B_polyhalogenated_aryl', 'LA_B_tricoordinate']",['LB_phosphine'],[],[],LA_LB_no_negative_flags,3,True,True,False,False,True,202,1
P,isopropyl,isopropyl,C3,pentachlorophenyl,bis_cf3_phenyl,<LB_P><LB1_isopropyl><LB2_isopropyl><LINKER_C3><LA1_pentachlorophenyl><LA2_bis_cf3_phenyl>,CC(C)P(CCCB(c1cc(C(F)(F)F)cc(C(F)(F)F)c1)c1c(Cl)c(Cl)c(Cl)c(Cl)c1Cl)C(C)C,True,CC(C)P(CCCB(c1cc(C(F)(F)F)cc(C(F)(F)F)c1)c1c(Cl)c(Cl)c(Cl)c(Cl)c1Cl)C(C)C,CC(C)P(CCCB(c1cc(C(F)(F)F)cc(C(F)(F)F)c1)c1c(Cl)c(Cl)c(Cl)c(Cl)c1Cl)C(C)C,[],True,1,0.43478260869565216,True,True,False,False,True,False,True,[],0,36,True,True,True,True,"['LA_B_aryl', 'LA_B_diaryl', 'LA_B_polyhalogenated_aryl', 'LA_B_tricoordinate']",['LB_phosphine'],[],[],LA_LB_no_negative_flags,4,True,True,False,False,True,202,2
P,phenyl,isopropyl,C1,pentachlorophenyl,bis_cf3_phenyl,<LB_P><LB1_phenyl><LB2_isopropyl><LINKER_C1><LA1_pentachlorophenyl><LA2_bis_cf3_phenyl>,CC(C)P(CB(c1cc(C(F)(F)F)cc(C(F)(F)F)c1)c1c(Cl)c(Cl)c(Cl)c(Cl)c1Cl)c1ccccc1,True,CC(C)P(CB(c1cc(C(F)(F)F)cc(C(F)(F)F)c1)c1c(Cl)c(Cl)c(Cl)c(Cl)c1Cl)c1ccccc1,CC(C)P(CB(c1cc(C(F)(F)F)cc(C(F)(F)F)c1)c1c(Cl)c(Cl)c(Cl)c(Cl)c1Cl)c1ccccc1,[],True,1,0.44680851063829785,True,True,False,False,True,False,True,[],0,37,True,True,True,True,"['LA_B_aryl', 'LA_B_diaryl', 'LA_B_polyhalogenated_aryl', 'LA_B_tricoordinate']",['LB_phosphine'],[],[],LA_LB_no_negative_flags,2,True,True,False,False,True,202,1
P,phenyl,phenyl,C6,phenyl,bis_cf3_phenyl,<LB_P><LB1_phenyl><LB2_phenyl><LINKER_C6><LA1_phenyl><LA2_bis_cf3_phenyl>,FC(F)(F)c1cc(B(CCCCCCP(c2ccccc2)c2ccccc2)c2ccccc2)cc(C(F)(F)F)c1,True,FC(F)(F)c1cc(B(CCCCCCP(c2ccccc2)c2ccccc2)c2ccccc2)cc(C(F)(F)F)c1,FC(F)(F)c1cc(B(CCCCCCP(c2ccccc2)c2ccccc2)c2ccccc2)cc(C(F)(F)F)c1,[],True,1,0.5111111111111111,True,True,False,False,True,False,True,[],0,40,True,True,True,True,"['LA_B_aryl', 'LA_B_diaryl', 'LA_B_tricoordinate']",['LB_phosphine'],[],[],LA_LB_no_negative_flags,7,True,True,False,False,True,202,1
P,mesityl,tert_butyl,C5,phenyl,p_tolyl,<LB_P><LB1_mesityl><LB2_tert_butyl><LINKER_C5><LA1_phenyl><LA2_p_tolyl>,Cc1ccc(B(CCCCCP(c2c(C)cc(C)cc2C)C(C)(C)C)c2ccccc2)cc1,True,Cc1ccc(B(CCCCCP(c2c(C)cc(C)cc2C)C(C)(C)C)c2ccccc2)cc1,Cc1ccc(B(CCCCCP(c2c(C)cc(C)cc2C)C(C)(C)C)c2ccccc2)cc1,[],True,1,0.40384615384615385,True,True,False,False,True,False,True,[],0,33,True,True,True,True,"['LA_B_aryl', 'LA_B_diaryl', 'LA_B_tricoordinate']",['LB_phosphine'],[],[],LA_LB_no_negative_flags,6,True,True,False,False,True,202,2
N,ethyl,ethyl,C2,phenyl,bis_cf3_phenyl,<LB_N><LB1_ethyl><LB2_ethyl><LINKER_C2><LA1_phenyl><LA2_bis_cf3_phenyl>,CCN(CC)CCB(c1ccccc1)c1cc(C(F)(F)F)cc(C(F)(F)F)c1,True,CCN(CC)CCB(c1ccccc1)c1cc(C(F)(F)F)cc(C(F)(F)F)c1,CCN(CC)CCB(c1ccccc1)c1cc(C(F)(F)F)cc(C(F)(F)F)c1,[],True,1,0.4090909090909091,True,True,False,False,True,False,True,[],0,28,True,True,True,True,"['LA_B_aryl', 'LA_B_diaryl', 'LA_B_tricoordinate']",['LB_amine'],[],[],LA_LB_no_negative_flags,3,True,True,False,False,True,202,1
N,methyl,methyl,C2,bis_cf3_phenyl,bis_cf3_phenyl,<LB_N><LB1_methyl><LB2_methyl><LINKER_C2><LA1_bis_cf3_phenyl><LA2_bis_cf3_phenyl>,CN(C)CCB(c1cc(C(F)(F)F)cc(C(F)(F)F)c1)c1cc(C(F)(F)F)cc(C(F)(F)F)c1,True,CN(C)CCB(c1cc(C(F)(F)F)cc(C(F)(F)F)c1)c1cc(C(F)(F)F)cc(C(F)(F)F)c1,CN(C)CCB(c1cc(C(F)(F)F)cc(C(F)(F)F)c1)c1cc(C(F)(F)F)cc(C(F)(F)F)c1,[],True,1,0.5,True,True,False,False,True,False,True,[],0,34,True,True,True,True,"['LA_B_aryl', 'LA_B_diaryl', 'LA_B_tricoordinate']",['LB_amine'],[],[],LA_LB_no_negative_flags,3,True,True,False,False,True,202,1
N,ethyl,cyclohexyl,C3,mesityl,pentafluorophenyl,<LB_N><LB1_ethyl><LB2_cyclohexyl><LINKER_C3><LA1_mesityl><LA2_pentafluorophenyl>,CCN(CCCB(c1c(C)cc(C)cc1C)c1c(F)c(F)c(F)c(F)c1F)C1CCCCC1,True,CCN(CCCB(c1c(C)cc(C)cc1C)c1c(F)c(F)c(F)c(F)c1F)C1CCCCC1,CCN(CCCB(c1c(C)cc(C)cc1C)c1c(F)c(F)c(F)c(F)c1F)C1CCCCC1,[],True,1,0.4339622641509434,True,True,False,False,True,False,True,[],0,33,True,True,True,True,"['LA_B_aryl', 'LA_B_diaryl', 'LA_B_polyhalogenated_aryl', 'LA_B_tricoordinate']",['LB_amine'],[],[],LA_LB_no_negative_flags,4,True,True,False,False,True,202,1
N,methyl,ethyl,C3,bis_cf3_phenyl,bis_cf3_phenyl,<LB_N><LB1_methyl><LB2_ethyl><LINKER_C3><LA1_bis_cf3_phenyl><LA2_bis_cf3_phenyl>,CCN(C)CCCB(c1cc(C(F)(F)F)cc(C(F)(F)F)c1)c1cc(C(F)(F)F)cc(C(F)(F)F)c1,True,CCN(C)CCCB(c1cc(C(F)(F)F)cc(C(F)(F)F)c1)c1cc(C(F)(F)F)cc(C(F)(F)F)c1,CCN(C)CCCB(c1cc(C(F)(F)F)cc(C(F)(F)F)c1)c1cc(C(F)(F)F)cc(C(F)(F)F)c1,[],True,1,0.43902439024390244,True,True,False,False,True,False,True,[],0,36,True,True,True,True,"['LA_B_aryl', 'LA_B_diaryl', 'LA_B_tricoordinate']",['LB_amine'],[],[],LA_LB_no_negative_flags,4,True,True,False,False,True,202,1
P,tert_butyl,tert_butyl,C6,pentachlorophenyl,pentachlorophenyl,<LB_P><LB1_tert_butyl><LB2_tert_butyl><LINKER_C6><LA1_pentachlorophenyl><LA2_pentachlorophenyl>,CC(C)(C)P(CCCCCCB(c1c(Cl)c(Cl)c(Cl)c(Cl)c1Cl)c1c(Cl)c(Cl)c(Cl)c(Cl)c1Cl)C(C)(C)C,True,CC(C)(C)P(CCCCCCB(c1c(Cl)c(Cl)c(Cl)c(Cl)c1Cl)c1c(Cl)c(Cl)c(Cl)c(Cl)c1Cl)C(C)(C)C,CC(C)(C)P(CCCCCCB(c1c(Cl)c(Cl)c(Cl)c(Cl)c1Cl)c1c(Cl)c(Cl)c(Cl)c(Cl)c1Cl)C(C)(C)C,[],True,1,0.5625,True,True,False,False,True,False,True,[],0,38,True,True,True,True,"['LA_B_aryl', 'LA_B_diaryl', 'LA_B_polyhalogenated_aryl', 'LA_B_tricoordinate']",['LB_phosphine'],[],[],LA_LB_no_negative_flags,7,True,True,False,False,True,202,1
P,isopropyl,isopropyl,C3,pentachlorophenyl,pentachlorophenyl,<LB_P><LB1_isopropyl><LB2_isopropyl><LINKER_C3><LA1_pentachlorophenyl><LA2_pentachlorophenyl>,CC(C)P(CCCB(c1c(Cl)c(Cl)c(Cl)c(Cl)c1Cl)c1c(Cl)c(Cl)c(Cl)c(Cl)c1Cl)C(C)C,True,CC(C)P(CCCB(c1c(Cl)c(Cl)c(Cl)c(Cl)c1Cl)c1c(Cl)c(Cl)c(Cl)c(Cl)c1Cl)C(C)C,CC(C)P(CCCB(c1c(Cl)c(Cl)c(Cl)c(Cl)c1Cl)c1c(Cl)c(Cl)c(Cl)c(Cl)c1Cl)C(C)C,[],True,1,0.40540540540540543,True,True,False,False,True,False,True,[],0,33,True,True,True,True,"['LA_B_aryl', 'LA_B_diaryl', 'LA_B_polyhalogenated_aryl', 'LA_B_tricoordinate']",['LB_phosphine'],[],[],LA_LB_no_negative_flags,4,True,True,False,False,True,202,1
P,phenyl,cyclohexyl,C1,mesityl,bis_cf3_phenyl,<LB_P><LB1_phenyl><LB2_cyclohexyl><LINKER_C1><LA1_mesityl><LA2_bis_cf3_phenyl>,Cc1cc(C)c(B(CP(c2ccccc2)C2CCCCC2)c2cc(C(F)(F)F)cc(C(F)(F)F)c2)c(C)c1,True,Cc1cc(C)c(B(CP(c2ccccc2)C2CCCCC2)c2cc(C(F)(F)F)cc(C(F)(F)F)c2)c(C)c1,Cc1cc(C)c(B(CP(c2ccccc2)C2CCCCC2)c2cc(C(F)(F)F)cc(C(F)(F)F)c2)c(C)c1,[],True,1,0.4067796610169492,True,True,False,False,True,False,True,[],0,38,True,True,True,True,"['LA_B_aryl', 'LA_B_diaryl', 'LA_B_tricoordinate']",['LB_phosphine'],[],[],LA_LB_no_negative_flags,2,True,True,False,False,True,202,2
N,ethyl,phenyl,C5,mesityl,pentachlorophenyl,<LB_N><LB1_ethyl><LB2_phenyl><LINKER_C5><LA1_mesityl><LA2_pentachlorophenyl>,CCN(CCCCCB(c1c(C)cc(C)cc1C)c1c(Cl)c(Cl)c(Cl)c(Cl)c1Cl)c1ccccc1,True,CCN(CCCCCB(c1c(C)cc(C)cc1C)c1c(Cl)c(Cl)c(Cl)c(Cl)c1Cl)c1ccccc1,CCN(CCCCCB(c1c(C)cc(C)cc1C)c1c(Cl)c(Cl)c(Cl)c(Cl)c1Cl)c1ccccc1,[],True,1,0.4117647058823529,True,True,False,False,True,False,True,[],0,35,True,True,True,True,"['LA_B_aryl', 'LA_B_diaryl', 'LA_B_polyhalogenated_aryl', 'LA_B_tricoordinate']",['LB_amine'],[],[],LA_LB_no_negative_flags,6,True,True,False,False,True,202,1
P,mesityl,tert_butyl,C3,phenyl,pentachlorophenyl,<LB_P><LB1_mesityl><LB2_tert_butyl><LINKER_C3><LA1_phenyl><LA2_pentachlorophenyl>,Cc1cc(C)c(P(CCCB(c2ccccc2)c2c(Cl)c(Cl)c(Cl)c(Cl)c2Cl)C(C)(C)C)c(C)c1,True,Cc1cc(C)c(P(CCCB(c2ccccc2)c2c(Cl)c(Cl)c(Cl)c(Cl)c2Cl)C(C)(C)C)c(C)c1,Cc1cc(C)c(P(CCCB(c2ccccc2)c2c(Cl)c(Cl)c(Cl)c(Cl)c2Cl)C(C)(C)C)c(C)c1,[],True,1,0.5106382978723404,True,True,False,False,True,False,True,[],0,35,True,True,True,True,"['LA_B_aryl', 'LA_B_diaryl', 'LA_B_polyhalogenated_aryl', 'LA_B_tricoordinate']",['LB_phosphine'],[],[],LA_LB_no_negative_flags,4,True,True,False,False,True,202,1
P,mesityl,mesityl,C3,phenyl,bis_cf3_phenyl,<LB_P><LB1_mesityl><LB2_mesityl><LINKER_C3><LA1_phenyl><LA2_bis_cf3_phenyl>,Cc1cc(C)c(P(CCCB(c2ccccc2)c2cc(C(F)(F)F)cc(C(F)(F)F)c2)c2c(C)cc(C)cc2C)c(C)c1,True,Cc1cc(C)c(P(CCCB(c2ccccc2)c2cc(C(F)(F)F)cc(C(F)(F)F)c2)c2c(C)cc(C)cc2C)c(C)c1,Cc1cc(C)c(P(CCCB(c2ccccc2)c2cc(C(F)(F)F)cc(C(F)(F)F)c2)c2c(C)cc(C)cc2C)c(C)c1,[],True,1,0.48,True,True,False,False,True,False,True,[],0,43,True,True,True,True,"['LA_B_aryl', 'LA_B_diaryl', 'LA_B_tricoordinate']",['LB_phosphine'],[],[],LA_LB_no_negative_flags,4,True,True,False,False,True,202,2
N,methyl,ethyl,C2,pentafluorophenyl,bis_cf3_phenyl,<LB_N><LB1_methyl><LB2_ethyl><LINKER_C2><LA1_pentafluorophenyl><LA2_bis_cf3_phenyl>,CCN(C)CCB(c1cc(C(F)(F)F)cc(C(F)(F)F)c1)c1c(F)c(F)c(F)c(F)c1F,True,CCN(C)CCB(c1cc(C(F)(F)F)cc(C(F)(F)F)c1)c1c(F)c(F)c(F)c(F)c1F,CCN(C)CCB(c1cc(C(F)(F)F)cc(C(F)(F)F)c1)c1c(F)c(F)c(F)c(F)c1F,[],True,1,0.4,True,True,False,False,True,False,True,[],0,32,True,True,True,True,"['LA_B_aryl', 'LA_B_diaryl', 'LA_B_polyhalogenated_aryl', 'LA_B_tricoordinate']",['LB_amine'],[],[],LA_LB_no_negative_flags,3,True,True,False,False,True,202,1
P,tert_butyl,tert_butyl,C6,phenyl,pentachlorophenyl,<LB_P><LB1_tert_butyl><LB2_tert_butyl><LINKER_C6><LA1_phenyl><LA2_pentachlorophenyl>,CC(C)(C)P(CCCCCCB(c1ccccc1)c1c(Cl)c(Cl)c(Cl)c(Cl)c1Cl)C(C)(C)C,True,CC(C)(C)P(CCCCCCB(c1ccccc1)c1c(Cl)c(Cl)c(Cl)c(Cl)c1Cl)C(C)(C)C,CC(C)(C)P(CCCCCCB(c1ccccc1)c1c(Cl)c(Cl)c(Cl)c(Cl)c1Cl)C(C)(C)C,[],True,1,0.46153846153846156,True,True,False,False,True,False,True,[],0,33,True,True,True,True,"['LA_B_aryl', 'LA_B_diaryl', 'LA_B_polyhalogenated_aryl', 'LA_B_tricoordinate']",['LB_phosphine'],[],[],LA_LB_no_negative_flags,7,True,True,False,False,True,202,2
P,tert_butyl,tert_butyl,C5,mesityl,mesityl,<LB_P><LB1_tert_butyl><LB2_tert_butyl><LINKER_C5><LA1_mesityl><LA2_mesityl>,Cc1cc(C)c(B(CCCCCP(C(C)(C)C)C(C)(C)C)c2c(C)cc(C)cc2C)c(C)c1,True,Cc1cc(C)c(B(CCCCCP(C(C)(C)C)C(C)(C)C)c2c(C)cc(C)cc2C)c(C)c1,Cc1cc(C)c(B(CCCCCP(C(C)(C)C)C(C)(C)C)c2c(C)cc(C)cc2C)c(C)c1,[],True,1,0.4883720930232558,True,True,False,False,True,False,True,[],0,33,True,True,True,True,"['LA_B_aryl', 'LA_B_diaryl', 'LA_B_tricoordinate']",['LB_phosphine'],[],[],LA_LB_no_negative_flags,6,True,True,False,False,True,202,2
P,mesityl,tert_butyl,C6,pentafluorophenyl,pentachlorophenyl,<LB_P><LB1_mesityl><LB2_tert_butyl><LINKER_C6><LA1_pentafluorophenyl><LA2_pentachlorophenyl>,Cc1cc(C)c(P(CCCCCCB(c2c(F)c(F)c(F)c(F)c2F)c2c(Cl)c(Cl)c(Cl)c(Cl)c2Cl)C(C)(C)C)c(C)c1,True,Cc1cc(C)c(P(CCCCCCB(c2c(F)c(F)c(F)c(F)c2F)c2c(Cl)c(Cl)c(Cl)c(Cl)c2Cl)C(C)(C)C)c(C)c1,Cc1cc(C)c(P(CCCCCCB(c2c(F)c(F)c(F)c(F)c2F)c2c(Cl)c(Cl)c(Cl)c(Cl)c2Cl)C(C)(C)C)c(C)c1,[],True,1,0.6041666666666666,True,True,False,False,True,False,True,[],0,43,True,True,True,True,"['LA_B_aryl', 'LA_B_diaryl', 'LA_B_polyhalogenated_aryl', 'LA_B_tricoordinate']",['LB_phosphine'],[],[],LA_LB_no_negative_flags,7,True,True,False,False,True,202,1
P,tert_butyl,cyclohexyl,C5,bis_cf3_phenyl,bis_cf3_phenyl,<LB_P><LB1_tert_butyl><LB2_cyclohexyl><LINKER_C5><LA1_bis_cf3_phenyl><LA2_bis_cf3_phenyl>,CC(C)(C)P(CCCCCB(c1cc(C(F)(F)F)cc(C(F)(F)F)c1)c1cc(C(F)(F)F)cc(C(F)(F)F)c1)C1CCCCC1,True,CC(C)(C)P(CCCCCB(c1cc(C(F)(F)F)cc(C(F)(F)F)c1)c1cc(C(F)(F)F)cc(C(F)(F)F)c1)C1CCCCC1,CC(C)(C)P(CCCCCB(c1cc(C(F)(F)F)cc(C(F)(F)F)c1)c1cc(C(F)(F)F)cc(C(F)(F)F)c1)C1CCCCC1,[],True,1,0.4375,True,True,False,False,True,False,True,[],0,45,True,True,True,True,"['LA_B_aryl', 'LA_B_diaryl', 'LA_B_tricoordinate']",['LB_phosphine'],[],[],LA_LB_no_negative_flags,6,True,True,False,False,True,202,1
P,phenyl,mesityl,C3,phenyl,phenyl,<LB_P><LB1_phenyl><LB2_mesityl><LINKER_C3><LA1_phenyl><LA2_phenyl>,Cc1cc(C)c(P(CCCB(c2ccccc2)c2ccccc2)c2ccccc2)c(C)c1,True,Cc1cc(C)c(P(CCCB(c2ccccc2)c2ccccc2)c2ccccc2)c(C)c1,Cc1cc(C)c(P(CCCB(c2ccccc2)c2ccccc2)c2ccccc2)c(C)c1,[],True,1,0.4888888888888889,True,True,False,False,True,False,True,[],0,32,True,True,True,True,"['LA_B_aryl', 'LA_B_diaryl', 'LA_B_tricoordinate']",['LB_phosphine'],[],[],LA_LB_no_negative_flags,4,True,True,False,False,True,202,2
P,phenyl,tert_butyl,C3,p_tolyl,pentafluorophenyl,<LB_P><LB1_phenyl><LB2_tert_butyl><LINKER_C3><LA1_p_tolyl><LA2_pentafluorophenyl>,Cc1ccc(B(CCCP(c2ccccc2)C(C)(C)C)c2c(F)c(F)c(F)c(F)c2F)cc1,True,Cc1ccc(B(CCCP(c2ccccc2)C(C)(C)C)c2c(F)c(F)c(F)c(F)c2F)cc1,Cc1ccc(B(CCCP(c2ccccc2)C(C)(C)C)c2c(F)c(F)c(F)c(F)c2F)cc1,[],True,1,0.4791666666666667,True,True,False,False,True,False,True,[],0,33,True,True,True,True,"['LA_B_aryl', 'LA_B_diaryl', 'LA_B_polyhalogenated_aryl', 'LA_B_tricoordinate']",['LB_phosphine'],[],[],LA_LB_no_negative_flags,4,True,True,False,False,True,202,1
P,tert_butyl,cyclohexyl,C3,bis_cf3_phenyl,bis_cf3_phenyl,<LB_P><LB1_tert_butyl><LB2_cyclohexyl><LINKER_C3><LA1_bis_cf3_phenyl><LA2_bis_cf3_phenyl>,CC(C)(C)P(CCCB(c1cc(C(F)(F)F)cc(C(F)(F)F)c1)c1cc(C(F)(F)F)cc(C(F)(F)F)c1)C1CCCCC1,True,CC(C)(C)P(CCCB(c1cc(C(F)(F)F)cc(C(F)(F)F)c1)c1cc(C(F)(F)F)cc(C(F)(F)F)c1)C1CCCCC1,CC(C)(C)P(CCCB(c1cc(C(F)(F)F)cc(C(F)(F)F)c1)c1cc(C(F)(F)F)cc(C(F)(F)F)c1)C1CCCCC1,[],True,1,0.45652173913043476,True,True,False,False,True,False,True,[],0,43,True,True,True,True,"['LA_B_aryl', 'LA_B_diaryl', 'LA_B_tricoordinate']",['LB_phosphine'],[],[],LA_LB_no_negative_flags,4,True,True,False,False,True,202,2
P,phenyl,mesityl,C4,phenyl,bis_cf3_phenyl,<LB_P><LB1_phenyl><LB2_mesityl><LINKER_C4><LA1_phenyl><LA2_bis_cf3_phenyl>,Cc1cc(C)c(P(CCCCB(c2ccccc2)c2cc(C(F)(F)F)cc(C(F)(F)F)c2)c2ccccc2)c(C)c1,True,Cc1cc(C)c(P(CCCCB(c2ccccc2)c2cc(C(F)(F)F)cc(C(F)(F)F)c2)c2ccccc2)c(C)c1,Cc1cc(C)c(P(CCCCB(c2ccccc2)c2cc(C(F)(F)F)cc(C(F)(F)F)c2)c2ccccc2)c(C)c1,[],True,1,0.4716981132075472,True,True,False,False,True,False,True,[],0,41,True,True,True,True,"['LA_B_aryl', 'LA_B_diaryl', 'LA_B_tricoordinate']",['LB_phosphine'],[],[],LA_LB_no_negative_flags,5,True,True,False,False,True,202,1
N,ethyl,isopropyl,C1,p_tolyl,pentafluorophenyl,<LB_N><LB1_ethyl><LB2_isopropyl><LINKER_C1><LA1_p_tolyl><LA2_pentafluorophenyl>,CCN(CB(c1ccc(C)cc1)c1c(F)c(F)c(F)c(F)c1F)C(C)C,True,CCN(CB(c1ccc(C)cc1)c1c(F)c(F)c(F)c(F)c1F)C(C)C,CCN(CB(c1ccc(C)cc1)c1c(F)c(F)c(F)c(F)c1F)C(C)C,[],True,1,0.44680851063829785,True,True,False,False,True,False,True,[],0,26,True,True,True,True,"['LA_B_aryl', 'LA_B_diaryl', 'LA_B_polyhalogenated_aryl', 'LA_B_tricoordinate']",['LB_amine'],[],[],LA_LB_no_negative_flags,2,True,True,False,False,True,202,1
P,tert_butyl,isopropyl,C1,mesityl,pentachlorophenyl,<LB_P><LB1_tert_butyl><LB2_isopropyl><LINKER_C1><LA1_mesityl><LA2_pentachlorophenyl>,Cc1cc(C)c(B(CP(C(C)C)C(C)(C)C)c2c(Cl)c(Cl)c(Cl)c(Cl)c2Cl)c(C)c1,True,Cc1cc(C)c(B(CP(C(C)C)C(C)(C)C)c2c(Cl)c(Cl)c(Cl)c(Cl)c2Cl)c(C)c1,Cc1cc(C)c(B(CP(C(C)C)C(C)(C)C)c2c(Cl)c(Cl)c(Cl)c(Cl)c2Cl)c(C)c1,[],True,1,0.4782608695652174,True,True,False,False,True,False,True,[],0,30,True,True,True,True,"['LA_B_aryl', 'LA_B_diaryl', 'LA_B_polyhalogenated_aryl', 'LA_B_tricoordinate']",['LB_phosphine'],[],[],LA_LB_no_negative_flags,2,True,True,False,False,True,202,1
N,ethyl,phenyl,C6,pentafluorophenyl,pentachlorophenyl,<LB_N><LB1_ethyl><LB2_phenyl><LINKER_C6><LA1_pentafluorophenyl><LA2_pentachlorophenyl>,CCN(CCCCCCB(c1c(F)c(F)c(F)c(F)c1F)c1c(Cl)c(Cl)c(Cl)c(Cl)c1Cl)c1ccccc1,True,CCN(CCCCCCB(c1c(F)c(F)c(F)c(F)c1F)c1c(Cl)c(Cl)c(Cl)c(Cl)c1Cl)c1ccccc1,CCN(CCCCCCB(c1c(F)c(F)c(F)c(F)c1F)c1c(Cl)c(Cl)c(Cl)c(Cl)c1Cl)c1ccccc1,[],True,1,0.42857142857142855,True,True,False,False,True,False,True,[],0,38,True,True,True,True,"['LA_B_aryl', 'LA_B_diaryl', 'LA_B_polyhalogenated_aryl', 'LA_B_tricoordinate']",['LB_amine'],[],[],LA_LB_no_negative_flags,7,True,True,False,False,True,202,1
P,mesityl,tert_butyl,C2,phenyl,mesityl,<LB_P><LB1_mesityl><LB2_tert_butyl><LINKER_C2><LA1_phenyl><LA2_mesityl>,Cc1cc(C)c(B(CCP(c2c(C)cc(C)cc2C)C(C)(C)C)c2ccccc2)c(C)c1,True,Cc1cc(C)c(B(CCP(c2c(C)cc(C)cc2C)C(C)(C)C)c2ccccc2)c(C)c1,Cc1cc(C)c(B(CCP(c2c(C)cc(C)cc2C)C(C)(C)C)c2ccccc2)c(C)c1,[],True,1,0.43478260869565216,True,True,False,False,True,False,True,[],0,32,True,True,True,True,"['LA_B_aryl', 'LA_B_diaryl', 'LA_B_tricoordinate']",['LB_phosphine'],[],[],LA_LB_no_negative_flags,3,True,True,False,False,True,202,1
P,mesityl,mesityl,C4,phenyl,pentafluorophenyl,<LB_P><LB1_mesityl><LB2_mesityl><LINKER_C4><LA1_phenyl><LA2_pentafluorophenyl>,Cc1cc(C)c(P(CCCCB(c2ccccc2)c2c(F)c(F)c(F)c(F)c2F)c2c(C)cc(C)cc2C)c(C)c1,True,Cc1cc(C)c(P(CCCCB(c2ccccc2)c2c(F)c(F)c(F)c(F)c2F)c2c(C)cc(C)cc2C)c(C)c1,Cc1cc(C)c(P(CCCCB(c2ccccc2)c2c(F)c(F)c(F)c(F)c2F)c2c(C)cc(C)cc2C)c(C)c1,[],True,1,0.8,True,True,False,False,True,False,True,[],0,41,True,True,True,True,"['LA_B_aryl', 'LA_B_diaryl', 'LA_B_polyhalogenated_aryl', 'LA_B_tricoordinate']",['LB_phosphine'],[],[],LA_LB_no_negative_flags,5,True,True,False,False,True,202,1
P,mesityl,mesityl,C5,phenyl,pentachlorophenyl,<LB_P><LB1_mesityl><LB2_mesityl><LINKER_C5><LA1_phenyl><LA2_pentachlorophenyl>,Cc1cc(C)c(P(CCCCCB(c2ccccc2)c2c(Cl)c(Cl)c(Cl)c(Cl)c2Cl)c2c(C)cc(C)cc2C)c(C)c1,True,Cc1cc(C)c(P(CCCCCB(c2ccccc2)c2c(Cl)c(Cl)c(Cl)c(Cl)c2Cl)c2c(C)cc(C)cc2C)c(C)c1,Cc1cc(C)c(P(CCCCCB(c2ccccc2)c2c(Cl)c(Cl)c(Cl)c(Cl)c2Cl)c2c(C)cc(C)cc2C)c(C)c1,[],True,1,0.5652173913043478,True,True,False,False,True,False,True,[],0,42,True,True,True,True,"['LA_B_aryl', 'LA_B_diaryl', 'LA_B_polyhalogenated_aryl', 'LA_B_tricoordinate']",['LB_phosphine'],[],[],LA_LB_no_negative_flags,6,True,True,False,False,True,202,1
P,tert_butyl,cyclohexyl,C2,mesityl,pentachlorophenyl,<LB_P><LB1_tert_butyl><LB2_cyclohexyl><LINKER_C2><LA1_mesityl><LA2_pentachlorophenyl>,Cc1cc(C)c(B(CCP(C2CCCCC2)C(C)(C)C)c2c(Cl)c(Cl)c(Cl)c(Cl)c2Cl)c(C)c1,True,Cc1cc(C)c(B(CCP(C2CCCCC2)C(C)(C)C)c2c(Cl)c(Cl)c(Cl)c(Cl)c2Cl)c(C)c1,Cc1cc(C)c(B(CCP(C2CCCCC2)C(C)(C)C)c2c(Cl)c(Cl)c(Cl)c(Cl)c2Cl)c(C)c1,[],True,1,0.5,True,True,False,False,True,False,True,[],0,34,True,True,True,True,"['LA_B_aryl', 'LA_B_diaryl', 'LA_B_polyhalogenated_aryl', 'LA_B_tricoordinate']",['LB_phosphine'],[],[],LA_LB_no_negative_flags,3,True,True,False,False,True,202,1
P,phenyl,isopropyl,C2,p_tolyl,pentachlorophenyl,<LB_P><LB1_phenyl><LB2_isopropyl><LINKER_C2><LA1_p_tolyl><LA2_pentachlorophenyl>,Cc1ccc(B(CCP(c2ccccc2)C(C)C)c2c(Cl)c(Cl)c(Cl)c(Cl)c2Cl)cc1,True,Cc1ccc(B(CCP(c2ccccc2)C(C)C)c2c(Cl)c(Cl)c(Cl)c(Cl)c2Cl)cc1,Cc1ccc(B(CCP(c2ccccc2)C(C)C)c2c(Cl)c(Cl)c(Cl)c(Cl)c2Cl)cc1,[],True,1,0.4883720930232558,True,True,False,False,True,False,True,[],0,31,True,True,True,True,"['LA_B_aryl', 'LA_B_diaryl', 'LA_B_polyhalogenated_aryl', 'LA_B_tricoordinate']",['LB_phosphine'],[],[],LA_LB_no_negative_flags,3,True,True,False,False,True,202,1
P,phenyl,phenyl,C5,mesityl,mesityl,<LB_P><LB1_phenyl><LB2_phenyl><LINKER_C5><LA1_mesityl><LA2_mesityl>,Cc1cc(C)c(B(CCCCCP(c2ccccc2)c2ccccc2)c2c(C)cc(C)cc2C)c(C)c1,True,Cc1cc(C)c(B(CCCCCP(c2ccccc2)c2ccccc2)c2c(C)cc(C)cc2C)c(C)c1,Cc1cc(C)c(B(CCCCCP(c2ccccc2)c2ccccc2)c2c(C)cc(C)cc2C)c(C)c1,[],True,1,0.6,True,True,False,False,True,False,True,[],0,37,True,True,True,True,"['LA_B_aryl', 'LA_B_diaryl', 'LA_B_tricoordinate']",['LB_phosphine'],[],[],LA_LB_no_negative_flags,6,True,True,False,False,True,202,1
N,ethyl,ethyl,C1,phenyl,bis_cf3_phenyl,<LB_N><LB1_ethyl><LB2_ethyl><LINKER_C1><LA1_phenyl><LA2_bis_cf3_phenyl>,CCN(CC)CB(c1ccccc1)c1cc(C(F)(F)F)cc(C(F)(F)F)c1,True,CCN(CC)CB(c1ccccc1)c1cc(C(F)(F)F)cc(C(F)(F)F)c1,CCN(CC)CB(c1ccccc1)c1cc(C(F)(F)F)cc(C(F)(F)F)c1,[],True,1,0.42857142857142855,True,True,False,False,True,False,True,[],0,27,True,True,True,True,"['LA_B_aryl', 'LA_B_diaryl', 'LA_B_tricoordinate']",['LB_amine'],[],[],LA_LB_no_negative_flags,2,True,True,False,False,True,202,1
P,phenyl,cyclohexyl,C6,pentafluorophenyl,pentafluorophenyl,<LB_P><LB1_phenyl><LB2_cyclohexyl><LINKER_C6><LA1_pentafluorophenyl><LA2_pentafluorophenyl>,Fc1c(F)c(F)c(B(CCCCCCP(c2ccccc2)C2CCCCC2)c2c(F)c(F)c(F)c(F)c2F)c(F)c1F,True,Fc1c(F)c(F)c(B(CCCCCCP(c2ccccc2)C2CCCCC2)c2c(F)c(F)c(F)c(F)c2F)c(F)c1F,Fc1c(F)c(F)c(B(CCCCCCP(c2ccccc2)C2CCCCC2)c2c(F)c(F)c(F)c(F)c2F)c(F)c1F,[],True,1,0.6046511627906976,True,True,False,False,True,False,True,[],0,42,True,True,True,True,"['LA_B_aryl', 'LA_B_diaryl', 'LA_B_polyhalogenated_aryl', 'LA_B_tricoordinate']",['LB_phosphine'],[],[],LA_LB_no_negative_flags,7,True,True,False,False,True,202,2
P,mesityl,cyclohexyl,C6,p_tolyl,mesityl,<LB_P><LB1_mesityl><LB2_cyclohexyl><LINKER_C6><LA1_p_tolyl><LA2_mesityl>,Cc1ccc(B(CCCCCCP(c2c(C)cc(C)cc2C)C2CCCCC2)c2c(C)cc(C)cc2C)cc1,True,Cc1ccc(B(CCCCCCP(c2c(C)cc(C)cc2C)C2CCCCC2)c2c(C)cc(C)cc2C)cc1,Cc1ccc(B(CCCCCCP(c2c(C)cc(C)cc2C)C2CCCCC2)c2c(C)cc(C)cc2C)cc1,[],True,1,0.4,True,True,False,False,True,False,True,[],0,39,True,True,True,True,"['LA_B_aryl', 'LA_B_diaryl', 'LA_B_tricoordinate']",['LB_phosphine'],[],[],LA_LB_no_negative_flags,7,True,True,False,False,True,202,2
P,mesityl,isopropyl,C6,pentafluorophenyl,pentafluorophenyl,<LB_P><LB1_mesityl><LB2_isopropyl><LINKER_C6><LA1_pentafluorophenyl><LA2_pentafluorophenyl>,Cc1cc(C)c(P(CCCCCCB(c2c(F)c(F)c(F)c(F)c2F)c2c(F)c(F)c(F)c(F)c2F)C(C)C)c(C)c1,True,Cc1cc(C)c(P(CCCCCCB(c2c(F)c(F)c(F)c(F)c2F)c2c(F)c(F)c(F)c(F)c2F)C(C)C)c(C)c1,Cc1cc(C)c(P(CCCCCCB(c2c(F)c(F)c(F)c(F)c2F)c2c(F)c(F)c(F)c(F)c2F)C(C)C)c(C)c1,[],True,1,0.6904761904761905,True,True,False,False,True,False,True,[],0,42,True,True,True,True,"['LA_B_aryl', 'LA_B_diaryl', 'LA_B_polyhalogenated_aryl', 'LA_B_tricoordinate']",['LB_phosphine'],[],[],LA_LB_no_negative_flags,7,True,True,False,False,True,202,2
P,mesityl,mesityl,C6,p_tolyl,bis_cf3_phenyl,<LB_P><LB1_mesityl><LB2_mesityl><LINKER_C6><LA1_p_tolyl><LA2_bis_cf3_phenyl>,Cc1ccc(B(CCCCCCP(c2c(C)cc(C)cc2C)c2c(C)cc(C)cc2C)c2cc(C(F)(F)F)cc(C(F)(F)F)c2)cc1,True,Cc1ccc(B(CCCCCCP(c2c(C)cc(C)cc2C)c2c(C)cc(C)cc2C)c2cc(C(F)(F)F)cc(C(F)(F)F)c2)cc1,Cc1ccc(B(CCCCCCP(c2c(C)cc(C)cc2C)c2c(C)cc(C)cc2C)c2cc(C(F)(F)F)cc(C(F)(F)F)c2)cc1,[],True,1,0.5306122448979592,True,True,False,False,True,False,True,[],0,47,True,True,True,True,"['LA_B_aryl', 'LA_B_diaryl', 'LA_B_tricoordinate']",['LB_phosphine'],[],[],LA_LB_no_negative_flags,7,True,True,False,False,True,202,1
N,methyl,ethyl,C2,mesityl,pentachlorophenyl,<LB_N><LB1_methyl><LB2_ethyl><LINKER_C2><LA1_mesityl><LA2_pentachlorophenyl>,CCN(C)CCB(c1c(C)cc(C)cc1C)c1c(Cl)c(Cl)c(Cl)c(Cl)c1Cl,True,CCN(C)CCB(c1c(C)cc(C)cc1C)c1c(Cl)c(Cl)c(Cl)c(Cl)c1Cl,CCN(C)CCB(c1c(C)cc(C)cc1C)c1c(Cl)c(Cl)c(Cl)c(Cl)c1Cl,[],True,1,0.5,True,True,False,False,True,False,True,[],0,27,True,True,True,True,"['LA_B_aryl', 'LA_B_diaryl', 'LA_B_polyhalogenated_aryl', 'LA_B_tricoordinate']",['LB_amine'],[],[],LA_LB_no_negative_flags,3,True,True,False,False,True,202,1
N,isopropyl,isopropyl,C1,pentachlorophenyl,bis_cf3_phenyl,<LB_N><LB1_isopropyl><LB2_isopropyl><LINKER_C1><LA1_pentachlorophenyl><LA2_bis_cf3_phenyl>,CC(C)N(CB(c1cc(C(F)(F)F)cc(C(F)(F)F)c1)c1c(Cl)c(Cl)c(Cl)c(Cl)c1Cl)C(C)C,True,CC(C)N(CB(c1cc(C(F)(F)F)cc(C(F)(F)F)c1)c1c(Cl)c(Cl)c(Cl)c(Cl)c1Cl)C(C)C,CC(C)N(CB(c1cc(C(F)(F)F)cc(C(F)(F)F)c1)c1c(Cl)c(Cl)c(Cl)c(Cl)c1Cl)C(C)C,[],True,1,0.4418604651162791,True,True,False,False,True,False,True,[],0,34,True,True,True,True,"['LA_B_aryl', 'LA_B_diaryl', 'LA_B_polyhalogenated_aryl', 'LA_B_tricoordinate']",['LB_amine'],[],[],LA_LB_no_negative_flags,2,True,True,False,False,True,202,2
P,phenyl,tert_butyl,C6,phenyl,pentachlorophenyl,<LB_P><LB1_phenyl><LB2_tert_butyl><LINKER_C6><LA1_phenyl><LA2_pentachlorophenyl>,CC(C)(C)P(CCCCCCB(c1ccccc1)c1c(Cl)c(Cl)c(Cl)c(Cl)c1Cl)c1ccccc1,True,CC(C)(C)P(CCCCCCB(c1ccccc1)c1c(Cl)c(Cl)c(Cl)c(Cl)c1Cl)c1ccccc1,CC(C)(C)P(CCCCCCB(c1ccccc1)c1c(Cl)c(Cl)c(Cl)c(Cl)c1Cl)c1ccccc1,[],True,1,0.45454545454545453,True,True,False,False,True,False,True,[],0,35,True,True,True,True,"['LA_B_aryl', 'LA_B_diaryl', 'LA_B_polyhalogenated_aryl', 'LA_B_tricoordinate']",['LB_phosphine'],[],[],LA_LB_no_negative_flags,7,True,True,False,False,True,202,1
P,phenyl,isopropyl,C1,mesityl,pentachlorophenyl,<LB_P><LB1_phenyl><LB2_isopropyl><LINKER_C1><LA1_mesityl><LA2_pentachlorophenyl>,Cc1cc(C)c(B(CP(c2ccccc2)C(C)C)c2c(Cl)c(Cl)c(Cl)c(Cl)c2Cl)c(C)c1,True,Cc1cc(C)c(B(CP(c2ccccc2)C(C)C)c2c(Cl)c(Cl)c(Cl)c(Cl)c2Cl)c(C)c1,Cc1cc(C)c(B(CP(c2ccccc2)C(C)C)c2c(Cl)c(Cl)c(Cl)c(Cl)c2Cl)c(C)c1,[],True,1,0.4489795918367347,True,True,False,False,True,False,True,[],0,32,True,True,True,True,"['LA_B_aryl', 'LA_B_diaryl', 'LA_B_polyhalogenated_aryl', 'LA_B_tricoordinate']",['LB_phosphine'],[],[],LA_LB_no_negative_flags,2,True,True,False,False,True,202,1
P,phenyl,cyclohexyl,C3,mesityl,pentafluorophenyl,<LB_P><LB1_phenyl><LB2_cyclohexyl><LINKER_C3><LA1_mesityl><LA2_pentafluorophenyl>,Cc1cc(C)c(B(CCCP(c2ccccc2)C2CCCCC2)c2c(F)c(F)c(F)c(F)c2F)c(C)c1,True,Cc1cc(C)c(B(CCCP(c2ccccc2)C2CCCCC2)c2c(F)c(F)c(F)c(F)c2F)c(C)c1,Cc1cc(C)c(B(CCCP(c2ccccc2)C2CCCCC2)c2c(F)c(F)c(F)c(F)c2F)c(C)c1,[],True,1,0.46296296296296297,True,True,False,False,True,False,True,[],0,37,True,True,True,True,"['LA_B_aryl', 'LA_B_diaryl', 'LA_B_polyhalogenated_aryl', 'LA_B_tricoordinate']",['LB_phosphine'],[],[],LA_LB_no_negative_flags,4,True,True,False,False,True,202,1
P,mesityl,isopropyl,C2,phenyl,pentachlorophenyl,<LB_P><LB1_mesityl><LB2_isopropyl><LINKER_C2><LA1_phenyl><LA2_pentachlorophenyl>,Cc1cc(C)c(P(CCB(c2ccccc2)c2c(Cl)c(Cl)c(Cl)c(Cl)c2Cl)C(C)C)c(C)c1,True,Cc1cc(C)c(P(CCB(c2ccccc2)c2c(Cl)c(Cl)c(Cl)c(Cl)c2Cl)C(C)C)c(C)c1,Cc1cc(C)c(P(CCB(c2ccccc2)c2c(Cl)c(Cl)c(Cl)c(Cl)c2Cl)C(C)C)c(C)c1,[],True,1,0.5681818181818182,True,True,False,False,True,False,True,[],0,33,True,True,True,True,"['LA_B_aryl', 'LA_B_diaryl', 'LA_B_polyhalogenated_aryl', 'LA_B_tricoordinate']",['LB_phosphine'],[],[],LA_LB_no_negative_flags,3,True,True,False,False,True,202,1
N,methyl,isopropyl,C2,p_tolyl,bis_cf3_phenyl,<LB_N><LB1_methyl><LB2_isopropyl><LINKER_C2><LA1_p_tolyl><LA2_bis_cf3_phenyl>,Cc1ccc(B(CCN(C)C(C)C)c2cc(C(F)(F)F)cc(C(F)(F)F)c2)cc1,True,Cc1ccc(B(CCN(C)C(C)C)c2cc(C(F)(F)F)cc(C(F)(F)F)c2)cc1,Cc1ccc(B(CCN(C)C(C)C)c2cc(C(F)(F)F)cc(C(F)(F)F)c2)cc1,[],True,1,0.41304347826086957,True,True,False,False,True,False,True,[],0,29,True,True,True,True,"['LA_B_aryl', 'LA_B_diaryl', 'LA_B_tricoordinate']",['LB_amine'],[],[],LA_LB_no_negative_flags,3,True,True,False,False,True,202,1
P,mesityl,tert_butyl,C4,bis_cf3_phenyl,bis_cf3_phenyl,<LB_P><LB1_mesityl><LB2_tert_butyl><LINKER_C4><LA1_bis_cf3_phenyl><LA2_bis_cf3_phenyl>,Cc1cc(C)c(P(CCCCB(c2cc(C(F)(F)F)cc(C(F)(F)F)c2)c2cc(C(F)(F)F)cc(C(F)(F)F)c2)C(C)(C)C)c(C)c1,True,Cc1cc(C)c(P(CCCCB(c2cc(C(F)(F)F)cc(C(F)(F)F)c2)c2cc(C(F)(F)F)cc(C(F)(F)F)c2)C(C)(C)C)c(C)c1,Cc1cc(C)c(P(CCCCB(c2cc(C(F)(F)F)cc(C(F)(F)F)c2)c2cc(C(F)(F)F)cc(C(F)(F)F)c2)C(C)(C)C)c(C)c1,[],True,1,0.4666666666666667,True,True,False,False,True,False,True,[],0,47,True,True,True,True,"['LA_B_aryl', 'LA_B_diaryl', 'LA_B_tricoordinate']",['LB_phosphine'],[],[],LA_LB_no_negative_flags,5,True,True,False,False,True,202,1
P,phenyl,isopropyl,C3,pentachlorophenyl,pentachlorophenyl,<LB_P><LB1_phenyl><LB2_isopropyl><LINKER_C3><LA1_pentachlorophenyl><LA2_pentachlorophenyl>,CC(C)P(CCCB(c1c(Cl)c(Cl)c(Cl)c(Cl)c1Cl)c1c(Cl)c(Cl)c(Cl)c(Cl)c1Cl)c1ccccc1,True,CC(C)P(CCCB(c1c(Cl)c(Cl)c(Cl)c(Cl)c1Cl)c1c(Cl)c(Cl)c(Cl)c(Cl)c1Cl)c1ccccc1,CC(C)P(CCCB(c1c(Cl)c(Cl)c(Cl)c(Cl)c1Cl)c1c(Cl)c(Cl)c(Cl)c(Cl)c1Cl)c1ccccc1,[],True,1,0.5526315789473685,True,True,False,False,True,False,True,[],0,36,True,True,True,True,"['LA_B_aryl', 'LA_B_diaryl', 'LA_B_polyhalogenated_aryl', 'LA_B_tricoordinate']",['LB_phosphine'],[],[],LA_LB_no_negative_flags,4,True,True,False,False,True,202,1
P,tert_butyl,cyclohexyl,C4,mesityl,mesityl,<LB_P><LB1_tert_butyl><LB2_cyclohexyl><LINKER_C4><LA1_mesityl><LA2_mesityl>,Cc1cc(C)c(B(CCCCP(C2CCCCC2)C(C)(C)C)c2c(C)cc(C)cc2C)c(C)c1,True,Cc1cc(C)c(B(CCCCP(C2CCCCC2)C(C)(C)C)c2c(C)cc(C)cc2C)c(C)c1,Cc1cc(C)c(B(CCCCP(C2CCCCC2)C(C)(C)C)c2c(C)cc(C)cc2C)c(C)c1,[],True,1,0.4117647058823529,True,True,False,False,True,False,True,[],0,34,True,True,True,True,"['LA_B_aryl', 'LA_B_diaryl', 'LA_B_tricoordinate']",['LB_phosphine'],[],[],LA_LB_no_negative_flags,5,True,True,False,False,True,202,1
P,mesityl,mesityl,C2,p_tolyl,pentachlorophenyl,<LB_P><LB1_mesityl><LB2_mesityl><LINKER_C2><LA1_p_tolyl><LA2_pentachlorophenyl>,Cc1ccc(B(CCP(c2c(C)cc(C)cc2C)c2c(C)cc(C)cc2C)c2c(Cl)c(Cl)c(Cl)c(Cl)c2Cl)cc1,True,Cc1ccc(B(CCP(c2c(C)cc(C)cc2C)c2c(C)cc(C)cc2C)c2c(Cl)c(Cl)c(Cl)c(Cl)c2Cl)cc1,Cc1ccc(B(CCP(c2c(C)cc(C)cc2C)c2c(C)cc(C)cc2C)c2c(Cl)c(Cl)c(Cl)c(Cl)c2Cl)cc1,[],True,1,0.625,True,True,False,False,True,False,True,[],0,40,True,True,True,True,"['LA_B_aryl', 'LA_B_diaryl', 'LA_B_polyhalogenated_aryl', 'LA_B_tricoordinate']",['LB_phosphine'],[],[],LA_LB_no_negative_flags,3,True,True,False,False,True,202,1
N,methyl,isopropyl,C2,mesityl,pentafluorophenyl,<LB_N><LB1_methyl><LB2_isopropyl><LINKER_C2><LA1_mesityl><LA2_pentafluorophenyl>,Cc1cc(C)c(B(CCN(C)C(C)C)c2c(F)c(F)c(F)c(F)c2F)c(C)c1,True,Cc1cc(C)c(B(CCN(C)C(C)C)c2c(F)c(F)c(F)c(F)c2F)c(C)c1,Cc1cc(C)c(B(CCN(C)C(C)C)c2c(F)c(F)c(F)c(F)c2F)c(C)c1,[],True,1,0.45652173913043476,True,True,False,False,True,False,True,[],0,28,True,True,True,True,"['LA_B_aryl', 'LA_B_diaryl', 'LA_B_polyhalogenated_aryl', 'LA_B_tricoordinate']",['LB_amine'],[],[],LA_LB_no_negative_flags,3,True,True,False,False,True,202,1
P,tert_butyl,isopropyl,C3,p_tolyl,pentafluorophenyl,<LB_P><LB1_tert_butyl><LB2_isopropyl><LINKER_C3><LA1_p_tolyl><LA2_pentafluorophenyl>,Cc1ccc(B(CCCP(C(C)C)C(C)(C)C)c2c(F)c(F)c(F)c(F)c2F)cc1,True,Cc1ccc(B(CCCP(C(C)C)C(C)(C)C)c2c(F)c(F)c(F)c(F)c2F)cc1,Cc1ccc(B(CCCP(C(C)C)C(C)(C)C)c2c(F)c(F)c(F)c(F)c2F)cc1,[],True,1,0.42,True,True,False,False,True,False,True,[],0,30,True,True,True,True,"['LA_B_aryl', 'LA_B_diaryl', 'LA_B_polyhalogenated_aryl', 'LA_B_tricoordinate']",['LB_phosphine'],[],[],LA_LB_no_negative_flags,4,True,True,False,False,True,202,1
N,cyclohexyl,phenyl,C1,pentachlorophenyl,pentachlorophenyl,<LB_N><LB1_cyclohexyl><LB2_phenyl><LINKER_C1><LA1_pentachlorophenyl><LA2_pentachlorophenyl>,Clc1c(Cl)c(Cl)c(B(CN(c2ccccc2)C2CCCCC2)c2c(Cl)c(Cl)c(Cl)c(Cl)c2Cl)c(Cl)c1Cl,True,Clc1c(Cl)c(Cl)c(B(CN(c2ccccc2)C2CCCCC2)c2c(Cl)c(Cl)c(Cl)c(Cl)c2Cl)c(Cl)c1Cl,Clc1c(Cl)c(Cl)c(B(CN(c2ccccc2)C2CCCCC2)c2c(Cl)c(Cl)c(Cl)c(Cl)c2Cl)c(Cl)c1Cl,[],True,1,0.40425531914893614,True,True,False,False,True,False,True,[],0,37,True,True,True,True,"['LA_B_aryl', 'LA_B_diaryl', 'LA_B_polyhalogenated_aryl', 'LA_B_tricoordinate']",['LB_amine'],[],[],LA_LB_no_negative_flags,2,True,True,False,False,True,202,1
P,tert_butyl,tert_butyl,C5,mesityl,bis_cf3_phenyl,<LB_P><LB1_tert_butyl><LB2_tert_butyl><LINKER_C5><LA1_mesityl><LA2_bis_cf3_phenyl>,Cc1cc(C)c(B(CCCCCP(C(C)(C)C)C(C)(C)C)c2cc(C(F)(F)F)cc(C(F)(F)F)c2)c(C)c1,True,Cc1cc(C)c(B(CCCCCP(C(C)(C)C)C(C)(C)C)c2cc(C(F)(F)F)cc(C(F)(F)F)c2)c(C)c1,Cc1cc(C)c(B(CCCCCP(C(C)(C)C)C(C)(C)C)c2cc(C(F)(F)F)cc(C(F)(F)F)c2)c(C)c1,[],True,1,0.5111111111111111,True,True,False,False,True,False,True,[],0,38,True,True,True,True,"['LA_B_aryl', 'LA_B_diaryl', 'LA_B_tricoordinate']",['LB_phosphine'],[],[],LA_LB_no_negative_flags,6,True,True,False,False,True,202,1
P,tert_butyl,tert_butyl,C4,phenyl,mesityl,<LB_P><LB1_tert_butyl><LB2_tert_butyl><LINKER_C4><LA1_phenyl><LA2_mesityl>,Cc1cc(C)c(B(CCCCP(C(C)(C)C)C(C)(C)C)c2ccccc2)c(C)c1,True,Cc1cc(C)c(B(CCCCP(C(C)(C)C)C(C)(C)C)c2ccccc2)c(C)c1,Cc1cc(C)c(B(CCCCP(C(C)(C)C)C(C)(C)C)c2ccccc2)c(C)c1,[],True,1,0.42857142857142855,True,True,False,False,True,False,True,[],0,29,True,True,True,True,"['LA_B_aryl', 'LA_B_diaryl', 'LA_B_tricoordinate']",['LB_phosphine'],[],[],LA_LB_no_negative_flags,5,True,True,False,False,True,202,2
N,methyl,methyl,C5,bis_cf3_phenyl,bis_cf3_phenyl,<LB_N><LB1_methyl><LB2_methyl><LINKER_C5><LA1_bis_cf3_phenyl><LA2_bis_cf3_phenyl>,CN(C)CCCCCB(c1cc(C(F)(F)F)cc(C(F)(F)F)c1)c1cc(C(F)(F)F)cc(C(F)(F)F)c1,True,CN(C)CCCCCB(c1cc(C(F)(F)F)cc(C(F)(F)F)c1)c1cc(C(F)(F)F)cc(C(F)(F)F)c1,CN(C)CCCCCB(c1cc(C(F)(F)F)cc(C(F)(F)F)c1)c1cc(C(F)(F)F)cc(C(F)(F)F)c1,[],True,1,0.45,True,True,False,False,True,False,True,[],0,37,True,True,True,True,"['LA_B_aryl', 'LA_B_diaryl', 'LA_B_tricoordinate']",['LB_amine'],[],[],LA_LB_no_negative_flags,6,True,True,False,False,True,202,1
N,ethyl,cyclohexyl,C4,mesityl,pentafluorophenyl,<LB_N><LB1_ethyl><LB2_cyclohexyl><LINKER_C4><LA1_mesityl><LA2_pentafluorophenyl>,CCN(CCCCB(c1c(C)cc(C)cc1C)c1c(F)c(F)c(F)c(F)c1F)C1CCCCC1,True,CCN(CCCCB(c1c(C)cc(C)cc1C)c1c(F)c(F)c(F)c(F)c1F)C1CCCCC1,CCN(CCCCB(c1c(C)cc(C)cc1C)c1c(F)c(F)c(F)c(F)c1F)C1CCCCC1,[],True,1,0.4528301886792453,True,True,False,False,True,False,True,[],0,34,True,True,True,True,"['LA_B_aryl', 'LA_B_diaryl', 'LA_B_polyhalogenated_aryl', 'LA_B_tricoordinate']",['LB_amine'],[],[],LA_LB_no_negative_flags,5,True,True,False,False,True,202,1
P,tert_butyl,tert_butyl,C1,mesityl,pentafluorophenyl,<LB_P><LB1_tert_butyl><LB2_tert_butyl><LINKER_C1><LA1_mesityl><LA2_pentafluorophenyl>,Cc1cc(C)c(B(CP(C(C)(C)C)C(C)(C)C)c2c(F)c(F)c(F)c(F)c2F)c(C)c1,True,Cc1cc(C)c(B(CP(C(C)(C)C)C(C)(C)C)c2c(F)c(F)c(F)c(F)c2F)c(C)c1,Cc1cc(C)c(B(CP(C(C)(C)C)C(C)(C)C)c2c(F)c(F)c(F)c(F)c2F)c(C)c1,[],True,1,0.7096774193548387,True,True,False,False,True,False,True,[],0,31,True,True,True,True,"['LA_B_aryl', 'LA_B_diaryl', 'LA_B_polyhalogenated_aryl', 'LA_B_tricoordinate']",['LB_phosphine'],[],[],LA_LB_no_negative_flags,2,True,True,False,False,True,202,1
N,methyl,ethyl,C1,phenyl,pentachlorophenyl,<LB_N><LB1_methyl><LB2_ethyl><LINKER_C1><LA1_phenyl><LA2_pentachlorophenyl>,CCN(C)CB(c1ccccc1)c1c(Cl)c(Cl)c(Cl)c(Cl)c1Cl,True,CCN(C)CB(c1ccccc1)c1c(Cl)c(Cl)c(Cl)c(Cl)c1Cl,CCN(C)CB(c1ccccc1)c1c(Cl)c(Cl)c(Cl)c(Cl)c1Cl,[],True,1,0.43902439024390244,True,True,False,False,True,False,True,[],0,23,True,True,True,True,"['LA_B_aryl', 'LA_B_diaryl', 'LA_B_polyhalogenated_aryl', 'LA_B_tricoordinate']",['LB_amine'],[],[],LA_LB_no_negative_flags,2,True,True,False,False,True,202,1
P,phenyl,mesityl,C4,mesityl,pentachlorophenyl,<LB_P><LB1_phenyl><LB2_mesityl><LINKER_C4><LA1_mesityl><LA2_pentachlorophenyl>,Cc1cc(C)c(B(CCCCP(c2ccccc2)c2c(C)cc(C)cc2C)c2c(Cl)c(Cl)c(Cl)c(Cl)c2Cl)c(C)c1,True,Cc1cc(C)c(B(CCCCP(c2ccccc2)c2c(C)cc(C)cc2C)c2c(Cl)c(Cl)c(Cl)c(Cl)c2Cl)c(C)c1,Cc1cc(C)c(B(CCCCP(c2ccccc2)c2c(C)cc(C)cc2C)c2c(Cl)c(Cl)c(Cl)c(Cl)c2Cl)c(C)c1,[],True,1,0.5434782608695652,True,True,False,False,True,False,True,[],0,41,True,True,True,True,"['LA_B_aryl', 'LA_B_diaryl', 'LA_B_polyhalogenated_aryl', 'LA_B_tricoordinate']",['LB_phosphine'],[],[],LA_LB_no_negative_flags,5,True,True,False,False,True,202,1
P,mesityl,isopropyl,C5,p_tolyl,p_tolyl,<LB_P><LB1_mesityl><LB2_isopropyl><LINKER_C5><LA1_p_tolyl><LA2_p_tolyl>,Cc1ccc(B(CCCCCP(c2c(C)cc(C)cc2C)C(C)C)c2ccc(C)cc2)cc1,True,Cc1ccc(B(CCCCCP(c2c(C)cc(C)cc2C)C(C)C)c2ccc(C)cc2)cc1,Cc1ccc(B(CCCCCP(c2c(C)cc(C)cc2C)C(C)C)c2ccc(C)cc2)cc1,[],True,1,0.4375,True,True,False,False,True,False,True,[],0,33,True,True,True,True,"['LA_B_aryl', 'LA_B_diaryl', 'LA_B_tricoordinate']",['LB_phosphine'],[],[],LA_LB_no_negative_flags,6,True,True,False,False,True,202,2
N,methyl,methyl,C2,pentafluorophenyl,bis_cf3_phenyl,<LB_N><LB1_methyl><LB2_methyl><LINKER_C2><LA1_pentafluorophenyl><LA2_bis_cf3_phenyl>,CN(C)CCB(c1cc(C(F)(F)F)cc(C(F)(F)F)c1)c1c(F)c(F)c(F)c(F)c1F,True,CN(C)CCB(c1cc(C(F)(F)F)cc(C(F)(F)F)c1)c1c(F)c(F)c(F)c(F)c1F,CN(C)CCB(c1cc(C(F)(F)F)cc(C(F)(F)F)c1)c1c(F)c(F)c(F)c(F)c1F,[],True,1,0.42857142857142855,True,True,False,False,True,False,True,[],0,31,True,True,True,True,"['LA_B_aryl', 'LA_B_diaryl', 'LA_B_polyhalogenated_aryl', 'LA_B_tricoordinate']",['LB_amine'],[],[],LA_LB_no_negative_flags,3,True,True,False,False,True,202,1
P,mesityl,isopropyl,C6,phenyl,p_tolyl,<LB_P><LB1_mesityl><LB2_isopropyl><LINKER_C6><LA1_phenyl><LA2_p_tolyl>,Cc1ccc(B(CCCCCCP(c2c(C)cc(C)cc2C)C(C)C)c2ccccc2)cc1,True,Cc1ccc(B(CCCCCCP(c2c(C)cc(C)cc2C)C(C)C)c2ccccc2)cc1,Cc1ccc(B(CCCCCCP(c2c(C)cc(C)cc2C)C(C)C)c2ccccc2)cc1,[],True,1,0.40384615384615385,True,True,False,False,True,False,True,[],0,33,True,True,True,True,"['LA_B_aryl', 'LA_B_diaryl', 'LA_B_tricoordinate']",['LB_phosphine'],[],[],LA_LB_no_negative_flags,7,True,True,False,False,True,202,1
N,ethyl,ethyl,C4,bis_cf3_phenyl,bis_cf3_phenyl,<LB_N><LB1_ethyl><LB2_ethyl><LINKER_C4><LA1_bis_cf3_phenyl><LA2_bis_cf3_phenyl>,CCN(CC)CCCCB(c1cc(C(F)(F)F)cc(C(F)(F)F)c1)c1cc(C(F)(F)F)cc(C(F)(F)F)c1,True,CCN(CC)CCCCB(c1cc(C(F)(F)F)cc(C(F)(F)F)c1)c1cc(C(F)(F)F)cc(C(F)(F)F)c1,CCN(CC)CCCCB(c1cc(C(F)(F)F)cc(C(F)(F)F)c1)c1cc(C(F)(F)F)cc(C(F)(F)F)c1,[],True,1,0.43902439024390244,True,True,False,False,True,False,True,[],0,38,True,True,True,True,"['LA_B_aryl', 'LA_B_diaryl', 'LA_B_tricoordinate']",['LB_amine'],[],[],LA_LB_no_negative_flags,5,True,True,False,False,True,202,2
P,isopropyl,isopropyl,C4,bis_cf3_phenyl,bis_cf3_phenyl,<LB_P><LB1_isopropyl><LB2_isopropyl><LINKER_C4><LA1_bis_cf3_phenyl><LA2_bis_cf3_phenyl>,CC(C)P(CCCCB(c1cc(C(F)(F)F)cc(C(F)(F)F)c1)c1cc(C(F)(F)F)cc(C(F)(F)F)c1)C(C)C,True,CC(C)P(CCCCB(c1cc(C(F)(F)F)cc(C(F)(F)F)c1)c1cc(C(F)(F)F)cc(C(F)(F)F)c1)C(C)C,CC(C)P(CCCCB(c1cc(C(F)(F)F)cc(C(F)(F)F)c1)c1cc(C(F)(F)F)cc(C(F)(F)F)c1)C(C)C,[],True,1,0.5,True,True,False,False,True,False,True,[],0,40,True,True,True,True,"['LA_B_aryl', 'LA_B_diaryl', 'LA_B_tricoordinate']",['LB_phosphine'],[],[],LA_LB_no_negative_flags,5,True,True,False,False,True,202,2
N,methyl,methyl,C1,phenyl,pentafluorophenyl,<LB_N><LB1_methyl><LB2_methyl><LINKER_C1><LA1_phenyl><LA2_pentafluorophenyl>,CN(C)CB(c1ccccc1)c1c(F)c(F)c(F)c(F)c1F,True,CN(C)CB(c1ccccc1)c1c(F)c(F)c(F)c(F)c1F,CN(C)CB(c1ccccc1)c1c(F)c(F)c(F)c(F)c1F,[],True,1,0.43902439024390244,True,True,False,False,True,False,True,[],0,22,True,True,True,True,"['LA_B_aryl', 'LA_B_diaryl', 'LA_B_polyhalogenated_aryl', 'LA_B_tricoordinate']",['LB_amine'],[],[],LA_LB_no_negative_flags,2,True,True,False,False,True,202,2
P,cyclohexyl,cyclohexyl,C3,mesityl,pentafluorophenyl,<LB_P><LB1_cyclohexyl><LB2_cyclohexyl><LINKER_C3><LA1_mesityl><LA2_pentafluorophenyl>,Cc1cc(C)c(B(CCCP(C2CCCCC2)C2CCCCC2)c2c(F)c(F)c(F)c(F)c2F)c(C)c1,True,Cc1cc(C)c(B(CCCP(C2CCCCC2)C2CCCCC2)c2c(F)c(F)c(F)c(F)c2F)c(C)c1,Cc1cc(C)c(B(CCCP(C2CCCCC2)C2CCCCC2)c2c(F)c(F)c(F)c(F)c2F)c(C)c1,[],True,1,0.5208333333333334,True,True,False,False,True,False,True,[],0,37,True,True,True,True,"['LA_B_aryl', 'LA_B_diaryl', 'LA_B_polyhalogenated_aryl', 'LA_B_tricoordinate']",['LB_phosphine'],[],[],LA_LB_no_negative_flags,4,True,True,False,False,True,202,2
P,phenyl,cyclohexyl,C4,pentafluorophenyl,pentachlorophenyl,<LB_P><LB1_phenyl><LB2_cyclohexyl><LINKER_C4><LA1_pentafluorophenyl><LA2_pentachlorophenyl>,Fc1c(F)c(F)c(B(CCCCP(c2ccccc2)C2CCCCC2)c2c(Cl)c(Cl)c(Cl)c(Cl)c2Cl)c(F)c1F,True,Fc1c(F)c(F)c(B(CCCCP(c2ccccc2)C2CCCCC2)c2c(Cl)c(Cl)c(Cl)c(Cl)c2Cl)c(F)c1F,Fc1c(F)c(F)c(B(CCCCP(c2ccccc2)C2CCCCC2)c2c(Cl)c(Cl)c(Cl)c(Cl)c2Cl)c(F)c1F,[],True,1,0.5531914893617021,True,True,False,False,True,False,True,[],0,40,True,True,True,True,"['LA_B_aryl', 'LA_B_diaryl', 'LA_B_polyhalogenated_aryl', 'LA_B_tricoordinate']",['LB_phosphine'],[],[],LA_LB_no_negative_flags,5,True,True,False,False,True,202,1
N,methyl,phenyl,C5,mesityl,pentachlorophenyl,<LB_N><LB1_methyl><LB2_phenyl><LINKER_C5><LA1_mesityl><LA2_pentachlorophenyl>,Cc1cc(C)c(B(CCCCCN(C)c2ccccc2)c2c(Cl)c(Cl)c(Cl)c(Cl)c2Cl)c(C)c1,True,Cc1cc(C)c(B(CCCCCN(C)c2ccccc2)c2c(Cl)c(Cl)c(Cl)c(Cl)c2Cl)c(C)c1,Cc1cc(C)c(B(CCCCCN(C)c2ccccc2)c2c(Cl)c(Cl)c(Cl)c(Cl)c2Cl)c(C)c1,[],True,1,0.42857142857142855,True,True,False,False,True,False,True,[],0,34,True,True,True,True,"['LA_B_aryl', 'LA_B_diaryl', 'LA_B_polyhalogenated_aryl', 'LA_B_tricoordinate']",['LB_amine'],[],[],LA_LB_no_negative_flags,6,True,True,False,False,True,202,1
P,tert_butyl,tert_butyl,C4,phenyl,pentachlorophenyl,<LB_P><LB1_tert_butyl><LB2_tert_butyl><LINKER_C4><LA1_phenyl><LA2_pentachlorophenyl>,CC(C)(C)P(CCCCB(c1ccccc1)c1c(Cl)c(Cl)c(Cl)c(Cl)c1Cl)C(C)(C)C,True,CC(C)(C)P(CCCCB(c1ccccc1)c1c(Cl)c(Cl)c(Cl)c(Cl)c1Cl)C(C)(C)C,CC(C)(C)P(CCCCB(c1ccccc1)c1c(Cl)c(Cl)c(Cl)c(Cl)c1Cl)C(C)(C)C,[],True,1,0.47368421052631576,True,True,False,False,True,False,True,[],0,31,True,True,True,True,"['LA_B_aryl', 'LA_B_diaryl', 'LA_B_polyhalogenated_aryl', 'LA_B_tricoordinate']",['LB_phosphine'],[],[],LA_LB_no_negative_flags,5,True,True,False,False,True,202,2
N,phenyl,phenyl,C6,mesityl,pentachlorophenyl,<LB_N><LB1_phenyl><LB2_phenyl><LINKER_C6><LA1_mesityl><LA2_pentachlorophenyl>,Cc1cc(C)c(B(CCCCCCN(c2ccccc2)c2ccccc2)c2c(Cl)c(Cl)c(Cl)c(Cl)c2Cl)c(C)c1,True,Cc1cc(C)c(B(CCCCCCN(c2ccccc2)c2ccccc2)c2c(Cl)c(Cl)c(Cl)c(Cl)c2Cl)c(C)c1,Cc1cc(C)c(B(CCCCCCN(c2ccccc2)c2ccccc2)c2c(Cl)c(Cl)c(Cl)c(Cl)c2Cl)c(C)c1,[],True,1,0.4375,True,True,False,False,True,False,True,[],0,40,True,True,True,True,"['LA_B_aryl', 'LA_B_diaryl', 'LA_B_polyhalogenated_aryl', 'LA_B_tricoordinate']",['LB_amine'],[],[],LA_LB_no_negative_flags,7,True,True,False,False,True,202,1
P,tert_butyl,tert_butyl,C2,phenyl,pentafluorophenyl,<LB_P><LB1_tert_butyl><LB2_tert_butyl><LINKER_C2><LA1_phenyl><LA2_pentafluorophenyl>,CC(C)(C)P(CCB(c1ccccc1)c1c(F)c(F)c(F)c(F)c1F)C(C)(C)C,True,CC(C)(C)P(CCB(c1ccccc1)c1c(F)c(F)c(F)c(F)c1F)C(C)(C)C,CC(C)(C)P(CCB(c1ccccc1)c1c(F)c(F)c(F)c(F)c1F)C(C)(C)C,[],True,1,0.5128205128205128,True,True,False,False,True,False,True,[],0,29,True,True,True,True,"['LA_B_aryl', 'LA_B_diaryl', 'LA_B_polyhalogenated_aryl', 'LA_B_tricoordinate']",['LB_phosphine'],[],[],LA_LB_no_negative_flags,3,True,True,False,False,True,202,2
P,tert_butyl,tert_butyl,C6,p_tolyl,pentachlorophenyl,<LB_P><LB1_tert_butyl><LB2_tert_butyl><LINKER_C6><LA1_p_tolyl><LA2_pentachlorophenyl>,Cc1ccc(B(CCCCCCP(C(C)(C)C)C(C)(C)C)c2c(Cl)c(Cl)c(Cl)c(Cl)c2Cl)cc1,True,Cc1ccc(B(CCCCCCP(C(C)(C)C)C(C)(C)C)c2c(Cl)c(Cl)c(Cl)c(Cl)c2Cl)cc1,Cc1ccc(B(CCCCCCP(C(C)(C)C)C(C)(C)C)c2c(Cl)c(Cl)c(Cl)c(Cl)c2Cl)cc1,[],True,1,0.43902439024390244,True,True,False,False,True,False,True,[],0,34,True,True,True,True,"['LA_B_aryl', 'LA_B_diaryl', 'LA_B_polyhalogenated_aryl', 'LA_B_tricoordinate']",['LB_phosphine'],[],[],LA_LB_no_negative_flags,7,True,True,False,False,True,202,1
P,phenyl,phenyl,C5,mesityl,bis_cf3_phenyl,<LB_P><LB1_phenyl><LB2_phenyl><LINKER_C5><LA1_mesityl><LA2_bis_cf3_phenyl>,Cc1cc(C)c(B(CCCCCP(c2ccccc2)c2ccccc2)c2cc(C(F)(F)F)cc(C(F)(F)F)c2)c(C)c1,True,Cc1cc(C)c(B(CCCCCP(c2ccccc2)c2ccccc2)c2cc(C(F)(F)F)cc(C(F)(F)F)c2)c(C)c1,Cc1cc(C)c(B(CCCCCP(c2ccccc2)c2ccccc2)c2cc(C(F)(F)F)cc(C(F)(F)F)c2)c(C)c1,[],True,1,0.47058823529411764,True,True,False,False,True,False,True,[],0,42,True,True,True,True,"['LA_B_aryl', 'LA_B_diaryl', 'LA_B_tricoordinate']",['LB_phosphine'],[],[],LA_LB_no_negative_flags,6,True,True,False,False,True,202,2
P,mesityl,isopropyl,C3,mesityl,pentachlorophenyl,<LB_P><LB1_mesityl><LB2_isopropyl><LINKER_C3><LA1_mesityl><LA2_pentachlorophenyl>,Cc1cc(C)c(B(CCCP(c2c(C)cc(C)cc2C)C(C)C)c2c(Cl)c(Cl)c(Cl)c(Cl)c2Cl)c(C)c1,True,Cc1cc(C)c(B(CCCP(c2c(C)cc(C)cc2C)C(C)C)c2c(Cl)c(Cl)c(Cl)c(Cl)c2Cl)c(C)c1,Cc1cc(C)c(B(CCCP(c2c(C)cc(C)cc2C)C(C)C)c2c(Cl)c(Cl)c(Cl)c(Cl)c2Cl)c(C)c1,[],True,1,0.5813953488372093,True,True,False,False,True,False,True,[],0,37,True,True,True,True,"['LA_B_aryl', 'LA_B_diaryl', 'LA_B_polyhalogenated_aryl', 'LA_B_tricoordinate']",['LB_phosphine'],[],[],LA_LB_no_negative_flags,4,True,True,False,False,True,202,1
P,cyclohexyl,cyclohexyl,C3,phenyl,phenyl,<LB_P><LB1_cyclohexyl><LB2_cyclohexyl><LINKER_C3><LA1_phenyl><LA2_phenyl>,c1ccc(B(CCCP(C2CCCCC2)C2CCCCC2)c2ccccc2)cc1,True,c1ccc(B(CCCP(C2CCCCC2)C2CCCCC2)c2ccccc2)cc1,c1ccc(B(CCCP(C2CCCCC2)C2CCCCC2)c2ccccc2)cc1,[],True,1,0.4186046511627907,True,True,False,False,True,False,True,[],0,29,True,True,True,True,"['LA_B_aryl', 'LA_B_diaryl', 'LA_B_tricoordinate']",['LB_phosphine'],[],[],LA_LB_no_negative_flags,4,True,True,False,False,True,202,2
N,isopropyl,isopropyl,C4,phenyl,bis_cf3_phenyl,<LB_N><LB1_isopropyl><LB2_isopropyl><LINKER_C4><LA1_phenyl><LA2_bis_cf3_phenyl>,CC(C)N(CCCCB(c1ccccc1)c1cc(C(F)(F)F)cc(C(F)(F)F)c1)C(C)C,True,CC(C)N(CCCCB(c1ccccc1)c1cc(C(F)(F)F)cc(C(F)(F)F)c1)C(C)C,CC(C)N(CCCCB(c1ccccc1)c1cc(C(F)(F)F)cc(C(F)(F)F)c1)C(C)C,[],True,1,0.40425531914893614,True,True,False,False,True,False,True,[],0,32,True,True,True,True,"['LA_B_aryl', 'LA_B_diaryl', 'LA_B_tricoordinate']",['LB_amine'],[],[],LA_LB_no_negative_flags,5,True,True,False,False,True,202,1
P,mesityl,isopropyl,C1,phenyl,pentachlorophenyl,<LB_P><LB1_mesityl><LB2_isopropyl><LINKER_C1><LA1_phenyl><LA2_pentachlorophenyl>,Cc1cc(C)c(P(CB(c2ccccc2)c2c(Cl)c(Cl)c(Cl)c(Cl)c2Cl)C(C)C)c(C)c1,True,Cc1cc(C)c(P(CB(c2ccccc2)c2c(Cl)c(Cl)c(Cl)c(Cl)c2Cl)C(C)C)c(C)c1,Cc1cc(C)c(P(CB(c2ccccc2)c2c(Cl)c(Cl)c(Cl)c(Cl)c2Cl)C(C)C)c(C)c1,[],True,1,0.5106382978723404,True,True,False,False,True,False,True,[],0,32,True,True,True,True,"['LA_B_aryl', 'LA_B_diaryl', 'LA_B_polyhalogenated_aryl', 'LA_B_tricoordinate']",['LB_phosphine'],[],[],LA_LB_no_negative_flags,2,True,True,False,False,True,202,1
P,cyclohexyl,isopropyl,C4,bis_cf3_phenyl,bis_cf3_phenyl,<LB_P><LB1_cyclohexyl><LB2_isopropyl><LINKER_C4><LA1_bis_cf3_phenyl><LA2_bis_cf3_phenyl>,CC(C)P(CCCCB(c1cc(C(F)(F)F)cc(C(F)(F)F)c1)c1cc(C(F)(F)F)cc(C(F)(F)F)c1)C1CCCCC1,True,CC(C)P(CCCCB(c1cc(C(F)(F)F)cc(C(F)(F)F)c1)c1cc(C(F)(F)F)cc(C(F)(F)F)c1)C1CCCCC1,CC(C)P(CCCCB(c1cc(C(F)(F)F)cc(C(F)(F)F)c1)c1cc(C(F)(F)F)cc(C(F)(F)F)c1)C1CCCCC1,[],True,1,0.40816326530612246,True,True,False,False,True,False,True,[],0,43,True,True,True,True,"['LA_B_aryl', 'LA_B_diaryl', 'LA_B_tricoordinate']",['LB_phosphine'],[],[],LA_LB_no_negative_flags,5,True,True,False,False,True,202,2
P,phenyl,phenyl,C5,phenyl,pentafluorophenyl,<LB_P><LB1_phenyl><LB2_phenyl><LINKER_C5><LA1_phenyl><LA2_pentafluorophenyl>,Fc1c(F)c(F)c(B(CCCCCP(c2ccccc2)c2ccccc2)c2ccccc2)c(F)c1F,True,Fc1c(F)c(F)c(B(CCCCCP(c2ccccc2)c2ccccc2)c2ccccc2)c(F)c1F,Fc1c(F)c(F)c(B(CCCCCP(c2ccccc2)c2ccccc2)c2ccccc2)c(F)c1F,[],True,1,0.8285714285714286,True,True,False,False,True,False,True,[],0,36,True,True,True,True,"['LA_B_aryl', 'LA_B_diaryl', 'LA_B_polyhalogenated_aryl', 'LA_B_tricoordinate']",['LB_phosphine'],[],[],LA_LB_no_negative_flags,6,True,True,False,False,True,202,1
N,isopropyl,cyclohexyl,C1,pentachlorophenyl,pentachlorophenyl,<LB_N><LB1_isopropyl><LB2_cyclohexyl><LINKER_C1><LA1_pentachlorophenyl><LA2_pentachlorophenyl>,CC(C)N(CB(c1c(Cl)c(Cl)c(Cl)c(Cl)c1Cl)c1c(Cl)c(Cl)c(Cl)c(Cl)c1Cl)C1CCCCC1,True,CC(C)N(CB(c1c(Cl)c(Cl)c(Cl)c(Cl)c1Cl)c1c(Cl)c(Cl)c(Cl)c(Cl)c1Cl)C1CCCCC1,CC(C)N(CB(c1c(Cl)c(Cl)c(Cl)c(Cl)c1Cl)c1c(Cl)c(Cl)c(Cl)c(Cl)c1Cl)C1CCCCC1,[],True,1,0.4318181818181818,True,True,False,False,True,False,True,[],0,34,True,True,True,True,"['LA_B_aryl', 'LA_B_diaryl', 'LA_B_polyhalogenated_aryl', 'LA_B_tricoordinate']",['LB_amine'],[],[],LA_LB_no_negative_flags,2,True,True,False,False,True,202,1
N,methyl,phenyl,C1,phenyl,pentafluorophenyl,<LB_N><LB1_methyl><LB2_phenyl><LINKER_C1><LA1_phenyl><LA2_pentafluorophenyl>,CN(CB(c1ccccc1)c1c(F)c(F)c(F)c(F)c1F)c1ccccc1,True,CN(CB(c1ccccc1)c1c(F)c(F)c(F)c(F)c1F)c1ccccc1,CN(CB(c1ccccc1)c1c(F)c(F)c(F)c(F)c1F)c1ccccc1,[],True,1,0.4090909090909091,True,True,False,False,True,False,True,[],0,27,True,True,True,True,"['LA_B_aryl', 'LA_B_diaryl', 'LA_B_polyhalogenated_aryl', 'LA_B_tricoordinate']",['LB_amine'],[],[],LA_LB_no_negative_flags,2,True,True,False,False,True,202,1
P,phenyl,phenyl,C3,phenyl,phenyl,<LB_P><LB1_phenyl><LB2_phenyl><LINKER_C3><LA1_phenyl><LA2_phenyl>,c1ccc(B(CCCP(c2ccccc2)c2ccccc2)c2ccccc2)cc1,True,c1ccc(B(CCCP(c2ccccc2)c2ccccc2)c2ccccc2)cc1,c1ccc(B(CCCP(c2ccccc2)c2ccccc2)c2ccccc2)cc1,[],True,1,0.5714285714285714,True,True,False,False,True,False,True,[],0,29,True,True,True,True,"['LA_B_aryl', 'LA_B_diaryl', 'LA_B_tricoordinate']",['LB_phosphine'],[],[],LA_LB_no_negative_flags,4,True,True,False,False,True,202,1
P,mesityl,tert_butyl,C6,pentachlorophenyl,bis_cf3_phenyl,<LB_P><LB1_mesityl><LB2_tert_butyl><LINKER_C6><LA1_pentachlorophenyl><LA2_bis_cf3_phenyl>,Cc1cc(C)c(P(CCCCCCB(c2cc(C(F)(F)F)cc(C(F)(F)F)c2)c2c(Cl)c(Cl)c(Cl)c(Cl)c2Cl)C(C)(C)C)c(C)c1,True,Cc1cc(C)c(P(CCCCCCB(c2cc(C(F)(F)F)cc(C(F)(F)F)c2)c2c(Cl)c(Cl)c(Cl)c(Cl)c2Cl)C(C)(C)C)c(C)c1,Cc1cc(C)c(P(CCCCCCB(c2cc(C(F)(F)F)cc(C(F)(F)F)c2)c2c(Cl)c(Cl)c(Cl)c(Cl)c2Cl)C(C)(C)C)c(C)c1,[],True,1,0.4528301886792453,True,True,False,False,True,False,True,[],0,46,True,True,True,True,"['LA_B_aryl', 'LA_B_diaryl', 'LA_B_polyhalogenated_aryl', 'LA_B_tricoordinate']",['LB_phosphine'],[],[],LA_LB_no_negative_flags,7,True,True,False,False,True,202,1
P,mesityl,isopropyl,C6,phenyl,pentachlorophenyl,<LB_P><LB1_mesityl><LB2_isopropyl><LINKER_C6><LA1_phenyl><LA2_pentachlorophenyl>,Cc1cc(C)c(P(CCCCCCB(c2ccccc2)c2c(Cl)c(Cl)c(Cl)c(Cl)c2Cl)C(C)C)c(C)c1,True,Cc1cc(C)c(P(CCCCCCB(c2ccccc2)c2c(Cl)c(Cl)c(Cl)c(Cl)c2Cl)C(C)C)c(C)c1,Cc1cc(C)c(P(CCCCCCB(c2ccccc2)c2c(Cl)c(Cl)c(Cl)c(Cl)c2Cl)C(C)C)c(C)c1,[],True,1,0.4897959183673469,True,True,False,False,True,False,True,[],0,37,True,True,True,True,"['LA_B_aryl', 'LA_B_diaryl', 'LA_B_polyhalogenated_aryl', 'LA_B_tricoordinate']",['LB_phosphine'],[],[],LA_LB_no_negative_flags,7,True,True,False,False,True,202,2
N,ethyl,phenyl,C2,phenyl,pentafluorophenyl,<LB_N><LB1_ethyl><LB2_phenyl><LINKER_C2><LA1_phenyl><LA2_pentafluorophenyl>,CCN(CCB(c1ccccc1)c1c(F)c(F)c(F)c(F)c1F)c1ccccc1,True,CCN(CCB(c1ccccc1)c1c(F)c(F)c(F)c(F)c1F)c1ccccc1,CCN(CCB(c1ccccc1)c1c(F)c(F)c(F)c(F)c1F)c1ccccc1,[],True,1,0.43478260869565216,True,True,False,False,True,False,True,[],0,29,True,True,True,True,"['LA_B_aryl', 'LA_B_diaryl', 'LA_B_polyhalogenated_aryl', 'LA_B_tricoordinate']",['LB_amine'],[],[],LA_LB_no_negative_flags,3,True,True,False,False,True,202,2
N,isopropyl,phenyl,C3,mesityl,pentachlorophenyl,<LB_N><LB1_isopropyl><LB2_phenyl><LINKER_C3><LA1_mesityl><LA2_pentachlorophenyl>,Cc1cc(C)c(B(CCCN(c2ccccc2)C(C)C)c2c(Cl)c(Cl)c(Cl)c(Cl)c2Cl)c(C)c1,True,Cc1cc(C)c(B(CCCN(c2ccccc2)C(C)C)c2c(Cl)c(Cl)c(Cl)c(Cl)c2Cl)c(C)c1,Cc1cc(C)c(B(CCCN(c2ccccc2)C(C)C)c2c(Cl)c(Cl)c(Cl)c(Cl)c2Cl)c(C)c1,[],True,1,0.42,True,True,False,False,True,False,True,[],0,34,True,True,True,True,"['LA_B_aryl', 'LA_B_diaryl', 'LA_B_polyhalogenated_aryl', 'LA_B_tricoordinate']",['LB_amine'],[],[],LA_LB_no_negative_flags,4,True,True,False,False,True,202,1
P,mesityl,tert_butyl,C6,pentachlorophenyl,pentachlorophenyl,<LB_P><LB1_mesityl><LB2_tert_butyl><LINKER_C6><LA1_pentachlorophenyl><LA2_pentachlorophenyl>,Cc1cc(C)c(P(CCCCCCB(c2c(Cl)c(Cl)c(Cl)c(Cl)c2Cl)c2c(Cl)c(Cl)c(Cl)c(Cl)c2Cl)C(C)(C)C)c(C)c1,True,Cc1cc(C)c(P(CCCCCCB(c2c(Cl)c(Cl)c(Cl)c(Cl)c2Cl)c2c(Cl)c(Cl)c(Cl)c(Cl)c2Cl)C(C)(C)C)c(C)c1,Cc1cc(C)c(P(CCCCCCB(c2c(Cl)c(Cl)c(Cl)c(Cl)c2Cl)c2c(Cl)c(Cl)c(Cl)c(Cl)c2Cl)C(C)(C)C)c(C)c1,[],True,1,0.5813953488372093,True,True,False,False,True,False,True,[],0,43,True,True,True,True,"['LA_B_aryl', 'LA_B_diaryl', 'LA_B_polyhalogenated_aryl', 'LA_B_tricoordinate']",['LB_phosphine'],[],[],LA_LB_no_negative_flags,7,True,True,False,False,True,202,1
N,ethyl,phenyl,C5,phenyl,pentafluorophenyl,<LB_N><LB1_ethyl><LB2_phenyl><LINKER_C5><LA1_phenyl><LA2_pentafluorophenyl>,CCN(CCCCCB(c1ccccc1)c1c(F)c(F)c(F)c(F)c1F)c1ccccc1,True,CCN(CCCCCB(c1ccccc1)c1c(F)c(F)c(F)c(F)c1F)c1ccccc1,CCN(CCCCCB(c1ccccc1)c1c(F)c(F)c(F)c(F)c1F)c1ccccc1,[],True,1,0.4166666666666667,True,True,False,False,True,False,True,[],0,32,True,True,True,True,"['LA_B_aryl', 'LA_B_diaryl', 'LA_B_polyhalogenated_aryl', 'LA_B_tricoordinate']",['LB_amine'],[],[],LA_LB_no_negative_flags,6,True,True,False,False,True,202,1
N,methyl,methyl,C4,mesityl,mesityl,<LB_N><LB1_methyl><LB2_methyl><LINKER_C4><LA1_mesityl><LA2_mesityl>,Cc1cc(C)c(B(CCCCN(C)C)c2c(C)cc(C)cc2C)c(C)c1,True,Cc1cc(C)c(B(CCCCN(C)C)c2c(C)cc(C)cc2C)c(C)c1,Cc1cc(C)c(B(CCCCN(C)C)c2c(C)cc(C)cc2C)c(C)c1,[],True,1,0.42857142857142855,True,True,False,False,True,False,True,[],0,26,True,True,True,True,"['LA_B_aryl', 'LA_B_diaryl', 'LA_B_tricoordinate']",['LB_amine'],[],[],LA_LB_no_negative_flags,5,True,True,False,False,True,202,1
N,isopropyl,isopropyl,C1,pentafluorophenyl,bis_cf3_phenyl,<LB_N><LB1_isopropyl><LB2_isopropyl><LINKER_C1><LA1_pentafluorophenyl><LA2_bis_cf3_phenyl>,CC(C)N(CB(c1cc(C(F)(F)F)cc(C(F)(F)F)c1)c1c(F)c(F)c(F)c(F)c1F)C(C)C,True,CC(C)N(CB(c1cc(C(F)(F)F)cc(C(F)(F)F)c1)c1c(F)c(F)c(F)c(F)c1F)C(C)C,CC(C)N(CB(c1cc(C(F)(F)F)cc(C(F)(F)F)c1)c1c(F)c(F)c(F)c(F)c1F)C(C)C,[],True,1,0.4523809523809524,True,True,False,False,True,False,True,[],0,34,True,True,True,True,"['LA_B_aryl', 'LA_B_diaryl', 'LA_B_polyhalogenated_aryl', 'LA_B_tricoordinate']",['LB_amine'],[],[],LA_LB_no_negative_flags,2,True,True,False,False,True,202,1
P,mesityl,mesityl,C4,p_tolyl,pentachlorophenyl,<LB_P><LB1_mesityl><LB2_mesityl><LINKER_C4><LA1_p_tolyl><LA2_pentachlorophenyl>,Cc1ccc(B(CCCCP(c2c(C)cc(C)cc2C)c2c(C)cc(C)cc2C)c2c(Cl)c(Cl)c(Cl)c(Cl)c2Cl)cc1,True,Cc1ccc(B(CCCCP(c2c(C)cc(C)cc2C)c2c(C)cc(C)cc2C)c2c(Cl)c(Cl)c(Cl)c(Cl)c2Cl)cc1,Cc1ccc(B(CCCCP(c2c(C)cc(C)cc2C)c2c(C)cc(C)cc2C)c2c(Cl)c(Cl)c(Cl)c(Cl)c2Cl)cc1,[],True,1,0.5777777777777777,True,True,False,False,True,False,True,[],0,42,True,True,True,True,"['LA_B_aryl', 'LA_B_diaryl', 'LA_B_polyhalogenated_aryl', 'LA_B_tricoordinate']",['LB_phosphine'],[],[],LA_LB_no_negative_flags,5,True,True,False,False,True,202,1
N,ethyl,ethyl,C6,phenyl,pentachlorophenyl,<LB_N><LB1_ethyl><LB2_ethyl><LINKER_C6><LA1_phenyl><LA2_pentachlorophenyl>,CCN(CC)CCCCCCB(c1ccccc1)c1c(Cl)c(Cl)c(Cl)c(Cl)c1Cl,True,CCN(CC)CCCCCCB(c1ccccc1)c1c(Cl)c(Cl)c(Cl)c(Cl)c1Cl,CCN(CC)CCCCCCB(c1ccccc1)c1c(Cl)c(Cl)c(Cl)c(Cl)c1Cl,[],True,1,0.4222222222222222,True,True,False,False,True,False,True,[],0,29,True,True,True,True,"['LA_B_aryl', 'LA_B_diaryl', 'LA_B_polyhalogenated_aryl', 'LA_B_tricoordinate']",['LB_amine'],[],[],LA_LB_no_negative_flags,7,True,True,False,False,True,202,1
P,phenyl,cyclohexyl,C5,pentafluorophenyl,pentafluorophenyl,<LB_P><LB1_phenyl><LB2_cyclohexyl><LINKER_C5><LA1_pentafluorophenyl><LA2_pentafluorophenyl>,Fc1c(F)c(F)c(B(CCCCCP(c2ccccc2)C2CCCCC2)c2c(F)c(F)c(F)c(F)c2F)c(F)c1F,True,Fc1c(F)c(F)c(B(CCCCCP(c2ccccc2)C2CCCCC2)c2c(F)c(F)c(F)c(F)c2F)c(F)c1F,Fc1c(F)c(F)c(B(CCCCCP(c2ccccc2)C2CCCCC2)c2c(F)c(F)c(F)c(F)c2F)c(F)c1F,[],True,1,0.6046511627906976,True,True,False,False,True,False,True,[],0,41,True,True,True,True,"['LA_B_aryl', 'LA_B_diaryl', 'LA_B_polyhalogenated_aryl', 'LA_B_tricoordinate']",['LB_phosphine'],[],[],LA_LB_no_negative_flags,6,True,True,False,False,True,202,1
P,mesityl,cyclohexyl,C4,p_tolyl,pentafluorophenyl,<LB_P><LB1_mesityl><LB2_cyclohexyl><LINKER_C4><LA1_p_tolyl><LA2_pentafluorophenyl>,Cc1ccc(B(CCCCP(c2c(C)cc(C)cc2C)C2CCCCC2)c2c(F)c(F)c(F)c(F)c2F)cc1,True,Cc1ccc(B(CCCCP(c2c(C)cc(C)cc2C)C2CCCCC2)c2c(F)c(F)c(F)c(F)c2F)cc1,Cc1ccc(B(CCCCP(c2c(C)cc(C)cc2C)C2CCCCC2)c2c(F)c(F)c(F)c(F)c2F)cc1,[],True,1,0.5384615384615384,True,True,False,False,True,False,True,[],0,39,True,True,True,True,"['LA_B_aryl', 'LA_B_diaryl', 'LA_B_polyhalogenated_aryl', 'LA_B_tricoordinate']",['LB_phosphine'],[],[],LA_LB_no_negative_flags,5,True,True,False,False,True,202,1
N,ethyl,phenyl,C2,pentafluorophenyl,pentafluorophenyl,<LB_N><LB1_ethyl><LB2_phenyl><LINKER_C2><LA1_pentafluorophenyl><LA2_pentafluorophenyl>,CCN(CCB(c1c(F)c(F)c(F)c(F)c1F)c1c(F)c(F)c(F)c(F)c1F)c1ccccc1,True,CCN(CCB(c1c(F)c(F)c(F)c(F)c1F)c1c(F)c(F)c(F)c(F)c1F)c1ccccc1,CCN(CCB(c1c(F)c(F)c(F)c(F)c1F)c1c(F)c(F)c(F)c(F)c1F)c1ccccc1,[],True,1,0.46511627906976744,True,True,False,False,True,False,True,[],0,34,True,True,True,True,"['LA_B_aryl', 'LA_B_diaryl', 'LA_B_polyhalogenated_aryl', 'LA_B_tricoordinate']",['LB_amine'],[],[],LA_LB_no_negative_flags,3,True,True,False,False,True,202,1
P,mesityl,isopropyl,C4,mesityl,pentachlorophenyl,<LB_P><LB1_mesityl><LB2_isopropyl><LINKER_C4><LA1_mesityl><LA2_pentachlorophenyl>,Cc1cc(C)c(B(CCCCP(c2c(C)cc(C)cc2C)C(C)C)c2c(Cl)c(Cl)c(Cl)c(Cl)c2Cl)c(C)c1,True,Cc1cc(C)c(B(CCCCP(c2c(C)cc(C)cc2C)C(C)C)c2c(Cl)c(Cl)c(Cl)c(Cl)c2Cl)c(C)c1,Cc1cc(C)c(B(CCCCP(c2c(C)cc(C)cc2C)C(C)C)c2c(Cl)c(Cl)c(Cl)c(Cl)c2Cl)c(C)c1,[],True,1,0.5681818181818182,True,True,False,False,True,False,True,[],0,38,True,True,True,True,"['LA_B_aryl', 'LA_B_diaryl', 'LA_B_polyhalogenated_aryl', 'LA_B_tricoordinate']",['LB_phosphine'],[],[],LA_LB_no_negative_flags,5,True,True,False,False,True,202,1
P,mesityl,mesityl,C1,phenyl,p_tolyl,<LB_P><LB1_mesityl><LB2_mesityl><LINKER_C1><LA1_phenyl><LA2_p_tolyl>,Cc1ccc(B(CP(c2c(C)cc(C)cc2C)c2c(C)cc(C)cc2C)c2ccccc2)cc1,True,Cc1ccc(B(CP(c2c(C)cc(C)cc2C)c2c(C)cc(C)cc2C)c2ccccc2)cc1,Cc1ccc(B(CP(c2c(C)cc(C)cc2C)c2c(C)cc(C)cc2C)c2ccccc2)cc1,[],True,1,0.4222222222222222,True,True,False,False,True,False,True,[],0,34,True,True,True,True,"['LA_B_aryl', 'LA_B_diaryl', 'LA_B_tricoordinate']",['LB_phosphine'],[],[],LA_LB_no_negative_flags,2,True,True,False,False,True,202,1
P,phenyl,mesityl,C6,p_tolyl,p_tolyl,<LB_P><LB1_phenyl><LB2_mesityl><LINKER_C6><LA1_p_tolyl><LA2_p_tolyl>,Cc1ccc(B(CCCCCCP(c2ccccc2)c2c(C)cc(C)cc2C)c2ccc(C)cc2)cc1,True,Cc1ccc(B(CCCCCCP(c2ccccc2)c2c(C)cc(C)cc2C)c2ccc(C)cc2)cc1,Cc1ccc(B(CCCCCCP(c2ccccc2)c2c(C)cc(C)cc2C)c2ccc(C)cc2)cc1,[],True,1,0.5106382978723404,True,True,False,False,True,False,True,[],0,37,True,True,True,True,"['LA_B_aryl', 'LA_B_diaryl', 'LA_B_tricoordinate']",['LB_phosphine'],[],[],LA_LB_no_negative_flags,7,True,True,False,False,True,202,2
N,isopropyl,isopropyl,C4,mesityl,pentachlorophenyl,<LB_N><LB1_isopropyl><LB2_isopropyl><LINKER_C4><LA1_mesityl><LA2_pentachlorophenyl>,Cc1cc(C)c(B(CCCCN(C(C)C)C(C)C)c2c(Cl)c(Cl)c(Cl)c(Cl)c2Cl)c(C)c1,True,Cc1cc(C)c(B(CCCCN(C(C)C)C(C)C)c2c(Cl)c(Cl)c(Cl)c(Cl)c2Cl)c(C)c1,Cc1cc(C)c(B(CCCCN(C(C)C)C(C)C)c2c(Cl)c(Cl)c(Cl)c(Cl)c2Cl)c(C)c1,[],True,1,0.4666666666666667,True,True,False,False,True,False,True,[],0,32,True,True,True,True,"['LA_B_aryl', 'LA_B_diaryl', 'LA_B_polyhalogenated_aryl', 'LA_B_tricoordinate']",['LB_amine'],[],[],LA_LB_no_negative_flags,5,True,True,False,False,True,202,1
P,phenyl,phenyl,C6,p_tolyl,bis_cf3_phenyl,<LB_P><LB1_phenyl><LB2_phenyl><LINKER_C6><LA1_p_tolyl><LA2_bis_cf3_phenyl>,Cc1ccc(B(CCCCCCP(c2ccccc2)c2ccccc2)c2cc(C(F)(F)F)cc(C(F)(F)F)c2)cc1,True,Cc1ccc(B(CCCCCCP(c2ccccc2)c2ccccc2)c2cc(C(F)(F)F)cc(C(F)(F)F)c2)cc1,Cc1ccc(B(CCCCCCP(c2ccccc2)c2ccccc2)c2cc(C(F)(F)F)cc(C(F)(F)F)c2)cc1,[],True,1,0.46,True,True,False,False,True,False,True,[],0,41,True,True,True,True,"['LA_B_aryl', 'LA_B_diaryl', 'LA_B_tricoordinate']",['LB_phosphine'],[],[],LA_LB_no_negative_flags,7,True,True,False,False,True,202,2
P,cyclohexyl,cyclohexyl,C3,mesityl,pentachlorophenyl,<LB_P><LB1_cyclohexyl><LB2_cyclohexyl><LINKER_C3><LA1_mesityl><LA2_pentachlorophenyl>,Cc1cc(C)c(B(CCCP(C2CCCCC2)C2CCCCC2)c2c(Cl)c(Cl)c(Cl)c(Cl)c2Cl)c(C)c1,True,Cc1cc(C)c(B(CCCP(C2CCCCC2)C2CCCCC2)c2c(Cl)c(Cl)c(Cl)c(Cl)c2Cl)c(C)c1,Cc1cc(C)c(B(CCCP(C2CCCCC2)C2CCCCC2)c2c(Cl)c(Cl)c(Cl)c(Cl)c2Cl)c(C)c1,[],True,1,0.48936170212765956,True,True,False,False,True,False,True,[],0,37,True,True,True,True,"['LA_B_aryl', 'LA_B_diaryl', 'LA_B_polyhalogenated_aryl', 'LA_B_tricoordinate']",['LB_phosphine'],[],[],LA_LB_no_negative_flags,4,True,True,False,False,True,202,1
P,isopropyl,isopropyl,C2,phenyl,pentachlorophenyl,<LB_P><LB1_isopropyl><LB2_isopropyl><LINKER_C2><LA1_phenyl><LA2_pentachlorophenyl>,CC(C)P(CCB(c1ccccc1)c1c(Cl)c(Cl)c(Cl)c(Cl)c1Cl)C(C)C,True,CC(C)P(CCB(c1ccccc1)c1c(Cl)c(Cl)c(Cl)c(Cl)c1Cl)C(C)C,CC(C)P(CCB(c1ccccc1)c1c(Cl)c(Cl)c(Cl)c(Cl)c1Cl)C(C)C,[],True,1,0.5,True,True,False,False,True,False,True,[],0,27,True,True,True,True,"['LA_B_aryl', 'LA_B_diaryl', 'LA_B_polyhalogenated_aryl', 'LA_B_tricoordinate']",['LB_phosphine'],[],[],LA_LB_no_negative_flags,3,True,True,False,False,True,202,1
P,mesityl,isopropyl,C1,p_tolyl,pentachlorophenyl,<LB_P><LB1_mesityl><LB2_isopropyl><LINKER_C1><LA1_p_tolyl><LA2_pentachlorophenyl>,Cc1ccc(B(CP(c2c(C)cc(C)cc2C)C(C)C)c2c(Cl)c(Cl)c(Cl)c(Cl)c2Cl)cc1,True,Cc1ccc(B(CP(c2c(C)cc(C)cc2C)C(C)C)c2c(Cl)c(Cl)c(Cl)c(Cl)c2Cl)cc1,Cc1ccc(B(CP(c2c(C)cc(C)cc2C)C(C)C)c2c(Cl)c(Cl)c(Cl)c(Cl)c2Cl)cc1,[],True,1,0.5106382978723404,True,True,False,False,True,False,True,[],0,33,True,True,True,True,"['LA_B_aryl', 'LA_B_diaryl', 'LA_B_polyhalogenated_aryl', 'LA_B_tricoordinate']",['LB_phosphine'],[],[],LA_LB_no_negative_flags,2,True,True,False,False,True,202,2
P,tert_butyl,tert_butyl,C5,pentafluorophenyl,bis_cf3_phenyl,<LB_P><LB1_tert_butyl><LB2_tert_butyl><LINKER_C5><LA1_pentafluorophenyl><LA2_bis_cf3_phenyl>,CC(C)(C)P(CCCCCB(c1cc(C(F)(F)F)cc(C(F)(F)F)c1)c1c(F)c(F)c(F)c(F)c1F)C(C)(C)C,True,CC(C)(C)P(CCCCCB(c1cc(C(F)(F)F)cc(C(F)(F)F)c1)c1c(F)c(F)c(F)c(F)c1F)C(C)(C)C,CC(C)(C)P(CCCCCB(c1cc(C(F)(F)F)cc(C(F)(F)F)c1)c1c(F)c(F)c(F)c(F)c1F)C(C)(C)C,[],True,1,0.5348837209302325,True,True,False,False,True,False,True,[],0,40,True,True,True,True,"['LA_B_aryl', 'LA_B_diaryl', 'LA_B_polyhalogenated_aryl', 'LA_B_tricoordinate']",['LB_phosphine'],[],[],LA_LB_no_negative_flags,6,True,True,False,False,True,202,1
N,methyl,ethyl,C4,mesityl,mesityl,<LB_N><LB1_methyl><LB2_ethyl><LINKER_C4><LA1_mesityl><LA2_mesityl>,CCN(C)CCCCB(c1c(C)cc(C)cc1C)c1c(C)cc(C)cc1C,True,CCN(C)CCCCB(c1c(C)cc(C)cc1C)c1c(C)cc(C)cc1C,CCN(C)CCCCB(c1c(C)cc(C)cc1C)c1c(C)cc(C)cc1C,[],True,1,0.4,True,True,False,False,True,False,True,[],0,27,True,True,True,True,"['LA_B_aryl', 'LA_B_diaryl', 'LA_B_tricoordinate']",['LB_amine'],[],[],LA_LB_no_negative_flags,5,True,True,False,False,True,202,1
P,tert_butyl,tert_butyl,C5,p_tolyl,pentafluorophenyl,<LB_P><LB1_tert_butyl><LB2_tert_butyl><LINKER_C5><LA1_p_tolyl><LA2_pentafluorophenyl>,Cc1ccc(B(CCCCCP(C(C)(C)C)C(C)(C)C)c2c(F)c(F)c(F)c(F)c2F)cc1,True,Cc1ccc(B(CCCCCP(C(C)(C)C)C(C)(C)C)c2c(F)c(F)c(F)c(F)c2F)cc1,Cc1ccc(B(CCCCCP(C(C)(C)C)C(C)(C)C)c2c(F)c(F)c(F)c(F)c2F)cc1,[],True,1,0.48936170212765956,True,True,False,False,True,False,True,[],0,33,True,True,True,True,"['LA_B_aryl', 'LA_B_diaryl', 'LA_B_polyhalogenated_aryl', 'LA_B_tricoordinate']",['LB_phosphine'],[],[],LA_LB_no_negative_flags,6,True,True,False,False,True,202,1
N,isopropyl,phenyl,C2,mesityl,pentafluorophenyl,<LB_N><LB1_isopropyl><LB2_phenyl><LINKER_C2><LA1_mesityl><LA2_pentafluorophenyl>,Cc1cc(C)c(B(CCN(c2ccccc2)C(C)C)c2c(F)c(F)c(F)c(F)c2F)c(C)c1,True,Cc1cc(C)c(B(CCN(c2ccccc2)C(C)C)c2c(F)c(F)c(F)c(F)c2F)c(C)c1,Cc1cc(C)c(B(CCN(c2ccccc2)C(C)C)c2c(F)c(F)c(F)c(F)c2F)c(C)c1,[],True,1,0.40384615384615385,True,True,False,False,True,False,True,[],0,33,True,True,True,True,"['LA_B_aryl', 'LA_B_diaryl', 'LA_B_polyhalogenated_aryl', 'LA_B_tricoordinate']",['LB_amine'],[],[],LA_LB_no_negative_flags,3,True,True,False,False,True,202,2
P,phenyl,mesityl,C2,p_tolyl,p_tolyl,<LB_P><LB1_phenyl><LB2_mesityl><LINKER_C2><LA1_p_tolyl><LA2_p_tolyl>,Cc1ccc(B(CCP(c2ccccc2)c2c(C)cc(C)cc2C)c2ccc(C)cc2)cc1,True,Cc1ccc(B(CCP(c2ccccc2)c2c(C)cc(C)cc2C)c2ccc(C)cc2)cc1,Cc1ccc(B(CCP(c2ccccc2)c2c(C)cc(C)cc2C)c2ccc(C)cc2)cc1,[],True,1,0.4222222222222222,True,True,False,False,True,False,True,[],0,33,True,True,True,True,"['LA_B_aryl', 'LA_B_diaryl', 'LA_B_tricoordinate']",['LB_phosphine'],[],[],LA_LB_no_negative_flags,3,True,True,False,False,True,202,1
P,mesityl,tert_butyl,C4,p_tolyl,pentafluorophenyl,<LB_P><LB1_mesityl><LB2_tert_butyl><LINKER_C4><LA1_p_tolyl><LA2_pentafluorophenyl>,Cc1ccc(B(CCCCP(c2c(C)cc(C)cc2C)C(C)(C)C)c2c(F)c(F)c(F)c(F)c2F)cc1,True,Cc1ccc(B(CCCCP(c2c(C)cc(C)cc2C)C(C)(C)C)c2c(F)c(F)c(F)c(F)c2F)cc1,Cc1ccc(B(CCCCP(c2c(C)cc(C)cc2C)C(C)(C)C)c2c(F)c(F)c(F)c(F)c2F)cc1,[],True,1,0.5957446808510638,True,True,False,False,True,False,True,[],0,37,True,True,True,True,"['LA_B_aryl', 'LA_B_diaryl', 'LA_B_polyhalogenated_aryl', 'LA_B_tricoordinate']",['LB_phosphine'],[],[],LA_LB_no_negative_flags,5,True,True,False,False,True,202,2
P,cyclohexyl,cyclohexyl,C4,pentafluorophenyl,pentafluorophenyl,<LB_P><LB1_cyclohexyl><LB2_cyclohexyl><LINKER_C4><LA1_pentafluorophenyl><LA2_pentafluorophenyl>,Fc1c(F)c(F)c(B(CCCCP(C2CCCCC2)C2CCCCC2)c2c(F)c(F)c(F)c(F)c2F)c(F)c1F,True,Fc1c(F)c(F)c(B(CCCCP(C2CCCCC2)C2CCCCC2)c2c(F)c(F)c(F)c(F)c2F)c(F)c1F,Fc1c(F)c(F)c(B(CCCCP(C2CCCCC2)C2CCCCC2)c2c(F)c(F)c(F)c(F)c2F)c(F)c1F,[],True,1,0.4523809523809524,True,True,False,False,True,False,True,[],0,40,True,True,True,True,"['LA_B_aryl', 'LA_B_diaryl', 'LA_B_polyhalogenated_aryl', 'LA_B_tricoordinate']",['LB_phosphine'],[],[],LA_LB_no_negative_flags,5,True,True,False,False,True,202,2
P,mesityl,isopropyl,C5,phenyl,phenyl,<LB_P><LB1_mesityl><LB2_isopropyl><LINKER_C5><LA1_phenyl><LA2_phenyl>,Cc1cc(C)c(P(CCCCCB(c2ccccc2)c2ccccc2)C(C)C)c(C)c1,True,Cc1cc(C)c(P(CCCCCB(c2ccccc2)c2ccccc2)C(C)C)c(C)c1,Cc1cc(C)c(P(CCCCCB(c2ccccc2)c2ccccc2)C(C)C)c(C)c1,[],True,1,0.42857142857142855,True,True,False,False,True,False,True,[],0,31,True,True,True,True,"['LA_B_aryl', 'LA_B_diaryl', 'LA_B_tricoordinate']",['LB_phosphine'],[],[],LA_LB_no_negative_flags,6,True,True,False,False,True,202,1
N,methyl,isopropyl,C3,phenyl,pentafluorophenyl,<LB_N><LB1_methyl><LB2_isopropyl><LINKER_C3><LA1_phenyl><LA2_pentafluorophenyl>,CC(C)N(C)CCCB(c1ccccc1)c1c(F)c(F)c(F)c(F)c1F,True,CC(C)N(C)CCCB(c1ccccc1)c1c(F)c(F)c(F)c(F)c1F,CC(C)N(C)CCCB(c1ccccc1)c1c(F)c(F)c(F)c(F)c1F,[],True,1,0.41304347826086957,True,True,False,False,True,False,True,[],0,26,True,True,True,True,"['LA_B_aryl', 'LA_B_diaryl', 'LA_B_polyhalogenated_aryl', 'LA_B_tricoordinate']",['LB_amine'],[],[],LA_LB_no_negative_flags,4,True,True,False,False,True,202,2
N,methyl,phenyl,C1,phenyl,bis_cf3_phenyl,<LB_N><LB1_methyl><LB2_phenyl><LINKER_C1><LA1_phenyl><LA2_bis_cf3_phenyl>,CN(CB(c1ccccc1)c1cc(C(F)(F)F)cc(C(F)(F)F)c1)c1ccccc1,True,CN(CB(c1ccccc1)c1cc(C(F)(F)F)cc(C(F)(F)F)c1)c1ccccc1,CN(CB(c1ccccc1)c1cc(C(F)(F)F)cc(C(F)(F)F)c1)c1ccccc1,[],True,1,0.4186046511627907,True,True,False,False,True,False,True,[],0,30,True,True,True,True,"['LA_B_aryl', 'LA_B_diaryl', 'LA_B_tricoordinate']",['LB_amine'],[],[],LA_LB_no_negative_flags,2,True,True,False,False,True,202,1
N,methyl,methyl,C1,pentafluorophenyl,pentafluorophenyl,<LB_N><LB1_methyl><LB2_methyl><LINKER_C1><LA1_pentafluorophenyl><LA2_pentafluorophenyl>,CN(C)CB(c1c(F)c(F)c(F)c(F)c1F)c1c(F)c(F)c(F)c(F)c1F,True,CN(C)CB(c1c(F)c(F)c(F)c(F)c1F)c1c(F)c(F)c(F)c(F)c1F,CN(C)CB(c1c(F)c(F)c(F)c(F)c1F)c1c(F)c(F)c(F)c(F)c1F,[],True,1,0.41379310344827586,True,True,False,False,True,False,True,[],0,27,True,True,True,True,"['LA_B_aryl', 'LA_B_diaryl', 'LA_B_polyhalogenated_aryl', 'LA_B_tricoordinate']",['LB_amine'],[],[],LA_LB_no_negative_flags,2,True,True,False,False,True,202,1
P,isopropyl,isopropyl,C6,mesityl,pentafluorophenyl,<LB_P><LB1_isopropyl><LB2_isopropyl><LINKER_C6><LA1_mesityl><LA2_pentafluorophenyl>,Cc1cc(C)c(B(CCCCCCP(C(C)C)C(C)C)c2c(F)c(F)c(F)c(F)c2F)c(C)c1,True,Cc1cc(C)c(B(CCCCCCP(C(C)C)C(C)C)c2c(F)c(F)c(F)c(F)c2F)c(C)c1,Cc1cc(C)c(B(CCCCCCP(C(C)C)C(C)C)c2c(F)c(F)c(F)c(F)c2F)c(C)c1,[],True,1,0.627906976744186,True,True,False,False,True,False,True,[],0,34,True,True,True,True,"['LA_B_aryl', 'LA_B_diaryl', 'LA_B_polyhalogenated_aryl', 'LA_B_tricoordinate']",['LB_phosphine'],[],[],LA_LB_no_negative_flags,7,True,True,False,False,True,202,1
P,phenyl,tert_butyl,C6,mesityl,pentachlorophenyl,<LB_P><LB1_phenyl><LB2_tert_butyl><LINKER_C6><LA1_mesityl><LA2_pentachlorophenyl>,Cc1cc(C)c(B(CCCCCCP(c2ccccc2)C(C)(C)C)c2c(Cl)c(Cl)c(Cl)c(Cl)c2Cl)c(C)c1,True,Cc1cc(C)c(B(CCCCCCP(c2ccccc2)C(C)(C)C)c2c(Cl)c(Cl)c(Cl)c(Cl)c2Cl)c(C)c1,Cc1cc(C)c(B(CCCCCCP(c2ccccc2)C(C)(C)C)c2c(Cl)c(Cl)c(Cl)c(Cl)c2Cl)c(C)c1,[],True,1,0.46,True,True,False,False,True,False,True,[],0,38,True,True,True,True,"['LA_B_aryl', 'LA_B_diaryl', 'LA_B_polyhalogenated_aryl', 'LA_B_tricoordinate']",['LB_phosphine'],[],[],LA_LB_no_negative_flags,7,True,True,False,False,True,202,2
P,phenyl,phenyl,C2,phenyl,phenyl,<LB_P><LB1_phenyl><LB2_phenyl><LINKER_C2><LA1_phenyl><LA2_phenyl>,c1ccc(B(CCP(c2ccccc2)c2ccccc2)c2ccccc2)cc1,True,c1ccc(B(CCP(c2ccccc2)c2ccccc2)c2ccccc2)cc1,c1ccc(B(CCP(c2ccccc2)c2ccccc2)c2ccccc2)cc1,[],True,1,0.4722222222222222,True,True,False,False,True,False,True,[],0,28,True,True,True,True,"['LA_B_aryl', 'LA_B_diaryl', 'LA_B_tricoordinate']",['LB_phosphine'],[],[],LA_LB_no_negative_flags,3,True,True,False,False,True,202,1
P,mesityl,mesityl,C3,p_tolyl,mesityl,<LB_P><LB1_mesityl><LB2_mesityl><LINKER_C3><LA1_p_tolyl><LA2_mesityl>,Cc1ccc(B(CCCP(c2c(C)cc(C)cc2C)c2c(C)cc(C)cc2C)c2c(C)cc(C)cc2C)cc1,True,Cc1ccc(B(CCCP(c2c(C)cc(C)cc2C)c2c(C)cc(C)cc2C)c2c(C)cc(C)cc2C)cc1,Cc1ccc(B(CCCP(c2c(C)cc(C)cc2C)c2c(C)cc(C)cc2C)c2c(C)cc(C)cc2C)cc1,[],True,1,0.5714285714285714,True,True,False,False,True,False,True,[],0,39,True,True,True,True,"['LA_B_aryl', 'LA_B_diaryl', 'LA_B_tricoordinate']",['LB_phosphine'],[],[],LA_LB_no_negative_flags,4,True,True,False,False,True,202,1
P,phenyl,phenyl,C3,phenyl,p_tolyl,<LB_P><LB1_phenyl><LB2_phenyl><LINKER_C3><LA1_phenyl><LA2_p_tolyl>,Cc1ccc(B(CCCP(c2ccccc2)c2ccccc2)c2ccccc2)cc1,True,Cc1ccc(B(CCCP(c2ccccc2)c2ccccc2)c2ccccc2)cc1,Cc1ccc(B(CCCP(c2ccccc2)c2ccccc2)c2ccccc2)cc1,[],True,1,0.4878048780487805,True,True,False,False,True,False,True,[],0,30,True,True,True,True,"['LA_B_aryl', 'LA_B_diaryl', 'LA_B_tricoordinate']",['LB_phosphine'],[],[],LA_LB_no_negative_flags,4,True,True,False,False,True,202,1
P,phenyl,mesityl,C5,pentafluorophenyl,bis_cf3_phenyl,<LB_P><LB1_phenyl><LB2_mesityl><LINKER_C5><LA1_pentafluorophenyl><LA2_bis_cf3_phenyl>,Cc1cc(C)c(P(CCCCCB(c2cc(C(F)(F)F)cc(C(F)(F)F)c2)c2c(F)c(F)c(F)c(F)c2F)c2ccccc2)c(C)c1,True,Cc1cc(C)c(P(CCCCCB(c2cc(C(F)(F)F)cc(C(F)(F)F)c2)c2c(F)c(F)c(F)c(F)c2F)c2ccccc2)c(C)c1,Cc1cc(C)c(P(CCCCCB(c2cc(C(F)(F)F)cc(C(F)(F)F)c2)c2c(F)c(F)c(F)c(F)c2F)c2ccccc2)c(C)c1,[],True,1,0.5961538461538461,True,True,False,False,True,False,True,[],0,47,True,True,True,True,"['LA_B_aryl', 'LA_B_diaryl', 'LA_B_polyhalogenated_aryl', 'LA_B_tricoordinate']",['LB_phosphine'],[],[],LA_LB_no_negative_flags,6,True,True,False,False,True,202,1
N,methyl,cyclohexyl,C2,mesityl,pentafluorophenyl,<LB_N><LB1_methyl><LB2_cyclohexyl><LINKER_C2><LA1_mesityl><LA2_pentafluorophenyl>,Cc1cc(C)c(B(CCN(C)C2CCCCC2)c2c(F)c(F)c(F)c(F)c2F)c(C)c1,True,Cc1cc(C)c(B(CCN(C)C2CCCCC2)c2c(F)c(F)c(F)c(F)c2F)c(C)c1,Cc1cc(C)c(B(CCN(C)C2CCCCC2)c2c(F)c(F)c(F)c(F)c2F)c(C)c1,[],True,1,0.4117647058823529,True,True,False,False,True,False,True,[],0,31,True,True,True,True,"['LA_B_aryl', 'LA_B_diaryl', 'LA_B_polyhalogenated_aryl', 'LA_B_tricoordinate']",['LB_amine'],[],[],LA_LB_no_negative_flags,3,True,True,False,False,True,202,1
P,tert_butyl,isopropyl,C4,pentafluorophenyl,bis_cf3_phenyl,<LB_P><LB1_tert_butyl><LB2_isopropyl><LINKER_C4><LA1_pentafluorophenyl><LA2_bis_cf3_phenyl>,CC(C)P(CCCCB(c1cc(C(F)(F)F)cc(C(F)(F)F)c1)c1c(F)c(F)c(F)c(F)c1F)C(C)(C)C,True,CC(C)P(CCCCB(c1cc(C(F)(F)F)cc(C(F)(F)F)c1)c1c(F)c(F)c(F)c(F)c1F)C(C)(C)C,CC(C)P(CCCCB(c1cc(C(F)(F)F)cc(C(F)(F)F)c1)c1c(F)c(F)c(F)c(F)c1F)C(C)(C)C,[],True,1,0.4782608695652174,True,True,False,False,True,False,True,[],0,38,True,True,True,True,"['LA_B_aryl', 'LA_B_diaryl', 'LA_B_polyhalogenated_aryl', 'LA_B_tricoordinate']",['LB_phosphine'],[],[],LA_LB_no_negative_flags,5,True,True,False,False,True,202,1
N,methyl,isopropyl,C5,phenyl,pentafluorophenyl,<LB_N><LB1_methyl><LB2_isopropyl><LINKER_C5><LA1_phenyl><LA2_pentafluorophenyl>,CC(C)N(C)CCCCCB(c1ccccc1)c1c(F)c(F)c(F)c(F)c1F,True,CC(C)N(C)CCCCCB(c1ccccc1)c1c(F)c(F)c(F)c(F)c1F,CC(C)N(C)CCCCCB(c1ccccc1)c1c(F)c(F)c(F)c(F)c1F,[],True,1,0.425531914893617,True,True,False,False,True,False,True,[],0,28,True,True,True,True,"['LA_B_aryl', 'LA_B_diaryl', 'LA_B_polyhalogenated_aryl', 'LA_B_tricoordinate']",['LB_amine'],[],[],LA_LB_no_negative_flags,6,True,True,False,False,True,202,1
P,phenyl,cyclohexyl,C3,p_tolyl,pentafluorophenyl,<LB_P><LB1_phenyl><LB2_cyclohexyl><LINKER_C3><LA1_p_tolyl><LA2_pentafluorophenyl>,Cc1ccc(B(CCCP(c2ccccc2)C2CCCCC2)c2c(F)c(F)c(F)c(F)c2F)cc1,True,Cc1ccc(B(CCCP(c2ccccc2)C2CCCCC2)c2c(F)c(F)c(F)c(F)c2F)cc1,Cc1ccc(B(CCCP(c2ccccc2)C2CCCCC2)c2c(F)c(F)c(F)c(F)c2F)cc1,[],True,1,0.4423076923076923,True,True,False,False,True,False,True,[],0,35,True,True,True,True,"['LA_B_aryl', 'LA_B_diaryl', 'LA_B_polyhalogenated_aryl', 'LA_B_tricoordinate']",['LB_phosphine'],[],[],LA_LB_no_negative_flags,4,True,True,False,False,True,202,1
P,mesityl,isopropyl,C6,pentachlorophenyl,bis_cf3_phenyl,<LB_P><LB1_mesityl><LB2_isopropyl><LINKER_C6><LA1_pentachlorophenyl><LA2_bis_cf3_phenyl>,Cc1cc(C)c(P(CCCCCCB(c2cc(C(F)(F)F)cc(C(F)(F)F)c2)c2c(Cl)c(Cl)c(Cl)c(Cl)c2Cl)C(C)C)c(C)c1,True,Cc1cc(C)c(P(CCCCCCB(c2cc(C(F)(F)F)cc(C(F)(F)F)c2)c2c(Cl)c(Cl)c(Cl)c(Cl)c2Cl)C(C)C)c(C)c1,Cc1cc(C)c(P(CCCCCCB(c2cc(C(F)(F)F)cc(C(F)(F)F)c2)c2c(Cl)c(Cl)c(Cl)c(Cl)c2Cl)C(C)C)c(C)c1,[],True,1,0.4444444444444444,True,True,False,False,True,False,True,[],0,45,True,True,True,True,"['LA_B_aryl', 'LA_B_diaryl', 'LA_B_polyhalogenated_aryl', 'LA_B_tricoordinate']",['LB_phosphine'],[],[],LA_LB_no_negative_flags,7,True,True,False,False,True,202,1
N,methyl,isopropyl,C1,bis_cf3_phenyl,bis_cf3_phenyl,<LB_N><LB1_methyl><LB2_isopropyl><LINKER_C1><LA1_bis_cf3_phenyl><LA2_bis_cf3_phenyl>,CC(C)N(C)CB(c1cc(C(F)(F)F)cc(C(F)(F)F)c1)c1cc(C(F)(F)F)cc(C(F)(F)F)c1,True,CC(C)N(C)CB(c1cc(C(F)(F)F)cc(C(F)(F)F)c1)c1cc(C(F)(F)F)cc(C(F)(F)F)c1,CC(C)N(C)CB(c1cc(C(F)(F)F)cc(C(F)(F)F)c1)c1cc(C(F)(F)F)cc(C(F)(F)F)c1,[],True,1,0.5135135135135135,True,True,False,False,True,False,True,[],0,35,True,True,True,True,"['LA_B_aryl', 'LA_B_diaryl', 'LA_B_tricoordinate']",['LB_amine'],[],[],LA_LB_no_negative_flags,2,True,True,False,False,True,202,1
P,phenyl,phenyl,C2,pentachlorophenyl,bis_cf3_phenyl,<LB_P><LB1_phenyl><LB2_phenyl><LINKER_C2><LA1_pentachlorophenyl><LA2_bis_cf3_phenyl>,FC(F)(F)c1cc(B(CCP(c2ccccc2)c2ccccc2)c2c(Cl)c(Cl)c(Cl)c(Cl)c2Cl)cc(C(F)(F)F)c1,True,FC(F)(F)c1cc(B(CCP(c2ccccc2)c2ccccc2)c2c(Cl)c(Cl)c(Cl)c(Cl)c2Cl)cc(C(F)(F)F)c1,FC(F)(F)c1cc(B(CCP(c2ccccc2)c2ccccc2)c2c(Cl)c(Cl)c(Cl)c(Cl)c2Cl)cc(C(F)(F)F)c1,[],True,1,0.4883720930232558,True,True,False,False,True,False,True,[],0,41,True,True,True,True,"['LA_B_aryl', 'LA_B_diaryl', 'LA_B_polyhalogenated_aryl', 'LA_B_tricoordinate']",['LB_phosphine'],[],[],LA_LB_no_negative_flags,3,True,True,False,False,True,202,1
P,tert_butyl,cyclohexyl,C2,pentafluorophenyl,pentafluorophenyl,<LB_P><LB1_tert_butyl><LB2_cyclohexyl><LINKER_C2><LA1_pentafluorophenyl><LA2_pentafluorophenyl>,CC(C)(C)P(CCB(c1c(F)c(F)c(F)c(F)c1F)c1c(F)c(F)c(F)c(F)c1F)C1CCCCC1,True,CC(C)(C)P(CCB(c1c(F)c(F)c(F)c(F)c1F)c1c(F)c(F)c(F)c(F)c1F)C1CCCCC1,CC(C)(C)P(CCB(c1c(F)c(F)c(F)c(F)c1F)c1c(F)c(F)c(F)c(F)c1F)C1CCCCC1,[],True,1,0.41025641025641024,True,True,False,False,True,False,True,[],0,36,True,True,True,True,"['LA_B_aryl', 'LA_B_diaryl', 'LA_B_polyhalogenated_aryl', 'LA_B_tricoordinate']",['LB_phosphine'],[],[],LA_LB_no_negative_flags,3,True,True,False,False,True,202,1
P,mesityl,tert_butyl,C6,phenyl,pentafluorophenyl,<LB_P><LB1_mesityl><LB2_tert_butyl><LINKER_C6><LA1_phenyl><LA2_pentafluorophenyl>,Cc1cc(C)c(P(CCCCCCB(c2ccccc2)c2c(F)c(F)c(F)c(F)c2F)C(C)(C)C)c(C)c1,True,Cc1cc(C)c(P(CCCCCCB(c2ccccc2)c2c(F)c(F)c(F)c(F)c2F)C(C)(C)C)c(C)c1,Cc1cc(C)c(P(CCCCCCB(c2ccccc2)c2c(F)c(F)c(F)c(F)c2F)C(C)(C)C)c(C)c1,[],True,1,0.5714285714285714,True,True,False,False,True,False,True,[],0,38,True,True,True,True,"['LA_B_aryl', 'LA_B_diaryl', 'LA_B_polyhalogenated_aryl', 'LA_B_tricoordinate']",['LB_phosphine'],[],[],LA_LB_no_negative_flags,7,True,True,False,False,True,202,2
P,isopropyl,isopropyl,C5,pentachlorophenyl,bis_cf3_phenyl,<LB_P><LB1_isopropyl><LB2_isopropyl><LINKER_C5><LA1_pentachlorophenyl><LA2_bis_cf3_phenyl>,CC(C)P(CCCCCB(c1cc(C(F)(F)F)cc(C(F)(F)F)c1)c1c(Cl)c(Cl)c(Cl)c(Cl)c1Cl)C(C)C,True,CC(C)P(CCCCCB(c1cc(C(F)(F)F)cc(C(F)(F)F)c1)c1c(Cl)c(Cl)c(Cl)c(Cl)c1Cl)C(C)C,CC(C)P(CCCCCB(c1cc(C(F)(F)F)cc(C(F)(F)F)c1)c1c(Cl)c(Cl)c(Cl)c(Cl)c1Cl)C(C)C,[],True,1,0.4166666666666667,True,True,False,False,True,False,True,[],0,38,True,True,True,True,"['LA_B_aryl', 'LA_B_diaryl', 'LA_B_polyhalogenated_aryl', 'LA_B_tricoordinate']",['LB_phosphine'],[],[],LA_LB_no_negative_flags,6,True,True,False,False,True,202,1
P,phenyl,mesityl,C2,p_tolyl,mesityl,<LB_P><LB1_phenyl><LB2_mesityl><LINKER_C2><LA1_p_tolyl><LA2_mesityl>,Cc1ccc(B(CCP(c2ccccc2)c2c(C)cc(C)cc2C)c2c(C)cc(C)cc2C)cc1,True,Cc1ccc(B(CCP(c2ccccc2)c2c(C)cc(C)cc2C)c2c(C)cc(C)cc2C)cc1,Cc1ccc(B(CCP(c2ccccc2)c2c(C)cc(C)cc2C)c2c(C)cc(C)cc2C)cc1,[],True,1,0.425531914893617,True,True,False,False,True,False,True,[],0,35,True,True,True,True,"['LA_B_aryl', 'LA_B_diaryl', 'LA_B_tricoordinate']",['LB_phosphine'],[],[],LA_LB_no_negative_flags,3,True,True,False,False,True,202,1
P,tert_butyl,isopropyl,C5,p_tolyl,pentachlorophenyl,<LB_P><LB1_tert_butyl><LB2_isopropyl><LINKER_C5><LA1_p_tolyl><LA2_pentachlorophenyl>,Cc1ccc(B(CCCCCP(C(C)C)C(C)(C)C)c2c(Cl)c(Cl)c(Cl)c(Cl)c2Cl)cc1,True,Cc1ccc(B(CCCCCP(C(C)C)C(C)(C)C)c2c(Cl)c(Cl)c(Cl)c(Cl)c2Cl)cc1,Cc1ccc(B(CCCCCP(C(C)C)C(C)(C)C)c2c(Cl)c(Cl)c(Cl)c(Cl)c2Cl)cc1,[],True,1,0.4,True,True,False,False,True,False,True,[],0,32,True,True,True,True,"['LA_B_aryl', 'LA_B_diaryl', 'LA_B_polyhalogenated_aryl', 'LA_B_tricoordinate']",['LB_phosphine'],[],[],LA_LB_no_negative_flags,6,True,True,False,False,True,202,1
N,phenyl,phenyl,C3,pentafluorophenyl,pentafluorophenyl,<LB_N><LB1_phenyl><LB2_phenyl><LINKER_C3><LA1_pentafluorophenyl><LA2_pentafluorophenyl>,Fc1c(F)c(F)c(B(CCCN(c2ccccc2)c2ccccc2)c2c(F)c(F)c(F)c(F)c2F)c(F)c1F,True,Fc1c(F)c(F)c(B(CCCN(c2ccccc2)c2ccccc2)c2c(F)c(F)c(F)c(F)c2F)c(F)c1F,Fc1c(F)c(F)c(B(CCCN(c2ccccc2)c2ccccc2)c2c(F)c(F)c(F)c(F)c2F)c(F)c1F,[],True,1,0.5128205128205128,True,True,False,False,True,False,True,[],0,39,True,True,True,True,"['LA_B_aryl', 'LA_B_diaryl', 'LA_B_polyhalogenated_aryl', 'LA_B_tricoordinate']",['LB_amine'],[],[],LA_LB_no_negative_flags,4,True,True,False,False,True,202,1
P,mesityl,mesityl,C4,p_tolyl,mesityl,<LB_P><LB1_mesityl><LB2_mesityl><LINKER_C4><LA1_p_tolyl><LA2_mesityl>,Cc1ccc(B(CCCCP(c2c(C)cc(C)cc2C)c2c(C)cc(C)cc2C)c2c(C)cc(C)cc2C)cc1,True,Cc1ccc(B(CCCCP(c2c(C)cc(C)cc2C)c2c(C)cc(C)cc2C)c2c(C)cc(C)cc2C)cc1,Cc1ccc(B(CCCCP(c2c(C)cc(C)cc2C)c2c(C)cc(C)cc2C)c2c(C)cc(C)cc2C)cc1,[],True,1,0.6341463414634146,True,True,False,False,True,False,True,[],0,40,True,True,True,True,"['LA_B_aryl', 'LA_B_diaryl', 'LA_B_tricoordinate']",['LB_phosphine'],[],[],LA_LB_no_negative_flags,5,True,True,False,False,True,202,2
P,tert_butyl,cyclohexyl,C4,mesityl,pentafluorophenyl,<LB_P><LB1_tert_butyl><LB2_cyclohexyl><LINKER_C4><LA1_mesityl><LA2_pentafluorophenyl>,Cc1cc(C)c(B(CCCCP(C2CCCCC2)C(C)(C)C)c2c(F)c(F)c(F)c(F)c2F)c(C)c1,True,Cc1cc(C)c(B(CCCCP(C2CCCCC2)C(C)(C)C)c2c(F)c(F)c(F)c(F)c2F)c(C)c1,Cc1cc(C)c(B(CCCCP(C2CCCCC2)C(C)(C)C)c2c(F)c(F)c(F)c(F)c2F)c(C)c1,[],True,1,0.5294117647058824,True,True,False,False,True,False,True,[],0,36,True,True,True,True,"['LA_B_aryl', 'LA_B_diaryl', 'LA_B_polyhalogenated_aryl', 'LA_B_tricoordinate']",['LB_phosphine'],[],[],LA_LB_no_negative_flags,5,True,True,False,False,True,202,2
N,methyl,isopropyl,C2,pentachlorophenyl,bis_cf3_phenyl,<LB_N><LB1_methyl><LB2_isopropyl><LINKER_C2><LA1_pentachlorophenyl><LA2_bis_cf3_phenyl>,CC(C)N(C)CCB(c1cc(C(F)(F)F)cc(C(F)(F)F)c1)c1c(Cl)c(Cl)c(Cl)c(Cl)c1Cl,True,CC(C)N(C)CCB(c1cc(C(F)(F)F)cc(C(F)(F)F)c1)c1c(Cl)c(Cl)c(Cl)c(Cl)c1Cl,CC(C)N(C)CCB(c1cc(C(F)(F)F)cc(C(F)(F)F)c1)c1c(Cl)c(Cl)c(Cl)c(Cl)c1Cl,[],True,1,0.41304347826086957,True,True,False,False,True,False,True,[],0,33,True,True,True,True,"['LA_B_aryl', 'LA_B_diaryl', 'LA_B_polyhalogenated_aryl', 'LA_B_tricoordinate']",['LB_amine'],[],[],LA_LB_no_negative_flags,3,True,True,False,False,True,202,1
N,methyl,methyl,C2,mesityl,pentafluorophenyl,<LB_N><LB1_methyl><LB2_methyl><LINKER_C2><LA1_mesityl><LA2_pentafluorophenyl>,Cc1cc(C)c(B(CCN(C)C)c2c(F)c(F)c(F)c(F)c2F)c(C)c1,True,Cc1cc(C)c(B(CCN(C)C)c2c(F)c(F)c(F)c(F)c2F)c(C)c1,Cc1cc(C)c(B(CCN(C)C)c2c(F)c(F)c(F)c(F)c2F)c(C)c1,[],True,1,0.5,True,True,False,False,True,False,True,[],0,26,True,True,True,True,"['LA_B_aryl', 'LA_B_diaryl', 'LA_B_polyhalogenated_aryl', 'LA_B_tricoordinate']",['LB_amine'],[],[],LA_LB_no_negative_flags,3,True,True,False,False,True,202,1
P,phenyl,tert_butyl,C2,mesityl,pentachlorophenyl,<LB_P><LB1_phenyl><LB2_tert_butyl><LINKER_C2><LA1_mesityl><LA2_pentachlorophenyl>,Cc1cc(C)c(B(CCP(c2ccccc2)C(C)(C)C)c2c(Cl)c(Cl)c(Cl)c(Cl)c2Cl)c(C)c1,True,Cc1cc(C)c(B(CCP(c2ccccc2)C(C)(C)C)c2c(Cl)c(Cl)c(Cl)c(Cl)c2Cl)c(C)c1,Cc1cc(C)c(B(CCP(c2ccccc2)C(C)(C)C)c2c(Cl)c(Cl)c(Cl)c(Cl)c2Cl)c(C)c1,[],True,1,0.5333333333333333,True,True,False,False,True,False,True,[],0,34,True,True,True,True,"['LA_B_aryl', 'LA_B_diaryl', 'LA_B_polyhalogenated_aryl', 'LA_B_tricoordinate']",['LB_phosphine'],[],[],LA_LB_no_negative_flags,3,True,True,False,False,True,202,1
N,methyl,methyl,C2,phenyl,pentafluorophenyl,<LB_N><LB1_methyl><LB2_methyl><LINKER_C2><LA1_phenyl><LA2_pentafluorophenyl>,CN(C)CCB(c1ccccc1)c1c(F)c(F)c(F)c(F)c1F,True,CN(C)CCB(c1ccccc1)c1c(F)c(F)c(F)c(F)c1F,CN(C)CCB(c1ccccc1)c1c(F)c(F)c(F)c(F)c1F,[],True,1,0.4358974358974359,True,True,False,False,True,False,True,[],0,23,True,True,True,True,"['LA_B_aryl', 'LA_B_diaryl', 'LA_B_polyhalogenated_aryl', 'LA_B_tricoordinate']",['LB_amine'],[],[],LA_LB_no_negative_flags,3,True,True,False,False,True,202,1
P,tert_butyl,cyclohexyl,C5,mesityl,pentachlorophenyl,<LB_P><LB1_tert_butyl><LB2_cyclohexyl><LINKER_C5><LA1_mesityl><LA2_pentachlorophenyl>,Cc1cc(C)c(B(CCCCCP(C2CCCCC2)C(C)(C)C)c2c(Cl)c(Cl)c(Cl)c(Cl)c2Cl)c(C)c1,True,Cc1cc(C)c(B(CCCCCP(C2CCCCC2)C(C)(C)C)c2c(Cl)c(Cl)c(Cl)c(Cl)c2Cl)c(C)c1,Cc1cc(C)c(B(CCCCCP(C2CCCCC2)C(C)(C)C)c2c(Cl)c(Cl)c(Cl)c(Cl)c2Cl)c(C)c1,[],True,1,0.4339622641509434,True,True,False,False,True,False,True,[],0,37,True,True,True,True,"['LA_B_aryl', 'LA_B_diaryl', 'LA_B_polyhalogenated_aryl', 'LA_B_tricoordinate']",['LB_phosphine'],[],[],LA_LB_no_negative_flags,6,True,True,False,False,True,202,1
P,phenyl,phenyl,C5,pentafluorophenyl,pentachlorophenyl,<LB_P><LB1_phenyl><LB2_phenyl><LINKER_C5><LA1_pentafluorophenyl><LA2_pentachlorophenyl>,Fc1c(F)c(F)c(B(CCCCCP(c2ccccc2)c2ccccc2)c2c(Cl)c(Cl)c(Cl)c(Cl)c2Cl)c(F)c1F,True,Fc1c(F)c(F)c(B(CCCCCP(c2ccccc2)c2ccccc2)c2c(Cl)c(Cl)c(Cl)c(Cl)c2Cl)c(F)c1F,Fc1c(F)c(F)c(B(CCCCCP(c2ccccc2)c2ccccc2)c2c(Cl)c(Cl)c(Cl)c(Cl)c2Cl)c(F)c1F,[],True,1,0.8333333333333334,True,True,False,False,True,False,True,[],0,41,True,True,True,True,"['LA_B_aryl', 'LA_B_diaryl', 'LA_B_polyhalogenated_aryl', 'LA_B_tricoordinate']",['LB_phosphine'],[],[],LA_LB_no_negative_flags,6,True,True,False,False,True,202,1
P,phenyl,cyclohexyl,C1,mesityl,mesityl,<LB_P><LB1_phenyl><LB2_cyclohexyl><LINKER_C1><LA1_mesityl><LA2_mesityl>,Cc1cc(C)c(B(CP(c2ccccc2)C2CCCCC2)c2c(C)cc(C)cc2C)c(C)c1,True,Cc1cc(C)c(B(CP(c2ccccc2)C2CCCCC2)c2c(C)cc(C)cc2C)c(C)c1,Cc1cc(C)c(B(CP(c2ccccc2)C2CCCCC2)c2c(C)cc(C)cc2C)c(C)c1,[],True,1,0.5,True,True,False,False,True,False,True,[],0,33,True,True,True,True,"['LA_B_aryl', 'LA_B_diaryl', 'LA_B_tricoordinate']",['LB_phosphine'],[],[],LA_LB_no_negative_flags,2,True,True,False,False,True,202,1
P,isopropyl,isopropyl,C2,phenyl,mesityl,<LB_P><LB1_isopropyl><LB2_isopropyl><LINKER_C2><LA1_phenyl><LA2_mesityl>,Cc1cc(C)c(B(CCP(C(C)C)C(C)C)c2ccccc2)c(C)c1,True,Cc1cc(C)c(B(CCP(C(C)C)C(C)C)c2ccccc2)c(C)c1,Cc1cc(C)c(B(CCP(C(C)C)C(C)C)c2ccccc2)c(C)c1,[],True,1,0.4222222222222222,True,True,False,False,True,False,True,[],0,25,True,True,True,True,"['LA_B_aryl', 'LA_B_diaryl', 'LA_B_tricoordinate']",['LB_phosphine'],[],[],LA_LB_no_negative_flags,3,True,True,False,False,True,202,2
N,ethyl,isopropyl,C6,phenyl,pentachlorophenyl,<LB_N><LB1_ethyl><LB2_isopropyl><LINKER_C6><LA1_phenyl><LA2_pentachlorophenyl>,CCN(CCCCCCB(c1ccccc1)c1c(Cl)c(Cl)c(Cl)c(Cl)c1Cl)C(C)C,True,CCN(CCCCCCB(c1ccccc1)c1c(Cl)c(Cl)c(Cl)c(Cl)c1Cl)C(C)C,CCN(CCCCCCB(c1ccccc1)c1c(Cl)c(Cl)c(Cl)c(Cl)c1Cl)C(C)C,[],True,1,0.44680851063829785,True,True,False,False,True,False,True,[],0,30,True,True,True,True,"['LA_B_aryl', 'LA_B_diaryl', 'LA_B_polyhalogenated_aryl', 'LA_B_tricoordinate']",['LB_amine'],[],[],LA_LB_no_negative_flags,7,True,True,False,False,True,202,1
P,mesityl,isopropyl,C1,pentafluorophenyl,bis_cf3_phenyl,<LB_P><LB1_mesityl><LB2_isopropyl><LINKER_C1><LA1_pentafluorophenyl><LA2_bis_cf3_phenyl>,Cc1cc(C)c(P(CB(c2cc(C(F)(F)F)cc(C(F)(F)F)c2)c2c(F)c(F)c(F)c(F)c2F)C(C)C)c(C)c1,True,Cc1cc(C)c(P(CB(c2cc(C(F)(F)F)cc(C(F)(F)F)c2)c2c(F)c(F)c(F)c(F)c2F)C(C)C)c(C)c1,Cc1cc(C)c(P(CB(c2cc(C(F)(F)F)cc(C(F)(F)F)c2)c2c(F)c(F)c(F)c(F)c2F)C(C)C)c(C)c1,[],True,1,0.4528301886792453,True,True,False,False,True,False,True,[],0,40,True,True,True,True,"['LA_B_aryl', 'LA_B_diaryl', 'LA_B_polyhalogenated_aryl', 'LA_B_tricoordinate']",['LB_phosphine'],[],[],LA_LB_no_negative_flags,2,True,True,False,False,True,202,1
P,tert_butyl,cyclohexyl,C1,pentafluorophenyl,pentachlorophenyl,<LB_P><LB1_tert_butyl><LB2_cyclohexyl><LINKER_C1><LA1_pentafluorophenyl><LA2_pentachlorophenyl>,CC(C)(C)P(CB(c1c(F)c(F)c(F)c(F)c1F)c1c(Cl)c(Cl)c(Cl)c(Cl)c1Cl)C1CCCCC1,True,CC(C)(C)P(CB(c1c(F)c(F)c(F)c(F)c1F)c1c(Cl)c(Cl)c(Cl)c(Cl)c1Cl)C1CCCCC1,CC(C)(C)P(CB(c1c(F)c(F)c(F)c(F)c1F)c1c(Cl)c(Cl)c(Cl)c(Cl)c1Cl)C1CCCCC1,[],True,1,0.43902439024390244,True,True,False,False,True,False,True,[],0,35,True,True,True,True,"['LA_B_aryl', 'LA_B_diaryl', 'LA_B_polyhalogenated_aryl', 'LA_B_tricoordinate']",['LB_phosphine'],[],[],LA_LB_no_negative_flags,2,True,True,False,False,True,202,1
P,cyclohexyl,cyclohexyl,C1,phenyl,pentachlorophenyl,<LB_P><LB1_cyclohexyl><LB2_cyclohexyl><LINKER_C1><LA1_phenyl><LA2_pentachlorophenyl>,Clc1c(Cl)c(Cl)c(B(CP(C2CCCCC2)C2CCCCC2)c2ccccc2)c(Cl)c1Cl,True,Clc1c(Cl)c(Cl)c(B(CP(C2CCCCC2)C2CCCCC2)c2ccccc2)c(Cl)c1Cl,Clc1c(Cl)c(Cl)c(B(CP(C2CCCCC2)C2CCCCC2)c2ccccc2)c(Cl)c1Cl,[],True,1,0.43478260869565216,True,True,False,False,True,False,True,[],0,32,True,True,True,True,"['LA_B_aryl', 'LA_B_diaryl', 'LA_B_polyhalogenated_aryl', 'LA_B_tricoordinate']",['LB_phosphine'],[],[],LA_LB_no_negative_flags,2,True,True,False,False,True,202,1
N,methyl,cyclohexyl,C6,mesityl,pentafluorophenyl,<LB_N><LB1_methyl><LB2_cyclohexyl><LINKER_C6><LA1_mesityl><LA2_pentafluorophenyl>,Cc1cc(C)c(B(CCCCCCN(C)C2CCCCC2)c2c(F)c(F)c(F)c(F)c2F)c(C)c1,True,Cc1cc(C)c(B(CCCCCCN(C)C2CCCCC2)c2c(F)c(F)c(F)c(F)c2F)c(C)c1,Cc1cc(C)c(B(CCCCCCN(C)C2CCCCC2)c2c(F)c(F)c(F)c(F)c2F)c(C)c1,[],True,1,0.46153846153846156,True,True,False,False,True,False,True,[],0,35,True,True,True,True,"['LA_B_aryl', 'LA_B_diaryl', 'LA_B_polyhalogenated_aryl', 'LA_B_tricoordinate']",['LB_amine'],[],[],LA_LB_no_negative_flags,7,True,True,False,False,True,202,2
P,phenyl,cyclohexyl,C1,pentachlorophenyl,bis_cf3_phenyl,<LB_P><LB1_phenyl><LB2_cyclohexyl><LINKER_C1><LA1_pentachlorophenyl><LA2_bis_cf3_phenyl>,FC(F)(F)c1cc(B(CP(c2ccccc2)C2CCCCC2)c2c(Cl)c(Cl)c(Cl)c(Cl)c2Cl)cc(C(F)(F)F)c1,True,FC(F)(F)c1cc(B(CP(c2ccccc2)C2CCCCC2)c2c(Cl)c(Cl)c(Cl)c(Cl)c2Cl)cc(C(F)(F)F)c1,FC(F)(F)c1cc(B(CP(c2ccccc2)C2CCCCC2)c2c(Cl)c(Cl)c(Cl)c(Cl)c2Cl)cc(C(F)(F)F)c1,[],True,1,0.4,True,True,False,False,True,False,True,[],0,40,True,True,True,True,"['LA_B_aryl', 'LA_B_diaryl', 'LA_B_polyhalogenated_aryl', 'LA_B_tricoordinate']",['LB_phosphine'],[],[],LA_LB_no_negative_flags,2,True,True,False,False,True,202,1
P,mesityl,isopropyl,C4,pentachlorophenyl,bis_cf3_phenyl,<LB_P><LB1_mesityl><LB2_isopropyl><LINKER_C4><LA1_pentachlorophenyl><LA2_bis_cf3_phenyl>,Cc1cc(C)c(P(CCCCB(c2cc(C(F)(F)F)cc(C(F)(F)F)c2)c2c(Cl)c(Cl)c(Cl)c(Cl)c2Cl)C(C)C)c(C)c1,True,Cc1cc(C)c(P(CCCCB(c2cc(C(F)(F)F)cc(C(F)(F)F)c2)c2c(Cl)c(Cl)c(Cl)c(Cl)c2Cl)C(C)C)c(C)c1,Cc1cc(C)c(P(CCCCB(c2cc(C(F)(F)F)cc(C(F)(F)F)c2)c2c(Cl)c(Cl)c(Cl)c(Cl)c2Cl)C(C)C)c(C)c1,[],True,1,0.4528301886792453,True,True,False,False,True,False,True,[],0,43,True,True,True,True,"['LA_B_aryl', 'LA_B_diaryl', 'LA_B_polyhalogenated_aryl', 'LA_B_tricoordinate']",['LB_phosphine'],[],[],LA_LB_no_negative_flags,5,True,True,False,False,True,202,1
P,phenyl,phenyl,C4,p_tolyl,pentafluorophenyl,<LB_P><LB1_phenyl><LB2_phenyl><LINKER_C4><LA1_p_tolyl><LA2_pentafluorophenyl>,Cc1ccc(B(CCCCP(c2ccccc2)c2ccccc2)c2c(F)c(F)c(F)c(F)c2F)cc1,True,Cc1ccc(B(CCCCP(c2ccccc2)c2ccccc2)c2c(F)c(F)c(F)c(F)c2F)cc1,Cc1ccc(B(CCCCP(c2ccccc2)c2ccccc2)c2c(F)c(F)c(F)c(F)c2F)cc1,[],True,1,0.7435897435897436,True,True,False,False,True,False,True,[],0,36,True,True,True,True,"['LA_B_aryl', 'LA_B_diaryl', 'LA_B_polyhalogenated_aryl', 'LA_B_tricoordinate']",['LB_phosphine'],[],[],LA_LB_no_negative_flags,5,True,True,False,False,True,202,1
P,mesityl,mesityl,C2,bis_cf3_phenyl,bis_cf3_phenyl,<LB_P><LB1_mesityl><LB2_mesityl><LINKER_C2><LA1_bis_cf3_phenyl><LA2_bis_cf3_phenyl>,Cc1cc(C)c(P(CCB(c2cc(C(F)(F)F)cc(C(F)(F)F)c2)c2cc(C(F)(F)F)cc(C(F)(F)F)c2)c2c(C)cc(C)cc2C)c(C)c1,True,Cc1cc(C)c(P(CCB(c2cc(C(F)(F)F)cc(C(F)(F)F)c2)c2cc(C(F)(F)F)cc(C(F)(F)F)c2)c2c(C)cc(C)cc2C)c(C)c1,Cc1cc(C)c(P(CCB(c2cc(C(F)(F)F)cc(C(F)(F)F)c2)c2cc(C(F)(F)F)cc(C(F)(F)F)c2)c2c(C)cc(C)cc2C)c(C)c1,[],True,1,0.4666666666666667,True,True,False,False,True,False,True,[],0,50,True,True,True,True,"['LA_B_aryl', 'LA_B_diaryl', 'LA_B_tricoordinate']",['LB_phosphine'],[],[],LA_LB_no_negative_flags,3,True,True,False,False,True,202,1
N,methyl,phenyl,C1,pentachlorophenyl,pentachlorophenyl,<LB_N><LB1_methyl><LB2_phenyl><LINKER_C1><LA1_pentachlorophenyl><LA2_pentachlorophenyl>,CN(CB(c1c(Cl)c(Cl)c(Cl)c(Cl)c1Cl)c1c(Cl)c(Cl)c(Cl)c(Cl)c1Cl)c1ccccc1,True,CN(CB(c1c(Cl)c(Cl)c(Cl)c(Cl)c1Cl)c1c(Cl)c(Cl)c(Cl)c(Cl)c1Cl)c1ccccc1,CN(CB(c1c(Cl)c(Cl)c(Cl)c(Cl)c1Cl)c1c(Cl)c(Cl)c(Cl)c(Cl)c1Cl)c1ccccc1,[],True,1,0.40540540540540543,True,True,False,False,True,False,True,[],0,32,True,True,True,True,"['LA_B_aryl', 'LA_B_diaryl', 'LA_B_polyhalogenated_aryl', 'LA_B_tricoordinate']",['LB_amine'],[],[],LA_LB_no_negative_flags,2,True,True,False,False,True,202,1
N,ethyl,phenyl,C4,mesityl,pentafluorophenyl,<LB_N><LB1_ethyl><LB2_phenyl><LINKER_C4><LA1_mesityl><LA2_pentafluorophenyl>,CCN(CCCCB(c1c(C)cc(C)cc1C)c1c(F)c(F)c(F)c(F)c1F)c1ccccc1,True,CCN(CCCCB(c1c(C)cc(C)cc1C)c1c(F)c(F)c(F)c(F)c1F)c1ccccc1,CCN(CCCCB(c1c(C)cc(C)cc1C)c1c(F)c(F)c(F)c(F)c1F)c1ccccc1,[],True,1,0.47058823529411764,True,True,False,False,True,False,True,[],0,34,True,True,True,True,"['LA_B_aryl', 'LA_B_diaryl', 'LA_B_polyhalogenated_aryl', 'LA_B_tricoordinate']",['LB_amine'],[],[],LA_LB_no_negative_flags,5,True,True,False,False,True,202,1
P,isopropyl,isopropyl,C6,phenyl,pentafluorophenyl,<LB_P><LB1_isopropyl><LB2_isopropyl><LINKER_C6><LA1_phenyl><LA2_pentafluorophenyl>,CC(C)P(CCCCCCB(c1ccccc1)c1c(F)c(F)c(F)c(F)c1F)C(C)C,True,CC(C)P(CCCCCCB(c1ccccc1)c1c(F)c(F)c(F)c(F)c1F)C(C)C,CC(C)P(CCCCCCB(c1ccccc1)c1c(F)c(F)c(F)c(F)c1F)C(C)C,[],True,1,0.5348837209302325,True,True,False,False,True,False,True,[],0,31,True,True,True,True,"['LA_B_aryl', 'LA_B_diaryl', 'LA_B_polyhalogenated_aryl', 'LA_B_tricoordinate']",['LB_phosphine'],[],[],LA_LB_no_negative_flags,7,True,True,False,False,True,202,2
N,methyl,methyl,C6,p_tolyl,pentafluorophenyl,<LB_N><LB1_methyl><LB2_methyl><LINKER_C6><LA1_p_tolyl><LA2_pentafluorophenyl>,Cc1ccc(B(CCCCCCN(C)C)c2c(F)c(F)c(F)c(F)c2F)cc1,True,Cc1ccc(B(CCCCCCN(C)C)c2c(F)c(F)c(F)c(F)c2F)cc1,Cc1ccc(B(CCCCCCN(C)C)c2c(F)c(F)c(F)c(F)c2F)cc1,[],True,1,0.425531914893617,True,True,False,False,True,False,True,[],0,28,True,True,True,True,"['LA_B_aryl', 'LA_B_diaryl', 'LA_B_polyhalogenated_aryl', 'LA_B_tricoordinate']",['LB_amine'],[],[],LA_LB_no_negative_flags,7,True,True,False,False,True,202,1
N,isopropyl,phenyl,C4,phenyl,pentafluorophenyl,<LB_N><LB1_isopropyl><LB2_phenyl><LINKER_C4><LA1_phenyl><LA2_pentafluorophenyl>,CC(C)N(CCCCB(c1ccccc1)c1c(F)c(F)c(F)c(F)c1F)c1ccccc1,True,CC(C)N(CCCCB(c1ccccc1)c1c(F)c(F)c(F)c(F)c1F)c1ccccc1,CC(C)N(CCCCB(c1ccccc1)c1c(F)c(F)c(F)c(F)c1F)c1ccccc1,[],True,1,0.4166666666666667,True,True,False,False,True,False,True,[],0,32,True,True,True,True,"['LA_B_aryl', 'LA_B_diaryl', 'LA_B_polyhalogenated_aryl', 'LA_B_tricoordinate']",['LB_amine'],[],[],LA_LB_no_negative_flags,5,True,True,False,False,True,202,1
N,ethyl,isopropyl,C3,mesityl,mesityl,<LB_N><LB1_ethyl><LB2_isopropyl><LINKER_C3><LA1_mesityl><LA2_mesityl>,CCN(CCCB(c1c(C)cc(C)cc1C)c1c(C)cc(C)cc1C)C(C)C,True,CCN(CCCB(c1c(C)cc(C)cc1C)c1c(C)cc(C)cc1C)C(C)C,CCN(CCCB(c1c(C)cc(C)cc1C)c1c(C)cc(C)cc1C)C(C)C,[],True,1,0.40425531914893614,True,True,False,False,True,False,True,[],0,28,True,True,True,True,"['LA_B_aryl', 'LA_B_diaryl', 'LA_B_tricoordinate']",['LB_amine'],[],[],LA_LB_no_negative_flags,4,True,True,False,False,True,202,1
P,cyclohexyl,cyclohexyl,C6,phenyl,phenyl,<LB_P><LB1_cyclohexyl><LB2_cyclohexyl><LINKER_C6><LA1_phenyl><LA2_phenyl>,c1ccc(B(CCCCCCP(C2CCCCC2)C2CCCCC2)c2ccccc2)cc1,True,c1ccc(B(CCCCCCP(C2CCCCC2)C2CCCCC2)c2ccccc2)cc1,c1ccc(B(CCCCCCP(C2CCCCC2)C2CCCCC2)c2ccccc2)cc1,[],True,1,0.4,True,True,False,False,True,False,True,[],0,32,True,True,True,True,"['LA_B_aryl', 'LA_B_diaryl', 'LA_B_tricoordinate']",['LB_phosphine'],[],[],LA_LB_no_negative_flags,7,True,True,False,False,True,202,1
N,methyl,ethyl,C1,mesityl,bis_cf3_phenyl,<LB_N><LB1_methyl><LB2_ethyl><LINKER_C1><LA1_mesityl><LA2_bis_cf3_phenyl>,CCN(C)CB(c1cc(C(F)(F)F)cc(C(F)(F)F)c1)c1c(C)cc(C)cc1C,True,CCN(C)CB(c1cc(C(F)(F)F)cc(C(F)(F)F)c1)c1c(C)cc(C)cc1C,CCN(C)CB(c1cc(C(F)(F)F)cc(C(F)(F)F)c1)c1c(C)cc(C)cc1C,[],True,1,0.4,True,True,False,False,True,False,True,[],0,29,True,True,True,True,"['LA_B_aryl', 'LA_B_diaryl', 'LA_B_tricoordinate']",['LB_amine'],[],[],LA_LB_no_negative_flags,2,True,True,False,False,True,202,1
P,phenyl,mesityl,C5,pentafluorophenyl,pentachlorophenyl,<LB_P><LB1_phenyl><LB2_mesityl><LINKER_C5><LA1_pentafluorophenyl><LA2_pentachlorophenyl>,Cc1cc(C)c(P(CCCCCB(c2c(F)c(F)c(F)c(F)c2F)c2c(Cl)c(Cl)c(Cl)c(Cl)c2Cl)c2ccccc2)c(C)c1,True,Cc1cc(C)c(P(CCCCCB(c2c(F)c(F)c(F)c(F)c2F)c2c(Cl)c(Cl)c(Cl)c(Cl)c2Cl)c2ccccc2)c(C)c1,Cc1cc(C)c(P(CCCCCB(c2c(F)c(F)c(F)c(F)c2F)c2c(Cl)c(Cl)c(Cl)c(Cl)c2Cl)c2ccccc2)c(C)c1,[],True,1,0.6808510638297872,True,True,False,False,True,False,True,[],0,44,True,True,True,True,"['LA_B_aryl', 'LA_B_diaryl', 'LA_B_polyhalogenated_aryl', 'LA_B_tricoordinate']",['LB_phosphine'],[],[],LA_LB_no_negative_flags,6,True,True,False,False,True,202,1
P,mesityl,mesityl,C2,phenyl,pentachlorophenyl,<LB_P><LB1_mesityl><LB2_mesityl><LINKER_C2><LA1_phenyl><LA2_pentachlorophenyl>,Cc1cc(C)c(P(CCB(c2ccccc2)c2c(Cl)c(Cl)c(Cl)c(Cl)c2Cl)c2c(C)cc(C)cc2C)c(C)c1,True,Cc1cc(C)c(P(CCB(c2ccccc2)c2c(Cl)c(Cl)c(Cl)c(Cl)c2Cl)c2c(C)cc(C)cc2C)c(C)c1,Cc1cc(C)c(P(CCB(c2ccccc2)c2c(Cl)c(Cl)c(Cl)c(Cl)c2Cl)c2c(C)cc(C)cc2C)c(C)c1,[],True,1,0.625,True,True,False,False,True,False,True,[],0,39,True,True,True,True,"['LA_B_aryl', 'LA_B_diaryl', 'LA_B_polyhalogenated_aryl', 'LA_B_tricoordinate']",['LB_phosphine'],[],[],LA_LB_no_negative_flags,3,True,True,False,False,True,202,2
N,methyl,ethyl,C1,p_tolyl,bis_cf3_phenyl,<LB_N><LB1_methyl><LB2_ethyl><LINKER_C1><LA1_p_tolyl><LA2_bis_cf3_phenyl>,CCN(C)CB(c1ccc(C)cc1)c1cc(C(F)(F)F)cc(C(F)(F)F)c1,True,CCN(C)CB(c1ccc(C)cc1)c1cc(C(F)(F)F)cc(C(F)(F)F)c1,CCN(C)CB(c1ccc(C)cc1)c1cc(C(F)(F)F)cc(C(F)(F)F)c1,[],True,1,0.4090909090909091,True,True,False,False,True,False,True,[],0,27,True,True,True,True,"['LA_B_aryl', 'LA_B_diaryl', 'LA_B_tricoordinate']",['LB_amine'],[],[],LA_LB_no_negative_flags,2,True,True,False,False,True,202,1
N,cyclohexyl,phenyl,C6,phenyl,pentafluorophenyl,<LB_N><LB1_cyclohexyl><LB2_phenyl><LINKER_C6><LA1_phenyl><LA2_pentafluorophenyl>,Fc1c(F)c(F)c(B(CCCCCCN(c2ccccc2)C2CCCCC2)c2ccccc2)c(F)c1F,True,Fc1c(F)c(F)c(B(CCCCCCN(c2ccccc2)C2CCCCC2)c2ccccc2)c(F)c1F,Fc1c(F)c(F)c(B(CCCCCCN(c2ccccc2)C2CCCCC2)c2ccccc2)c(F)c1F,[],True,1,0.40384615384615385,True,True,False,False,True,False,True,[],0,37,True,True,True,True,"['LA_B_aryl', 'LA_B_diaryl', 'LA_B_polyhalogenated_aryl', 'LA_B_tricoordinate']",['LB_amine'],[],[],LA_LB_no_negative_flags,7,True,True,False,False,True,202,1
P,phenyl,mesityl,C1,p_tolyl,pentafluorophenyl,<LB_P><LB1_phenyl><LB2_mesityl><LINKER_C1><LA1_p_tolyl><LA2_pentafluorophenyl>,Cc1ccc(B(CP(c2ccccc2)c2c(C)cc(C)cc2C)c2c(F)c(F)c(F)c(F)c2F)cc1,True,Cc1ccc(B(CP(c2ccccc2)c2c(C)cc(C)cc2C)c2c(F)c(F)c(F)c(F)c2F)cc1,Cc1ccc(B(CP(c2ccccc2)c2c(C)cc(C)cc2C)c2c(F)c(F)c(F)c(F)c2F)cc1,[],True,1,0.5,True,True,False,False,True,False,True,[],0,36,True,True,True,True,"['LA_B_aryl', 'LA_B_diaryl', 'LA_B_polyhalogenated_aryl', 'LA_B_tricoordinate']",['LB_phosphine'],[],[],LA_LB_no_negative_flags,2,True,True,False,False,True,202,1
P,mesityl,mesityl,C6,p_tolyl,p_tolyl,<LB_P><LB1_mesityl><LB2_mesityl><LINKER_C6><LA1_p_tolyl><LA2_p_tolyl>,Cc1ccc(B(CCCCCCP(c2c(C)cc(C)cc2C)c2c(C)cc(C)cc2C)c2ccc(C)cc2)cc1,True,Cc1ccc(B(CCCCCCP(c2c(C)cc(C)cc2C)c2c(C)cc(C)cc2C)c2ccc(C)cc2)cc1,Cc1ccc(B(CCCCCCP(c2c(C)cc(C)cc2C)c2c(C)cc(C)cc2C)c2ccc(C)cc2)cc1,[],True,1,0.625,True,True,False,False,True,False,True,[],0,40,True,True,True,True,"['LA_B_aryl', 'LA_B_diaryl', 'LA_B_tricoordinate']",['LB_phosphine'],[],[],LA_LB_no_negative_flags,7,True,True,False,False,True,202,1
N,methyl,isopropyl,C1,mesityl,bis_cf3_phenyl,<LB_N><LB1_methyl><LB2_isopropyl><LINKER_C1><LA1_mesityl><LA2_bis_cf3_phenyl>,Cc1cc(C)c(B(CN(C)C(C)C)c2cc(C(F)(F)F)cc(C(F)(F)F)c2)c(C)c1,True,Cc1cc(C)c(B(CN(C)C(C)C)c2cc(C(F)(F)F)cc(C(F)(F)F)c2)c(C)c1,Cc1cc(C)c(B(CN(C)C(C)C)c2cc(C(F)(F)F)cc(C(F)(F)F)c2)c(C)c1,[],True,1,0.4222222222222222,True,True,False,False,True,False,True,[],0,30,True,True,True,True,"['LA_B_aryl', 'LA_B_diaryl', 'LA_B_tricoordinate']",['LB_amine'],[],[],LA_LB_no_negative_flags,2,True,True,False,False,True,202,1
P,mesityl,cyclohexyl,C2,phenyl,pentachlorophenyl,<LB_P><LB1_mesityl><LB2_cyclohexyl><LINKER_C2><LA1_phenyl><LA2_pentachlorophenyl>,Cc1cc(C)c(P(CCB(c2ccccc2)c2c(Cl)c(Cl)c(Cl)c(Cl)c2Cl)C2CCCCC2)c(C)c1,True,Cc1cc(C)c(P(CCB(c2ccccc2)c2c(Cl)c(Cl)c(Cl)c(Cl)c2Cl)C2CCCCC2)c(C)c1,Cc1cc(C)c(P(CCB(c2ccccc2)c2c(Cl)c(Cl)c(Cl)c(Cl)c2Cl)C2CCCCC2)c(C)c1,[],True,1,0.5102040816326531,True,True,False,False,True,False,True,[],0,36,True,True,True,True,"['LA_B_aryl', 'LA_B_diaryl', 'LA_B_polyhalogenated_aryl', 'LA_B_tricoordinate']",['LB_phosphine'],[],[],LA_LB_no_negative_flags,3,True,True,False,False,True,202,1
P,phenyl,mesityl,C2,pentafluorophenyl,bis_cf3_phenyl,<LB_P><LB1_phenyl><LB2_mesityl><LINKER_C2><LA1_pentafluorophenyl><LA2_bis_cf3_phenyl>,Cc1cc(C)c(P(CCB(c2cc(C(F)(F)F)cc(C(F)(F)F)c2)c2c(F)c(F)c(F)c(F)c2F)c2ccccc2)c(C)c1,True,Cc1cc(C)c(P(CCB(c2cc(C(F)(F)F)cc(C(F)(F)F)c2)c2c(F)c(F)c(F)c(F)c2F)c2ccccc2)c(C)c1,Cc1cc(C)c(P(CCB(c2cc(C(F)(F)F)cc(C(F)(F)F)c2)c2c(F)c(F)c(F)c(F)c2F)c2ccccc2)c(C)c1,[],True,1,0.49056603773584906,True,True,False,False,True,False,True,[],0,44,True,True,True,True,"['LA_B_aryl', 'LA_B_diaryl', 'LA_B_polyhalogenated_aryl', 'LA_B_tricoordinate']",['LB_phosphine'],[],[],LA_LB_no_negative_flags,3,True,True,False,False,True,202,1
P,mesityl,cyclohexyl,C2,pentafluorophenyl,pentachlorophenyl,<LB_P><LB1_mesityl><LB2_cyclohexyl><LINKER_C2><LA1_pentafluorophenyl><LA2_pentachlorophenyl>,Cc1cc(C)c(P(CCB(c2c(F)c(F)c(F)c(F)c2F)c2c(Cl)c(Cl)c(Cl)c(Cl)c2Cl)C2CCCCC2)c(C)c1,True,Cc1cc(C)c(P(CCB(c2c(F)c(F)c(F)c(F)c2F)c2c(Cl)c(Cl)c(Cl)c(Cl)c2Cl)C2CCCCC2)c(C)c1,Cc1cc(C)c(P(CCB(c2c(F)c(F)c(F)c(F)c2F)c2c(Cl)c(Cl)c(Cl)c(Cl)c2Cl)C2CCCCC2)c(C)c1,[],True,1,0.5306122448979592,True,True,False,False,True,False,True,[],0,41,True,True,True,True,"['LA_B_aryl', 'LA_B_diaryl', 'LA_B_polyhalogenated_aryl', 'LA_B_tricoordinate']",['LB_phosphine'],[],[],LA_LB_no_negative_flags,3,True,True,False,False,True,202,2
P,phenyl,phenyl,C5,phenyl,mesityl,<LB_P><LB1_phenyl><LB2_phenyl><LINKER_C5><LA1_phenyl><LA2_mesityl>,Cc1cc(C)c(B(CCCCCP(c2ccccc2)c2ccccc2)c2ccccc2)c(C)c1,True,Cc1cc(C)c(B(CCCCCP(c2ccccc2)c2ccccc2)c2ccccc2)c(C)c1,Cc1cc(C)c(B(CCCCCP(c2ccccc2)c2ccccc2)c2ccccc2)c(C)c1,[],True,1,0.5227272727272727,True,True,False,False,True,False,True,[],0,34,True,True,True,True,"['LA_B_aryl', 'LA_B_diaryl', 'LA_B_tricoordinate']",['LB_phosphine'],[],[],LA_LB_no_negative_flags,6,True,True,False,False,True,202,1
P,mesityl,mesityl,C2,pentachlorophenyl,bis_cf3_phenyl,<LB_P><LB1_mesityl><LB2_mesityl><LINKER_C2><LA1_pentachlorophenyl><LA2_bis_cf3_phenyl>,Cc1cc(C)c(P(CCB(c2cc(C(F)(F)F)cc(C(F)(F)F)c2)c2c(Cl)c(Cl)c(Cl)c(Cl)c2Cl)c2c(C)cc(C)cc2C)c(C)c1,True,Cc1cc(C)c(P(CCB(c2cc(C(F)(F)F)cc(C(F)(F)F)c2)c2c(Cl)c(Cl)c(Cl)c(Cl)c2Cl)c2c(C)cc(C)cc2C)c(C)c1,Cc1cc(C)c(P(CCB(c2cc(C(F)(F)F)cc(C(F)(F)F)c2)c2c(Cl)c(Cl)c(Cl)c(Cl)c2Cl)c2c(C)cc(C)cc2C)c(C)c1,[],True,1,0.5555555555555556,True,True,False,False,True,False,True,[],0,47,True,True,True,True,"['LA_B_aryl', 'LA_B_diaryl', 'LA_B_polyhalogenated_aryl', 'LA_B_tricoordinate']",['LB_phosphine'],[],[],LA_LB_no_negative_flags,3,True,True,False,False,True,202,1
P,phenyl,cyclohexyl,C5,pentafluorophenyl,pentachlorophenyl,<LB_P><LB1_phenyl><LB2_cyclohexyl><LINKER_C5><LA1_pentafluorophenyl><LA2_pentachlorophenyl>,Fc1c(F)c(F)c(B(CCCCCP(c2ccccc2)C2CCCCC2)c2c(Cl)c(Cl)c(Cl)c(Cl)c2Cl)c(F)c1F,True,Fc1c(F)c(F)c(B(CCCCCP(c2ccccc2)C2CCCCC2)c2c(Cl)c(Cl)c(Cl)c(Cl)c2Cl)c(F)c1F,Fc1c(F)c(F)c(B(CCCCCP(c2ccccc2)C2CCCCC2)c2c(Cl)c(Cl)c(Cl)c(Cl)c2Cl)c(F)c1F,[],True,1,0.5416666666666666,True,True,False,False,True,False,True,[],0,41,True,True,True,True,"['LA_B_aryl', 'LA_B_diaryl', 'LA_B_polyhalogenated_aryl', 'LA_B_tricoordinate']",['LB_phosphine'],[],[],LA_LB_no_negative_flags,6,True,True,False,False,True,202,1
P,mesityl,tert_butyl,C2,pentachlorophenyl,pentachlorophenyl,<LB_P><LB1_mesityl><LB2_tert_butyl><LINKER_C2><LA1_pentachlorophenyl><LA2_pentachlorophenyl>,Cc1cc(C)c(P(CCB(c2c(Cl)c(Cl)c(Cl)c(Cl)c2Cl)c2c(Cl)c(Cl)c(Cl)c(Cl)c2Cl)C(C)(C)C)c(C)c1,True,Cc1cc(C)c(P(CCB(c2c(Cl)c(Cl)c(Cl)c(Cl)c2Cl)c2c(Cl)c(Cl)c(Cl)c(Cl)c2Cl)C(C)(C)C)c(C)c1,Cc1cc(C)c(P(CCB(c2c(Cl)c(Cl)c(Cl)c(Cl)c2Cl)c2c(Cl)c(Cl)c(Cl)c(Cl)c2Cl)C(C)(C)C)c(C)c1,[],True,1,0.6842105263157895,True,True,False,False,True,False,True,[],0,39,True,True,True,True,"['LA_B_aryl', 'LA_B_diaryl', 'LA_B_polyhalogenated_aryl', 'LA_B_tricoordinate']",['LB_phosphine'],[],[],LA_LB_no_negative_flags,3,True,True,False,False,True,202,2
N,ethyl,isopropyl,C3,phenyl,pentafluorophenyl,<LB_N><LB1_ethyl><LB2_isopropyl><LINKER_C3><LA1_phenyl><LA2_pentafluorophenyl>,CCN(CCCB(c1ccccc1)c1c(F)c(F)c(F)c(F)c1F)C(C)C,True,CCN(CCCB(c1ccccc1)c1c(F)c(F)c(F)c(F)c1F)C(C)C,CCN(CCCB(c1ccccc1)c1c(F)c(F)c(F)c(F)c1F)C(C)C,[],True,1,0.5,True,True,False,False,True,False,True,[],0,27,True,True,True,True,"['LA_B_aryl', 'LA_B_diaryl', 'LA_B_polyhalogenated_aryl', 'LA_B_tricoordinate']",['LB_amine'],[],[],LA_LB_no_negative_flags,4,True,True,False,False,True,202,1
P,tert_butyl,isopropyl,C1,pentafluorophenyl,pentafluorophenyl,<LB_P><LB1_tert_butyl><LB2_isopropyl><LINKER_C1><LA1_pentafluorophenyl><LA2_pentafluorophenyl>,CC(C)P(CB(c1c(F)c(F)c(F)c(F)c1F)c1c(F)c(F)c(F)c(F)c1F)C(C)(C)C,True,CC(C)P(CB(c1c(F)c(F)c(F)c(F)c1F)c1c(F)c(F)c(F)c(F)c1F)C(C)(C)C,CC(C)P(CB(c1c(F)c(F)c(F)c(F)c1F)c1c(F)c(F)c(F)c(F)c1F)C(C)(C)C,[],True,1,0.6206896551724138,True,True,False,False,True,False,True,[],0,32,True,True,True,True,"['LA_B_aryl', 'LA_B_diaryl', 'LA_B_polyhalogenated_aryl', 'LA_B_tricoordinate']",['LB_phosphine'],[],[],LA_LB_no_negative_flags,2,True,True,False,False,True,202,1
P,mesityl,isopropyl,C4,pentachlorophenyl,pentachlorophenyl,<LB_P><LB1_mesityl><LB2_isopropyl><LINKER_C4><LA1_pentachlorophenyl><LA2_pentachlorophenyl>,Cc1cc(C)c(P(CCCCB(c2c(Cl)c(Cl)c(Cl)c(Cl)c2Cl)c2c(Cl)c(Cl)c(Cl)c(Cl)c2Cl)C(C)C)c(C)c1,True,Cc1cc(C)c(P(CCCCB(c2c(Cl)c(Cl)c(Cl)c(Cl)c2Cl)c2c(Cl)c(Cl)c(Cl)c(Cl)c2Cl)C(C)C)c(C)c1,Cc1cc(C)c(P(CCCCB(c2c(Cl)c(Cl)c(Cl)c(Cl)c2Cl)c2c(Cl)c(Cl)c(Cl)c(Cl)c2Cl)C(C)C)c(C)c1,[],True,1,0.5952380952380952,True,True,False,False,True,False,True,[],0,40,True,True,True,True,"['LA_B_aryl', 'LA_B_diaryl', 'LA_B_polyhalogenated_aryl', 'LA_B_tricoordinate']",['LB_phosphine'],[],[],LA_LB_no_negative_flags,5,True,True,False,False,True,202,1
P,phenyl,tert_butyl,C5,phenyl,bis_cf3_phenyl,<LB_P><LB1_phenyl><LB2_tert_butyl><LINKER_C5><LA1_phenyl><LA2_bis_cf3_phenyl>,CC(C)(C)P(CCCCCB(c1ccccc1)c1cc(C(F)(F)F)cc(C(F)(F)F)c1)c1ccccc1,True,CC(C)(C)P(CCCCCB(c1ccccc1)c1cc(C(F)(F)F)cc(C(F)(F)F)c1)c1ccccc1,CC(C)(C)P(CCCCCB(c1ccccc1)c1cc(C(F)(F)F)cc(C(F)(F)F)c1)c1ccccc1,[],True,1,0.4375,True,True,False,False,True,False,True,[],0,37,True,True,True,True,"['LA_B_aryl', 'LA_B_diaryl', 'LA_B_tricoordinate']",['LB_phosphine'],[],[],LA_LB_no_negative_flags,6,True,True,False,False,True,202,1
P,mesityl,tert_butyl,C1,p_tolyl,pentafluorophenyl,<LB_P><LB1_mesityl><LB2_tert_butyl><LINKER_C1><LA1_p_tolyl><LA2_pentafluorophenyl>,Cc1ccc(B(CP(c2c(C)cc(C)cc2C)C(C)(C)C)c2c(F)c(F)c(F)c(F)c2F)cc1,True,Cc1ccc(B(CP(c2c(C)cc(C)cc2C)C(C)(C)C)c2c(F)c(F)c(F)c(F)c2F)cc1,Cc1ccc(B(CP(c2c(C)cc(C)cc2C)C(C)(C)C)c2c(F)c(F)c(F)c(F)c2F)cc1,[],True,1,0.4583333333333333,True,True,False,False,True,False,True,[],0,34,True,True,True,True,"['LA_B_aryl', 'LA_B_diaryl', 'LA_B_polyhalogenated_aryl', 'LA_B_tricoordinate']",['LB_phosphine'],[],[],LA_LB_no_negative_flags,2,True,True,False,False,True,202,1
N,ethyl,isopropyl,C1,pentafluorophenyl,pentachlorophenyl,<LB_N><LB1_ethyl><LB2_isopropyl><LINKER_C1><LA1_pentafluorophenyl><LA2_pentachlorophenyl>,CCN(CB(c1c(F)c(F)c(F)c(F)c1F)c1c(Cl)c(Cl)c(Cl)c(Cl)c1Cl)C(C)C,True,CCN(CB(c1c(F)c(F)c(F)c(F)c1F)c1c(Cl)c(Cl)c(Cl)c(Cl)c1Cl)C(C)C,CCN(CB(c1c(F)c(F)c(F)c(F)c1F)c1c(Cl)c(Cl)c(Cl)c(Cl)c1Cl)C(C)C,[],True,1,0.4318181818181818,True,True,False,False,True,False,True,[],0,30,True,True,True,True,"['LA_B_aryl', 'LA_B_diaryl', 'LA_B_polyhalogenated_aryl', 'LA_B_tricoordinate']",['LB_amine'],[],[],LA_LB_no_negative_flags,2,True,True,False,False,True,202,1
P,mesityl,cyclohexyl,C4,pentachlorophenyl,pentachlorophenyl,<LB_P><LB1_mesityl><LB2_cyclohexyl><LINKER_C4><LA1_pentachlorophenyl><LA2_pentachlorophenyl>,Cc1cc(C)c(P(CCCCB(c2c(Cl)c(Cl)c(Cl)c(Cl)c2Cl)c2c(Cl)c(Cl)c(Cl)c(Cl)c2Cl)C2CCCCC2)c(C)c1,True,Cc1cc(C)c(P(CCCCB(c2c(Cl)c(Cl)c(Cl)c(Cl)c2Cl)c2c(Cl)c(Cl)c(Cl)c(Cl)c2Cl)C2CCCCC2)c(C)c1,Cc1cc(C)c(P(CCCCB(c2c(Cl)c(Cl)c(Cl)c(Cl)c2Cl)c2c(Cl)c(Cl)c(Cl)c(Cl)c2Cl)C2CCCCC2)c(C)c1,[],True,1,0.5319148936170213,True,True,False,False,True,False,True,[],0,43,True,True,True,True,"['LA_B_aryl', 'LA_B_diaryl', 'LA_B_polyhalogenated_aryl', 'LA_B_tricoordinate']",['LB_phosphine'],[],[],LA_LB_no_negative_flags,5,True,True,False,False,True,202,2
N,ethyl,phenyl,C2,mesityl,pentachlorophenyl,<LB_N><LB1_ethyl><LB2_phenyl><LINKER_C2><LA1_mesityl><LA2_pentachlorophenyl>,CCN(CCB(c1c(C)cc(C)cc1C)c1c(Cl)c(Cl)c(Cl)c(Cl)c1Cl)c1ccccc1,True,CCN(CCB(c1c(C)cc(C)cc1C)c1c(Cl)c(Cl)c(Cl)c(Cl)c1Cl)c1ccccc1,CCN(CCB(c1c(C)cc(C)cc1C)c1c(Cl)c(Cl)c(Cl)c(Cl)c1Cl)c1ccccc1,[],True,1,0.44680851063829785,True,True,False,False,True,False,True,[],0,32,True,True,True,True,"['LA_B_aryl', 'LA_B_diaryl', 'LA_B_polyhalogenated_aryl', 'LA_B_tricoordinate']",['LB_amine'],[],[],LA_LB_no_negative_flags,3,True,True,False,False,True,202,1
N,cyclohexyl,cyclohexyl,C5,mesityl,pentachlorophenyl,<LB_N><LB1_cyclohexyl><LB2_cyclohexyl><LINKER_C5><LA1_mesityl><LA2_pentachlorophenyl>,Cc1cc(C)c(B(CCCCCN(C2CCCCC2)C2CCCCC2)c2c(Cl)c(Cl)c(Cl)c(Cl)c2Cl)c(C)c1,True,Cc1cc(C)c(B(CCCCCN(C2CCCCC2)C2CCCCC2)c2c(Cl)c(Cl)c(Cl)c(Cl)c2Cl)c(C)c1,Cc1cc(C)c(B(CCCCCN(C2CCCCC2)C2CCCCC2)c2c(Cl)c(Cl)c(Cl)c(Cl)c2Cl)c(C)c1,[],True,1,0.4117647058823529,True,True,False,False,True,False,True,[],0,39,True,True,True,True,"['LA_B_aryl', 'LA_B_diaryl', 'LA_B_polyhalogenated_aryl', 'LA_B_tricoordinate']",['LB_amine'],[],[],LA_LB_no_negative_flags,6,True,True,False,False,True,202,1
P,phenyl,mesityl,C6,phenyl,mesityl,<LB_P><LB1_phenyl><LB2_mesityl><LINKER_C6><LA1_phenyl><LA2_mesityl>,Cc1cc(C)c(B(CCCCCCP(c2ccccc2)c2c(C)cc(C)cc2C)c2ccccc2)c(C)c1,True,Cc1cc(C)c(B(CCCCCCP(c2ccccc2)c2c(C)cc(C)cc2C)c2ccccc2)c(C)c1,Cc1cc(C)c(B(CCCCCCP(c2ccccc2)c2c(C)cc(C)cc2C)c2ccccc2)c(C)c1,[],True,1,0.5319148936170213,True,True,False,False,True,False,True,[],0,38,True,True,True,True,"['LA_B_aryl', 'LA_B_diaryl', 'LA_B_tricoordinate']",['LB_phosphine'],[],[],LA_LB_no_negative_flags,7,True,True,False,False,True,202,1
N,ethyl,phenyl,C1,p_tolyl,pentafluorophenyl,<LB_N><LB1_ethyl><LB2_phenyl><LINKER_C1><LA1_p_tolyl><LA2_pentafluorophenyl>,CCN(CB(c1ccc(C)cc1)c1c(F)c(F)c(F)c(F)c1F)c1ccccc1,True,CCN(CB(c1ccc(C)cc1)c1c(F)c(F)c(F)c(F)c1F)c1ccccc1,CCN(CB(c1ccc(C)cc1)c1c(F)c(F)c(F)c(F)c1F)c1ccccc1,[],True,1,0.4166666666666667,True,True,False,False,True,False,True,[],0,29,True,True,True,True,"['LA_B_aryl', 'LA_B_diaryl', 'LA_B_polyhalogenated_aryl', 'LA_B_tricoordinate']",['LB_amine'],[],[],LA_LB_no_negative_flags,2,True,True,False,False,True,202,1
N,ethyl,isopropyl,C6,mesityl,pentafluorophenyl,<LB_N><LB1_ethyl><LB2_isopropyl><LINKER_C6><LA1_mesityl><LA2_pentafluorophenyl>,CCN(CCCCCCB(c1c(C)cc(C)cc1C)c1c(F)c(F)c(F)c(F)c1F)C(C)C,True,CCN(CCCCCCB(c1c(C)cc(C)cc1C)c1c(F)c(F)c(F)c(F)c1F)C(C)C,CCN(CCCCCCB(c1c(C)cc(C)cc1C)c1c(F)c(F)c(F)c(F)c1F)C(C)C,[],True,1,0.5102040816326531,True,True,False,False,True,False,True,[],0,33,True,True,True,True,"['LA_B_aryl', 'LA_B_diaryl', 'LA_B_polyhalogenated_aryl', 'LA_B_tricoordinate']",['LB_amine'],[],[],LA_LB_no_negative_flags,7,True,True,False,False,True,202,2
P,mesityl,isopropyl,C5,phenyl,p_tolyl,<LB_P><LB1_mesityl><LB2_isopropyl><LINKER_C5><LA1_phenyl><LA2_p_tolyl>,Cc1ccc(B(CCCCCP(c2c(C)cc(C)cc2C)C(C)C)c2ccccc2)cc1,True,Cc1ccc(B(CCCCCP(c2c(C)cc(C)cc2C)C(C)C)c2ccccc2)cc1,Cc1ccc(B(CCCCCP(c2c(C)cc(C)cc2C)C(C)C)c2ccccc2)cc1,[],True,1,0.40384615384615385,True,True,False,False,True,False,True,[],0,32,True,True,True,True,"['LA_B_aryl', 'LA_B_diaryl', 'LA_B_tricoordinate']",['LB_phosphine'],[],[],LA_LB_no_negative_flags,6,True,True,False,False,True,202,2
N,methyl,methyl,C3,p_tolyl,pentafluorophenyl,<LB_N><LB1_methyl><LB2_methyl><LINKER_C3><LA1_p_tolyl><LA2_pentafluorophenyl>,Cc1ccc(B(CCCN(C)C)c2c(F)c(F)c(F)c(F)c2F)cc1,True,Cc1ccc(B(CCCN(C)C)c2c(F)c(F)c(F)c(F)c2F)cc1,Cc1ccc(B(CCCN(C)C)c2c(F)c(F)c(F)c(F)c2F)cc1,[],True,1,0.41304347826086957,True,True,False,False,True,False,True,[],0,25,True,True,True,True,"['LA_B_aryl', 'LA_B_diaryl', 'LA_B_polyhalogenated_aryl', 'LA_B_tricoordinate']",['LB_amine'],[],[],LA_LB_no_negative_flags,4,True,True,False,False,True,202,1
P,mesityl,tert_butyl,C1,bis_cf3_phenyl,bis_cf3_phenyl,<LB_P><LB1_mesityl><LB2_tert_butyl><LINKER_C1><LA1_bis_cf3_phenyl><LA2_bis_cf3_phenyl>,Cc1cc(C)c(P(CB(c2cc(C(F)(F)F)cc(C(F)(F)F)c2)c2cc(C(F)(F)F)cc(C(F)(F)F)c2)C(C)(C)C)c(C)c1,True,Cc1cc(C)c(P(CB(c2cc(C(F)(F)F)cc(C(F)(F)F)c2)c2cc(C(F)(F)F)cc(C(F)(F)F)c2)C(C)(C)C)c(C)c1,Cc1cc(C)c(P(CB(c2cc(C(F)(F)F)cc(C(F)(F)F)c2)c2cc(C(F)(F)F)cc(C(F)(F)F)c2)C(C)(C)C)c(C)c1,[],True,1,0.6052631578947368,True,True,False,False,True,False,True,[],0,44,True,True,True,True,"['LA_B_aryl', 'LA_B_diaryl', 'LA_B_tricoordinate']",['LB_phosphine'],[],[],LA_LB_no_negative_flags,2,True,True,False,False,True,202,1
P,cyclohexyl,cyclohexyl,C5,mesityl,pentachlorophenyl,<LB_P><LB1_cyclohexyl><LB2_cyclohexyl><LINKER_C5><LA1_mesityl><LA2_pentachlorophenyl>,Cc1cc(C)c(B(CCCCCP(C2CCCCC2)C2CCCCC2)c2c(Cl)c(Cl)c(Cl)c(Cl)c2Cl)c(C)c1,True,Cc1cc(C)c(B(CCCCCP(C2CCCCC2)C2CCCCC2)c2c(Cl)c(Cl)c(Cl)c(Cl)c2Cl)c(C)c1,Cc1cc(C)c(B(CCCCCP(C2CCCCC2)C2CCCCC2)c2c(Cl)c(Cl)c(Cl)c(Cl)c2Cl)c(C)c1,[],True,1,0.46938775510204084,True,True,False,False,True,False,True,[],0,39,True,True,True,True,"['LA_B_aryl', 'LA_B_diaryl', 'LA_B_polyhalogenated_aryl', 'LA_B_tricoordinate']",['LB_phosphine'],[],[],LA_LB_no_negative_flags,6,True,True,False,False,True,202,1
P,mesityl,tert_butyl,C6,p_tolyl,pentachlorophenyl,<LB_P><LB1_mesityl><LB2_tert_butyl><LINKER_C6><LA1_p_tolyl><LA2_pentachlorophenyl>,Cc1ccc(B(CCCCCCP(c2c(C)cc(C)cc2C)C(C)(C)C)c2c(Cl)c(Cl)c(Cl)c(Cl)c2Cl)cc1,True,Cc1ccc(B(CCCCCCP(c2c(C)cc(C)cc2C)C(C)(C)C)c2c(Cl)c(Cl)c(Cl)c(Cl)c2Cl)cc1,Cc1ccc(B(CCCCCCP(c2c(C)cc(C)cc2C)C(C)(C)C)c2c(Cl)c(Cl)c(Cl)c(Cl)c2Cl)cc1,[],True,1,0.4897959183673469,True,True,False,False,True,False,True,[],0,39,True,True,True,True,"['LA_B_aryl', 'LA_B_diaryl', 'LA_B_polyhalogenated_aryl', 'LA_B_tricoordinate']",['LB_phosphine'],[],[],LA_LB_no_negative_flags,7,True,True,False,False,True,202,2
N,ethyl,phenyl,C2,pentachlorophenyl,pentachlorophenyl,<LB_N><LB1_ethyl><LB2_phenyl><LINKER_C2><LA1_pentachlorophenyl><LA2_pentachlorophenyl>,CCN(CCB(c1c(Cl)c(Cl)c(Cl)c(Cl)c1Cl)c1c(Cl)c(Cl)c(Cl)c(Cl)c1Cl)c1ccccc1,True,CCN(CCB(c1c(Cl)c(Cl)c(Cl)c(Cl)c1Cl)c1c(Cl)c(Cl)c(Cl)c(Cl)c1Cl)c1ccccc1,CCN(CCB(c1c(Cl)c(Cl)c(Cl)c(Cl)c1Cl)c1c(Cl)c(Cl)c(Cl)c(Cl)c1Cl)c1ccccc1,[],True,1,0.4358974358974359,True,True,False,False,True,False,True,[],0,34,True,True,True,True,"['LA_B_aryl', 'LA_B_diaryl', 'LA_B_polyhalogenated_aryl', 'LA_B_tricoordinate']",['LB_amine'],[],[],LA_LB_no_negative_flags,3,True,True,False,False,True,202,2
P,phenyl,mesityl,C3,mesityl,mesityl,<LB_P><LB1_phenyl><LB2_mesityl><LINKER_C3><LA1_mesityl><LA2_mesityl>,Cc1cc(C)c(B(CCCP(c2ccccc2)c2c(C)cc(C)cc2C)c2c(C)cc(C)cc2C)c(C)c1,True,Cc1cc(C)c(B(CCCP(c2ccccc2)c2c(C)cc(C)cc2C)c2c(C)cc(C)cc2C)c(C)c1,Cc1cc(C)c(B(CCCP(c2ccccc2)c2c(C)cc(C)cc2C)c2c(C)cc(C)cc2C)c(C)c1,[],True,1,0.5454545454545454,True,True,False,False,True,False,True,[],0,38,True,True,True,True,"['LA_B_aryl', 'LA_B_diaryl', 'LA_B_tricoordinate']",['LB_phosphine'],[],[],LA_LB_no_negative_flags,4,True,True,False,False,True,202,1
N,isopropyl,isopropyl,C1,mesityl,pentachlorophenyl,<LB_N><LB1_isopropyl><LB2_isopropyl><LINKER_C1><LA1_mesityl><LA2_pentachlorophenyl>,Cc1cc(C)c(B(CN(C(C)C)C(C)C)c2c(Cl)c(Cl)c(Cl)c(Cl)c2Cl)c(C)c1,True,Cc1cc(C)c(B(CN(C(C)C)C(C)C)c2c(Cl)c(Cl)c(Cl)c(Cl)c2Cl)c(C)c1,Cc1cc(C)c(B(CN(C(C)C)C(C)C)c2c(Cl)c(Cl)c(Cl)c(Cl)c2Cl)c(C)c1,[],True,1,0.4772727272727273,True,True,False,False,True,False,True,[],0,29,True,True,True,True,"['LA_B_aryl', 'LA_B_diaryl', 'LA_B_polyhalogenated_aryl', 'LA_B_tricoordinate']",['LB_amine'],[],[],LA_LB_no_negative_flags,2,True,True,False,False,True,202,1
P,mesityl,cyclohexyl,C4,p_tolyl,pentachlorophenyl,<LB_P><LB1_mesityl><LB2_cyclohexyl><LINKER_C4><LA1_p_tolyl><LA2_pentachlorophenyl>,Cc1ccc(B(CCCCP(c2c(C)cc(C)cc2C)C2CCCCC2)c2c(Cl)c(Cl)c(Cl)c(Cl)c2Cl)cc1,True,Cc1ccc(B(CCCCP(c2c(C)cc(C)cc2C)C2CCCCC2)c2c(Cl)c(Cl)c(Cl)c(Cl)c2Cl)cc1,Cc1ccc(B(CCCCP(c2c(C)cc(C)cc2C)C2CCCCC2)c2c(Cl)c(Cl)c(Cl)c(Cl)c2Cl)cc1,[],True,1,0.4528301886792453,True,True,False,False,True,False,True,[],0,39,True,True,True,True,"['LA_B_aryl', 'LA_B_diaryl', 'LA_B_polyhalogenated_aryl', 'LA_B_tricoordinate']",['LB_phosphine'],[],[],LA_LB_no_negative_flags,5,True,True,False,False,True,202,1
P,mesityl,isopropyl,C5,pentachlorophenyl,bis_cf3_phenyl,<LB_P><LB1_mesityl><LB2_isopropyl><LINKER_C5><LA1_pentachlorophenyl><LA2_bis_cf3_phenyl>,Cc1cc(C)c(P(CCCCCB(c2cc(C(F)(F)F)cc(C(F)(F)F)c2)c2c(Cl)c(Cl)c(Cl)c(Cl)c2Cl)C(C)C)c(C)c1,True,Cc1cc(C)c(P(CCCCCB(c2cc(C(F)(F)F)cc(C(F)(F)F)c2)c2c(Cl)c(Cl)c(Cl)c(Cl)c2Cl)C(C)C)c(C)c1,Cc1cc(C)c(P(CCCCCB(c2cc(C(F)(F)F)cc(C(F)(F)F)c2)c2c(Cl)c(Cl)c(Cl)c(Cl)c2Cl)C(C)C)c(C)c1,[],True,1,0.4444444444444444,True,True,False,False,True,False,True,[],0,44,True,True,True,True,"['LA_B_aryl', 'LA_B_diaryl', 'LA_B_polyhalogenated_aryl', 'LA_B_tricoordinate']",['LB_phosphine'],[],[],LA_LB_no_negative_flags,6,True,True,False,False,True,202,2
P,mesityl,tert_butyl,C3,pentachlorophenyl,bis_cf3_phenyl,<LB_P><LB1_mesityl><LB2_tert_butyl><LINKER_C3><LA1_pentachlorophenyl><LA2_bis_cf3_phenyl>,Cc1cc(C)c(P(CCCB(c2cc(C(F)(F)F)cc(C(F)(F)F)c2)c2c(Cl)c(Cl)c(Cl)c(Cl)c2Cl)C(C)(C)C)c(C)c1,True,Cc1cc(C)c(P(CCCB(c2cc(C(F)(F)F)cc(C(F)(F)F)c2)c2c(Cl)c(Cl)c(Cl)c(Cl)c2Cl)C(C)(C)C)c(C)c1,Cc1cc(C)c(P(CCCB(c2cc(C(F)(F)F)cc(C(F)(F)F)c2)c2c(Cl)c(Cl)c(Cl)c(Cl)c2Cl)C(C)(C)C)c(C)c1,[],True,1,0.47058823529411764,True,True,False,False,True,False,True,[],0,43,True,True,True,True,"['LA_B_aryl', 'LA_B_diaryl', 'LA_B_polyhalogenated_aryl', 'LA_B_tricoordinate']",['LB_phosphine'],[],[],LA_LB_no_negative_flags,4,True,True,False,False,True,202,1
P,mesityl,mesityl,C3,phenyl,mesityl,<LB_P><LB1_mesityl><LB2_mesityl><LINKER_C3><LA1_phenyl><LA2_mesityl>,Cc1cc(C)c(B(CCCP(c2c(C)cc(C)cc2C)c2c(C)cc(C)cc2C)c2ccccc2)c(C)c1,True,Cc1cc(C)c(B(CCCP(c2c(C)cc(C)cc2C)c2c(C)cc(C)cc2C)c2ccccc2)c(C)c1,Cc1cc(C)c(B(CCCP(c2c(C)cc(C)cc2C)c2c(C)cc(C)cc2C)c2ccccc2)c(C)c1,[],True,1,0.5581395348837209,True,True,False,False,True,False,True,[],0,38,True,True,True,True,"['LA_B_aryl', 'LA_B_diaryl', 'LA_B_tricoordinate']",['LB_phosphine'],[],[],LA_LB_no_negative_flags,4,True,True,False,False,True,202,1
N,isopropyl,isopropyl,C3,phenyl,bis_cf3_phenyl,<LB_N><LB1_isopropyl><LB2_isopropyl><LINKER_C3><LA1_phenyl><LA2_bis_cf3_phenyl>,CC(C)N(CCCB(c1ccccc1)c1cc(C(F)(F)F)cc(C(F)(F)F)c1)C(C)C,True,CC(C)N(CCCB(c1ccccc1)c1cc(C(F)(F)F)cc(C(F)(F)F)c1)C(C)C,CC(C)N(CCCB(c1ccccc1)c1cc(C(F)(F)F)cc(C(F)(F)F)c1)C(C)C,[],True,1,0.41304347826086957,True,True,False,False,True,False,True,[],0,31,True,True,True,True,"['LA_B_aryl', 'LA_B_diaryl', 'LA_B_tricoordinate']",['LB_amine'],[],[],LA_LB_no_negative_flags,4,True,True,False,False,True,202,1
N,methyl,isopropyl,C4,bis_cf3_phenyl,bis_cf3_phenyl,<LB_N><LB1_methyl><LB2_isopropyl><LINKER_C4><LA1_bis_cf3_phenyl><LA2_bis_cf3_phenyl>,CC(C)N(C)CCCCB(c1cc(C(F)(F)F)cc(C(F)(F)F)c1)c1cc(C(F)(F)F)cc(C(F)(F)F)c1,True,CC(C)N(C)CCCCB(c1cc(C(F)(F)F)cc(C(F)(F)F)c1)c1cc(C(F)(F)F)cc(C(F)(F)F)c1,CC(C)N(C)CCCCB(c1cc(C(F)(F)F)cc(C(F)(F)F)c1)c1cc(C(F)(F)F)cc(C(F)(F)F)c1,[],True,1,0.4523809523809524,True,True,False,False,True,False,True,[],0,38,True,True,True,True,"['LA_B_aryl', 'LA_B_diaryl', 'LA_B_tricoordinate']",['LB_amine'],[],[],LA_LB_no_negative_flags,5,True,True,False,False,True,202,1
P,tert_butyl,tert_butyl,C3,bis_cf3_phenyl,bis_cf3_phenyl,<LB_P><LB1_tert_butyl><LB2_tert_butyl><LINKER_C3><LA1_bis_cf3_phenyl><LA2_bis_cf3_phenyl>,CC(C)(C)P(CCCB(c1cc(C(F)(F)F)cc(C(F)(F)F)c1)c1cc(C(F)(F)F)cc(C(F)(F)F)c1)C(C)(C)C,True,CC(C)(C)P(CCCB(c1cc(C(F)(F)F)cc(C(F)(F)F)c1)c1cc(C(F)(F)F)cc(C(F)(F)F)c1)C(C)(C)C,CC(C)(C)P(CCCB(c1cc(C(F)(F)F)cc(C(F)(F)F)c1)c1cc(C(F)(F)F)cc(C(F)(F)F)c1)C(C)(C)C,[],True,1,0.6571428571428571,True,True,False,False,True,False,True,[],0,41,True,True,True,True,"['LA_B_aryl', 'LA_B_diaryl', 'LA_B_tricoordinate']",['LB_phosphine'],[],[],LA_LB_no_negative_flags,4,True,True,False,False,True,202,2
N,cyclohexyl,cyclohexyl,C4,mesityl,pentachlorophenyl,<LB_N><LB1_cyclohexyl><LB2_cyclohexyl><LINKER_C4><LA1_mesityl><LA2_pentachlorophenyl>,Cc1cc(C)c(B(CCCCN(C2CCCCC2)C2CCCCC2)c2c(Cl)c(Cl)c(Cl)c(Cl)c2Cl)c(C)c1,True,Cc1cc(C)c(B(CCCCN(C2CCCCC2)C2CCCCC2)c2c(Cl)c(Cl)c(Cl)c(Cl)c2Cl)c(C)c1,Cc1cc(C)c(B(CCCCN(C2CCCCC2)C2CCCCC2)c2c(Cl)c(Cl)c(Cl)c(Cl)c2Cl)c(C)c1,[],True,1,0.42,True,True,False,False,True,False,True,[],0,38,True,True,True,True,"['LA_B_aryl', 'LA_B_diaryl', 'LA_B_polyhalogenated_aryl', 'LA_B_tricoordinate']",['LB_amine'],[],[],LA_LB_no_negative_flags,5,True,True,False,False,True,202,2
P,cyclohexyl,isopropyl,C1,mesityl,pentafluorophenyl,<LB_P><LB1_cyclohexyl><LB2_isopropyl><LINKER_C1><LA1_mesityl><LA2_pentafluorophenyl>,Cc1cc(C)c(B(CP(C(C)C)C2CCCCC2)c2c(F)c(F)c(F)c(F)c2F)c(C)c1,True,Cc1cc(C)c(B(CP(C(C)C)C2CCCCC2)c2c(F)c(F)c(F)c(F)c2F)c(C)c1,Cc1cc(C)c(B(CP(C(C)C)C2CCCCC2)c2c(F)c(F)c(F)c(F)c2F)c(C)c1,[],True,1,0.42592592592592593,True,True,False,False,True,False,True,[],0,32,True,True,True,True,"['LA_B_aryl', 'LA_B_diaryl', 'LA_B_polyhalogenated_aryl', 'LA_B_tricoordinate']",['LB_phosphine'],[],[],LA_LB_no_negative_flags,2,True,True,False,False,True,202,1
P,cyclohexyl,isopropyl,C3,mesityl,pentafluorophenyl,<LB_P><LB1_cyclohexyl><LB2_isopropyl><LINKER_C3><LA1_mesityl><LA2_pentafluorophenyl>,Cc1cc(C)c(B(CCCP(C(C)C)C2CCCCC2)c2c(F)c(F)c(F)c(F)c2F)c(C)c1,True,Cc1cc(C)c(B(CCCP(C(C)C)C2CCCCC2)c2c(F)c(F)c(F)c(F)c2F)c(C)c1,Cc1cc(C)c(B(CCCP(C(C)C)C2CCCCC2)c2c(F)c(F)c(F)c(F)c2F)c(C)c1,[],True,1,0.4807692307692308,True,True,False,False,True,False,True,[],0,34,True,True,True,True,"['LA_B_aryl', 'LA_B_diaryl', 'LA_B_polyhalogenated_aryl', 'LA_B_tricoordinate']",['LB_phosphine'],[],[],LA_LB_no_negative_flags,4,True,True,False,False,True,202,1
P,mesityl,tert_butyl,C5,pentafluorophenyl,bis_cf3_phenyl,<LB_P><LB1_mesityl><LB2_tert_butyl><LINKER_C5><LA1_pentafluorophenyl><LA2_bis_cf3_phenyl>,Cc1cc(C)c(P(CCCCCB(c2cc(C(F)(F)F)cc(C(F)(F)F)c2)c2c(F)c(F)c(F)c(F)c2F)C(C)(C)C)c(C)c1,True,Cc1cc(C)c(P(CCCCCB(c2cc(C(F)(F)F)cc(C(F)(F)F)c2)c2c(F)c(F)c(F)c(F)c2F)C(C)(C)C)c(C)c1,Cc1cc(C)c(P(CCCCCB(c2cc(C(F)(F)F)cc(C(F)(F)F)c2)c2c(F)c(F)c(F)c(F)c2F)C(C)(C)C)c(C)c1,[],True,1,0.5490196078431373,True,True,False,False,True,False,True,[],0,45,True,True,True,True,"['LA_B_aryl', 'LA_B_diaryl', 'LA_B_polyhalogenated_aryl', 'LA_B_tricoordinate']",['LB_phosphine'],[],[],LA_LB_no_negative_flags,6,True,True,False,False,True,202,2
P,phenyl,tert_butyl,C2,p_tolyl,bis_cf3_phenyl,<LB_P><LB1_phenyl><LB2_tert_butyl><LINKER_C2><LA1_p_tolyl><LA2_bis_cf3_phenyl>,Cc1ccc(B(CCP(c2ccccc2)C(C)(C)C)c2cc(C(F)(F)F)cc(C(F)(F)F)c2)cc1,True,Cc1ccc(B(CCP(c2ccccc2)C(C)(C)C)c2cc(C(F)(F)F)cc(C(F)(F)F)c2)cc1,Cc1ccc(B(CCP(c2ccccc2)C(C)(C)C)c2cc(C(F)(F)F)cc(C(F)(F)F)c2)cc1,[],True,1,0.4375,True,True,False,False,True,False,True,[],0,35,True,True,True,True,"['LA_B_aryl', 'LA_B_diaryl', 'LA_B_tricoordinate']",['LB_phosphine'],[],[],LA_LB_no_negative_flags,3,True,True,False,False,True,202,1
P,phenyl,cyclohexyl,C1,phenyl,mesityl,<LB_P><LB1_phenyl><LB2_cyclohexyl><LINKER_C1><LA1_phenyl><LA2_mesityl>,Cc1cc(C)c(B(CP(c2ccccc2)C2CCCCC2)c2ccccc2)c(C)c1,True,Cc1cc(C)c(B(CP(c2ccccc2)C2CCCCC2)c2ccccc2)c(C)c1,Cc1cc(C)c(B(CP(c2ccccc2)C2CCCCC2)c2ccccc2)c(C)c1,[],True,1,0.47058823529411764,True,True,False,False,True,False,True,[],0,30,True,True,True,True,"['LA_B_aryl', 'LA_B_diaryl', 'LA_B_tricoordinate']",['LB_phosphine'],[],[],LA_LB_no_negative_flags,2,True,True,False,False,True,202,1
P,phenyl,isopropyl,C4,phenyl,phenyl,<LB_P><LB1_phenyl><LB2_isopropyl><LINKER_C4><LA1_phenyl><LA2_phenyl>,CC(C)P(CCCCB(c1ccccc1)c1ccccc1)c1ccccc1,True,CC(C)P(CCCCB(c1ccccc1)c1ccccc1)c1ccccc1,CC(C)P(CCCCB(c1ccccc1)c1ccccc1)c1ccccc1,[],True,1,0.4186046511627907,True,True,False,False,True,False,True,[],0,27,True,True,True,True,"['LA_B_aryl', 'LA_B_diaryl', 'LA_B_tricoordinate']",['LB_phosphine'],[],[],LA_LB_no_negative_flags,5,True,True,False,False,True,202,1
P,cyclohexyl,isopropyl,C4,mesityl,pentachlorophenyl,<LB_P><LB1_cyclohexyl><LB2_isopropyl><LINKER_C4><LA1_mesityl><LA2_pentachlorophenyl>,Cc1cc(C)c(B(CCCCP(C(C)C)C2CCCCC2)c2c(Cl)c(Cl)c(Cl)c(Cl)c2Cl)c(C)c1,True,Cc1cc(C)c(B(CCCCP(C(C)C)C2CCCCC2)c2c(Cl)c(Cl)c(Cl)c(Cl)c2Cl)c(C)c1,Cc1cc(C)c(B(CCCCP(C(C)C)C2CCCCC2)c2c(Cl)c(Cl)c(Cl)c(Cl)c2Cl)c(C)c1,[],True,1,0.4423076923076923,True,True,False,False,True,False,True,[],0,35,True,True,True,True,"['LA_B_aryl', 'LA_B_diaryl', 'LA_B_polyhalogenated_aryl', 'LA_B_tricoordinate']",['LB_phosphine'],[],[],LA_LB_no_negative_flags,5,True,True,False,False,True,202,1
P,mesityl,mesityl,C6,phenyl,pentachlorophenyl,<LB_P><LB1_mesityl><LB2_mesityl><LINKER_C6><LA1_phenyl><LA2_pentachlorophenyl>,Cc1cc(C)c(P(CCCCCCB(c2ccccc2)c2c(Cl)c(Cl)c(Cl)c(Cl)c2Cl)c2c(C)cc(C)cc2C)c(C)c1,True,Cc1cc(C)c(P(CCCCCCB(c2ccccc2)c2c(Cl)c(Cl)c(Cl)c(Cl)c2Cl)c2c(C)cc(C)cc2C)c(C)c1,Cc1cc(C)c(P(CCCCCCB(c2ccccc2)c2c(Cl)c(Cl)c(Cl)c(Cl)c2Cl)c2c(C)cc(C)cc2C)c(C)c1,[],True,1,0.5652173913043478,True,True,False,False,True,False,True,[],0,43,True,True,True,True,"['LA_B_aryl', 'LA_B_diaryl', 'LA_B_polyhalogenated_aryl', 'LA_B_tricoordinate']",['LB_phosphine'],[],[],LA_LB_no_negative_flags,7,True,True,False,False,True,202,1
P,tert_butyl,isopropyl,C3,pentachlorophenyl,bis_cf3_phenyl,<LB_P><LB1_tert_butyl><LB2_isopropyl><LINKER_C3><LA1_pentachlorophenyl><LA2_bis_cf3_phenyl>,CC(C)P(CCCB(c1cc(C(F)(F)F)cc(C(F)(F)F)c1)c1c(Cl)c(Cl)c(Cl)c(Cl)c1Cl)C(C)(C)C,True,CC(C)P(CCCB(c1cc(C(F)(F)F)cc(C(F)(F)F)c1)c1c(Cl)c(Cl)c(Cl)c(Cl)c1Cl)C(C)(C)C,CC(C)P(CCCB(c1cc(C(F)(F)F)cc(C(F)(F)F)c1)c1c(Cl)c(Cl)c(Cl)c(Cl)c1Cl)C(C)(C)C,[],True,1,0.4782608695652174,True,True,False,False,True,False,True,[],0,37,True,True,True,True,"['LA_B_aryl', 'LA_B_diaryl', 'LA_B_polyhalogenated_aryl', 'LA_B_tricoordinate']",['LB_phosphine'],[],[],LA_LB_no_negative_flags,4,True,True,False,False,True,202,1
P,cyclohexyl,isopropyl,C2,phenyl,mesityl,<LB_P><LB1_cyclohexyl><LB2_isopropyl><LINKER_C2><LA1_phenyl><LA2_mesityl>,Cc1cc(C)c(B(CCP(C(C)C)C2CCCCC2)c2ccccc2)c(C)c1,True,Cc1cc(C)c(B(CCP(C(C)C)C2CCCCC2)c2ccccc2)c(C)c1,Cc1cc(C)c(B(CCP(C(C)C)C2CCCCC2)c2ccccc2)c(C)c1,[],True,1,0.43636363636363634,True,True,False,False,True,False,True,[],0,28,True,True,True,True,"['LA_B_aryl', 'LA_B_diaryl', 'LA_B_tricoordinate']",['LB_phosphine'],[],[],LA_LB_no_negative_flags,3,True,True,False,False,True,202,1
N,ethyl,phenyl,C6,mesityl,pentachlorophenyl,<LB_N><LB1_ethyl><LB2_phenyl><LINKER_C6><LA1_mesityl><LA2_pentachlorophenyl>,CCN(CCCCCCB(c1c(C)cc(C)cc1C)c1c(Cl)c(Cl)c(Cl)c(Cl)c1Cl)c1ccccc1,True,CCN(CCCCCCB(c1c(C)cc(C)cc1C)c1c(Cl)c(Cl)c(Cl)c(Cl)c1Cl)c1ccccc1,CCN(CCCCCCB(c1c(C)cc(C)cc1C)c1c(Cl)c(Cl)c(Cl)c(Cl)c1Cl)c1ccccc1,[],True,1,0.4117647058823529,True,True,False,False,True,False,True,[],0,36,True,True,True,True,"['LA_B_aryl', 'LA_B_diaryl', 'LA_B_polyhalogenated_aryl', 'LA_B_tricoordinate']",['LB_amine'],[],[],LA_LB_no_negative_flags,7,True,True,False,False,True,202,1
N,isopropyl,phenyl,C6,pentafluorophenyl,pentachlorophenyl,<LB_N><LB1_isopropyl><LB2_phenyl><LINKER_C6><LA1_pentafluorophenyl><LA2_pentachlorophenyl>,CC(C)N(CCCCCCB(c1c(F)c(F)c(F)c(F)c1F)c1c(Cl)c(Cl)c(Cl)c(Cl)c1Cl)c1ccccc1,True,CC(C)N(CCCCCCB(c1c(F)c(F)c(F)c(F)c1F)c1c(Cl)c(Cl)c(Cl)c(Cl)c1Cl)c1ccccc1,CC(C)N(CCCCCCB(c1c(F)c(F)c(F)c(F)c1F)c1c(Cl)c(Cl)c(Cl)c(Cl)c1Cl)c1ccccc1,[],True,1,0.42,True,True,False,False,True,False,True,[],0,39,True,True,True,True,"['LA_B_aryl', 'LA_B_diaryl', 'LA_B_polyhalogenated_aryl', 'LA_B_tricoordinate']",['LB_amine'],[],[],LA_LB_no_negative_flags,7,True,True,False,False,True,202,1
N,isopropyl,cyclohexyl,C2,bis_cf3_phenyl,bis_cf3_phenyl,<LB_N><LB1_isopropyl><LB2_cyclohexyl><LINKER_C2><LA1_bis_cf3_phenyl><LA2_bis_cf3_phenyl>,CC(C)N(CCB(c1cc(C(F)(F)F)cc(C(F)(F)F)c1)c1cc(C(F)(F)F)cc(C(F)(F)F)c1)C1CCCCC1,True,CC(C)N(CCB(c1cc(C(F)(F)F)cc(C(F)(F)F)c1)c1cc(C(F)(F)F)cc(C(F)(F)F)c1)C1CCCCC1,CC(C)N(CCB(c1cc(C(F)(F)F)cc(C(F)(F)F)c1)c1cc(C(F)(F)F)cc(C(F)(F)F)c1)C1CCCCC1,[],True,1,0.41304347826086957,True,True,False,False,True,False,True,[],0,41,True,True,True,True,"['LA_B_aryl', 'LA_B_diaryl', 'LA_B_tricoordinate']",['LB_amine'],[],[],LA_LB_no_negative_flags,3,True,True,False,False,True,202,2
P,phenyl,isopropyl,C2,mesityl,mesityl,<LB_P><LB1_phenyl><LB2_isopropyl><LINKER_C2><LA1_mesityl><LA2_mesityl>,Cc1cc(C)c(B(CCP(c2ccccc2)C(C)C)c2c(C)cc(C)cc2C)c(C)c1,True,Cc1cc(C)c(B(CCP(c2ccccc2)C(C)C)c2c(C)cc(C)cc2C)c(C)c1,Cc1cc(C)c(B(CCP(c2ccccc2)C(C)C)c2c(C)cc(C)cc2C)c(C)c1,[],True,1,0.4222222222222222,True,True,False,False,True,False,True,[],0,31,True,True,True,True,"['LA_B_aryl', 'LA_B_diaryl', 'LA_B_tricoordinate']",['LB_phosphine'],[],[],LA_LB_no_negative_flags,3,True,True,False,False,True,202,1
P,phenyl,phenyl,C5,mesityl,pentafluorophenyl,<LB_P><LB1_phenyl><LB2_phenyl><LINKER_C5><LA1_mesityl><LA2_pentafluorophenyl>,Cc1cc(C)c(B(CCCCCP(c2ccccc2)c2ccccc2)c2c(F)c(F)c(F)c(F)c2F)c(C)c1,True,Cc1cc(C)c(B(CCCCCP(c2ccccc2)c2ccccc2)c2c(F)c(F)c(F)c(F)c2F)c(C)c1,Cc1cc(C)c(B(CCCCCP(c2ccccc2)c2ccccc2)c2c(F)c(F)c(F)c(F)c2F)c(C)c1,[],True,1,0.75,True,True,False,False,True,False,True,[],0,39,True,True,True,True,"['LA_B_aryl', 'LA_B_diaryl', 'LA_B_polyhalogenated_aryl', 'LA_B_tricoordinate']",['LB_phosphine'],[],[],LA_LB_no_negative_flags,6,True,True,False,False,True,202,1
P,phenyl,isopropyl,C4,p_tolyl,pentachlorophenyl,<LB_P><LB1_phenyl><LB2_isopropyl><LINKER_C4><LA1_p_tolyl><LA2_pentachlorophenyl>,Cc1ccc(B(CCCCP(c2ccccc2)C(C)C)c2c(Cl)c(Cl)c(Cl)c(Cl)c2Cl)cc1,True,Cc1ccc(B(CCCCP(c2ccccc2)C(C)C)c2c(Cl)c(Cl)c(Cl)c(Cl)c2Cl)cc1,Cc1ccc(B(CCCCP(c2ccccc2)C(C)C)c2c(Cl)c(Cl)c(Cl)c(Cl)c2Cl)cc1,[],True,1,0.425531914893617,True,True,False,False,True,False,True,[],0,33,True,True,True,True,"['LA_B_aryl', 'LA_B_diaryl', 'LA_B_polyhalogenated_aryl', 'LA_B_tricoordinate']",['LB_phosphine'],[],[],LA_LB_no_negative_flags,5,True,True,False,False,True,202,1
N,ethyl,isopropyl,C5,bis_cf3_phenyl,bis_cf3_phenyl,<LB_N><LB1_ethyl><LB2_isopropyl><LINKER_C5><LA1_bis_cf3_phenyl><LA2_bis_cf3_phenyl>,CCN(CCCCCB(c1cc(C(F)(F)F)cc(C(F)(F)F)c1)c1cc(C(F)(F)F)cc(C(F)(F)F)c1)C(C)C,True,CCN(CCCCCB(c1cc(C(F)(F)F)cc(C(F)(F)F)c1)c1cc(C(F)(F)F)cc(C(F)(F)F)c1)C(C)C,CCN(CCCCCB(c1cc(C(F)(F)F)cc(C(F)(F)F)c1)c1cc(C(F)(F)F)cc(C(F)(F)F)c1)C(C)C,[],True,1,0.4222222222222222,True,True,False,False,True,False,True,[],0,40,True,True,True,True,"['LA_B_aryl', 'LA_B_diaryl', 'LA_B_tricoordinate']",['LB_amine'],[],[],LA_LB_no_negative_flags,6,True,True,False,False,True,202,1
P,mesityl,isopropyl,C4,phenyl,mesityl,<LB_P><LB1_mesityl><LB2_isopropyl><LINKER_C4><LA1_phenyl><LA2_mesityl>,Cc1cc(C)c(B(CCCCP(c2c(C)cc(C)cc2C)C(C)C)c2ccccc2)c(C)c1,True,Cc1cc(C)c(B(CCCCP(c2c(C)cc(C)cc2C)C(C)C)c2ccccc2)c(C)c1,Cc1cc(C)c(B(CCCCP(c2c(C)cc(C)cc2C)C(C)C)c2ccccc2)c(C)c1,[],True,1,0.44,True,True,False,False,True,False,True,[],0,33,True,True,True,True,"['LA_B_aryl', 'LA_B_diaryl', 'LA_B_tricoordinate']",['LB_phosphine'],[],[],LA_LB_no_negative_flags,5,True,True,False,False,True,202,1
P,isopropyl,isopropyl,C5,phenyl,bis_cf3_phenyl,<LB_P><LB1_isopropyl><LB2_isopropyl><LINKER_C5><LA1_phenyl><LA2_bis_cf3_phenyl>,CC(C)P(CCCCCB(c1ccccc1)c1cc(C(F)(F)F)cc(C(F)(F)F)c1)C(C)C,True,CC(C)P(CCCCCB(c1ccccc1)c1cc(C(F)(F)F)cc(C(F)(F)F)c1)C(C)C,CC(C)P(CCCCCB(c1ccccc1)c1cc(C(F)(F)F)cc(C(F)(F)F)c1)C(C)C,[],True,1,0.425531914893617,True,True,False,False,True,False,True,[],0,33,True,True,True,True,"['LA_B_aryl', 'LA_B_diaryl', 'LA_B_tricoordinate']",['LB_phosphine'],[],[],LA_LB_no_negative_flags,6,True,True,False,False,True,202,2
N,methyl,ethyl,C3,phenyl,pentachlorophenyl,<LB_N><LB1_methyl><LB2_ethyl><LINKER_C3><LA1_phenyl><LA2_pentachlorophenyl>,CCN(C)CCCB(c1ccccc1)c1c(Cl)c(Cl)c(Cl)c(Cl)c1Cl,True,CCN(C)CCCB(c1ccccc1)c1c(Cl)c(Cl)c(Cl)c(Cl)c1Cl,CCN(C)CCCB(c1ccccc1)c1c(Cl)c(Cl)c(Cl)c(Cl)c1Cl,[],True,1,0.4,True,True,False,False,True,False,True,[],0,25,True,True,True,True,"['LA_B_aryl', 'LA_B_diaryl', 'LA_B_polyhalogenated_aryl', 'LA_B_tricoordinate']",['LB_amine'],[],[],LA_LB_no_negative_flags,4,True,True,False,False,True,202,1
N,methyl,isopropyl,C4,p_tolyl,pentafluorophenyl,<LB_N><LB1_methyl><LB2_isopropyl><LINKER_C4><LA1_p_tolyl><LA2_pentafluorophenyl>,Cc1ccc(B(CCCCN(C)C(C)C)c2c(F)c(F)c(F)c(F)c2F)cc1,True,Cc1ccc(B(CCCCN(C)C(C)C)c2c(F)c(F)c(F)c(F)c2F)cc1,Cc1ccc(B(CCCCN(C)C(C)C)c2c(F)c(F)c(F)c(F)c2F)cc1,[],True,1,0.4,True,True,False,False,True,False,True,[],0,28,True,True,True,True,"['LA_B_aryl', 'LA_B_diaryl', 'LA_B_polyhalogenated_aryl', 'LA_B_tricoordinate']",['LB_amine'],[],[],LA_LB_no_negative_flags,5,True,True,False,False,True,202,1
P,phenyl,isopropyl,C6,pentafluorophenyl,bis_cf3_phenyl,<LB_P><LB1_phenyl><LB2_isopropyl><LINKER_C6><LA1_pentafluorophenyl><LA2_bis_cf3_phenyl>,CC(C)P(CCCCCCB(c1cc(C(F)(F)F)cc(C(F)(F)F)c1)c1c(F)c(F)c(F)c(F)c1F)c1ccccc1,True,CC(C)P(CCCCCCB(c1cc(C(F)(F)F)cc(C(F)(F)F)c1)c1c(F)c(F)c(F)c(F)c1F)c1ccccc1,CC(C)P(CCCCCCB(c1cc(C(F)(F)F)cc(C(F)(F)F)c1)c1c(F)c(F)c(F)c(F)c1F)c1ccccc1,[],True,1,0.4807692307692308,True,True,False,False,True,False,True,[],0,42,True,True,True,True,"['LA_B_aryl', 'LA_B_diaryl', 'LA_B_polyhalogenated_aryl', 'LA_B_tricoordinate']",['LB_phosphine'],[],[],LA_LB_no_negative_flags,7,True,True,False,False,True,202,2
P,isopropyl,isopropyl,C6,phenyl,bis_cf3_phenyl,<LB_P><LB1_isopropyl><LB2_isopropyl><LINKER_C6><LA1_phenyl><LA2_bis_cf3_phenyl>,CC(C)P(CCCCCCB(c1ccccc1)c1cc(C(F)(F)F)cc(C(F)(F)F)c1)C(C)C,True,CC(C)P(CCCCCCB(c1ccccc1)c1cc(C(F)(F)F)cc(C(F)(F)F)c1)C(C)C,CC(C)P(CCCCCCB(c1ccccc1)c1cc(C(F)(F)F)cc(C(F)(F)F)c1)C(C)C,[],True,1,0.425531914893617,True,True,False,False,True,False,True,[],0,34,True,True,True,True,"['LA_B_aryl', 'LA_B_diaryl', 'LA_B_tricoordinate']",['LB_phosphine'],[],[],LA_LB_no_negative_flags,7,True,True,False,False,True,202,1
P,phenyl,phenyl,C1,phenyl,bis_cf3_phenyl,<LB_P><LB1_phenyl><LB2_phenyl><LINKER_C1><LA1_phenyl><LA2_bis_cf3_phenyl>,FC(F)(F)c1cc(B(CP(c2ccccc2)c2ccccc2)c2ccccc2)cc(C(F)(F)F)c1,True,FC(F)(F)c1cc(B(CP(c2ccccc2)c2ccccc2)c2ccccc2)cc(C(F)(F)F)c1,FC(F)(F)c1cc(B(CP(c2ccccc2)c2ccccc2)c2ccccc2)cc(C(F)(F)F)c1,[],True,1,0.5128205128205128,True,True,False,False,True,False,True,[],0,35,True,True,True,True,"['LA_B_aryl', 'LA_B_diaryl', 'LA_B_tricoordinate']",['LB_phosphine'],[],[],LA_LB_no_negative_flags,2,True,True,False,False,True,202,1
N,methyl,ethyl,C5,phenyl,pentafluorophenyl,<LB_N><LB1_methyl><LB2_ethyl><LINKER_C5><LA1_phenyl><LA2_pentafluorophenyl>,CCN(C)CCCCCB(c1ccccc1)c1c(F)c(F)c(F)c(F)c1F,True,CCN(C)CCCCCB(c1ccccc1)c1c(F)c(F)c(F)c(F)c1F,CCN(C)CCCCCB(c1ccccc1)c1c(F)c(F)c(F)c(F)c1F,[],True,1,0.43478260869565216,True,True,False,False,True,False,True,[],0,27,True,True,True,True,"['LA_B_aryl', 'LA_B_diaryl', 'LA_B_polyhalogenated_aryl', 'LA_B_tricoordinate']",['LB_amine'],[],[],LA_LB_no_negative_flags,6,True,True,False,False,True,202,1
P,phenyl,tert_butyl,C2,pentafluorophenyl,pentachlorophenyl,<LB_P><LB1_phenyl><LB2_tert_butyl><LINKER_C2><LA1_pentafluorophenyl><LA2_pentachlorophenyl>,CC(C)(C)P(CCB(c1c(F)c(F)c(F)c(F)c1F)c1c(Cl)c(Cl)c(Cl)c(Cl)c1Cl)c1ccccc1,True,CC(C)(C)P(CCB(c1c(F)c(F)c(F)c(F)c1F)c1c(Cl)c(Cl)c(Cl)c(Cl)c1Cl)c1ccccc1,CC(C)(C)P(CCB(c1c(F)c(F)c(F)c(F)c1F)c1c(Cl)c(Cl)c(Cl)c(Cl)c1Cl)c1ccccc1,[],True,1,0.5609756097560976,True,True,False,False,True,False,True,[],0,36,True,True,True,True,"['LA_B_aryl', 'LA_B_diaryl', 'LA_B_polyhalogenated_aryl', 'LA_B_tricoordinate']",['LB_phosphine'],[],[],LA_LB_no_negative_flags,3,True,True,False,False,True,202,1
N,methyl,phenyl,C6,pentachlorophenyl,pentachlorophenyl,<LB_N><LB1_methyl><LB2_phenyl><LINKER_C6><LA1_pentachlorophenyl><LA2_pentachlorophenyl>,CN(CCCCCCB(c1c(Cl)c(Cl)c(Cl)c(Cl)c1Cl)c1c(Cl)c(Cl)c(Cl)c(Cl)c1Cl)c1ccccc1,True,CN(CCCCCCB(c1c(Cl)c(Cl)c(Cl)c(Cl)c1Cl)c1c(Cl)c(Cl)c(Cl)c(Cl)c1Cl)c1ccccc1,CN(CCCCCCB(c1c(Cl)c(Cl)c(Cl)c(Cl)c1Cl)c1c(Cl)c(Cl)c(Cl)c(Cl)c1Cl)c1ccccc1,[],True,1,0.4146341463414634,True,True,False,False,True,False,True,[],0,37,True,True,True,True,"['LA_B_aryl', 'LA_B_diaryl', 'LA_B_polyhalogenated_aryl', 'LA_B_tricoordinate']",['LB_amine'],[],[],LA_LB_no_negative_flags,7,True,True,False,False,True,202,1
P,mesityl,mesityl,C1,phenyl,pentafluorophenyl,<LB_P><LB1_mesityl><LB2_mesityl><LINKER_C1><LA1_phenyl><LA2_pentafluorophenyl>,Cc1cc(C)c(P(CB(c2ccccc2)c2c(F)c(F)c(F)c(F)c2F)c2c(C)cc(C)cc2C)c(C)c1,True,Cc1cc(C)c(P(CB(c2ccccc2)c2c(F)c(F)c(F)c(F)c2F)c2c(C)cc(C)cc2C)c(C)c1,Cc1cc(C)c(P(CB(c2ccccc2)c2c(F)c(F)c(F)c(F)c2F)c2c(C)cc(C)cc2C)c(C)c1,[],True,1,0.5581395348837209,True,True,False,False,True,False,True,[],0,38,True,True,True,True,"['LA_B_aryl', 'LA_B_diaryl', 'LA_B_polyhalogenated_aryl', 'LA_B_tricoordinate']",['LB_phosphine'],[],[],LA_LB_no_negative_flags,2,True,True,False,False,True,202,1
P,phenyl,mesityl,C3,phenyl,p_tolyl,<LB_P><LB1_phenyl><LB2_mesityl><LINKER_C3><LA1_phenyl><LA2_p_tolyl>,Cc1ccc(B(CCCP(c2ccccc2)c2c(C)cc(C)cc2C)c2ccccc2)cc1,True,Cc1ccc(B(CCCP(c2ccccc2)c2c(C)cc(C)cc2C)c2ccccc2)cc1,Cc1ccc(B(CCCP(c2ccccc2)c2c(C)cc(C)cc2C)c2ccccc2)cc1,[],True,1,0.4583333333333333,True,True,False,False,True,False,True,[],0,33,True,True,True,True,"['LA_B_aryl', 'LA_B_diaryl', 'LA_B_tricoordinate']",['LB_phosphine'],[],[],LA_LB_no_negative_flags,4,True,True,False,False,True,202,1
P,phenyl,isopropyl,C4,phenyl,bis_cf3_phenyl,<LB_P><LB1_phenyl><LB2_isopropyl><LINKER_C4><LA1_phenyl><LA2_bis_cf3_phenyl>,CC(C)P(CCCCB(c1ccccc1)c1cc(C(F)(F)F)cc(C(F)(F)F)c1)c1ccccc1,True,CC(C)P(CCCCB(c1ccccc1)c1cc(C(F)(F)F)cc(C(F)(F)F)c1)c1ccccc1,CC(C)P(CCCCB(c1ccccc1)c1cc(C(F)(F)F)cc(C(F)(F)F)c1)c1ccccc1,[],True,1,0.40816326530612246,True,True,False,False,True,False,True,[],0,35,True,True,True,True,"['LA_B_aryl', 'LA_B_diaryl', 'LA_B_tricoordinate']",['LB_phosphine'],[],[],LA_LB_no_negative_flags,5,True,True,False,False,True,202,2
P,cyclohexyl,cyclohexyl,C1,p_tolyl,bis_cf3_phenyl,<LB_P><LB1_cyclohexyl><LB2_cyclohexyl><LINKER_C1><LA1_p_tolyl><LA2_bis_cf3_phenyl>,Cc1ccc(B(CP(C2CCCCC2)C2CCCCC2)c2cc(C(F)(F)F)cc(C(F)(F)F)c2)cc1,True,Cc1ccc(B(CP(C2CCCCC2)C2CCCCC2)c2cc(C(F)(F)F)cc(C(F)(F)F)c2)cc1,Cc1ccc(B(CP(C2CCCCC2)C2CCCCC2)c2cc(C(F)(F)F)cc(C(F)(F)F)c2)cc1,[],True,1,0.45652173913043476,True,True,False,False,True,False,True,[],0,36,True,True,True,True,"['LA_B_aryl', 'LA_B_diaryl', 'LA_B_tricoordinate']",['LB_phosphine'],[],[],LA_LB_no_negative_flags,2,True,True,False,False,True,202,1
N,methyl,isopropyl,C6,mesityl,pentachlorophenyl,<LB_N><LB1_methyl><LB2_isopropyl><LINKER_C6><LA1_mesityl><LA2_pentachlorophenyl>,Cc1cc(C)c(B(CCCCCCN(C)C(C)C)c2c(Cl)c(Cl)c(Cl)c(Cl)c2Cl)c(C)c1,True,Cc1cc(C)c(B(CCCCCCN(C)C(C)C)c2c(Cl)c(Cl)c(Cl)c(Cl)c2Cl)c(C)c1,Cc1cc(C)c(B(CCCCCCN(C)C(C)C)c2c(Cl)c(Cl)c(Cl)c(Cl)c2Cl)c(C)c1,[],True,1,0.44680851063829785,True,True,False,False,True,False,True,[],0,32,True,True,True,True,"['LA_B_aryl', 'LA_B_diaryl', 'LA_B_polyhalogenated_aryl', 'LA_B_tricoordinate']",['LB_amine'],[],[],LA_LB_no_negative_flags,7,True,True,False,False,True,202,1
P,phenyl,cyclohexyl,C2,phenyl,mesityl,<LB_P><LB1_phenyl><LB2_cyclohexyl><LINKER_C2><LA1_phenyl><LA2_mesityl>,Cc1cc(C)c(B(CCP(c2ccccc2)C2CCCCC2)c2ccccc2)c(C)c1,True,Cc1cc(C)c(B(CCP(c2ccccc2)C2CCCCC2)c2ccccc2)c(C)c1,Cc1cc(C)c(B(CCP(c2ccccc2)C2CCCCC2)c2ccccc2)c(C)c1,[],True,1,0.4528301886792453,True,True,False,False,True,False,True,[],0,31,True,True,True,True,"['LA_B_aryl', 'LA_B_diaryl', 'LA_B_tricoordinate']",['LB_phosphine'],[],[],LA_LB_no_negative_flags,3,True,True,False,False,True,202,2
P,cyclohexyl,isopropyl,C5,phenyl,pentafluorophenyl,<LB_P><LB1_cyclohexyl><LB2_isopropyl><LINKER_C5><LA1_phenyl><LA2_pentafluorophenyl>,CC(C)P(CCCCCB(c1ccccc1)c1c(F)c(F)c(F)c(F)c1F)C1CCCCC1,True,CC(C)P(CCCCCB(c1ccccc1)c1c(F)c(F)c(F)c(F)c1F)C1CCCCC1,CC(C)P(CCCCCB(c1ccccc1)c1c(F)c(F)c(F)c(F)c1F)C1CCCCC1,[],True,1,0.4423076923076923,True,True,False,False,True,False,True,[],0,33,True,True,True,True,"['LA_B_aryl', 'LA_B_diaryl', 'LA_B_polyhalogenated_aryl', 'LA_B_tricoordinate']",['LB_phosphine'],[],[],LA_LB_no_negative_flags,6,True,True,False,False,True,202,1
N,methyl,cyclohexyl,C3,mesityl,pentafluorophenyl,<LB_N><LB1_methyl><LB2_cyclohexyl><LINKER_C3><LA1_mesityl><LA2_pentafluorophenyl>,Cc1cc(C)c(B(CCCN(C)C2CCCCC2)c2c(F)c(F)c(F)c(F)c2F)c(C)c1,True,Cc1cc(C)c(B(CCCN(C)C2CCCCC2)c2c(F)c(F)c(F)c(F)c2F)c(C)c1,Cc1cc(C)c(B(CCCN(C)C2CCCCC2)c2c(F)c(F)c(F)c(F)c2F)c(C)c1,[],True,1,0.45098039215686275,True,True,False,False,True,False,True,[],0,32,True,True,True,True,"['LA_B_aryl', 'LA_B_diaryl', 'LA_B_polyhalogenated_aryl', 'LA_B_tricoordinate']",['LB_amine'],[],[],LA_LB_no_negative_flags,4,True,True,False,False,True,202,1
P,mesityl,mesityl,C6,p_tolyl,pentachlorophenyl,<LB_P><LB1_mesityl><LB2_mesityl><LINKER_C6><LA1_p_tolyl><LA2_pentachlorophenyl>,Cc1ccc(B(CCCCCCP(c2c(C)cc(C)cc2C)c2c(C)cc(C)cc2C)c2c(Cl)c(Cl)c(Cl)c(Cl)c2Cl)cc1,True,Cc1ccc(B(CCCCCCP(c2c(C)cc(C)cc2C)c2c(C)cc(C)cc2C)c2c(Cl)c(Cl)c(Cl)c(Cl)c2Cl)cc1,Cc1ccc(B(CCCCCCP(c2c(C)cc(C)cc2C)c2c(C)cc(C)cc2C)c2c(Cl)c(Cl)c(Cl)c(Cl)c2Cl)cc1,[],True,1,0.5652173913043478,True,True,False,False,True,False,True,[],0,44,True,True,True,True,"['LA_B_aryl', 'LA_B_diaryl', 'LA_B_polyhalogenated_aryl', 'LA_B_tricoordinate']",['LB_phosphine'],[],[],LA_LB_no_negative_flags,7,True,True,False,False,True,202,1
P,mesityl,tert_butyl,C4,phenyl,p_tolyl,<LB_P><LB1_mesityl><LB2_tert_butyl><LINKER_C4><LA1_phenyl><LA2_p_tolyl>,Cc1ccc(B(CCCCP(c2c(C)cc(C)cc2C)C(C)(C)C)c2ccccc2)cc1,True,Cc1ccc(B(CCCCP(c2c(C)cc(C)cc2C)C(C)(C)C)c2ccccc2)cc1,Cc1ccc(B(CCCCP(c2c(C)cc(C)cc2C)C(C)(C)C)c2ccccc2)cc1,[],True,1,0.4117647058823529,True,True,False,False,True,False,True,[],0,32,True,True,True,True,"['LA_B_aryl', 'LA_B_diaryl', 'LA_B_tricoordinate']",['LB_phosphine'],[],[],LA_LB_no_negative_flags,5,True,True,False,False,True,202,1
P,phenyl,mesityl,C5,mesityl,pentachlorophenyl,<LB_P><LB1_phenyl><LB2_mesityl><LINKER_C5><LA1_mesityl><LA2_pentachlorophenyl>,Cc1cc(C)c(B(CCCCCP(c2ccccc2)c2c(C)cc(C)cc2C)c2c(Cl)c(Cl)c(Cl)c(Cl)c2Cl)c(C)c1,True,Cc1cc(C)c(B(CCCCCP(c2ccccc2)c2c(C)cc(C)cc2C)c2c(Cl)c(Cl)c(Cl)c(Cl)c2Cl)c(C)c1,Cc1cc(C)c(B(CCCCCP(c2ccccc2)c2c(C)cc(C)cc2C)c2c(Cl)c(Cl)c(Cl)c(Cl)c2Cl)c(C)c1,[],True,1,0.5319148936170213,True,True,False,False,True,False,True,[],0,42,True,True,True,True,"['LA_B_aryl', 'LA_B_diaryl', 'LA_B_polyhalogenated_aryl', 'LA_B_tricoordinate']",['LB_phosphine'],[],[],LA_LB_no_negative_flags,6,True,True,False,False,True,202,2
P,phenyl,cyclohexyl,C3,pentafluorophenyl,pentafluorophenyl,<LB_P><LB1_phenyl><LB2_cyclohexyl><LINKER_C3><LA1_pentafluorophenyl><LA2_pentafluorophenyl>,Fc1c(F)c(F)c(B(CCCP(c2ccccc2)C2CCCCC2)c2c(F)c(F)c(F)c(F)c2F)c(F)c1F,True,Fc1c(F)c(F)c(B(CCCP(c2ccccc2)C2CCCCC2)c2c(F)c(F)c(F)c(F)c2F)c(F)c1F,Fc1c(F)c(F)c(B(CCCP(c2ccccc2)C2CCCCC2)c2c(F)c(F)c(F)c(F)c2F)c(F)c1F,[],True,1,0.5581395348837209,True,True,False,False,True,False,True,[],0,39,True,True,True,True,"['LA_B_aryl', 'LA_B_diaryl', 'LA_B_polyhalogenated_aryl', 'LA_B_tricoordinate']",['LB_phosphine'],[],[],LA_LB_no_negative_flags,4,True,True,False,False,True,202,1
P,mesityl,isopropyl,C2,phenyl,p_tolyl,<LB_P><LB1_mesityl><LB2_isopropyl><LINKER_C2><LA1_phenyl><LA2_p_tolyl>,Cc1ccc(B(CCP(c2c(C)cc(C)cc2C)C(C)C)c2ccccc2)cc1,True,Cc1ccc(B(CCP(c2c(C)cc(C)cc2C)C(C)C)c2ccccc2)cc1,Cc1ccc(B(CCP(c2c(C)cc(C)cc2C)C(C)C)c2ccccc2)cc1,[],True,1,0.40425531914893614,True,True,False,False,True,False,True,[],0,29,True,True,True,True,"['LA_B_aryl', 'LA_B_diaryl', 'LA_B_tricoordinate']",['LB_phosphine'],[],[],LA_LB_no_negative_flags,3,True,True,False,False,True,202,1
P,phenyl,phenyl,C5,phenyl,phenyl,<LB_P><LB1_phenyl><LB2_phenyl><LINKER_C5><LA1_phenyl><LA2_phenyl>,c1ccc(B(CCCCCP(c2ccccc2)c2ccccc2)c2ccccc2)cc1,True,c1ccc(B(CCCCCP(c2ccccc2)c2ccccc2)c2ccccc2)cc1,c1ccc(B(CCCCCP(c2ccccc2)c2ccccc2)c2ccccc2)cc1,[],True,1,0.6285714285714286,True,True,False,False,True,False,True,[],0,31,True,True,True,True,"['LA_B_aryl', 'LA_B_diaryl', 'LA_B_tricoordinate']",['LB_phosphine'],[],[],LA_LB_no_negative_flags,6,True,True,False,False,True,202,1
N,ethyl,ethyl,C4,p_tolyl,pentafluorophenyl,<LB_N><LB1_ethyl><LB2_ethyl><LINKER_C4><LA1_p_tolyl><LA2_pentafluorophenyl>,CCN(CC)CCCCB(c1ccc(C)cc1)c1c(F)c(F)c(F)c(F)c1F,True,CCN(CC)CCCCB(c1ccc(C)cc1)c1c(F)c(F)c(F)c(F)c1F,CCN(CC)CCCCB(c1ccc(C)cc1)c1c(F)c(F)c(F)c(F)c1F,[],True,1,0.4166666666666667,True,True,False,False,True,False,True,[],0,28,True,True,True,True,"['LA_B_aryl', 'LA_B_diaryl', 'LA_B_polyhalogenated_aryl', 'LA_B_tricoordinate']",['LB_amine'],[],[],LA_LB_no_negative_flags,5,True,True,False,False,True,202,1
P,tert_butyl,isopropyl,C4,phenyl,pentafluorophenyl,<LB_P><LB1_tert_butyl><LB2_isopropyl><LINKER_C4><LA1_phenyl><LA2_pentafluorophenyl>,CC(C)P(CCCCB(c1ccccc1)c1c(F)c(F)c(F)c(F)c1F)C(C)(C)C,True,CC(C)P(CCCCB(c1ccccc1)c1c(F)c(F)c(F)c(F)c1F)C(C)(C)C,CC(C)P(CCCCB(c1ccccc1)c1c(F)c(F)c(F)c(F)c1F)C(C)(C)C,[],True,1,0.5111111111111111,True,True,False,False,True,False,True,[],0,30,True,True,True,True,"['LA_B_aryl', 'LA_B_diaryl', 'LA_B_polyhalogenated_aryl', 'LA_B_tricoordinate']",['LB_phosphine'],[],[],LA_LB_no_negative_flags,5,True,True,False,False,True,202,1
P,tert_butyl,isopropyl,C2,phenyl,bis_cf3_phenyl,<LB_P><LB1_tert_butyl><LB2_isopropyl><LINKER_C2><LA1_phenyl><LA2_bis_cf3_phenyl>,CC(C)P(CCB(c1ccccc1)c1cc(C(F)(F)F)cc(C(F)(F)F)c1)C(C)(C)C,True,CC(C)P(CCB(c1ccccc1)c1cc(C(F)(F)F)cc(C(F)(F)F)c1)C(C)(C)C,CC(C)P(CCB(c1ccccc1)c1cc(C(F)(F)F)cc(C(F)(F)F)c1)C(C)(C)C,[],True,1,0.5116279069767442,True,True,False,False,True,False,True,[],0,31,True,True,True,True,"['LA_B_aryl', 'LA_B_diaryl', 'LA_B_tricoordinate']",['LB_phosphine'],[],[],LA_LB_no_negative_flags,3,True,True,False,False,True,202,1
P,phenyl,mesityl,C3,phenyl,pentafluorophenyl,<LB_P><LB1_phenyl><LB2_mesityl><LINKER_C3><LA1_phenyl><LA2_pentafluorophenyl>,Cc1cc(C)c(P(CCCB(c2ccccc2)c2c(F)c(F)c(F)c(F)c2F)c2ccccc2)c(C)c1,True,Cc1cc(C)c(P(CCCB(c2ccccc2)c2c(F)c(F)c(F)c(F)c2F)c2ccccc2)c(C)c1,Cc1cc(C)c(P(CCCB(c2ccccc2)c2c(F)c(F)c(F)c(F)c2F)c2ccccc2)c(C)c1,[],True,1,0.6444444444444445,True,True,False,False,True,False,True,[],0,37,True,True,True,True,"['LA_B_aryl', 'LA_B_diaryl', 'LA_B_polyhalogenated_aryl', 'LA_B_tricoordinate']",['LB_phosphine'],[],[],LA_LB_no_negative_flags,4,True,True,False,False,True,202,1
N,cyclohexyl,cyclohexyl,C1,bis_cf3_phenyl,bis_cf3_phenyl,<LB_N><LB1_cyclohexyl><LB2_cyclohexyl><LINKER_C1><LA1_bis_cf3_phenyl><LA2_bis_cf3_phenyl>,FC(F)(F)c1cc(B(CN(C2CCCCC2)C2CCCCC2)c2cc(C(F)(F)F)cc(C(F)(F)F)c2)cc(C(F)(F)F)c1,True,FC(F)(F)c1cc(B(CN(C2CCCCC2)C2CCCCC2)c2cc(C(F)(F)F)cc(C(F)(F)F)c2)cc(C(F)(F)F)c1,FC(F)(F)c1cc(B(CN(C2CCCCC2)C2CCCCC2)c2cc(C(F)(F)F)cc(C(F)(F)F)c2)cc(C(F)(F)F)c1,[],True,1,0.4146341463414634,True,True,False,False,True,False,True,[],0,43,True,True,True,True,"['LA_B_aryl', 'LA_B_diaryl', 'LA_B_tricoordinate']",['LB_amine'],[],[],LA_LB_no_negative_flags,2,True,True,False,False,True,202,1
P,tert_butyl,isopropyl,C5,mesityl,bis_cf3_phenyl,<LB_P><LB1_tert_butyl><LB2_isopropyl><LINKER_C5><LA1_mesityl><LA2_bis_cf3_phenyl>,Cc1cc(C)c(B(CCCCCP(C(C)C)C(C)(C)C)c2cc(C(F)(F)F)cc(C(F)(F)F)c2)c(C)c1,True,Cc1cc(C)c(B(CCCCCP(C(C)C)C(C)(C)C)c2cc(C(F)(F)F)cc(C(F)(F)F)c2)c(C)c1,Cc1cc(C)c(B(CCCCCP(C(C)C)C(C)(C)C)c2cc(C(F)(F)F)cc(C(F)(F)F)c2)c(C)c1,[],True,1,0.4489795918367347,True,True,False,False,True,False,True,[],0,37,True,True,True,True,"['LA_B_aryl', 'LA_B_diaryl', 'LA_B_tricoordinate']",['LB_phosphine'],[],[],LA_LB_no_negative_flags,6,True,True,False,False,True,202,1
P,mesityl,isopropyl,C5,p_tolyl,pentafluorophenyl,<LB_P><LB1_mesityl><LB2_isopropyl><LINKER_C5><LA1_p_tolyl><LA2_pentafluorophenyl>,Cc1ccc(B(CCCCCP(c2c(C)cc(C)cc2C)C(C)C)c2c(F)c(F)c(F)c(F)c2F)cc1,True,Cc1ccc(B(CCCCCP(c2c(C)cc(C)cc2C)C(C)C)c2c(F)c(F)c(F)c(F)c2F)cc1,Cc1ccc(B(CCCCCP(c2c(C)cc(C)cc2C)C(C)C)c2c(F)c(F)c(F)c(F)c2F)cc1,[],True,1,0.5833333333333334,True,True,False,False,True,False,True,[],0,37,True,True,True,True,"['LA_B_aryl', 'LA_B_diaryl', 'LA_B_polyhalogenated_aryl', 'LA_B_tricoordinate']",['LB_phosphine'],[],[],LA_LB_no_negative_flags,6,True,True,False,False,True,202,1
P,mesityl,mesityl,C4,phenyl,bis_cf3_phenyl,<LB_P><LB1_mesityl><LB2_mesityl><LINKER_C4><LA1_phenyl><LA2_bis_cf3_phenyl>,Cc1cc(C)c(P(CCCCB(c2ccccc2)c2cc(C(F)(F)F)cc(C(F)(F)F)c2)c2c(C)cc(C)cc2C)c(C)c1,True,Cc1cc(C)c(P(CCCCB(c2ccccc2)c2cc(C(F)(F)F)cc(C(F)(F)F)c2)c2c(C)cc(C)cc2C)c(C)c1,Cc1cc(C)c(P(CCCCB(c2ccccc2)c2cc(C(F)(F)F)cc(C(F)(F)F)c2)c2c(C)cc(C)cc2C)c(C)c1,[],True,1,0.5306122448979592,True,True,False,False,True,False,True,[],0,44,True,True,True,True,"['LA_B_aryl', 'LA_B_diaryl', 'LA_B_tricoordinate']",['LB_phosphine'],[],[],LA_LB_no_negative_flags,5,True,True,False,False,True,202,1
P,mesityl,mesityl,C3,phenyl,phenyl,<LB_P><LB1_mesityl><LB2_mesityl><LINKER_C3><LA1_phenyl><LA2_phenyl>,Cc1cc(C)c(P(CCCB(c2ccccc2)c2ccccc2)c2c(C)cc(C)cc2C)c(C)c1,True,Cc1cc(C)c(P(CCCB(c2ccccc2)c2ccccc2)c2c(C)cc(C)cc2C)c(C)c1,Cc1cc(C)c(P(CCCB(c2ccccc2)c2ccccc2)c2c(C)cc(C)cc2C)c(C)c1,[],True,1,0.5609756097560976,True,True,False,False,True,False,True,[],0,35,True,True,True,True,"['LA_B_aryl', 'LA_B_diaryl', 'LA_B_tricoordinate']",['LB_phosphine'],[],[],LA_LB_no_negative_flags,4,True,True,False,False,True,202,1
P,mesityl,tert_butyl,C6,p_tolyl,pentafluorophenyl,<LB_P><LB1_mesityl><LB2_tert_butyl><LINKER_C6><LA1_p_tolyl><LA2_pentafluorophenyl>,Cc1ccc(B(CCCCCCP(c2c(C)cc(C)cc2C)C(C)(C)C)c2c(F)c(F)c(F)c(F)c2F)cc1,True,Cc1ccc(B(CCCCCCP(c2c(C)cc(C)cc2C)C(C)(C)C)c2c(F)c(F)c(F)c(F)c2F)cc1,Cc1ccc(B(CCCCCCP(c2c(C)cc(C)cc2C)C(C)(C)C)c2c(F)c(F)c(F)c(F)c2F)cc1,[],True,1,0.5833333333333334,True,True,False,False,True,False,True,[],0,39,True,True,True,True,"['LA_B_aryl', 'LA_B_diaryl', 'LA_B_polyhalogenated_aryl', 'LA_B_tricoordinate']",['LB_phosphine'],[],[],LA_LB_no_negative_flags,7,True,True,False,False,True,202,1
P,phenyl,isopropyl,C6,mesityl,mesityl,<LB_P><LB1_phenyl><LB2_isopropyl><LINKER_C6><LA1_mesityl><LA2_mesityl>,Cc1cc(C)c(B(CCCCCCP(c2ccccc2)C(C)C)c2c(C)cc(C)cc2C)c(C)c1,True,Cc1cc(C)c(B(CCCCCCP(c2ccccc2)C(C)C)c2c(C)cc(C)cc2C)c(C)c1,Cc1cc(C)c(B(CCCCCCP(c2ccccc2)C(C)C)c2c(C)cc(C)cc2C)c(C)c1,[],True,1,0.42,True,True,False,False,True,False,True,[],0,35,True,True,True,True,"['LA_B_aryl', 'LA_B_diaryl', 'LA_B_tricoordinate']",['LB_phosphine'],[],[],LA_LB_no_negative_flags,7,True,True,False,False,True,202,2
P,phenyl,mesityl,C5,p_tolyl,p_tolyl,<LB_P><LB1_phenyl><LB2_mesityl><LINKER_C5><LA1_p_tolyl><LA2_p_tolyl>,Cc1ccc(B(CCCCCP(c2ccccc2)c2c(C)cc(C)cc2C)c2ccc(C)cc2)cc1,True,Cc1ccc(B(CCCCCP(c2ccccc2)c2c(C)cc(C)cc2C)c2ccc(C)cc2)cc1,Cc1ccc(B(CCCCCP(c2ccccc2)c2c(C)cc(C)cc2C)c2ccc(C)cc2)cc1,[],True,1,0.5106382978723404,True,True,False,False,True,False,True,[],0,36,True,True,True,True,"['LA_B_aryl', 'LA_B_diaryl', 'LA_B_tricoordinate']",['LB_phosphine'],[],[],LA_LB_no_negative_flags,6,True,True,False,False,True,202,1
P,phenyl,mesityl,C2,phenyl,p_tolyl,<LB_P><LB1_phenyl><LB2_mesityl><LINKER_C2><LA1_phenyl><LA2_p_tolyl>,Cc1ccc(B(CCP(c2ccccc2)c2c(C)cc(C)cc2C)c2ccccc2)cc1,True,Cc1ccc(B(CCP(c2ccccc2)c2c(C)cc(C)cc2C)c2ccccc2)cc1,Cc1ccc(B(CCP(c2ccccc2)c2c(C)cc(C)cc2C)c2ccccc2)cc1,[],True,1,0.41304347826086957,True,True,False,False,True,False,True,[],0,32,True,True,True,True,"['LA_B_aryl', 'LA_B_diaryl', 'LA_B_tricoordinate']",['LB_phosphine'],[],[],LA_LB_no_negative_flags,3,True,True,False,False,True,202,1
P,tert_butyl,cyclohexyl,C6,pentafluorophenyl,pentafluorophenyl,<LB_P><LB1_tert_butyl><LB2_cyclohexyl><LINKER_C6><LA1_pentafluorophenyl><LA2_pentafluorophenyl>,CC(C)(C)P(CCCCCCB(c1c(F)c(F)c(F)c(F)c1F)c1c(F)c(F)c(F)c(F)c1F)C1CCCCC1,True,CC(C)(C)P(CCCCCCB(c1c(F)c(F)c(F)c(F)c1F)c1c(F)c(F)c(F)c(F)c1F)C1CCCCC1,CC(C)(C)P(CCCCCCB(c1c(F)c(F)c(F)c(F)c1F)c1c(F)c(F)c(F)c(F)c1F)C1CCCCC1,[],True,1,0.4,True,True,False,False,True,False,True,[],0,40,True,True,True,True,"['LA_B_aryl', 'LA_B_diaryl', 'LA_B_polyhalogenated_aryl', 'LA_B_tricoordinate']",['LB_phosphine'],[],[],LA_LB_no_negative_flags,7,True,True,False,False,True,202,1
N,methyl,phenyl,C4,pentafluorophenyl,pentachlorophenyl,<LB_N><LB1_methyl><LB2_phenyl><LINKER_C4><LA1_pentafluorophenyl><LA2_pentachlorophenyl>,CN(CCCCB(c1c(F)c(F)c(F)c(F)c1F)c1c(Cl)c(Cl)c(Cl)c(Cl)c1Cl)c1ccccc1,True,CN(CCCCB(c1c(F)c(F)c(F)c(F)c1F)c1c(Cl)c(Cl)c(Cl)c(Cl)c1Cl)c1ccccc1,CN(CCCCB(c1c(F)c(F)c(F)c(F)c1F)c1c(Cl)c(Cl)c(Cl)c(Cl)c1Cl)c1ccccc1,[],True,1,0.45652173913043476,True,True,False,False,True,False,True,[],0,35,True,True,True,True,"['LA_B_aryl', 'LA_B_diaryl', 'LA_B_polyhalogenated_aryl', 'LA_B_tricoordinate']",['LB_amine'],[],[],LA_LB_no_negative_flags,5,True,True,False,False,True,202,1
P,phenyl,tert_butyl,C5,pentafluorophenyl,pentachlorophenyl,<LB_P><LB1_phenyl><LB2_tert_butyl><LINKER_C5><LA1_pentafluorophenyl><LA2_pentachlorophenyl>,CC(C)(C)P(CCCCCB(c1c(F)c(F)c(F)c(F)c1F)c1c(Cl)c(Cl)c(Cl)c(Cl)c1Cl)c1ccccc1,True,CC(C)(C)P(CCCCCB(c1c(F)c(F)c(F)c(F)c1F)c1c(Cl)c(Cl)c(Cl)c(Cl)c1Cl)c1ccccc1,CC(C)(C)P(CCCCCB(c1c(F)c(F)c(F)c(F)c1F)c1c(Cl)c(Cl)c(Cl)c(Cl)c1Cl)c1ccccc1,[],True,1,0.5777777777777777,True,True,False,False,True,False,True,[],0,39,True,True,True,True,"['LA_B_aryl', 'LA_B_diaryl', 'LA_B_polyhalogenated_aryl', 'LA_B_tricoordinate']",['LB_phosphine'],[],[],LA_LB_no_negative_flags,6,True,True,False,False,True,202,1
P,tert_butyl,tert_butyl,C6,mesityl,bis_cf3_phenyl,<LB_P><LB1_tert_butyl><LB2_tert_butyl><LINKER_C6><LA1_mesityl><LA2_bis_cf3_phenyl>,Cc1cc(C)c(B(CCCCCCP(C(C)(C)C)C(C)(C)C)c2cc(C(F)(F)F)cc(C(F)(F)F)c2)c(C)c1,True,Cc1cc(C)c(B(CCCCCCP(C(C)(C)C)C(C)(C)C)c2cc(C(F)(F)F)cc(C(F)(F)F)c2)c(C)c1,Cc1cc(C)c(B(CCCCCCP(C(C)(C)C)C(C)(C)C)c2cc(C(F)(F)F)cc(C(F)(F)F)c2)c(C)c1,[],True,1,0.5111111111111111,True,True,False,False,True,False,True,[],0,39,True,True,True,True,"['LA_B_aryl', 'LA_B_diaryl', 'LA_B_tricoordinate']",['LB_phosphine'],[],[],LA_LB_no_negative_flags,7,True,True,False,False,True,202,1
P,mesityl,mesityl,C5,p_tolyl,pentafluorophenyl,<LB_P><LB1_mesityl><LB2_mesityl><LINKER_C5><LA1_p_tolyl><LA2_pentafluorophenyl>,Cc1ccc(B(CCCCCP(c2c(C)cc(C)cc2C)c2c(C)cc(C)cc2C)c2c(F)c(F)c(F)c(F)c2F)cc1,True,Cc1ccc(B(CCCCCP(c2c(C)cc(C)cc2C)c2c(C)cc(C)cc2C)c2c(F)c(F)c(F)c(F)c2F)cc1,Cc1ccc(B(CCCCCP(c2c(C)cc(C)cc2C)c2c(C)cc(C)cc2C)c2c(F)c(F)c(F)c(F)c2F)cc1,[],True,1,0.8,True,True,False,False,True,False,True,[],0,43,True,True,True,True,"['LA_B_aryl', 'LA_B_diaryl', 'LA_B_polyhalogenated_aryl', 'LA_B_tricoordinate']",['LB_phosphine'],[],[],LA_LB_no_negative_flags,6,True,True,False,False,True,202,1
P,mesityl,mesityl,C1,pentafluorophenyl,pentafluorophenyl,<LB_P><LB1_mesityl><LB2_mesityl><LINKER_C1><LA1_pentafluorophenyl><LA2_pentafluorophenyl>,Cc1cc(C)c(P(CB(c2c(F)c(F)c(F)c(F)c2F)c2c(F)c(F)c(F)c(F)c2F)c2c(C)cc(C)cc2C)c(C)c1,True,Cc1cc(C)c(P(CB(c2c(F)c(F)c(F)c(F)c2F)c2c(F)c(F)c(F)c(F)c2F)c2c(C)cc(C)cc2C)c(C)c1,Cc1cc(C)c(P(CB(c2c(F)c(F)c(F)c(F)c2F)c2c(F)c(F)c(F)c(F)c2F)c2c(C)cc(C)cc2C)c(C)c1,[],True,1,0.6486486486486487,True,True,False,False,True,False,True,[],0,43,True,True,True,True,"['LA_B_aryl', 'LA_B_diaryl', 'LA_B_polyhalogenated_aryl', 'LA_B_tricoordinate']",['LB_phosphine'],[],[],LA_LB_no_negative_flags,2,True,True,False,False,True,202,1
N,cyclohexyl,cyclohexyl,C4,phenyl,pentafluorophenyl,<LB_N><LB1_cyclohexyl><LB2_cyclohexyl><LINKER_C4><LA1_phenyl><LA2_pentafluorophenyl>,Fc1c(F)c(F)c(B(CCCCN(C2CCCCC2)C2CCCCC2)c2ccccc2)c(F)c1F,True,Fc1c(F)c(F)c(B(CCCCN(C2CCCCC2)C2CCCCC2)c2ccccc2)c(F)c1F,Fc1c(F)c(F)c(B(CCCCN(C2CCCCC2)C2CCCCC2)c2ccccc2)c(F)c1F,[],True,1,0.40816326530612246,True,True,False,False,True,False,True,[],0,35,True,True,True,True,"['LA_B_aryl', 'LA_B_diaryl', 'LA_B_polyhalogenated_aryl', 'LA_B_tricoordinate']",['LB_amine'],[],[],LA_LB_no_negative_flags,5,True,True,False,False,True,202,2
P,tert_butyl,isopropyl,C5,p_tolyl,pentafluorophenyl,<LB_P><LB1_tert_butyl><LB2_isopropyl><LINKER_C5><LA1_p_tolyl><LA2_pentafluorophenyl>,Cc1ccc(B(CCCCCP(C(C)C)C(C)(C)C)c2c(F)c(F)c(F)c(F)c2F)cc1,True,Cc1ccc(B(CCCCCP(C(C)C)C(C)(C)C)c2c(F)c(F)c(F)c(F)c2F)cc1,Cc1ccc(B(CCCCCP(C(C)C)C(C)(C)C)c2c(F)c(F)c(F)c(F)c2F)cc1,[],True,1,0.46,True,True,False,False,True,False,True,[],0,32,True,True,True,True,"['LA_B_aryl', 'LA_B_diaryl', 'LA_B_polyhalogenated_aryl', 'LA_B_tricoordinate']",['LB_phosphine'],[],[],LA_LB_no_negative_flags,6,True,True,False,False,True,202,1
P,mesityl,tert_butyl,C6,pentafluorophenyl,bis_cf3_phenyl,<LB_P><LB1_mesityl><LB2_tert_butyl><LINKER_C6><LA1_pentafluorophenyl><LA2_bis_cf3_phenyl>,Cc1cc(C)c(P(CCCCCCB(c2cc(C(F)(F)F)cc(C(F)(F)F)c2)c2c(F)c(F)c(F)c(F)c2F)C(C)(C)C)c(C)c1,True,Cc1cc(C)c(P(CCCCCCB(c2cc(C(F)(F)F)cc(C(F)(F)F)c2)c2c(F)c(F)c(F)c(F)c2F)C(C)(C)C)c(C)c1,Cc1cc(C)c(P(CCCCCCB(c2cc(C(F)(F)F)cc(C(F)(F)F)c2)c2c(F)c(F)c(F)c(F)c2F)C(C)(C)C)c(C)c1,[],True,1,0.5490196078431373,True,True,False,False,True,False,True,[],0,46,True,True,True,True,"['LA_B_aryl', 'LA_B_diaryl', 'LA_B_polyhalogenated_aryl', 'LA_B_tricoordinate']",['LB_phosphine'],[],[],LA_LB_no_negative_flags,7,True,True,False,False,True,202,1
P,phenyl,isopropyl,C5,pentafluorophenyl,bis_cf3_phenyl,<LB_P><LB1_phenyl><LB2_isopropyl><LINKER_C5><LA1_pentafluorophenyl><LA2_bis_cf3_phenyl>,CC(C)P(CCCCCB(c1cc(C(F)(F)F)cc(C(F)(F)F)c1)c1c(F)c(F)c(F)c(F)c1F)c1ccccc1,True,CC(C)P(CCCCCB(c1cc(C(F)(F)F)cc(C(F)(F)F)c1)c1c(F)c(F)c(F)c(F)c1F)c1ccccc1,CC(C)P(CCCCCB(c1cc(C(F)(F)F)cc(C(F)(F)F)c1)c1c(F)c(F)c(F)c(F)c1F)c1ccccc1,[],True,1,0.4807692307692308,True,True,False,False,True,False,True,[],0,41,True,True,True,True,"['LA_B_aryl', 'LA_B_diaryl', 'LA_B_polyhalogenated_aryl', 'LA_B_tricoordinate']",['LB_phosphine'],[],[],LA_LB_no_negative_flags,6,True,True,False,False,True,202,1
P,phenyl,cyclohexyl,C3,mesityl,mesityl,<LB_P><LB1_phenyl><LB2_cyclohexyl><LINKER_C3><LA1_mesityl><LA2_mesityl>,Cc1cc(C)c(B(CCCP(c2ccccc2)C2CCCCC2)c2c(C)cc(C)cc2C)c(C)c1,True,Cc1cc(C)c(B(CCCP(c2ccccc2)C2CCCCC2)c2c(C)cc(C)cc2C)c(C)c1,Cc1cc(C)c(B(CCCP(c2ccccc2)C2CCCCC2)c2c(C)cc(C)cc2C)c(C)c1,[],True,1,0.46153846153846156,True,True,False,False,True,False,True,[],0,35,True,True,True,True,"['LA_B_aryl', 'LA_B_diaryl', 'LA_B_tricoordinate']",['LB_phosphine'],[],[],LA_LB_no_negative_flags,4,True,True,False,False,True,202,1
P,tert_butyl,isopropyl,C2,mesityl,pentachlorophenyl,<LB_P><LB1_tert_butyl><LB2_isopropyl><LINKER_C2><LA1_mesityl><LA2_pentachlorophenyl>,Cc1cc(C)c(B(CCP(C(C)C)C(C)(C)C)c2c(Cl)c(Cl)c(Cl)c(Cl)c2Cl)c(C)c1,True,Cc1cc(C)c(B(CCP(C(C)C)C(C)(C)C)c2c(Cl)c(Cl)c(Cl)c(Cl)c2Cl)c(C)c1,Cc1cc(C)c(B(CCP(C(C)C)C(C)(C)C)c2c(Cl)c(Cl)c(Cl)c(Cl)c2Cl)c(C)c1,[],True,1,0.5714285714285714,True,True,False,False,True,False,True,[],0,31,True,True,True,True,"['LA_B_aryl', 'LA_B_diaryl', 'LA_B_polyhalogenated_aryl', 'LA_B_tricoordinate']",['LB_phosphine'],[],[],LA_LB_no_negative_flags,3,True,True,False,False,True,202,2
P,cyclohexyl,cyclohexyl,C1,mesityl,pentafluorophenyl,<LB_P><LB1_cyclohexyl><LB2_cyclohexyl><LINKER_C1><LA1_mesityl><LA2_pentafluorophenyl>,Cc1cc(C)c(B(CP(C2CCCCC2)C2CCCCC2)c2c(F)c(F)c(F)c(F)c2F)c(C)c1,True,Cc1cc(C)c(B(CP(C2CCCCC2)C2CCCCC2)c2c(F)c(F)c(F)c(F)c2F)c(C)c1,Cc1cc(C)c(B(CP(C2CCCCC2)C2CCCCC2)c2c(F)c(F)c(F)c(F)c2F)c(C)c1,[],True,1,0.44,True,True,False,False,True,False,True,[],0,35,True,True,True,True,"['LA_B_aryl', 'LA_B_diaryl', 'LA_B_polyhalogenated_aryl', 'LA_B_tricoordinate']",['LB_phosphine'],[],[],LA_LB_no_negative_flags,2,True,True,False,False,True,202,1
N,isopropyl,phenyl,C3,pentachlorophenyl,pentachlorophenyl,<LB_N><LB1_isopropyl><LB2_phenyl><LINKER_C3><LA1_pentachlorophenyl><LA2_pentachlorophenyl>,CC(C)N(CCCB(c1c(Cl)c(Cl)c(Cl)c(Cl)c1Cl)c1c(Cl)c(Cl)c(Cl)c(Cl)c1Cl)c1ccccc1,True,CC(C)N(CCCB(c1c(Cl)c(Cl)c(Cl)c(Cl)c1Cl)c1c(Cl)c(Cl)c(Cl)c(Cl)c1Cl)c1ccccc1,CC(C)N(CCCB(c1c(Cl)c(Cl)c(Cl)c(Cl)c1Cl)c1c(Cl)c(Cl)c(Cl)c(Cl)c1Cl)c1ccccc1,[],True,1,0.40476190476190477,True,True,False,False,True,False,True,[],0,36,True,True,True,True,"['LA_B_aryl', 'LA_B_diaryl', 'LA_B_polyhalogenated_aryl', 'LA_B_tricoordinate']",['LB_amine'],[],[],LA_LB_no_negative_flags,4,True,True,False,False,True,202,2
P,mesityl,cyclohexyl,C3,mesityl,mesityl,<LB_P><LB1_mesityl><LB2_cyclohexyl><LINKER_C3><LA1_mesityl><LA2_mesityl>,Cc1cc(C)c(B(CCCP(c2c(C)cc(C)cc2C)C2CCCCC2)c2c(C)cc(C)cc2C)c(C)c1,True,Cc1cc(C)c(B(CCCP(c2c(C)cc(C)cc2C)C2CCCCC2)c2c(C)cc(C)cc2C)c(C)c1,Cc1cc(C)c(B(CCCP(c2c(C)cc(C)cc2C)C2CCCCC2)c2c(C)cc(C)cc2C)c(C)c1,[],True,1,0.42857142857142855,True,True,False,False,True,False,True,[],0,38,True,True,True,True,"['LA_B_aryl', 'LA_B_diaryl', 'LA_B_tricoordinate']",['LB_phosphine'],[],[],LA_LB_no_negative_flags,4,True,True,False,False,True,202,1
N,ethyl,isopropyl,C3,mesityl,pentafluorophenyl,<LB_N><LB1_ethyl><LB2_isopropyl><LINKER_C3><LA1_mesityl><LA2_pentafluorophenyl>,CCN(CCCB(c1c(C)cc(C)cc1C)c1c(F)c(F)c(F)c(F)c1F)C(C)C,True,CCN(CCCB(c1c(C)cc(C)cc1C)c1c(F)c(F)c(F)c(F)c1F)C(C)C,CCN(CCCB(c1c(C)cc(C)cc1C)c1c(F)c(F)c(F)c(F)c1F)C(C)C,[],True,1,0.5319148936170213,True,True,False,False,True,False,True,[],0,30,True,True,True,True,"['LA_B_aryl', 'LA_B_diaryl', 'LA_B_polyhalogenated_aryl', 'LA_B_tricoordinate']",['LB_amine'],[],[],LA_LB_no_negative_flags,4,True,True,False,False,True,202,2
P,phenyl,isopropyl,C5,mesityl,pentafluorophenyl,<LB_P><LB1_phenyl><LB2_isopropyl><LINKER_C5><LA1_mesityl><LA2_pentafluorophenyl>,Cc1cc(C)c(B(CCCCCP(c2ccccc2)C(C)C)c2c(F)c(F)c(F)c(F)c2F)c(C)c1,True,Cc1cc(C)c(B(CCCCCP(c2ccccc2)C(C)C)c2c(F)c(F)c(F)c(F)c2F)c(C)c1,Cc1cc(C)c(B(CCCCCP(c2ccccc2)C(C)C)c2c(F)c(F)c(F)c(F)c2F)c(C)c1,[],True,1,0.5416666666666666,True,True,False,False,True,False,True,[],0,36,True,True,True,True,"['LA_B_aryl', 'LA_B_diaryl', 'LA_B_polyhalogenated_aryl', 'LA_B_tricoordinate']",['LB_phosphine'],[],[],LA_LB_no_negative_flags,6,True,True,False,False,True,202,2
N,ethyl,phenyl,C1,mesityl,pentafluorophenyl,<LB_N><LB1_ethyl><LB2_phenyl><LINKER_C1><LA1_mesityl><LA2_pentafluorophenyl>,CCN(CB(c1c(C)cc(C)cc1C)c1c(F)c(F)c(F)c(F)c1F)c1ccccc1,True,CCN(CB(c1c(C)cc(C)cc1C)c1c(F)c(F)c(F)c(F)c1F)c1ccccc1,CCN(CB(c1c(C)cc(C)cc1C)c1c(F)c(F)c(F)c(F)c1F)c1ccccc1,[],True,1,0.4791666666666667,True,True,False,False,True,False,True,[],0,31,True,True,True,True,"['LA_B_aryl', 'LA_B_diaryl', 'LA_B_polyhalogenated_aryl', 'LA_B_tricoordinate']",['LB_amine'],[],[],LA_LB_no_negative_flags,2,True,True,False,False,True,202,2
P,tert_butyl,cyclohexyl,C5,phenyl,mesityl,<LB_P><LB1_tert_butyl><LB2_cyclohexyl><LINKER_C5><LA1_phenyl><LA2_mesityl>,Cc1cc(C)c(B(CCCCCP(C2CCCCC2)C(C)(C)C)c2ccccc2)c(C)c1,True,Cc1cc(C)c(B(CCCCCP(C2CCCCC2)C(C)(C)C)c2ccccc2)c(C)c1,Cc1cc(C)c(B(CCCCCP(C2CCCCC2)C(C)(C)C)c2ccccc2)c(C)c1,[],True,1,0.4067796610169492,True,True,False,False,True,False,True,[],0,32,True,True,True,True,"['LA_B_aryl', 'LA_B_diaryl', 'LA_B_tricoordinate']",['LB_phosphine'],[],[],LA_LB_no_negative_flags,6,True,True,False,False,True,202,2
P,mesityl,cyclohexyl,C4,mesityl,pentafluorophenyl,<LB_P><LB1_mesityl><LB2_cyclohexyl><LINKER_C4><LA1_mesityl><LA2_pentafluorophenyl>,Cc1cc(C)c(B(CCCCP(c2c(C)cc(C)cc2C)C2CCCCC2)c2c(F)c(F)c(F)c(F)c2F)c(C)c1,True,Cc1cc(C)c(B(CCCCP(c2c(C)cc(C)cc2C)C2CCCCC2)c2c(F)c(F)c(F)c(F)c2F)c(C)c1,Cc1cc(C)c(B(CCCCP(c2c(C)cc(C)cc2C)C2CCCCC2)c2c(F)c(F)c(F)c(F)c2F)c(C)c1,[],True,1,0.6041666666666666,True,True,False,False,True,False,True,[],0,41,True,True,True,True,"['LA_B_aryl', 'LA_B_diaryl', 'LA_B_polyhalogenated_aryl', 'LA_B_tricoordinate']",['LB_phosphine'],[],[],LA_LB_no_negative_flags,5,True,True,False,False,True,202,2
P,mesityl,mesityl,C3,pentafluorophenyl,bis_cf3_phenyl,<LB_P><LB1_mesityl><LB2_mesityl><LINKER_C3><LA1_pentafluorophenyl><LA2_bis_cf3_phenyl>,Cc1cc(C)c(P(CCCB(c2cc(C(F)(F)F)cc(C(F)(F)F)c2)c2c(F)c(F)c(F)c(F)c2F)c2c(C)cc(C)cc2C)c(C)c1,True,Cc1cc(C)c(P(CCCB(c2cc(C(F)(F)F)cc(C(F)(F)F)c2)c2c(F)c(F)c(F)c(F)c2F)c2c(C)cc(C)cc2C)c(C)c1,Cc1cc(C)c(P(CCCB(c2cc(C(F)(F)F)cc(C(F)(F)F)c2)c2c(F)c(F)c(F)c(F)c2F)c2c(C)cc(C)cc2C)c(C)c1,[],True,1,0.6818181818181818,True,True,False,False,True,False,True,[],0,48,True,True,True,True,"['LA_B_aryl', 'LA_B_diaryl', 'LA_B_polyhalogenated_aryl', 'LA_B_tricoordinate']",['LB_phosphine'],[],[],LA_LB_no_negative_flags,4,True,True,False,False,True,202,1
N,isopropyl,isopropyl,C4,phenyl,pentafluorophenyl,<LB_N><LB1_isopropyl><LB2_isopropyl><LINKER_C4><LA1_phenyl><LA2_pentafluorophenyl>,CC(C)N(CCCCB(c1ccccc1)c1c(F)c(F)c(F)c(F)c1F)C(C)C,True,CC(C)N(CCCCB(c1ccccc1)c1c(F)c(F)c(F)c(F)c1F)C(C)C,CC(C)N(CCCCB(c1ccccc1)c1c(F)c(F)c(F)c(F)c1F)C(C)C,[],True,1,0.4444444444444444,True,True,False,False,True,False,True,[],0,29,True,True,True,True,"['LA_B_aryl', 'LA_B_diaryl', 'LA_B_polyhalogenated_aryl', 'LA_B_tricoordinate']",['LB_amine'],[],[],LA_LB_no_negative_flags,5,True,True,False,False,True,202,1
P,tert_butyl,tert_butyl,C6,p_tolyl,pentafluorophenyl,<LB_P><LB1_tert_butyl><LB2_tert_butyl><LINKER_C6><LA1_p_tolyl><LA2_pentafluorophenyl>,Cc1ccc(B(CCCCCCP(C(C)(C)C)C(C)(C)C)c2c(F)c(F)c(F)c(F)c2F)cc1,True,Cc1ccc(B(CCCCCCP(C(C)(C)C)C(C)(C)C)c2c(F)c(F)c(F)c(F)c2F)cc1,Cc1ccc(B(CCCCCCP(C(C)(C)C)C(C)(C)C)c2c(F)c(F)c(F)c(F)c2F)cc1,[],True,1,0.48936170212765956,True,True,False,False,True,False,True,[],0,34,True,True,True,True,"['LA_B_aryl', 'LA_B_diaryl', 'LA_B_polyhalogenated_aryl', 'LA_B_tricoordinate']",['LB_phosphine'],[],[],LA_LB_no_negative_flags,7,True,True,False,False,True,202,1
P,mesityl,tert_butyl,C5,p_tolyl,bis_cf3_phenyl,<LB_P><LB1_mesityl><LB2_tert_butyl><LINKER_C5><LA1_p_tolyl><LA2_bis_cf3_phenyl>,Cc1ccc(B(CCCCCP(c2c(C)cc(C)cc2C)C(C)(C)C)c2cc(C(F)(F)F)cc(C(F)(F)F)c2)cc1,True,Cc1ccc(B(CCCCCP(c2c(C)cc(C)cc2C)C(C)(C)C)c2cc(C(F)(F)F)cc(C(F)(F)F)c2)cc1,Cc1ccc(B(CCCCCP(c2c(C)cc(C)cc2C)C(C)(C)C)c2cc(C(F)(F)F)cc(C(F)(F)F)c2)cc1,[],True,1,0.4117647058823529,True,True,False,False,True,False,True,[],0,41,True,True,True,True,"['LA_B_aryl', 'LA_B_diaryl', 'LA_B_tricoordinate']",['LB_phosphine'],[],[],LA_LB_no_negative_flags,6,True,True,False,False,True,202,2
P,phenyl,mesityl,C5,phenyl,pentachlorophenyl,<LB_P><LB1_phenyl><LB2_mesityl><LINKER_C5><LA1_phenyl><LA2_pentachlorophenyl>,Cc1cc(C)c(P(CCCCCB(c2ccccc2)c2c(Cl)c(Cl)c(Cl)c(Cl)c2Cl)c2ccccc2)c(C)c1,True,Cc1cc(C)c(P(CCCCCB(c2ccccc2)c2c(Cl)c(Cl)c(Cl)c(Cl)c2Cl)c2ccccc2)c(C)c1,Cc1cc(C)c(P(CCCCCB(c2ccccc2)c2c(Cl)c(Cl)c(Cl)c(Cl)c2Cl)c2ccccc2)c(C)c1,[],True,1,0.5,True,True,False,False,True,False,True,[],0,39,True,True,True,True,"['LA_B_aryl', 'LA_B_diaryl', 'LA_B_polyhalogenated_aryl', 'LA_B_tricoordinate']",['LB_phosphine'],[],[],LA_LB_no_negative_flags,6,True,True,False,False,True,202,2
P,mesityl,mesityl,C3,p_tolyl,pentafluorophenyl,<LB_P><LB1_mesityl><LB2_mesityl><LINKER_C3><LA1_p_tolyl><LA2_pentafluorophenyl>,Cc1ccc(B(CCCP(c2c(C)cc(C)cc2C)c2c(C)cc(C)cc2C)c2c(F)c(F)c(F)c(F)c2F)cc1,True,Cc1ccc(B(CCCP(c2c(C)cc(C)cc2C)c2c(C)cc(C)cc2C)c2c(F)c(F)c(F)c(F)c2F)cc1,Cc1ccc(B(CCCP(c2c(C)cc(C)cc2C)c2c(C)cc(C)cc2C)c2c(F)c(F)c(F)c(F)c2F)cc1,[],True,1,0.75,True,True,False,False,True,False,True,[],0,41,True,True,True,True,"['LA_B_aryl', 'LA_B_diaryl', 'LA_B_polyhalogenated_aryl', 'LA_B_tricoordinate']",['LB_phosphine'],[],[],LA_LB_no_negative_flags,4,True,True,False,False,True,202,1
P,cyclohexyl,cyclohexyl,C6,phenyl,pentafluorophenyl,<LB_P><LB1_cyclohexyl><LB2_cyclohexyl><LINKER_C6><LA1_phenyl><LA2_pentafluorophenyl>,Fc1c(F)c(F)c(B(CCCCCCP(C2CCCCC2)C2CCCCC2)c2ccccc2)c(F)c1F,True,Fc1c(F)c(F)c(B(CCCCCCP(C2CCCCC2)C2CCCCC2)c2ccccc2)c(F)c1F,Fc1c(F)c(F)c(B(CCCCCCP(C2CCCCC2)C2CCCCC2)c2ccccc2)c(F)c1F,[],True,1,0.48936170212765956,True,True,False,False,True,False,True,[],0,37,True,True,True,True,"['LA_B_aryl', 'LA_B_diaryl', 'LA_B_polyhalogenated_aryl', 'LA_B_tricoordinate']",['LB_phosphine'],[],[],LA_LB_no_negative_flags,7,True,True,False,False,True,202,1
P,cyclohexyl,cyclohexyl,C5,phenyl,phenyl,<LB_P><LB1_cyclohexyl><LB2_cyclohexyl><LINKER_C5><LA1_phenyl><LA2_phenyl>,c1ccc(B(CCCCCP(C2CCCCC2)C2CCCCC2)c2ccccc2)cc1,True,c1ccc(B(CCCCCP(C2CCCCC2)C2CCCCC2)c2ccccc2)cc1,c1ccc(B(CCCCCP(C2CCCCC2)C2CCCCC2)c2ccccc2)cc1,[],True,1,0.4,True,True,False,False,True,False,True,[],0,31,True,True,True,True,"['LA_B_aryl', 'LA_B_diaryl', 'LA_B_tricoordinate']",['LB_phosphine'],[],[],LA_LB_no_negative_flags,6,True,True,False,False,True,202,1
P,mesityl,tert_butyl,C6,phenyl,p_tolyl,<LB_P><LB1_mesityl><LB2_tert_butyl><LINKER_C6><LA1_phenyl><LA2_p_tolyl>,Cc1ccc(B(CCCCCCP(c2c(C)cc(C)cc2C)C(C)(C)C)c2ccccc2)cc1,True,Cc1ccc(B(CCCCCCP(c2c(C)cc(C)cc2C)C(C)(C)C)c2ccccc2)cc1,Cc1ccc(B(CCCCCCP(c2c(C)cc(C)cc2C)C(C)(C)C)c2ccccc2)cc1,[],True,1,0.40384615384615385,True,True,False,False,True,False,True,[],0,34,True,True,True,True,"['LA_B_aryl', 'LA_B_diaryl', 'LA_B_tricoordinate']",['LB_phosphine'],[],[],LA_LB_no_negative_flags,7,True,True,False,False,True,202,2
P,phenyl,phenyl,C2,phenyl,bis_cf3_phenyl,<LB_P><LB1_phenyl><LB2_phenyl><LINKER_C2><LA1_phenyl><LA2_bis_cf3_phenyl>,FC(F)(F)c1cc(B(CCP(c2ccccc2)c2ccccc2)c2ccccc2)cc(C(F)(F)F)c1,True,FC(F)(F)c1cc(B(CCP(c2ccccc2)c2ccccc2)c2ccccc2)cc(C(F)(F)F)c1,FC(F)(F)c1cc(B(CCP(c2ccccc2)c2ccccc2)c2ccccc2)cc(C(F)(F)F)c1,[],True,1,0.4186046511627907,True,True,False,False,True,False,True,[],0,36,True,True,True,True,"['LA_B_aryl', 'LA_B_diaryl', 'LA_B_tricoordinate']",['LB_phosphine'],[],[],LA_LB_no_negative_flags,3,True,True,False,False,True,202,1
P,mesityl,tert_butyl,C5,p_tolyl,p_tolyl,<LB_P><LB1_mesityl><LB2_tert_butyl><LINKER_C5><LA1_p_tolyl><LA2_p_tolyl>,Cc1ccc(B(CCCCCP(c2c(C)cc(C)cc2C)C(C)(C)C)c2ccc(C)cc2)cc1,True,Cc1ccc(B(CCCCCP(c2c(C)cc(C)cc2C)C(C)(C)C)c2ccc(C)cc2)cc1,Cc1ccc(B(CCCCCP(c2c(C)cc(C)cc2C)C(C)(C)C)c2ccc(C)cc2)cc1,[],True,1,0.4375,True,True,False,False,True,False,True,[],0,34,True,True,True,True,"['LA_B_aryl', 'LA_B_diaryl', 'LA_B_tricoordinate']",['LB_phosphine'],[],[],LA_LB_no_negative_flags,6,True,True,False,False,True,202,2
P,phenyl,cyclohexyl,C5,p_tolyl,mesityl,<LB_P><LB1_phenyl><LB2_cyclohexyl><LINKER_C5><LA1_p_tolyl><LA2_mesityl>,Cc1ccc(B(CCCCCP(c2ccccc2)C2CCCCC2)c2c(C)cc(C)cc2C)cc1,True,Cc1ccc(B(CCCCCP(c2ccccc2)C2CCCCC2)c2c(C)cc(C)cc2C)cc1,Cc1ccc(B(CCCCCP(c2ccccc2)C2CCCCC2)c2c(C)cc(C)cc2C)cc1,[],True,1,0.4067796610169492,True,True,False,False,True,False,True,[],0,35,True,True,True,True,"['LA_B_aryl', 'LA_B_diaryl', 'LA_B_tricoordinate']",['LB_phosphine'],[],[],LA_LB_no_negative_flags,6,True,True,False,False,True,202,1
P,isopropyl,isopropyl,C6,p_tolyl,bis_cf3_phenyl,<LB_P><LB1_isopropyl><LB2_isopropyl><LINKER_C6><LA1_p_tolyl><LA2_bis_cf3_phenyl>,Cc1ccc(B(CCCCCCP(C(C)C)C(C)C)c2cc(C(F)(F)F)cc(C(F)(F)F)c2)cc1,True,Cc1ccc(B(CCCCCCP(C(C)C)C(C)C)c2cc(C(F)(F)F)cc(C(F)(F)F)c2)cc1,Cc1ccc(B(CCCCCCP(C(C)C)C(C)C)c2cc(C(F)(F)F)cc(C(F)(F)F)c2)cc1,[],True,1,0.4166666666666667,True,True,False,False,True,False,True,[],0,35,True,True,True,True,"['LA_B_aryl', 'LA_B_diaryl', 'LA_B_tricoordinate']",['LB_phosphine'],[],[],LA_LB_no_negative_flags,7,True,True,False,False,True,202,1
P,mesityl,mesityl,C1,mesityl,mesityl,<LB_P><LB1_mesityl><LB2_mesityl><LINKER_C1><LA1_mesityl><LA2_mesityl>,Cc1cc(C)c(B(CP(c2c(C)cc(C)cc2C)c2c(C)cc(C)cc2C)c2c(C)cc(C)cc2C)c(C)c1,True,Cc1cc(C)c(B(CP(c2c(C)cc(C)cc2C)c2c(C)cc(C)cc2C)c2c(C)cc(C)cc2C)c(C)c1,Cc1cc(C)c(B(CP(c2c(C)cc(C)cc2C)c2c(C)cc(C)cc2C)c2c(C)cc(C)cc2C)c(C)c1,[],True,1,0.46153846153846156,True,True,False,False,True,False,True,[],0,39,True,True,True,True,"['LA_B_aryl', 'LA_B_diaryl', 'LA_B_tricoordinate']",['LB_phosphine'],[],[],LA_LB_no_negative_flags,2,True,True,False,False,True,202,2
P,phenyl,phenyl,C6,pentachlorophenyl,bis_cf3_phenyl,<LB_P><LB1_phenyl><LB2_phenyl><LINKER_C6><LA1_pentachlorophenyl><LA2_bis_cf3_phenyl>,FC(F)(F)c1cc(B(CCCCCCP(c2ccccc2)c2ccccc2)c2c(Cl)c(Cl)c(Cl)c(Cl)c2Cl)cc(C(F)(F)F)c1,True,FC(F)(F)c1cc(B(CCCCCCP(c2ccccc2)c2ccccc2)c2c(Cl)c(Cl)c(Cl)c(Cl)c2Cl)cc(C(F)(F)F)c1,FC(F)(F)c1cc(B(CCCCCCP(c2ccccc2)c2ccccc2)c2c(Cl)c(Cl)c(Cl)c(Cl)c2Cl)cc(C(F)(F)F)c1,[],True,1,0.5,True,True,False,False,True,False,True,[],0,45,True,True,True,True,"['LA_B_aryl', 'LA_B_diaryl', 'LA_B_polyhalogenated_aryl', 'LA_B_tricoordinate']",['LB_phosphine'],[],[],LA_LB_no_negative_flags,7,True,True,False,False,True,202,1
N,isopropyl,phenyl,C3,pentafluorophenyl,pentachlorophenyl,<LB_N><LB1_isopropyl><LB2_phenyl><LINKER_C3><LA1_pentafluorophenyl><LA2_pentachlorophenyl>,CC(C)N(CCCB(c1c(F)c(F)c(F)c(F)c1F)c1c(Cl)c(Cl)c(Cl)c(Cl)c1Cl)c1ccccc1,True,CC(C)N(CCCB(c1c(F)c(F)c(F)c(F)c1F)c1c(Cl)c(Cl)c(Cl)c(Cl)c1Cl)c1ccccc1,CC(C)N(CCCB(c1c(F)c(F)c(F)c(F)c1F)c1c(Cl)c(Cl)c(Cl)c(Cl)c1Cl)c1ccccc1,[],True,1,0.40816326530612246,True,True,False,False,True,False,True,[],0,36,True,True,True,True,"['LA_B_aryl', 'LA_B_diaryl', 'LA_B_polyhalogenated_aryl', 'LA_B_tricoordinate']",['LB_amine'],[],[],LA_LB_no_negative_flags,4,True,True,False,False,True,202,1
P,phenyl,mesityl,C1,mesityl,mesityl,<LB_P><LB1_phenyl><LB2_mesityl><LINKER_C1><LA1_mesityl><LA2_mesityl>,Cc1cc(C)c(B(CP(c2ccccc2)c2c(C)cc(C)cc2C)c2c(C)cc(C)cc2C)c(C)c1,True,Cc1cc(C)c(B(CP(c2ccccc2)c2c(C)cc(C)cc2C)c2c(C)cc(C)cc2C)c(C)c1,Cc1cc(C)c(B(CP(c2ccccc2)c2c(C)cc(C)cc2C)c2c(C)cc(C)cc2C)c(C)c1,[],True,1,0.41304347826086957,True,True,False,False,True,False,True,[],0,36,True,True,True,True,"['LA_B_aryl', 'LA_B_diaryl', 'LA_B_tricoordinate']",['LB_phosphine'],[],[],LA_LB_no_negative_flags,2,True,True,False,False,True,202,1
P,phenyl,tert_butyl,C2,phenyl,pentafluorophenyl,<LB_P><LB1_phenyl><LB2_tert_butyl><LINKER_C2><LA1_phenyl><LA2_pentafluorophenyl>,CC(C)(C)P(CCB(c1ccccc1)c1c(F)c(F)c(F)c(F)c1F)c1ccccc1,True,CC(C)(C)P(CCB(c1ccccc1)c1c(F)c(F)c(F)c(F)c1F)c1ccccc1,CC(C)(C)P(CCB(c1ccccc1)c1c(F)c(F)c(F)c(F)c1F)c1ccccc1,[],True,1,0.55,True,True,False,False,True,False,True,[],0,31,True,True,True,True,"['LA_B_aryl', 'LA_B_diaryl', 'LA_B_polyhalogenated_aryl', 'LA_B_tricoordinate']",['LB_phosphine'],[],[],LA_LB_no_negative_flags,3,True,True,False,False,True,202,1
P,mesityl,mesityl,C1,p_tolyl,bis_cf3_phenyl,<LB_P><LB1_mesityl><LB2_mesityl><LINKER_C1><LA1_p_tolyl><LA2_bis_cf3_phenyl>,Cc1ccc(B(CP(c2c(C)cc(C)cc2C)c2c(C)cc(C)cc2C)c2cc(C(F)(F)F)cc(C(F)(F)F)c2)cc1,True,Cc1ccc(B(CP(c2c(C)cc(C)cc2C)c2c(C)cc(C)cc2C)c2cc(C(F)(F)F)cc(C(F)(F)F)c2)cc1,Cc1ccc(B(CP(c2c(C)cc(C)cc2C)c2c(C)cc(C)cc2C)c2cc(C(F)(F)F)cc(C(F)(F)F)c2)cc1,[],True,1,0.5,True,True,False,False,True,False,True,[],0,42,True,True,True,True,"['LA_B_aryl', 'LA_B_diaryl', 'LA_B_tricoordinate']",['LB_phosphine'],[],[],LA_LB_no_negative_flags,2,True,True,False,False,True,202,2
P,isopropyl,isopropyl,C4,p_tolyl,bis_cf3_phenyl,<LB_P><LB1_isopropyl><LB2_isopropyl><LINKER_C4><LA1_p_tolyl><LA2_bis_cf3_phenyl>,Cc1ccc(B(CCCCP(C(C)C)C(C)C)c2cc(C(F)(F)F)cc(C(F)(F)F)c2)cc1,True,Cc1ccc(B(CCCCP(C(C)C)C(C)C)c2cc(C(F)(F)F)cc(C(F)(F)F)c2)cc1,Cc1ccc(B(CCCCP(C(C)C)C(C)C)c2cc(C(F)(F)F)cc(C(F)(F)F)c2)cc1,[],True,1,0.425531914893617,True,True,False,False,True,False,True,[],0,33,True,True,True,True,"['LA_B_aryl', 'LA_B_diaryl', 'LA_B_tricoordinate']",['LB_phosphine'],[],[],LA_LB_no_negative_flags,5,True,True,False,False,True,202,2
P,isopropyl,isopropyl,C4,p_tolyl,pentachlorophenyl,<LB_P><LB1_isopropyl><LB2_isopropyl><LINKER_C4><LA1_p_tolyl><LA2_pentachlorophenyl>,Cc1ccc(B(CCCCP(C(C)C)C(C)C)c2c(Cl)c(Cl)c(Cl)c(Cl)c2Cl)cc1,True,Cc1ccc(B(CCCCP(C(C)C)C(C)C)c2c(Cl)c(Cl)c(Cl)c(Cl)c2Cl)cc1,Cc1ccc(B(CCCCP(C(C)C)C(C)C)c2c(Cl)c(Cl)c(Cl)c(Cl)c2Cl)cc1,[],True,1,0.40425531914893614,True,True,False,False,True,False,True,[],0,30,True,True,True,True,"['LA_B_aryl', 'LA_B_diaryl', 'LA_B_polyhalogenated_aryl', 'LA_B_tricoordinate']",['LB_phosphine'],[],[],LA_LB_no_negative_flags,5,True,True,False,False,True,202,2
P,phenyl,tert_butyl,C1,pentafluorophenyl,bis_cf3_phenyl,<LB_P><LB1_phenyl><LB2_tert_butyl><LINKER_C1><LA1_pentafluorophenyl><LA2_bis_cf3_phenyl>,CC(C)(C)P(CB(c1cc(C(F)(F)F)cc(C(F)(F)F)c1)c1c(F)c(F)c(F)c(F)c1F)c1ccccc1,True,CC(C)(C)P(CB(c1cc(C(F)(F)F)cc(C(F)(F)F)c1)c1c(F)c(F)c(F)c(F)c1F)c1ccccc1,CC(C)(C)P(CB(c1cc(C(F)(F)F)cc(C(F)(F)F)c1)c1c(F)c(F)c(F)c(F)c1F)c1ccccc1,[],True,1,0.4888888888888889,True,True,False,False,True,False,True,[],0,38,True,True,True,True,"['LA_B_aryl', 'LA_B_diaryl', 'LA_B_polyhalogenated_aryl', 'LA_B_tricoordinate']",['LB_phosphine'],[],[],LA_LB_no_negative_flags,2,True,True,False,False,True,202,1
P,phenyl,phenyl,C2,mesityl,pentafluorophenyl,<LB_P><LB1_phenyl><LB2_phenyl><LINKER_C2><LA1_mesityl><LA2_pentafluorophenyl>,Cc1cc(C)c(B(CCP(c2ccccc2)c2ccccc2)c2c(F)c(F)c(F)c(F)c2F)c(C)c1,True,Cc1cc(C)c(B(CCP(c2ccccc2)c2ccccc2)c2c(F)c(F)c(F)c(F)c2F)c(C)c1,Cc1cc(C)c(B(CCP(c2ccccc2)c2ccccc2)c2c(F)c(F)c(F)c(F)c2F)c(C)c1,[],True,1,0.6097560975609756,True,True,False,False,True,False,True,[],0,36,True,True,True,True,"['LA_B_aryl', 'LA_B_diaryl', 'LA_B_polyhalogenated_aryl', 'LA_B_tricoordinate']",['LB_phosphine'],[],[],LA_LB_no_negative_flags,3,True,True,False,False,True,202,1
P,tert_butyl,cyclohexyl,C5,mesityl,pentafluorophenyl,<LB_P><LB1_tert_butyl><LB2_cyclohexyl><LINKER_C5><LA1_mesityl><LA2_pentafluorophenyl>,Cc1cc(C)c(B(CCCCCP(C2CCCCC2)C(C)(C)C)c2c(F)c(F)c(F)c(F)c2F)c(C)c1,True,Cc1cc(C)c(B(CCCCCP(C2CCCCC2)C(C)(C)C)c2c(F)c(F)c(F)c(F)c2F)c(C)c1,Cc1cc(C)c(B(CCCCCP(C2CCCCC2)C(C)(C)C)c2c(F)c(F)c(F)c(F)c2F)c(C)c1,[],True,1,0.5192307692307693,True,True,False,False,True,False,True,[],0,37,True,True,True,True,"['LA_B_aryl', 'LA_B_diaryl', 'LA_B_polyhalogenated_aryl', 'LA_B_tricoordinate']",['LB_phosphine'],[],[],LA_LB_no_negative_flags,6,True,True,False,False,True,202,1
N,methyl,ethyl,C1,pentachlorophenyl,bis_cf3_phenyl,<LB_N><LB1_methyl><LB2_ethyl><LINKER_C1><LA1_pentachlorophenyl><LA2_bis_cf3_phenyl>,CCN(C)CB(c1cc(C(F)(F)F)cc(C(F)(F)F)c1)c1c(Cl)c(Cl)c(Cl)c(Cl)c1Cl,True,CCN(C)CB(c1cc(C(F)(F)F)cc(C(F)(F)F)c1)c1c(Cl)c(Cl)c(Cl)c(Cl)c1Cl,CCN(C)CB(c1cc(C(F)(F)F)cc(C(F)(F)F)c1)c1c(Cl)c(Cl)c(Cl)c(Cl)c1Cl,[],True,1,0.4090909090909091,True,True,False,False,True,False,True,[],0,31,True,True,True,True,"['LA_B_aryl', 'LA_B_diaryl', 'LA_B_polyhalogenated_aryl', 'LA_B_tricoordinate']",['LB_amine'],[],[],LA_LB_no_negative_flags,2,True,True,False,False,True,202,1
P,cyclohexyl,cyclohexyl,C1,phenyl,bis_cf3_phenyl,<LB_P><LB1_cyclohexyl><LB2_cyclohexyl><LINKER_C1><LA1_phenyl><LA2_bis_cf3_phenyl>,FC(F)(F)c1cc(B(CP(C2CCCCC2)C2CCCCC2)c2ccccc2)cc(C(F)(F)F)c1,True,FC(F)(F)c1cc(B(CP(C2CCCCC2)C2CCCCC2)c2ccccc2)cc(C(F)(F)F)c1,FC(F)(F)c1cc(B(CP(C2CCCCC2)C2CCCCC2)c2ccccc2)cc(C(F)(F)F)c1,[],True,1,0.4444444444444444,True,True,False,False,True,False,True,[],0,35,True,True,True,True,"['LA_B_aryl', 'LA_B_diaryl', 'LA_B_tricoordinate']",['LB_phosphine'],[],[],LA_LB_no_negative_flags,2,True,True,False,False,True,202,1
N,methyl,methyl,C3,mesityl,pentafluorophenyl,<LB_N><LB1_methyl><LB2_methyl><LINKER_C3><LA1_mesityl><LA2_pentafluorophenyl>,Cc1cc(C)c(B(CCCN(C)C)c2c(F)c(F)c(F)c(F)c2F)c(C)c1,True,Cc1cc(C)c(B(CCCN(C)C)c2c(F)c(F)c(F)c(F)c2F)c(C)c1,Cc1cc(C)c(B(CCCN(C)C)c2c(F)c(F)c(F)c(F)c2F)c(C)c1,[],True,1,0.5476190476190477,True,True,False,False,True,False,True,[],0,27,True,True,True,True,"['LA_B_aryl', 'LA_B_diaryl', 'LA_B_polyhalogenated_aryl', 'LA_B_tricoordinate']",['LB_amine'],[],[],LA_LB_no_negative_flags,4,True,True,False,False,True,202,2
P,phenyl,mesityl,C2,phenyl,mesityl,<LB_P><LB1_phenyl><LB2_mesityl><LINKER_C2><LA1_phenyl><LA2_mesityl>,Cc1cc(C)c(B(CCP(c2ccccc2)c2c(C)cc(C)cc2C)c2ccccc2)c(C)c1,True,Cc1cc(C)c(B(CCP(c2ccccc2)c2c(C)cc(C)cc2C)c2ccccc2)c(C)c1,Cc1cc(C)c(B(CCP(c2ccccc2)c2c(C)cc(C)cc2C)c2ccccc2)c(C)c1,[],True,1,0.4444444444444444,True,True,False,False,True,False,True,[],0,34,True,True,True,True,"['LA_B_aryl', 'LA_B_diaryl', 'LA_B_tricoordinate']",['LB_phosphine'],[],[],LA_LB_no_negative_flags,3,True,True,False,False,True,202,1
N,ethyl,isopropyl,C5,mesityl,pentachlorophenyl,<LB_N><LB1_ethyl><LB2_isopropyl><LINKER_C5><LA1_mesityl><LA2_pentachlorophenyl>,CCN(CCCCCB(c1c(C)cc(C)cc1C)c1c(Cl)c(Cl)c(Cl)c(Cl)c1Cl)C(C)C,True,CCN(CCCCCB(c1c(C)cc(C)cc1C)c1c(Cl)c(Cl)c(Cl)c(Cl)c1Cl)C(C)C,CCN(CCCCCB(c1c(C)cc(C)cc1C)c1c(Cl)c(Cl)c(Cl)c(Cl)c1Cl)C(C)C,[],True,1,0.46938775510204084,True,True,False,False,True,False,True,[],0,32,True,True,True,True,"['LA_B_aryl', 'LA_B_diaryl', 'LA_B_polyhalogenated_aryl', 'LA_B_tricoordinate']",['LB_amine'],[],[],LA_LB_no_negative_flags,6,True,True,False,False,True,202,1
P,phenyl,phenyl,C5,mesityl,pentachlorophenyl,<LB_P><LB1_phenyl><LB2_phenyl><LINKER_C5><LA1_mesityl><LA2_pentachlorophenyl>,Cc1cc(C)c(B(CCCCCP(c2ccccc2)c2ccccc2)c2c(Cl)c(Cl)c(Cl)c(Cl)c2Cl)c(C)c1,True,Cc1cc(C)c(B(CCCCCP(c2ccccc2)c2ccccc2)c2c(Cl)c(Cl)c(Cl)c(Cl)c2Cl)c(C)c1,Cc1cc(C)c(B(CCCCCP(c2ccccc2)c2ccccc2)c2c(Cl)c(Cl)c(Cl)c(Cl)c2Cl)c(C)c1,[],True,1,0.5333333333333333,True,True,False,False,True,False,True,[],0,39,True,True,True,True,"['LA_B_aryl', 'LA_B_diaryl', 'LA_B_polyhalogenated_aryl', 'LA_B_tricoordinate']",['LB_phosphine'],[],[],LA_LB_no_negative_flags,6,True,True,False,False,True,202,2
P,phenyl,cyclohexyl,C1,p_tolyl,pentachlorophenyl,<LB_P><LB1_phenyl><LB2_cyclohexyl><LINKER_C1><LA1_p_tolyl><LA2_pentachlorophenyl>,Cc1ccc(B(CP(c2ccccc2)C2CCCCC2)c2c(Cl)c(Cl)c(Cl)c(Cl)c2Cl)cc1,True,Cc1ccc(B(CP(c2ccccc2)C2CCCCC2)c2c(Cl)c(Cl)c(Cl)c(Cl)c2Cl)cc1,Cc1ccc(B(CP(c2ccccc2)C2CCCCC2)c2c(Cl)c(Cl)c(Cl)c(Cl)c2Cl)cc1,[],True,1,0.43137254901960786,True,True,False,False,True,False,True,[],0,33,True,True,True,True,"['LA_B_aryl', 'LA_B_diaryl', 'LA_B_polyhalogenated_aryl', 'LA_B_tricoordinate']",['LB_phosphine'],[],[],LA_LB_no_negative_flags,2,True,True,False,False,True,202,1
P,mesityl,mesityl,C1,p_tolyl,pentachlorophenyl,<LB_P><LB1_mesityl><LB2_mesityl><LINKER_C1><LA1_p_tolyl><LA2_pentachlorophenyl>,Cc1ccc(B(CP(c2c(C)cc(C)cc2C)c2c(C)cc(C)cc2C)c2c(Cl)c(Cl)c(Cl)c(Cl)c2Cl)cc1,True,Cc1ccc(B(CP(c2c(C)cc(C)cc2C)c2c(C)cc(C)cc2C)c2c(Cl)c(Cl)c(Cl)c(Cl)c2Cl)cc1,Cc1ccc(B(CP(c2c(C)cc(C)cc2C)c2c(C)cc(C)cc2C)c2c(Cl)c(Cl)c(Cl)c(Cl)c2Cl)cc1,[],True,1,0.5581395348837209,True,True,False,False,True,False,True,[],0,39,True,True,True,True,"['LA_B_aryl', 'LA_B_diaryl', 'LA_B_polyhalogenated_aryl', 'LA_B_tricoordinate']",['LB_phosphine'],[],[],LA_LB_no_negative_flags,2,True,True,False,False,True,202,1
P,mesityl,cyclohexyl,C2,phenyl,p_tolyl,<LB_P><LB1_mesityl><LB2_cyclohexyl><LINKER_C2><LA1_phenyl><LA2_p_tolyl>,Cc1ccc(B(CCP(c2c(C)cc(C)cc2C)C2CCCCC2)c2ccccc2)cc1,True,Cc1ccc(B(CCP(c2c(C)cc(C)cc2C)C2CCCCC2)c2ccccc2)cc1,Cc1ccc(B(CCP(c2c(C)cc(C)cc2C)C2CCCCC2)c2ccccc2)cc1,[],True,1,0.4,True,True,False,False,True,False,True,[],0,32,True,True,True,True,"['LA_B_aryl', 'LA_B_diaryl', 'LA_B_tricoordinate']",['LB_phosphine'],[],[],LA_LB_no_negative_flags,3,True,True,False,False,True,202,1
P,mesityl,mesityl,C2,p_tolyl,mesityl,<LB_P><LB1_mesityl><LB2_mesityl><LINKER_C2><LA1_p_tolyl><LA2_mesityl>,Cc1ccc(B(CCP(c2c(C)cc(C)cc2C)c2c(C)cc(C)cc2C)c2c(C)cc(C)cc2C)cc1,True,Cc1ccc(B(CCP(c2c(C)cc(C)cc2C)c2c(C)cc(C)cc2C)c2c(C)cc(C)cc2C)cc1,Cc1ccc(B(CCP(c2c(C)cc(C)cc2C)c2c(C)cc(C)cc2C)c2c(C)cc(C)cc2C)cc1,[],True,1,0.4883720930232558,True,True,False,False,True,False,True,[],0,38,True,True,True,True,"['LA_B_aryl', 'LA_B_diaryl', 'LA_B_tricoordinate']",['LB_phosphine'],[],[],LA_LB_no_negative_flags,3,True,True,False,False,True,202,1
P,mesityl,isopropyl,C6,pentachlorophenyl,pentachlorophenyl,<LB_P><LB1_mesityl><LB2_isopropyl><LINKER_C6><LA1_pentachlorophenyl><LA2_pentachlorophenyl>,Cc1cc(C)c(P(CCCCCCB(c2c(Cl)c(Cl)c(Cl)c(Cl)c2Cl)c2c(Cl)c(Cl)c(Cl)c(Cl)c2Cl)C(C)C)c(C)c1,True,Cc1cc(C)c(P(CCCCCCB(c2c(Cl)c(Cl)c(Cl)c(Cl)c2Cl)c2c(Cl)c(Cl)c(Cl)c(Cl)c2Cl)C(C)C)c(C)c1,Cc1cc(C)c(P(CCCCCCB(c2c(Cl)c(Cl)c(Cl)c(Cl)c2Cl)c2c(Cl)c(Cl)c(Cl)c(Cl)c2Cl)C(C)C)c(C)c1,[],True,1,0.5813953488372093,True,True,False,False,True,False,True,[],0,42,True,True,True,True,"['LA_B_aryl', 'LA_B_diaryl', 'LA_B_polyhalogenated_aryl', 'LA_B_tricoordinate']",['LB_phosphine'],[],[],LA_LB_no_negative_flags,7,True,True,False,False,True,202,1
P,isopropyl,isopropyl,C1,pentafluorophenyl,pentachlorophenyl,<LB_P><LB1_isopropyl><LB2_isopropyl><LINKER_C1><LA1_pentafluorophenyl><LA2_pentachlorophenyl>,CC(C)P(CB(c1c(F)c(F)c(F)c(F)c1F)c1c(Cl)c(Cl)c(Cl)c(Cl)c1Cl)C(C)C,True,CC(C)P(CB(c1c(F)c(F)c(F)c(F)c1F)c1c(Cl)c(Cl)c(Cl)c(Cl)c1Cl)C(C)C,CC(C)P(CB(c1c(F)c(F)c(F)c(F)c1F)c1c(Cl)c(Cl)c(Cl)c(Cl)c1Cl)C(C)C,[],True,1,0.42857142857142855,True,True,False,False,True,False,True,[],0,31,True,True,True,True,"['LA_B_aryl', 'LA_B_diaryl', 'LA_B_polyhalogenated_aryl', 'LA_B_tricoordinate']",['LB_phosphine'],[],[],LA_LB_no_negative_flags,2,True,True,False,False,True,202,1
P,phenyl,isopropyl,C3,phenyl,pentachlorophenyl,<LB_P><LB1_phenyl><LB2_isopropyl><LINKER_C3><LA1_phenyl><LA2_pentachlorophenyl>,CC(C)P(CCCB(c1ccccc1)c1c(Cl)c(Cl)c(Cl)c(Cl)c1Cl)c1ccccc1,True,CC(C)P(CCCB(c1ccccc1)c1c(Cl)c(Cl)c(Cl)c(Cl)c1Cl)c1ccccc1,CC(C)P(CCCB(c1ccccc1)c1c(Cl)c(Cl)c(Cl)c(Cl)c1Cl)c1ccccc1,[],True,1,0.47619047619047616,True,True,False,False,True,False,True,[],0,31,True,True,True,True,"['LA_B_aryl', 'LA_B_diaryl', 'LA_B_polyhalogenated_aryl', 'LA_B_tricoordinate']",['LB_phosphine'],[],[],LA_LB_no_negative_flags,4,True,True,False,False,True,202,1
P,phenyl,tert_butyl,C1,p_tolyl,pentafluorophenyl,<LB_P><LB1_phenyl><LB2_tert_butyl><LINKER_C1><LA1_p_tolyl><LA2_pentafluorophenyl>,Cc1ccc(B(CP(c2ccccc2)C(C)(C)C)c2c(F)c(F)c(F)c(F)c2F)cc1,True,Cc1ccc(B(CP(c2ccccc2)C(C)(C)C)c2c(F)c(F)c(F)c(F)c2F)cc1,Cc1ccc(B(CP(c2ccccc2)C(C)(C)C)c2c(F)c(F)c(F)c(F)c2F)cc1,[],True,1,0.4222222222222222,True,True,False,False,True,False,True,[],0,31,True,True,True,True,"['LA_B_aryl', 'LA_B_diaryl', 'LA_B_polyhalogenated_aryl', 'LA_B_tricoordinate']",['LB_phosphine'],[],[],LA_LB_no_negative_flags,2,True,True,False,False,True,202,1
P,cyclohexyl,cyclohexyl,C1,mesityl,mesityl,<LB_P><LB1_cyclohexyl><LB2_cyclohexyl><LINKER_C1><LA1_mesityl><LA2_mesityl>,Cc1cc(C)c(B(CP(C2CCCCC2)C2CCCCC2)c2c(C)cc(C)cc2C)c(C)c1,True,Cc1cc(C)c(B(CP(C2CCCCC2)C2CCCCC2)c2c(C)cc(C)cc2C)c(C)c1,Cc1cc(C)c(B(CP(C2CCCCC2)C2CCCCC2)c2c(C)cc(C)cc2C)c(C)c1,[],True,1,0.4666666666666667,True,True,False,False,True,False,True,[],0,33,True,True,True,True,"['LA_B_aryl', 'LA_B_diaryl', 'LA_B_tricoordinate']",['LB_phosphine'],[],[],LA_LB_no_negative_flags,2,True,True,False,False,True,202,1
P,mesityl,cyclohexyl,C3,pentafluorophenyl,pentafluorophenyl,<LB_P><LB1_mesityl><LB2_cyclohexyl><LINKER_C3><LA1_pentafluorophenyl><LA2_pentafluorophenyl>,Cc1cc(C)c(P(CCCB(c2c(F)c(F)c(F)c(F)c2F)c2c(F)c(F)c(F)c(F)c2F)C2CCCCC2)c(C)c1,True,Cc1cc(C)c(P(CCCB(c2c(F)c(F)c(F)c(F)c2F)c2c(F)c(F)c(F)c(F)c2F)C2CCCCC2)c(C)c1,Cc1cc(C)c(P(CCCB(c2c(F)c(F)c(F)c(F)c2F)c2c(F)c(F)c(F)c(F)c2F)C2CCCCC2)c(C)c1,[],True,1,0.574468085106383,True,True,False,False,True,False,True,[],0,42,True,True,True,True,"['LA_B_aryl', 'LA_B_diaryl', 'LA_B_polyhalogenated_aryl', 'LA_B_tricoordinate']",['LB_phosphine'],[],[],LA_LB_no_negative_flags,4,True,True,False,False,True,202,1
P,phenyl,tert_butyl,C3,phenyl,bis_cf3_phenyl,<LB_P><LB1_phenyl><LB2_tert_butyl><LINKER_C3><LA1_phenyl><LA2_bis_cf3_phenyl>,CC(C)(C)P(CCCB(c1ccccc1)c1cc(C(F)(F)F)cc(C(F)(F)F)c1)c1ccccc1,True,CC(C)(C)P(CCCB(c1ccccc1)c1cc(C(F)(F)F)cc(C(F)(F)F)c1)c1ccccc1,CC(C)(C)P(CCCB(c1ccccc1)c1cc(C(F)(F)F)cc(C(F)(F)F)c1)c1ccccc1,[],True,1,0.45652173913043476,True,True,False,False,True,False,True,[],0,35,True,True,True,True,"['LA_B_aryl', 'LA_B_diaryl', 'LA_B_tricoordinate']",['LB_phosphine'],[],[],LA_LB_no_negative_flags,4,True,True,False,False,True,202,1
P,tert_butyl,cyclohexyl,C5,p_tolyl,pentafluorophenyl,<LB_P><LB1_tert_butyl><LB2_cyclohexyl><LINKER_C5><LA1_p_tolyl><LA2_pentafluorophenyl>,Cc1ccc(B(CCCCCP(C2CCCCC2)C(C)(C)C)c2c(F)c(F)c(F)c(F)c2F)cc1,True,Cc1ccc(B(CCCCCP(C2CCCCC2)C(C)(C)C)c2c(F)c(F)c(F)c(F)c2F)cc1,Cc1ccc(B(CCCCCP(C2CCCCC2)C(C)(C)C)c2c(F)c(F)c(F)c(F)c2F)cc1,[],True,1,0.4107142857142857,True,True,False,False,True,False,True,[],0,35,True,True,True,True,"['LA_B_aryl', 'LA_B_diaryl', 'LA_B_polyhalogenated_aryl', 'LA_B_tricoordinate']",['LB_phosphine'],[],[],LA_LB_no_negative_flags,6,True,True,False,False,True,202,2
N,ethyl,ethyl,C5,p_tolyl,pentafluorophenyl,<LB_N><LB1_ethyl><LB2_ethyl><LINKER_C5><LA1_p_tolyl><LA2_pentafluorophenyl>,CCN(CC)CCCCCB(c1ccc(C)cc1)c1c(F)c(F)c(F)c(F)c1F,True,CCN(CC)CCCCCB(c1ccc(C)cc1)c1c(F)c(F)c(F)c(F)c1F,CCN(CC)CCCCCB(c1ccc(C)cc1)c1c(F)c(F)c(F)c(F)c1F,[],True,1,0.40816326530612246,True,True,False,False,True,False,True,[],0,29,True,True,True,True,"['LA_B_aryl', 'LA_B_diaryl', 'LA_B_polyhalogenated_aryl', 'LA_B_tricoordinate']",['LB_amine'],[],[],LA_LB_no_negative_flags,6,True,True,False,False,True,202,1
P,phenyl,phenyl,C2,pentafluorophenyl,pentafluorophenyl,<LB_P><LB1_phenyl><LB2_phenyl><LINKER_C2><LA1_pentafluorophenyl><LA2_pentafluorophenyl>,Fc1c(F)c(F)c(B(CCP(c2ccccc2)c2ccccc2)c2c(F)c(F)c(F)c(F)c2F)c(F)c1F,True,Fc1c(F)c(F)c(B(CCP(c2ccccc2)c2ccccc2)c2c(F)c(F)c(F)c(F)c2F)c(F)c1F,Fc1c(F)c(F)c(B(CCP(c2ccccc2)c2ccccc2)c2c(F)c(F)c(F)c(F)c2F)c(F)c1F,[],True,1,0.78125,True,True,False,False,True,False,True,[],0,38,True,True,True,True,"['LA_B_aryl', 'LA_B_diaryl', 'LA_B_polyhalogenated_aryl', 'LA_B_tricoordinate']",['LB_phosphine'],[],[],LA_LB_no_negative_flags,3,True,True,False,False,True,202,1
P,tert_butyl,isopropyl,C3,phenyl,bis_cf3_phenyl,<LB_P><LB1_tert_butyl><LB2_isopropyl><LINKER_C3><LA1_phenyl><LA2_bis_cf3_phenyl>,CC(C)P(CCCB(c1ccccc1)c1cc(C(F)(F)F)cc(C(F)(F)F)c1)C(C)(C)C,True,CC(C)P(CCCB(c1ccccc1)c1cc(C(F)(F)F)cc(C(F)(F)F)c1)C(C)(C)C,CC(C)P(CCCB(c1ccccc1)c1cc(C(F)(F)F)cc(C(F)(F)F)c1)C(C)(C)C,[],True,1,0.4888888888888889,True,True,False,False,True,False,True,[],0,32,True,True,True,True,"['LA_B_aryl', 'LA_B_diaryl', 'LA_B_tricoordinate']",['LB_phosphine'],[],[],LA_LB_no_negative_flags,4,True,True,False,False,True,202,2
N,methyl,cyclohexyl,C2,bis_cf3_phenyl,bis_cf3_phenyl,<LB_N><LB1_methyl><LB2_cyclohexyl><LINKER_C2><LA1_bis_cf3_phenyl><LA2_bis_cf3_phenyl>,CN(CCB(c1cc(C(F)(F)F)cc(C(F)(F)F)c1)c1cc(C(F)(F)F)cc(C(F)(F)F)c1)C1CCCCC1,True,CN(CCB(c1cc(C(F)(F)F)cc(C(F)(F)F)c1)c1cc(C(F)(F)F)cc(C(F)(F)F)c1)C1CCCCC1,CN(CCB(c1cc(C(F)(F)F)cc(C(F)(F)F)c1)c1cc(C(F)(F)F)cc(C(F)(F)F)c1)C1CCCCC1,[],True,1,0.4090909090909091,True,True,False,False,True,False,True,[],0,39,True,True,True,True,"['LA_B_aryl', 'LA_B_diaryl', 'LA_B_tricoordinate']",['LB_amine'],[],[],LA_LB_no_negative_flags,3,True,True,False,False,True,202,1
P,tert_butyl,cyclohexyl,C1,phenyl,mesityl,<LB_P><LB1_tert_butyl><LB2_cyclohexyl><LINKER_C1><LA1_phenyl><LA2_mesityl>,Cc1cc(C)c(B(CP(C2CCCCC2)C(C)(C)C)c2ccccc2)c(C)c1,True,Cc1cc(C)c(B(CP(C2CCCCC2)C(C)(C)C)c2ccccc2)c(C)c1,Cc1cc(C)c(B(CP(C2CCCCC2)C(C)(C)C)c2ccccc2)c(C)c1,[],True,1,0.4528301886792453,True,True,False,False,True,False,True,[],0,28,True,True,True,True,"['LA_B_aryl', 'LA_B_diaryl', 'LA_B_tricoordinate']",['LB_phosphine'],[],[],LA_LB_no_negative_flags,2,True,True,False,False,True,202,1
P,mesityl,cyclohexyl,C6,pentachlorophenyl,pentachlorophenyl,<LB_P><LB1_mesityl><LB2_cyclohexyl><LINKER_C6><LA1_pentachlorophenyl><LA2_pentachlorophenyl>,Cc1cc(C)c(P(CCCCCCB(c2c(Cl)c(Cl)c(Cl)c(Cl)c2Cl)c2c(Cl)c(Cl)c(Cl)c(Cl)c2Cl)C2CCCCC2)c(C)c1,True,Cc1cc(C)c(P(CCCCCCB(c2c(Cl)c(Cl)c(Cl)c(Cl)c2Cl)c2c(Cl)c(Cl)c(Cl)c(Cl)c2Cl)C2CCCCC2)c(C)c1,Cc1cc(C)c(P(CCCCCCB(c2c(Cl)c(Cl)c(Cl)c(Cl)c2Cl)c2c(Cl)c(Cl)c(Cl)c(Cl)c2Cl)C2CCCCC2)c(C)c1,[],True,1,0.5208333333333334,True,True,False,False,True,False,True,[],0,45,True,True,True,True,"['LA_B_aryl', 'LA_B_diaryl', 'LA_B_polyhalogenated_aryl', 'LA_B_tricoordinate']",['LB_phosphine'],[],[],LA_LB_no_negative_flags,7,True,True,False,False,True,202,1
P,phenyl,cyclohexyl,C2,p_tolyl,mesityl,<LB_P><LB1_phenyl><LB2_cyclohexyl><LINKER_C2><LA1_p_tolyl><LA2_mesityl>,Cc1ccc(B(CCP(c2ccccc2)C2CCCCC2)c2c(C)cc(C)cc2C)cc1,True,Cc1ccc(B(CCP(c2ccccc2)C2CCCCC2)c2c(C)cc(C)cc2C)cc1,Cc1ccc(B(CCP(c2ccccc2)C2CCCCC2)c2c(C)cc(C)cc2C)cc1,[],True,1,0.43636363636363634,True,True,False,False,True,False,True,[],0,32,True,True,True,True,"['LA_B_aryl', 'LA_B_diaryl', 'LA_B_tricoordinate']",['LB_phosphine'],[],[],LA_LB_no_negative_flags,3,True,True,False,False,True,202,1
P,tert_butyl,cyclohexyl,C6,mesityl,pentafluorophenyl,<LB_P><LB1_tert_butyl><LB2_cyclohexyl><LINKER_C6><LA1_mesityl><LA2_pentafluorophenyl>,Cc1cc(C)c(B(CCCCCCP(C2CCCCC2)C(C)(C)C)c2c(F)c(F)c(F)c(F)c2F)c(C)c1,True,Cc1cc(C)c(B(CCCCCCP(C2CCCCC2)C(C)(C)C)c2c(F)c(F)c(F)c(F)c2F)c(C)c1,Cc1cc(C)c(B(CCCCCCP(C2CCCCC2)C(C)(C)C)c2c(F)c(F)c(F)c(F)c2F)c(C)c1,[],True,1,0.5192307692307693,True,True,False,False,True,False,True,[],0,38,True,True,True,True,"['LA_B_aryl', 'LA_B_diaryl', 'LA_B_polyhalogenated_aryl', 'LA_B_tricoordinate']",['LB_phosphine'],[],[],LA_LB_no_negative_flags,7,True,True,False,False,True,202,1
P,isopropyl,isopropyl,C2,p_tolyl,pentafluorophenyl,<LB_P><LB1_isopropyl><LB2_isopropyl><LINKER_C2><LA1_p_tolyl><LA2_pentafluorophenyl>,Cc1ccc(B(CCP(C(C)C)C(C)C)c2c(F)c(F)c(F)c(F)c2F)cc1,True,Cc1ccc(B(CCP(C(C)C)C(C)C)c2c(F)c(F)c(F)c(F)c2F)cc1,Cc1ccc(B(CCP(C(C)C)C(C)C)c2c(F)c(F)c(F)c(F)c2F)cc1,[],True,1,0.40816326530612246,True,True,False,False,True,False,True,[],0,28,True,True,True,True,"['LA_B_aryl', 'LA_B_diaryl', 'LA_B_polyhalogenated_aryl', 'LA_B_tricoordinate']",['LB_phosphine'],[],[],LA_LB_no_negative_flags,3,True,True,False,False,True,202,1
P,phenyl,phenyl,C5,phenyl,p_tolyl,<LB_P><LB1_phenyl><LB2_phenyl><LINKER_C5><LA1_phenyl><LA2_p_tolyl>,Cc1ccc(B(CCCCCP(c2ccccc2)c2ccccc2)c2ccccc2)cc1,True,Cc1ccc(B(CCCCCP(c2ccccc2)c2ccccc2)c2ccccc2)cc1,Cc1ccc(B(CCCCCP(c2ccccc2)c2ccccc2)c2ccccc2)cc1,[],True,1,0.5365853658536586,True,True,False,False,True,False,True,[],0,32,True,True,True,True,"['LA_B_aryl', 'LA_B_diaryl', 'LA_B_tricoordinate']",['LB_phosphine'],[],[],LA_LB_no_negative_flags,6,True,True,False,False,True,202,2
P,mesityl,cyclohexyl,C6,pentafluorophenyl,pentafluorophenyl,<LB_P><LB1_mesityl><LB2_cyclohexyl><LINKER_C6><LA1_pentafluorophenyl><LA2_pentafluorophenyl>,Cc1cc(C)c(P(CCCCCCB(c2c(F)c(F)c(F)c(F)c2F)c2c(F)c(F)c(F)c(F)c2F)C2CCCCC2)c(C)c1,True,Cc1cc(C)c(P(CCCCCCB(c2c(F)c(F)c(F)c(F)c2F)c2c(F)c(F)c(F)c(F)c2F)C2CCCCC2)c(C)c1,Cc1cc(C)c(P(CCCCCCB(c2c(F)c(F)c(F)c(F)c2F)c2c(F)c(F)c(F)c(F)c2F)C2CCCCC2)c(C)c1,[],True,1,0.6170212765957447,True,True,False,False,True,False,True,[],0,45,True,True,True,True,"['LA_B_aryl', 'LA_B_diaryl', 'LA_B_polyhalogenated_aryl', 'LA_B_tricoordinate']",['LB_phosphine'],[],[],LA_LB_no_negative_flags,7,True,True,False,False,True,202,1
P,phenyl,cyclohexyl,C3,phenyl,pentachlorophenyl,<LB_P><LB1_phenyl><LB2_cyclohexyl><LINKER_C3><LA1_phenyl><LA2_pentachlorophenyl>,Clc1c(Cl)c(Cl)c(B(CCCP(c2ccccc2)C2CCCCC2)c2ccccc2)c(Cl)c1Cl,True,Clc1c(Cl)c(Cl)c(B(CCCP(c2ccccc2)C2CCCCC2)c2ccccc2)c(Cl)c1Cl,Clc1c(Cl)c(Cl)c(B(CCCP(c2ccccc2)C2CCCCC2)c2ccccc2)c(Cl)c1Cl,[],True,1,0.4444444444444444,True,True,False,False,True,False,True,[],0,34,True,True,True,True,"['LA_B_aryl', 'LA_B_diaryl', 'LA_B_polyhalogenated_aryl', 'LA_B_tricoordinate']",['LB_phosphine'],[],[],LA_LB_no_negative_flags,4,True,True,False,False,True,202,1
N,ethyl,ethyl,C5,mesityl,pentafluorophenyl,<LB_N><LB1_ethyl><LB2_ethyl><LINKER_C5><LA1_mesityl><LA2_pentafluorophenyl>,CCN(CC)CCCCCB(c1c(C)cc(C)cc1C)c1c(F)c(F)c(F)c(F)c1F,True,CCN(CC)CCCCCB(c1c(C)cc(C)cc1C)c1c(F)c(F)c(F)c(F)c1F,CCN(CC)CCCCCB(c1c(C)cc(C)cc1C)c1c(F)c(F)c(F)c(F)c1F,[],True,1,0.5333333333333333,True,True,False,False,True,False,True,[],0,31,True,True,True,True,"['LA_B_aryl', 'LA_B_diaryl', 'LA_B_polyhalogenated_aryl', 'LA_B_tricoordinate']",['LB_amine'],[],[],LA_LB_no_negative_flags,6,True,True,False,False,True,202,1
P,phenyl,mesityl,C3,pentafluorophenyl,pentachlorophenyl,<LB_P><LB1_phenyl><LB2_mesityl><LINKER_C3><LA1_pentafluorophenyl><LA2_pentachlorophenyl>,Cc1cc(C)c(P(CCCB(c2c(F)c(F)c(F)c(F)c2F)c2c(Cl)c(Cl)c(Cl)c(Cl)c2Cl)c2ccccc2)c(C)c1,True,Cc1cc(C)c(P(CCCB(c2c(F)c(F)c(F)c(F)c2F)c2c(Cl)c(Cl)c(Cl)c(Cl)c2Cl)c2ccccc2)c(C)c1,Cc1cc(C)c(P(CCCB(c2c(F)c(F)c(F)c(F)c2F)c2c(Cl)c(Cl)c(Cl)c(Cl)c2Cl)c2ccccc2)c(C)c1,[],True,1,0.6382978723404256,True,True,False,False,True,False,True,[],0,42,True,True,True,True,"['LA_B_aryl', 'LA_B_diaryl', 'LA_B_polyhalogenated_aryl', 'LA_B_tricoordinate']",['LB_phosphine'],[],[],LA_LB_no_negative_flags,4,True,True,False,False,True,202,1
P,tert_butyl,cyclohexyl,C4,p_tolyl,pentafluorophenyl,<LB_P><LB1_tert_butyl><LB2_cyclohexyl><LINKER_C4><LA1_p_tolyl><LA2_pentafluorophenyl>,Cc1ccc(B(CCCCP(C2CCCCC2)C(C)(C)C)c2c(F)c(F)c(F)c(F)c2F)cc1,True,Cc1ccc(B(CCCCP(C2CCCCC2)C(C)(C)C)c2c(F)c(F)c(F)c(F)c2F)cc1,Cc1ccc(B(CCCCP(C2CCCCC2)C(C)(C)C)c2c(F)c(F)c(F)c(F)c2F)cc1,[],True,1,0.41818181818181815,True,True,False,False,True,False,True,[],0,34,True,True,True,True,"['LA_B_aryl', 'LA_B_diaryl', 'LA_B_polyhalogenated_aryl', 'LA_B_tricoordinate']",['LB_phosphine'],[],[],LA_LB_no_negative_flags,5,True,True,False,False,True,202,2
P,tert_butyl,isopropyl,C4,bis_cf3_phenyl,bis_cf3_phenyl,<LB_P><LB1_tert_butyl><LB2_isopropyl><LINKER_C4><LA1_bis_cf3_phenyl><LA2_bis_cf3_phenyl>,CC(C)P(CCCCB(c1cc(C(F)(F)F)cc(C(F)(F)F)c1)c1cc(C(F)(F)F)cc(C(F)(F)F)c1)C(C)(C)C,True,CC(C)P(CCCCB(c1cc(C(F)(F)F)cc(C(F)(F)F)c1)c1cc(C(F)(F)F)cc(C(F)(F)F)c1)C(C)(C)C,CC(C)P(CCCCB(c1cc(C(F)(F)F)cc(C(F)(F)F)c1)c1cc(C(F)(F)F)cc(C(F)(F)F)c1)C(C)(C)C,[],True,1,0.55,True,True,False,False,True,False,True,[],0,41,True,True,True,True,"['LA_B_aryl', 'LA_B_diaryl', 'LA_B_tricoordinate']",['LB_phosphine'],[],[],LA_LB_no_negative_flags,5,True,True,False,False,True,202,2
P,phenyl,isopropyl,C4,bis_cf3_phenyl,bis_cf3_phenyl,<LB_P><LB1_phenyl><LB2_isopropyl><LINKER_C4><LA1_bis_cf3_phenyl><LA2_bis_cf3_phenyl>,CC(C)P(CCCCB(c1cc(C(F)(F)F)cc(C(F)(F)F)c1)c1cc(C(F)(F)F)cc(C(F)(F)F)c1)c1ccccc1,True,CC(C)P(CCCCB(c1cc(C(F)(F)F)cc(C(F)(F)F)c1)c1cc(C(F)(F)F)cc(C(F)(F)F)c1)c1ccccc1,CC(C)P(CCCCB(c1cc(C(F)(F)F)cc(C(F)(F)F)c1)c1cc(C(F)(F)F)cc(C(F)(F)F)c1)c1ccccc1,[],True,1,0.425531914893617,True,True,False,False,True,False,True,[],0,43,True,True,True,True,"['LA_B_aryl', 'LA_B_diaryl', 'LA_B_tricoordinate']",['LB_phosphine'],[],[],LA_LB_no_negative_flags,5,True,True,False,False,True,202,1
P,phenyl,tert_butyl,C4,p_tolyl,pentachlorophenyl,<LB_P><LB1_phenyl><LB2_tert_butyl><LINKER_C4><LA1_p_tolyl><LA2_pentachlorophenyl>,Cc1ccc(B(CCCCP(c2ccccc2)C(C)(C)C)c2c(Cl)c(Cl)c(Cl)c(Cl)c2Cl)cc1,True,Cc1ccc(B(CCCCP(c2ccccc2)C(C)(C)C)c2c(Cl)c(Cl)c(Cl)c(Cl)c2Cl)cc1,Cc1ccc(B(CCCCP(c2ccccc2)C(C)(C)C)c2c(Cl)c(Cl)c(Cl)c(Cl)c2Cl)cc1,[],True,1,0.425531914893617,True,True,False,False,True,False,True,[],0,34,True,True,True,True,"['LA_B_aryl', 'LA_B_diaryl', 'LA_B_polyhalogenated_aryl', 'LA_B_tricoordinate']",['LB_phosphine'],[],[],LA_LB_no_negative_flags,5,True,True,False,False,True,202,2
N,phenyl,phenyl,C6,phenyl,pentafluorophenyl,<LB_N><LB1_phenyl><LB2_phenyl><LINKER_C6><LA1_phenyl><LA2_pentafluorophenyl>,Fc1c(F)c(F)c(B(CCCCCCN(c2ccccc2)c2ccccc2)c2ccccc2)c(F)c1F,True,Fc1c(F)c(F)c(B(CCCCCCN(c2ccccc2)c2ccccc2)c2ccccc2)c(F)c1F,Fc1c(F)c(F)c(B(CCCCCCN(c2ccccc2)c2ccccc2)c2ccccc2)c(F)c1F,[],True,1,0.45454545454545453,True,True,False,False,True,False,True,[],0,37,True,True,True,True,"['LA_B_aryl', 'LA_B_diaryl', 'LA_B_polyhalogenated_aryl', 'LA_B_tricoordinate']",['LB_amine'],[],[],LA_LB_no_negative_flags,7,True,True,False,False,True,202,1
P,isopropyl,isopropyl,C6,bis_cf3_phenyl,bis_cf3_phenyl,<LB_P><LB1_isopropyl><LB2_isopropyl><LINKER_C6><LA1_bis_cf3_phenyl><LA2_bis_cf3_phenyl>,CC(C)P(CCCCCCB(c1cc(C(F)(F)F)cc(C(F)(F)F)c1)c1cc(C(F)(F)F)cc(C(F)(F)F)c1)C(C)C,True,CC(C)P(CCCCCCB(c1cc(C(F)(F)F)cc(C(F)(F)F)c1)c1cc(C(F)(F)F)cc(C(F)(F)F)c1)C(C)C,CC(C)P(CCCCCCB(c1cc(C(F)(F)F)cc(C(F)(F)F)c1)c1cc(C(F)(F)F)cc(C(F)(F)F)c1)C(C)C,[],True,1,0.4878048780487805,True,True,False,False,True,False,True,[],0,42,True,True,True,True,"['LA_B_aryl', 'LA_B_diaryl', 'LA_B_tricoordinate']",['LB_phosphine'],[],[],LA_LB_no_negative_flags,7,True,True,False,False,True,202,2
P,isopropyl,isopropyl,C6,pentafluorophenyl,pentafluorophenyl,<LB_P><LB1_isopropyl><LB2_isopropyl><LINKER_C6><LA1_pentafluorophenyl><LA2_pentafluorophenyl>,CC(C)P(CCCCCCB(c1c(F)c(F)c(F)c(F)c1F)c1c(F)c(F)c(F)c(F)c1F)C(C)C,True,CC(C)P(CCCCCCB(c1c(F)c(F)c(F)c(F)c1F)c1c(F)c(F)c(F)c(F)c1F)C(C)C,CC(C)P(CCCCCCB(c1c(F)c(F)c(F)c(F)c1F)c1c(F)c(F)c(F)c(F)c1F)C(C)C,[],True,1,0.4878048780487805,True,True,False,False,True,False,True,[],0,36,True,True,True,True,"['LA_B_aryl', 'LA_B_diaryl', 'LA_B_polyhalogenated_aryl', 'LA_B_tricoordinate']",['LB_phosphine'],[],[],LA_LB_no_negative_flags,7,True,True,False,False,True,202,1
P,phenyl,mesityl,C6,p_tolyl,pentachlorophenyl,<LB_P><LB1_phenyl><LB2_mesityl><LINKER_C6><LA1_p_tolyl><LA2_pentachlorophenyl>,Cc1ccc(B(CCCCCCP(c2ccccc2)c2c(C)cc(C)cc2C)c2c(Cl)c(Cl)c(Cl)c(Cl)c2Cl)cc1,True,Cc1ccc(B(CCCCCCP(c2ccccc2)c2c(C)cc(C)cc2C)c2c(Cl)c(Cl)c(Cl)c(Cl)c2Cl)cc1,Cc1ccc(B(CCCCCCP(c2ccccc2)c2c(C)cc(C)cc2C)c2c(Cl)c(Cl)c(Cl)c(Cl)c2Cl)cc1,[],True,1,0.4807692307692308,True,True,False,False,True,False,True,[],0,41,True,True,True,True,"['LA_B_aryl', 'LA_B_diaryl', 'LA_B_polyhalogenated_aryl', 'LA_B_tricoordinate']",['LB_phosphine'],[],[],LA_LB_no_negative_flags,7,True,True,False,False,True,202,1
N,cyclohexyl,phenyl,C3,pentafluorophenyl,pentachlorophenyl,<LB_N><LB1_cyclohexyl><LB2_phenyl><LINKER_C3><LA1_pentafluorophenyl><LA2_pentachlorophenyl>,Fc1c(F)c(F)c(B(CCCN(c2ccccc2)C2CCCCC2)c2c(Cl)c(Cl)c(Cl)c(Cl)c2Cl)c(F)c1F,True,Fc1c(F)c(F)c(B(CCCN(c2ccccc2)C2CCCCC2)c2c(Cl)c(Cl)c(Cl)c(Cl)c2Cl)c(F)c1F,Fc1c(F)c(F)c(B(CCCN(c2ccccc2)C2CCCCC2)c2c(Cl)c(Cl)c(Cl)c(Cl)c2Cl)c(F)c1F,[],True,1,0.40384615384615385,True,True,False,False,True,False,True,[],0,39,True,True,True,True,"['LA_B_aryl', 'LA_B_diaryl', 'LA_B_polyhalogenated_aryl', 'LA_B_tricoordinate']",['LB_amine'],[],[],LA_LB_no_negative_flags,4,True,True,False,False,True,202,1
N,phenyl,phenyl,C4,p_tolyl,pentafluorophenyl,<LB_N><LB1_phenyl><LB2_phenyl><LINKER_C4><LA1_p_tolyl><LA2_pentafluorophenyl>,Cc1ccc(B(CCCCN(c2ccccc2)c2ccccc2)c2c(F)c(F)c(F)c(F)c2F)cc1,True,Cc1ccc(B(CCCCN(c2ccccc2)c2ccccc2)c2c(F)c(F)c(F)c(F)c2F)cc1,Cc1ccc(B(CCCCN(c2ccccc2)c2ccccc2)c2c(F)c(F)c(F)c(F)c2F)cc1,[],True,1,0.4166666666666667,True,True,False,False,True,False,True,[],0,36,True,True,True,True,"['LA_B_aryl', 'LA_B_diaryl', 'LA_B_polyhalogenated_aryl', 'LA_B_tricoordinate']",['LB_amine'],[],[],LA_LB_no_negative_flags,5,True,True,False,False,True,202,2
P,phenyl,mesityl,C2,mesityl,pentafluorophenyl,<LB_P><LB1_phenyl><LB2_mesityl><LINKER_C2><LA1_mesityl><LA2_pentafluorophenyl>,Cc1cc(C)c(B(CCP(c2ccccc2)c2c(C)cc(C)cc2C)c2c(F)c(F)c(F)c(F)c2F)c(C)c1,True,Cc1cc(C)c(B(CCP(c2ccccc2)c2c(C)cc(C)cc2C)c2c(F)c(F)c(F)c(F)c2F)c(C)c1,Cc1cc(C)c(B(CCP(c2ccccc2)c2c(C)cc(C)cc2C)c2c(F)c(F)c(F)c(F)c2F)c(C)c1,[],True,1,0.6,True,True,False,False,True,False,True,[],0,39,True,True,True,True,"['LA_B_aryl', 'LA_B_diaryl', 'LA_B_polyhalogenated_aryl', 'LA_B_tricoordinate']",['LB_phosphine'],[],[],LA_LB_no_negative_flags,3,True,True,False,False,True,303,1
P,mesityl,isopropyl,C2,pentafluorophenyl,pentafluorophenyl,<LB_P><LB1_mesityl><LB2_isopropyl><LINKER_C2><LA1_pentafluorophenyl><LA2_pentafluorophenyl>,Cc1cc(C)c(P(CCB(c2c(F)c(F)c(F)c(F)c2F)c2c(F)c(F)c(F)c(F)c2F)C(C)C)c(C)c1,True,Cc1cc(C)c(P(CCB(c2c(F)c(F)c(F)c(F)c2F)c2c(F)c(F)c(F)c(F)c2F)C(C)C)c(C)c1,Cc1cc(C)c(P(CCB(c2c(F)c(F)c(F)c(F)c2F)c2c(F)c(F)c(F)c(F)c2F)C(C)C)c(C)c1,[],True,1,0.5952380952380952,True,True,False,False,True,False,True,[],0,38,True,True,True,True,"['LA_B_aryl', 'LA_B_diaryl', 'LA_B_polyhalogenated_aryl', 'LA_B_tricoordinate']",['LB_phosphine'],[],[],LA_LB_no_negative_flags,3,True,True,False,False,True,303,1
P,tert_butyl,tert_butyl,C6,phenyl,mesityl,<LB_P><LB1_tert_butyl><LB2_tert_butyl><LINKER_C6><LA1_phenyl><LA2_mesityl>,Cc1cc(C)c(B(CCCCCCP(C(C)(C)C)C(C)(C)C)c2ccccc2)c(C)c1,True,Cc1cc(C)c(B(CCCCCCP(C(C)(C)C)C(C)(C)C)c2ccccc2)c(C)c1,Cc1cc(C)c(B(CCCCCCP(C(C)(C)C)C(C)(C)C)c2ccccc2)c(C)c1,[],True,1,0.42,True,True,False,False,True,False,True,[],0,31,True,True,True,True,"['LA_B_aryl', 'LA_B_diaryl', 'LA_B_tricoordinate']",['LB_phosphine'],[],[],LA_LB_no_negative_flags,7,True,True,False,False,True,303,1
N,isopropyl,isopropyl,C4,pentafluorophenyl,bis_cf3_phenyl,<LB_N><LB1_isopropyl><LB2_isopropyl><LINKER_C4><LA1_pentafluorophenyl><LA2_bis_cf3_phenyl>,CC(C)N(CCCCB(c1cc(C(F)(F)F)cc(C(F)(F)F)c1)c1c(F)c(F)c(F)c(F)c1F)C(C)C,True,CC(C)N(CCCCB(c1cc(C(F)(F)F)cc(C(F)(F)F)c1)c1c(F)c(F)c(F)c(F)c1F)C(C)C,CC(C)N(CCCCB(c1cc(C(F)(F)F)cc(C(F)(F)F)c1)c1c(F)c(F)c(F)c(F)c1F)C(C)C,[],True,1,0.40425531914893614,True,True,False,False,True,False,True,[],0,37,True,True,True,True,"['LA_B_aryl', 'LA_B_diaryl', 'LA_B_polyhalogenated_aryl', 'LA_B_tricoordinate']",['LB_amine'],[],[],LA_LB_no_negative_flags,5,True,True,False,False,True,303,1
N,methyl,isopropyl,C3,mesityl,pentachlorophenyl,<LB_N><LB1_methyl><LB2_isopropyl><LINKER_C3><LA1_mesityl><LA2_pentachlorophenyl>,Cc1cc(C)c(B(CCCN(C)C(C)C)c2c(Cl)c(Cl)c(Cl)c(Cl)c2Cl)c(C)c1,True,Cc1cc(C)c(B(CCCN(C)C(C)C)c2c(Cl)c(Cl)c(Cl)c(Cl)c2Cl)c(C)c1,Cc1cc(C)c(B(CCCN(C)C(C)C)c2c(Cl)c(Cl)c(Cl)c(Cl)c2Cl)c(C)c1,[],True,1,0.4666666666666667,True,True,False,False,True,False,True,[],0,29,True,True,True,True,"['LA_B_aryl', 'LA_B_diaryl', 'LA_B_polyhalogenated_aryl', 'LA_B_tricoordinate']",['LB_amine'],[],[],LA_LB_no_negative_flags,4,True,True,False,False,True,303,1
P,phenyl,isopropyl,C5,phenyl,bis_cf3_phenyl,<LB_P><LB1_phenyl><LB2_isopropyl><LINKER_C5><LA1_phenyl><LA2_bis_cf3_phenyl>,CC(C)P(CCCCCB(c1ccccc1)c1cc(C(F)(F)F)cc(C(F)(F)F)c1)c1ccccc1,True,CC(C)P(CCCCCB(c1ccccc1)c1cc(C(F)(F)F)cc(C(F)(F)F)c1)c1ccccc1,CC(C)P(CCCCCB(c1ccccc1)c1cc(C(F)(F)F)cc(C(F)(F)F)c1)c1ccccc1,[],True,1,0.4,True,True,False,False,True,False,True,[],0,36,True,True,True,True,"['LA_B_aryl', 'LA_B_diaryl', 'LA_B_tricoordinate']",['LB_phosphine'],[],[],LA_LB_no_negative_flags,6,True,True,False,False,True,303,1
P,phenyl,tert_butyl,C4,bis_cf3_phenyl,bis_cf3_phenyl,<LB_P><LB1_phenyl><LB2_tert_butyl><LINKER_C4><LA1_bis_cf3_phenyl><LA2_bis_cf3_phenyl>,CC(C)(C)P(CCCCB(c1cc(C(F)(F)F)cc(C(F)(F)F)c1)c1cc(C(F)(F)F)cc(C(F)(F)F)c1)c1ccccc1,True,CC(C)(C)P(CCCCB(c1cc(C(F)(F)F)cc(C(F)(F)F)c1)c1cc(C(F)(F)F)cc(C(F)(F)F)c1)c1ccccc1,CC(C)(C)P(CCCCB(c1cc(C(F)(F)F)cc(C(F)(F)F)c1)c1cc(C(F)(F)F)cc(C(F)(F)F)c1)c1ccccc1,[],True,1,0.4666666666666667,True,True,False,False,True,False,True,[],0,44,True,True,True,True,"['LA_B_aryl', 'LA_B_diaryl', 'LA_B_tricoordinate']",['LB_phosphine'],[],[],LA_LB_no_negative_flags,5,True,True,False,False,True,303,1
P,tert_butyl,tert_butyl,C4,pentachlorophenyl,pentachlorophenyl,<LB_P><LB1_tert_butyl><LB2_tert_butyl><LINKER_C4><LA1_pentachlorophenyl><LA2_pentachlorophenyl>,CC(C)(C)P(CCCCB(c1c(Cl)c(Cl)c(Cl)c(Cl)c1Cl)c1c(Cl)c(Cl)c(Cl)c(Cl)c1Cl)C(C)(C)C,True,CC(C)(C)P(CCCCB(c1c(Cl)c(Cl)c(Cl)c(Cl)c1Cl)c1c(Cl)c(Cl)c(Cl)c(Cl)c1Cl)C(C)(C)C,CC(C)(C)P(CCCCB(c1c(Cl)c(Cl)c(Cl)c(Cl)c1Cl)c1c(Cl)c(Cl)c(Cl)c(Cl)c1Cl)C(C)(C)C,[],True,1,0.5806451612903226,True,True,False,False,True,False,True,[],0,36,True,True,True,True,"['LA_B_aryl', 'LA_B_diaryl', 'LA_B_polyhalogenated_aryl', 'LA_B_tricoordinate']",['LB_phosphine'],[],[],LA_LB_no_negative_flags,5,True,True,False,False,True,303,1
P,cyclohexyl,cyclohexyl,C5,mesityl,mesityl,<LB_P><LB1_cyclohexyl><LB2_cyclohexyl><LINKER_C5><LA1_mesityl><LA2_mesityl>,Cc1cc(C)c(B(CCCCCP(C2CCCCC2)C2CCCCC2)c2c(C)cc(C)cc2C)c(C)c1,True,Cc1cc(C)c(B(CCCCCP(C2CCCCC2)C2CCCCC2)c2c(C)cc(C)cc2C)c(C)c1,Cc1cc(C)c(B(CCCCCP(C2CCCCC2)C2CCCCC2)c2c(C)cc(C)cc2C)c(C)c1,[],True,1,0.4375,True,True,False,False,True,False,True,[],0,37,True,True,True,True,"['LA_B_aryl', 'LA_B_diaryl', 'LA_B_tricoordinate']",['LB_phosphine'],[],[],LA_LB_no_negative_flags,6,True,True,False,False,True,303,1
P,mesityl,mesityl,C2,p_tolyl,bis_cf3_phenyl,<LB_P><LB1_mesityl><LB2_mesityl><LINKER_C2><LA1_p_tolyl><LA2_bis_cf3_phenyl>,Cc1ccc(B(CCP(c2c(C)cc(C)cc2C)c2c(C)cc(C)cc2C)c2cc(C(F)(F)F)cc(C(F)(F)F)c2)cc1,True,Cc1ccc(B(CCP(c2c(C)cc(C)cc2C)c2c(C)cc(C)cc2C)c2cc(C(F)(F)F)cc(C(F)(F)F)c2)cc1,Cc1ccc(B(CCP(c2c(C)cc(C)cc2C)c2c(C)cc(C)cc2C)c2cc(C(F)(F)F)cc(C(F)(F)F)c2)cc1,[],True,1,0.42,True,True,False,False,True,False,True,[],0,43,True,True,True,True,"['LA_B_aryl', 'LA_B_diaryl', 'LA_B_tricoordinate']",['LB_phosphine'],[],[],LA_LB_no_negative_flags,3,True,True,False,False,True,303,1
N,ethyl,isopropyl,C3,pentachlorophenyl,pentachlorophenyl,<LB_N><LB1_ethyl><LB2_isopropyl><LINKER_C3><LA1_pentachlorophenyl><LA2_pentachlorophenyl>,CCN(CCCB(c1c(Cl)c(Cl)c(Cl)c(Cl)c1Cl)c1c(Cl)c(Cl)c(Cl)c(Cl)c1Cl)C(C)C,True,CCN(CCCB(c1c(Cl)c(Cl)c(Cl)c(Cl)c1Cl)c1c(Cl)c(Cl)c(Cl)c(Cl)c1Cl)C(C)C,CCN(CCCB(c1c(Cl)c(Cl)c(Cl)c(Cl)c1Cl)c1c(Cl)c(Cl)c(Cl)c(Cl)c1Cl)C(C)C,[],True,1,0.40476190476190477,True,True,False,False,True,False,True,[],0,32,True,True,True,True,"['LA_B_aryl', 'LA_B_diaryl', 'LA_B_polyhalogenated_aryl', 'LA_B_tricoordinate']",['LB_amine'],[],[],LA_LB_no_negative_flags,4,True,True,False,False,True,303,1
P,mesityl,mesityl,C6,p_tolyl,pentafluorophenyl,<LB_P><LB1_mesityl><LB2_mesityl><LINKER_C6><LA1_p_tolyl><LA2_pentafluorophenyl>,Cc1ccc(B(CCCCCCP(c2c(C)cc(C)cc2C)c2c(C)cc(C)cc2C)c2c(F)c(F)c(F)c(F)c2F)cc1,True,Cc1ccc(B(CCCCCCP(c2c(C)cc(C)cc2C)c2c(C)cc(C)cc2C)c2c(F)c(F)c(F)c(F)c2F)cc1,Cc1ccc(B(CCCCCCP(c2c(C)cc(C)cc2C)c2c(C)cc(C)cc2C)c2c(F)c(F)c(F)c(F)c2F)cc1,[],True,1,0.8,True,True,False,False,True,False,True,[],0,44,True,True,True,True,"['LA_B_aryl', 'LA_B_diaryl', 'LA_B_polyhalogenated_aryl', 'LA_B_tricoordinate']",['LB_phosphine'],[],[],LA_LB_no_negative_flags,7,True,True,False,False,True,303,1
P,phenyl,tert_butyl,C5,mesityl,mesityl,<LB_P><LB1_phenyl><LB2_tert_butyl><LINKER_C5><LA1_mesityl><LA2_mesityl>,Cc1cc(C)c(B(CCCCCP(c2ccccc2)C(C)(C)C)c2c(C)cc(C)cc2C)c(C)c1,True,Cc1cc(C)c(B(CCCCCP(c2ccccc2)C(C)(C)C)c2c(C)cc(C)cc2C)c(C)c1,Cc1cc(C)c(B(CCCCCP(c2ccccc2)C(C)(C)C)c2c(C)cc(C)cc2C)c(C)c1,[],True,1,0.42,True,True,False,False,True,False,True,[],0,35,True,True,True,True,"['LA_B_aryl', 'LA_B_diaryl', 'LA_B_tricoordinate']",['LB_phosphine'],[],[],LA_LB_no_negative_flags,6,True,True,False,False,True,303,1
P,mesityl,tert_butyl,C1,mesityl,bis_cf3_phenyl,<LB_P><LB1_mesityl><LB2_tert_butyl><LINKER_C1><LA1_mesityl><LA2_bis_cf3_phenyl>,Cc1cc(C)c(B(CP(c2c(C)cc(C)cc2C)C(C)(C)C)c2cc(C(F)(F)F)cc(C(F)(F)F)c2)c(C)c1,True,Cc1cc(C)c(B(CP(c2c(C)cc(C)cc2C)C(C)(C)C)c2cc(C(F)(F)F)cc(C(F)(F)F)c2)c(C)c1,Cc1cc(C)c(B(CP(c2c(C)cc(C)cc2C)C(C)(C)C)c2cc(C(F)(F)F)cc(C(F)(F)F)c2)c(C)c1,[],True,1,0.5238095238095238,True,True,False,False,True,False,True,[],0,39,True,True,True,True,"['LA_B_aryl', 'LA_B_diaryl', 'LA_B_tricoordinate']",['LB_phosphine'],[],[],LA_LB_no_negative_flags,2,True,True,False,False,True,303,1
P,phenyl,cyclohexyl,C6,p_tolyl,mesityl,<LB_P><LB1_phenyl><LB2_cyclohexyl><LINKER_C6><LA1_p_tolyl><LA2_mesityl>,Cc1ccc(B(CCCCCCP(c2ccccc2)C2CCCCC2)c2c(C)cc(C)cc2C)cc1,True,Cc1ccc(B(CCCCCCP(c2ccccc2)C2CCCCC2)c2c(C)cc(C)cc2C)cc1,Cc1ccc(B(CCCCCCP(c2ccccc2)C2CCCCC2)c2c(C)cc(C)cc2C)cc1,[],True,1,0.4067796610169492,True,True,False,False,True,False,True,[],0,36,True,True,True,True,"['LA_B_aryl', 'LA_B_diaryl', 'LA_B_tricoordinate']",['LB_phosphine'],[],[],LA_LB_no_negative_flags,7,True,True,False,False,True,303,1
P,cyclohexyl,cyclohexyl,C3,p_tolyl,mesityl,<LB_P><LB1_cyclohexyl><LB2_cyclohexyl><LINKER_C3><LA1_p_tolyl><LA2_mesityl>,Cc1ccc(B(CCCP(C2CCCCC2)C2CCCCC2)c2c(C)cc(C)cc2C)cc1,True,Cc1ccc(B(CCCP(C2CCCCC2)C2CCCCC2)c2c(C)cc(C)cc2C)cc1,Cc1ccc(B(CCCP(C2CCCCC2)C2CCCCC2)c2c(C)cc(C)cc2C)cc1,[],True,1,0.4074074074074074,True,True,False,False,True,False,True,[],0,33,True,True,True,True,"['LA_B_aryl', 'LA_B_diaryl', 'LA_B_tricoordinate']",['LB_phosphine'],[],[],LA_LB_no_negative_flags,4,True,True,False,False,True,303,1
N,isopropyl,isopropyl,C3,pentachlorophenyl,bis_cf3_phenyl,<LB_N><LB1_isopropyl><LB2_isopropyl><LINKER_C3><LA1_pentachlorophenyl><LA2_bis_cf3_phenyl>,CC(C)N(CCCB(c1cc(C(F)(F)F)cc(C(F)(F)F)c1)c1c(Cl)c(Cl)c(Cl)c(Cl)c1Cl)C(C)C,True,CC(C)N(CCCB(c1cc(C(F)(F)F)cc(C(F)(F)F)c1)c1c(Cl)c(Cl)c(Cl)c(Cl)c1Cl)C(C)C,CC(C)N(CCCB(c1cc(C(F)(F)F)cc(C(F)(F)F)c1)c1c(Cl)c(Cl)c(Cl)c(Cl)c1Cl)C(C)C,[],True,1,0.40425531914893614,True,True,False,False,True,False,True,[],0,36,True,True,True,True,"['LA_B_aryl', 'LA_B_diaryl', 'LA_B_polyhalogenated_aryl', 'LA_B_tricoordinate']",['LB_amine'],[],[],LA_LB_no_negative_flags,4,True,True,False,False,True,303,1
P,mesityl,isopropyl,C1,pentafluorophenyl,pentachlorophenyl,<LB_P><LB1_mesityl><LB2_isopropyl><LINKER_C1><LA1_pentafluorophenyl><LA2_pentachlorophenyl>,Cc1cc(C)c(P(CB(c2c(F)c(F)c(F)c(F)c2F)c2c(Cl)c(Cl)c(Cl)c(Cl)c2Cl)C(C)C)c(C)c1,True,Cc1cc(C)c(P(CB(c2c(F)c(F)c(F)c(F)c2F)c2c(Cl)c(Cl)c(Cl)c(Cl)c2Cl)C(C)C)c(C)c1,Cc1cc(C)c(P(CB(c2c(F)c(F)c(F)c(F)c2F)c2c(Cl)c(Cl)c(Cl)c(Cl)c2Cl)C(C)C)c(C)c1,[],True,1,0.5,True,True,False,False,True,False,True,[],0,37,True,True,True,True,"['LA_B_aryl', 'LA_B_diaryl', 'LA_B_polyhalogenated_aryl', 'LA_B_tricoordinate']",['LB_phosphine'],[],[],LA_LB_no_negative_flags,2,True,True,False,False,True,303,1
N,methyl,ethyl,C6,p_tolyl,pentafluorophenyl,<LB_N><LB1_methyl><LB2_ethyl><LINKER_C6><LA1_p_tolyl><LA2_pentafluorophenyl>,CCN(C)CCCCCCB(c1ccc(C)cc1)c1c(F)c(F)c(F)c(F)c1F,True,CCN(C)CCCCCCB(c1ccc(C)cc1)c1c(F)c(F)c(F)c(F)c1F,CCN(C)CCCCCCB(c1ccc(C)cc1)c1c(F)c(F)c(F)c(F)c1F,[],True,1,0.4,True,True,False,False,True,False,True,[],0,29,True,True,True,True,"['LA_B_aryl', 'LA_B_diaryl', 'LA_B_polyhalogenated_aryl', 'LA_B_tricoordinate']",['LB_amine'],[],[],LA_LB_no_negative_flags,7,True,True,False,False,True,303,1
P,mesityl,tert_butyl,C3,bis_cf3_phenyl,bis_cf3_phenyl,<LB_P><LB1_mesityl><LB2_tert_butyl><LINKER_C3><LA1_bis_cf3_phenyl><LA2_bis_cf3_phenyl>,Cc1cc(C)c(P(CCCB(c2cc(C(F)(F)F)cc(C(F)(F)F)c2)c2cc(C(F)(F)F)cc(C(F)(F)F)c2)C(C)(C)C)c(C)c1,True,Cc1cc(C)c(P(CCCB(c2cc(C(F)(F)F)cc(C(F)(F)F)c2)c2cc(C(F)(F)F)cc(C(F)(F)F)c2)C(C)(C)C)c(C)c1,Cc1cc(C)c(P(CCCB(c2cc(C(F)(F)F)cc(C(F)(F)F)c2)c2cc(C(F)(F)F)cc(C(F)(F)F)c2)C(C)(C)C)c(C)c1,[],True,1,0.4772727272727273,True,True,False,False,True,False,True,[],0,46,True,True,True,True,"['LA_B_aryl', 'LA_B_diaryl', 'LA_B_tricoordinate']",['LB_phosphine'],[],[],LA_LB_no_negative_flags,4,True,True,False,False,True,303,1
P,phenyl,isopropyl,C4,mesityl,mesityl,<LB_P><LB1_phenyl><LB2_isopropyl><LINKER_C4><LA1_mesityl><LA2_mesityl>,Cc1cc(C)c(B(CCCCP(c2ccccc2)C(C)C)c2c(C)cc(C)cc2C)c(C)c1,True,Cc1cc(C)c(B(CCCCP(c2ccccc2)C(C)C)c2c(C)cc(C)cc2C)c(C)c1,Cc1cc(C)c(B(CCCCP(c2ccccc2)C(C)C)c2c(C)cc(C)cc2C)c(C)c1,[],True,1,0.42857142857142855,True,True,False,False,True,False,True,[],0,33,True,True,True,True,"['LA_B_aryl', 'LA_B_diaryl', 'LA_B_tricoordinate']",['LB_phosphine'],[],[],LA_LB_no_negative_flags,5,True,True,False,False,True,303,1
P,tert_butyl,cyclohexyl,C4,phenyl,pentafluorophenyl,<LB_P><LB1_tert_butyl><LB2_cyclohexyl><LINKER_C4><LA1_phenyl><LA2_pentafluorophenyl>,CC(C)(C)P(CCCCB(c1ccccc1)c1c(F)c(F)c(F)c(F)c1F)C1CCCCC1,True,CC(C)(C)P(CCCCB(c1ccccc1)c1c(F)c(F)c(F)c(F)c1F)C1CCCCC1,CC(C)(C)P(CCCCB(c1ccccc1)c1c(F)c(F)c(F)c(F)c1F)C1CCCCC1,[],True,1,0.45098039215686275,True,True,False,False,True,False,True,[],0,33,True,True,True,True,"['LA_B_aryl', 'LA_B_diaryl', 'LA_B_polyhalogenated_aryl', 'LA_B_tricoordinate']",['LB_phosphine'],[],[],LA_LB_no_negative_flags,5,True,True,False,False,True,303,1
P,phenyl,isopropyl,C4,phenyl,mesityl,<LB_P><LB1_phenyl><LB2_isopropyl><LINKER_C4><LA1_phenyl><LA2_mesityl>,Cc1cc(C)c(B(CCCCP(c2ccccc2)C(C)C)c2ccccc2)c(C)c1,True,Cc1cc(C)c(B(CCCCP(c2ccccc2)C(C)C)c2ccccc2)c(C)c1,Cc1cc(C)c(B(CCCCP(c2ccccc2)C(C)C)c2ccccc2)c(C)c1,[],True,1,0.40384615384615385,True,True,False,False,True,False,True,[],0,30,True,True,True,True,"['LA_B_aryl', 'LA_B_diaryl', 'LA_B_tricoordinate']",['LB_phosphine'],[],[],LA_LB_no_negative_flags,5,True,True,False,False,True,303,1
N,ethyl,phenyl,C4,pentafluorophenyl,pentafluorophenyl,<LB_N><LB1_ethyl><LB2_phenyl><LINKER_C4><LA1_pentafluorophenyl><LA2_pentafluorophenyl>,CCN(CCCCB(c1c(F)c(F)c(F)c(F)c1F)c1c(F)c(F)c(F)c(F)c1F)c1ccccc1,True,CCN(CCCCB(c1c(F)c(F)c(F)c(F)c1F)c1c(F)c(F)c(F)c(F)c1F)c1ccccc1,CCN(CCCCB(c1c(F)c(F)c(F)c(F)c1F)c1c(F)c(F)c(F)c(F)c1F)c1ccccc1,[],True,1,0.4883720930232558,True,True,False,False,True,False,True,[],0,36,True,True,True,True,"['LA_B_aryl', 'LA_B_diaryl', 'LA_B_polyhalogenated_aryl', 'LA_B_tricoordinate']",['LB_amine'],[],[],LA_LB_no_negative_flags,5,True,True,False,False,True,303,1
P,phenyl,cyclohexyl,C1,phenyl,pentachlorophenyl,<LB_P><LB1_phenyl><LB2_cyclohexyl><LINKER_C1><LA1_phenyl><LA2_pentachlorophenyl>,Clc1c(Cl)c(Cl)c(B(CP(c2ccccc2)C2CCCCC2)c2ccccc2)c(Cl)c1Cl,True,Clc1c(Cl)c(Cl)c(B(CP(c2ccccc2)C2CCCCC2)c2ccccc2)c(Cl)c1Cl,Clc1c(Cl)c(Cl)c(B(CP(c2ccccc2)C2CCCCC2)c2ccccc2)c(Cl)c1Cl,[],True,1,0.4782608695652174,True,True,False,False,True,False,True,[],0,32,True,True,True,True,"['LA_B_aryl', 'LA_B_diaryl', 'LA_B_polyhalogenated_aryl', 'LA_B_tricoordinate']",['LB_phosphine'],[],[],LA_LB_no_negative_flags,2,True,True,False,False,True,303,1
P,mesityl,cyclohexyl,C5,p_tolyl,pentafluorophenyl,<LB_P><LB1_mesityl><LB2_cyclohexyl><LINKER_C5><LA1_p_tolyl><LA2_pentafluorophenyl>,Cc1ccc(B(CCCCCP(c2c(C)cc(C)cc2C)C2CCCCC2)c2c(F)c(F)c(F)c(F)c2F)cc1,True,Cc1ccc(B(CCCCCP(c2c(C)cc(C)cc2C)C2CCCCC2)c2c(F)c(F)c(F)c(F)c2F)cc1,Cc1ccc(B(CCCCCP(c2c(C)cc(C)cc2C)C2CCCCC2)c2c(F)c(F)c(F)c(F)c2F)cc1,[],True,1,0.5283018867924528,True,True,False,False,True,False,True,[],0,40,True,True,True,True,"['LA_B_aryl', 'LA_B_diaryl', 'LA_B_polyhalogenated_aryl', 'LA_B_tricoordinate']",['LB_phosphine'],[],[],LA_LB_no_negative_flags,6,True,True,False,False,True,303,1
P,phenyl,tert_butyl,C3,mesityl,pentafluorophenyl,<LB_P><LB1_phenyl><LB2_tert_butyl><LINKER_C3><LA1_mesityl><LA2_pentafluorophenyl>,Cc1cc(C)c(B(CCCP(c2ccccc2)C(C)(C)C)c2c(F)c(F)c(F)c(F)c2F)c(C)c1,True,Cc1cc(C)c(B(CCCP(c2ccccc2)C(C)(C)C)c2c(F)c(F)c(F)c(F)c2F)c(C)c1,Cc1cc(C)c(B(CCCP(c2ccccc2)C(C)(C)C)c2c(F)c(F)c(F)c(F)c2F)c(C)c1,[],True,1,0.5,True,True,False,False,True,False,True,[],0,35,True,True,True,True,"['LA_B_aryl', 'LA_B_diaryl', 'LA_B_polyhalogenated_aryl', 'LA_B_tricoordinate']",['LB_phosphine'],[],[],LA_LB_no_negative_flags,4,True,True,False,False,True,303,1
N,methyl,isopropyl,C1,phenyl,pentachlorophenyl,<LB_N><LB1_methyl><LB2_isopropyl><LINKER_C1><LA1_phenyl><LA2_pentachlorophenyl>,CC(C)N(C)CB(c1ccccc1)c1c(Cl)c(Cl)c(Cl)c(Cl)c1Cl,True,CC(C)N(C)CB(c1ccccc1)c1c(Cl)c(Cl)c(Cl)c(Cl)c1Cl,CC(C)N(C)CB(c1ccccc1)c1c(Cl)c(Cl)c(Cl)c(Cl)c1Cl,[],True,1,0.4186046511627907,True,True,False,False,True,False,True,[],0,24,True,True,True,True,"['LA_B_aryl', 'LA_B_diaryl', 'LA_B_polyhalogenated_aryl', 'LA_B_tricoordinate']",['LB_amine'],[],[],LA_LB_no_negative_flags,2,True,True,False,False,True,303,1
N,methyl,phenyl,C6,mesityl,pentafluorophenyl,<LB_N><LB1_methyl><LB2_phenyl><LINKER_C6><LA1_mesityl><LA2_pentafluorophenyl>,Cc1cc(C)c(B(CCCCCCN(C)c2ccccc2)c2c(F)c(F)c(F)c(F)c2F)c(C)c1,True,Cc1cc(C)c(B(CCCCCCN(C)c2ccccc2)c2c(F)c(F)c(F)c(F)c2F)c(C)c1,Cc1cc(C)c(B(CCCCCCN(C)c2ccccc2)c2c(F)c(F)c(F)c(F)c2F)c(C)c1,[],True,1,0.48,True,True,False,False,True,False,True,[],0,35,True,True,True,True,"['LA_B_aryl', 'LA_B_diaryl', 'LA_B_polyhalogenated_aryl', 'LA_B_tricoordinate']",['LB_amine'],[],[],LA_LB_no_negative_flags,7,True,True,False,False,True,303,1
N,isopropyl,phenyl,C6,mesityl,pentachlorophenyl,<LB_N><LB1_isopropyl><LB2_phenyl><LINKER_C6><LA1_mesityl><LA2_pentachlorophenyl>,Cc1cc(C)c(B(CCCCCCN(c2ccccc2)C(C)C)c2c(Cl)c(Cl)c(Cl)c(Cl)c2Cl)c(C)c1,True,Cc1cc(C)c(B(CCCCCCN(c2ccccc2)C(C)C)c2c(Cl)c(Cl)c(Cl)c(Cl)c2Cl)c(C)c1,Cc1cc(C)c(B(CCCCCCN(c2ccccc2)C(C)C)c2c(Cl)c(Cl)c(Cl)c(Cl)c2Cl)c(C)c1,[],True,1,0.40384615384615385,True,True,False,False,True,False,True,[],0,37,True,True,True,True,"['LA_B_aryl', 'LA_B_diaryl', 'LA_B_polyhalogenated_aryl', 'LA_B_tricoordinate']",['LB_amine'],[],[],LA_LB_no_negative_flags,7,True,True,False,False,True,303,1
P,tert_butyl,isopropyl,C6,phenyl,pentafluorophenyl,<LB_P><LB1_tert_butyl><LB2_isopropyl><LINKER_C6><LA1_phenyl><LA2_pentafluorophenyl>,CC(C)P(CCCCCCB(c1ccccc1)c1c(F)c(F)c(F)c(F)c1F)C(C)(C)C,True,CC(C)P(CCCCCCB(c1ccccc1)c1c(F)c(F)c(F)c(F)c1F)C(C)(C)C,CC(C)P(CCCCCCB(c1ccccc1)c1c(F)c(F)c(F)c(F)c1F)C(C)(C)C,[],True,1,0.5,True,True,False,False,True,False,True,[],0,32,True,True,True,True,"['LA_B_aryl', 'LA_B_diaryl', 'LA_B_polyhalogenated_aryl', 'LA_B_tricoordinate']",['LB_phosphine'],[],[],LA_LB_no_negative_flags,7,True,True,False,False,True,303,1
P,mesityl,isopropyl,C5,phenyl,pentachlorophenyl,<LB_P><LB1_mesityl><LB2_isopropyl><LINKER_C5><LA1_phenyl><LA2_pentachlorophenyl>,Cc1cc(C)c(P(CCCCCB(c2ccccc2)c2c(Cl)c(Cl)c(Cl)c(Cl)c2Cl)C(C)C)c(C)c1,True,Cc1cc(C)c(P(CCCCCB(c2ccccc2)c2c(Cl)c(Cl)c(Cl)c(Cl)c2Cl)C(C)C)c(C)c1,Cc1cc(C)c(P(CCCCCB(c2ccccc2)c2c(Cl)c(Cl)c(Cl)c(Cl)c2Cl)C(C)C)c(C)c1,[],True,1,0.4897959183673469,True,True,False,False,True,False,True,[],0,36,True,True,True,True,"['LA_B_aryl', 'LA_B_diaryl', 'LA_B_polyhalogenated_aryl', 'LA_B_tricoordinate']",['LB_phosphine'],[],[],LA_LB_no_negative_flags,6,True,True,False,False,True,303,1
P,phenyl,phenyl,C4,p_tolyl,p_tolyl,<LB_P><LB1_phenyl><LB2_phenyl><LINKER_C4><LA1_p_tolyl><LA2_p_tolyl>,Cc1ccc(B(CCCCP(c2ccccc2)c2ccccc2)c2ccc(C)cc2)cc1,True,Cc1ccc(B(CCCCP(c2ccccc2)c2ccccc2)c2ccc(C)cc2)cc1,Cc1ccc(B(CCCCP(c2ccccc2)c2ccccc2)c2ccc(C)cc2)cc1,[],True,1,0.5641025641025641,True,True,False,False,True,False,True,[],0,32,True,True,True,True,"['LA_B_aryl', 'LA_B_diaryl', 'LA_B_tricoordinate']",['LB_phosphine'],[],[],LA_LB_no_negative_flags,5,True,True,False,False,True,303,1
P,tert_butyl,tert_butyl,C1,phenyl,p_tolyl,<LB_P><LB1_tert_butyl><LB2_tert_butyl><LINKER_C1><LA1_phenyl><LA2_p_tolyl>,Cc1ccc(B(CP(C(C)(C)C)C(C)(C)C)c2ccccc2)cc1,True,Cc1ccc(B(CP(C(C)(C)C)C(C)(C)C)c2ccccc2)cc1,Cc1ccc(B(CP(C(C)(C)C)C(C)(C)C)c2ccccc2)cc1,[],True,1,0.4473684210526316,True,True,False,False,True,False,True,[],0,24,True,True,True,True,"['LA_B_aryl', 'LA_B_diaryl', 'LA_B_tricoordinate']",['LB_phosphine'],[],[],LA_LB_no_negative_flags,2,True,True,False,False,True,303,1
P,phenyl,mesityl,C3,mesityl,pentachlorophenyl,<LB_P><LB1_phenyl><LB2_mesityl><LINKER_C3><LA1_mesityl><LA2_pentachlorophenyl>,Cc1cc(C)c(B(CCCP(c2ccccc2)c2c(C)cc(C)cc2C)c2c(Cl)c(Cl)c(Cl)c(Cl)c2Cl)c(C)c1,True,Cc1cc(C)c(B(CCCP(c2ccccc2)c2c(C)cc(C)cc2C)c2c(Cl)c(Cl)c(Cl)c(Cl)c2Cl)c(C)c1,Cc1cc(C)c(B(CCCP(c2ccccc2)c2c(C)cc(C)cc2C)c2c(Cl)c(Cl)c(Cl)c(Cl)c2Cl)c(C)c1,[],True,1,0.5555555555555556,True,True,False,False,True,False,True,[],0,40,True,True,True,True,"['LA_B_aryl', 'LA_B_diaryl', 'LA_B_polyhalogenated_aryl', 'LA_B_tricoordinate']",['LB_phosphine'],[],[],LA_LB_no_negative_flags,4,True,True,False,False,True,303,1
P,tert_butyl,tert_butyl,C3,phenyl,pentafluorophenyl,<LB_P><LB1_tert_butyl><LB2_tert_butyl><LINKER_C3><LA1_phenyl><LA2_pentafluorophenyl>,CC(C)(C)P(CCCB(c1ccccc1)c1c(F)c(F)c(F)c(F)c1F)C(C)(C)C,True,CC(C)(C)P(CCCB(c1ccccc1)c1c(F)c(F)c(F)c(F)c1F)C(C)(C)C,CC(C)(C)P(CCCB(c1ccccc1)c1c(F)c(F)c(F)c(F)c1F)C(C)(C)C,[],True,1,0.4883720930232558,True,True,False,False,True,False,True,[],0,30,True,True,True,True,"['LA_B_aryl', 'LA_B_diaryl', 'LA_B_polyhalogenated_aryl', 'LA_B_tricoordinate']",['LB_phosphine'],[],[],LA_LB_no_negative_flags,4,True,True,False,False,True,303,1
N,isopropyl,isopropyl,C6,p_tolyl,pentafluorophenyl,<LB_N><LB1_isopropyl><LB2_isopropyl><LINKER_C6><LA1_p_tolyl><LA2_pentafluorophenyl>,Cc1ccc(B(CCCCCCN(C(C)C)C(C)C)c2c(F)c(F)c(F)c(F)c2F)cc1,True,Cc1ccc(B(CCCCCCN(C(C)C)C(C)C)c2c(F)c(F)c(F)c(F)c2F)cc1,Cc1ccc(B(CCCCCCN(C(C)C)C(C)C)c2c(F)c(F)c(F)c(F)c2F)cc1,[],True,1,0.4,True,True,False,False,True,False,True,[],0,32,True,True,True,True,"['LA_B_aryl', 'LA_B_diaryl', 'LA_B_polyhalogenated_aryl', 'LA_B_tricoordinate']",['LB_amine'],[],[],LA_LB_no_negative_flags,7,True,True,False,False,True,303,1
P,mesityl,isopropyl,C2,phenyl,bis_cf3_phenyl,<LB_P><LB1_mesityl><LB2_isopropyl><LINKER_C2><LA1_phenyl><LA2_bis_cf3_phenyl>,Cc1cc(C)c(P(CCB(c2ccccc2)c2cc(C(F)(F)F)cc(C(F)(F)F)c2)C(C)C)c(C)c1,True,Cc1cc(C)c(P(CCB(c2ccccc2)c2cc(C(F)(F)F)cc(C(F)(F)F)c2)C(C)C)c(C)c1,Cc1cc(C)c(P(CCB(c2ccccc2)c2cc(C(F)(F)F)cc(C(F)(F)F)c2)C(C)C)c(C)c1,[],True,1,0.4,True,True,False,False,True,False,True,[],0,36,True,True,True,True,"['LA_B_aryl', 'LA_B_diaryl', 'LA_B_tricoordinate']",['LB_phosphine'],[],[],LA_LB_no_negative_flags,3,True,True,False,False,True,303,1
N,isopropyl,isopropyl,C2,mesityl,pentafluorophenyl,<LB_N><LB1_isopropyl><LB2_isopropyl><LINKER_C2><LA1_mesityl><LA2_pentafluorophenyl>,Cc1cc(C)c(B(CCN(C(C)C)C(C)C)c2c(F)c(F)c(F)c(F)c2F)c(C)c1,True,Cc1cc(C)c(B(CCN(C(C)C)C(C)C)c2c(F)c(F)c(F)c(F)c2F)c(C)c1,Cc1cc(C)c(B(CCN(C(C)C)C(C)C)c2c(F)c(F)c(F)c(F)c2F)c(C)c1,[],True,1,0.4666666666666667,True,True,False,False,True,False,True,[],0,30,True,True,True,True,"['LA_B_aryl', 'LA_B_diaryl', 'LA_B_polyhalogenated_aryl', 'LA_B_tricoordinate']",['LB_amine'],[],[],LA_LB_no_negative_flags,3,True,True,False,False,True,303,1
P,phenyl,cyclohexyl,C5,mesityl,pentafluorophenyl,<LB_P><LB1_phenyl><LB2_cyclohexyl><LINKER_C5><LA1_mesityl><LA2_pentafluorophenyl>,Cc1cc(C)c(B(CCCCCP(c2ccccc2)C2CCCCC2)c2c(F)c(F)c(F)c(F)c2F)c(C)c1,True,Cc1cc(C)c(B(CCCCCP(c2ccccc2)C2CCCCC2)c2c(F)c(F)c(F)c(F)c2F)c(C)c1,Cc1cc(C)c(B(CCCCCP(c2ccccc2)C2CCCCC2)c2c(F)c(F)c(F)c(F)c2F)c(C)c1,[],True,1,0.5,True,True,False,False,True,False,True,[],0,39,True,True,True,True,"['LA_B_aryl', 'LA_B_diaryl', 'LA_B_polyhalogenated_aryl', 'LA_B_tricoordinate']",['LB_phosphine'],[],[],LA_LB_no_negative_flags,6,True,True,False,False,True,303,1
P,mesityl,isopropyl,C5,pentafluorophenyl,bis_cf3_phenyl,<LB_P><LB1_mesityl><LB2_isopropyl><LINKER_C5><LA1_pentafluorophenyl><LA2_bis_cf3_phenyl>,Cc1cc(C)c(P(CCCCCB(c2cc(C(F)(F)F)cc(C(F)(F)F)c2)c2c(F)c(F)c(F)c(F)c2F)C(C)C)c(C)c1,True,Cc1cc(C)c(P(CCCCCB(c2cc(C(F)(F)F)cc(C(F)(F)F)c2)c2c(F)c(F)c(F)c(F)c2F)C(C)C)c(C)c1,Cc1cc(C)c(P(CCCCCB(c2cc(C(F)(F)F)cc(C(F)(F)F)c2)c2c(F)c(F)c(F)c(F)c2F)C(C)C)c(C)c1,[],True,1,0.5384615384615384,True,True,False,False,True,False,True,[],0,44,True,True,True,True,"['LA_B_aryl', 'LA_B_diaryl', 'LA_B_polyhalogenated_aryl', 'LA_B_tricoordinate']",['LB_phosphine'],[],[],LA_LB_no_negative_flags,6,True,True,False,False,True,303,1
N,ethyl,ethyl,C5,phenyl,pentafluorophenyl,<LB_N><LB1_ethyl><LB2_ethyl><LINKER_C5><LA1_phenyl><LA2_pentafluorophenyl>,CCN(CC)CCCCCB(c1ccccc1)c1c(F)c(F)c(F)c(F)c1F,True,CCN(CC)CCCCCB(c1ccccc1)c1c(F)c(F)c(F)c(F)c1F,CCN(CC)CCCCCB(c1ccccc1)c1c(F)c(F)c(F)c(F)c1F,[],True,1,0.45652173913043476,True,True,False,False,True,False,True,[],0,28,True,True,True,True,"['LA_B_aryl', 'LA_B_diaryl', 'LA_B_polyhalogenated_aryl', 'LA_B_tricoordinate']",['LB_amine'],[],[],LA_LB_no_negative_flags,6,True,True,False,False,True,303,1
P,phenyl,tert_butyl,C4,mesityl,pentafluorophenyl,<LB_P><LB1_phenyl><LB2_tert_butyl><LINKER_C4><LA1_mesityl><LA2_pentafluorophenyl>,Cc1cc(C)c(B(CCCCP(c2ccccc2)C(C)(C)C)c2c(F)c(F)c(F)c(F)c2F)c(C)c1,True,Cc1cc(C)c(B(CCCCP(c2ccccc2)C(C)(C)C)c2c(F)c(F)c(F)c(F)c2F)c(C)c1,Cc1cc(C)c(B(CCCCP(c2ccccc2)C(C)(C)C)c2c(F)c(F)c(F)c(F)c2F)c(C)c1,[],True,1,0.5531914893617021,True,True,False,False,True,False,True,[],0,36,True,True,True,True,"['LA_B_aryl', 'LA_B_diaryl', 'LA_B_polyhalogenated_aryl', 'LA_B_tricoordinate']",['LB_phosphine'],[],[],LA_LB_no_negative_flags,5,True,True,False,False,True,303,1
N,ethyl,cyclohexyl,C2,mesityl,pentafluorophenyl,<LB_N><LB1_ethyl><LB2_cyclohexyl><LINKER_C2><LA1_mesityl><LA2_pentafluorophenyl>,CCN(CCB(c1c(C)cc(C)cc1C)c1c(F)c(F)c(F)c(F)c1F)C1CCCCC1,True,CCN(CCB(c1c(C)cc(C)cc1C)c1c(F)c(F)c(F)c(F)c1F)C1CCCCC1,CCN(CCB(c1c(C)cc(C)cc1C)c1c(F)c(F)c(F)c(F)c1F)C1CCCCC1,[],True,1,0.41509433962264153,True,True,False,False,True,False,True,[],0,32,True,True,True,True,"['LA_B_aryl', 'LA_B_diaryl', 'LA_B_polyhalogenated_aryl', 'LA_B_tricoordinate']",['LB_amine'],[],[],LA_LB_no_negative_flags,3,True,True,False,False,True,303,1
P,phenyl,mesityl,C5,phenyl,mesityl,<LB_P><LB1_phenyl><LB2_mesityl><LINKER_C5><LA1_phenyl><LA2_mesityl>,Cc1cc(C)c(B(CCCCCP(c2ccccc2)c2c(C)cc(C)cc2C)c2ccccc2)c(C)c1,True,Cc1cc(C)c(B(CCCCCP(c2ccccc2)c2c(C)cc(C)cc2C)c2ccccc2)c(C)c1,Cc1cc(C)c(B(CCCCCP(c2ccccc2)c2c(C)cc(C)cc2C)c2ccccc2)c(C)c1,[],True,1,0.5319148936170213,True,True,False,False,True,False,True,[],0,37,True,True,True,True,"['LA_B_aryl', 'LA_B_diaryl', 'LA_B_tricoordinate']",['LB_phosphine'],[],[],LA_LB_no_negative_flags,6,True,True,False,False,True,303,1
P,tert_butyl,cyclohexyl,C3,mesityl,pentachlorophenyl,<LB_P><LB1_tert_butyl><LB2_cyclohexyl><LINKER_C3><LA1_mesityl><LA2_pentachlorophenyl>,Cc1cc(C)c(B(CCCP(C2CCCCC2)C(C)(C)C)c2c(Cl)c(Cl)c(Cl)c(Cl)c2Cl)c(C)c1,True,Cc1cc(C)c(B(CCCP(C2CCCCC2)C(C)(C)C)c2c(Cl)c(Cl)c(Cl)c(Cl)c2Cl)c(C)c1,Cc1cc(C)c(B(CCCP(C2CCCCC2)C(C)(C)C)c2c(Cl)c(Cl)c(Cl)c(Cl)c2Cl)c(C)c1,[],True,1,0.45098039215686275,True,True,False,False,True,False,True,[],0,35,True,True,True,True,"['LA_B_aryl', 'LA_B_diaryl', 'LA_B_polyhalogenated_aryl', 'LA_B_tricoordinate']",['LB_phosphine'],[],[],LA_LB_no_negative_flags,4,True,True,False,False,True,303,1
N,methyl,ethyl,C2,phenyl,bis_cf3_phenyl,<LB_N><LB1_methyl><LB2_ethyl><LINKER_C2><LA1_phenyl><LA2_bis_cf3_phenyl>,CCN(C)CCB(c1ccccc1)c1cc(C(F)(F)F)cc(C(F)(F)F)c1,True,CCN(C)CCB(c1ccccc1)c1cc(C(F)(F)F)cc(C(F)(F)F)c1,CCN(C)CCB(c1ccccc1)c1cc(C(F)(F)F)cc(C(F)(F)F)c1,[],True,1,0.4,True,True,False,False,True,False,True,[],0,27,True,True,True,True,"['LA_B_aryl', 'LA_B_diaryl', 'LA_B_tricoordinate']",['LB_amine'],[],[],LA_LB_no_negative_flags,3,True,True,False,False,True,303,1
P,cyclohexyl,isopropyl,C2,bis_cf3_phenyl,bis_cf3_phenyl,<LB_P><LB1_cyclohexyl><LB2_isopropyl><LINKER_C2><LA1_bis_cf3_phenyl><LA2_bis_cf3_phenyl>,CC(C)P(CCB(c1cc(C(F)(F)F)cc(C(F)(F)F)c1)c1cc(C(F)(F)F)cc(C(F)(F)F)c1)C1CCCCC1,True,CC(C)P(CCB(c1cc(C(F)(F)F)cc(C(F)(F)F)c1)c1cc(C(F)(F)F)cc(C(F)(F)F)c1)C1CCCCC1,CC(C)P(CCB(c1cc(C(F)(F)F)cc(C(F)(F)F)c1)c1cc(C(F)(F)F)cc(C(F)(F)F)c1)C1CCCCC1,[],True,1,0.43478260869565216,True,True,False,False,True,False,True,[],0,41,True,True,True,True,"['LA_B_aryl', 'LA_B_diaryl', 'LA_B_tricoordinate']",['LB_phosphine'],[],[],LA_LB_no_negative_flags,3,True,True,False,False,True,303,1
P,phenyl,cyclohexyl,C4,phenyl,pentachlorophenyl,<LB_P><LB1_phenyl><LB2_cyclohexyl><LINKER_C4><LA1_phenyl><LA2_pentachlorophenyl>,Clc1c(Cl)c(Cl)c(B(CCCCP(c2ccccc2)C2CCCCC2)c2ccccc2)c(Cl)c1Cl,True,Clc1c(Cl)c(Cl)c(B(CCCCP(c2ccccc2)C2CCCCC2)c2ccccc2)c(Cl)c1Cl,Clc1c(Cl)c(Cl)c(B(CCCCP(c2ccccc2)C2CCCCC2)c2ccccc2)c(Cl)c1Cl,[],True,1,0.43478260869565216,True,True,False,False,True,False,True,[],0,35,True,True,True,True,"['LA_B_aryl', 'LA_B_diaryl', 'LA_B_polyhalogenated_aryl', 'LA_B_tricoordinate']",['LB_phosphine'],[],[],LA_LB_no_negative_flags,5,True,True,False,False,True,303,1
N,methyl,methyl,C5,pentafluorophenyl,pentafluorophenyl,<LB_N><LB1_methyl><LB2_methyl><LINKER_C5><LA1_pentafluorophenyl><LA2_pentafluorophenyl>,CN(C)CCCCCB(c1c(F)c(F)c(F)c(F)c1F)c1c(F)c(F)c(F)c(F)c1F,True,CN(C)CCCCCB(c1c(F)c(F)c(F)c(F)c1F)c1c(F)c(F)c(F)c(F)c1F,CN(C)CCCCCB(c1c(F)c(F)c(F)c(F)c1F)c1c(F)c(F)c(F)c(F)c1F,[],True,1,0.4146341463414634,True,True,False,False,True,False,True,[],0,31,True,True,True,True,"['LA_B_aryl', 'LA_B_diaryl', 'LA_B_polyhalogenated_aryl', 'LA_B_tricoordinate']",['LB_amine'],[],[],LA_LB_no_negative_flags,6,True,True,False,False,True,303,1
P,phenyl,isopropyl,C2,phenyl,bis_cf3_phenyl,<LB_P><LB1_phenyl><LB2_isopropyl><LINKER_C2><LA1_phenyl><LA2_bis_cf3_phenyl>,CC(C)P(CCB(c1ccccc1)c1cc(C(F)(F)F)cc(C(F)(F)F)c1)c1ccccc1,True,CC(C)P(CCB(c1ccccc1)c1cc(C(F)(F)F)cc(C(F)(F)F)c1)c1ccccc1,CC(C)P(CCB(c1ccccc1)c1cc(C(F)(F)F)cc(C(F)(F)F)c1)c1ccccc1,[],True,1,0.43478260869565216,True,True,False,False,True,False,True,[],0,33,True,True,True,True,"['LA_B_aryl', 'LA_B_diaryl', 'LA_B_tricoordinate']",['LB_phosphine'],[],[],LA_LB_no_negative_flags,3,True,True,False,False,True,303,1
N,phenyl,phenyl,C4,pentachlorophenyl,pentachlorophenyl,<LB_N><LB1_phenyl><LB2_phenyl><LINKER_C4><LA1_pentachlorophenyl><LA2_pentachlorophenyl>,Clc1c(Cl)c(Cl)c(B(CCCCN(c2ccccc2)c2ccccc2)c2c(Cl)c(Cl)c(Cl)c(Cl)c2Cl)c(Cl)c1Cl,True,Clc1c(Cl)c(Cl)c(B(CCCCN(c2ccccc2)c2ccccc2)c2c(Cl)c(Cl)c(Cl)c(Cl)c2Cl)c(Cl)c1Cl,Clc1c(Cl)c(Cl)c(B(CCCCN(c2ccccc2)c2ccccc2)c2c(Cl)c(Cl)c(Cl)c(Cl)c2Cl)c(Cl)c1Cl,[],True,1,0.4473684210526316,True,True,False,False,True,False,True,[],0,40,True,True,True,True,"['LA_B_aryl', 'LA_B_diaryl', 'LA_B_polyhalogenated_aryl', 'LA_B_tricoordinate']",['LB_amine'],[],[],LA_LB_no_negative_flags,5,True,True,False,False,True,303,1
P,phenyl,phenyl,C5,pentafluorophenyl,bis_cf3_phenyl,<LB_P><LB1_phenyl><LB2_phenyl><LINKER_C5><LA1_pentafluorophenyl><LA2_bis_cf3_phenyl>,Fc1c(F)c(F)c(B(CCCCCP(c2ccccc2)c2ccccc2)c2cc(C(F)(F)F)cc(C(F)(F)F)c2)c(F)c1F,True,Fc1c(F)c(F)c(B(CCCCCP(c2ccccc2)c2ccccc2)c2cc(C(F)(F)F)cc(C(F)(F)F)c2)c(F)c1F,Fc1c(F)c(F)c(B(CCCCCP(c2ccccc2)c2ccccc2)c2cc(C(F)(F)F)cc(C(F)(F)F)c2)c(F)c1F,[],True,1,0.6744186046511628,True,True,False,False,True,False,True,[],0,44,True,True,True,True,"['LA_B_aryl', 'LA_B_diaryl', 'LA_B_polyhalogenated_aryl', 'LA_B_tricoordinate']",['LB_phosphine'],[],[],LA_LB_no_negative_flags,6,True,True,False,False,True,303,1
P,phenyl,phenyl,C6,mesityl,pentachlorophenyl,<LB_P><LB1_phenyl><LB2_phenyl><LINKER_C6><LA1_mesityl><LA2_pentachlorophenyl>,Cc1cc(C)c(B(CCCCCCP(c2ccccc2)c2ccccc2)c2c(Cl)c(Cl)c(Cl)c(Cl)c2Cl)c(C)c1,True,Cc1cc(C)c(B(CCCCCCP(c2ccccc2)c2ccccc2)c2c(Cl)c(Cl)c(Cl)c(Cl)c2Cl)c(C)c1,Cc1cc(C)c(B(CCCCCCP(c2ccccc2)c2ccccc2)c2c(Cl)c(Cl)c(Cl)c(Cl)c2Cl)c(C)c1,[],True,1,0.5333333333333333,True,True,False,False,True,False,True,[],0,40,True,True,True,True,"['LA_B_aryl', 'LA_B_diaryl', 'LA_B_polyhalogenated_aryl', 'LA_B_tricoordinate']",['LB_phosphine'],[],[],LA_LB_no_negative_flags,7,True,True,False,False,True,303,1
P,phenyl,isopropyl,C6,p_tolyl,pentafluorophenyl,<LB_P><LB1_phenyl><LB2_isopropyl><LINKER_C6><LA1_p_tolyl><LA2_pentafluorophenyl>,Cc1ccc(B(CCCCCCP(c2ccccc2)C(C)C)c2c(F)c(F)c(F)c(F)c2F)cc1,True,Cc1ccc(B(CCCCCCP(c2ccccc2)C(C)C)c2c(F)c(F)c(F)c(F)c2F)cc1,Cc1ccc(B(CCCCCCP(c2ccccc2)C(C)C)c2c(F)c(F)c(F)c(F)c2F)cc1,[],True,1,0.5208333333333334,True,True,False,False,True,False,True,[],0,35,True,True,True,True,"['LA_B_aryl', 'LA_B_diaryl', 'LA_B_polyhalogenated_aryl', 'LA_B_tricoordinate']",['LB_phosphine'],[],[],LA_LB_no_negative_flags,7,True,True,False,False,True,303,1
P,phenyl,phenyl,C3,pentachlorophenyl,pentachlorophenyl,<LB_P><LB1_phenyl><LB2_phenyl><LINKER_C3><LA1_pentachlorophenyl><LA2_pentachlorophenyl>,Clc1c(Cl)c(Cl)c(B(CCCP(c2ccccc2)c2ccccc2)c2c(Cl)c(Cl)c(Cl)c(Cl)c2Cl)c(Cl)c1Cl,True,Clc1c(Cl)c(Cl)c(B(CCCP(c2ccccc2)c2ccccc2)c2c(Cl)c(Cl)c(Cl)c(Cl)c2Cl)c(Cl)c1Cl,Clc1c(Cl)c(Cl)c(B(CCCP(c2ccccc2)c2ccccc2)c2c(Cl)c(Cl)c(Cl)c(Cl)c2Cl)c(Cl)c1Cl,[],True,1,0.6363636363636364,True,True,False,False,True,False,True,[],0,39,True,True,True,True,"['LA_B_aryl', 'LA_B_diaryl', 'LA_B_polyhalogenated_aryl', 'LA_B_tricoordinate']",['LB_phosphine'],[],[],LA_LB_no_negative_flags,4,True,True,False,False,True,303,1
P,phenyl,mesityl,C3,phenyl,bis_cf3_phenyl,<LB_P><LB1_phenyl><LB2_mesityl><LINKER_C3><LA1_phenyl><LA2_bis_cf3_phenyl>,Cc1cc(C)c(P(CCCB(c2ccccc2)c2cc(C(F)(F)F)cc(C(F)(F)F)c2)c2ccccc2)c(C)c1,True,Cc1cc(C)c(P(CCCB(c2ccccc2)c2cc(C(F)(F)F)cc(C(F)(F)F)c2)c2ccccc2)c(C)c1,Cc1cc(C)c(P(CCCB(c2ccccc2)c2cc(C(F)(F)F)cc(C(F)(F)F)c2)c2ccccc2)c(C)c1,[],True,1,0.42592592592592593,True,True,False,False,True,False,True,[],0,40,True,True,True,True,"['LA_B_aryl', 'LA_B_diaryl', 'LA_B_tricoordinate']",['LB_phosphine'],[],[],LA_LB_no_negative_flags,4,True,True,False,False,True,303,1
P,mesityl,cyclohexyl,C4,mesityl,pentachlorophenyl,<LB_P><LB1_mesityl><LB2_cyclohexyl><LINKER_C4><LA1_mesityl><LA2_pentachlorophenyl>,Cc1cc(C)c(B(CCCCP(c2c(C)cc(C)cc2C)C2CCCCC2)c2c(Cl)c(Cl)c(Cl)c(Cl)c2Cl)c(C)c1,True,Cc1cc(C)c(B(CCCCP(c2c(C)cc(C)cc2C)C2CCCCC2)c2c(Cl)c(Cl)c(Cl)c(Cl)c2Cl)c(C)c1,Cc1cc(C)c(B(CCCCP(c2c(C)cc(C)cc2C)C2CCCCC2)c2c(Cl)c(Cl)c(Cl)c(Cl)c2Cl)c(C)c1,[],True,1,0.5102040816326531,True,True,False,False,True,False,True,[],0,41,True,True,True,True,"['LA_B_aryl', 'LA_B_diaryl', 'LA_B_polyhalogenated_aryl', 'LA_B_tricoordinate']",['LB_phosphine'],[],[],LA_LB_no_negative_flags,5,True,True,False,False,True,303,1
N,methyl,methyl,C3,phenyl,pentachlorophenyl,<LB_N><LB1_methyl><LB2_methyl><LINKER_C3><LA1_phenyl><LA2_pentachlorophenyl>,CN(C)CCCB(c1ccccc1)c1c(Cl)c(Cl)c(Cl)c(Cl)c1Cl,True,CN(C)CCCB(c1ccccc1)c1c(Cl)c(Cl)c(Cl)c(Cl)c1Cl,CN(C)CCCB(c1ccccc1)c1c(Cl)c(Cl)c(Cl)c(Cl)c1Cl,[],True,1,0.4,True,True,False,False,True,False,True,[],0,24,True,True,True,True,"['LA_B_aryl', 'LA_B_diaryl', 'LA_B_polyhalogenated_aryl', 'LA_B_tricoordinate']",['LB_amine'],[],[],LA_LB_no_negative_flags,4,True,True,False,False,True,303,1
N,phenyl,phenyl,C4,pentafluorophenyl,pentachlorophenyl,<LB_N><LB1_phenyl><LB2_phenyl><LINKER_C4><LA1_pentafluorophenyl><LA2_pentachlorophenyl>,Fc1c(F)c(F)c(B(CCCCN(c2ccccc2)c2ccccc2)c2c(Cl)c(Cl)c(Cl)c(Cl)c2Cl)c(F)c1F,True,Fc1c(F)c(F)c(B(CCCCN(c2ccccc2)c2ccccc2)c2c(Cl)c(Cl)c(Cl)c(Cl)c2Cl)c(F)c1F,Fc1c(F)c(F)c(B(CCCCN(c2ccccc2)c2ccccc2)c2c(Cl)c(Cl)c(Cl)c(Cl)c2Cl)c(F)c1F,[],True,1,0.4772727272727273,True,True,False,False,True,False,True,[],0,40,True,True,True,True,"['LA_B_aryl', 'LA_B_diaryl', 'LA_B_polyhalogenated_aryl', 'LA_B_tricoordinate']",['LB_amine'],[],[],LA_LB_no_negative_flags,5,True,True,False,False,True,303,1
N,methyl,methyl,C3,pentafluorophenyl,bis_cf3_phenyl,<LB_N><LB1_methyl><LB2_methyl><LINKER_C3><LA1_pentafluorophenyl><LA2_bis_cf3_phenyl>,CN(C)CCCB(c1cc(C(F)(F)F)cc(C(F)(F)F)c1)c1c(F)c(F)c(F)c(F)c1F,True,CN(C)CCCB(c1cc(C(F)(F)F)cc(C(F)(F)F)c1)c1c(F)c(F)c(F)c(F)c1F,CN(C)CCCB(c1cc(C(F)(F)F)cc(C(F)(F)F)c1)c1c(F)c(F)c(F)c(F)c1F,[],True,1,0.4090909090909091,True,True,False,False,True,False,True,[],0,32,True,True,True,True,"['LA_B_aryl', 'LA_B_diaryl', 'LA_B_polyhalogenated_aryl', 'LA_B_tricoordinate']",['LB_amine'],[],[],LA_LB_no_negative_flags,4,True,True,False,False,True,303,1
P,phenyl,cyclohexyl,C4,phenyl,pentafluorophenyl,<LB_P><LB1_phenyl><LB2_cyclohexyl><LINKER_C4><LA1_phenyl><LA2_pentafluorophenyl>,Fc1c(F)c(F)c(B(CCCCP(c2ccccc2)C2CCCCC2)c2ccccc2)c(F)c1F,True,Fc1c(F)c(F)c(B(CCCCP(c2ccccc2)C2CCCCC2)c2ccccc2)c(F)c1F,Fc1c(F)c(F)c(B(CCCCP(c2ccccc2)C2CCCCC2)c2ccccc2)c(F)c1F,[],True,1,0.5434782608695652,True,True,False,False,True,False,True,[],0,35,True,True,True,True,"['LA_B_aryl', 'LA_B_diaryl', 'LA_B_polyhalogenated_aryl', 'LA_B_tricoordinate']",['LB_phosphine'],[],[],LA_LB_no_negative_flags,5,True,True,False,False,True,303,1
P,mesityl,isopropyl,C4,p_tolyl,mesityl,<LB_P><LB1_mesityl><LB2_isopropyl><LINKER_C4><LA1_p_tolyl><LA2_mesityl>,Cc1ccc(B(CCCCP(c2c(C)cc(C)cc2C)C(C)C)c2c(C)cc(C)cc2C)cc1,True,Cc1ccc(B(CCCCP(c2c(C)cc(C)cc2C)C(C)C)c2c(C)cc(C)cc2C)cc1,Cc1ccc(B(CCCCP(c2c(C)cc(C)cc2C)C(C)C)c2c(C)cc(C)cc2C)cc1,[],True,1,0.4489795918367347,True,True,False,False,True,False,True,[],0,34,True,True,True,True,"['LA_B_aryl', 'LA_B_diaryl', 'LA_B_tricoordinate']",['LB_phosphine'],[],[],LA_LB_no_negative_flags,5,True,True,False,False,True,303,1
P,phenyl,mesityl,C5,phenyl,phenyl,<LB_P><LB1_phenyl><LB2_mesityl><LINKER_C5><LA1_phenyl><LA2_phenyl>,Cc1cc(C)c(P(CCCCCB(c2ccccc2)c2ccccc2)c2ccccc2)c(C)c1,True,Cc1cc(C)c(P(CCCCCB(c2ccccc2)c2ccccc2)c2ccccc2)c(C)c1,Cc1cc(C)c(P(CCCCCB(c2ccccc2)c2ccccc2)c2ccccc2)c(C)c1,[],True,1,0.5333333333333333,True,True,False,False,True,False,True,[],0,34,True,True,True,True,"['LA_B_aryl', 'LA_B_diaryl', 'LA_B_tricoordinate']",['LB_phosphine'],[],[],LA_LB_no_negative_flags,6,True,True,False,False,True,303,1
P,phenyl,tert_butyl,C5,pentachlorophenyl,pentachlorophenyl,<LB_P><LB1_phenyl><LB2_tert_butyl><LINKER_C5><LA1_pentachlorophenyl><LA2_pentachlorophenyl>,CC(C)(C)P(CCCCCB(c1c(Cl)c(Cl)c(Cl)c(Cl)c1Cl)c1c(Cl)c(Cl)c(Cl)c(Cl)c1Cl)c1ccccc1,True,CC(C)(C)P(CCCCCB(c1c(Cl)c(Cl)c(Cl)c(Cl)c1Cl)c1c(Cl)c(Cl)c(Cl)c(Cl)c1Cl)c1ccccc1,CC(C)(C)P(CCCCCB(c1c(Cl)c(Cl)c(Cl)c(Cl)c1Cl)c1c(Cl)c(Cl)c(Cl)c(Cl)c1Cl)c1ccccc1,[],True,1,0.525,True,True,False,False,True,False,True,[],0,39,True,True,True,True,"['LA_B_aryl', 'LA_B_diaryl', 'LA_B_polyhalogenated_aryl', 'LA_B_tricoordinate']",['LB_phosphine'],[],[],LA_LB_no_negative_flags,6,True,True,False,False,True,303,1
P,mesityl,cyclohexyl,C5,pentachlorophenyl,pentachlorophenyl,<LB_P><LB1_mesityl><LB2_cyclohexyl><LINKER_C5><LA1_pentachlorophenyl><LA2_pentachlorophenyl>,Cc1cc(C)c(P(CCCCCB(c2c(Cl)c(Cl)c(Cl)c(Cl)c2Cl)c2c(Cl)c(Cl)c(Cl)c(Cl)c2Cl)C2CCCCC2)c(C)c1,True,Cc1cc(C)c(P(CCCCCB(c2c(Cl)c(Cl)c(Cl)c(Cl)c2Cl)c2c(Cl)c(Cl)c(Cl)c(Cl)c2Cl)C2CCCCC2)c(C)c1,Cc1cc(C)c(P(CCCCCB(c2c(Cl)c(Cl)c(Cl)c(Cl)c2Cl)c2c(Cl)c(Cl)c(Cl)c(Cl)c2Cl)C2CCCCC2)c(C)c1,[],True,1,0.5208333333333334,True,True,False,False,True,False,True,[],0,44,True,True,True,True,"['LA_B_aryl', 'LA_B_diaryl', 'LA_B_polyhalogenated_aryl', 'LA_B_tricoordinate']",['LB_phosphine'],[],[],LA_LB_no_negative_flags,6,True,True,False,False,True,303,1
P,phenyl,tert_butyl,C6,p_tolyl,bis_cf3_phenyl,<LB_P><LB1_phenyl><LB2_tert_butyl><LINKER_C6><LA1_p_tolyl><LA2_bis_cf3_phenyl>,Cc1ccc(B(CCCCCCP(c2ccccc2)C(C)(C)C)c2cc(C(F)(F)F)cc(C(F)(F)F)c2)cc1,True,Cc1ccc(B(CCCCCCP(c2ccccc2)C(C)(C)C)c2cc(C(F)(F)F)cc(C(F)(F)F)c2)cc1,Cc1ccc(B(CCCCCCP(c2ccccc2)C(C)(C)C)c2cc(C(F)(F)F)cc(C(F)(F)F)c2)cc1,[],True,1,0.40384615384615385,True,True,False,False,True,False,True,[],0,39,True,True,True,True,"['LA_B_aryl', 'LA_B_diaryl', 'LA_B_tricoordinate']",['LB_phosphine'],[],[],LA_LB_no_negative_flags,7,True,True,False,False,True,303,1
P,phenyl,cyclohexyl,C2,mesityl,pentafluorophenyl,<LB_P><LB1_phenyl><LB2_cyclohexyl><LINKER_C2><LA1_mesityl><LA2_pentafluorophenyl>,Cc1cc(C)c(B(CCP(c2ccccc2)C2CCCCC2)c2c(F)c(F)c(F)c(F)c2F)c(C)c1,True,Cc1cc(C)c(B(CCP(c2ccccc2)C2CCCCC2)c2c(F)c(F)c(F)c(F)c2F)c(C)c1,Cc1cc(C)c(B(CCP(c2ccccc2)C2CCCCC2)c2c(F)c(F)c(F)c(F)c2F)c(C)c1,[],True,1,0.4791666666666667,True,True,False,False,True,False,True,[],0,36,True,True,True,True,"['LA_B_aryl', 'LA_B_diaryl', 'LA_B_polyhalogenated_aryl', 'LA_B_tricoordinate']",['LB_phosphine'],[],[],LA_LB_no_negative_flags,3,True,True,False,False,True,303,1
P,phenyl,isopropyl,C1,pentafluorophenyl,pentafluorophenyl,<LB_P><LB1_phenyl><LB2_isopropyl><LINKER_C1><LA1_pentafluorophenyl><LA2_pentafluorophenyl>,CC(C)P(CB(c1c(F)c(F)c(F)c(F)c1F)c1c(F)c(F)c(F)c(F)c1F)c1ccccc1,True,CC(C)P(CB(c1c(F)c(F)c(F)c(F)c1F)c1c(F)c(F)c(F)c(F)c1F)c1ccccc1,CC(C)P(CB(c1c(F)c(F)c(F)c(F)c1F)c1c(F)c(F)c(F)c(F)c1F)c1ccccc1,[],True,1,0.55,True,True,False,False,True,False,True,[],0,34,True,True,True,True,"['LA_B_aryl', 'LA_B_diaryl', 'LA_B_polyhalogenated_aryl', 'LA_B_tricoordinate']",['LB_phosphine'],[],[],LA_LB_no_negative_flags,2,True,True,False,False,True,303,1
P,mesityl,isopropyl,C3,p_tolyl,pentafluorophenyl,<LB_P><LB1_mesityl><LB2_isopropyl><LINKER_C3><LA1_p_tolyl><LA2_pentafluorophenyl>,Cc1ccc(B(CCCP(c2c(C)cc(C)cc2C)C(C)C)c2c(F)c(F)c(F)c(F)c2F)cc1,True,Cc1ccc(B(CCCP(c2c(C)cc(C)cc2C)C(C)C)c2c(F)c(F)c(F)c(F)c2F)cc1,Cc1ccc(B(CCCP(c2c(C)cc(C)cc2C)C(C)C)c2c(F)c(F)c(F)c(F)c2F)cc1,[],True,1,0.5416666666666666,True,True,False,False,True,False,True,[],0,35,True,True,True,True,"['LA_B_aryl', 'LA_B_diaryl', 'LA_B_polyhalogenated_aryl', 'LA_B_tricoordinate']",['LB_phosphine'],[],[],LA_LB_no_negative_flags,4,True,True,False,False,True,303,1
N,ethyl,isopropyl,C3,p_tolyl,pentafluorophenyl,<LB_N><LB1_ethyl><LB2_isopropyl><LINKER_C3><LA1_p_tolyl><LA2_pentafluorophenyl>,CCN(CCCB(c1ccc(C)cc1)c1c(F)c(F)c(F)c(F)c1F)C(C)C,True,CCN(CCCB(c1ccc(C)cc1)c1c(F)c(F)c(F)c(F)c1F)C(C)C,CCN(CCCB(c1ccc(C)cc1)c1c(F)c(F)c(F)c(F)c1F)C(C)C,[],True,1,0.4117647058823529,True,True,False,False,True,False,True,[],0,28,True,True,True,True,"['LA_B_aryl', 'LA_B_diaryl', 'LA_B_polyhalogenated_aryl', 'LA_B_tricoordinate']",['LB_amine'],[],[],LA_LB_no_negative_flags,4,True,True,False,False,True,303,1
P,phenyl,phenyl,C2,phenyl,p_tolyl,<LB_P><LB1_phenyl><LB2_phenyl><LINKER_C2><LA1_phenyl><LA2_p_tolyl>,Cc1ccc(B(CCP(c2ccccc2)c2ccccc2)c2ccccc2)cc1,True,Cc1ccc(B(CCP(c2ccccc2)c2ccccc2)c2ccccc2)cc1,Cc1ccc(B(CCP(c2ccccc2)c2ccccc2)c2ccccc2)cc1,[],True,1,0.40476190476190477,True,True,False,False,True,False,True,[],0,29,True,True,True,True,"['LA_B_aryl', 'LA_B_diaryl', 'LA_B_tricoordinate']",['LB_phosphine'],[],[],LA_LB_no_negative_flags,3,True,True,False,False,True,303,1
N,ethyl,phenyl,C3,pentachlorophenyl,pentachlorophenyl,<LB_N><LB1_ethyl><LB2_phenyl><LINKER_C3><LA1_pentachlorophenyl><LA2_pentachlorophenyl>,CCN(CCCB(c1c(Cl)c(Cl)c(Cl)c(Cl)c1Cl)c1c(Cl)c(Cl)c(Cl)c(Cl)c1Cl)c1ccccc1,True,CCN(CCCB(c1c(Cl)c(Cl)c(Cl)c(Cl)c1Cl)c1c(Cl)c(Cl)c(Cl)c(Cl)c1Cl)c1ccccc1,CCN(CCCB(c1c(Cl)c(Cl)c(Cl)c(Cl)c1Cl)c1c(Cl)c(Cl)c(Cl)c(Cl)c1Cl)c1ccccc1,[],True,1,0.4146341463414634,True,True,False,False,True,False,True,[],0,35,True,True,True,True,"['LA_B_aryl', 'LA_B_diaryl', 'LA_B_polyhalogenated_aryl', 'LA_B_tricoordinate']",['LB_amine'],[],[],LA_LB_no_negative_flags,4,True,True,False,False,True,303,1
P,mesityl,isopropyl,C4,mesityl,mesityl,<LB_P><LB1_mesityl><LB2_isopropyl><LINKER_C4><LA1_mesityl><LA2_mesityl>,Cc1cc(C)c(B(CCCCP(c2c(C)cc(C)cc2C)C(C)C)c2c(C)cc(C)cc2C)c(C)c1,True,Cc1cc(C)c(B(CCCCP(c2c(C)cc(C)cc2C)C(C)C)c2c(C)cc(C)cc2C)c(C)c1,Cc1cc(C)c(B(CCCCP(c2c(C)cc(C)cc2C)C(C)C)c2c(C)cc(C)cc2C)c(C)c1,[],True,1,0.5348837209302325,True,True,False,False,True,False,True,[],0,36,True,True,True,True,"['LA_B_aryl', 'LA_B_diaryl', 'LA_B_tricoordinate']",['LB_phosphine'],[],[],LA_LB_no_negative_flags,5,True,True,False,False,True,303,1
P,mesityl,isopropyl,C3,pentachlorophenyl,pentachlorophenyl,<LB_P><LB1_mesityl><LB2_isopropyl><LINKER_C3><LA1_pentachlorophenyl><LA2_pentachlorophenyl>,Cc1cc(C)c(P(CCCB(c2c(Cl)c(Cl)c(Cl)c(Cl)c2Cl)c2c(Cl)c(Cl)c(Cl)c(Cl)c2Cl)C(C)C)c(C)c1,True,Cc1cc(C)c(P(CCCB(c2c(Cl)c(Cl)c(Cl)c(Cl)c2Cl)c2c(Cl)c(Cl)c(Cl)c(Cl)c2Cl)C(C)C)c(C)c1,Cc1cc(C)c(P(CCCB(c2c(Cl)c(Cl)c(Cl)c(Cl)c2Cl)c2c(Cl)c(Cl)c(Cl)c(Cl)c2Cl)C(C)C)c(C)c1,[],True,1,0.6097560975609756,True,True,False,False,True,False,True,[],0,39,True,True,True,True,"['LA_B_aryl', 'LA_B_diaryl', 'LA_B_polyhalogenated_aryl', 'LA_B_tricoordinate']",['LB_phosphine'],[],[],LA_LB_no_negative_flags,4,True,True,False,False,True,303,1
P,cyclohexyl,cyclohexyl,C2,mesityl,pentafluorophenyl,<LB_P><LB1_cyclohexyl><LB2_cyclohexyl><LINKER_C2><LA1_mesityl><LA2_pentafluorophenyl>,Cc1cc(C)c(B(CCP(C2CCCCC2)C2CCCCC2)c2c(F)c(F)c(F)c(F)c2F)c(C)c1,True,Cc1cc(C)c(B(CCP(C2CCCCC2)C2CCCCC2)c2c(F)c(F)c(F)c(F)c2F)c(C)c1,Cc1cc(C)c(B(CCP(C2CCCCC2)C2CCCCC2)c2c(F)c(F)c(F)c(F)c2F)c(C)c1,[],True,1,0.4791666666666667,True,True,False,False,True,False,True,[],0,36,True,True,True,True,"['LA_B_aryl', 'LA_B_diaryl', 'LA_B_polyhalogenated_aryl', 'LA_B_tricoordinate']",['LB_phosphine'],[],[],LA_LB_no_negative_flags,3,True,True,False,False,True,303,1
P,mesityl,tert_butyl,C2,mesityl,pentachlorophenyl,<LB_P><LB1_mesityl><LB2_tert_butyl><LINKER_C2><LA1_mesityl><LA2_pentachlorophenyl>,Cc1cc(C)c(B(CCP(c2c(C)cc(C)cc2C)C(C)(C)C)c2c(Cl)c(Cl)c(Cl)c(Cl)c2Cl)c(C)c1,True,Cc1cc(C)c(B(CCP(c2c(C)cc(C)cc2C)C(C)(C)C)c2c(Cl)c(Cl)c(Cl)c(Cl)c2Cl)c(C)c1,Cc1cc(C)c(B(CCP(c2c(C)cc(C)cc2C)C(C)(C)C)c2c(Cl)c(Cl)c(Cl)c(Cl)c2Cl)c(C)c1,[],True,1,0.65,True,True,False,False,True,False,True,[],0,37,True,True,True,True,"['LA_B_aryl', 'LA_B_diaryl', 'LA_B_polyhalogenated_aryl', 'LA_B_tricoordinate']",['LB_phosphine'],[],[],LA_LB_no_negative_flags,3,True,True,False,False,True,303,1
N,methyl,phenyl,C5,pentachlorophenyl,pentachlorophenyl,<LB_N><LB1_methyl><LB2_phenyl><LINKER_C5><LA1_pentachlorophenyl><LA2_pentachlorophenyl>,CN(CCCCCB(c1c(Cl)c(Cl)c(Cl)c(Cl)c1Cl)c1c(Cl)c(Cl)c(Cl)c(Cl)c1Cl)c1ccccc1,True,CN(CCCCCB(c1c(Cl)c(Cl)c(Cl)c(Cl)c1Cl)c1c(Cl)c(Cl)c(Cl)c(Cl)c1Cl)c1ccccc1,CN(CCCCCB(c1c(Cl)c(Cl)c(Cl)c(Cl)c1Cl)c1c(Cl)c(Cl)c(Cl)c(Cl)c1Cl)c1ccccc1,[],True,1,0.4146341463414634,True,True,False,False,True,False,True,[],0,36,True,True,True,True,"['LA_B_aryl', 'LA_B_diaryl', 'LA_B_polyhalogenated_aryl', 'LA_B_tricoordinate']",['LB_amine'],[],[],LA_LB_no_negative_flags,6,True,True,False,False,True,303,1
P,phenyl,mesityl,C4,p_tolyl,p_tolyl,<LB_P><LB1_phenyl><LB2_mesityl><LINKER_C4><LA1_p_tolyl><LA2_p_tolyl>,Cc1ccc(B(CCCCP(c2ccccc2)c2c(C)cc(C)cc2C)c2ccc(C)cc2)cc1,True,Cc1ccc(B(CCCCP(c2ccccc2)c2c(C)cc(C)cc2C)c2ccc(C)cc2)cc1,Cc1ccc(B(CCCCP(c2ccccc2)c2c(C)cc(C)cc2C)c2ccc(C)cc2)cc1,[],True,1,0.5217391304347826,True,True,False,False,True,False,True,[],0,35,True,True,True,True,"['LA_B_aryl', 'LA_B_diaryl', 'LA_B_tricoordinate']",['LB_phosphine'],[],[],LA_LB_no_negative_flags,5,True,True,False,False,True,303,1
P,tert_butyl,tert_butyl,C5,pentachlorophenyl,bis_cf3_phenyl,<LB_P><LB1_tert_butyl><LB2_tert_butyl><LINKER_C5><LA1_pentachlorophenyl><LA2_bis_cf3_phenyl>,CC(C)(C)P(CCCCCB(c1cc(C(F)(F)F)cc(C(F)(F)F)c1)c1c(Cl)c(Cl)c(Cl)c(Cl)c1Cl)C(C)(C)C,True,CC(C)(C)P(CCCCCB(c1cc(C(F)(F)F)cc(C(F)(F)F)c1)c1c(Cl)c(Cl)c(Cl)c(Cl)c1Cl)C(C)(C)C,CC(C)(C)P(CCCCCB(c1cc(C(F)(F)F)cc(C(F)(F)F)c1)c1c(Cl)c(Cl)c(Cl)c(Cl)c1Cl)C(C)(C)C,[],True,1,0.5227272727272727,True,True,False,False,True,False,True,[],0,40,True,True,True,True,"['LA_B_aryl', 'LA_B_diaryl', 'LA_B_polyhalogenated_aryl', 'LA_B_tricoordinate']",['LB_phosphine'],[],[],LA_LB_no_negative_flags,6,True,True,False,False,True,303,1
P,cyclohexyl,isopropyl,C5,pentafluorophenyl,pentafluorophenyl,<LB_P><LB1_cyclohexyl><LB2_isopropyl><LINKER_C5><LA1_pentafluorophenyl><LA2_pentafluorophenyl>,CC(C)P(CCCCCB(c1c(F)c(F)c(F)c(F)c1F)c1c(F)c(F)c(F)c(F)c1F)C1CCCCC1,True,CC(C)P(CCCCCB(c1c(F)c(F)c(F)c(F)c1F)c1c(F)c(F)c(F)c(F)c1F)C1CCCCC1,CC(C)P(CCCCCB(c1c(F)c(F)c(F)c(F)c1F)c1c(F)c(F)c(F)c(F)c1F)C1CCCCC1,[],True,1,0.4,True,True,False,False,True,False,True,[],0,38,True,True,True,True,"['LA_B_aryl', 'LA_B_diaryl', 'LA_B_polyhalogenated_aryl', 'LA_B_tricoordinate']",['LB_phosphine'],[],[],LA_LB_no_negative_flags,6,True,True,False,False,True,303,1
P,mesityl,mesityl,C1,phenyl,bis_cf3_phenyl,<LB_P><LB1_mesityl><LB2_mesityl><LINKER_C1><LA1_phenyl><LA2_bis_cf3_phenyl>,Cc1cc(C)c(P(CB(c2ccccc2)c2cc(C(F)(F)F)cc(C(F)(F)F)c2)c2c(C)cc(C)cc2C)c(C)c1,True,Cc1cc(C)c(P(CB(c2ccccc2)c2cc(C(F)(F)F)cc(C(F)(F)F)c2)c2c(C)cc(C)cc2C)c(C)c1,Cc1cc(C)c(P(CB(c2ccccc2)c2cc(C(F)(F)F)cc(C(F)(F)F)c2)c2c(C)cc(C)cc2C)c(C)c1,[],True,1,0.4883720930232558,True,True,False,False,True,False,True,[],0,41,True,True,True,True,"['LA_B_aryl', 'LA_B_diaryl', 'LA_B_tricoordinate']",['LB_phosphine'],[],[],LA_LB_no_negative_flags,2,True,True,False,False,True,303,1
P,mesityl,cyclohexyl,C6,phenyl,pentafluorophenyl,<LB_P><LB1_mesityl><LB2_cyclohexyl><LINKER_C6><LA1_phenyl><LA2_pentafluorophenyl>,Cc1cc(C)c(P(CCCCCCB(c2ccccc2)c2c(F)c(F)c(F)c(F)c2F)C2CCCCC2)c(C)c1,True,Cc1cc(C)c(P(CCCCCCB(c2ccccc2)c2c(F)c(F)c(F)c(F)c2F)C2CCCCC2)c(C)c1,Cc1cc(C)c(P(CCCCCCB(c2ccccc2)c2c(F)c(F)c(F)c(F)c2F)C2CCCCC2)c(C)c1,[],True,1,0.5185185185185185,True,True,False,False,True,False,True,[],0,40,True,True,True,True,"['LA_B_aryl', 'LA_B_diaryl', 'LA_B_polyhalogenated_aryl', 'LA_B_tricoordinate']",['LB_phosphine'],[],[],LA_LB_no_negative_flags,7,True,True,False,False,True,303,1
P,phenyl,phenyl,C6,pentafluorophenyl,pentachlorophenyl,<LB_P><LB1_phenyl><LB2_phenyl><LINKER_C6><LA1_pentafluorophenyl><LA2_pentachlorophenyl>,Fc1c(F)c(F)c(B(CCCCCCP(c2ccccc2)c2ccccc2)c2c(Cl)c(Cl)c(Cl)c(Cl)c2Cl)c(F)c1F,True,Fc1c(F)c(F)c(B(CCCCCCP(c2ccccc2)c2ccccc2)c2c(Cl)c(Cl)c(Cl)c(Cl)c2Cl)c(F)c1F,Fc1c(F)c(F)c(B(CCCCCCP(c2ccccc2)c2ccccc2)c2c(Cl)c(Cl)c(Cl)c(Cl)c2Cl)c(F)c1F,[],True,1,0.8333333333333334,True,True,False,False,True,False,True,[],0,42,True,True,True,True,"['LA_B_aryl', 'LA_B_diaryl', 'LA_B_polyhalogenated_aryl', 'LA_B_tricoordinate']",['LB_phosphine'],[],[],LA_LB_no_negative_flags,7,True,True,False,False,True,303,1
P,tert_butyl,tert_butyl,C3,mesityl,pentachlorophenyl,<LB_P><LB1_tert_butyl><LB2_tert_butyl><LINKER_C3><LA1_mesityl><LA2_pentachlorophenyl>,Cc1cc(C)c(B(CCCP(C(C)(C)C)C(C)(C)C)c2c(Cl)c(Cl)c(Cl)c(Cl)c2Cl)c(C)c1,True,Cc1cc(C)c(B(CCCP(C(C)(C)C)C(C)(C)C)c2c(Cl)c(Cl)c(Cl)c(Cl)c2Cl)c(C)c1,Cc1cc(C)c(B(CCCP(C(C)(C)C)C(C)(C)C)c2c(Cl)c(Cl)c(Cl)c(Cl)c2Cl)c(C)c1,[],True,1,0.5476190476190477,True,True,False,False,True,False,True,[],0,33,True,True,True,True,"['LA_B_aryl', 'LA_B_diaryl', 'LA_B_polyhalogenated_aryl', 'LA_B_tricoordinate']",['LB_phosphine'],[],[],LA_LB_no_negative_flags,4,True,True,False,False,True,303,1
P,phenyl,mesityl,C6,pentachlorophenyl,pentachlorophenyl,<LB_P><LB1_phenyl><LB2_mesityl><LINKER_C6><LA1_pentachlorophenyl><LA2_pentachlorophenyl>,Cc1cc(C)c(P(CCCCCCB(c2c(Cl)c(Cl)c(Cl)c(Cl)c2Cl)c2c(Cl)c(Cl)c(Cl)c(Cl)c2Cl)c2ccccc2)c(C)c1,True,Cc1cc(C)c(P(CCCCCCB(c2c(Cl)c(Cl)c(Cl)c(Cl)c2Cl)c2c(Cl)c(Cl)c(Cl)c(Cl)c2Cl)c2ccccc2)c(C)c1,Cc1cc(C)c(P(CCCCCCB(c2c(Cl)c(Cl)c(Cl)c(Cl)c2Cl)c2c(Cl)c(Cl)c(Cl)c(Cl)c2Cl)c2ccccc2)c(C)c1,[],True,1,0.5555555555555556,True,True,False,False,True,False,True,[],0,45,True,True,True,True,"['LA_B_aryl', 'LA_B_diaryl', 'LA_B_polyhalogenated_aryl', 'LA_B_tricoordinate']",['LB_phosphine'],[],[],LA_LB_no_negative_flags,7,True,True,False,False,True,303,1
P,tert_butyl,tert_butyl,C6,mesityl,pentafluorophenyl,<LB_P><LB1_tert_butyl><LB2_tert_butyl><LINKER_C6><LA1_mesityl><LA2_pentafluorophenyl>,Cc1cc(C)c(B(CCCCCCP(C(C)(C)C)C(C)(C)C)c2c(F)c(F)c(F)c(F)c2F)c(C)c1,True,Cc1cc(C)c(B(CCCCCCP(C(C)(C)C)C(C)(C)C)c2c(F)c(F)c(F)c(F)c2F)c(C)c1,Cc1cc(C)c(B(CCCCCCP(C(C)(C)C)C(C)(C)C)c2c(F)c(F)c(F)c(F)c2F)c(C)c1,[],True,1,0.627906976744186,True,True,False,False,True,False,True,[],0,36,True,True,True,True,"['LA_B_aryl', 'LA_B_diaryl', 'LA_B_polyhalogenated_aryl', 'LA_B_tricoordinate']",['LB_phosphine'],[],[],LA_LB_no_negative_flags,7,True,True,False,False,True,303,1
P,phenyl,isopropyl,C2,pentafluorophenyl,pentafluorophenyl,<LB_P><LB1_phenyl><LB2_isopropyl><LINKER_C2><LA1_pentafluorophenyl><LA2_pentafluorophenyl>,CC(C)P(CCB(c1c(F)c(F)c(F)c(F)c1F)c1c(F)c(F)c(F)c(F)c1F)c1ccccc1,True,CC(C)P(CCB(c1c(F)c(F)c(F)c(F)c1F)c1c(F)c(F)c(F)c(F)c1F)c1ccccc1,CC(C)P(CCB(c1c(F)c(F)c(F)c(F)c1F)c1c(F)c(F)c(F)c(F)c1F)c1ccccc1,[],True,1,0.6388888888888888,True,True,False,False,True,False,True,[],0,35,True,True,True,True,"['LA_B_aryl', 'LA_B_diaryl', 'LA_B_polyhalogenated_aryl', 'LA_B_tricoordinate']",['LB_phosphine'],[],[],LA_LB_no_negative_flags,3,True,True,False,False,True,303,1
N,methyl,phenyl,C5,mesityl,pentafluorophenyl,<LB_N><LB1_methyl><LB2_phenyl><LINKER_C5><LA1_mesityl><LA2_pentafluorophenyl>,Cc1cc(C)c(B(CCCCCN(C)c2ccccc2)c2c(F)c(F)c(F)c(F)c2F)c(C)c1,True,Cc1cc(C)c(B(CCCCCN(C)c2ccccc2)c2c(F)c(F)c(F)c(F)c2F)c(C)c1,Cc1cc(C)c(B(CCCCCN(C)c2ccccc2)c2c(F)c(F)c(F)c(F)c2F)c(C)c1,[],True,1,0.48,True,True,False,False,True,False,True,[],0,34,True,True,True,True,"['LA_B_aryl', 'LA_B_diaryl', 'LA_B_polyhalogenated_aryl', 'LA_B_tricoordinate']",['LB_amine'],[],[],LA_LB_no_negative_flags,6,True,True,False,False,True,303,1
P,mesityl,tert_butyl,C1,p_tolyl,bis_cf3_phenyl,<LB_P><LB1_mesityl><LB2_tert_butyl><LINKER_C1><LA1_p_tolyl><LA2_bis_cf3_phenyl>,Cc1ccc(B(CP(c2c(C)cc(C)cc2C)C(C)(C)C)c2cc(C(F)(F)F)cc(C(F)(F)F)c2)cc1,True,Cc1ccc(B(CP(c2c(C)cc(C)cc2C)C(C)(C)C)c2cc(C(F)(F)F)cc(C(F)(F)F)c2)cc1,Cc1ccc(B(CP(c2c(C)cc(C)cc2C)C(C)(C)C)c2cc(C(F)(F)F)cc(C(F)(F)F)c2)cc1,[],True,1,0.5348837209302325,True,True,False,False,True,False,True,[],0,37,True,True,True,True,"['LA_B_aryl', 'LA_B_diaryl', 'LA_B_tricoordinate']",['LB_phosphine'],[],[],LA_LB_no_negative_flags,2,True,True,False,False,True,303,1
P,phenyl,isopropyl,C3,pentafluorophenyl,bis_cf3_phenyl,<LB_P><LB1_phenyl><LB2_isopropyl><LINKER_C3><LA1_pentafluorophenyl><LA2_bis_cf3_phenyl>,CC(C)P(CCCB(c1cc(C(F)(F)F)cc(C(F)(F)F)c1)c1c(F)c(F)c(F)c(F)c1F)c1ccccc1,True,CC(C)P(CCCB(c1cc(C(F)(F)F)cc(C(F)(F)F)c1)c1c(F)c(F)c(F)c(F)c1F)c1ccccc1,CC(C)P(CCCB(c1cc(C(F)(F)F)cc(C(F)(F)F)c1)c1c(F)c(F)c(F)c(F)c1F)c1ccccc1,[],True,1,0.4423076923076923,True,True,False,False,True,False,True,[],0,39,True,True,True,True,"['LA_B_aryl', 'LA_B_diaryl', 'LA_B_polyhalogenated_aryl', 'LA_B_tricoordinate']",['LB_phosphine'],[],[],LA_LB_no_negative_flags,4,True,True,False,False,True,303,1
N,ethyl,phenyl,C3,mesityl,pentachlorophenyl,<LB_N><LB1_ethyl><LB2_phenyl><LINKER_C3><LA1_mesityl><LA2_pentachlorophenyl>,CCN(CCCB(c1c(C)cc(C)cc1C)c1c(Cl)c(Cl)c(Cl)c(Cl)c1Cl)c1ccccc1,True,CCN(CCCB(c1c(C)cc(C)cc1C)c1c(Cl)c(Cl)c(Cl)c(Cl)c1Cl)c1ccccc1,CCN(CCCB(c1c(C)cc(C)cc1C)c1c(Cl)c(Cl)c(Cl)c(Cl)c1Cl)c1ccccc1,[],True,1,0.42857142857142855,True,True,False,False,True,False,True,[],0,33,True,True,True,True,"['LA_B_aryl', 'LA_B_diaryl', 'LA_B_polyhalogenated_aryl', 'LA_B_tricoordinate']",['LB_amine'],[],[],LA_LB_no_negative_flags,4,True,True,False,False,True,303,1
P,cyclohexyl,isopropyl,C1,pentafluorophenyl,pentafluorophenyl,<LB_P><LB1_cyclohexyl><LB2_isopropyl><LINKER_C1><LA1_pentafluorophenyl><LA2_pentafluorophenyl>,CC(C)P(CB(c1c(F)c(F)c(F)c(F)c1F)c1c(F)c(F)c(F)c(F)c1F)C1CCCCC1,True,CC(C)P(CB(c1c(F)c(F)c(F)c(F)c1F)c1c(F)c(F)c(F)c(F)c1F)C1CCCCC1,CC(C)P(CB(c1c(F)c(F)c(F)c(F)c1F)c1c(F)c(F)c(F)c(F)c1F)C1CCCCC1,[],True,1,0.4,True,True,False,False,True,False,True,[],0,34,True,True,True,True,"['LA_B_aryl', 'LA_B_diaryl', 'LA_B_polyhalogenated_aryl', 'LA_B_tricoordinate']",['LB_phosphine'],[],[],LA_LB_no_negative_flags,2,True,True,False,False,True,303,1
P,phenyl,cyclohexyl,C1,phenyl,bis_cf3_phenyl,<LB_P><LB1_phenyl><LB2_cyclohexyl><LINKER_C1><LA1_phenyl><LA2_bis_cf3_phenyl>,FC(F)(F)c1cc(B(CP(c2ccccc2)C2CCCCC2)c2ccccc2)cc(C(F)(F)F)c1,True,FC(F)(F)c1cc(B(CP(c2ccccc2)C2CCCCC2)c2ccccc2)cc(C(F)(F)F)c1,FC(F)(F)c1cc(B(CP(c2ccccc2)C2CCCCC2)c2ccccc2)cc(C(F)(F)F)c1,[],True,1,0.425531914893617,True,True,False,False,True,False,True,[],0,35,True,True,True,True,"['LA_B_aryl', 'LA_B_diaryl', 'LA_B_tricoordinate']",['LB_phosphine'],[],[],LA_LB_no_negative_flags,2,True,True,False,False,True,303,1
P,phenyl,tert_butyl,C4,pentachlorophenyl,pentachlorophenyl,<LB_P><LB1_phenyl><LB2_tert_butyl><LINKER_C4><LA1_pentachlorophenyl><LA2_pentachlorophenyl>,CC(C)(C)P(CCCCB(c1c(Cl)c(Cl)c(Cl)c(Cl)c1Cl)c1c(Cl)c(Cl)c(Cl)c(Cl)c1Cl)c1ccccc1,True,CC(C)(C)P(CCCCB(c1c(Cl)c(Cl)c(Cl)c(Cl)c1Cl)c1c(Cl)c(Cl)c(Cl)c(Cl)c1Cl)c1ccccc1,CC(C)(C)P(CCCCB(c1c(Cl)c(Cl)c(Cl)c(Cl)c1Cl)c1c(Cl)c(Cl)c(Cl)c(Cl)c1Cl)c1ccccc1,[],True,1,0.5384615384615384,True,True,False,False,True,False,True,[],0,38,True,True,True,True,"['LA_B_aryl', 'LA_B_diaryl', 'LA_B_polyhalogenated_aryl', 'LA_B_tricoordinate']",['LB_phosphine'],[],[],LA_LB_no_negative_flags,5,True,True,False,False,True,303,1
P,mesityl,isopropyl,C1,mesityl,pentachlorophenyl,<LB_P><LB1_mesityl><LB2_isopropyl><LINKER_C1><LA1_mesityl><LA2_pentachlorophenyl>,Cc1cc(C)c(B(CP(c2c(C)cc(C)cc2C)C(C)C)c2c(Cl)c(Cl)c(Cl)c(Cl)c2Cl)c(C)c1,True,Cc1cc(C)c(B(CP(c2c(C)cc(C)cc2C)C(C)C)c2c(Cl)c(Cl)c(Cl)c(Cl)c2Cl)c(C)c1,Cc1cc(C)c(B(CP(c2c(C)cc(C)cc2C)C(C)C)c2c(Cl)c(Cl)c(Cl)c(Cl)c2Cl)c(C)c1,[],True,1,0.5454545454545454,True,True,False,False,True,False,True,[],0,35,True,True,True,True,"['LA_B_aryl', 'LA_B_diaryl', 'LA_B_polyhalogenated_aryl', 'LA_B_tricoordinate']",['LB_phosphine'],[],[],LA_LB_no_negative_flags,2,True,True,False,False,True,303,1
P,tert_butyl,tert_butyl,C1,phenyl,pentachlorophenyl,<LB_P><LB1_tert_butyl><LB2_tert_butyl><LINKER_C1><LA1_phenyl><LA2_pentachlorophenyl>,CC(C)(C)P(CB(c1ccccc1)c1c(Cl)c(Cl)c(Cl)c(Cl)c1Cl)C(C)(C)C,True,CC(C)(C)P(CB(c1ccccc1)c1c(Cl)c(Cl)c(Cl)c(Cl)c1Cl)C(C)(C)C,CC(C)(C)P(CB(c1ccccc1)c1c(Cl)c(Cl)c(Cl)c(Cl)c1Cl)C(C)(C)C,[],True,1,0.7,True,True,False,False,True,False,True,[],0,28,True,True,True,True,"['LA_B_aryl', 'LA_B_diaryl', 'LA_B_polyhalogenated_aryl', 'LA_B_tricoordinate']",['LB_phosphine'],[],[],LA_LB_no_negative_flags,2,True,True,False,False,True,303,1
N,methyl,methyl,C1,p_tolyl,bis_cf3_phenyl,<LB_N><LB1_methyl><LB2_methyl><LINKER_C1><LA1_p_tolyl><LA2_bis_cf3_phenyl>,Cc1ccc(B(CN(C)C)c2cc(C(F)(F)F)cc(C(F)(F)F)c2)cc1,True,Cc1ccc(B(CN(C)C)c2cc(C(F)(F)F)cc(C(F)(F)F)c2)cc1,Cc1ccc(B(CN(C)C)c2cc(C(F)(F)F)cc(C(F)(F)F)c2)cc1,[],True,1,0.43902439024390244,True,True,False,False,True,False,True,[],0,26,True,True,True,True,"['LA_B_aryl', 'LA_B_diaryl', 'LA_B_tricoordinate']",['LB_amine'],[],[],LA_LB_no_negative_flags,2,True,True,False,False,True,303,1
P,phenyl,phenyl,C4,bis_cf3_phenyl,bis_cf3_phenyl,<LB_P><LB1_phenyl><LB2_phenyl><LINKER_C4><LA1_bis_cf3_phenyl><LA2_bis_cf3_phenyl>,FC(F)(F)c1cc(B(CCCCP(c2ccccc2)c2ccccc2)c2cc(C(F)(F)F)cc(C(F)(F)F)c2)cc(C(F)(F)F)c1,True,FC(F)(F)c1cc(B(CCCCP(c2ccccc2)c2ccccc2)c2cc(C(F)(F)F)cc(C(F)(F)F)c2)cc(C(F)(F)F)c1,FC(F)(F)c1cc(B(CCCCP(c2ccccc2)c2ccccc2)c2cc(C(F)(F)F)cc(C(F)(F)F)c2)cc(C(F)(F)F)c1,[],True,1,0.5476190476190477,True,True,False,False,True,False,True,[],0,46,True,True,True,True,"['LA_B_aryl', 'LA_B_diaryl', 'LA_B_tricoordinate']",['LB_phosphine'],[],[],LA_LB_no_negative_flags,5,True,True,False,False,True,303,1
P,phenyl,phenyl,C1,pentachlorophenyl,pentachlorophenyl,<LB_P><LB1_phenyl><LB2_phenyl><LINKER_C1><LA1_pentachlorophenyl><LA2_pentachlorophenyl>,Clc1c(Cl)c(Cl)c(B(CP(c2ccccc2)c2ccccc2)c2c(Cl)c(Cl)c(Cl)c(Cl)c2Cl)c(Cl)c1Cl,True,Clc1c(Cl)c(Cl)c(B(CP(c2ccccc2)c2ccccc2)c2c(Cl)c(Cl)c(Cl)c(Cl)c2Cl)c(Cl)c1Cl,Clc1c(Cl)c(Cl)c(B(CP(c2ccccc2)c2ccccc2)c2c(Cl)c(Cl)c(Cl)c(Cl)c2Cl)c(Cl)c1Cl,[],True,1,0.5714285714285714,True,True,False,False,True,False,True,[],0,37,True,True,True,True,"['LA_B_aryl', 'LA_B_diaryl', 'LA_B_polyhalogenated_aryl', 'LA_B_tricoordinate']",['LB_phosphine'],[],[],LA_LB_no_negative_flags,2,True,True,False,False,True,303,1
N,methyl,methyl,C5,phenyl,pentachlorophenyl,<LB_N><LB1_methyl><LB2_methyl><LINKER_C5><LA1_phenyl><LA2_pentachlorophenyl>,CN(C)CCCCCB(c1ccccc1)c1c(Cl)c(Cl)c(Cl)c(Cl)c1Cl,True,CN(C)CCCCCB(c1ccccc1)c1c(Cl)c(Cl)c(Cl)c(Cl)c1Cl,CN(C)CCCCCB(c1ccccc1)c1c(Cl)c(Cl)c(Cl)c(Cl)c1Cl,[],True,1,0.40816326530612246,True,True,False,False,True,False,True,[],0,26,True,True,True,True,"['LA_B_aryl', 'LA_B_diaryl', 'LA_B_polyhalogenated_aryl', 'LA_B_tricoordinate']",['LB_amine'],[],[],LA_LB_no_negative_flags,6,True,True,False,False,True,303,1
P,mesityl,tert_butyl,C2,p_tolyl,pentachlorophenyl,<LB_P><LB1_mesityl><LB2_tert_butyl><LINKER_C2><LA1_p_tolyl><LA2_pentachlorophenyl>,Cc1ccc(B(CCP(c2c(C)cc(C)cc2C)C(C)(C)C)c2c(Cl)c(Cl)c(Cl)c(Cl)c2Cl)cc1,True,Cc1ccc(B(CCP(c2c(C)cc(C)cc2C)C(C)(C)C)c2c(Cl)c(Cl)c(Cl)c(Cl)c2Cl)cc1,Cc1ccc(B(CCP(c2c(C)cc(C)cc2C)C(C)(C)C)c2c(Cl)c(Cl)c(Cl)c(Cl)c2Cl)cc1,[],True,1,0.5681818181818182,True,True,False,False,True,False,True,[],0,35,True,True,True,True,"['LA_B_aryl', 'LA_B_diaryl', 'LA_B_polyhalogenated_aryl', 'LA_B_tricoordinate']",['LB_phosphine'],[],[],LA_LB_no_negative_flags,3,True,True,False,False,True,303,1
P,phenyl,isopropyl,C6,phenyl,pentachlorophenyl,<LB_P><LB1_phenyl><LB2_isopropyl><LINKER_C6><LA1_phenyl><LA2_pentachlorophenyl>,CC(C)P(CCCCCCB(c1ccccc1)c1c(Cl)c(Cl)c(Cl)c(Cl)c1Cl)c1ccccc1,True,CC(C)P(CCCCCCB(c1ccccc1)c1c(Cl)c(Cl)c(Cl)c(Cl)c1Cl)c1ccccc1,CC(C)P(CCCCCCB(c1ccccc1)c1c(Cl)c(Cl)c(Cl)c(Cl)c1Cl)c1ccccc1,[],True,1,0.45454545454545453,True,True,False,False,True,False,True,[],0,34,True,True,True,True,"['LA_B_aryl', 'LA_B_diaryl', 'LA_B_polyhalogenated_aryl', 'LA_B_tricoordinate']",['LB_phosphine'],[],[],LA_LB_no_negative_flags,7,True,True,False,False,True,303,1
P,phenyl,isopropyl,C6,phenyl,bis_cf3_phenyl,<LB_P><LB1_phenyl><LB2_isopropyl><LINKER_C6><LA1_phenyl><LA2_bis_cf3_phenyl>,CC(C)P(CCCCCCB(c1ccccc1)c1cc(C(F)(F)F)cc(C(F)(F)F)c1)c1ccccc1,True,CC(C)P(CCCCCCB(c1ccccc1)c1cc(C(F)(F)F)cc(C(F)(F)F)c1)c1ccccc1,CC(C)P(CCCCCCB(c1ccccc1)c1cc(C(F)(F)F)cc(C(F)(F)F)c1)c1ccccc1,[],True,1,0.4,True,True,False,False,True,False,True,[],0,37,True,True,True,True,"['LA_B_aryl', 'LA_B_diaryl', 'LA_B_tricoordinate']",['LB_phosphine'],[],[],LA_LB_no_negative_flags,7,True,True,False,False,True,303,1
P,tert_butyl,cyclohexyl,C1,phenyl,bis_cf3_phenyl,<LB_P><LB1_tert_butyl><LB2_cyclohexyl><LINKER_C1><LA1_phenyl><LA2_bis_cf3_phenyl>,CC(C)(C)P(CB(c1ccccc1)c1cc(C(F)(F)F)cc(C(F)(F)F)c1)C1CCCCC1,True,CC(C)(C)P(CB(c1ccccc1)c1cc(C(F)(F)F)cc(C(F)(F)F)c1)C1CCCCC1,CC(C)(C)P(CB(c1ccccc1)c1cc(C(F)(F)F)cc(C(F)(F)F)c1)C1CCCCC1,[],True,1,0.5,True,True,False,False,True,False,True,[],0,33,True,True,True,True,"['LA_B_aryl', 'LA_B_diaryl', 'LA_B_tricoordinate']",['LB_phosphine'],[],[],LA_LB_no_negative_flags,2,True,True,False,False,True,303,1
N,cyclohexyl,phenyl,C1,mesityl,mesityl,<LB_N><LB1_cyclohexyl><LB2_phenyl><LINKER_C1><LA1_mesityl><LA2_mesityl>,Cc1cc(C)c(B(CN(c2ccccc2)C2CCCCC2)c2c(C)cc(C)cc2C)c(C)c1,True,Cc1cc(C)c(B(CN(c2ccccc2)C2CCCCC2)c2c(C)cc(C)cc2C)c(C)c1,Cc1cc(C)c(B(CN(c2ccccc2)C2CCCCC2)c2c(C)cc(C)cc2C)c(C)c1,[],True,1,0.40384615384615385,True,True,False,False,True,False,True,[],0,33,True,True,True,True,"['LA_B_aryl', 'LA_B_diaryl', 'LA_B_tricoordinate']",['LB_amine'],[],[],LA_LB_no_negative_flags,2,True,True,False,False,True,303,1
P,phenyl,tert_butyl,C6,pentachlorophenyl,pentachlorophenyl,<LB_P><LB1_phenyl><LB2_tert_butyl><LINKER_C6><LA1_pentachlorophenyl><LA2_pentachlorophenyl>,CC(C)(C)P(CCCCCCB(c1c(Cl)c(Cl)c(Cl)c(Cl)c1Cl)c1c(Cl)c(Cl)c(Cl)c(Cl)c1Cl)c1ccccc1,True,CC(C)(C)P(CCCCCCB(c1c(Cl)c(Cl)c(Cl)c(Cl)c1Cl)c1c(Cl)c(Cl)c(Cl)c(Cl)c1Cl)c1ccccc1,CC(C)(C)P(CCCCCCB(c1c(Cl)c(Cl)c(Cl)c(Cl)c1Cl)c1c(Cl)c(Cl)c(Cl)c(Cl)c1Cl)c1ccccc1,[],True,1,0.525,True,True,False,False,True,False,True,[],0,40,True,True,True,True,"['LA_B_aryl', 'LA_B_diaryl', 'LA_B_polyhalogenated_aryl', 'LA_B_tricoordinate']",['LB_phosphine'],[],[],LA_LB_no_negative_flags,7,True,True,False,False,True,303,1
N,ethyl,cyclohexyl,C1,phenyl,pentafluorophenyl,<LB_N><LB1_ethyl><LB2_cyclohexyl><LINKER_C1><LA1_phenyl><LA2_pentafluorophenyl>,CCN(CB(c1ccccc1)c1c(F)c(F)c(F)c(F)c1F)C1CCCCC1,True,CCN(CB(c1ccccc1)c1c(F)c(F)c(F)c(F)c1F)C1CCCCC1,CCN(CB(c1ccccc1)c1c(F)c(F)c(F)c(F)c1F)C1CCCCC1,[],True,1,0.4,True,True,False,False,True,False,True,[],0,28,True,True,True,True,"['LA_B_aryl', 'LA_B_diaryl', 'LA_B_polyhalogenated_aryl', 'LA_B_tricoordinate']",['LB_amine'],[],[],LA_LB_no_negative_flags,2,True,True,False,False,True,303,1
P,tert_butyl,isopropyl,C6,phenyl,pentachlorophenyl,<LB_P><LB1_tert_butyl><LB2_isopropyl><LINKER_C6><LA1_phenyl><LA2_pentachlorophenyl>,CC(C)P(CCCCCCB(c1ccccc1)c1c(Cl)c(Cl)c(Cl)c(Cl)c1Cl)C(C)(C)C,True,CC(C)P(CCCCCCB(c1ccccc1)c1c(Cl)c(Cl)c(Cl)c(Cl)c1Cl)C(C)(C)C,CC(C)P(CCCCCCB(c1ccccc1)c1c(Cl)c(Cl)c(Cl)c(Cl)c1Cl)C(C)(C)C,[],True,1,0.41509433962264153,True,True,False,False,True,False,True,[],0,32,True,True,True,True,"['LA_B_aryl', 'LA_B_diaryl', 'LA_B_polyhalogenated_aryl', 'LA_B_tricoordinate']",['LB_phosphine'],[],[],LA_LB_no_negative_flags,7,True,True,False,False,True,303,1
P,phenyl,isopropyl,C2,p_tolyl,pentafluorophenyl,<LB_P><LB1_phenyl><LB2_isopropyl><LINKER_C2><LA1_p_tolyl><LA2_pentafluorophenyl>,Cc1ccc(B(CCP(c2ccccc2)C(C)C)c2c(F)c(F)c(F)c(F)c2F)cc1,True,Cc1ccc(B(CCP(c2ccccc2)C(C)C)c2c(F)c(F)c(F)c(F)c2F)cc1,Cc1ccc(B(CCP(c2ccccc2)C(C)C)c2c(F)c(F)c(F)c(F)c2F)cc1,[],True,1,0.5,True,True,False,False,True,False,True,[],0,31,True,True,True,True,"['LA_B_aryl', 'LA_B_diaryl', 'LA_B_polyhalogenated_aryl', 'LA_B_tricoordinate']",['LB_phosphine'],[],[],LA_LB_no_negative_flags,3,True,True,False,False,True,303,1
N,methyl,methyl,C2,pentachlorophenyl,bis_cf3_phenyl,<LB_N><LB1_methyl><LB2_methyl><LINKER_C2><LA1_pentachlorophenyl><LA2_bis_cf3_phenyl>,CN(C)CCB(c1cc(C(F)(F)F)cc(C(F)(F)F)c1)c1c(Cl)c(Cl)c(Cl)c(Cl)c1Cl,True,CN(C)CCB(c1cc(C(F)(F)F)cc(C(F)(F)F)c1)c1c(Cl)c(Cl)c(Cl)c(Cl)c1Cl,CN(C)CCB(c1cc(C(F)(F)F)cc(C(F)(F)F)c1)c1c(Cl)c(Cl)c(Cl)c(Cl)c1Cl,[],True,1,0.4186046511627907,True,True,False,False,True,False,True,[],0,31,True,True,True,True,"['LA_B_aryl', 'LA_B_diaryl', 'LA_B_polyhalogenated_aryl', 'LA_B_tricoordinate']",['LB_amine'],[],[],LA_LB_no_negative_flags,3,True,True,False,False,True,303,1
P,phenyl,mesityl,C1,phenyl,pentachlorophenyl,<LB_P><LB1_phenyl><LB2_mesityl><LINKER_C1><LA1_phenyl><LA2_pentachlorophenyl>,Cc1cc(C)c(P(CB(c2ccccc2)c2c(Cl)c(Cl)c(Cl)c(Cl)c2Cl)c2ccccc2)c(C)c1,True,Cc1cc(C)c(P(CB(c2ccccc2)c2c(Cl)c(Cl)c(Cl)c(Cl)c2Cl)c2ccccc2)c(C)c1,Cc1cc(C)c(P(CB(c2ccccc2)c2c(Cl)c(Cl)c(Cl)c(Cl)c2Cl)c2ccccc2)c(C)c1,[],True,1,0.5217391304347826,True,True,False,False,True,False,True,[],0,35,True,True,True,True,"['LA_B_aryl', 'LA_B_diaryl', 'LA_B_polyhalogenated_aryl', 'LA_B_tricoordinate']",['LB_phosphine'],[],[],LA_LB_no_negative_flags,2,True,True,False,False,True,303,1
P,tert_butyl,tert_butyl,C3,pentafluorophenyl,bis_cf3_phenyl,<LB_P><LB1_tert_butyl><LB2_tert_butyl><LINKER_C3><LA1_pentafluorophenyl><LA2_bis_cf3_phenyl>,CC(C)(C)P(CCCB(c1cc(C(F)(F)F)cc(C(F)(F)F)c1)c1c(F)c(F)c(F)c(F)c1F)C(C)(C)C,True,CC(C)(C)P(CCCB(c1cc(C(F)(F)F)cc(C(F)(F)F)c1)c1c(F)c(F)c(F)c(F)c1F)C(C)(C)C,CC(C)(C)P(CCCB(c1cc(C(F)(F)F)cc(C(F)(F)F)c1)c1c(F)c(F)c(F)c(F)c1F)C(C)(C)C,[],True,1,0.5609756097560976,True,True,False,False,True,False,True,[],0,38,True,True,True,True,"['LA_B_aryl', 'LA_B_diaryl', 'LA_B_polyhalogenated_aryl', 'LA_B_tricoordinate']",['LB_phosphine'],[],[],LA_LB_no_negative_flags,4,True,True,False,False,True,303,1
N,isopropyl,isopropyl,C2,mesityl,pentachlorophenyl,<LB_N><LB1_isopropyl><LB2_isopropyl><LINKER_C2><LA1_mesityl><LA2_pentachlorophenyl>,Cc1cc(C)c(B(CCN(C(C)C)C(C)C)c2c(Cl)c(Cl)c(Cl)c(Cl)c2Cl)c(C)c1,True,Cc1cc(C)c(B(CCN(C(C)C)C(C)C)c2c(Cl)c(Cl)c(Cl)c(Cl)c2Cl)c(C)c1,Cc1cc(C)c(B(CCN(C(C)C)C(C)C)c2c(Cl)c(Cl)c(Cl)c(Cl)c2Cl)c(C)c1,[],True,1,0.5,True,True,False,False,True,False,True,[],0,30,True,True,True,True,"['LA_B_aryl', 'LA_B_diaryl', 'LA_B_polyhalogenated_aryl', 'LA_B_tricoordinate']",['LB_amine'],[],[],LA_LB_no_negative_flags,3,True,True,False,False,True,303,1
P,mesityl,tert_butyl,C2,mesityl,pentafluorophenyl,<LB_P><LB1_mesityl><LB2_tert_butyl><LINKER_C2><LA1_mesityl><LA2_pentafluorophenyl>,Cc1cc(C)c(B(CCP(c2c(C)cc(C)cc2C)C(C)(C)C)c2c(F)c(F)c(F)c(F)c2F)c(C)c1,True,Cc1cc(C)c(B(CCP(c2c(C)cc(C)cc2C)C(C)(C)C)c2c(F)c(F)c(F)c(F)c2F)c(C)c1,Cc1cc(C)c(B(CCP(c2c(C)cc(C)cc2C)C(C)(C)C)c2c(F)c(F)c(F)c(F)c2F)c(C)c1,[],True,1,0.5681818181818182,True,True,False,False,True,False,True,[],0,37,True,True,True,True,"['LA_B_aryl', 'LA_B_diaryl', 'LA_B_polyhalogenated_aryl', 'LA_B_tricoordinate']",['LB_phosphine'],[],[],LA_LB_no_negative_flags,3,True,True,False,False,True,303,1
N,isopropyl,phenyl,C3,bis_cf3_phenyl,bis_cf3_phenyl,<LB_N><LB1_isopropyl><LB2_phenyl><LINKER_C3><LA1_bis_cf3_phenyl><LA2_bis_cf3_phenyl>,CC(C)N(CCCB(c1cc(C(F)(F)F)cc(C(F)(F)F)c1)c1cc(C(F)(F)F)cc(C(F)(F)F)c1)c1ccccc1,True,CC(C)N(CCCB(c1cc(C(F)(F)F)cc(C(F)(F)F)c1)c1cc(C(F)(F)F)cc(C(F)(F)F)c1)c1ccccc1,CC(C)N(CCCB(c1cc(C(F)(F)F)cc(C(F)(F)F)c1)c1cc(C(F)(F)F)cc(C(F)(F)F)c1)c1ccccc1,[],True,1,0.40425531914893614,True,True,False,False,True,False,True,[],0,42,True,True,True,True,"['LA_B_aryl', 'LA_B_diaryl', 'LA_B_tricoordinate']",['LB_amine'],[],[],LA_LB_no_negative_flags,4,True,True,False,False,True,303,1
P,mesityl,cyclohexyl,C5,phenyl,mesityl,<LB_P><LB1_mesityl><LB2_cyclohexyl><LINKER_C5><LA1_phenyl><LA2_mesityl>,Cc1cc(C)c(B(CCCCCP(c2c(C)cc(C)cc2C)C2CCCCC2)c2ccccc2)c(C)c1,True,Cc1cc(C)c(B(CCCCCP(c2c(C)cc(C)cc2C)C2CCCCC2)c2ccccc2)c(C)c1,Cc1cc(C)c(B(CCCCCP(c2c(C)cc(C)cc2C)C2CCCCC2)c2ccccc2)c(C)c1,[],True,1,0.42105263157894735,True,True,False,False,True,False,True,[],0,37,True,True,True,True,"['LA_B_aryl', 'LA_B_diaryl', 'LA_B_tricoordinate']",['LB_phosphine'],[],[],LA_LB_no_negative_flags,6,True,True,False,False,True,303,1
P,tert_butyl,cyclohexyl,C1,p_tolyl,mesityl,<LB_P><LB1_tert_butyl><LB2_cyclohexyl><LINKER_C1><LA1_p_tolyl><LA2_mesityl>,Cc1ccc(B(CP(C2CCCCC2)C(C)(C)C)c2c(C)cc(C)cc2C)cc1,True,Cc1ccc(B(CP(C2CCCCC2)C(C)(C)C)c2c(C)cc(C)cc2C)cc1,Cc1ccc(B(CP(C2CCCCC2)C(C)(C)C)c2c(C)cc(C)cc2C)cc1,[],True,1,0.4074074074074074,True,True,False,False,True,False,True,[],0,29,True,True,True,True,"['LA_B_aryl', 'LA_B_diaryl', 'LA_B_tricoordinate']",['LB_phosphine'],[],[],LA_LB_no_negative_flags,2,True,True,False,False,True,303,1
N,methyl,phenyl,C1,mesityl,pentachlorophenyl,<LB_N><LB1_methyl><LB2_phenyl><LINKER_C1><LA1_mesityl><LA2_pentachlorophenyl>,Cc1cc(C)c(B(CN(C)c2ccccc2)c2c(Cl)c(Cl)c(Cl)c(Cl)c2Cl)c(C)c1,True,Cc1cc(C)c(B(CN(C)c2ccccc2)c2c(Cl)c(Cl)c(Cl)c(Cl)c2Cl)c(C)c1,Cc1cc(C)c(B(CN(C)c2ccccc2)c2c(Cl)c(Cl)c(Cl)c(Cl)c2Cl)c(C)c1,[],True,1,0.425531914893617,True,True,False,False,True,False,True,[],0,30,True,True,True,True,"['LA_B_aryl', 'LA_B_diaryl', 'LA_B_polyhalogenated_aryl', 'LA_B_tricoordinate']",['LB_amine'],[],[],LA_LB_no_negative_flags,2,True,True,False,False,True,303,1
P,phenyl,mesityl,C6,p_tolyl,mesityl,<LB_P><LB1_phenyl><LB2_mesityl><LINKER_C6><LA1_p_tolyl><LA2_mesityl>,Cc1ccc(B(CCCCCCP(c2ccccc2)c2c(C)cc(C)cc2C)c2c(C)cc(C)cc2C)cc1,True,Cc1ccc(B(CCCCCCP(c2ccccc2)c2c(C)cc(C)cc2C)c2c(C)cc(C)cc2C)cc1,Cc1ccc(B(CCCCCCP(c2ccccc2)c2c(C)cc(C)cc2C)c2c(C)cc(C)cc2C)cc1,[],True,1,0.5102040816326531,True,True,False,False,True,False,True,[],0,39,True,True,True,True,"['LA_B_aryl', 'LA_B_diaryl', 'LA_B_tricoordinate']",['LB_phosphine'],[],[],LA_LB_no_negative_flags,7,True,True,False,False,True,303,1
N,methyl,phenyl,C1,bis_cf3_phenyl,bis_cf3_phenyl,<LB_N><LB1_methyl><LB2_phenyl><LINKER_C1><LA1_bis_cf3_phenyl><LA2_bis_cf3_phenyl>,CN(CB(c1cc(C(F)(F)F)cc(C(F)(F)F)c1)c1cc(C(F)(F)F)cc(C(F)(F)F)c1)c1ccccc1,True,CN(CB(c1cc(C(F)(F)F)cc(C(F)(F)F)c1)c1cc(C(F)(F)F)cc(C(F)(F)F)c1)c1ccccc1,CN(CB(c1cc(C(F)(F)F)cc(C(F)(F)F)c1)c1cc(C(F)(F)F)cc(C(F)(F)F)c1)c1ccccc1,[],True,1,0.43902439024390244,True,True,False,False,True,False,True,[],0,38,True,True,True,True,"['LA_B_aryl', 'LA_B_diaryl', 'LA_B_tricoordinate']",['LB_amine'],[],[],LA_LB_no_negative_flags,2,True,True,False,False,True,303,1
P,mesityl,cyclohexyl,C1,pentafluorophenyl,pentachlorophenyl,<LB_P><LB1_mesityl><LB2_cyclohexyl><LINKER_C1><LA1_pentafluorophenyl><LA2_pentachlorophenyl>,Cc1cc(C)c(P(CB(c2c(F)c(F)c(F)c(F)c2F)c2c(Cl)c(Cl)c(Cl)c(Cl)c2Cl)C2CCCCC2)c(C)c1,True,Cc1cc(C)c(P(CB(c2c(F)c(F)c(F)c(F)c2F)c2c(Cl)c(Cl)c(Cl)c(Cl)c2Cl)C2CCCCC2)c(C)c1,Cc1cc(C)c(P(CB(c2c(F)c(F)c(F)c(F)c2F)c2c(Cl)c(Cl)c(Cl)c(Cl)c2Cl)C2CCCCC2)c(C)c1,[],True,1,0.45098039215686275,True,True,False,False,True,False,True,[],0,40,True,True,True,True,"['LA_B_aryl', 'LA_B_diaryl', 'LA_B_polyhalogenated_aryl', 'LA_B_tricoordinate']",['LB_phosphine'],[],[],LA_LB_no_negative_flags,2,True,True,False,False,True,303,1
P,mesityl,tert_butyl,C1,pentafluorophenyl,pentachlorophenyl,<LB_P><LB1_mesityl><LB2_tert_butyl><LINKER_C1><LA1_pentafluorophenyl><LA2_pentachlorophenyl>,Cc1cc(C)c(P(CB(c2c(F)c(F)c(F)c(F)c2F)c2c(Cl)c(Cl)c(Cl)c(Cl)c2Cl)C(C)(C)C)c(C)c1,True,Cc1cc(C)c(P(CB(c2c(F)c(F)c(F)c(F)c2F)c2c(Cl)c(Cl)c(Cl)c(Cl)c2Cl)C(C)(C)C)c(C)c1,Cc1cc(C)c(P(CB(c2c(F)c(F)c(F)c(F)c2F)c2c(Cl)c(Cl)c(Cl)c(Cl)c2Cl)C(C)(C)C)c(C)c1,[],True,1,0.5,True,True,False,False,True,False,True,[],0,38,True,True,True,True,"['LA_B_aryl', 'LA_B_diaryl', 'LA_B_polyhalogenated_aryl', 'LA_B_tricoordinate']",['LB_phosphine'],[],[],LA_LB_no_negative_flags,2,True,True,False,False,True,303,1
P,phenyl,isopropyl,C5,bis_cf3_phenyl,bis_cf3_phenyl,<LB_P><LB1_phenyl><LB2_isopropyl><LINKER_C5><LA1_bis_cf3_phenyl><LA2_bis_cf3_phenyl>,CC(C)P(CCCCCB(c1cc(C(F)(F)F)cc(C(F)(F)F)c1)c1cc(C(F)(F)F)cc(C(F)(F)F)c1)c1ccccc1,True,CC(C)P(CCCCCB(c1cc(C(F)(F)F)cc(C(F)(F)F)c1)c1cc(C(F)(F)F)cc(C(F)(F)F)c1)c1ccccc1,CC(C)P(CCCCCB(c1cc(C(F)(F)F)cc(C(F)(F)F)c1)c1cc(C(F)(F)F)cc(C(F)(F)F)c1)c1ccccc1,[],True,1,0.4166666666666667,True,True,False,False,True,False,True,[],0,44,True,True,True,True,"['LA_B_aryl', 'LA_B_diaryl', 'LA_B_tricoordinate']",['LB_phosphine'],[],[],LA_LB_no_negative_flags,6,True,True,False,False,True,303,1
N,methyl,phenyl,C4,pentachlorophenyl,pentachlorophenyl,<LB_N><LB1_methyl><LB2_phenyl><LINKER_C4><LA1_pentachlorophenyl><LA2_pentachlorophenyl>,CN(CCCCB(c1c(Cl)c(Cl)c(Cl)c(Cl)c1Cl)c1c(Cl)c(Cl)c(Cl)c(Cl)c1Cl)c1ccccc1,True,CN(CCCCB(c1c(Cl)c(Cl)c(Cl)c(Cl)c1Cl)c1c(Cl)c(Cl)c(Cl)c(Cl)c1Cl)c1ccccc1,CN(CCCCB(c1c(Cl)c(Cl)c(Cl)c(Cl)c1Cl)c1c(Cl)c(Cl)c(Cl)c(Cl)c1Cl)c1ccccc1,[],True,1,0.425,True,True,False,False,True,False,True,[],0,35,True,True,True,True,"['LA_B_aryl', 'LA_B_diaryl', 'LA_B_polyhalogenated_aryl', 'LA_B_tricoordinate']",['LB_amine'],[],[],LA_LB_no_negative_flags,5,True,True,False,False,True,303,1
P,phenyl,tert_butyl,C4,mesityl,pentachlorophenyl,<LB_P><LB1_phenyl><LB2_tert_butyl><LINKER_C4><LA1_mesityl><LA2_pentachlorophenyl>,Cc1cc(C)c(B(CCCCP(c2ccccc2)C(C)(C)C)c2c(Cl)c(Cl)c(Cl)c(Cl)c2Cl)c(C)c1,True,Cc1cc(C)c(B(CCCCP(c2ccccc2)C(C)(C)C)c2c(Cl)c(Cl)c(Cl)c(Cl)c2Cl)c(C)c1,Cc1cc(C)c(B(CCCCP(c2ccccc2)C(C)(C)C)c2c(Cl)c(Cl)c(Cl)c(Cl)c2Cl)c(C)c1,[],True,1,0.46938775510204084,True,True,False,False,True,False,True,[],0,36,True,True,True,True,"['LA_B_aryl', 'LA_B_diaryl', 'LA_B_polyhalogenated_aryl', 'LA_B_tricoordinate']",['LB_phosphine'],[],[],LA_LB_no_negative_flags,5,True,True,False,False,True,303,1
P,mesityl,cyclohexyl,C5,pentafluorophenyl,pentafluorophenyl,<LB_P><LB1_mesityl><LB2_cyclohexyl><LINKER_C5><LA1_pentafluorophenyl><LA2_pentafluorophenyl>,Cc1cc(C)c(P(CCCCCB(c2c(F)c(F)c(F)c(F)c2F)c2c(F)c(F)c(F)c(F)c2F)C2CCCCC2)c(C)c1,True,Cc1cc(C)c(P(CCCCCB(c2c(F)c(F)c(F)c(F)c2F)c2c(F)c(F)c(F)c(F)c2F)C2CCCCC2)c(C)c1,Cc1cc(C)c(P(CCCCCB(c2c(F)c(F)c(F)c(F)c2F)c2c(F)c(F)c(F)c(F)c2F)C2CCCCC2)c(C)c1,[],True,1,0.6170212765957447,True,True,False,False,True,False,True,[],0,44,True,True,True,True,"['LA_B_aryl', 'LA_B_diaryl', 'LA_B_polyhalogenated_aryl', 'LA_B_tricoordinate']",['LB_phosphine'],[],[],LA_LB_no_negative_flags,6,True,True,False,False,True,303,1
P,tert_butyl,cyclohexyl,C1,mesityl,pentafluorophenyl,<LB_P><LB1_tert_butyl><LB2_cyclohexyl><LINKER_C1><LA1_mesityl><LA2_pentafluorophenyl>,Cc1cc(C)c(B(CP(C2CCCCC2)C(C)(C)C)c2c(F)c(F)c(F)c(F)c2F)c(C)c1,True,Cc1cc(C)c(B(CP(C2CCCCC2)C(C)(C)C)c2c(F)c(F)c(F)c(F)c2F)c(C)c1,Cc1cc(C)c(B(CP(C2CCCCC2)C(C)(C)C)c2c(F)c(F)c(F)c(F)c2F)c(C)c1,[],True,1,0.4090909090909091,True,True,False,False,True,False,True,[],0,33,True,True,True,True,"['LA_B_aryl', 'LA_B_diaryl', 'LA_B_polyhalogenated_aryl', 'LA_B_tricoordinate']",['LB_phosphine'],[],[],LA_LB_no_negative_flags,2,True,True,False,False,True,303,1
P,phenyl,tert_butyl,C3,pentafluorophenyl,pentachlorophenyl,<LB_P><LB1_phenyl><LB2_tert_butyl><LINKER_C3><LA1_pentafluorophenyl><LA2_pentachlorophenyl>,CC(C)(C)P(CCCB(c1c(F)c(F)c(F)c(F)c1F)c1c(Cl)c(Cl)c(Cl)c(Cl)c1Cl)c1ccccc1,True,CC(C)(C)P(CCCB(c1c(F)c(F)c(F)c(F)c1F)c1c(Cl)c(Cl)c(Cl)c(Cl)c1Cl)c1ccccc1,CC(C)(C)P(CCCB(c1c(F)c(F)c(F)c(F)c1F)c1c(Cl)c(Cl)c(Cl)c(Cl)c1Cl)c1ccccc1,[],True,1,0.5333333333333333,True,True,False,False,True,False,True,[],0,37,True,True,True,True,"['LA_B_aryl', 'LA_B_diaryl', 'LA_B_polyhalogenated_aryl', 'LA_B_tricoordinate']",['LB_phosphine'],[],[],LA_LB_no_negative_flags,4,True,True,False,False,True,303,1
P,mesityl,cyclohexyl,C1,mesityl,mesityl,<LB_P><LB1_mesityl><LB2_cyclohexyl><LINKER_C1><LA1_mesityl><LA2_mesityl>,Cc1cc(C)c(B(CP(c2c(C)cc(C)cc2C)C2CCCCC2)c2c(C)cc(C)cc2C)c(C)c1,True,Cc1cc(C)c(B(CP(c2c(C)cc(C)cc2C)C2CCCCC2)c2c(C)cc(C)cc2C)c(C)c1,Cc1cc(C)c(B(CP(c2c(C)cc(C)cc2C)C2CCCCC2)c2c(C)cc(C)cc2C)c(C)c1,[],True,1,0.4375,True,True,False,False,True,False,True,[],0,36,True,True,True,True,"['LA_B_aryl', 'LA_B_diaryl', 'LA_B_tricoordinate']",['LB_phosphine'],[],[],LA_LB_no_negative_flags,2,True,True,False,False,True,303,1
P,mesityl,mesityl,C3,mesityl,pentachlorophenyl,<LB_P><LB1_mesityl><LB2_mesityl><LINKER_C3><LA1_mesityl><LA2_pentachlorophenyl>,Cc1cc(C)c(B(CCCP(c2c(C)cc(C)cc2C)c2c(C)cc(C)cc2C)c2c(Cl)c(Cl)c(Cl)c(Cl)c2Cl)c(C)c1,True,Cc1cc(C)c(B(CCCP(c2c(C)cc(C)cc2C)c2c(C)cc(C)cc2C)c2c(Cl)c(Cl)c(Cl)c(Cl)c2Cl)c(C)c1,Cc1cc(C)c(B(CCCP(c2c(C)cc(C)cc2C)c2c(C)cc(C)cc2C)c2c(Cl)c(Cl)c(Cl)c(Cl)c2Cl)c(C)c1,[],True,1,0.6410256410256411,True,True,False,False,True,False,True,[],0,43,True,True,True,True,"['LA_B_aryl', 'LA_B_diaryl', 'LA_B_polyhalogenated_aryl', 'LA_B_tricoordinate']",['LB_phosphine'],[],[],LA_LB_no_negative_flags,4,True,True,False,False,True,303,1
N,ethyl,ethyl,C5,mesityl,pentachlorophenyl,<LB_N><LB1_ethyl><LB2_ethyl><LINKER_C5><LA1_mesityl><LA2_pentachlorophenyl>,CCN(CC)CCCCCB(c1c(C)cc(C)cc1C)c1c(Cl)c(Cl)c(Cl)c(Cl)c1Cl,True,CCN(CC)CCCCCB(c1c(C)cc(C)cc1C)c1c(Cl)c(Cl)c(Cl)c(Cl)c1Cl,CCN(CC)CCCCCB(c1c(C)cc(C)cc1C)c1c(Cl)c(Cl)c(Cl)c(Cl)c1Cl,[],True,1,0.4666666666666667,True,True,False,False,True,False,True,[],0,31,True,True,True,True,"['LA_B_aryl', 'LA_B_diaryl', 'LA_B_polyhalogenated_aryl', 'LA_B_tricoordinate']",['LB_amine'],[],[],LA_LB_no_negative_flags,6,True,True,False,False,True,303,1
P,mesityl,mesityl,C3,mesityl,bis_cf3_phenyl,<LB_P><LB1_mesityl><LB2_mesityl><LINKER_C3><LA1_mesityl><LA2_bis_cf3_phenyl>,Cc1cc(C)c(B(CCCP(c2c(C)cc(C)cc2C)c2c(C)cc(C)cc2C)c2cc(C(F)(F)F)cc(C(F)(F)F)c2)c(C)c1,True,Cc1cc(C)c(B(CCCP(c2c(C)cc(C)cc2C)c2c(C)cc(C)cc2C)c2cc(C(F)(F)F)cc(C(F)(F)F)c2)c(C)c1,Cc1cc(C)c(B(CCCP(c2c(C)cc(C)cc2C)c2c(C)cc(C)cc2C)c2cc(C(F)(F)F)cc(C(F)(F)F)c2)c(C)c1,[],True,1,0.5434782608695652,True,True,False,False,True,False,True,[],0,46,True,True,True,True,"['LA_B_aryl', 'LA_B_diaryl', 'LA_B_tricoordinate']",['LB_phosphine'],[],[],LA_LB_no_negative_flags,4,True,True,False,False,True,303,1
P,mesityl,isopropyl,C3,p_tolyl,pentachlorophenyl,<LB_P><LB1_mesityl><LB2_isopropyl><LINKER_C3><LA1_p_tolyl><LA2_pentachlorophenyl>,Cc1ccc(B(CCCP(c2c(C)cc(C)cc2C)C(C)C)c2c(Cl)c(Cl)c(Cl)c(Cl)c2Cl)cc1,True,Cc1ccc(B(CCCP(c2c(C)cc(C)cc2C)C(C)C)c2c(Cl)c(Cl)c(Cl)c(Cl)c2Cl)cc1,Cc1ccc(B(CCCP(c2c(C)cc(C)cc2C)C(C)C)c2c(Cl)c(Cl)c(Cl)c(Cl)c2Cl)cc1,[],True,1,0.5106382978723404,True,True,False,False,True,False,True,[],0,35,True,True,True,True,"['LA_B_aryl', 'LA_B_diaryl', 'LA_B_polyhalogenated_aryl', 'LA_B_tricoordinate']",['LB_phosphine'],[],[],LA_LB_no_negative_flags,4,True,True,False,False,True,303,1
P,phenyl,cyclohexyl,C3,p_tolyl,pentachlorophenyl,<LB_P><LB1_phenyl><LB2_cyclohexyl><LINKER_C3><LA1_p_tolyl><LA2_pentachlorophenyl>,Cc1ccc(B(CCCP(c2ccccc2)C2CCCCC2)c2c(Cl)c(Cl)c(Cl)c(Cl)c2Cl)cc1,True,Cc1ccc(B(CCCP(c2ccccc2)C2CCCCC2)c2c(Cl)c(Cl)c(Cl)c(Cl)c2Cl)cc1,Cc1ccc(B(CCCP(c2ccccc2)C2CCCCC2)c2c(Cl)c(Cl)c(Cl)c(Cl)c2Cl)cc1,[],True,1,0.4,True,True,False,False,True,False,True,[],0,35,True,True,True,True,"['LA_B_aryl', 'LA_B_diaryl', 'LA_B_polyhalogenated_aryl', 'LA_B_tricoordinate']",['LB_phosphine'],[],[],LA_LB_no_negative_flags,4,True,True,False,False,True,303,1
P,cyclohexyl,cyclohexyl,C1,mesityl,pentachlorophenyl,<LB_P><LB1_cyclohexyl><LB2_cyclohexyl><LINKER_C1><LA1_mesityl><LA2_pentachlorophenyl>,Cc1cc(C)c(B(CP(C2CCCCC2)C2CCCCC2)c2c(Cl)c(Cl)c(Cl)c(Cl)c2Cl)c(C)c1,True,Cc1cc(C)c(B(CP(C2CCCCC2)C2CCCCC2)c2c(Cl)c(Cl)c(Cl)c(Cl)c2Cl)c(C)c1,Cc1cc(C)c(B(CP(C2CCCCC2)C2CCCCC2)c2c(Cl)c(Cl)c(Cl)c(Cl)c2Cl)c(C)c1,[],True,1,0.44,True,True,False,False,True,False,True,[],0,35,True,True,True,True,"['LA_B_aryl', 'LA_B_diaryl', 'LA_B_polyhalogenated_aryl', 'LA_B_tricoordinate']",['LB_phosphine'],[],[],LA_LB_no_negative_flags,2,True,True,False,False,True,303,1
P,mesityl,mesityl,C5,phenyl,p_tolyl,<LB_P><LB1_mesityl><LB2_mesityl><LINKER_C5><LA1_phenyl><LA2_p_tolyl>,Cc1ccc(B(CCCCCP(c2c(C)cc(C)cc2C)c2c(C)cc(C)cc2C)c2ccccc2)cc1,True,Cc1ccc(B(CCCCCP(c2c(C)cc(C)cc2C)c2c(C)cc(C)cc2C)c2ccccc2)cc1,Cc1ccc(B(CCCCCP(c2c(C)cc(C)cc2C)c2c(C)cc(C)cc2C)c2ccccc2)cc1,[],True,1,0.5681818181818182,True,True,False,False,True,False,True,[],0,38,True,True,True,True,"['LA_B_aryl', 'LA_B_diaryl', 'LA_B_tricoordinate']",['LB_phosphine'],[],[],LA_LB_no_negative_flags,6,True,True,False,False,True,303,1
P,cyclohexyl,cyclohexyl,C4,pentafluorophenyl,pentachlorophenyl,<LB_P><LB1_cyclohexyl><LB2_cyclohexyl><LINKER_C4><LA1_pentafluorophenyl><LA2_pentachlorophenyl>,Fc1c(F)c(F)c(B(CCCCP(C2CCCCC2)C2CCCCC2)c2c(Cl)c(Cl)c(Cl)c(Cl)c2Cl)c(F)c1F,True,Fc1c(F)c(F)c(B(CCCCP(C2CCCCC2)C2CCCCC2)c2c(Cl)c(Cl)c(Cl)c(Cl)c2Cl)c(F)c1F,Fc1c(F)c(F)c(B(CCCCP(C2CCCCC2)C2CCCCC2)c2c(Cl)c(Cl)c(Cl)c(Cl)c2Cl)c(F)c1F,[],True,1,0.425531914893617,True,True,False,False,True,False,True,[],0,40,True,True,True,True,"['LA_B_aryl', 'LA_B_diaryl', 'LA_B_polyhalogenated_aryl', 'LA_B_tricoordinate']",['LB_phosphine'],[],[],LA_LB_no_negative_flags,5,True,True,False,False,True,303,1
P,phenyl,isopropyl,C6,bis_cf3_phenyl,bis_cf3_phenyl,<LB_P><LB1_phenyl><LB2_isopropyl><LINKER_C6><LA1_bis_cf3_phenyl><LA2_bis_cf3_phenyl>,CC(C)P(CCCCCCB(c1cc(C(F)(F)F)cc(C(F)(F)F)c1)c1cc(C(F)(F)F)cc(C(F)(F)F)c1)c1ccccc1,True,CC(C)P(CCCCCCB(c1cc(C(F)(F)F)cc(C(F)(F)F)c1)c1cc(C(F)(F)F)cc(C(F)(F)F)c1)c1ccccc1,CC(C)P(CCCCCCB(c1cc(C(F)(F)F)cc(C(F)(F)F)c1)c1cc(C(F)(F)F)cc(C(F)(F)F)c1)c1ccccc1,[],True,1,0.4166666666666667,True,True,False,False,True,False,True,[],0,45,True,True,True,True,"['LA_B_aryl', 'LA_B_diaryl', 'LA_B_tricoordinate']",['LB_phosphine'],[],[],LA_LB_no_negative_flags,7,True,True,False,False,True,303,1
N,cyclohexyl,cyclohexyl,C1,phenyl,mesityl,<LB_N><LB1_cyclohexyl><LB2_cyclohexyl><LINKER_C1><LA1_phenyl><LA2_mesityl>,Cc1cc(C)c(B(CN(C2CCCCC2)C2CCCCC2)c2ccccc2)c(C)c1,True,Cc1cc(C)c(B(CN(C2CCCCC2)C2CCCCC2)c2ccccc2)c(C)c1,Cc1cc(C)c(B(CN(C2CCCCC2)C2CCCCC2)c2ccccc2)c(C)c1,[],True,1,0.40384615384615385,True,True,False,False,True,False,True,[],0,30,True,True,True,True,"['LA_B_aryl', 'LA_B_diaryl', 'LA_B_tricoordinate']",['LB_amine'],[],[],LA_LB_no_negative_flags,2,True,True,False,False,True,303,1
N,cyclohexyl,phenyl,C6,pentafluorophenyl,pentachlorophenyl,<LB_N><LB1_cyclohexyl><LB2_phenyl><LINKER_C6><LA1_pentafluorophenyl><LA2_pentachlorophenyl>,Fc1c(F)c(F)c(B(CCCCCCN(c2ccccc2)C2CCCCC2)c2c(Cl)c(Cl)c(Cl)c(Cl)c2Cl)c(F)c1F,True,Fc1c(F)c(F)c(B(CCCCCCN(c2ccccc2)C2CCCCC2)c2c(Cl)c(Cl)c(Cl)c(Cl)c2Cl)c(F)c1F,Fc1c(F)c(F)c(B(CCCCCCN(c2ccccc2)C2CCCCC2)c2c(Cl)c(Cl)c(Cl)c(Cl)c2Cl)c(F)c1F,[],True,1,0.41509433962264153,True,True,False,False,True,False,True,[],0,42,True,True,True,True,"['LA_B_aryl', 'LA_B_diaryl', 'LA_B_polyhalogenated_aryl', 'LA_B_tricoordinate']",['LB_amine'],[],[],LA_LB_no_negative_flags,7,True,True,False,False,True,303,1
P,mesityl,cyclohexyl,C2,bis_cf3_phenyl,bis_cf3_phenyl,<LB_P><LB1_mesityl><LB2_cyclohexyl><LINKER_C2><LA1_bis_cf3_phenyl><LA2_bis_cf3_phenyl>,Cc1cc(C)c(P(CCB(c2cc(C(F)(F)F)cc(C(F)(F)F)c2)c2cc(C(F)(F)F)cc(C(F)(F)F)c2)C2CCCCC2)c(C)c1,True,Cc1cc(C)c(P(CCB(c2cc(C(F)(F)F)cc(C(F)(F)F)c2)c2cc(C(F)(F)F)cc(C(F)(F)F)c2)C2CCCCC2)c(C)c1,Cc1cc(C)c(P(CCB(c2cc(C(F)(F)F)cc(C(F)(F)F)c2)c2cc(C(F)(F)F)cc(C(F)(F)F)c2)C2CCCCC2)c(C)c1,[],True,1,0.40816326530612246,True,True,False,False,True,False,True,[],0,47,True,True,True,True,"['LA_B_aryl', 'LA_B_diaryl', 'LA_B_tricoordinate']",['LB_phosphine'],[],[],LA_LB_no_negative_flags,3,True,True,False,False,True,303,1
N,isopropyl,phenyl,C4,pentafluorophenyl,pentachlorophenyl,<LB_N><LB1_isopropyl><LB2_phenyl><LINKER_C4><LA1_pentafluorophenyl><LA2_pentachlorophenyl>,CC(C)N(CCCCB(c1c(F)c(F)c(F)c(F)c1F)c1c(Cl)c(Cl)c(Cl)c(Cl)c1Cl)c1ccccc1,True,CC(C)N(CCCCB(c1c(F)c(F)c(F)c(F)c1F)c1c(Cl)c(Cl)c(Cl)c(Cl)c1Cl)c1ccccc1,CC(C)N(CCCCB(c1c(F)c(F)c(F)c(F)c1F)c1c(Cl)c(Cl)c(Cl)c(Cl)c1Cl)c1ccccc1,[],True,1,0.42857142857142855,True,True,False,False,True,False,True,[],0,37,True,True,True,True,"['LA_B_aryl', 'LA_B_diaryl', 'LA_B_polyhalogenated_aryl', 'LA_B_tricoordinate']",['LB_amine'],[],[],LA_LB_no_negative_flags,5,True,True,False,False,True,303,1
P,cyclohexyl,isopropyl,C1,pentachlorophenyl,pentachlorophenyl,<LB_P><LB1_cyclohexyl><LB2_isopropyl><LINKER_C1><LA1_pentachlorophenyl><LA2_pentachlorophenyl>,CC(C)P(CB(c1c(Cl)c(Cl)c(Cl)c(Cl)c1Cl)c1c(Cl)c(Cl)c(Cl)c(Cl)c1Cl)C1CCCCC1,True,CC(C)P(CB(c1c(Cl)c(Cl)c(Cl)c(Cl)c1Cl)c1c(Cl)c(Cl)c(Cl)c(Cl)c1Cl)C1CCCCC1,CC(C)P(CB(c1c(Cl)c(Cl)c(Cl)c(Cl)c1Cl)c1c(Cl)c(Cl)c(Cl)c(Cl)c1Cl)C1CCCCC1,[],True,1,0.4,True,True,False,False,True,False,True,[],0,34,True,True,True,True,"['LA_B_aryl', 'LA_B_diaryl', 'LA_B_polyhalogenated_aryl', 'LA_B_tricoordinate']",['LB_phosphine'],[],[],LA_LB_no_negative_flags,2,True,True,False,False,True,303,1
P,tert_butyl,isopropyl,C4,mesityl,mesityl,<LB_P><LB1_tert_butyl><LB2_isopropyl><LINKER_C4><LA1_mesityl><LA2_mesityl>,Cc1cc(C)c(B(CCCCP(C(C)C)C(C)(C)C)c2c(C)cc(C)cc2C)c(C)c1,True,Cc1cc(C)c(B(CCCCP(C(C)C)C(C)(C)C)c2c(C)cc(C)cc2C)c(C)c1,Cc1cc(C)c(B(CCCCP(C(C)C)C(C)(C)C)c2c(C)cc(C)cc2C)c(C)c1,[],True,1,0.4666666666666667,True,True,False,False,True,False,True,[],0,31,True,True,True,True,"['LA_B_aryl', 'LA_B_diaryl', 'LA_B_tricoordinate']",['LB_phosphine'],[],[],LA_LB_no_negative_flags,5,True,True,False,False,True,303,1
N,methyl,ethyl,C6,bis_cf3_phenyl,bis_cf3_phenyl,<LB_N><LB1_methyl><LB2_ethyl><LINKER_C6><LA1_bis_cf3_phenyl><LA2_bis_cf3_phenyl>,CCN(C)CCCCCCB(c1cc(C(F)(F)F)cc(C(F)(F)F)c1)c1cc(C(F)(F)F)cc(C(F)(F)F)c1,True,CCN(C)CCCCCCB(c1cc(C(F)(F)F)cc(C(F)(F)F)c1)c1cc(C(F)(F)F)cc(C(F)(F)F)c1,CCN(C)CCCCCCB(c1cc(C(F)(F)F)cc(C(F)(F)F)c1)c1cc(C(F)(F)F)cc(C(F)(F)F)c1,[],True,1,0.4186046511627907,True,True,False,False,True,False,True,[],0,39,True,True,True,True,"['LA_B_aryl', 'LA_B_diaryl', 'LA_B_tricoordinate']",['LB_amine'],[],[],LA_LB_no_negative_flags,7,True,True,False,False,True,303,1
N,methyl,ethyl,C4,mesityl,pentafluorophenyl,<LB_N><LB1_methyl><LB2_ethyl><LINKER_C4><LA1_mesityl><LA2_pentafluorophenyl>,CCN(C)CCCCB(c1c(C)cc(C)cc1C)c1c(F)c(F)c(F)c(F)c1F,True,CCN(C)CCCCB(c1c(C)cc(C)cc1C)c1c(F)c(F)c(F)c(F)c1F,CCN(C)CCCCB(c1c(C)cc(C)cc1C)c1c(F)c(F)c(F)c(F)c1F,[],True,1,0.5333333333333333,True,True,False,False,True,False,True,[],0,29,True,True,True,True,"['LA_B_aryl', 'LA_B_diaryl', 'LA_B_polyhalogenated_aryl', 'LA_B_tricoordinate']",['LB_amine'],[],[],LA_LB_no_negative_flags,5,True,True,False,False,True,303,1
P,phenyl,mesityl,C1,p_tolyl,bis_cf3_phenyl,<LB_P><LB1_phenyl><LB2_mesityl><LINKER_C1><LA1_p_tolyl><LA2_bis_cf3_phenyl>,Cc1ccc(B(CP(c2ccccc2)c2c(C)cc(C)cc2C)c2cc(C(F)(F)F)cc(C(F)(F)F)c2)cc1,True,Cc1ccc(B(CP(c2ccccc2)c2c(C)cc(C)cc2C)c2cc(C(F)(F)F)cc(C(F)(F)F)c2)cc1,Cc1ccc(B(CP(c2ccccc2)c2c(C)cc(C)cc2C)c2cc(C(F)(F)F)cc(C(F)(F)F)c2)cc1,[],True,1,0.4375,True,True,False,False,True,False,True,[],0,39,True,True,True,True,"['LA_B_aryl', 'LA_B_diaryl', 'LA_B_tricoordinate']",['LB_phosphine'],[],[],LA_LB_no_negative_flags,2,True,True,False,False,True,303,1
P,mesityl,tert_butyl,C5,p_tolyl,pentafluorophenyl,<LB_P><LB1_mesityl><LB2_tert_butyl><LINKER_C5><LA1_p_tolyl><LA2_pentafluorophenyl>,Cc1ccc(B(CCCCCP(c2c(C)cc(C)cc2C)C(C)(C)C)c2c(F)c(F)c(F)c(F)c2F)cc1,True,Cc1ccc(B(CCCCCP(c2c(C)cc(C)cc2C)C(C)(C)C)c2c(F)c(F)c(F)c(F)c2F)cc1,Cc1ccc(B(CCCCCP(c2c(C)cc(C)cc2C)C(C)(C)C)c2c(F)c(F)c(F)c(F)c2F)cc1,[],True,1,0.5833333333333334,True,True,False,False,True,False,True,[],0,38,True,True,True,True,"['LA_B_aryl', 'LA_B_diaryl', 'LA_B_polyhalogenated_aryl', 'LA_B_tricoordinate']",['LB_phosphine'],[],[],LA_LB_no_negative_flags,6,True,True,False,False,True,303,1
P,isopropyl,isopropyl,C3,pentafluorophenyl,bis_cf3_phenyl,<LB_P><LB1_isopropyl><LB2_isopropyl><LINKER_C3><LA1_pentafluorophenyl><LA2_bis_cf3_phenyl>,CC(C)P(CCCB(c1cc(C(F)(F)F)cc(C(F)(F)F)c1)c1c(F)c(F)c(F)c(F)c1F)C(C)C,True,CC(C)P(CCCB(c1cc(C(F)(F)F)cc(C(F)(F)F)c1)c1c(F)c(F)c(F)c(F)c1F)C(C)C,CC(C)P(CCCB(c1cc(C(F)(F)F)cc(C(F)(F)F)c1)c1c(F)c(F)c(F)c(F)c1F)C(C)C,[],True,1,0.4444444444444444,True,True,False,False,True,False,True,[],0,36,True,True,True,True,"['LA_B_aryl', 'LA_B_diaryl', 'LA_B_polyhalogenated_aryl', 'LA_B_tricoordinate']",['LB_phosphine'],[],[],LA_LB_no_negative_flags,4,True,True,False,False,True,303,1
P,mesityl,mesityl,C1,mesityl,pentafluorophenyl,<LB_P><LB1_mesityl><LB2_mesityl><LINKER_C1><LA1_mesityl><LA2_pentafluorophenyl>,Cc1cc(C)c(B(CP(c2c(C)cc(C)cc2C)c2c(C)cc(C)cc2C)c2c(F)c(F)c(F)c(F)c2F)c(C)c1,True,Cc1cc(C)c(B(CP(c2c(C)cc(C)cc2C)c2c(C)cc(C)cc2C)c2c(F)c(F)c(F)c(F)c2F)c(C)c1,Cc1cc(C)c(B(CP(c2c(C)cc(C)cc2C)c2c(C)cc(C)cc2C)c2c(F)c(F)c(F)c(F)c2F)c(C)c1,[],True,1,0.6153846153846154,True,True,False,False,True,False,True,[],0,41,True,True,True,True,"['LA_B_aryl', 'LA_B_diaryl', 'LA_B_polyhalogenated_aryl', 'LA_B_tricoordinate']",['LB_phosphine'],[],[],LA_LB_no_negative_flags,2,True,True,False,False,True,303,1
P,isopropyl,isopropyl,C5,pentafluorophenyl,bis_cf3_phenyl,<LB_P><LB1_isopropyl><LB2_isopropyl><LINKER_C5><LA1_pentafluorophenyl><LA2_bis_cf3_phenyl>,CC(C)P(CCCCCB(c1cc(C(F)(F)F)cc(C(F)(F)F)c1)c1c(F)c(F)c(F)c(F)c1F)C(C)C,True,CC(C)P(CCCCCB(c1cc(C(F)(F)F)cc(C(F)(F)F)c1)c1c(F)c(F)c(F)c(F)c1F)C(C)C,CC(C)P(CCCCCB(c1cc(C(F)(F)F)cc(C(F)(F)F)c1)c1c(F)c(F)c(F)c(F)c1F)C(C)C,[],True,1,0.43137254901960786,True,True,False,False,True,False,True,[],0,38,True,True,True,True,"['LA_B_aryl', 'LA_B_diaryl', 'LA_B_polyhalogenated_aryl', 'LA_B_tricoordinate']",['LB_phosphine'],[],[],LA_LB_no_negative_flags,6,True,True,False,False,True,303,1
P,mesityl,tert_butyl,C4,mesityl,mesityl,<LB_P><LB1_mesityl><LB2_tert_butyl><LINKER_C4><LA1_mesityl><LA2_mesityl>,Cc1cc(C)c(B(CCCCP(c2c(C)cc(C)cc2C)C(C)(C)C)c2c(C)cc(C)cc2C)c(C)c1,True,Cc1cc(C)c(B(CCCCP(c2c(C)cc(C)cc2C)C(C)(C)C)c2c(C)cc(C)cc2C)c(C)c1,Cc1cc(C)c(B(CCCCP(c2c(C)cc(C)cc2C)C(C)(C)C)c2c(C)cc(C)cc2C)c(C)c1,[],True,1,0.5348837209302325,True,True,False,False,True,False,True,[],0,37,True,True,True,True,"['LA_B_aryl', 'LA_B_diaryl', 'LA_B_tricoordinate']",['LB_phosphine'],[],[],LA_LB_no_negative_flags,5,True,True,False,False,True,303,1
P,mesityl,mesityl,C2,mesityl,pentachlorophenyl,<LB_P><LB1_mesityl><LB2_mesityl><LINKER_C2><LA1_mesityl><LA2_pentachlorophenyl>,Cc1cc(C)c(B(CCP(c2c(C)cc(C)cc2C)c2c(C)cc(C)cc2C)c2c(Cl)c(Cl)c(Cl)c(Cl)c2Cl)c(C)c1,True,Cc1cc(C)c(B(CCP(c2c(C)cc(C)cc2C)c2c(C)cc(C)cc2C)c2c(Cl)c(Cl)c(Cl)c(Cl)c2Cl)c(C)c1,Cc1cc(C)c(B(CCP(c2c(C)cc(C)cc2C)c2c(C)cc(C)cc2C)c2c(Cl)c(Cl)c(Cl)c(Cl)c2Cl)c(C)c1,[],True,1,0.7222222222222222,True,True,False,False,True,False,True,[],0,42,True,True,True,True,"['LA_B_aryl', 'LA_B_diaryl', 'LA_B_polyhalogenated_aryl', 'LA_B_tricoordinate']",['LB_phosphine'],[],[],LA_LB_no_negative_flags,3,True,True,False,False,True,303,1
P,phenyl,isopropyl,C5,mesityl,mesityl,<LB_P><LB1_phenyl><LB2_isopropyl><LINKER_C5><LA1_mesityl><LA2_mesityl>,Cc1cc(C)c(B(CCCCCP(c2ccccc2)C(C)C)c2c(C)cc(C)cc2C)c(C)c1,True,Cc1cc(C)c(B(CCCCCP(c2ccccc2)C(C)C)c2c(C)cc(C)cc2C)c(C)c1,Cc1cc(C)c(B(CCCCCP(c2ccccc2)C(C)C)c2c(C)cc(C)cc2C)c(C)c1,[],True,1,0.42,True,True,False,False,True,False,True,[],0,34,True,True,True,True,"['LA_B_aryl', 'LA_B_diaryl', 'LA_B_tricoordinate']",['LB_phosphine'],[],[],LA_LB_no_negative_flags,6,True,True,False,False,True,303,1
P,cyclohexyl,isopropyl,C1,pentachlorophenyl,bis_cf3_phenyl,<LB_P><LB1_cyclohexyl><LB2_isopropyl><LINKER_C1><LA1_pentachlorophenyl><LA2_bis_cf3_phenyl>,CC(C)P(CB(c1cc(C(F)(F)F)cc(C(F)(F)F)c1)c1c(Cl)c(Cl)c(Cl)c(Cl)c1Cl)C1CCCCC1,True,CC(C)P(CB(c1cc(C(F)(F)F)cc(C(F)(F)F)c1)c1c(Cl)c(Cl)c(Cl)c(Cl)c1Cl)C1CCCCC1,CC(C)P(CB(c1cc(C(F)(F)F)cc(C(F)(F)F)c1)c1c(Cl)c(Cl)c(Cl)c(Cl)c1Cl)C1CCCCC1,[],True,1,0.42,True,True,False,False,True,False,True,[],0,37,True,True,True,True,"['LA_B_aryl', 'LA_B_diaryl', 'LA_B_polyhalogenated_aryl', 'LA_B_tricoordinate']",['LB_phosphine'],[],[],LA_LB_no_negative_flags,2,True,True,False,False,True,303,1
N,cyclohexyl,cyclohexyl,C6,mesityl,pentachlorophenyl,<LB_N><LB1_cyclohexyl><LB2_cyclohexyl><LINKER_C6><LA1_mesityl><LA2_pentachlorophenyl>,Cc1cc(C)c(B(CCCCCCN(C2CCCCC2)C2CCCCC2)c2c(Cl)c(Cl)c(Cl)c(Cl)c2Cl)c(C)c1,True,Cc1cc(C)c(B(CCCCCCN(C2CCCCC2)C2CCCCC2)c2c(Cl)c(Cl)c(Cl)c(Cl)c2Cl)c(C)c1,Cc1cc(C)c(B(CCCCCCN(C2CCCCC2)C2CCCCC2)c2c(Cl)c(Cl)c(Cl)c(Cl)c2Cl)c(C)c1,[],True,1,0.4117647058823529,True,True,False,False,True,False,True,[],0,40,True,True,True,True,"['LA_B_aryl', 'LA_B_diaryl', 'LA_B_polyhalogenated_aryl', 'LA_B_tricoordinate']",['LB_amine'],[],[],LA_LB_no_negative_flags,7,True,True,False,False,True,303,1
P,mesityl,mesityl,C2,phenyl,p_tolyl,<LB_P><LB1_mesityl><LB2_mesityl><LINKER_C2><LA1_phenyl><LA2_p_tolyl>,Cc1ccc(B(CCP(c2c(C)cc(C)cc2C)c2c(C)cc(C)cc2C)c2ccccc2)cc1,True,Cc1ccc(B(CCP(c2c(C)cc(C)cc2C)c2c(C)cc(C)cc2C)c2ccccc2)cc1,Cc1ccc(B(CCP(c2c(C)cc(C)cc2C)c2c(C)cc(C)cc2C)c2ccccc2)cc1,[],True,1,0.4444444444444444,True,True,False,False,True,False,True,[],0,35,True,True,True,True,"['LA_B_aryl', 'LA_B_diaryl', 'LA_B_tricoordinate']",['LB_phosphine'],[],[],LA_LB_no_negative_flags,3,True,True,False,False,True,303,1
P,phenyl,mesityl,C3,pentachlorophenyl,pentachlorophenyl,<LB_P><LB1_phenyl><LB2_mesityl><LINKER_C3><LA1_pentachlorophenyl><LA2_pentachlorophenyl>,Cc1cc(C)c(P(CCCB(c2c(Cl)c(Cl)c(Cl)c(Cl)c2Cl)c2c(Cl)c(Cl)c(Cl)c(Cl)c2Cl)c2ccccc2)c(C)c1,True,Cc1cc(C)c(P(CCCB(c2c(Cl)c(Cl)c(Cl)c(Cl)c2Cl)c2c(Cl)c(Cl)c(Cl)c(Cl)c2Cl)c2ccccc2)c(C)c1,Cc1cc(C)c(P(CCCB(c2c(Cl)c(Cl)c(Cl)c(Cl)c2Cl)c2c(Cl)c(Cl)c(Cl)c(Cl)c2Cl)c2ccccc2)c(C)c1,[],True,1,0.5813953488372093,True,True,False,False,True,False,True,[],0,42,True,True,True,True,"['LA_B_aryl', 'LA_B_diaryl', 'LA_B_polyhalogenated_aryl', 'LA_B_tricoordinate']",['LB_phosphine'],[],[],LA_LB_no_negative_flags,4,True,True,False,False,True,303,1
N,isopropyl,phenyl,C4,mesityl,pentafluorophenyl,<LB_N><LB1_isopropyl><LB2_phenyl><LINKER_C4><LA1_mesityl><LA2_pentafluorophenyl>,Cc1cc(C)c(B(CCCCN(c2ccccc2)C(C)C)c2c(F)c(F)c(F)c(F)c2F)c(C)c1,True,Cc1cc(C)c(B(CCCCN(c2ccccc2)C(C)C)c2c(F)c(F)c(F)c(F)c2F)c(C)c1,Cc1cc(C)c(B(CCCCN(c2ccccc2)C(C)C)c2c(F)c(F)c(F)c(F)c2F)c(C)c1,[],True,1,0.46153846153846156,True,True,False,False,True,False,True,[],0,35,True,True,True,True,"['LA_B_aryl', 'LA_B_diaryl', 'LA_B_polyhalogenated_aryl', 'LA_B_tricoordinate']",['LB_amine'],[],[],LA_LB_no_negative_flags,5,True,True,False,False,True,303,1
N,methyl,phenyl,C3,mesityl,pentafluorophenyl,<LB_N><LB1_methyl><LB2_phenyl><LINKER_C3><LA1_mesityl><LA2_pentafluorophenyl>,Cc1cc(C)c(B(CCCN(C)c2ccccc2)c2c(F)c(F)c(F)c(F)c2F)c(C)c1,True,Cc1cc(C)c(B(CCCN(C)c2ccccc2)c2c(F)c(F)c(F)c(F)c2F)c(C)c1,Cc1cc(C)c(B(CCCN(C)c2ccccc2)c2c(F)c(F)c(F)c(F)c2F)c(C)c1,[],True,1,0.46938775510204084,True,True,False,False,True,False,True,[],0,32,True,True,True,True,"['LA_B_aryl', 'LA_B_diaryl', 'LA_B_polyhalogenated_aryl', 'LA_B_tricoordinate']",['LB_amine'],[],[],LA_LB_no_negative_flags,4,True,True,False,False,True,303,1
N,methyl,methyl,C1,mesityl,pentachlorophenyl,<LB_N><LB1_methyl><LB2_methyl><LINKER_C1><LA1_mesityl><LA2_pentachlorophenyl>,Cc1cc(C)c(B(CN(C)C)c2c(Cl)c(Cl)c(Cl)c(Cl)c2Cl)c(C)c1,True,Cc1cc(C)c(B(CN(C)C)c2c(Cl)c(Cl)c(Cl)c(Cl)c2Cl)c(C)c1,Cc1cc(C)c(B(CN(C)C)c2c(Cl)c(Cl)c(Cl)c(Cl)c2Cl)c(C)c1,[],True,1,0.48717948717948717,True,True,False,False,True,False,True,[],0,25,True,True,True,True,"['LA_B_aryl', 'LA_B_diaryl', 'LA_B_polyhalogenated_aryl', 'LA_B_tricoordinate']",['LB_amine'],[],[],LA_LB_no_negative_flags,2,True,True,False,False,True,303,1
N,methyl,ethyl,C6,mesityl,pentachlorophenyl,<LB_N><LB1_methyl><LB2_ethyl><LINKER_C6><LA1_mesityl><LA2_pentachlorophenyl>,CCN(C)CCCCCCB(c1c(C)cc(C)cc1C)c1c(Cl)c(Cl)c(Cl)c(Cl)c1Cl,True,CCN(C)CCCCCCB(c1c(C)cc(C)cc1C)c1c(Cl)c(Cl)c(Cl)c(Cl)c1Cl,CCN(C)CCCCCCB(c1c(C)cc(C)cc1C)c1c(Cl)c(Cl)c(Cl)c(Cl)c1Cl,[],True,1,0.45652173913043476,True,True,False,False,True,False,True,[],0,31,True,True,True,True,"['LA_B_aryl', 'LA_B_diaryl', 'LA_B_polyhalogenated_aryl', 'LA_B_tricoordinate']",['LB_amine'],[],[],LA_LB_no_negative_flags,7,True,True,False,False,True,303,1
N,isopropyl,isopropyl,C6,mesityl,pentafluorophenyl,<LB_N><LB1_isopropyl><LB2_isopropyl><LINKER_C6><LA1_mesityl><LA2_pentafluorophenyl>,Cc1cc(C)c(B(CCCCCCN(C(C)C)C(C)C)c2c(F)c(F)c(F)c(F)c2F)c(C)c1,True,Cc1cc(C)c(B(CCCCCCN(C(C)C)C(C)C)c2c(F)c(F)c(F)c(F)c2F)c(C)c1,Cc1cc(C)c(B(CCCCCCN(C(C)C)C(C)C)c2c(F)c(F)c(F)c(F)c2F)c(C)c1,[],True,1,0.5217391304347826,True,True,False,False,True,False,True,[],0,34,True,True,True,True,"['LA_B_aryl', 'LA_B_diaryl', 'LA_B_polyhalogenated_aryl', 'LA_B_tricoordinate']",['LB_amine'],[],[],LA_LB_no_negative_flags,7,True,True,False,False,True,303,1
N,phenyl,phenyl,C1,pentachlorophenyl,pentachlorophenyl,<LB_N><LB1_phenyl><LB2_phenyl><LINKER_C1><LA1_pentachlorophenyl><LA2_pentachlorophenyl>,Clc1c(Cl)c(Cl)c(B(CN(c2ccccc2)c2ccccc2)c2c(Cl)c(Cl)c(Cl)c(Cl)c2Cl)c(Cl)c1Cl,True,Clc1c(Cl)c(Cl)c(B(CN(c2ccccc2)c2ccccc2)c2c(Cl)c(Cl)c(Cl)c(Cl)c2Cl)c(Cl)c1Cl,Clc1c(Cl)c(Cl)c(B(CN(c2ccccc2)c2ccccc2)c2c(Cl)c(Cl)c(Cl)c(Cl)c2Cl)c(Cl)c1Cl,[],True,1,0.42857142857142855,True,True,False,False,True,False,True,[],0,37,True,True,True,True,"['LA_B_aryl', 'LA_B_diaryl', 'LA_B_polyhalogenated_aryl', 'LA_B_tricoordinate']",['LB_amine'],[],[],LA_LB_no_negative_flags,2,True,True,False,False,True,303,1
N,methyl,cyclohexyl,C4,mesityl,pentachlorophenyl,<LB_N><LB1_methyl><LB2_cyclohexyl><LINKER_C4><LA1_mesityl><LA2_pentachlorophenyl>,Cc1cc(C)c(B(CCCCN(C)C2CCCCC2)c2c(Cl)c(Cl)c(Cl)c(Cl)c2Cl)c(C)c1,True,Cc1cc(C)c(B(CCCCN(C)C2CCCCC2)c2c(Cl)c(Cl)c(Cl)c(Cl)c2Cl)c(C)c1,Cc1cc(C)c(B(CCCCN(C)C2CCCCC2)c2c(Cl)c(Cl)c(Cl)c(Cl)c2Cl)c(C)c1,[],True,1,0.4117647058823529,True,True,False,False,True,False,True,[],0,33,True,True,True,True,"['LA_B_aryl', 'LA_B_diaryl', 'LA_B_polyhalogenated_aryl', 'LA_B_tricoordinate']",['LB_amine'],[],[],LA_LB_no_negative_flags,5,True,True,False,False,True,303,1
P,tert_butyl,isopropyl,C2,phenyl,pentachlorophenyl,<LB_P><LB1_tert_butyl><LB2_isopropyl><LINKER_C2><LA1_phenyl><LA2_pentachlorophenyl>,CC(C)P(CCB(c1ccccc1)c1c(Cl)c(Cl)c(Cl)c(Cl)c1Cl)C(C)(C)C,True,CC(C)P(CCB(c1ccccc1)c1c(Cl)c(Cl)c(Cl)c(Cl)c1Cl)C(C)(C)C,CC(C)P(CCB(c1ccccc1)c1c(Cl)c(Cl)c(Cl)c(Cl)c1Cl)C(C)(C)C,[],True,1,0.4634146341463415,True,True,False,False,True,False,True,[],0,28,True,True,True,True,"['LA_B_aryl', 'LA_B_diaryl', 'LA_B_polyhalogenated_aryl', 'LA_B_tricoordinate']",['LB_phosphine'],[],[],LA_LB_no_negative_flags,3,True,True,False,False,True,303,1
P,phenyl,phenyl,C3,pentafluorophenyl,pentachlorophenyl,<LB_P><LB1_phenyl><LB2_phenyl><LINKER_C3><LA1_pentafluorophenyl><LA2_pentachlorophenyl>,Fc1c(F)c(F)c(B(CCCP(c2ccccc2)c2ccccc2)c2c(Cl)c(Cl)c(Cl)c(Cl)c2Cl)c(F)c1F,True,Fc1c(F)c(F)c(B(CCCP(c2ccccc2)c2ccccc2)c2c(Cl)c(Cl)c(Cl)c(Cl)c2Cl)c(F)c1F,Fc1c(F)c(F)c(B(CCCP(c2ccccc2)c2ccccc2)c2c(Cl)c(Cl)c(Cl)c(Cl)c2Cl)c(F)c1F,[],True,1,0.7777777777777778,True,True,False,False,True,False,True,[],0,39,True,True,True,True,"['LA_B_aryl', 'LA_B_diaryl', 'LA_B_polyhalogenated_aryl', 'LA_B_tricoordinate']",['LB_phosphine'],[],[],LA_LB_no_negative_flags,4,True,True,False,False,True,303,1
P,phenyl,isopropyl,C5,pentafluorophenyl,pentafluorophenyl,<LB_P><LB1_phenyl><LB2_isopropyl><LINKER_C5><LA1_pentafluorophenyl><LA2_pentafluorophenyl>,CC(C)P(CCCCCB(c1c(F)c(F)c(F)c(F)c1F)c1c(F)c(F)c(F)c(F)c1F)c1ccccc1,True,CC(C)P(CCCCCB(c1c(F)c(F)c(F)c(F)c1F)c1c(F)c(F)c(F)c(F)c1F)c1ccccc1,CC(C)P(CCCCCB(c1c(F)c(F)c(F)c(F)c1F)c1c(F)c(F)c(F)c(F)c1F)c1ccccc1,[],True,1,0.65,True,True,False,False,True,False,True,[],0,38,True,True,True,True,"['LA_B_aryl', 'LA_B_diaryl', 'LA_B_polyhalogenated_aryl', 'LA_B_tricoordinate']",['LB_phosphine'],[],[],LA_LB_no_negative_flags,6,True,True,False,False,True,303,1
N,methyl,methyl,C1,pentafluorophenyl,bis_cf3_phenyl,<LB_N><LB1_methyl><LB2_methyl><LINKER_C1><LA1_pentafluorophenyl><LA2_bis_cf3_phenyl>,CN(C)CB(c1cc(C(F)(F)F)cc(C(F)(F)F)c1)c1c(F)c(F)c(F)c(F)c1F,True,CN(C)CB(c1cc(C(F)(F)F)cc(C(F)(F)F)c1)c1c(F)c(F)c(F)c(F)c1F,CN(C)CB(c1cc(C(F)(F)F)cc(C(F)(F)F)c1)c1c(F)c(F)c(F)c(F)c1F,[],True,1,0.45,True,True,False,False,True,False,True,[],0,30,True,True,True,True,"['LA_B_aryl', 'LA_B_diaryl', 'LA_B_polyhalogenated_aryl', 'LA_B_tricoordinate']",['LB_amine'],[],[],LA_LB_no_negative_flags,2,True,True,False,False,True,303,1
P,phenyl,mesityl,C5,bis_cf3_phenyl,bis_cf3_phenyl,<LB_P><LB1_phenyl><LB2_mesityl><LINKER_C5><LA1_bis_cf3_phenyl><LA2_bis_cf3_phenyl>,Cc1cc(C)c(P(CCCCCB(c2cc(C(F)(F)F)cc(C(F)(F)F)c2)c2cc(C(F)(F)F)cc(C(F)(F)F)c2)c2ccccc2)c(C)c1,True,Cc1cc(C)c(P(CCCCCB(c2cc(C(F)(F)F)cc(C(F)(F)F)c2)c2cc(C(F)(F)F)cc(C(F)(F)F)c2)c2ccccc2)c(C)c1,Cc1cc(C)c(P(CCCCCB(c2cc(C(F)(F)F)cc(C(F)(F)F)c2)c2cc(C(F)(F)F)cc(C(F)(F)F)c2)c2ccccc2)c(C)c1,[],True,1,0.4807692307692308,True,True,False,False,True,False,True,[],0,50,True,True,True,True,"['LA_B_aryl', 'LA_B_diaryl', 'LA_B_tricoordinate']",['LB_phosphine'],[],[],LA_LB_no_negative_flags,6,True,True,False,False,True,303,1
P,phenyl,tert_butyl,C6,phenyl,pentafluorophenyl,<LB_P><LB1_phenyl><LB2_tert_butyl><LINKER_C6><LA1_phenyl><LA2_pentafluorophenyl>,CC(C)(C)P(CCCCCCB(c1ccccc1)c1c(F)c(F)c(F)c(F)c1F)c1ccccc1,True,CC(C)(C)P(CCCCCCB(c1ccccc1)c1c(F)c(F)c(F)c(F)c1F)c1ccccc1,CC(C)(C)P(CCCCCCB(c1ccccc1)c1c(F)c(F)c(F)c(F)c1F)c1ccccc1,[],True,1,0.5681818181818182,True,True,False,False,True,False,True,[],0,35,True,True,True,True,"['LA_B_aryl', 'LA_B_diaryl', 'LA_B_polyhalogenated_aryl', 'LA_B_tricoordinate']",['LB_phosphine'],[],[],LA_LB_no_negative_flags,7,True,True,False,False,True,303,1
N,phenyl,phenyl,C5,pentafluorophenyl,pentafluorophenyl,<LB_N><LB1_phenyl><LB2_phenyl><LINKER_C5><LA1_pentafluorophenyl><LA2_pentafluorophenyl>,Fc1c(F)c(F)c(B(CCCCCN(c2ccccc2)c2ccccc2)c2c(F)c(F)c(F)c(F)c2F)c(F)c1F,True,Fc1c(F)c(F)c(B(CCCCCN(c2ccccc2)c2ccccc2)c2c(F)c(F)c(F)c(F)c2F)c(F)c1F,Fc1c(F)c(F)c(B(CCCCCN(c2ccccc2)c2ccccc2)c2c(F)c(F)c(F)c(F)c2F)c(F)c1F,[],True,1,0.525,True,True,False,False,True,False,True,[],0,41,True,True,True,True,"['LA_B_aryl', 'LA_B_diaryl', 'LA_B_polyhalogenated_aryl', 'LA_B_tricoordinate']",['LB_amine'],[],[],LA_LB_no_negative_flags,6,True,True,False,False,True,303,1
P,mesityl,tert_butyl,C1,phenyl,pentafluorophenyl,<LB_P><LB1_mesityl><LB2_tert_butyl><LINKER_C1><LA1_phenyl><LA2_pentafluorophenyl>,Cc1cc(C)c(P(CB(c2ccccc2)c2c(F)c(F)c(F)c(F)c2F)C(C)(C)C)c(C)c1,True,Cc1cc(C)c(P(CB(c2ccccc2)c2c(F)c(F)c(F)c(F)c2F)C(C)(C)C)c(C)c1,Cc1cc(C)c(P(CB(c2ccccc2)c2c(F)c(F)c(F)c(F)c2F)C(C)(C)C)c(C)c1,[],True,1,0.4489795918367347,True,True,False,False,True,False,True,[],0,33,True,True,True,True,"['LA_B_aryl', 'LA_B_diaryl', 'LA_B_polyhalogenated_aryl', 'LA_B_tricoordinate']",['LB_phosphine'],[],[],LA_LB_no_negative_flags,2,True,True,False,False,True,303,1
P,tert_butyl,isopropyl,C2,pentachlorophenyl,bis_cf3_phenyl,<LB_P><LB1_tert_butyl><LB2_isopropyl><LINKER_C2><LA1_pentachlorophenyl><LA2_bis_cf3_phenyl>,CC(C)P(CCB(c1cc(C(F)(F)F)cc(C(F)(F)F)c1)c1c(Cl)c(Cl)c(Cl)c(Cl)c1Cl)C(C)(C)C,True,CC(C)P(CCB(c1cc(C(F)(F)F)cc(C(F)(F)F)c1)c1c(Cl)c(Cl)c(Cl)c(Cl)c1Cl)C(C)(C)C,CC(C)P(CCB(c1cc(C(F)(F)F)cc(C(F)(F)F)c1)c1c(Cl)c(Cl)c(Cl)c(Cl)c1Cl)C(C)(C)C,[],True,1,0.5,True,True,False,False,True,False,True,[],0,36,True,True,True,True,"['LA_B_aryl', 'LA_B_diaryl', 'LA_B_polyhalogenated_aryl', 'LA_B_tricoordinate']",['LB_phosphine'],[],[],LA_LB_no_negative_flags,3,True,True,False,False,True,303,1
P,phenyl,mesityl,C4,bis_cf3_phenyl,bis_cf3_phenyl,<LB_P><LB1_phenyl><LB2_mesityl><LINKER_C4><LA1_bis_cf3_phenyl><LA2_bis_cf3_phenyl>,Cc1cc(C)c(P(CCCCB(c2cc(C(F)(F)F)cc(C(F)(F)F)c2)c2cc(C(F)(F)F)cc(C(F)(F)F)c2)c2ccccc2)c(C)c1,True,Cc1cc(C)c(P(CCCCB(c2cc(C(F)(F)F)cc(C(F)(F)F)c2)c2cc(C(F)(F)F)cc(C(F)(F)F)c2)c2ccccc2)c(C)c1,Cc1cc(C)c(P(CCCCB(c2cc(C(F)(F)F)cc(C(F)(F)F)c2)c2cc(C(F)(F)F)cc(C(F)(F)F)c2)c2ccccc2)c(C)c1,[],True,1,0.49019607843137253,True,True,False,False,True,False,True,[],0,49,True,True,True,True,"['LA_B_aryl', 'LA_B_diaryl', 'LA_B_tricoordinate']",['LB_phosphine'],[],[],LA_LB_no_negative_flags,5,True,True,False,False,True,303,1
P,cyclohexyl,cyclohexyl,C2,phenyl,pentafluorophenyl,<LB_P><LB1_cyclohexyl><LB2_cyclohexyl><LINKER_C2><LA1_phenyl><LA2_pentafluorophenyl>,Fc1c(F)c(F)c(B(CCP(C2CCCCC2)C2CCCCC2)c2ccccc2)c(F)c1F,True,Fc1c(F)c(F)c(B(CCP(C2CCCCC2)C2CCCCC2)c2ccccc2)c(F)c1F,Fc1c(F)c(F)c(B(CCP(C2CCCCC2)C2CCCCC2)c2ccccc2)c(F)c1F,[],True,1,0.46511627906976744,True,True,False,False,True,False,True,[],0,33,True,True,True,True,"['LA_B_aryl', 'LA_B_diaryl', 'LA_B_polyhalogenated_aryl', 'LA_B_tricoordinate']",['LB_phosphine'],[],[],LA_LB_no_negative_flags,3,True,True,False,False,True,303,1
N,ethyl,phenyl,C6,mesityl,pentafluorophenyl,<LB_N><LB1_ethyl><LB2_phenyl><LINKER_C6><LA1_mesityl><LA2_pentafluorophenyl>,CCN(CCCCCCB(c1c(C)cc(C)cc1C)c1c(F)c(F)c(F)c(F)c1F)c1ccccc1,True,CCN(CCCCCCB(c1c(C)cc(C)cc1C)c1c(F)c(F)c(F)c(F)c1F)c1ccccc1,CCN(CCCCCCB(c1c(C)cc(C)cc1C)c1c(F)c(F)c(F)c(F)c1F)c1ccccc1,[],True,1,0.46153846153846156,True,True,False,False,True,False,True,[],0,36,True,True,True,True,"['LA_B_aryl', 'LA_B_diaryl', 'LA_B_polyhalogenated_aryl', 'LA_B_tricoordinate']",['LB_amine'],[],[],LA_LB_no_negative_flags,7,True,True,False,False,True,303,1
P,phenyl,phenyl,C5,p_tolyl,bis_cf3_phenyl,<LB_P><LB1_phenyl><LB2_phenyl><LINKER_C5><LA1_p_tolyl><LA2_bis_cf3_phenyl>,Cc1ccc(B(CCCCCP(c2ccccc2)c2ccccc2)c2cc(C(F)(F)F)cc(C(F)(F)F)c2)cc1,True,Cc1ccc(B(CCCCCP(c2ccccc2)c2ccccc2)c2cc(C(F)(F)F)cc(C(F)(F)F)c2)cc1,Cc1ccc(B(CCCCCP(c2ccccc2)c2ccccc2)c2cc(C(F)(F)F)cc(C(F)(F)F)c2)cc1,[],True,1,0.46,True,True,False,False,True,False,True,[],0,40,True,True,True,True,"['LA_B_aryl', 'LA_B_diaryl', 'LA_B_tricoordinate']",['LB_phosphine'],[],[],LA_LB_no_negative_flags,6,True,True,False,False,True,303,1
P,mesityl,isopropyl,C5,p_tolyl,pentachlorophenyl,<LB_P><LB1_mesityl><LB2_isopropyl><LINKER_C5><LA1_p_tolyl><LA2_pentachlorophenyl>,Cc1ccc(B(CCCCCP(c2c(C)cc(C)cc2C)C(C)C)c2c(Cl)c(Cl)c(Cl)c(Cl)c2Cl)cc1,True,Cc1ccc(B(CCCCCP(c2c(C)cc(C)cc2C)C(C)C)c2c(Cl)c(Cl)c(Cl)c(Cl)c2Cl)cc1,Cc1ccc(B(CCCCCP(c2c(C)cc(C)cc2C)C(C)C)c2c(Cl)c(Cl)c(Cl)c(Cl)c2Cl)cc1,[],True,1,0.4897959183673469,True,True,False,False,True,False,True,[],0,37,True,True,True,True,"['LA_B_aryl', 'LA_B_diaryl', 'LA_B_polyhalogenated_aryl', 'LA_B_tricoordinate']",['LB_phosphine'],[],[],LA_LB_no_negative_flags,6,True,True,False,False,True,303,1
P,isopropyl,isopropyl,C2,pentafluorophenyl,pentafluorophenyl,<LB_P><LB1_isopropyl><LB2_isopropyl><LINKER_C2><LA1_pentafluorophenyl><LA2_pentafluorophenyl>,CC(C)P(CCB(c1c(F)c(F)c(F)c(F)c1F)c1c(F)c(F)c(F)c(F)c1F)C(C)C,True,CC(C)P(CCB(c1c(F)c(F)c(F)c(F)c1F)c1c(F)c(F)c(F)c(F)c1F)C(C)C,CC(C)P(CCB(c1c(F)c(F)c(F)c(F)c1F)c1c(F)c(F)c(F)c(F)c1F)C(C)C,[],True,1,0.45714285714285713,True,True,False,False,True,False,True,[],0,32,True,True,True,True,"['LA_B_aryl', 'LA_B_diaryl', 'LA_B_polyhalogenated_aryl', 'LA_B_tricoordinate']",['LB_phosphine'],[],[],LA_LB_no_negative_flags,3,True,True,False,False,True,303,1
P,phenyl,phenyl,C6,mesityl,mesityl,<LB_P><LB1_phenyl><LB2_phenyl><LINKER_C6><LA1_mesityl><LA2_mesityl>,Cc1cc(C)c(B(CCCCCCP(c2ccccc2)c2ccccc2)c2c(C)cc(C)cc2C)c(C)c1,True,Cc1cc(C)c(B(CCCCCCP(c2ccccc2)c2ccccc2)c2c(C)cc(C)cc2C)c(C)c1,Cc1cc(C)c(B(CCCCCCP(c2ccccc2)c2ccccc2)c2c(C)cc(C)cc2C)c(C)c1,[],True,1,0.6,True,True,False,False,True,False,True,[],0,38,True,True,True,True,"['LA_B_aryl', 'LA_B_diaryl', 'LA_B_tricoordinate']",['LB_phosphine'],[],[],LA_LB_no_negative_flags,7,True,True,False,False,True,303,1
P,mesityl,mesityl,C3,phenyl,p_tolyl,<LB_P><LB1_mesityl><LB2_mesityl><LINKER_C3><LA1_phenyl><LA2_p_tolyl>,Cc1ccc(B(CCCP(c2c(C)cc(C)cc2C)c2c(C)cc(C)cc2C)c2ccccc2)cc1,True,Cc1ccc(B(CCCP(c2c(C)cc(C)cc2C)c2c(C)cc(C)cc2C)c2ccccc2)cc1,Cc1ccc(B(CCCP(c2c(C)cc(C)cc2C)c2c(C)cc(C)cc2C)c2ccccc2)cc1,[],True,1,0.5227272727272727,True,True,False,False,True,False,True,[],0,36,True,True,True,True,"['LA_B_aryl', 'LA_B_diaryl', 'LA_B_tricoordinate']",['LB_phosphine'],[],[],LA_LB_no_negative_flags,4,True,True,False,False,True,303,1
P,mesityl,mesityl,C4,mesityl,mesityl,<LB_P><LB1_mesityl><LB2_mesityl><LINKER_C4><LA1_mesityl><LA2_mesityl>,Cc1cc(C)c(B(CCCCP(c2c(C)cc(C)cc2C)c2c(C)cc(C)cc2C)c2c(C)cc(C)cc2C)c(C)c1,True,Cc1cc(C)c(B(CCCCP(c2c(C)cc(C)cc2C)c2c(C)cc(C)cc2C)c2c(C)cc(C)cc2C)c(C)c1,Cc1cc(C)c(B(CCCCP(c2c(C)cc(C)cc2C)c2c(C)cc(C)cc2C)c2c(C)cc(C)cc2C)c(C)c1,[],True,1,0.7714285714285715,True,True,False,False,True,False,True,[],0,42,True,True,True,True,"['LA_B_aryl', 'LA_B_diaryl', 'LA_B_tricoordinate']",['LB_phosphine'],[],[],LA_LB_no_negative_flags,5,True,True,False,False,True,303,1
N,methyl,isopropyl,C2,phenyl,bis_cf3_phenyl,<LB_N><LB1_methyl><LB2_isopropyl><LINKER_C2><LA1_phenyl><LA2_bis_cf3_phenyl>,CC(C)N(C)CCB(c1ccccc1)c1cc(C(F)(F)F)cc(C(F)(F)F)c1,True,CC(C)N(C)CCB(c1ccccc1)c1cc(C(F)(F)F)cc(C(F)(F)F)c1,CC(C)N(C)CCB(c1ccccc1)c1cc(C(F)(F)F)cc(C(F)(F)F)c1,[],True,1,0.4222222222222222,True,True,False,False,True,False,True,[],0,28,True,True,True,True,"['LA_B_aryl', 'LA_B_diaryl', 'LA_B_tricoordinate']",['LB_amine'],[],[],LA_LB_no_negative_flags,3,True,True,False,False,True,303,1
P,mesityl,tert_butyl,C2,phenyl,bis_cf3_phenyl,<LB_P><LB1_mesityl><LB2_tert_butyl><LINKER_C2><LA1_phenyl><LA2_bis_cf3_phenyl>,Cc1cc(C)c(P(CCB(c2ccccc2)c2cc(C(F)(F)F)cc(C(F)(F)F)c2)C(C)(C)C)c(C)c1,True,Cc1cc(C)c(P(CCB(c2ccccc2)c2cc(C(F)(F)F)cc(C(F)(F)F)c2)C(C)(C)C)c(C)c1,Cc1cc(C)c(P(CCB(c2ccccc2)c2cc(C(F)(F)F)cc(C(F)(F)F)c2)C(C)(C)C)c(C)c1,[],True,1,0.4375,True,True,False,False,True,False,True,[],0,37,True,True,True,True,"['LA_B_aryl', 'LA_B_diaryl', 'LA_B_tricoordinate']",['LB_phosphine'],[],[],LA_LB_no_negative_flags,3,True,True,False,False,True,303,1
N,phenyl,phenyl,C1,phenyl,pentafluorophenyl,<LB_N><LB1_phenyl><LB2_phenyl><LINKER_C1><LA1_phenyl><LA2_pentafluorophenyl>,Fc1c(F)c(F)c(B(CN(c2ccccc2)c2ccccc2)c2ccccc2)c(F)c1F,True,Fc1c(F)c(F)c(B(CN(c2ccccc2)c2ccccc2)c2ccccc2)c(F)c1F,Fc1c(F)c(F)c(B(CN(c2ccccc2)c2ccccc2)c2ccccc2)c(F)c1F,[],True,1,0.41025641025641024,True,True,False,False,True,False,True,[],0,32,True,True,True,True,"['LA_B_aryl', 'LA_B_diaryl', 'LA_B_polyhalogenated_aryl', 'LA_B_tricoordinate']",['LB_amine'],[],[],LA_LB_no_negative_flags,2,True,True,False,False,True,303,1
N,cyclohexyl,cyclohexyl,C6,mesityl,pentafluorophenyl,<LB_N><LB1_cyclohexyl><LB2_cyclohexyl><LINKER_C6><LA1_mesityl><LA2_pentafluorophenyl>,Cc1cc(C)c(B(CCCCCCN(C2CCCCC2)C2CCCCC2)c2c(F)c(F)c(F)c(F)c2F)c(C)c1,True,Cc1cc(C)c(B(CCCCCCN(C2CCCCC2)C2CCCCC2)c2c(F)c(F)c(F)c(F)c2F)c(C)c1,Cc1cc(C)c(B(CCCCCCN(C2CCCCC2)C2CCCCC2)c2c(F)c(F)c(F)c(F)c2F)c(C)c1,[],True,1,0.47058823529411764,True,True,False,False,True,False,True,[],0,40,True,True,True,True,"['LA_B_aryl', 'LA_B_diaryl', 'LA_B_polyhalogenated_aryl', 'LA_B_tricoordinate']",['LB_amine'],[],[],LA_LB_no_negative_flags,7,True,True,False,False,True,303,1
N,methyl,methyl,C1,bis_cf3_phenyl,bis_cf3_phenyl,<LB_N><LB1_methyl><LB2_methyl><LINKER_C1><LA1_bis_cf3_phenyl><LA2_bis_cf3_phenyl>,CN(C)CB(c1cc(C(F)(F)F)cc(C(F)(F)F)c1)c1cc(C(F)(F)F)cc(C(F)(F)F)c1,True,CN(C)CB(c1cc(C(F)(F)F)cc(C(F)(F)F)c1)c1cc(C(F)(F)F)cc(C(F)(F)F)c1,CN(C)CB(c1cc(C(F)(F)F)cc(C(F)(F)F)c1)c1cc(C(F)(F)F)cc(C(F)(F)F)c1,[],True,1,0.5294117647058824,True,True,False,False,True,False,True,[],0,33,True,True,True,True,"['LA_B_aryl', 'LA_B_diaryl', 'LA_B_tricoordinate']",['LB_amine'],[],[],LA_LB_no_negative_flags,2,True,True,False,False,True,303,1
P,cyclohexyl,isopropyl,C1,p_tolyl,mesityl,<LB_P><LB1_cyclohexyl><LB2_isopropyl><LINKER_C1><LA1_p_tolyl><LA2_mesityl>,Cc1ccc(B(CP(C(C)C)C2CCCCC2)c2c(C)cc(C)cc2C)cc1,True,Cc1ccc(B(CP(C(C)C)C2CCCCC2)c2c(C)cc(C)cc2C)cc1,Cc1ccc(B(CP(C(C)C)C2CCCCC2)c2c(C)cc(C)cc2C)cc1,[],True,1,0.4074074074074074,True,True,False,False,True,False,True,[],0,28,True,True,True,True,"['LA_B_aryl', 'LA_B_diaryl', 'LA_B_tricoordinate']",['LB_phosphine'],[],[],LA_LB_no_negative_flags,2,True,True,False,False,True,303,1
P,mesityl,cyclohexyl,C4,mesityl,mesityl,<LB_P><LB1_mesityl><LB2_cyclohexyl><LINKER_C4><LA1_mesityl><LA2_mesityl>,Cc1cc(C)c(B(CCCCP(c2c(C)cc(C)cc2C)C2CCCCC2)c2c(C)cc(C)cc2C)c(C)c1,True,Cc1cc(C)c(B(CCCCP(c2c(C)cc(C)cc2C)C2CCCCC2)c2c(C)cc(C)cc2C)c(C)c1,Cc1cc(C)c(B(CCCCP(c2c(C)cc(C)cc2C)C2CCCCC2)c2c(C)cc(C)cc2C)c(C)c1,[],True,1,0.4791666666666667,True,True,False,False,True,False,True,[],0,39,True,True,True,True,"['LA_B_aryl', 'LA_B_diaryl', 'LA_B_tricoordinate']",['LB_phosphine'],[],[],LA_LB_no_negative_flags,5,True,True,False,False,True,303,1
P,isopropyl,isopropyl,C6,mesityl,pentachlorophenyl,<LB_P><LB1_isopropyl><LB2_isopropyl><LINKER_C6><LA1_mesityl><LA2_pentachlorophenyl>,Cc1cc(C)c(B(CCCCCCP(C(C)C)C(C)C)c2c(Cl)c(Cl)c(Cl)c(Cl)c2Cl)c(C)c1,True,Cc1cc(C)c(B(CCCCCCP(C(C)C)C(C)C)c2c(Cl)c(Cl)c(Cl)c(Cl)c2Cl)c(C)c1,Cc1cc(C)c(B(CCCCCCP(C(C)C)C(C)C)c2c(Cl)c(Cl)c(Cl)c(Cl)c2Cl)c(C)c1,[],True,1,0.5227272727272727,True,True,False,False,True,False,True,[],0,34,True,True,True,True,"['LA_B_aryl', 'LA_B_diaryl', 'LA_B_polyhalogenated_aryl', 'LA_B_tricoordinate']",['LB_phosphine'],[],[],LA_LB_no_negative_flags,7,True,True,False,False,True,303,1
P,mesityl,mesityl,C6,phenyl,p_tolyl,<LB_P><LB1_mesityl><LB2_mesityl><LINKER_C6><LA1_phenyl><LA2_p_tolyl>,Cc1ccc(B(CCCCCCP(c2c(C)cc(C)cc2C)c2c(C)cc(C)cc2C)c2ccccc2)cc1,True,Cc1ccc(B(CCCCCCP(c2c(C)cc(C)cc2C)c2c(C)cc(C)cc2C)c2ccccc2)cc1,Cc1ccc(B(CCCCCCP(c2c(C)cc(C)cc2C)c2c(C)cc(C)cc2C)c2ccccc2)cc1,[],True,1,0.5681818181818182,True,True,False,False,True,False,True,[],0,39,True,True,True,True,"['LA_B_aryl', 'LA_B_diaryl', 'LA_B_tricoordinate']",['LB_phosphine'],[],[],LA_LB_no_negative_flags,7,True,True,False,False,True,303,1
N,isopropyl,phenyl,C3,pentafluorophenyl,pentafluorophenyl,<LB_N><LB1_isopropyl><LB2_phenyl><LINKER_C3><LA1_pentafluorophenyl><LA2_pentafluorophenyl>,CC(C)N(CCCB(c1c(F)c(F)c(F)c(F)c1F)c1c(F)c(F)c(F)c(F)c1F)c1ccccc1,True,CC(C)N(CCCB(c1c(F)c(F)c(F)c(F)c1F)c1c(F)c(F)c(F)c(F)c1F)c1ccccc1,CC(C)N(CCCB(c1c(F)c(F)c(F)c(F)c1F)c1c(F)c(F)c(F)c(F)c1F)c1ccccc1,[],True,1,0.45454545454545453,True,True,False,False,True,False,True,[],0,36,True,True,True,True,"['LA_B_aryl', 'LA_B_diaryl', 'LA_B_polyhalogenated_aryl', 'LA_B_tricoordinate']",['LB_amine'],[],[],LA_LB_no_negative_flags,4,True,True,False,False,True,303,1
N,ethyl,phenyl,C6,phenyl,pentafluorophenyl,<LB_N><LB1_ethyl><LB2_phenyl><LINKER_C6><LA1_phenyl><LA2_pentafluorophenyl>,CCN(CCCCCCB(c1ccccc1)c1c(F)c(F)c(F)c(F)c1F)c1ccccc1,True,CCN(CCCCCCB(c1ccccc1)c1c(F)c(F)c(F)c(F)c1F)c1ccccc1,CCN(CCCCCCB(c1ccccc1)c1c(F)c(F)c(F)c(F)c1F)c1ccccc1,[],True,1,0.4166666666666667,True,True,False,False,True,False,True,[],0,33,True,True,True,True,"['LA_B_aryl', 'LA_B_diaryl', 'LA_B_polyhalogenated_aryl', 'LA_B_tricoordinate']",['LB_amine'],[],[],LA_LB_no_negative_flags,7,True,True,False,False,True,303,1
P,mesityl,isopropyl,C3,mesityl,bis_cf3_phenyl,<LB_P><LB1_mesityl><LB2_isopropyl><LINKER_C3><LA1_mesityl><LA2_bis_cf3_phenyl>,Cc1cc(C)c(B(CCCP(c2c(C)cc(C)cc2C)C(C)C)c2cc(C(F)(F)F)cc(C(F)(F)F)c2)c(C)c1,True,Cc1cc(C)c(B(CCCP(c2c(C)cc(C)cc2C)C(C)C)c2cc(C(F)(F)F)cc(C(F)(F)F)c2)c(C)c1,Cc1cc(C)c(B(CCCP(c2c(C)cc(C)cc2C)C(C)C)c2cc(C(F)(F)F)cc(C(F)(F)F)c2)c(C)c1,[],True,1,0.40816326530612246,True,True,False,False,True,False,True,[],0,40,True,True,True,True,"['LA_B_aryl', 'LA_B_diaryl', 'LA_B_tricoordinate']",['LB_phosphine'],[],[],LA_LB_no_negative_flags,4,True,True,False,False,True,303,1
P,mesityl,cyclohexyl,C1,p_tolyl,pentachlorophenyl,<LB_P><LB1_mesityl><LB2_cyclohexyl><LINKER_C1><LA1_p_tolyl><LA2_pentachlorophenyl>,Cc1ccc(B(CP(c2c(C)cc(C)cc2C)C2CCCCC2)c2c(Cl)c(Cl)c(Cl)c(Cl)c2Cl)cc1,True,Cc1ccc(B(CP(c2c(C)cc(C)cc2C)C2CCCCC2)c2c(Cl)c(Cl)c(Cl)c(Cl)c2Cl)cc1,Cc1ccc(B(CP(c2c(C)cc(C)cc2C)C2CCCCC2)c2c(Cl)c(Cl)c(Cl)c(Cl)c2Cl)cc1,[],True,1,0.44,True,True,False,False,True,False,True,[],0,36,True,True,True,True,"['LA_B_aryl', 'LA_B_diaryl', 'LA_B_polyhalogenated_aryl', 'LA_B_tricoordinate']",['LB_phosphine'],[],[],LA_LB_no_negative_flags,2,True,True,False,False,True,303,1
P,mesityl,mesityl,C2,pentachlorophenyl,pentachlorophenyl,<LB_P><LB1_mesityl><LB2_mesityl><LINKER_C2><LA1_pentachlorophenyl><LA2_pentachlorophenyl>,Cc1cc(C)c(P(CCB(c2c(Cl)c(Cl)c(Cl)c(Cl)c2Cl)c2c(Cl)c(Cl)c(Cl)c(Cl)c2Cl)c2c(C)cc(C)cc2C)c(C)c1,True,Cc1cc(C)c(P(CCB(c2c(Cl)c(Cl)c(Cl)c(Cl)c2Cl)c2c(Cl)c(Cl)c(Cl)c(Cl)c2Cl)c2c(C)cc(C)cc2C)c(C)c1,Cc1cc(C)c(P(CCB(c2c(Cl)c(Cl)c(Cl)c(Cl)c2Cl)c2c(Cl)c(Cl)c(Cl)c(Cl)c2Cl)c2c(C)cc(C)cc2C)c(C)c1,[],True,1,0.7647058823529411,True,True,False,False,True,False,True,[],0,44,True,True,True,True,"['LA_B_aryl', 'LA_B_diaryl', 'LA_B_polyhalogenated_aryl', 'LA_B_tricoordinate']",['LB_phosphine'],[],[],LA_LB_no_negative_flags,3,True,True,False,False,True,303,1
P,mesityl,tert_butyl,C1,phenyl,bis_cf3_phenyl,<LB_P><LB1_mesityl><LB2_tert_butyl><LINKER_C1><LA1_phenyl><LA2_bis_cf3_phenyl>,Cc1cc(C)c(P(CB(c2ccccc2)c2cc(C(F)(F)F)cc(C(F)(F)F)c2)C(C)(C)C)c(C)c1,True,Cc1cc(C)c(P(CB(c2ccccc2)c2cc(C(F)(F)F)cc(C(F)(F)F)c2)C(C)(C)C)c(C)c1,Cc1cc(C)c(P(CB(c2ccccc2)c2cc(C(F)(F)F)cc(C(F)(F)F)c2)C(C)(C)C)c(C)c1,[],True,1,0.5227272727272727,True,True,False,False,True,False,True,[],0,36,True,True,True,True,"['LA_B_aryl', 'LA_B_diaryl', 'LA_B_tricoordinate']",['LB_phosphine'],[],[],LA_LB_no_negative_flags,2,True,True,False,False,True,303,1
P,phenyl,tert_butyl,C1,mesityl,bis_cf3_phenyl,<LB_P><LB1_phenyl><LB2_tert_butyl><LINKER_C1><LA1_mesityl><LA2_bis_cf3_phenyl>,Cc1cc(C)c(B(CP(c2ccccc2)C(C)(C)C)c2cc(C(F)(F)F)cc(C(F)(F)F)c2)c(C)c1,True,Cc1cc(C)c(B(CP(c2ccccc2)C(C)(C)C)c2cc(C(F)(F)F)cc(C(F)(F)F)c2)c(C)c1,Cc1cc(C)c(B(CP(c2ccccc2)C(C)(C)C)c2cc(C(F)(F)F)cc(C(F)(F)F)c2)c(C)c1,[],True,1,0.46808510638297873,True,True,False,False,True,False,True,[],0,36,True,True,True,True,"['LA_B_aryl', 'LA_B_diaryl', 'LA_B_tricoordinate']",['LB_phosphine'],[],[],LA_LB_no_negative_flags,2,True,True,False,False,True,303,1
P,mesityl,isopropyl,C2,mesityl,mesityl,<LB_P><LB1_mesityl><LB2_isopropyl><LINKER_C2><LA1_mesityl><LA2_mesityl>,Cc1cc(C)c(B(CCP(c2c(C)cc(C)cc2C)C(C)C)c2c(C)cc(C)cc2C)c(C)c1,True,Cc1cc(C)c(B(CCP(c2c(C)cc(C)cc2C)C(C)C)c2c(C)cc(C)cc2C)c(C)c1,Cc1cc(C)c(B(CCP(c2c(C)cc(C)cc2C)C(C)C)c2c(C)cc(C)cc2C)c(C)c1,[],True,1,0.5,True,True,False,False,True,False,True,[],0,34,True,True,True,True,"['LA_B_aryl', 'LA_B_diaryl', 'LA_B_tricoordinate']",['LB_phosphine'],[],[],LA_LB_no_negative_flags,3,True,True,False,False,True,303,1
P,phenyl,mesityl,C2,phenyl,pentachlorophenyl,<LB_P><LB1_phenyl><LB2_mesityl><LINKER_C2><LA1_phenyl><LA2_pentachlorophenyl>,Cc1cc(C)c(P(CCB(c2ccccc2)c2c(Cl)c(Cl)c(Cl)c(Cl)c2Cl)c2ccccc2)c(C)c1,True,Cc1cc(C)c(P(CCB(c2ccccc2)c2c(Cl)c(Cl)c(Cl)c(Cl)c2Cl)c2ccccc2)c(C)c1,Cc1cc(C)c(P(CCB(c2ccccc2)c2c(Cl)c(Cl)c(Cl)c(Cl)c2Cl)c2ccccc2)c(C)c1,[],True,1,0.5813953488372093,True,True,False,False,True,False,True,[],0,36,True,True,True,True,"['LA_B_aryl', 'LA_B_diaryl', 'LA_B_polyhalogenated_aryl', 'LA_B_tricoordinate']",['LB_phosphine'],[],[],LA_LB_no_negative_flags,3,True,True,False,False,True,303,1
P,mesityl,mesityl,C2,mesityl,bis_cf3_phenyl,<LB_P><LB1_mesityl><LB2_mesityl><LINKER_C2><LA1_mesityl><LA2_bis_cf3_phenyl>,Cc1cc(C)c(B(CCP(c2c(C)cc(C)cc2C)c2c(C)cc(C)cc2C)c2cc(C(F)(F)F)cc(C(F)(F)F)c2)c(C)c1,True,Cc1cc(C)c(B(CCP(c2c(C)cc(C)cc2C)c2c(C)cc(C)cc2C)c2cc(C(F)(F)F)cc(C(F)(F)F)c2)c(C)c1,Cc1cc(C)c(B(CCP(c2c(C)cc(C)cc2C)c2c(C)cc(C)cc2C)c2cc(C(F)(F)F)cc(C(F)(F)F)c2)c(C)c1,[],True,1,0.46808510638297873,True,True,False,False,True,False,True,[],0,45,True,True,True,True,"['LA_B_aryl', 'LA_B_diaryl', 'LA_B_tricoordinate']",['LB_phosphine'],[],[],LA_LB_no_negative_flags,3,True,True,False,False,True,303,1
P,phenyl,phenyl,C2,mesityl,pentachlorophenyl,<LB_P><LB1_phenyl><LB2_phenyl><LINKER_C2><LA1_mesityl><LA2_pentachlorophenyl>,Cc1cc(C)c(B(CCP(c2ccccc2)c2ccccc2)c2c(Cl)c(Cl)c(Cl)c(Cl)c2Cl)c(C)c1,True,Cc1cc(C)c(B(CCP(c2ccccc2)c2ccccc2)c2c(Cl)c(Cl)c(Cl)c(Cl)c2Cl)c(C)c1,Cc1cc(C)c(B(CCP(c2ccccc2)c2ccccc2)c2c(Cl)c(Cl)c(Cl)c(Cl)c2Cl)c(C)c1,[],True,1,0.5853658536585366,True,True,False,False,True,False,True,[],0,36,True,True,True,True,"['LA_B_aryl', 'LA_B_diaryl', 'LA_B_polyhalogenated_aryl', 'LA_B_tricoordinate']",['LB_phosphine'],[],[],LA_LB_no_negative_flags,3,True,True,False,False,True,303,1
P,phenyl,isopropyl,C5,pentachlorophenyl,pentachlorophenyl,<LB_P><LB1_phenyl><LB2_isopropyl><LINKER_C5><LA1_pentachlorophenyl><LA2_pentachlorophenyl>,CC(C)P(CCCCCB(c1c(Cl)c(Cl)c(Cl)c(Cl)c1Cl)c1c(Cl)c(Cl)c(Cl)c(Cl)c1Cl)c1ccccc1,True,CC(C)P(CCCCCB(c1c(Cl)c(Cl)c(Cl)c(Cl)c1Cl)c1c(Cl)c(Cl)c(Cl)c(Cl)c1Cl)c1ccccc1,CC(C)P(CCCCCB(c1c(Cl)c(Cl)c(Cl)c(Cl)c1Cl)c1c(Cl)c(Cl)c(Cl)c(Cl)c1Cl)c1ccccc1,[],True,1,0.525,True,True,False,False,True,False,True,[],0,38,True,True,True,True,"['LA_B_aryl', 'LA_B_diaryl', 'LA_B_polyhalogenated_aryl', 'LA_B_tricoordinate']",['LB_phosphine'],[],[],LA_LB_no_negative_flags,6,True,True,False,False,True,303,1
N,phenyl,phenyl,C2,mesityl,pentafluorophenyl,<LB_N><LB1_phenyl><LB2_phenyl><LINKER_C2><LA1_mesityl><LA2_pentafluorophenyl>,Cc1cc(C)c(B(CCN(c2ccccc2)c2ccccc2)c2c(F)c(F)c(F)c(F)c2F)c(C)c1,True,Cc1cc(C)c(B(CCN(c2ccccc2)c2ccccc2)c2c(F)c(F)c(F)c(F)c2F)c(C)c1,Cc1cc(C)c(B(CCN(c2ccccc2)c2ccccc2)c2c(F)c(F)c(F)c(F)c2F)c(C)c1,[],True,1,0.4375,True,True,False,False,True,False,True,[],0,36,True,True,True,True,"['LA_B_aryl', 'LA_B_diaryl', 'LA_B_polyhalogenated_aryl', 'LA_B_tricoordinate']",['LB_amine'],[],[],LA_LB_no_negative_flags,3,True,True,False,False,True,303,1
P,mesityl,mesityl,C4,bis_cf3_phenyl,bis_cf3_phenyl,<LB_P><LB1_mesityl><LB2_mesityl><LINKER_C4><LA1_bis_cf3_phenyl><LA2_bis_cf3_phenyl>,Cc1cc(C)c(P(CCCCB(c2cc(C(F)(F)F)cc(C(F)(F)F)c2)c2cc(C(F)(F)F)cc(C(F)(F)F)c2)c2c(C)cc(C)cc2C)c(C)c1,True,Cc1cc(C)c(P(CCCCB(c2cc(C(F)(F)F)cc(C(F)(F)F)c2)c2cc(C(F)(F)F)cc(C(F)(F)F)c2)c2c(C)cc(C)cc2C)c(C)c1,Cc1cc(C)c(P(CCCCB(c2cc(C(F)(F)F)cc(C(F)(F)F)c2)c2cc(C(F)(F)F)cc(C(F)(F)F)c2)c2c(C)cc(C)cc2C)c(C)c1,[],True,1,0.6046511627906976,True,True,False,False,True,False,True,[],0,52,True,True,True,True,"['LA_B_aryl', 'LA_B_diaryl', 'LA_B_tricoordinate']",['LB_phosphine'],[],[],LA_LB_no_negative_flags,5,True,True,False,False,True,303,1
P,phenyl,tert_butyl,C3,phenyl,pentafluorophenyl,<LB_P><LB1_phenyl><LB2_tert_butyl><LINKER_C3><LA1_phenyl><LA2_pentafluorophenyl>,CC(C)(C)P(CCCB(c1ccccc1)c1c(F)c(F)c(F)c(F)c1F)c1ccccc1,True,CC(C)(C)P(CCCB(c1ccccc1)c1c(F)c(F)c(F)c(F)c1F)c1ccccc1,CC(C)(C)P(CCCB(c1ccccc1)c1c(F)c(F)c(F)c(F)c1F)c1ccccc1,[],True,1,0.5227272727272727,True,True,False,False,True,False,True,[],0,32,True,True,True,True,"['LA_B_aryl', 'LA_B_diaryl', 'LA_B_polyhalogenated_aryl', 'LA_B_tricoordinate']",['LB_phosphine'],[],[],LA_LB_no_negative_flags,4,True,True,False,False,True,303,1
P,isopropyl,isopropyl,C2,mesityl,bis_cf3_phenyl,<LB_P><LB1_isopropyl><LB2_isopropyl><LINKER_C2><LA1_mesityl><LA2_bis_cf3_phenyl>,Cc1cc(C)c(B(CCP(C(C)C)C(C)C)c2cc(C(F)(F)F)cc(C(F)(F)F)c2)c(C)c1,True,Cc1cc(C)c(B(CCP(C(C)C)C(C)C)c2cc(C(F)(F)F)cc(C(F)(F)F)c2)c(C)c1,Cc1cc(C)c(B(CCP(C(C)C)C(C)C)c2cc(C(F)(F)F)cc(C(F)(F)F)c2)c(C)c1,[],True,1,0.4444444444444444,True,True,False,False,True,False,True,[],0,33,True,True,True,True,"['LA_B_aryl', 'LA_B_diaryl', 'LA_B_tricoordinate']",['LB_phosphine'],[],[],LA_LB_no_negative_flags,3,True,True,False,False,True,303,1
P,mesityl,tert_butyl,C4,phenyl,pentachlorophenyl,<LB_P><LB1_mesityl><LB2_tert_butyl><LINKER_C4><LA1_phenyl><LA2_pentachlorophenyl>,Cc1cc(C)c(P(CCCCB(c2ccccc2)c2c(Cl)c(Cl)c(Cl)c(Cl)c2Cl)C(C)(C)C)c(C)c1,True,Cc1cc(C)c(P(CCCCB(c2ccccc2)c2c(Cl)c(Cl)c(Cl)c(Cl)c2Cl)C(C)(C)C)c(C)c1,Cc1cc(C)c(P(CCCCB(c2ccccc2)c2c(Cl)c(Cl)c(Cl)c(Cl)c2Cl)C(C)(C)C)c(C)c1,[],True,1,0.5,True,True,False,False,True,False,True,[],0,36,True,True,True,True,"['LA_B_aryl', 'LA_B_diaryl', 'LA_B_polyhalogenated_aryl', 'LA_B_tricoordinate']",['LB_phosphine'],[],[],LA_LB_no_negative_flags,5,True,True,False,False,True,303,1
P,tert_butyl,cyclohexyl,C6,mesityl,pentachlorophenyl,<LB_P><LB1_tert_butyl><LB2_cyclohexyl><LINKER_C6><LA1_mesityl><LA2_pentachlorophenyl>,Cc1cc(C)c(B(CCCCCCP(C2CCCCC2)C(C)(C)C)c2c(Cl)c(Cl)c(Cl)c(Cl)c2Cl)c(C)c1,True,Cc1cc(C)c(B(CCCCCCP(C2CCCCC2)C(C)(C)C)c2c(Cl)c(Cl)c(Cl)c(Cl)c2Cl)c(C)c1,Cc1cc(C)c(B(CCCCCCP(C2CCCCC2)C(C)(C)C)c2c(Cl)c(Cl)c(Cl)c(Cl)c2Cl)c(C)c1,[],True,1,0.4339622641509434,True,True,False,False,True,False,True,[],0,38,True,True,True,True,"['LA_B_aryl', 'LA_B_diaryl', 'LA_B_polyhalogenated_aryl', 'LA_B_tricoordinate']",['LB_phosphine'],[],[],LA_LB_no_negative_flags,7,True,True,False,False,True,303,1
P,isopropyl,isopropyl,C4,pentafluorophenyl,pentafluorophenyl,<LB_P><LB1_isopropyl><LB2_isopropyl><LINKER_C4><LA1_pentafluorophenyl><LA2_pentafluorophenyl>,CC(C)P(CCCCB(c1c(F)c(F)c(F)c(F)c1F)c1c(F)c(F)c(F)c(F)c1F)C(C)C,True,CC(C)P(CCCCB(c1c(F)c(F)c(F)c(F)c1F)c1c(F)c(F)c(F)c(F)c1F)C(C)C,CC(C)P(CCCCB(c1c(F)c(F)c(F)c(F)c1F)c1c(F)c(F)c(F)c(F)c1F)C(C)C,[],True,1,0.5,True,True,False,False,True,False,True,[],0,34,True,True,True,True,"['LA_B_aryl', 'LA_B_diaryl', 'LA_B_polyhalogenated_aryl', 'LA_B_tricoordinate']",['LB_phosphine'],[],[],LA_LB_no_negative_flags,5,True,True,False,False,True,303,1
P,mesityl,tert_butyl,C1,mesityl,pentafluorophenyl,<LB_P><LB1_mesityl><LB2_tert_butyl><LINKER_C1><LA1_mesityl><LA2_pentafluorophenyl>,Cc1cc(C)c(B(CP(c2c(C)cc(C)cc2C)C(C)(C)C)c2c(F)c(F)c(F)c(F)c2F)c(C)c1,True,Cc1cc(C)c(B(CP(c2c(C)cc(C)cc2C)C(C)(C)C)c2c(F)c(F)c(F)c(F)c2F)c(C)c1,Cc1cc(C)c(B(CP(c2c(C)cc(C)cc2C)C(C)(C)C)c2c(F)c(F)c(F)c(F)c2F)c(C)c1,[],True,1,0.4888888888888889,True,True,False,False,True,False,True,[],0,36,True,True,True,True,"['LA_B_aryl', 'LA_B_diaryl', 'LA_B_polyhalogenated_aryl', 'LA_B_tricoordinate']",['LB_phosphine'],[],[],LA_LB_no_negative_flags,2,True,True,False,False,True,303,1
P,isopropyl,isopropyl,C4,p_tolyl,mesityl,<LB_P><LB1_isopropyl><LB2_isopropyl><LINKER_C4><LA1_p_tolyl><LA2_mesityl>,Cc1ccc(B(CCCCP(C(C)C)C(C)C)c2c(C)cc(C)cc2C)cc1,True,Cc1ccc(B(CCCCP(C(C)C)C(C)C)c2c(C)cc(C)cc2C)cc1,Cc1ccc(B(CCCCP(C(C)C)C(C)C)c2c(C)cc(C)cc2C)cc1,[],True,1,0.4375,True,True,False,False,True,False,True,[],0,28,True,True,True,True,"['LA_B_aryl', 'LA_B_diaryl', 'LA_B_tricoordinate']",['LB_phosphine'],[],[],LA_LB_no_negative_flags,5,True,True,False,False,True,303,1
N,methyl,isopropyl,C1,phenyl,bis_cf3_phenyl,<LB_N><LB1_methyl><LB2_isopropyl><LINKER_C1><LA1_phenyl><LA2_bis_cf3_phenyl>,CC(C)N(C)CB(c1ccccc1)c1cc(C(F)(F)F)cc(C(F)(F)F)c1,True,CC(C)N(C)CB(c1ccccc1)c1cc(C(F)(F)F)cc(C(F)(F)F)c1,CC(C)N(C)CB(c1ccccc1)c1cc(C(F)(F)F)cc(C(F)(F)F)c1,[],True,1,0.4418604651162791,True,True,False,False,True,False,True,[],0,27,True,True,True,True,"['LA_B_aryl', 'LA_B_diaryl', 'LA_B_tricoordinate']",['LB_amine'],[],[],LA_LB_no_negative_flags,2,True,True,False,False,True,303,1
P,mesityl,mesityl,C4,p_tolyl,bis_cf3_phenyl,<LB_P><LB1_mesityl><LB2_mesityl><LINKER_C4><LA1_p_tolyl><LA2_bis_cf3_phenyl>,Cc1ccc(B(CCCCP(c2c(C)cc(C)cc2C)c2c(C)cc(C)cc2C)c2cc(C(F)(F)F)cc(C(F)(F)F)c2)cc1,True,Cc1ccc(B(CCCCP(c2c(C)cc(C)cc2C)c2c(C)cc(C)cc2C)c2cc(C(F)(F)F)cc(C(F)(F)F)c2)cc1,Cc1ccc(B(CCCCP(c2c(C)cc(C)cc2C)c2c(C)cc(C)cc2C)c2cc(C(F)(F)F)cc(C(F)(F)F)c2)cc1,[],True,1,0.5416666666666666,True,True,False,False,True,False,True,[],0,45,True,True,True,True,"['LA_B_aryl', 'LA_B_diaryl', 'LA_B_tricoordinate']",['LB_phosphine'],[],[],LA_LB_no_negative_flags,5,True,True,False,False,True,303,1
N,phenyl,phenyl,C5,mesityl,pentafluorophenyl,<LB_N><LB1_phenyl><LB2_phenyl><LINKER_C5><LA1_mesityl><LA2_pentafluorophenyl>,Cc1cc(C)c(B(CCCCCN(c2ccccc2)c2ccccc2)c2c(F)c(F)c(F)c(F)c2F)c(C)c1,True,Cc1cc(C)c(B(CCCCCN(c2ccccc2)c2ccccc2)c2c(F)c(F)c(F)c(F)c2F)c(C)c1,Cc1cc(C)c(B(CCCCCN(c2ccccc2)c2ccccc2)c2c(F)c(F)c(F)c(F)c2F)c(C)c1,[],True,1,0.4897959183673469,True,True,False,False,True,False,True,[],0,39,True,True,True,True,"['LA_B_aryl', 'LA_B_diaryl', 'LA_B_polyhalogenated_aryl', 'LA_B_tricoordinate']",['LB_amine'],[],[],LA_LB_no_negative_flags,6,True,True,False,False,True,303,1
N,methyl,phenyl,C5,p_tolyl,pentafluorophenyl,<LB_N><LB1_methyl><LB2_phenyl><LINKER_C5><LA1_p_tolyl><LA2_pentafluorophenyl>,Cc1ccc(B(CCCCCN(C)c2ccccc2)c2c(F)c(F)c(F)c(F)c2F)cc1,True,Cc1ccc(B(CCCCCN(C)c2ccccc2)c2c(F)c(F)c(F)c(F)c2F)cc1,Cc1ccc(B(CCCCCN(C)c2ccccc2)c2c(F)c(F)c(F)c(F)c2F)cc1,[],True,1,0.4,True,True,False,False,True,False,True,[],0,32,True,True,True,True,"['LA_B_aryl', 'LA_B_diaryl', 'LA_B_polyhalogenated_aryl', 'LA_B_tricoordinate']",['LB_amine'],[],[],LA_LB_no_negative_flags,6,True,True,False,False,True,303,1
P,cyclohexyl,cyclohexyl,C2,mesityl,pentachlorophenyl,<LB_P><LB1_cyclohexyl><LB2_cyclohexyl><LINKER_C2><LA1_mesityl><LA2_pentachlorophenyl>,Cc1cc(C)c(B(CCP(C2CCCCC2)C2CCCCC2)c2c(Cl)c(Cl)c(Cl)c(Cl)c2Cl)c(C)c1,True,Cc1cc(C)c(B(CCP(C2CCCCC2)C2CCCCC2)c2c(Cl)c(Cl)c(Cl)c(Cl)c2Cl)c(C)c1,Cc1cc(C)c(B(CCP(C2CCCCC2)C2CCCCC2)c2c(Cl)c(Cl)c(Cl)c(Cl)c2Cl)c(C)c1,[],True,1,0.5454545454545454,True,True,False,False,True,False,True,[],0,36,True,True,True,True,"['LA_B_aryl', 'LA_B_diaryl', 'LA_B_polyhalogenated_aryl', 'LA_B_tricoordinate']",['LB_phosphine'],[],[],LA_LB_no_negative_flags,3,True,True,False,False,True,303,1
P,phenyl,tert_butyl,C2,p_tolyl,pentachlorophenyl,<LB_P><LB1_phenyl><LB2_tert_butyl><LINKER_C2><LA1_p_tolyl><LA2_pentachlorophenyl>,Cc1ccc(B(CCP(c2ccccc2)C(C)(C)C)c2c(Cl)c(Cl)c(Cl)c(Cl)c2Cl)cc1,True,Cc1ccc(B(CCP(c2ccccc2)C(C)(C)C)c2c(Cl)c(Cl)c(Cl)c(Cl)c2Cl)cc1,Cc1ccc(B(CCP(c2ccccc2)C(C)(C)C)c2c(Cl)c(Cl)c(Cl)c(Cl)c2Cl)cc1,[],True,1,0.4883720930232558,True,True,False,False,True,False,True,[],0,32,True,True,True,True,"['LA_B_aryl', 'LA_B_diaryl', 'LA_B_polyhalogenated_aryl', 'LA_B_tricoordinate']",['LB_phosphine'],[],[],LA_LB_no_negative_flags,3,True,True,False,False,True,303,1
P,phenyl,cyclohexyl,C5,mesityl,pentachlorophenyl,<LB_P><LB1_phenyl><LB2_cyclohexyl><LINKER_C5><LA1_mesityl><LA2_pentachlorophenyl>,Cc1cc(C)c(B(CCCCCP(c2ccccc2)C2CCCCC2)c2c(Cl)c(Cl)c(Cl)c(Cl)c2Cl)c(C)c1,True,Cc1cc(C)c(B(CCCCCP(c2ccccc2)C2CCCCC2)c2c(Cl)c(Cl)c(Cl)c(Cl)c2Cl)c(C)c1,Cc1cc(C)c(B(CCCCCP(c2ccccc2)C2CCCCC2)c2c(Cl)c(Cl)c(Cl)c(Cl)c2Cl)c(C)c1,[],True,1,0.42592592592592593,True,True,False,False,True,False,True,[],0,39,True,True,True,True,"['LA_B_aryl', 'LA_B_diaryl', 'LA_B_polyhalogenated_aryl', 'LA_B_tricoordinate']",['LB_phosphine'],[],[],LA_LB_no_negative_flags,6,True,True,False,False,True,303,1
P,tert_butyl,tert_butyl,C4,pentafluorophenyl,pentafluorophenyl,<LB_P><LB1_tert_butyl><LB2_tert_butyl><LINKER_C4><LA1_pentafluorophenyl><LA2_pentafluorophenyl>,CC(C)(C)P(CCCCB(c1c(F)c(F)c(F)c(F)c1F)c1c(F)c(F)c(F)c(F)c1F)C(C)(C)C,True,CC(C)(C)P(CCCCB(c1c(F)c(F)c(F)c(F)c1F)c1c(F)c(F)c(F)c(F)c1F)C(C)(C)C,CC(C)(C)P(CCCCB(c1c(F)c(F)c(F)c(F)c1F)c1c(F)c(F)c(F)c(F)c1F)C(C)(C)C,[],True,1,0.5806451612903226,True,True,False,False,True,False,True,[],0,36,True,True,True,True,"['LA_B_aryl', 'LA_B_diaryl', 'LA_B_polyhalogenated_aryl', 'LA_B_tricoordinate']",['LB_phosphine'],[],[],LA_LB_no_negative_flags,5,True,True,False,False,True,303,1
P,phenyl,tert_butyl,C6,pentafluorophenyl,pentachlorophenyl,<LB_P><LB1_phenyl><LB2_tert_butyl><LINKER_C6><LA1_pentafluorophenyl><LA2_pentachlorophenyl>,CC(C)(C)P(CCCCCCB(c1c(F)c(F)c(F)c(F)c1F)c1c(Cl)c(Cl)c(Cl)c(Cl)c1Cl)c1ccccc1,True,CC(C)(C)P(CCCCCCB(c1c(F)c(F)c(F)c(F)c1F)c1c(Cl)c(Cl)c(Cl)c(Cl)c1Cl)c1ccccc1,CC(C)(C)P(CCCCCCB(c1c(F)c(F)c(F)c(F)c1F)c1c(Cl)c(Cl)c(Cl)c(Cl)c1Cl)c1ccccc1,[],True,1,0.5777777777777777,True,True,False,False,True,False,True,[],0,40,True,True,True,True,"['LA_B_aryl', 'LA_B_diaryl', 'LA_B_polyhalogenated_aryl', 'LA_B_tricoordinate']",['LB_phosphine'],[],[],LA_LB_no_negative_flags,7,True,True,False,False,True,303,1
P,cyclohexyl,isopropyl,C6,mesityl,pentafluorophenyl,<LB_P><LB1_cyclohexyl><LB2_isopropyl><LINKER_C6><LA1_mesityl><LA2_pentafluorophenyl>,Cc1cc(C)c(B(CCCCCCP(C(C)C)C2CCCCC2)c2c(F)c(F)c(F)c(F)c2F)c(C)c1,True,Cc1cc(C)c(B(CCCCCCP(C(C)C)C2CCCCC2)c2c(F)c(F)c(F)c(F)c2F)c(C)c1,Cc1cc(C)c(B(CCCCCCP(C(C)C)C2CCCCC2)c2c(F)c(F)c(F)c(F)c2F)c(C)c1,[],True,1,0.5192307692307693,True,True,False,False,True,False,True,[],0,37,True,True,True,True,"['LA_B_aryl', 'LA_B_diaryl', 'LA_B_polyhalogenated_aryl', 'LA_B_tricoordinate']",['LB_phosphine'],[],[],LA_LB_no_negative_flags,7,True,True,False,False,True,303,1
P,tert_butyl,tert_butyl,C1,p_tolyl,pentachlorophenyl,<LB_P><LB1_tert_butyl><LB2_tert_butyl><LINKER_C1><LA1_p_tolyl><LA2_pentachlorophenyl>,Cc1ccc(B(CP(C(C)(C)C)C(C)(C)C)c2c(Cl)c(Cl)c(Cl)c(Cl)c2Cl)cc1,True,Cc1ccc(B(CP(C(C)(C)C)C(C)(C)C)c2c(Cl)c(Cl)c(Cl)c(Cl)c2Cl)cc1,Cc1ccc(B(CP(C(C)(C)C)C(C)(C)C)c2c(Cl)c(Cl)c(Cl)c(Cl)c2Cl)cc1,[],True,1,0.65625,True,True,False,False,True,False,True,[],0,29,True,True,True,True,"['LA_B_aryl', 'LA_B_diaryl', 'LA_B_polyhalogenated_aryl', 'LA_B_tricoordinate']",['LB_phosphine'],[],[],LA_LB_no_negative_flags,2,True,True,False,False,True,303,1
N,methyl,ethyl,C1,pentafluorophenyl,pentafluorophenyl,<LB_N><LB1_methyl><LB2_ethyl><LINKER_C1><LA1_pentafluorophenyl><LA2_pentafluorophenyl>,CCN(C)CB(c1c(F)c(F)c(F)c(F)c1F)c1c(F)c(F)c(F)c(F)c1F,True,CCN(C)CB(c1c(F)c(F)c(F)c(F)c1F)c1c(F)c(F)c(F)c(F)c1F,CCN(C)CB(c1c(F)c(F)c(F)c(F)c1F)c1c(F)c(F)c(F)c(F)c1F,[],True,1,0.4,True,True,False,False,True,False,True,[],0,28,True,True,True,True,"['LA_B_aryl', 'LA_B_diaryl', 'LA_B_polyhalogenated_aryl', 'LA_B_tricoordinate']",['LB_amine'],[],[],LA_LB_no_negative_flags,2,True,True,False,False,True,303,1
P,mesityl,mesityl,C2,pentafluorophenyl,pentachlorophenyl,<LB_P><LB1_mesityl><LB2_mesityl><LINKER_C2><LA1_pentafluorophenyl><LA2_pentachlorophenyl>,Cc1cc(C)c(P(CCB(c2c(F)c(F)c(F)c(F)c2F)c2c(Cl)c(Cl)c(Cl)c(Cl)c2Cl)c2c(C)cc(C)cc2C)c(C)c1,True,Cc1cc(C)c(P(CCB(c2c(F)c(F)c(F)c(F)c2F)c2c(Cl)c(Cl)c(Cl)c(Cl)c2Cl)c2c(C)cc(C)cc2C)c(C)c1,Cc1cc(C)c(P(CCB(c2c(F)c(F)c(F)c(F)c2F)c2c(Cl)c(Cl)c(Cl)c(Cl)c2Cl)c2c(C)cc(C)cc2C)c(C)c1,[],True,1,0.6829268292682927,True,True,False,False,True,False,True,[],0,44,True,True,True,True,"['LA_B_aryl', 'LA_B_diaryl', 'LA_B_polyhalogenated_aryl', 'LA_B_tricoordinate']",['LB_phosphine'],[],[],LA_LB_no_negative_flags,3,True,True,False,False,True,303,1
P,tert_butyl,tert_butyl,C6,mesityl,pentachlorophenyl,<LB_P><LB1_tert_butyl><LB2_tert_butyl><LINKER_C6><LA1_mesityl><LA2_pentachlorophenyl>,Cc1cc(C)c(B(CCCCCCP(C(C)(C)C)C(C)(C)C)c2c(Cl)c(Cl)c(Cl)c(Cl)c2Cl)c(C)c1,True,Cc1cc(C)c(B(CCCCCCP(C(C)(C)C)C(C)(C)C)c2c(Cl)c(Cl)c(Cl)c(Cl)c2Cl)c(C)c1,Cc1cc(C)c(B(CCCCCCP(C(C)(C)C)C(C)(C)C)c2c(Cl)c(Cl)c(Cl)c(Cl)c2Cl)c(C)c1,[],True,1,0.5227272727272727,True,True,False,False,True,False,True,[],0,36,True,True,True,True,"['LA_B_aryl', 'LA_B_diaryl', 'LA_B_polyhalogenated_aryl', 'LA_B_tricoordinate']",['LB_phosphine'],[],[],LA_LB_no_negative_flags,7,True,True,False,False,True,303,1
P,phenyl,mesityl,C3,p_tolyl,mesityl,<LB_P><LB1_phenyl><LB2_mesityl><LINKER_C3><LA1_p_tolyl><LA2_mesityl>,Cc1ccc(B(CCCP(c2ccccc2)c2c(C)cc(C)cc2C)c2c(C)cc(C)cc2C)cc1,True,Cc1ccc(B(CCCP(c2ccccc2)c2c(C)cc(C)cc2C)c2c(C)cc(C)cc2C)cc1,Cc1ccc(B(CCCP(c2ccccc2)c2c(C)cc(C)cc2C)c2c(C)cc(C)cc2C)cc1,[],True,1,0.46938775510204084,True,True,False,False,True,False,True,[],0,36,True,True,True,True,"['LA_B_aryl', 'LA_B_diaryl', 'LA_B_tricoordinate']",['LB_phosphine'],[],[],LA_LB_no_negative_flags,4,True,True,False,False,True,303,1
P,mesityl,tert_butyl,C3,pentafluorophenyl,pentachlorophenyl,<LB_P><LB1_mesityl><LB2_tert_butyl><LINKER_C3><LA1_pentafluorophenyl><LA2_pentachlorophenyl>,Cc1cc(C)c(P(CCCB(c2c(F)c(F)c(F)c(F)c2F)c2c(Cl)c(Cl)c(Cl)c(Cl)c2Cl)C(C)(C)C)c(C)c1,True,Cc1cc(C)c(P(CCCB(c2c(F)c(F)c(F)c(F)c2F)c2c(Cl)c(Cl)c(Cl)c(Cl)c2Cl)C(C)(C)C)c(C)c1,Cc1cc(C)c(P(CCCB(c2c(F)c(F)c(F)c(F)c2F)c2c(Cl)c(Cl)c(Cl)c(Cl)c2Cl)C(C)(C)C)c(C)c1,[],True,1,0.5625,True,True,False,False,True,False,True,[],0,40,True,True,True,True,"['LA_B_aryl', 'LA_B_diaryl', 'LA_B_polyhalogenated_aryl', 'LA_B_tricoordinate']",['LB_phosphine'],[],[],LA_LB_no_negative_flags,4,True,True,False,False,True,303,1
P,phenyl,phenyl,C5,phenyl,bis_cf3_phenyl,<LB_P><LB1_phenyl><LB2_phenyl><LINKER_C5><LA1_phenyl><LA2_bis_cf3_phenyl>,FC(F)(F)c1cc(B(CCCCCP(c2ccccc2)c2ccccc2)c2ccccc2)cc(C(F)(F)F)c1,True,FC(F)(F)c1cc(B(CCCCCP(c2ccccc2)c2ccccc2)c2ccccc2)cc(C(F)(F)F)c1,FC(F)(F)c1cc(B(CCCCCP(c2ccccc2)c2ccccc2)c2ccccc2)cc(C(F)(F)F)c1,[],True,1,0.5111111111111111,True,True,False,False,True,False,True,[],0,39,True,True,True,True,"['LA_B_aryl', 'LA_B_diaryl', 'LA_B_tricoordinate']",['LB_phosphine'],[],[],LA_LB_no_negative_flags,6,True,True,False,False,True,303,1
N,cyclohexyl,phenyl,C6,pentafluorophenyl,pentafluorophenyl,<LB_N><LB1_cyclohexyl><LB2_phenyl><LINKER_C6><LA1_pentafluorophenyl><LA2_pentafluorophenyl>,Fc1c(F)c(F)c(B(CCCCCCN(c2ccccc2)C2CCCCC2)c2c(F)c(F)c(F)c(F)c2F)c(F)c1F,True,Fc1c(F)c(F)c(B(CCCCCCN(c2ccccc2)C2CCCCC2)c2c(F)c(F)c(F)c(F)c2F)c(F)c1F,Fc1c(F)c(F)c(B(CCCCCCN(c2ccccc2)C2CCCCC2)c2c(F)c(F)c(F)c(F)c2F)c(F)c1F,[],True,1,0.4583333333333333,True,True,False,False,True,False,True,[],0,42,True,True,True,True,"['LA_B_aryl', 'LA_B_diaryl', 'LA_B_polyhalogenated_aryl', 'LA_B_tricoordinate']",['LB_amine'],[],[],LA_LB_no_negative_flags,7,True,True,False,False,True,303,1
P,isopropyl,isopropyl,C1,mesityl,pentachlorophenyl,<LB_P><LB1_isopropyl><LB2_isopropyl><LINKER_C1><LA1_mesityl><LA2_pentachlorophenyl>,Cc1cc(C)c(B(CP(C(C)C)C(C)C)c2c(Cl)c(Cl)c(Cl)c(Cl)c2Cl)c(C)c1,True,Cc1cc(C)c(B(CP(C(C)C)C(C)C)c2c(Cl)c(Cl)c(Cl)c(Cl)c2Cl)c(C)c1,Cc1cc(C)c(B(CP(C(C)C)C(C)C)c2c(Cl)c(Cl)c(Cl)c(Cl)c2Cl)c(C)c1,[],True,1,0.5116279069767442,True,True,False,False,True,False,True,[],0,29,True,True,True,True,"['LA_B_aryl', 'LA_B_diaryl', 'LA_B_polyhalogenated_aryl', 'LA_B_tricoordinate']",['LB_phosphine'],[],[],LA_LB_no_negative_flags,2,True,True,False,False,True,303,1
P,phenyl,phenyl,C2,pentafluorophenyl,bis_cf3_phenyl,<LB_P><LB1_phenyl><LB2_phenyl><LINKER_C2><LA1_pentafluorophenyl><LA2_bis_cf3_phenyl>,Fc1c(F)c(F)c(B(CCP(c2ccccc2)c2ccccc2)c2cc(C(F)(F)F)cc(C(F)(F)F)c2)c(F)c1F,True,Fc1c(F)c(F)c(B(CCP(c2ccccc2)c2ccccc2)c2cc(C(F)(F)F)cc(C(F)(F)F)c2)c(F)c1F,Fc1c(F)c(F)c(B(CCP(c2ccccc2)c2ccccc2)c2cc(C(F)(F)F)cc(C(F)(F)F)c2)c(F)c1F,[],True,1,0.5454545454545454,True,True,False,False,True,False,True,[],0,41,True,True,True,True,"['LA_B_aryl', 'LA_B_diaryl', 'LA_B_polyhalogenated_aryl', 'LA_B_tricoordinate']",['LB_phosphine'],[],[],LA_LB_no_negative_flags,3,True,True,False,False,True,303,1
P,phenyl,phenyl,C1,mesityl,bis_cf3_phenyl,<LB_P><LB1_phenyl><LB2_phenyl><LINKER_C1><LA1_mesityl><LA2_bis_cf3_phenyl>,Cc1cc(C)c(B(CP(c2ccccc2)c2ccccc2)c2cc(C(F)(F)F)cc(C(F)(F)F)c2)c(C)c1,True,Cc1cc(C)c(B(CP(c2ccccc2)c2ccccc2)c2cc(C(F)(F)F)cc(C(F)(F)F)c2)c(C)c1,Cc1cc(C)c(B(CP(c2ccccc2)c2ccccc2)c2cc(C(F)(F)F)cc(C(F)(F)F)c2)c(C)c1,[],True,1,0.43478260869565216,True,True,False,False,True,False,True,[],0,38,True,True,True,True,"['LA_B_aryl', 'LA_B_diaryl', 'LA_B_tricoordinate']",['LB_phosphine'],[],[],LA_LB_no_negative_flags,2,True,True,False,False,True,303,1
P,phenyl,phenyl,C3,pentachlorophenyl,bis_cf3_phenyl,<LB_P><LB1_phenyl><LB2_phenyl><LINKER_C3><LA1_pentachlorophenyl><LA2_bis_cf3_phenyl>,FC(F)(F)c1cc(B(CCCP(c2ccccc2)c2ccccc2)c2c(Cl)c(Cl)c(Cl)c(Cl)c2Cl)cc(C(F)(F)F)c1,True,FC(F)(F)c1cc(B(CCCP(c2ccccc2)c2ccccc2)c2c(Cl)c(Cl)c(Cl)c(Cl)c2Cl)cc(C(F)(F)F)c1,FC(F)(F)c1cc(B(CCCP(c2ccccc2)c2ccccc2)c2c(Cl)c(Cl)c(Cl)c(Cl)c2Cl)cc(C(F)(F)F)c1,[],True,1,0.4583333333333333,True,True,False,False,True,False,True,[],0,42,True,True,True,True,"['LA_B_aryl', 'LA_B_diaryl', 'LA_B_polyhalogenated_aryl', 'LA_B_tricoordinate']",['LB_phosphine'],[],[],LA_LB_no_negative_flags,4,True,True,False,False,True,303,1
P,phenyl,mesityl,C4,mesityl,mesityl,<LB_P><LB1_phenyl><LB2_mesityl><LINKER_C4><LA1_mesityl><LA2_mesityl>,Cc1cc(C)c(B(CCCCP(c2ccccc2)c2c(C)cc(C)cc2C)c2c(C)cc(C)cc2C)c(C)c1,True,Cc1cc(C)c(B(CCCCP(c2ccccc2)c2c(C)cc(C)cc2C)c2c(C)cc(C)cc2C)c(C)c1,Cc1cc(C)c(B(CCCCP(c2ccccc2)c2c(C)cc(C)cc2C)c2c(C)cc(C)cc2C)c(C)c1,[],True,1,0.6046511627906976,True,True,False,False,True,False,True,[],0,39,True,True,True,True,"['LA_B_aryl', 'LA_B_diaryl', 'LA_B_tricoordinate']",['LB_phosphine'],[],[],LA_LB_no_negative_flags,5,True,True,False,False,True,303,1
N,ethyl,ethyl,C1,mesityl,pentafluorophenyl,<LB_N><LB1_ethyl><LB2_ethyl><LINKER_C1><LA1_mesityl><LA2_pentafluorophenyl>,CCN(CC)CB(c1c(C)cc(C)cc1C)c1c(F)c(F)c(F)c(F)c1F,True,CCN(CC)CB(c1c(C)cc(C)cc1C)c1c(F)c(F)c(F)c(F)c1F,CCN(CC)CB(c1c(C)cc(C)cc1C)c1c(F)c(F)c(F)c(F)c1F,[],True,1,0.5238095238095238,True,True,False,False,True,False,True,[],0,27,True,True,True,True,"['LA_B_aryl', 'LA_B_diaryl', 'LA_B_polyhalogenated_aryl', 'LA_B_tricoordinate']",['LB_amine'],[],[],LA_LB_no_negative_flags,2,True,True,False,False,True,303,1
P,cyclohexyl,cyclohexyl,C3,p_tolyl,pentafluorophenyl,<LB_P><LB1_cyclohexyl><LB2_cyclohexyl><LINKER_C3><LA1_p_tolyl><LA2_pentafluorophenyl>,Cc1ccc(B(CCCP(C2CCCCC2)C2CCCCC2)c2c(F)c(F)c(F)c(F)c2F)cc1,True,Cc1ccc(B(CCCP(C2CCCCC2)C2CCCCC2)c2c(F)c(F)c(F)c(F)c2F)cc1,Cc1ccc(B(CCCP(C2CCCCC2)C2CCCCC2)c2c(F)c(F)c(F)c(F)c2F)cc1,[],True,1,0.40384615384615385,True,True,False,False,True,False,True,[],0,35,True,True,True,True,"['LA_B_aryl', 'LA_B_diaryl', 'LA_B_polyhalogenated_aryl', 'LA_B_tricoordinate']",['LB_phosphine'],[],[],LA_LB_no_negative_flags,4,True,True,False,False,True,303,1
N,ethyl,isopropyl,C1,pentachlorophenyl,bis_cf3_phenyl,<LB_N><LB1_ethyl><LB2_isopropyl><LINKER_C1><LA1_pentachlorophenyl><LA2_bis_cf3_phenyl>,CCN(CB(c1cc(C(F)(F)F)cc(C(F)(F)F)c1)c1c(Cl)c(Cl)c(Cl)c(Cl)c1Cl)C(C)C,True,CCN(CB(c1cc(C(F)(F)F)cc(C(F)(F)F)c1)c1c(Cl)c(Cl)c(Cl)c(Cl)c1Cl)C(C)C,CCN(CB(c1cc(C(F)(F)F)cc(C(F)(F)F)c1)c1c(Cl)c(Cl)c(Cl)c(Cl)c1Cl)C(C)C,[],True,1,0.41304347826086957,True,True,False,False,True,False,True,[],0,33,True,True,True,True,"['LA_B_aryl', 'LA_B_diaryl', 'LA_B_polyhalogenated_aryl', 'LA_B_tricoordinate']",['LB_amine'],[],[],LA_LB_no_negative_flags,2,True,True,False,False,True,303,1
P,mesityl,isopropyl,C6,p_tolyl,mesityl,<LB_P><LB1_mesityl><LB2_isopropyl><LINKER_C6><LA1_p_tolyl><LA2_mesityl>,Cc1ccc(B(CCCCCCP(c2c(C)cc(C)cc2C)C(C)C)c2c(C)cc(C)cc2C)cc1,True,Cc1ccc(B(CCCCCCP(c2c(C)cc(C)cc2C)C(C)C)c2c(C)cc(C)cc2C)cc1,Cc1ccc(B(CCCCCCP(c2c(C)cc(C)cc2C)C(C)C)c2c(C)cc(C)cc2C)cc1,[],True,1,0.44,True,True,False,False,True,False,True,[],0,36,True,True,True,True,"['LA_B_aryl', 'LA_B_diaryl', 'LA_B_tricoordinate']",['LB_phosphine'],[],[],LA_LB_no_negative_flags,7,True,True,False,False,True,303,1
N,ethyl,phenyl,C1,phenyl,bis_cf3_phenyl,<LB_N><LB1_ethyl><LB2_phenyl><LINKER_C1><LA1_phenyl><LA2_bis_cf3_phenyl>,CCN(CB(c1ccccc1)c1cc(C(F)(F)F)cc(C(F)(F)F)c1)c1ccccc1,True,CCN(CB(c1ccccc1)c1cc(C(F)(F)F)cc(C(F)(F)F)c1)c1ccccc1,CCN(CB(c1ccccc1)c1cc(C(F)(F)F)cc(C(F)(F)F)c1)c1ccccc1,[],True,1,0.4,True,True,False,False,True,False,True,[],0,31,True,True,True,True,"['LA_B_aryl', 'LA_B_diaryl', 'LA_B_tricoordinate']",['LB_amine'],[],[],LA_LB_no_negative_flags,2,True,True,False,False,True,303,1
P,phenyl,cyclohexyl,C5,mesityl,mesityl,<LB_P><LB1_phenyl><LB2_cyclohexyl><LINKER_C5><LA1_mesityl><LA2_mesityl>,Cc1cc(C)c(B(CCCCCP(c2ccccc2)C2CCCCC2)c2c(C)cc(C)cc2C)c(C)c1,True,Cc1cc(C)c(B(CCCCCP(c2ccccc2)C2CCCCC2)c2c(C)cc(C)cc2C)c(C)c1,Cc1cc(C)c(B(CCCCCP(c2ccccc2)C2CCCCC2)c2c(C)cc(C)cc2C)c(C)c1,[],True,1,0.4444444444444444,True,True,False,False,True,False,True,[],0,37,True,True,True,True,"['LA_B_aryl', 'LA_B_diaryl', 'LA_B_tricoordinate']",['LB_phosphine'],[],[],LA_LB_no_negative_flags,6,True,True,False,False,True,303,1
N,ethyl,ethyl,C1,phenyl,pentachlorophenyl,<LB_N><LB1_ethyl><LB2_ethyl><LINKER_C1><LA1_phenyl><LA2_pentachlorophenyl>,CCN(CC)CB(c1ccccc1)c1c(Cl)c(Cl)c(Cl)c(Cl)c1Cl,True,CCN(CC)CB(c1ccccc1)c1c(Cl)c(Cl)c(Cl)c(Cl)c1Cl,CCN(CC)CB(c1ccccc1)c1c(Cl)c(Cl)c(Cl)c(Cl)c1Cl,[],True,1,0.45,True,True,False,False,True,False,True,[],0,24,True,True,True,True,"['LA_B_aryl', 'LA_B_diaryl', 'LA_B_polyhalogenated_aryl', 'LA_B_tricoordinate']",['LB_amine'],[],[],LA_LB_no_negative_flags,2,True,True,False,False,True,303,1
P,phenyl,tert_butyl,C6,p_tolyl,pentachlorophenyl,<LB_P><LB1_phenyl><LB2_tert_butyl><LINKER_C6><LA1_p_tolyl><LA2_pentachlorophenyl>,Cc1ccc(B(CCCCCCP(c2ccccc2)C(C)(C)C)c2c(Cl)c(Cl)c(Cl)c(Cl)c2Cl)cc1,True,Cc1ccc(B(CCCCCCP(c2ccccc2)C(C)(C)C)c2c(Cl)c(Cl)c(Cl)c(Cl)c2Cl)cc1,Cc1ccc(B(CCCCCCP(c2ccccc2)C(C)(C)C)c2c(Cl)c(Cl)c(Cl)c(Cl)c2Cl)cc1,[],True,1,0.4166666666666667,True,True,False,False,True,False,True,[],0,36,True,True,True,True,"['LA_B_aryl', 'LA_B_diaryl', 'LA_B_polyhalogenated_aryl', 'LA_B_tricoordinate']",['LB_phosphine'],[],[],LA_LB_no_negative_flags,7,True,True,False,False,True,303,1
P,tert_butyl,tert_butyl,C6,pentafluorophenyl,pentafluorophenyl,<LB_P><LB1_tert_butyl><LB2_tert_butyl><LINKER_C6><LA1_pentafluorophenyl><LA2_pentafluorophenyl>,CC(C)(C)P(CCCCCCB(c1c(F)c(F)c(F)c(F)c1F)c1c(F)c(F)c(F)c(F)c1F)C(C)(C)C,True,CC(C)(C)P(CCCCCCB(c1c(F)c(F)c(F)c(F)c1F)c1c(F)c(F)c(F)c(F)c1F)C(C)(C)C,CC(C)(C)P(CCCCCCB(c1c(F)c(F)c(F)c(F)c1F)c1c(F)c(F)c(F)c(F)c1F)C(C)(C)C,[],True,1,0.5625,True,True,False,False,True,False,True,[],0,38,True,True,True,True,"['LA_B_aryl', 'LA_B_diaryl', 'LA_B_polyhalogenated_aryl', 'LA_B_tricoordinate']",['LB_phosphine'],[],[],LA_LB_no_negative_flags,7,True,True,False,False,True,303,1
N,methyl,methyl,C3,phenyl,pentafluorophenyl,<LB_N><LB1_methyl><LB2_methyl><LINKER_C3><LA1_phenyl><LA2_pentafluorophenyl>,CN(C)CCCB(c1ccccc1)c1c(F)c(F)c(F)c(F)c1F,True,CN(C)CCCB(c1ccccc1)c1c(F)c(F)c(F)c(F)c1F,CN(C)CCCB(c1ccccc1)c1c(F)c(F)c(F)c(F)c1F,[],True,1,0.4523809523809524,True,True,False,False,True,False,True,[],0,24,True,True,True,True,"['LA_B_aryl', 'LA_B_diaryl', 'LA_B_polyhalogenated_aryl', 'LA_B_tricoordinate']",['LB_amine'],[],[],LA_LB_no_negative_flags,4,True,True,False,False,True,303,1
N,methyl,isopropyl,C6,bis_cf3_phenyl,bis_cf3_phenyl,<LB_N><LB1_methyl><LB2_isopropyl><LINKER_C6><LA1_bis_cf3_phenyl><LA2_bis_cf3_phenyl>,CC(C)N(C)CCCCCCB(c1cc(C(F)(F)F)cc(C(F)(F)F)c1)c1cc(C(F)(F)F)cc(C(F)(F)F)c1,True,CC(C)N(C)CCCCCCB(c1cc(C(F)(F)F)cc(C(F)(F)F)c1)c1cc(C(F)(F)F)cc(C(F)(F)F)c1,CC(C)N(C)CCCCCCB(c1cc(C(F)(F)F)cc(C(F)(F)F)c1)c1cc(C(F)(F)F)cc(C(F)(F)F)c1,[],True,1,0.4418604651162791,True,True,False,False,True,False,True,[],0,40,True,True,True,True,"['LA_B_aryl', 'LA_B_diaryl', 'LA_B_tricoordinate']",['LB_amine'],[],[],LA_LB_no_negative_flags,7,True,True,False,False,True,303,1
P,phenyl,isopropyl,C3,mesityl,pentachlorophenyl,<LB_P><LB1_phenyl><LB2_isopropyl><LINKER_C3><LA1_mesityl><LA2_pentachlorophenyl>,Cc1cc(C)c(B(CCCP(c2ccccc2)C(C)C)c2c(Cl)c(Cl)c(Cl)c(Cl)c2Cl)c(C)c1,True,Cc1cc(C)c(B(CCCP(c2ccccc2)C(C)C)c2c(Cl)c(Cl)c(Cl)c(Cl)c2Cl)c(C)c1,Cc1cc(C)c(B(CCCP(c2ccccc2)C(C)C)c2c(Cl)c(Cl)c(Cl)c(Cl)c2Cl)c(C)c1,[],True,1,0.4791666666666667,True,True,False,False,True,False,True,[],0,34,True,True,True,True,"['LA_B_aryl', 'LA_B_diaryl', 'LA_B_polyhalogenated_aryl', 'LA_B_tricoordinate']",['LB_phosphine'],[],[],LA_LB_no_negative_flags,4,True,True,False,False,True,303,1
P,phenyl,tert_butyl,C5,phenyl,pentachlorophenyl,<LB_P><LB1_phenyl><LB2_tert_butyl><LINKER_C5><LA1_phenyl><LA2_pentachlorophenyl>,CC(C)(C)P(CCCCCB(c1ccccc1)c1c(Cl)c(Cl)c(Cl)c(Cl)c1Cl)c1ccccc1,True,CC(C)(C)P(CCCCCB(c1ccccc1)c1c(Cl)c(Cl)c(Cl)c(Cl)c1Cl)c1ccccc1,CC(C)(C)P(CCCCCB(c1ccccc1)c1c(Cl)c(Cl)c(Cl)c(Cl)c1Cl)c1ccccc1,[],True,1,0.45454545454545453,True,True,False,False,True,False,True,[],0,34,True,True,True,True,"['LA_B_aryl', 'LA_B_diaryl', 'LA_B_polyhalogenated_aryl', 'LA_B_tricoordinate']",['LB_phosphine'],[],[],LA_LB_no_negative_flags,6,True,True,False,False,True,303,1
P,mesityl,tert_butyl,C6,mesityl,pentachlorophenyl,<LB_P><LB1_mesityl><LB2_tert_butyl><LINKER_C6><LA1_mesityl><LA2_pentachlorophenyl>,Cc1cc(C)c(B(CCCCCCP(c2c(C)cc(C)cc2C)C(C)(C)C)c2c(Cl)c(Cl)c(Cl)c(Cl)c2Cl)c(C)c1,True,Cc1cc(C)c(B(CCCCCCP(c2c(C)cc(C)cc2C)C(C)(C)C)c2c(Cl)c(Cl)c(Cl)c(Cl)c2Cl)c(C)c1,Cc1cc(C)c(B(CCCCCCP(c2c(C)cc(C)cc2C)C(C)(C)C)c2c(Cl)c(Cl)c(Cl)c(Cl)c2Cl)c(C)c1,[],True,1,0.5555555555555556,True,True,False,False,True,False,True,[],0,41,True,True,True,True,"['LA_B_aryl', 'LA_B_diaryl', 'LA_B_polyhalogenated_aryl', 'LA_B_tricoordinate']",['LB_phosphine'],[],[],LA_LB_no_negative_flags,7,True,True,False,False,True,303,1
P,tert_butyl,cyclohexyl,C2,mesityl,mesityl,<LB_P><LB1_tert_butyl><LB2_cyclohexyl><LINKER_C2><LA1_mesityl><LA2_mesityl>,Cc1cc(C)c(B(CCP(C2CCCCC2)C(C)(C)C)c2c(C)cc(C)cc2C)c(C)c1,True,Cc1cc(C)c(B(CCP(C2CCCCC2)C(C)(C)C)c2c(C)cc(C)cc2C)c(C)c1,Cc1cc(C)c(B(CCP(C2CCCCC2)C(C)(C)C)c2c(C)cc(C)cc2C)c(C)c1,[],True,1,0.4117647058823529,True,True,False,False,True,False,True,[],0,32,True,True,True,True,"['LA_B_aryl', 'LA_B_diaryl', 'LA_B_tricoordinate']",['LB_phosphine'],[],[],LA_LB_no_negative_flags,3,True,True,False,False,True,303,1
P,mesityl,mesityl,C3,phenyl,pentachlorophenyl,<LB_P><LB1_mesityl><LB2_mesityl><LINKER_C3><LA1_phenyl><LA2_pentachlorophenyl>,Cc1cc(C)c(P(CCCB(c2ccccc2)c2c(Cl)c(Cl)c(Cl)c(Cl)c2Cl)c2c(C)cc(C)cc2C)c(C)c1,True,Cc1cc(C)c(P(CCCB(c2ccccc2)c2c(Cl)c(Cl)c(Cl)c(Cl)c2Cl)c2c(C)cc(C)cc2C)c(C)c1,Cc1cc(C)c(P(CCCB(c2ccccc2)c2c(Cl)c(Cl)c(Cl)c(Cl)c2Cl)c2c(C)cc(C)cc2C)c(C)c1,[],True,1,0.5581395348837209,True,True,False,False,True,False,True,[],0,40,True,True,True,True,"['LA_B_aryl', 'LA_B_diaryl', 'LA_B_polyhalogenated_aryl', 'LA_B_tricoordinate']",['LB_phosphine'],[],[],LA_LB_no_negative_flags,4,True,True,False,False,True,303,1
P,phenyl,tert_butyl,C2,mesityl,bis_cf3_phenyl,<LB_P><LB1_phenyl><LB2_tert_butyl><LINKER_C2><LA1_mesityl><LA2_bis_cf3_phenyl>,Cc1cc(C)c(B(CCP(c2ccccc2)C(C)(C)C)c2cc(C(F)(F)F)cc(C(F)(F)F)c2)c(C)c1,True,Cc1cc(C)c(B(CCP(c2ccccc2)C(C)(C)C)c2cc(C(F)(F)F)cc(C(F)(F)F)c2)c(C)c1,Cc1cc(C)c(B(CCP(c2ccccc2)C(C)(C)C)c2cc(C(F)(F)F)cc(C(F)(F)F)c2)c(C)c1,[],True,1,0.42,True,True,False,False,True,False,True,[],0,37,True,True,True,True,"['LA_B_aryl', 'LA_B_diaryl', 'LA_B_tricoordinate']",['LB_phosphine'],[],[],LA_LB_no_negative_flags,3,True,True,False,False,True,303,1
P,phenyl,phenyl,C5,p_tolyl,p_tolyl,<LB_P><LB1_phenyl><LB2_phenyl><LINKER_C5><LA1_p_tolyl><LA2_p_tolyl>,Cc1ccc(B(CCCCCP(c2ccccc2)c2ccccc2)c2ccc(C)cc2)cc1,True,Cc1ccc(B(CCCCCP(c2ccccc2)c2ccccc2)c2ccc(C)cc2)cc1,Cc1ccc(B(CCCCCP(c2ccccc2)c2ccccc2)c2ccc(C)cc2)cc1,[],True,1,0.55,True,True,False,False,True,False,True,[],0,33,True,True,True,True,"['LA_B_aryl', 'LA_B_diaryl', 'LA_B_tricoordinate']",['LB_phosphine'],[],[],LA_LB_no_negative_flags,6,True,True,False,False,True,303,1
P,phenyl,mesityl,C5,pentachlorophenyl,pentachlorophenyl,<LB_P><LB1_phenyl><LB2_mesityl><LINKER_C5><LA1_pentachlorophenyl><LA2_pentachlorophenyl>,Cc1cc(C)c(P(CCCCCB(c2c(Cl)c(Cl)c(Cl)c(Cl)c2Cl)c2c(Cl)c(Cl)c(Cl)c(Cl)c2Cl)c2ccccc2)c(C)c1,True,Cc1cc(C)c(P(CCCCCB(c2c(Cl)c(Cl)c(Cl)c(Cl)c2Cl)c2c(Cl)c(Cl)c(Cl)c(Cl)c2Cl)c2ccccc2)c(C)c1,Cc1cc(C)c(P(CCCCCB(c2c(Cl)c(Cl)c(Cl)c(Cl)c2Cl)c2c(Cl)c(Cl)c(Cl)c(Cl)c2Cl)c2ccccc2)c(C)c1,[],True,1,0.5555555555555556,True,True,False,False,True,False,True,[],0,44,True,True,True,True,"['LA_B_aryl', 'LA_B_diaryl', 'LA_B_polyhalogenated_aryl', 'LA_B_tricoordinate']",['LB_phosphine'],[],[],LA_LB_no_negative_flags,6,True,True,False,False,True,303,1
P,phenyl,tert_butyl,C5,p_tolyl,pentachlorophenyl,<LB_P><LB1_phenyl><LB2_tert_butyl><LINKER_C5><LA1_p_tolyl><LA2_pentachlorophenyl>,Cc1ccc(B(CCCCCP(c2ccccc2)C(C)(C)C)c2c(Cl)c(Cl)c(Cl)c(Cl)c2Cl)cc1,True,Cc1ccc(B(CCCCCP(c2ccccc2)C(C)(C)C)c2c(Cl)c(Cl)c(Cl)c(Cl)c2Cl)cc1,Cc1ccc(B(CCCCCP(c2ccccc2)C(C)(C)C)c2c(Cl)c(Cl)c(Cl)c(Cl)c2Cl)cc1,[],True,1,0.4166666666666667,True,True,False,False,True,False,True,[],0,35,True,True,True,True,"['LA_B_aryl', 'LA_B_diaryl', 'LA_B_polyhalogenated_aryl', 'LA_B_tricoordinate']",['LB_phosphine'],[],[],LA_LB_no_negative_flags,6,True,True,False,False,True,303,1
P,mesityl,isopropyl,C1,mesityl,bis_cf3_phenyl,<LB_P><LB1_mesityl><LB2_isopropyl><LINKER_C1><LA1_mesityl><LA2_bis_cf3_phenyl>,Cc1cc(C)c(B(CP(c2c(C)cc(C)cc2C)C(C)C)c2cc(C(F)(F)F)cc(C(F)(F)F)c2)c(C)c1,True,Cc1cc(C)c(B(CP(c2c(C)cc(C)cc2C)C(C)C)c2cc(C(F)(F)F)cc(C(F)(F)F)c2)c(C)c1,Cc1cc(C)c(B(CP(c2c(C)cc(C)cc2C)C(C)C)c2cc(C(F)(F)F)cc(C(F)(F)F)c2)c(C)c1,[],True,1,0.4772727272727273,True,True,False,False,True,False,True,[],0,38,True,True,True,True,"['LA_B_aryl', 'LA_B_diaryl', 'LA_B_tricoordinate']",['LB_phosphine'],[],[],LA_LB_no_negative_flags,2,True,True,False,False,True,303,1
P,phenyl,phenyl,C2,phenyl,mesityl,<LB_P><LB1_phenyl><LB2_phenyl><LINKER_C2><LA1_phenyl><LA2_mesityl>,Cc1cc(C)c(B(CCP(c2ccccc2)c2ccccc2)c2ccccc2)c(C)c1,True,Cc1cc(C)c(B(CCP(c2ccccc2)c2ccccc2)c2ccccc2)c(C)c1,Cc1cc(C)c(B(CCP(c2ccccc2)c2ccccc2)c2ccccc2)c(C)c1,[],True,1,0.4318181818181818,True,True,False,False,True,False,True,[],0,31,True,True,True,True,"['LA_B_aryl', 'LA_B_diaryl', 'LA_B_tricoordinate']",['LB_phosphine'],[],[],LA_LB_no_negative_flags,3,True,True,False,False,True,303,1
P,phenyl,phenyl,C6,phenyl,pentafluorophenyl,<LB_P><LB1_phenyl><LB2_phenyl><LINKER_C6><LA1_phenyl><LA2_pentafluorophenyl>,Fc1c(F)c(F)c(B(CCCCCCP(c2ccccc2)c2ccccc2)c2ccccc2)c(F)c1F,True,Fc1c(F)c(F)c(B(CCCCCCP(c2ccccc2)c2ccccc2)c2ccccc2)c(F)c1F,Fc1c(F)c(F)c(B(CCCCCCP(c2ccccc2)c2ccccc2)c2ccccc2)c(F)c1F,[],True,1,0.8285714285714286,True,True,False,False,True,False,True,[],0,37,True,True,True,True,"['LA_B_aryl', 'LA_B_diaryl', 'LA_B_polyhalogenated_aryl', 'LA_B_tricoordinate']",['LB_phosphine'],[],[],LA_LB_no_negative_flags,7,True,True,False,False,True,303,1
P,phenyl,phenyl,C2,mesityl,mesityl,<LB_P><LB1_phenyl><LB2_phenyl><LINKER_C2><LA1_mesityl><LA2_mesityl>,Cc1cc(C)c(B(CCP(c2ccccc2)c2ccccc2)c2c(C)cc(C)cc2C)c(C)c1,True,Cc1cc(C)c(B(CCP(c2ccccc2)c2ccccc2)c2c(C)cc(C)cc2C)c(C)c1,Cc1cc(C)c(B(CCP(c2ccccc2)c2ccccc2)c2c(C)cc(C)cc2C)c(C)c1,[],True,1,0.4634146341463415,True,True,False,False,True,False,True,[],0,34,True,True,True,True,"['LA_B_aryl', 'LA_B_diaryl', 'LA_B_tricoordinate']",['LB_phosphine'],[],[],LA_LB_no_negative_flags,3,True,True,False,False,True,303,1
P,mesityl,cyclohexyl,C2,mesityl,pentafluorophenyl,<LB_P><LB1_mesityl><LB2_cyclohexyl><LINKER_C2><LA1_mesityl><LA2_pentafluorophenyl>,Cc1cc(C)c(B(CCP(c2c(C)cc(C)cc2C)C2CCCCC2)c2c(F)c(F)c(F)c(F)c2F)c(C)c1,True,Cc1cc(C)c(B(CCP(c2c(C)cc(C)cc2C)C2CCCCC2)c2c(F)c(F)c(F)c(F)c2F)c(C)c1,Cc1cc(C)c(B(CCP(c2c(C)cc(C)cc2C)C2CCCCC2)c2c(F)c(F)c(F)c(F)c2F)c(C)c1,[],True,1,0.5102040816326531,True,True,False,False,True,False,True,[],0,39,True,True,True,True,"['LA_B_aryl', 'LA_B_diaryl', 'LA_B_polyhalogenated_aryl', 'LA_B_tricoordinate']",['LB_phosphine'],[],[],LA_LB_no_negative_flags,3,True,True,False,False,True,303,1
N,methyl,methyl,C3,mesityl,mesityl,<LB_N><LB1_methyl><LB2_methyl><LINKER_C3><LA1_mesityl><LA2_mesityl>,Cc1cc(C)c(B(CCCN(C)C)c2c(C)cc(C)cc2C)c(C)c1,True,Cc1cc(C)c(B(CCCN(C)C)c2c(C)cc(C)cc2C)c(C)c1,Cc1cc(C)c(B(CCCN(C)C)c2c(C)cc(C)cc2C)c(C)c1,[],True,1,0.40476190476190477,True,True,False,False,True,False,True,[],0,25,True,True,True,True,"['LA_B_aryl', 'LA_B_diaryl', 'LA_B_tricoordinate']",['LB_amine'],[],[],LA_LB_no_negative_flags,4,True,True,False,False,True,303,1
P,mesityl,cyclohexyl,C1,mesityl,pentafluorophenyl,<LB_P><LB1_mesityl><LB2_cyclohexyl><LINKER_C1><LA1_mesityl><LA2_pentafluorophenyl>,Cc1cc(C)c(B(CP(c2c(C)cc(C)cc2C)C2CCCCC2)c2c(F)c(F)c(F)c(F)c2F)c(C)c1,True,Cc1cc(C)c(B(CP(c2c(C)cc(C)cc2C)C2CCCCC2)c2c(F)c(F)c(F)c(F)c2F)c(C)c1,Cc1cc(C)c(B(CP(c2c(C)cc(C)cc2C)C2CCCCC2)c2c(F)c(F)c(F)c(F)c2F)c(C)c1,[],True,1,0.47058823529411764,True,True,False,False,True,False,True,[],0,38,True,True,True,True,"['LA_B_aryl', 'LA_B_diaryl', 'LA_B_polyhalogenated_aryl', 'LA_B_tricoordinate']",['LB_phosphine'],[],[],LA_LB_no_negative_flags,2,True,True,False,False,True,303,1
P,phenyl,phenyl,C4,pentafluorophenyl,pentachlorophenyl,<LB_P><LB1_phenyl><LB2_phenyl><LINKER_C4><LA1_pentafluorophenyl><LA2_pentachlorophenyl>,Fc1c(F)c(F)c(B(CCCCP(c2ccccc2)c2ccccc2)c2c(Cl)c(Cl)c(Cl)c(Cl)c2Cl)c(F)c1F,True,Fc1c(F)c(F)c(B(CCCCP(c2ccccc2)c2ccccc2)c2c(Cl)c(Cl)c(Cl)c(Cl)c2Cl)c(F)c1F,Fc1c(F)c(F)c(B(CCCCP(c2ccccc2)c2ccccc2)c2c(Cl)c(Cl)c(Cl)c(Cl)c2Cl)c(F)c1F,[],True,1,0.8571428571428571,True,True,False,False,True,False,True,[],0,40,True,True,True,True,"['LA_B_aryl', 'LA_B_diaryl', 'LA_B_polyhalogenated_aryl', 'LA_B_tricoordinate']",['LB_phosphine'],[],[],LA_LB_no_negative_flags,5,True,True,False,False,True,303,1
P,phenyl,isopropyl,C6,mesityl,pentafluorophenyl,<LB_P><LB1_phenyl><LB2_isopropyl><LINKER_C6><LA1_mesityl><LA2_pentafluorophenyl>,Cc1cc(C)c(B(CCCCCCP(c2ccccc2)C(C)C)c2c(F)c(F)c(F)c(F)c2F)c(C)c1,True,Cc1cc(C)c(B(CCCCCCP(c2ccccc2)C(C)C)c2c(F)c(F)c(F)c(F)c2F)c(C)c1,Cc1cc(C)c(B(CCCCCCP(c2ccccc2)C(C)C)c2c(F)c(F)c(F)c(F)c2F)c(C)c1,[],True,1,0.5416666666666666,True,True,False,False,True,False,True,[],0,37,True,True,True,True,"['LA_B_aryl', 'LA_B_diaryl', 'LA_B_polyhalogenated_aryl', 'LA_B_tricoordinate']",['LB_phosphine'],[],[],LA_LB_no_negative_flags,7,True,True,False,False,True,303,1
N,isopropyl,cyclohexyl,C1,bis_cf3_phenyl,bis_cf3_phenyl,<LB_N><LB1_isopropyl><LB2_cyclohexyl><LINKER_C1><LA1_bis_cf3_phenyl><LA2_bis_cf3_phenyl>,CC(C)N(CB(c1cc(C(F)(F)F)cc(C(F)(F)F)c1)c1cc(C(F)(F)F)cc(C(F)(F)F)c1)C1CCCCC1,True,CC(C)N(CB(c1cc(C(F)(F)F)cc(C(F)(F)F)c1)c1cc(C(F)(F)F)cc(C(F)(F)F)c1)C1CCCCC1,CC(C)N(CB(c1cc(C(F)(F)F)cc(C(F)(F)F)c1)c1cc(C(F)(F)F)cc(C(F)(F)F)c1)C1CCCCC1,[],True,1,0.4318181818181818,True,True,False,False,True,False,True,[],0,40,True,True,True,True,"['LA_B_aryl', 'LA_B_diaryl', 'LA_B_tricoordinate']",['LB_amine'],[],[],LA_LB_no_negative_flags,2,True,True,False,False,True,303,1
P,mesityl,cyclohexyl,C3,p_tolyl,pentachlorophenyl,<LB_P><LB1_mesityl><LB2_cyclohexyl><LINKER_C3><LA1_p_tolyl><LA2_pentachlorophenyl>,Cc1ccc(B(CCCP(c2c(C)cc(C)cc2C)C2CCCCC2)c2c(Cl)c(Cl)c(Cl)c(Cl)c2Cl)cc1,True,Cc1ccc(B(CCCP(c2c(C)cc(C)cc2C)C2CCCCC2)c2c(Cl)c(Cl)c(Cl)c(Cl)c2Cl)cc1,Cc1ccc(B(CCCP(c2c(C)cc(C)cc2C)C2CCCCC2)c2c(Cl)c(Cl)c(Cl)c(Cl)c2Cl)cc1,[],True,1,0.46153846153846156,True,True,False,False,True,False,True,[],0,38,True,True,True,True,"['LA_B_aryl', 'LA_B_diaryl', 'LA_B_polyhalogenated_aryl', 'LA_B_tricoordinate']",['LB_phosphine'],[],[],LA_LB_no_negative_flags,4,True,True,False,False,True,303,1
P,mesityl,tert_butyl,C6,phenyl,bis_cf3_phenyl,<LB_P><LB1_mesityl><LB2_tert_butyl><LINKER_C6><LA1_phenyl><LA2_bis_cf3_phenyl>,Cc1cc(C)c(P(CCCCCCB(c2ccccc2)c2cc(C(F)(F)F)cc(C(F)(F)F)c2)C(C)(C)C)c(C)c1,True,Cc1cc(C)c(P(CCCCCCB(c2ccccc2)c2cc(C(F)(F)F)cc(C(F)(F)F)c2)C(C)(C)C)c(C)c1,Cc1cc(C)c(P(CCCCCCB(c2ccccc2)c2cc(C(F)(F)F)cc(C(F)(F)F)c2)C(C)(C)C)c(C)c1,[],True,1,0.40384615384615385,True,True,False,False,True,False,True,[],0,41,True,True,True,True,"['LA_B_aryl', 'LA_B_diaryl', 'LA_B_tricoordinate']",['LB_phosphine'],[],[],LA_LB_no_negative_flags,7,True,True,False,False,True,303,1
P,tert_butyl,isopropyl,C4,pentafluorophenyl,pentafluorophenyl,<LB_P><LB1_tert_butyl><LB2_isopropyl><LINKER_C4><LA1_pentafluorophenyl><LA2_pentafluorophenyl>,CC(C)P(CCCCB(c1c(F)c(F)c(F)c(F)c1F)c1c(F)c(F)c(F)c(F)c1F)C(C)(C)C,True,CC(C)P(CCCCB(c1c(F)c(F)c(F)c(F)c1F)c1c(F)c(F)c(F)c(F)c1F)C(C)(C)C,CC(C)P(CCCCB(c1c(F)c(F)c(F)c(F)c1F)c1c(F)c(F)c(F)c(F)c1F)C(C)(C)C,[],True,1,0.46511627906976744,True,True,False,False,True,False,True,[],0,35,True,True,True,True,"['LA_B_aryl', 'LA_B_diaryl', 'LA_B_polyhalogenated_aryl', 'LA_B_tricoordinate']",['LB_phosphine'],[],[],LA_LB_no_negative_flags,5,True,True,False,False,True,303,1
N,ethyl,phenyl,C1,mesityl,pentachlorophenyl,<LB_N><LB1_ethyl><LB2_phenyl><LINKER_C1><LA1_mesityl><LA2_pentachlorophenyl>,CCN(CB(c1c(C)cc(C)cc1C)c1c(Cl)c(Cl)c(Cl)c(Cl)c1Cl)c1ccccc1,True,CCN(CB(c1c(C)cc(C)cc1C)c1c(Cl)c(Cl)c(Cl)c(Cl)c1Cl)c1ccccc1,CCN(CB(c1c(C)cc(C)cc1C)c1c(Cl)c(Cl)c(Cl)c(Cl)c1Cl)c1ccccc1,[],True,1,0.44680851063829785,True,True,False,False,True,False,True,[],0,31,True,True,True,True,"['LA_B_aryl', 'LA_B_diaryl', 'LA_B_polyhalogenated_aryl', 'LA_B_tricoordinate']",['LB_amine'],[],[],LA_LB_no_negative_flags,2,True,True,False,False,True,303,1
P,phenyl,cyclohexyl,C1,p_tolyl,bis_cf3_phenyl,<LB_P><LB1_phenyl><LB2_cyclohexyl><LINKER_C1><LA1_p_tolyl><LA2_bis_cf3_phenyl>,Cc1ccc(B(CP(c2ccccc2)C2CCCCC2)c2cc(C(F)(F)F)cc(C(F)(F)F)c2)cc1,True,Cc1ccc(B(CP(c2ccccc2)C2CCCCC2)c2cc(C(F)(F)F)cc(C(F)(F)F)c2)cc1,Cc1ccc(B(CP(c2ccccc2)C2CCCCC2)c2cc(C(F)(F)F)cc(C(F)(F)F)c2)cc1,[],True,1,0.4117647058823529,True,True,False,False,True,False,True,[],0,36,True,True,True,True,"['LA_B_aryl', 'LA_B_diaryl', 'LA_B_tricoordinate']",['LB_phosphine'],[],[],LA_LB_no_negative_flags,2,True,True,False,False,True,303,1
P,cyclohexyl,isopropyl,C1,phenyl,mesityl,<LB_P><LB1_cyclohexyl><LB2_isopropyl><LINKER_C1><LA1_phenyl><LA2_mesityl>,Cc1cc(C)c(B(CP(C(C)C)C2CCCCC2)c2ccccc2)c(C)c1,True,Cc1cc(C)c(B(CP(C(C)C)C2CCCCC2)c2ccccc2)c(C)c1,Cc1cc(C)c(B(CP(C(C)C)C2CCCCC2)c2ccccc2)c(C)c1,[],True,1,0.4528301886792453,True,True,False,False,True,False,True,[],0,27,True,True,True,True,"['LA_B_aryl', 'LA_B_diaryl', 'LA_B_tricoordinate']",['LB_phosphine'],[],[],LA_LB_no_negative_flags,2,True,True,False,False,True,303,1
N,methyl,ethyl,C5,bis_cf3_phenyl,bis_cf3_phenyl,<LB_N><LB1_methyl><LB2_ethyl><LINKER_C5><LA1_bis_cf3_phenyl><LA2_bis_cf3_phenyl>,CCN(C)CCCCCB(c1cc(C(F)(F)F)cc(C(F)(F)F)c1)c1cc(C(F)(F)F)cc(C(F)(F)F)c1,True,CCN(C)CCCCCB(c1cc(C(F)(F)F)cc(C(F)(F)F)c1)c1cc(C(F)(F)F)cc(C(F)(F)F)c1,CCN(C)CCCCCB(c1cc(C(F)(F)F)cc(C(F)(F)F)c1)c1cc(C(F)(F)F)cc(C(F)(F)F)c1,[],True,1,0.4186046511627907,True,True,False,False,True,False,True,[],0,38,True,True,True,True,"['LA_B_aryl', 'LA_B_diaryl', 'LA_B_tricoordinate']",['LB_amine'],[],[],LA_LB_no_negative_flags,6,True,True,False,False,True,303,1
N,methyl,ethyl,C2,bis_cf3_phenyl,bis_cf3_phenyl,<LB_N><LB1_methyl><LB2_ethyl><LINKER_C2><LA1_bis_cf3_phenyl><LA2_bis_cf3_phenyl>,CCN(C)CCB(c1cc(C(F)(F)F)cc(C(F)(F)F)c1)c1cc(C(F)(F)F)cc(C(F)(F)F)c1,True,CCN(C)CCB(c1cc(C(F)(F)F)cc(C(F)(F)F)c1)c1cc(C(F)(F)F)cc(C(F)(F)F)c1,CCN(C)CCB(c1cc(C(F)(F)F)cc(C(F)(F)F)c1)c1cc(C(F)(F)F)cc(C(F)(F)F)c1,[],True,1,0.46153846153846156,True,True,False,False,True,False,True,[],0,35,True,True,True,True,"['LA_B_aryl', 'LA_B_diaryl', 'LA_B_tricoordinate']",['LB_amine'],[],[],LA_LB_no_negative_flags,3,True,True,False,False,True,303,1
P,mesityl,cyclohexyl,C3,phenyl,pentachlorophenyl,<LB_P><LB1_mesityl><LB2_cyclohexyl><LINKER_C3><LA1_phenyl><LA2_pentachlorophenyl>,Cc1cc(C)c(P(CCCB(c2ccccc2)c2c(Cl)c(Cl)c(Cl)c(Cl)c2Cl)C2CCCCC2)c(C)c1,True,Cc1cc(C)c(P(CCCB(c2ccccc2)c2c(Cl)c(Cl)c(Cl)c(Cl)c2Cl)C2CCCCC2)c(C)c1,Cc1cc(C)c(P(CCCB(c2ccccc2)c2c(Cl)c(Cl)c(Cl)c(Cl)c2Cl)C2CCCCC2)c(C)c1,[],True,1,0.46153846153846156,True,True,False,False,True,False,True,[],0,37,True,True,True,True,"['LA_B_aryl', 'LA_B_diaryl', 'LA_B_polyhalogenated_aryl', 'LA_B_tricoordinate']",['LB_phosphine'],[],[],LA_LB_no_negative_flags,4,True,True,False,False,True,303,1
P,isopropyl,isopropyl,C4,pentafluorophenyl,bis_cf3_phenyl,<LB_P><LB1_isopropyl><LB2_isopropyl><LINKER_C4><LA1_pentafluorophenyl><LA2_bis_cf3_phenyl>,CC(C)P(CCCCB(c1cc(C(F)(F)F)cc(C(F)(F)F)c1)c1c(F)c(F)c(F)c(F)c1F)C(C)C,True,CC(C)P(CCCCB(c1cc(C(F)(F)F)cc(C(F)(F)F)c1)c1c(F)c(F)c(F)c(F)c1F)C(C)C,CC(C)P(CCCCB(c1cc(C(F)(F)F)cc(C(F)(F)F)c1)c1c(F)c(F)c(F)c(F)c1F)C(C)C,[],True,1,0.44,True,True,False,False,True,False,True,[],0,37,True,True,True,True,"['LA_B_aryl', 'LA_B_diaryl', 'LA_B_polyhalogenated_aryl', 'LA_B_tricoordinate']",['LB_phosphine'],[],[],LA_LB_no_negative_flags,5,True,True,False,False,True,303,1
N,isopropyl,phenyl,C5,pentafluorophenyl,pentafluorophenyl,<LB_N><LB1_isopropyl><LB2_phenyl><LINKER_C5><LA1_pentafluorophenyl><LA2_pentafluorophenyl>,CC(C)N(CCCCCB(c1c(F)c(F)c(F)c(F)c1F)c1c(F)c(F)c(F)c(F)c1F)c1ccccc1,True,CC(C)N(CCCCCB(c1c(F)c(F)c(F)c(F)c1F)c1c(F)c(F)c(F)c(F)c1F)c1ccccc1,CC(C)N(CCCCCB(c1c(F)c(F)c(F)c(F)c1F)c1c(F)c(F)c(F)c(F)c1F)c1ccccc1,[],True,1,0.4666666666666667,True,True,False,False,True,False,True,[],0,38,True,True,True,True,"['LA_B_aryl', 'LA_B_diaryl', 'LA_B_polyhalogenated_aryl', 'LA_B_tricoordinate']",['LB_amine'],[],[],LA_LB_no_negative_flags,6,True,True,False,False,True,303,1
P,mesityl,mesityl,C6,phenyl,phenyl,<LB_P><LB1_mesityl><LB2_mesityl><LINKER_C6><LA1_phenyl><LA2_phenyl>,Cc1cc(C)c(P(CCCCCCB(c2ccccc2)c2ccccc2)c2c(C)cc(C)cc2C)c(C)c1,True,Cc1cc(C)c(P(CCCCCCB(c2ccccc2)c2ccccc2)c2c(C)cc(C)cc2C)c(C)c1,Cc1cc(C)c(P(CCCCCCB(c2ccccc2)c2ccccc2)c2c(C)cc(C)cc2C)c(C)c1,[],True,1,0.6097560975609756,True,True,False,False,True,False,True,[],0,38,True,True,True,True,"['LA_B_aryl', 'LA_B_diaryl', 'LA_B_tricoordinate']",['LB_phosphine'],[],[],LA_LB_no_negative_flags,7,True,True,False,False,True,303,1
P,tert_butyl,cyclohexyl,C6,bis_cf3_phenyl,bis_cf3_phenyl,<LB_P><LB1_tert_butyl><LB2_cyclohexyl><LINKER_C6><LA1_bis_cf3_phenyl><LA2_bis_cf3_phenyl>,CC(C)(C)P(CCCCCCB(c1cc(C(F)(F)F)cc(C(F)(F)F)c1)c1cc(C(F)(F)F)cc(C(F)(F)F)c1)C1CCCCC1,True,CC(C)(C)P(CCCCCCB(c1cc(C(F)(F)F)cc(C(F)(F)F)c1)c1cc(C(F)(F)F)cc(C(F)(F)F)c1)C1CCCCC1,CC(C)(C)P(CCCCCCB(c1cc(C(F)(F)F)cc(C(F)(F)F)c1)c1cc(C(F)(F)F)cc(C(F)(F)F)c1)C1CCCCC1,[],True,1,0.4375,True,True,False,False,True,False,True,[],0,46,True,True,True,True,"['LA_B_aryl', 'LA_B_diaryl', 'LA_B_tricoordinate']",['LB_phosphine'],[],[],LA_LB_no_negative_flags,7,True,True,False,False,True,303,1
