source,template,lb_atom,lb_substituent_1,lb_substituent_2,la_substituent_1,la_substituent_2,linker,raw_smiles,canonical_smiles,novel_vs_seed,snn_to_seed
template_augmentation,intramolecular_P_B_alkyl,P,phenyl,phenyl,phenyl,phenyl,C1,P(c1ccccc1)(c1ccccc1)CB(c1ccccc1)(c1ccccc1),c1ccc(B(CP(c2ccccc2)c2ccccc2)c2ccccc2)cc1,True,0.40540540540540543
template_augmentation,intramolecular_P_B_alkyl,P,phenyl,phenyl,phenyl,phenyl,C2,P(c1ccccc1)(c1ccccc1)CCB(c1ccccc1)(c1ccccc1),c1ccc(B(CCP(c2ccccc2)c2ccccc2)c2ccccc2)cc1,True,0.4857142857142857
template_augmentation,intramolecular_P_B_alkyl,P,phenyl,phenyl,phenyl,phenyl,C3,P(c1ccccc1)(c1ccccc1)CCCB(c1ccccc1)(c1ccccc1),c1ccc(B(CCCP(c2ccccc2)c2ccccc2)c2ccccc2)cc1,True,0.5882352941176471
template_augmentation,intramolecular_P_B_alkyl,P,phenyl,phenyl,phenyl,phenyl,C4,P(c1ccccc1)(c1ccccc1)CCCCB(c1ccccc1)(c1ccccc1),c1ccc(B(CCCCP(c2ccccc2)c2ccccc2)c2ccccc2)cc1,True,0.6666666666666666
template_augmentation,intramolecular_P_B_alkyl,P,phenyl,phenyl,phenyl,phenyl,C5,P(c1ccccc1)(c1ccccc1)CCCCCB(c1ccccc1)(c1ccccc1),c1ccc(B(CCCCCP(c2ccccc2)c2ccccc2)c2ccccc2)cc1,True,0.6470588235294118
template_augmentation,intramolecular_P_B_alkyl,P,phenyl,phenyl,phenyl,phenyl,C6,P(c1ccccc1)(c1ccccc1)CCCCCCB(c1ccccc1)(c1ccccc1),c1ccc(B(CCCCCCP(c2ccccc2)c2ccccc2)c2ccccc2)cc1,True,0.6470588235294118
template_augmentation,intramolecular_P_B_alkyl,P,phenyl,phenyl,phenyl,p_tolyl,C1,P(c1ccccc1)(c1ccccc1)CB(c1ccccc1)(c1ccc(C)cc1),Cc1ccc(B(CP(c2ccccc2)c2ccccc2)c2ccccc2)cc1,True,0.38095238095238093
template_augmentation,intramolecular_P_B_alkyl,P,phenyl,phenyl,phenyl,p_tolyl,C2,P(c1ccccc1)(c1ccccc1)CCB(c1ccccc1)(c1ccc(C)cc1),Cc1ccc(B(CCP(c2ccccc2)c2ccccc2)c2ccccc2)cc1,True,0.4146341463414634
template_augmentation,intramolecular_P_B_alkyl,P,phenyl,phenyl,phenyl,p_tolyl,C3,P(c1ccccc1)(c1ccccc1)CCCB(c1ccccc1)(c1ccc(C)cc1),Cc1ccc(B(CCCP(c2ccccc2)c2ccccc2)c2ccccc2)cc1,True,0.5
template_augmentation,intramolecular_P_B_alkyl,P,phenyl,phenyl,phenyl,p_tolyl,C4,P(c1ccccc1)(c1ccccc1)CCCCB(c1ccccc1)(c1ccc(C)cc1),Cc1ccc(B(CCCCP(c2ccccc2)c2ccccc2)c2ccccc2)cc1,True,0.5641025641025641
template_augmentation,intramolecular_P_B_alkyl,P,phenyl,phenyl,phenyl,p_tolyl,C5,P(c1ccccc1)(c1ccccc1)CCCCCB(c1ccccc1)(c1ccc(C)cc1),Cc1ccc(B(CCCCCP(c2ccccc2)c2ccccc2)c2ccccc2)cc1,True,0.55
template_augmentation,intramolecular_P_B_alkyl,P,phenyl,phenyl,phenyl,p_tolyl,C6,P(c1ccccc1)(c1ccccc1)CCCCCCB(c1ccccc1)(c1ccc(C)cc1),Cc1ccc(B(CCCCCCP(c2ccccc2)c2ccccc2)c2ccccc2)cc1,True,0.55
template_augmentation,intramolecular_P_B_alkyl,P,phenyl,phenyl,phenyl,mesityl,C1,P(c1ccccc1)(c1ccccc1)CB(c1ccccc1)(c1c(C)cc(C)cc1C),Cc1cc(C)c(B(CP(c2ccccc2)c2ccccc2)c2ccccc2)c(C)c1,True,0.3877551020408163
template_augmentation,intramolecular_P_B_alkyl,P,phenyl,phenyl,phenyl,mesityl,C2,P(c1ccccc1)(c1ccccc1)CCB(c1ccccc1)(c1c(C)cc(C)cc1C),Cc1cc(C)c(B(CCP(c2ccccc2)c2ccccc2)c2ccccc2)c(C)c1,True,0.4318181818181818
template_augmentation,intramolecular_P_B_alkyl,P,phenyl,phenyl,phenyl,mesityl,C3,P(c1ccccc1)(c1ccccc1)CCCB(c1ccccc1)(c1c(C)cc(C)cc1C),Cc1cc(C)c(B(CCCP(c2ccccc2)c2ccccc2)c2ccccc2)c(C)c1,True,0.4883720930232558
template_augmentation,intramolecular_P_B_alkyl,P,phenyl,phenyl,phenyl,mesityl,C4,P(c1ccccc1)(c1ccccc1)CCCCB(c1ccccc1)(c1c(C)cc(C)cc1C),Cc1cc(C)c(B(CCCCP(c2ccccc2)c2ccccc2)c2ccccc2)c(C)c1,True,0.5476190476190477
template_augmentation,intramolecular_P_B_alkyl,P,phenyl,phenyl,phenyl,mesityl,C5,P(c1ccccc1)(c1ccccc1)CCCCCB(c1ccccc1)(c1c(C)cc(C)cc1C),Cc1cc(C)c(B(CCCCCP(c2ccccc2)c2ccccc2)c2ccccc2)c(C)c1,True,0.5348837209302325
template_augmentation,intramolecular_P_B_alkyl,P,phenyl,phenyl,phenyl,mesityl,C6,P(c1ccccc1)(c1ccccc1)CCCCCCB(c1ccccc1)(c1c(C)cc(C)cc1C),Cc1cc(C)c(B(CCCCCCP(c2ccccc2)c2ccccc2)c2ccccc2)c(C)c1,True,0.5348837209302325
template_augmentation,intramolecular_P_B_alkyl,P,phenyl,phenyl,phenyl,pentafluorophenyl,C1,P(c1ccccc1)(c1ccccc1)CB(c1ccccc1)(c1c(F)c(F)c(F)c(F)c1F),Fc1c(F)c(F)c(B(CP(c2ccccc2)c2ccccc2)c2ccccc2)c(F)c1F,True,0.5675675675675675
template_augmentation,intramolecular_P_B_alkyl,P,phenyl,phenyl,phenyl,pentafluorophenyl,C2,P(c1ccccc1)(c1ccccc1)CCB(c1ccccc1)(c1c(F)c(F)c(F)c(F)c1F),Fc1c(F)c(F)c(B(CCP(c2ccccc2)c2ccccc2)c2ccccc2)c(F)c1F,True,0.6666666666666666
template_augmentation,intramolecular_P_B_alkyl,P,phenyl,phenyl,phenyl,pentafluorophenyl,C3,P(c1ccccc1)(c1ccccc1)CCCB(c1ccccc1)(c1c(F)c(F)c(F)c(F)c1F),Fc1c(F)c(F)c(B(CCCP(c2ccccc2)c2ccccc2)c2ccccc2)c(F)c1F,True,0.7714285714285715
template_augmentation,intramolecular_P_B_alkyl,P,phenyl,phenyl,phenyl,pentafluorophenyl,C4,P(c1ccccc1)(c1ccccc1)CCCCB(c1ccccc1)(c1c(F)c(F)c(F)c(F)c1F),Fc1c(F)c(F)c(B(CCCCP(c2ccccc2)c2ccccc2)c2ccccc2)c(F)c1F,True,0.8529411764705882
template_augmentation,intramolecular_P_B_alkyl,P,phenyl,phenyl,phenyl,pentafluorophenyl,C5,P(c1ccccc1)(c1ccccc1)CCCCCB(c1ccccc1)(c1c(F)c(F)c(F)c(F)c1F),Fc1c(F)c(F)c(B(CCCCCP(c2ccccc2)c2ccccc2)c2ccccc2)c(F)c1F,True,0.8285714285714286
template_augmentation,intramolecular_P_B_alkyl,P,phenyl,phenyl,phenyl,pentafluorophenyl,C6,P(c1ccccc1)(c1ccccc1)CCCCCCB(c1ccccc1)(c1c(F)c(F)c(F)c(F)c1F),Fc1c(F)c(F)c(B(CCCCCCP(c2ccccc2)c2ccccc2)c2ccccc2)c(F)c1F,True,0.8285714285714286
template_augmentation,intramolecular_P_B_alkyl,P,phenyl,phenyl,phenyl,pentachlorophenyl,C1,P(c1ccccc1)(c1ccccc1)CB(c1ccccc1)(c1c(Cl)c(Cl)c(Cl)c(Cl)c1Cl),Clc1c(Cl)c(Cl)c(B(CP(c2ccccc2)c2ccccc2)c2ccccc2)c(Cl)c1Cl,True,0.5555555555555556
template_augmentation,intramolecular_P_B_alkyl,P,phenyl,phenyl,phenyl,pentachlorophenyl,C2,P(c1ccccc1)(c1ccccc1)CCB(c1ccccc1)(c1c(Cl)c(Cl)c(Cl)c(Cl)c1Cl),Clc1c(Cl)c(Cl)c(B(CCP(c2ccccc2)c2ccccc2)c2ccccc2)c(Cl)c1Cl,True,0.6571428571428571
template_augmentation,intramolecular_P_B_alkyl,P,phenyl,phenyl,phenyl,pentachlorophenyl,C3,P(c1ccccc1)(c1ccccc1)CCCB(c1ccccc1)(c1c(Cl)c(Cl)c(Cl)c(Cl)c1Cl),Clc1c(Cl)c(Cl)c(B(CCCP(c2ccccc2)c2ccccc2)c2ccccc2)c(Cl)c1Cl,True,0.7647058823529411
template_augmentation,intramolecular_P_B_alkyl,P,phenyl,phenyl,phenyl,pentachlorophenyl,C4,P(c1ccccc1)(c1ccccc1)CCCCB(c1ccccc1)(c1c(Cl)c(Cl)c(Cl)c(Cl)c1Cl),Clc1c(Cl)c(Cl)c(B(CCCCP(c2ccccc2)c2ccccc2)c2ccccc2)c(Cl)c1Cl,True,0.8484848484848485
template_augmentation,intramolecular_P_B_alkyl,P,phenyl,phenyl,phenyl,pentachlorophenyl,C5,P(c1ccccc1)(c1ccccc1)CCCCCB(c1ccccc1)(c1c(Cl)c(Cl)c(Cl)c(Cl)c1Cl),Clc1c(Cl)c(Cl)c(B(CCCCCP(c2ccccc2)c2ccccc2)c2ccccc2)c(Cl)c1Cl,True,0.8235294117647058
template_augmentation,intramolecular_P_B_alkyl,P,phenyl,phenyl,phenyl,pentachlorophenyl,C6,P(c1ccccc1)(c1ccccc1)CCCCCCB(c1ccccc1)(c1c(Cl)c(Cl)c(Cl)c(Cl)c1Cl),Clc1c(Cl)c(Cl)c(B(CCCCCCP(c2ccccc2)c2ccccc2)c2ccccc2)c(Cl)c1Cl,True,0.8235294117647058
template_augmentation,intramolecular_P_B_alkyl,P,phenyl,phenyl,phenyl,bis_cf3_phenyl,C1,P(c1ccccc1)(c1ccccc1)CB(c1ccccc1)(c1cc(C(F)(F)F)cc(C(F)(F)F)c1),FC(F)(F)c1cc(B(CP(c2ccccc2)c2ccccc2)c2ccccc2)cc(C(F)(F)F)c1,True,0.5128205128205128
template_augmentation,intramolecular_P_B_alkyl,P,phenyl,phenyl,phenyl,bis_cf3_phenyl,C2,P(c1ccccc1)(c1ccccc1)CCB(c1ccccc1)(c1cc(C(F)(F)F)cc(C(F)(F)F)c1),FC(F)(F)c1cc(B(CCP(c2ccccc2)c2ccccc2)c2ccccc2)cc(C(F)(F)F)c1,True,0.4186046511627907
template_augmentation,intramolecular_P_B_alkyl,P,phenyl,phenyl,phenyl,bis_cf3_phenyl,C3,P(c1ccccc1)(c1ccccc1)CCCB(c1ccccc1)(c1cc(C(F)(F)F)cc(C(F)(F)F)c1),FC(F)(F)c1cc(B(CCCP(c2ccccc2)c2ccccc2)c2ccccc2)cc(C(F)(F)F)c1,True,0.4666666666666667
template_augmentation,intramolecular_P_B_alkyl,P,phenyl,phenyl,phenyl,bis_cf3_phenyl,C4,P(c1ccccc1)(c1ccccc1)CCCCB(c1ccccc1)(c1cc(C(F)(F)F)cc(C(F)(F)F)c1),FC(F)(F)c1cc(B(CCCCP(c2ccccc2)c2ccccc2)c2ccccc2)cc(C(F)(F)F)c1,True,0.5227272727272727
template_augmentation,intramolecular_P_B_alkyl,P,phenyl,phenyl,phenyl,bis_cf3_phenyl,C5,P(c1ccccc1)(c1ccccc1)CCCCCB(c1ccccc1)(c1cc(C(F)(F)F)cc(C(F)(F)F)c1),FC(F)(F)c1cc(B(CCCCCP(c2ccccc2)c2ccccc2)c2ccccc2)cc(C(F)(F)F)c1,True,0.5111111111111111
template_augmentation,intramolecular_P_B_alkyl,P,phenyl,phenyl,phenyl,bis_cf3_phenyl,C6,P(c1ccccc1)(c1ccccc1)CCCCCCB(c1ccccc1)(c1cc(C(F)(F)F)cc(C(F)(F)F)c1),FC(F)(F)c1cc(B(CCCCCCP(c2ccccc2)c2ccccc2)c2ccccc2)cc(C(F)(F)F)c1,True,0.5111111111111111
template_augmentation,intramolecular_P_B_alkyl,P,phenyl,phenyl,p_tolyl,p_tolyl,C1,P(c1ccccc1)(c1ccccc1)CB(c1ccc(C)cc1)(c1ccc(C)cc1),Cc1ccc(B(CP(c2ccccc2)c2ccccc2)c2ccc(C)cc2)cc1,True,0.3902439024390244
template_augmentation,intramolecular_P_B_alkyl,P,phenyl,phenyl,p_tolyl,p_tolyl,C2,P(c1ccccc1)(c1ccccc1)CCB(c1ccc(C)cc1)(c1ccc(C)cc1),Cc1ccc(B(CCP(c2ccccc2)c2ccccc2)c2ccc(C)cc2)cc1,True,0.425
template_augmentation,intramolecular_P_B_alkyl,P,phenyl,phenyl,p_tolyl,p_tolyl,C3,P(c1ccccc1)(c1ccccc1)CCCB(c1ccc(C)cc1)(c1ccc(C)cc1),Cc1ccc(B(CCCP(c2ccccc2)c2ccccc2)c2ccc(C)cc2)cc1,True,0.5128205128205128
template_augmentation,intramolecular_P_B_alkyl,P,phenyl,phenyl,p_tolyl,p_tolyl,C4,P(c1ccccc1)(c1ccccc1)CCCCB(c1ccc(C)cc1)(c1ccc(C)cc1),Cc1ccc(B(CCCCP(c2ccccc2)c2ccccc2)c2ccc(C)cc2)cc1,True,0.5789473684210527
template_augmentation,intramolecular_P_B_alkyl,P,phenyl,phenyl,p_tolyl,p_tolyl,C5,P(c1ccccc1)(c1ccccc1)CCCCCB(c1ccc(C)cc1)(c1ccc(C)cc1),Cc1ccc(B(CCCCCP(c2ccccc2)c2ccccc2)c2ccc(C)cc2)cc1,True,0.5641025641025641
template_augmentation,intramolecular_P_B_alkyl,P,phenyl,phenyl,p_tolyl,p_tolyl,C6,P(c1ccccc1)(c1ccccc1)CCCCCCB(c1ccc(C)cc1)(c1ccc(C)cc1),Cc1ccc(B(CCCCCCP(c2ccccc2)c2ccccc2)c2ccc(C)cc2)cc1,True,0.5641025641025641
template_augmentation,intramolecular_P_B_alkyl,P,phenyl,phenyl,p_tolyl,mesityl,C1,P(c1ccccc1)(c1ccccc1)CB(c1ccc(C)cc1)(c1c(C)cc(C)cc1C),Cc1ccc(B(CP(c2ccccc2)c2ccccc2)c2c(C)cc(C)cc2C)cc1,True,0.37254901960784315
template_augmentation,intramolecular_P_B_alkyl,P,phenyl,phenyl,p_tolyl,mesityl,C2,P(c1ccccc1)(c1ccccc1)CCB(c1ccc(C)cc1)(c1c(C)cc(C)cc1C),Cc1ccc(B(CCP(c2ccccc2)c2ccccc2)c2c(C)cc(C)cc2C)cc1,True,0.41304347826086957
template_augmentation,intramolecular_P_B_alkyl,P,phenyl,phenyl,p_tolyl,mesityl,C3,P(c1ccccc1)(c1ccccc1)CCCB(c1ccc(C)cc1)(c1c(C)cc(C)cc1C),Cc1ccc(B(CCCP(c2ccccc2)c2ccccc2)c2c(C)cc(C)cc2C)cc1,True,0.4666666666666667
template_augmentation,intramolecular_P_B_alkyl,P,phenyl,phenyl,p_tolyl,mesityl,C4,P(c1ccccc1)(c1ccccc1)CCCCB(c1ccc(C)cc1)(c1c(C)cc(C)cc1C),Cc1ccc(B(CCCCP(c2ccccc2)c2ccccc2)c2c(C)cc(C)cc2C)cc1,True,0.5227272727272727
template_augmentation,intramolecular_P_B_alkyl,P,phenyl,phenyl,p_tolyl,mesityl,C5,P(c1ccccc1)(c1ccccc1)CCCCCB(c1ccc(C)cc1)(c1c(C)cc(C)cc1C),Cc1ccc(B(CCCCCP(c2ccccc2)c2ccccc2)c2c(C)cc(C)cc2C)cc1,True,0.5111111111111111
template_augmentation,intramolecular_P_B_alkyl,P,phenyl,phenyl,p_tolyl,mesityl,C6,P(c1ccccc1)(c1ccccc1)CCCCCCB(c1ccc(C)cc1)(c1c(C)cc(C)cc1C),Cc1ccc(B(CCCCCCP(c2ccccc2)c2ccccc2)c2c(C)cc(C)cc2C)cc1,True,0.5111111111111111
template_augmentation,intramolecular_P_B_alkyl,P,phenyl,phenyl,p_tolyl,pentafluorophenyl,C1,P(c1ccccc1)(c1ccccc1)CB(c1ccc(C)cc1)(c1c(F)c(F)c(F)c(F)c1F),Cc1ccc(B(CP(c2ccccc2)c2ccccc2)c2c(F)c(F)c(F)c(F)c2F)cc1,True,0.5116279069767442
template_augmentation,intramolecular_P_B_alkyl,P,phenyl,phenyl,p_tolyl,pentafluorophenyl,C2,P(c1ccccc1)(c1ccccc1)CCB(c1ccc(C)cc1)(c1c(F)c(F)c(F)c(F)c1F),Cc1ccc(B(CCP(c2ccccc2)c2ccccc2)c2c(F)c(F)c(F)c(F)c2F)cc1,True,0.5853658536585366
template_augmentation,intramolecular_P_B_alkyl,P,phenyl,phenyl,p_tolyl,pentafluorophenyl,C3,P(c1ccccc1)(c1ccccc1)CCCB(c1ccc(C)cc1)(c1c(F)c(F)c(F)c(F)c1F),Cc1ccc(B(CCCP(c2ccccc2)c2ccccc2)c2c(F)c(F)c(F)c(F)c2F)cc1,True,0.675
template_augmentation,intramolecular_P_B_alkyl,P,phenyl,phenyl,p_tolyl,pentafluorophenyl,C4,P(c1ccccc1)(c1ccccc1)CCCCB(c1ccc(C)cc1)(c1c(F)c(F)c(F)c(F)c1F),Cc1ccc(B(CCCCP(c2ccccc2)c2ccccc2)c2c(F)c(F)c(F)c(F)c2F)cc1,True,0.7435897435897436
template_augmentation,intramolecular_P_B_alkyl,P,phenyl,phenyl,p_tolyl,pentafluorophenyl,C5,P(c1ccccc1)(c1ccccc1)CCCCCB(c1ccc(C)cc1)(c1c(F)c(F)c(F)c(F)c1F),Cc1ccc(B(CCCCCP(c2ccccc2)c2ccccc2)c2c(F)c(F)c(F)c(F)c2F)cc1,True,0.725
template_augmentation,intramolecular_P_B_alkyl,P,phenyl,phenyl,p_tolyl,pentafluorophenyl,C6,P(c1ccccc1)(c1ccccc1)CCCCCCB(c1ccc(C)cc1)(c1c(F)c(F)c(F)c(F)c1F),Cc1ccc(B(CCCCCCP(c2ccccc2)c2ccccc2)c2c(F)c(F)c(F)c(F)c2F)cc1,True,0.725
template_augmentation,intramolecular_P_B_alkyl,P,phenyl,phenyl,p_tolyl,pentachlorophenyl,C1,P(c1ccccc1)(c1ccccc1)CB(c1ccc(C)cc1)(c1c(Cl)c(Cl)c(Cl)c(Cl)c1Cl),Cc1ccc(B(CP(c2ccccc2)c2ccccc2)c2c(Cl)c(Cl)c(Cl)c(Cl)c2Cl)cc1,True,0.5
template_augmentation,intramolecular_P_B_alkyl,P,phenyl,phenyl,p_tolyl,pentachlorophenyl,C2,P(c1ccccc1)(c1ccccc1)CCB(c1ccc(C)cc1)(c1c(Cl)c(Cl)c(Cl)c(Cl)c1Cl),Cc1ccc(B(CCP(c2ccccc2)c2ccccc2)c2c(Cl)c(Cl)c(Cl)c(Cl)c2Cl)cc1,True,0.575
template_augmentation,intramolecular_P_B_alkyl,P,phenyl,phenyl,p_tolyl,pentachlorophenyl,C3,P(c1ccccc1)(c1ccccc1)CCCB(c1ccc(C)cc1)(c1c(Cl)c(Cl)c(Cl)c(Cl)c1Cl),Cc1ccc(B(CCCP(c2ccccc2)c2ccccc2)c2c(Cl)c(Cl)c(Cl)c(Cl)c2Cl)cc1,True,0.6666666666666666
template_augmentation,intramolecular_P_B_alkyl,P,phenyl,phenyl,p_tolyl,pentachlorophenyl,C4,P(c1ccccc1)(c1ccccc1)CCCCB(c1ccc(C)cc1)(c1c(Cl)c(Cl)c(Cl)c(Cl)c1Cl),Cc1ccc(B(CCCCP(c2ccccc2)c2ccccc2)c2c(Cl)c(Cl)c(Cl)c(Cl)c2Cl)cc1,True,0.7368421052631579
template_augmentation,intramolecular_P_B_alkyl,P,phenyl,phenyl,p_tolyl,pentachlorophenyl,C5,P(c1ccccc1)(c1ccccc1)CCCCCB(c1ccc(C)cc1)(c1c(Cl)c(Cl)c(Cl)c(Cl)c1Cl),Cc1ccc(B(CCCCCP(c2ccccc2)c2ccccc2)c2c(Cl)c(Cl)c(Cl)c(Cl)c2Cl)cc1,True,0.717948717948718
template_augmentation,intramolecular_P_B_alkyl,P,phenyl,phenyl,p_tolyl,pentachlorophenyl,C6,P(c1ccccc1)(c1ccccc1)CCCCCCB(c1ccc(C)cc1)(c1c(Cl)c(Cl)c(Cl)c(Cl)c1Cl),Cc1ccc(B(CCCCCCP(c2ccccc2)c2ccccc2)c2c(Cl)c(Cl)c(Cl)c(Cl)c2Cl)cc1,True,0.717948717948718
template_augmentation,intramolecular_P_B_alkyl,P,phenyl,phenyl,p_tolyl,bis_cf3_phenyl,C1,P(c1ccccc1)(c1ccccc1)CB(c1ccc(C)cc1)(c1cc(C(F)(F)F)cc(C(F)(F)F)c1),Cc1ccc(B(CP(c2ccccc2)c2ccccc2)c2cc(C(F)(F)F)cc(C(F)(F)F)c2)cc1,True,0.4883720930232558
template_augmentation,intramolecular_P_B_alkyl,P,phenyl,phenyl,p_tolyl,bis_cf3_phenyl,C2,P(c1ccccc1)(c1ccccc1)CCB(c1ccc(C)cc1)(c1cc(C(F)(F)F)cc(C(F)(F)F)c1),Cc1ccc(B(CCP(c2ccccc2)c2ccccc2)c2cc(C(F)(F)F)cc(C(F)(F)F)c2)cc1,True,0.40425531914893614
template_augmentation,intramolecular_P_B_alkyl,P,phenyl,phenyl,p_tolyl,bis_cf3_phenyl,C3,P(c1ccccc1)(c1ccccc1)CCCB(c1ccc(C)cc1)(c1cc(C(F)(F)F)cc(C(F)(F)F)c1),Cc1ccc(B(CCCP(c2ccccc2)c2ccccc2)c2cc(C(F)(F)F)cc(C(F)(F)F)c2)cc1,True,0.42
template_augmentation,intramolecular_P_B_alkyl,P,phenyl,phenyl,p_tolyl,bis_cf3_phenyl,C4,P(c1ccccc1)(c1ccccc1)CCCCB(c1ccc(C)cc1)(c1cc(C(F)(F)F)cc(C(F)(F)F)c1),Cc1ccc(B(CCCCP(c2ccccc2)c2ccccc2)c2cc(C(F)(F)F)cc(C(F)(F)F)c2)cc1,True,0.46938775510204084
template_augmentation,intramolecular_P_B_alkyl,P,phenyl,phenyl,p_tolyl,bis_cf3_phenyl,C5,P(c1ccccc1)(c1ccccc1)CCCCCB(c1ccc(C)cc1)(c1cc(C(F)(F)F)cc(C(F)(F)F)c1),Cc1ccc(B(CCCCCP(c2ccccc2)c2ccccc2)c2cc(C(F)(F)F)cc(C(F)(F)F)c2)cc1,True,0.46
template_augmentation,intramolecular_P_B_alkyl,P,phenyl,phenyl,p_tolyl,bis_cf3_phenyl,C6,P(c1ccccc1)(c1ccccc1)CCCCCCB(c1ccc(C)cc1)(c1cc(C(F)(F)F)cc(C(F)(F)F)c1),Cc1ccc(B(CCCCCCP(c2ccccc2)c2ccccc2)c2cc(C(F)(F)F)cc(C(F)(F)F)c2)cc1,True,0.46
template_augmentation,intramolecular_P_B_alkyl,P,phenyl,phenyl,mesityl,mesityl,C1,P(c1ccccc1)(c1ccccc1)CB(c1c(C)cc(C)cc1C)(c1c(C)cc(C)cc1C),Cc1cc(C)c(B(CP(c2ccccc2)c2ccccc2)c2c(C)cc(C)cc2C)c(C)c1,True,0.41304347826086957
template_augmentation,intramolecular_P_B_alkyl,P,phenyl,phenyl,mesityl,mesityl,C2,P(c1ccccc1)(c1ccccc1)CCB(c1c(C)cc(C)cc1C)(c1c(C)cc(C)cc1C),Cc1cc(C)c(B(CCP(c2ccccc2)c2ccccc2)c2c(C)cc(C)cc2C)c(C)c1,True,0.475
template_augmentation,intramolecular_P_B_alkyl,P,phenyl,phenyl,mesityl,mesityl,C3,P(c1ccccc1)(c1ccccc1)CCCB(c1c(C)cc(C)cc1C)(c1c(C)cc(C)cc1C),Cc1cc(C)c(B(CCCP(c2ccccc2)c2ccccc2)c2c(C)cc(C)cc2C)c(C)c1,True,0.5641025641025641
template_augmentation,intramolecular_P_B_alkyl,P,phenyl,phenyl,mesityl,mesityl,C4,P(c1ccccc1)(c1ccccc1)CCCCB(c1c(C)cc(C)cc1C)(c1c(C)cc(C)cc1C),Cc1cc(C)c(B(CCCCP(c2ccccc2)c2ccccc2)c2c(C)cc(C)cc2C)c(C)c1,True,0.631578947368421
template_augmentation,intramolecular_P_B_alkyl,P,phenyl,phenyl,mesityl,mesityl,C5,P(c1ccccc1)(c1ccccc1)CCCCCB(c1c(C)cc(C)cc1C)(c1c(C)cc(C)cc1C),Cc1cc(C)c(B(CCCCCP(c2ccccc2)c2ccccc2)c2c(C)cc(C)cc2C)c(C)c1,True,0.6153846153846154
template_augmentation,intramolecular_P_B_alkyl,P,phenyl,phenyl,mesityl,mesityl,C6,P(c1ccccc1)(c1ccccc1)CCCCCCB(c1c(C)cc(C)cc1C)(c1c(C)cc(C)cc1C),Cc1cc(C)c(B(CCCCCCP(c2ccccc2)c2ccccc2)c2c(C)cc(C)cc2C)c(C)c1,True,0.6153846153846154
template_augmentation,intramolecular_P_B_alkyl,P,phenyl,phenyl,mesityl,pentafluorophenyl,C1,P(c1ccccc1)(c1ccccc1)CB(c1c(C)cc(C)cc1C)(c1c(F)c(F)c(F)c(F)c1F),Cc1cc(C)c(B(CP(c2ccccc2)c2ccccc2)c2c(F)c(F)c(F)c(F)c2F)c(C)c1,True,0.5
template_augmentation,intramolecular_P_B_alkyl,P,phenyl,phenyl,mesityl,pentafluorophenyl,C2,P(c1ccccc1)(c1ccccc1)CCB(c1c(C)cc(C)cc1C)(c1c(F)c(F)c(F)c(F)c1F),Cc1cc(C)c(B(CCP(c2ccccc2)c2ccccc2)c2c(F)c(F)c(F)c(F)c2F)c(C)c1,True,0.6097560975609756
template_augmentation,intramolecular_P_B_alkyl,P,phenyl,phenyl,mesityl,pentafluorophenyl,C3,P(c1ccccc1)(c1ccccc1)CCCB(c1c(C)cc(C)cc1C)(c1c(F)c(F)c(F)c(F)c1F),Cc1cc(C)c(B(CCCP(c2ccccc2)c2ccccc2)c2c(F)c(F)c(F)c(F)c2F)c(C)c1,True,0.7
template_augmentation,intramolecular_P_B_alkyl,P,phenyl,phenyl,mesityl,pentafluorophenyl,C4,P(c1ccccc1)(c1ccccc1)CCCCB(c1c(C)cc(C)cc1C)(c1c(F)c(F)c(F)c(F)c1F),Cc1cc(C)c(B(CCCCP(c2ccccc2)c2ccccc2)c2c(F)c(F)c(F)c(F)c2F)c(C)c1,True,0.7692307692307693
template_augmentation,intramolecular_P_B_alkyl,P,phenyl,phenyl,mesityl,pentafluorophenyl,C5,P(c1ccccc1)(c1ccccc1)CCCCCB(c1c(C)cc(C)cc1C)(c1c(F)c(F)c(F)c(F)c1F),Cc1cc(C)c(B(CCCCCP(c2ccccc2)c2ccccc2)c2c(F)c(F)c(F)c(F)c2F)c(C)c1,True,0.75
template_augmentation,intramolecular_P_B_alkyl,P,phenyl,phenyl,mesityl,pentafluorophenyl,C6,P(c1ccccc1)(c1ccccc1)CCCCCCB(c1c(C)cc(C)cc1C)(c1c(F)c(F)c(F)c(F)c1F),Cc1cc(C)c(B(CCCCCCP(c2ccccc2)c2ccccc2)c2c(F)c(F)c(F)c(F)c2F)c(C)c1,True,0.75
template_augmentation,intramolecular_P_B_alkyl,P,phenyl,phenyl,mesityl,pentachlorophenyl,C1,P(c1ccccc1)(c1ccccc1)CB(c1c(C)cc(C)cc1C)(c1c(Cl)c(Cl)c(Cl)c(Cl)c1Cl),Cc1cc(C)c(B(CP(c2ccccc2)c2ccccc2)c2c(Cl)c(Cl)c(Cl)c(Cl)c2Cl)c(C)c1,True,0.4883720930232558
template_augmentation,intramolecular_P_B_alkyl,P,phenyl,phenyl,mesityl,pentachlorophenyl,C2,P(c1ccccc1)(c1ccccc1)CCB(c1c(C)cc(C)cc1C)(c1c(Cl)c(Cl)c(Cl)c(Cl)c1Cl),Cc1cc(C)c(B(CCP(c2ccccc2)c2ccccc2)c2c(Cl)c(Cl)c(Cl)c(Cl)c2Cl)c(C)c1,True,0.6
template_augmentation,intramolecular_P_B_alkyl,P,phenyl,phenyl,mesityl,pentachlorophenyl,C3,P(c1ccccc1)(c1ccccc1)CCCB(c1c(C)cc(C)cc1C)(c1c(Cl)c(Cl)c(Cl)c(Cl)c1Cl),Cc1cc(C)c(B(CCCP(c2ccccc2)c2ccccc2)c2c(Cl)c(Cl)c(Cl)c(Cl)c2Cl)c(C)c1,True,0.6923076923076923
template_augmentation,intramolecular_P_B_alkyl,P,phenyl,phenyl,mesityl,pentachlorophenyl,C4,P(c1ccccc1)(c1ccccc1)CCCCB(c1c(C)cc(C)cc1C)(c1c(Cl)c(Cl)c(Cl)c(Cl)c1Cl),Cc1cc(C)c(B(CCCCP(c2ccccc2)c2ccccc2)c2c(Cl)c(Cl)c(Cl)c(Cl)c2Cl)c(C)c1,True,0.7631578947368421
template_augmentation,intramolecular_P_B_alkyl,P,phenyl,phenyl,mesityl,pentachlorophenyl,C5,P(c1ccccc1)(c1ccccc1)CCCCCB(c1c(C)cc(C)cc1C)(c1c(Cl)c(Cl)c(Cl)c(Cl)c1Cl),Cc1cc(C)c(B(CCCCCP(c2ccccc2)c2ccccc2)c2c(Cl)c(Cl)c(Cl)c(Cl)c2Cl)c(C)c1,True,0.7435897435897436
template_augmentation,intramolecular_P_B_alkyl,P,phenyl,phenyl,mesityl,pentachlorophenyl,C6,P(c1ccccc1)(c1ccccc1)CCCCCCB(c1c(C)cc(C)cc1C)(c1c(Cl)c(Cl)c(Cl)c(Cl)c1Cl),Cc1cc(C)c(B(CCCCCCP(c2ccccc2)c2ccccc2)c2c(Cl)c(Cl)c(Cl)c(Cl)c2Cl)c(C)c1,True,0.7435897435897436
template_augmentation,intramolecular_P_B_alkyl,P,phenyl,phenyl,mesityl,bis_cf3_phenyl,C1,P(c1ccccc1)(c1ccccc1)CB(c1c(C)cc(C)cc1C)(c1cc(C(F)(F)F)cc(C(F)(F)F)c1),Cc1cc(C)c(B(CP(c2ccccc2)c2ccccc2)c2cc(C(F)(F)F)cc(C(F)(F)F)c2)c(C)c1,True,0.43478260869565216
template_augmentation,intramolecular_P_B_alkyl,P,phenyl,phenyl,mesityl,bis_cf3_phenyl,C2,P(c1ccccc1)(c1ccccc1)CCB(c1c(C)cc(C)cc1C)(c1cc(C(F)(F)F)cc(C(F)(F)F)c1),Cc1cc(C)c(B(CCP(c2ccccc2)c2ccccc2)c2cc(C(F)(F)F)cc(C(F)(F)F)c2)c(C)c1,True,0.3877551020408163
template_augmentation,intramolecular_P_B_alkyl,P,phenyl,phenyl,mesityl,bis_cf3_phenyl,C3,P(c1ccccc1)(c1ccccc1)CCCB(c1c(C)cc(C)cc1C)(c1cc(C(F)(F)F)cc(C(F)(F)F)c1),Cc1cc(C)c(B(CCCP(c2ccccc2)c2ccccc2)c2cc(C(F)(F)F)cc(C(F)(F)F)c2)c(C)c1,True,0.43137254901960786
template_augmentation,intramolecular_P_B_alkyl,P,phenyl,phenyl,mesityl,bis_cf3_phenyl,C4,P(c1ccccc1)(c1ccccc1)CCCCB(c1c(C)cc(C)cc1C)(c1cc(C(F)(F)F)cc(C(F)(F)F)c1),Cc1cc(C)c(B(CCCCP(c2ccccc2)c2ccccc2)c2cc(C(F)(F)F)cc(C(F)(F)F)c2)c(C)c1,True,0.48
template_augmentation,intramolecular_P_B_alkyl,P,phenyl,phenyl,mesityl,bis_cf3_phenyl,C5,P(c1ccccc1)(c1ccccc1)CCCCCB(c1c(C)cc(C)cc1C)(c1cc(C(F)(F)F)cc(C(F)(F)F)c1),Cc1cc(C)c(B(CCCCCP(c2ccccc2)c2ccccc2)c2cc(C(F)(F)F)cc(C(F)(F)F)c2)c(C)c1,True,0.47058823529411764
template_augmentation,intramolecular_P_B_alkyl,P,phenyl,phenyl,mesityl,bis_cf3_phenyl,C6,P(c1ccccc1)(c1ccccc1)CCCCCCB(c1c(C)cc(C)cc1C)(c1cc(C(F)(F)F)cc(C(F)(F)F)c1),Cc1cc(C)c(B(CCCCCCP(c2ccccc2)c2ccccc2)c2cc(C(F)(F)F)cc(C(F)(F)F)c2)c(C)c1,True,0.47058823529411764
template_augmentation,intramolecular_P_B_alkyl,P,phenyl,phenyl,pentafluorophenyl,pentafluorophenyl,C1,P(c1ccccc1)(c1ccccc1)CB(c1c(F)c(F)c(F)c(F)c1F)(c1c(F)c(F)c(F)c(F)c1F),Fc1c(F)c(F)c(B(CP(c2ccccc2)c2ccccc2)c2c(F)c(F)c(F)c(F)c2F)c(F)c1F,True,0.6176470588235294
template_augmentation,intramolecular_P_B_alkyl,P,phenyl,phenyl,pentafluorophenyl,pentafluorophenyl,C2,P(c1ccccc1)(c1ccccc1)CCB(c1c(F)c(F)c(F)c(F)c1F)(c1c(F)c(F)c(F)c(F)c1F),Fc1c(F)c(F)c(B(CCP(c2ccccc2)c2ccccc2)c2c(F)c(F)c(F)c(F)c2F)c(F)c1F,True,0.78125
template_augmentation,intramolecular_P_B_alkyl,P,phenyl,phenyl,pentafluorophenyl,pentafluorophenyl,C3,P(c1ccccc1)(c1ccccc1)CCCB(c1c(F)c(F)c(F)c(F)c1F)(c1c(F)c(F)c(F)c(F)c1F),Fc1c(F)c(F)c(B(CCCP(c2ccccc2)c2ccccc2)c2c(F)c(F)c(F)c(F)c2F)c(F)c1F,True,0.9032258064516129
template_augmentation,intramolecular_P_B_alkyl,P,phenyl,phenyl,pentafluorophenyl,pentafluorophenyl,C4,P(c1ccccc1)(c1ccccc1)CCCCB(c1c(F)c(F)c(F)c(F)c1F)(c1c(F)c(F)c(F)c(F)c1F),Fc1c(F)c(F)c(B(CCCCP(c2ccccc2)c2ccccc2)c2c(F)c(F)c(F)c(F)c2F)c(F)c1F,False,1.0
template_augmentation,intramolecular_P_B_alkyl,P,phenyl,phenyl,pentafluorophenyl,pentafluorophenyl,C5,P(c1ccccc1)(c1ccccc1)CCCCCB(c1c(F)c(F)c(F)c(F)c1F)(c1c(F)c(F)c(F)c(F)c1F),Fc1c(F)c(F)c(B(CCCCCP(c2ccccc2)c2ccccc2)c2c(F)c(F)c(F)c(F)c2F)c(F)c1F,True,0.967741935483871
template_augmentation,intramolecular_P_B_alkyl,P,phenyl,phenyl,pentafluorophenyl,pentafluorophenyl,C6,P(c1ccccc1)(c1ccccc1)CCCCCCB(c1c(F)c(F)c(F)c(F)c1F)(c1c(F)c(F)c(F)c(F)c1F),Fc1c(F)c(F)c(B(CCCCCCP(c2ccccc2)c2ccccc2)c2c(F)c(F)c(F)c(F)c2F)c(F)c1F,True,0.967741935483871
template_augmentation,intramolecular_P_B_alkyl,P,phenyl,phenyl,pentafluorophenyl,pentachlorophenyl,C1,P(c1ccccc1)(c1ccccc1)CB(c1c(F)c(F)c(F)c(F)c1F)(c1c(Cl)c(Cl)c(Cl)c(Cl)c1Cl),Fc1c(F)c(F)c(B(CP(c2ccccc2)c2ccccc2)c2c(Cl)c(Cl)c(Cl)c(Cl)c2Cl)c(F)c1F,True,0.5384615384615384
template_augmentation,intramolecular_P_B_alkyl,P,phenyl,phenyl,pentafluorophenyl,pentachlorophenyl,C2,P(c1ccccc1)(c1ccccc1)CCB(c1c(F)c(F)c(F)c(F)c1F)(c1c(Cl)c(Cl)c(Cl)c(Cl)c1Cl),Fc1c(F)c(F)c(B(CCP(c2ccccc2)c2ccccc2)c2c(Cl)c(Cl)c(Cl)c(Cl)c2Cl)c(F)c1F,True,0.6756756756756757
template_augmentation,intramolecular_P_B_alkyl,P,phenyl,phenyl,pentafluorophenyl,pentachlorophenyl,C3,P(c1ccccc1)(c1ccccc1)CCCB(c1c(F)c(F)c(F)c(F)c1F)(c1c(Cl)c(Cl)c(Cl)c(Cl)c1Cl),Fc1c(F)c(F)c(B(CCCP(c2ccccc2)c2ccccc2)c2c(Cl)c(Cl)c(Cl)c(Cl)c2Cl)c(F)c1F,True,0.7777777777777778
template_augmentation,intramolecular_P_B_alkyl,P,phenyl,phenyl,pentafluorophenyl,pentachlorophenyl,C4,P(c1ccccc1)(c1ccccc1)CCCCB(c1c(F)c(F)c(F)c(F)c1F)(c1c(Cl)c(Cl)c(Cl)c(Cl)c1Cl),Fc1c(F)c(F)c(B(CCCCP(c2ccccc2)c2ccccc2)c2c(Cl)c(Cl)c(Cl)c(Cl)c2Cl)c(F)c1F,True,0.8571428571428571
template_augmentation,intramolecular_P_B_alkyl,P,phenyl,phenyl,pentafluorophenyl,pentachlorophenyl,C5,P(c1ccccc1)(c1ccccc1)CCCCCB(c1c(F)c(F)c(F)c(F)c1F)(c1c(Cl)c(Cl)c(Cl)c(Cl)c1Cl),Fc1c(F)c(F)c(B(CCCCCP(c2ccccc2)c2ccccc2)c2c(Cl)c(Cl)c(Cl)c(Cl)c2Cl)c(F)c1F,True,0.8333333333333334
template_augmentation,intramolecular_P_B_alkyl,P,phenyl,phenyl,pentafluorophenyl,pentachlorophenyl,C6,P(c1ccccc1)(c1ccccc1)CCCCCCB(c1c(F)c(F)c(F)c(F)c1F)(c1c(Cl)c(Cl)c(Cl)c(Cl)c1Cl),Fc1c(F)c(F)c(B(CCCCCCP(c2ccccc2)c2ccccc2)c2c(Cl)c(Cl)c(Cl)c(Cl)c2Cl)c(F)c1F,True,0.8333333333333334
template_augmentation,intramolecular_P_B_alkyl,P,phenyl,phenyl,pentafluorophenyl,bis_cf3_phenyl,C1,P(c1ccccc1)(c1ccccc1)CB(c1c(F)c(F)c(F)c(F)c1F)(c1cc(C(F)(F)F)cc(C(F)(F)F)c1),Fc1c(F)c(F)c(B(CP(c2ccccc2)c2ccccc2)c2cc(C(F)(F)F)cc(C(F)(F)F)c2)c(F)c1F,True,0.4666666666666667
template_augmentation,intramolecular_P_B_alkyl,P,phenyl,phenyl,pentafluorophenyl,bis_cf3_phenyl,C2,P(c1ccccc1)(c1ccccc1)CCB(c1c(F)c(F)c(F)c(F)c1F)(c1cc(C(F)(F)F)cc(C(F)(F)F)c1),Fc1c(F)c(F)c(B(CCP(c2ccccc2)c2ccccc2)c2cc(C(F)(F)F)cc(C(F)(F)F)c2)c(F)c1F,True,0.5454545454545454
template_augmentation,intramolecular_P_B_alkyl,P,phenyl,phenyl,pentafluorophenyl,bis_cf3_phenyl,C3,P(c1ccccc1)(c1ccccc1)CCCB(c1c(F)c(F)c(F)c(F)c1F)(c1cc(C(F)(F)F)cc(C(F)(F)F)c1),Fc1c(F)c(F)c(B(CCCP(c2ccccc2)c2ccccc2)c2cc(C(F)(F)F)cc(C(F)(F)F)c2)c(F)c1F,True,0.627906976744186
template_augmentation,intramolecular_P_B_alkyl,P,phenyl,phenyl,pentafluorophenyl,bis_cf3_phenyl,C4,P(c1ccccc1)(c1ccccc1)CCCCB(c1c(F)c(F)c(F)c(F)c1F)(c1cc(C(F)(F)F)cc(C(F)(F)F)c1),Fc1c(F)c(F)c(B(CCCCP(c2ccccc2)c2ccccc2)c2cc(C(F)(F)F)cc(C(F)(F)F)c2)c(F)c1F,True,0.6904761904761905
template_augmentation,intramolecular_P_B_alkyl,P,phenyl,phenyl,pentafluorophenyl,bis_cf3_phenyl,C5,P(c1ccccc1)(c1ccccc1)CCCCCB(c1c(F)c(F)c(F)c(F)c1F)(c1cc(C(F)(F)F)cc(C(F)(F)F)c1),Fc1c(F)c(F)c(B(CCCCCP(c2ccccc2)c2ccccc2)c2cc(C(F)(F)F)cc(C(F)(F)F)c2)c(F)c1F,True,0.6744186046511628
template_augmentation,intramolecular_P_B_alkyl,P,phenyl,phenyl,pentafluorophenyl,bis_cf3_phenyl,C6,P(c1ccccc1)(c1ccccc1)CCCCCCB(c1c(F)c(F)c(F)c(F)c1F)(c1cc(C(F)(F)F)cc(C(F)(F)F)c1),Fc1c(F)c(F)c(B(CCCCCCP(c2ccccc2)c2ccccc2)c2cc(C(F)(F)F)cc(C(F)(F)F)c2)c(F)c1F,True,0.6744186046511628
template_augmentation,intramolecular_P_B_alkyl,P,phenyl,phenyl,pentachlorophenyl,pentachlorophenyl,C1,P(c1ccccc1)(c1ccccc1)CB(c1c(Cl)c(Cl)c(Cl)c(Cl)c1Cl)(c1c(Cl)c(Cl)c(Cl)c(Cl)c1Cl),Clc1c(Cl)c(Cl)c(B(CP(c2ccccc2)c2ccccc2)c2c(Cl)c(Cl)c(Cl)c(Cl)c2Cl)c(Cl)c1Cl,True,0.6060606060606061
template_augmentation,intramolecular_P_B_alkyl,P,phenyl,phenyl,pentachlorophenyl,pentachlorophenyl,C2,P(c1ccccc1)(c1ccccc1)CCB(c1c(Cl)c(Cl)c(Cl)c(Cl)c1Cl)(c1c(Cl)c(Cl)c(Cl)c(Cl)c1Cl),Clc1c(Cl)c(Cl)c(B(CCP(c2ccccc2)c2ccccc2)c2c(Cl)c(Cl)c(Cl)c(Cl)c2Cl)c(Cl)c1Cl,True,0.7741935483870968
template_augmentation,intramolecular_P_B_alkyl,P,phenyl,phenyl,pentachlorophenyl,pentachlorophenyl,C3,P(c1ccccc1)(c1ccccc1)CCCB(c1c(Cl)c(Cl)c(Cl)c(Cl)c1Cl)(c1c(Cl)c(Cl)c(Cl)c(Cl)c1Cl),Clc1c(Cl)c(Cl)c(B(CCCP(c2ccccc2)c2ccccc2)c2c(Cl)c(Cl)c(Cl)c(Cl)c2Cl)c(Cl)c1Cl,True,0.9
template_augmentation,intramolecular_P_B_alkyl,P,phenyl,phenyl,pentachlorophenyl,pentachlorophenyl,C4,P(c1ccccc1)(c1ccccc1)CCCCB(c1c(Cl)c(Cl)c(Cl)c(Cl)c1Cl)(c1c(Cl)c(Cl)c(Cl)c(Cl)c1Cl),Clc1c(Cl)c(Cl)c(B(CCCCP(c2ccccc2)c2ccccc2)c2c(Cl)c(Cl)c(Cl)c(Cl)c2Cl)c(Cl)c1Cl,False,1.0
template_augmentation,intramolecular_P_B_alkyl,P,phenyl,phenyl,pentachlorophenyl,pentachlorophenyl,C5,P(c1ccccc1)(c1ccccc1)CCCCCB(c1c(Cl)c(Cl)c(Cl)c(Cl)c1Cl)(c1c(Cl)c(Cl)c(Cl)c(Cl)c1Cl),Clc1c(Cl)c(Cl)c(B(CCCCCP(c2ccccc2)c2ccccc2)c2c(Cl)c(Cl)c(Cl)c(Cl)c2Cl)c(Cl)c1Cl,True,0.9666666666666667
template_augmentation,intramolecular_P_B_alkyl,P,phenyl,phenyl,pentachlorophenyl,pentachlorophenyl,C6,P(c1ccccc1)(c1ccccc1)CCCCCCB(c1c(Cl)c(Cl)c(Cl)c(Cl)c1Cl)(c1c(Cl)c(Cl)c(Cl)c(Cl)c1Cl),Clc1c(Cl)c(Cl)c(B(CCCCCCP(c2ccccc2)c2ccccc2)c2c(Cl)c(Cl)c(Cl)c(Cl)c2Cl)c(Cl)c1Cl,True,0.9666666666666667
template_augmentation,intramolecular_P_B_alkyl,P,phenyl,phenyl,pentachlorophenyl,bis_cf3_phenyl,C1,P(c1ccccc1)(c1ccccc1)CB(c1c(Cl)c(Cl)c(Cl)c(Cl)c1Cl)(c1cc(C(F)(F)F)cc(C(F)(F)F)c1),FC(F)(F)c1cc(B(CP(c2ccccc2)c2ccccc2)c2c(Cl)c(Cl)c(Cl)c(Cl)c2Cl)cc(C(F)(F)F)c1,True,0.4444444444444444
template_augmentation,intramolecular_P_B_alkyl,P,phenyl,phenyl,pentachlorophenyl,bis_cf3_phenyl,C2,P(c1ccccc1)(c1ccccc1)CCB(c1c(Cl)c(Cl)c(Cl)c(Cl)c1Cl)(c1cc(C(F)(F)F)cc(C(F)(F)F)c1),FC(F)(F)c1cc(B(CCP(c2ccccc2)c2ccccc2)c2c(Cl)c(Cl)c(Cl)c(Cl)c2Cl)cc(C(F)(F)F)c1,True,0.5227272727272727
template_augmentation,intramolecular_P_B_alkyl,P,phenyl,phenyl,pentachlorophenyl,bis_cf3_phenyl,C3,P(c1ccccc1)(c1ccccc1)CCCB(c1c(Cl)c(Cl)c(Cl)c(Cl)c1Cl)(c1cc(C(F)(F)F)cc(C(F)(F)F)c1),FC(F)(F)c1cc(B(CCCP(c2ccccc2)c2ccccc2)c2c(Cl)c(Cl)c(Cl)c(Cl)c2Cl)cc(C(F)(F)F)c1,True,0.6046511627906976
template_augmentation,intramolecular_P_B_alkyl,P,phenyl,phenyl,pentachlorophenyl,bis_cf3_phenyl,C4,P(c1ccccc1)(c1ccccc1)CCCCB(c1c(Cl)c(Cl)c(Cl)c(Cl)c1Cl)(c1cc(C(F)(F)F)cc(C(F)(F)F)c1),FC(F)(F)c1cc(B(CCCCP(c2ccccc2)c2ccccc2)c2c(Cl)c(Cl)c(Cl)c(Cl)c2Cl)cc(C(F)(F)F)c1,True,0.6666666666666666
template_augmentation,intramolecular_P_B_alkyl,P,phenyl,phenyl,pentachlorophenyl,bis_cf3_phenyl,C5,P(c1ccccc1)(c1ccccc1)CCCCCB(c1c(Cl)c(Cl)c(Cl)c(Cl)c1Cl)(c1cc(C(F)(F)F)cc(C(F)(F)F)c1),FC(F)(F)c1cc(B(CCCCCP(c2ccccc2)c2ccccc2)c2c(Cl)c(Cl)c(Cl)c(Cl)c2Cl)cc(C(F)(F)F)c1,True,0.6511627906976745
template_augmentation,intramolecular_P_B_alkyl,P,phenyl,phenyl,pentachlorophenyl,bis_cf3_phenyl,C6,P(c1ccccc1)(c1ccccc1)CCCCCCB(c1c(Cl)c(Cl)c(Cl)c(Cl)c1Cl)(c1cc(C(F)(F)F)cc(C(F)(F)F)c1),FC(F)(F)c1cc(B(CCCCCCP(c2ccccc2)c2ccccc2)c2c(Cl)c(Cl)c(Cl)c(Cl)c2Cl)cc(C(F)(F)F)c1,True,0.6511627906976745
template_augmentation,intramolecular_P_B_alkyl,P,phenyl,phenyl,bis_cf3_phenyl,bis_cf3_phenyl,C1,P(c1ccccc1)(c1ccccc1)CB(c1cc(C(F)(F)F)cc(C(F)(F)F)c1)(c1cc(C(F)(F)F)cc(C(F)(F)F)c1),FC(F)(F)c1cc(B(CP(c2ccccc2)c2ccccc2)c2cc(C(F)(F)F)cc(C(F)(F)F)c2)cc(C(F)(F)F)c1,True,0.5405405405405406
template_augmentation,intramolecular_P_B_alkyl,P,phenyl,phenyl,bis_cf3_phenyl,bis_cf3_phenyl,C2,P(c1ccccc1)(c1ccccc1)CCB(c1cc(C(F)(F)F)cc(C(F)(F)F)c1)(c1cc(C(F)(F)F)cc(C(F)(F)F)c1),FC(F)(F)c1cc(B(CCP(c2ccccc2)c2ccccc2)c2cc(C(F)(F)F)cc(C(F)(F)F)c2)cc(C(F)(F)F)c1,True,0.43902439024390244
template_augmentation,intramolecular_P_B_alkyl,P,phenyl,phenyl,bis_cf3_phenyl,bis_cf3_phenyl,C3,P(c1ccccc1)(c1ccccc1)CCCB(c1cc(C(F)(F)F)cc(C(F)(F)F)c1)(c1cc(C(F)(F)F)cc(C(F)(F)F)c1),FC(F)(F)c1cc(B(CCCP(c2ccccc2)c2ccccc2)c2cc(C(F)(F)F)cc(C(F)(F)F)c2)cc(C(F)(F)F)c1,True,0.4883720930232558
template_augmentation,intramolecular_P_B_alkyl,P,phenyl,phenyl,bis_cf3_phenyl,bis_cf3_phenyl,C4,P(c1ccccc1)(c1ccccc1)CCCCB(c1cc(C(F)(F)F)cc(C(F)(F)F)c1)(c1cc(C(F)(F)F)cc(C(F)(F)F)c1),FC(F)(F)c1cc(B(CCCCP(c2ccccc2)c2ccccc2)c2cc(C(F)(F)F)cc(C(F)(F)F)c2)cc(C(F)(F)F)c1,True,0.5476190476190477
template_augmentation,intramolecular_P_B_alkyl,P,phenyl,phenyl,bis_cf3_phenyl,bis_cf3_phenyl,C5,P(c1ccccc1)(c1ccccc1)CCCCCB(c1cc(C(F)(F)F)cc(C(F)(F)F)c1)(c1cc(C(F)(F)F)cc(C(F)(F)F)c1),FC(F)(F)c1cc(B(CCCCCP(c2ccccc2)c2ccccc2)c2cc(C(F)(F)F)cc(C(F)(F)F)c2)cc(C(F)(F)F)c1,True,0.5348837209302325
template_augmentation,intramolecular_P_B_alkyl,P,phenyl,phenyl,bis_cf3_phenyl,bis_cf3_phenyl,C6,P(c1ccccc1)(c1ccccc1)CCCCCCB(c1cc(C(F)(F)F)cc(C(F)(F)F)c1)(c1cc(C(F)(F)F)cc(C(F)(F)F)c1),FC(F)(F)c1cc(B(CCCCCCP(c2ccccc2)c2ccccc2)c2cc(C(F)(F)F)cc(C(F)(F)F)c2)cc(C(F)(F)F)c1,True,0.5348837209302325
template_augmentation,intramolecular_P_B_alkyl,P,phenyl,mesityl,phenyl,phenyl,C1,P(c1ccccc1)(c1c(C)cc(C)cc1C)CB(c1ccccc1)(c1ccccc1),Cc1cc(C)c(P(CB(c2ccccc2)c2ccccc2)c2ccccc2)c(C)c1,True,0.4222222222222222
template_augmentation,intramolecular_P_B_alkyl,P,phenyl,mesityl,phenyl,phenyl,C2,P(c1ccccc1)(c1c(C)cc(C)cc1C)CCB(c1ccccc1)(c1ccccc1),Cc1cc(C)c(P(CCB(c2ccccc2)c2ccccc2)c2ccccc2)c(C)c1,True,0.4444444444444444
template_augmentation,intramolecular_P_B_alkyl,P,phenyl,mesityl,phenyl,phenyl,C3,P(c1ccccc1)(c1c(C)cc(C)cc1C)CCCB(c1ccccc1)(c1ccccc1),Cc1cc(C)c(P(CCCB(c2ccccc2)c2ccccc2)c2ccccc2)c(C)c1,True,0.5227272727272727
template_augmentation,intramolecular_P_B_alkyl,P,phenyl,mesityl,phenyl,phenyl,C4,P(c1ccccc1)(c1c(C)cc(C)cc1C)CCCCB(c1ccccc1)(c1ccccc1),Cc1cc(C)c(P(CCCCB(c2ccccc2)c2ccccc2)c2ccccc2)c(C)c1,True,0.5813953488372093
template_augmentation,intramolecular_P_B_alkyl,P,phenyl,mesityl,phenyl,phenyl,C5,P(c1ccccc1)(c1c(C)cc(C)cc1C)CCCCCB(c1ccccc1)(c1ccccc1),Cc1cc(C)c(P(CCCCCB(c2ccccc2)c2ccccc2)c2ccccc2)c(C)c1,True,0.5681818181818182
template_augmentation,intramolecular_P_B_alkyl,P,phenyl,mesityl,phenyl,phenyl,C6,P(c1ccccc1)(c1c(C)cc(C)cc1C)CCCCCCB(c1ccccc1)(c1ccccc1),Cc1cc(C)c(P(CCCCCCB(c2ccccc2)c2ccccc2)c2ccccc2)c(C)c1,True,0.5681818181818182
template_augmentation,intramolecular_P_B_alkyl,P,phenyl,mesityl,phenyl,p_tolyl,C1,P(c1ccccc1)(c1c(C)cc(C)cc1C)CB(c1ccccc1)(c1ccc(C)cc1),Cc1ccc(B(CP(c2ccccc2)c2c(C)cc(C)cc2C)c2ccccc2)cc1,True,0.3958333333333333
template_augmentation,intramolecular_P_B_alkyl,P,phenyl,mesityl,phenyl,p_tolyl,C2,P(c1ccccc1)(c1c(C)cc(C)cc1C)CCB(c1ccccc1)(c1ccc(C)cc1),Cc1ccc(B(CCP(c2ccccc2)c2c(C)cc(C)cc2C)c2ccccc2)cc1,True,0.4166666666666667
template_augmentation,intramolecular_P_B_alkyl,P,phenyl,mesityl,phenyl,p_tolyl,C3,P(c1ccccc1)(c1c(C)cc(C)cc1C)CCCB(c1ccccc1)(c1ccc(C)cc1),Cc1ccc(B(CCCP(c2ccccc2)c2c(C)cc(C)cc2C)c2ccccc2)cc1,True,0.48936170212765956
template_augmentation,intramolecular_P_B_alkyl,P,phenyl,mesityl,phenyl,p_tolyl,C4,P(c1ccccc1)(c1c(C)cc(C)cc1C)CCCCB(c1ccccc1)(c1ccc(C)cc1),Cc1ccc(B(CCCCP(c2ccccc2)c2c(C)cc(C)cc2C)c2ccccc2)cc1,True,0.5434782608695652
template_augmentation,intramolecular_P_B_alkyl,P,phenyl,mesityl,phenyl,p_tolyl,C5,P(c1ccccc1)(c1c(C)cc(C)cc1C)CCCCCB(c1ccccc1)(c1ccc(C)cc1),Cc1ccc(B(CCCCCP(c2ccccc2)c2c(C)cc(C)cc2C)c2ccccc2)cc1,True,0.5319148936170213
template_augmentation,intramolecular_P_B_alkyl,P,phenyl,mesityl,phenyl,p_tolyl,C6,P(c1ccccc1)(c1c(C)cc(C)cc1C)CCCCCCB(c1ccccc1)(c1ccc(C)cc1),Cc1ccc(B(CCCCCCP(c2ccccc2)c2c(C)cc(C)cc2C)c2ccccc2)cc1,True,0.5319148936170213
template_augmentation,intramolecular_P_B_alkyl,P,phenyl,mesityl,phenyl,mesityl,C1,P(c1ccccc1)(c1c(C)cc(C)cc1C)CB(c1ccccc1)(c1c(C)cc(C)cc1C),Cc1cc(C)c(B(CP(c2ccccc2)c2c(C)cc(C)cc2C)c2ccccc2)c(C)c1,True,0.40425531914893614
template_augmentation,intramolecular_P_B_alkyl,P,phenyl,mesityl,phenyl,mesityl,C2,P(c1ccccc1)(c1c(C)cc(C)cc1C)CCB(c1ccccc1)(c1c(C)cc(C)cc1C),Cc1cc(C)c(B(CCP(c2ccccc2)c2c(C)cc(C)cc2C)c2ccccc2)c(C)c1,True,0.44680851063829785
template_augmentation,intramolecular_P_B_alkyl,P,phenyl,mesityl,phenyl,mesityl,C3,P(c1ccccc1)(c1c(C)cc(C)cc1C)CCCB(c1ccccc1)(c1c(C)cc(C)cc1C),Cc1cc(C)c(B(CCCP(c2ccccc2)c2c(C)cc(C)cc2C)c2ccccc2)c(C)c1,True,0.5217391304347826
template_augmentation,intramolecular_P_B_alkyl,P,phenyl,mesityl,phenyl,mesityl,C4,P(c1ccccc1)(c1c(C)cc(C)cc1C)CCCCB(c1ccccc1)(c1c(C)cc(C)cc1C),Cc1cc(C)c(B(CCCCP(c2ccccc2)c2c(C)cc(C)cc2C)c2ccccc2)c(C)c1,True,0.5777777777777777
template_augmentation,intramolecular_P_B_alkyl,P,phenyl,mesityl,phenyl,mesityl,C5,P(c1ccccc1)(c1c(C)cc(C)cc1C)CCCCCB(c1ccccc1)(c1c(C)cc(C)cc1C),Cc1cc(C)c(B(CCCCCP(c2ccccc2)c2c(C)cc(C)cc2C)c2ccccc2)c(C)c1,True,0.5652173913043478
template_augmentation,intramolecular_P_B_alkyl,P,phenyl,mesityl,phenyl,mesityl,C6,P(c1ccccc1)(c1c(C)cc(C)cc1C)CCCCCCB(c1ccccc1)(c1c(C)cc(C)cc1C),Cc1cc(C)c(B(CCCCCCP(c2ccccc2)c2c(C)cc(C)cc2C)c2ccccc2)c(C)c1,True,0.5652173913043478
template_augmentation,intramolecular_P_B_alkyl,P,phenyl,mesityl,phenyl,pentafluorophenyl,C1,P(c1ccccc1)(c1c(C)cc(C)cc1C)CB(c1ccccc1)(c1c(F)c(F)c(F)c(F)c1F),Cc1cc(C)c(P(CB(c2ccccc2)c2c(F)c(F)c(F)c(F)c2F)c2ccccc2)c(C)c1,True,0.5217391304347826
template_augmentation,intramolecular_P_B_alkyl,P,phenyl,mesityl,phenyl,pentafluorophenyl,C2,P(c1ccccc1)(c1c(C)cc(C)cc1C)CCB(c1ccccc1)(c1c(F)c(F)c(F)c(F)c1F),Cc1cc(C)c(P(CCB(c2ccccc2)c2c(F)c(F)c(F)c(F)c2F)c2ccccc2)c(C)c1,True,0.5681818181818182
template_augmentation,intramolecular_P_B_alkyl,P,phenyl,mesityl,phenyl,pentafluorophenyl,C3,P(c1ccccc1)(c1c(C)cc(C)cc1C)CCCB(c1ccccc1)(c1c(F)c(F)c(F)c(F)c1F),Cc1cc(C)c(P(CCCB(c2ccccc2)c2c(F)c(F)c(F)c(F)c2F)c2ccccc2)c(C)c1,True,0.6444444444444445
template_augmentation,intramolecular_P_B_alkyl,P,phenyl,mesityl,phenyl,pentafluorophenyl,C4,P(c1ccccc1)(c1c(C)cc(C)cc1C)CCCCB(c1ccccc1)(c1c(F)c(F)c(F)c(F)c1F),Cc1cc(C)c(P(CCCCB(c2ccccc2)c2c(F)c(F)c(F)c(F)c2F)c2ccccc2)c(C)c1,True,0.7045454545454546
template_augmentation,intramolecular_P_B_alkyl,P,phenyl,mesityl,phenyl,pentafluorophenyl,C5,P(c1ccccc1)(c1c(C)cc(C)cc1C)CCCCCB(c1ccccc1)(c1c(F)c(F)c(F)c(F)c1F),Cc1cc(C)c(P(CCCCCB(c2ccccc2)c2c(F)c(F)c(F)c(F)c2F)c2ccccc2)c(C)c1,True,0.6888888888888889
template_augmentation,intramolecular_P_B_alkyl,P,phenyl,mesityl,phenyl,pentafluorophenyl,C6,P(c1ccccc1)(c1c(C)cc(C)cc1C)CCCCCCB(c1ccccc1)(c1c(F)c(F)c(F)c(F)c1F),Cc1cc(C)c(P(CCCCCCB(c2ccccc2)c2c(F)c(F)c(F)c(F)c2F)c2ccccc2)c(C)c1,True,0.6888888888888889
template_augmentation,intramolecular_P_B_alkyl,P,phenyl,mesityl,phenyl,pentachlorophenyl,C1,P(c1ccccc1)(c1c(C)cc(C)cc1C)CB(c1ccccc1)(c1c(Cl)c(Cl)c(Cl)c(Cl)c1Cl),Cc1cc(C)c(P(CB(c2ccccc2)c2c(Cl)c(Cl)c(Cl)c(Cl)c2Cl)c2ccccc2)c(C)c1,True,0.5333333333333333
template_augmentation,intramolecular_P_B_alkyl,P,phenyl,mesityl,phenyl,pentachlorophenyl,C2,P(c1ccccc1)(c1c(C)cc(C)cc1C)CCB(c1ccccc1)(c1c(Cl)c(Cl)c(Cl)c(Cl)c1Cl),Cc1cc(C)c(P(CCB(c2ccccc2)c2c(Cl)c(Cl)c(Cl)c(Cl)c2Cl)c2ccccc2)c(C)c1,True,0.5813953488372093
template_augmentation,intramolecular_P_B_alkyl,P,phenyl,mesityl,phenyl,pentachlorophenyl,C3,P(c1ccccc1)(c1c(C)cc(C)cc1C)CCCB(c1ccccc1)(c1c(Cl)c(Cl)c(Cl)c(Cl)c1Cl),Cc1cc(C)c(P(CCCB(c2ccccc2)c2c(Cl)c(Cl)c(Cl)c(Cl)c2Cl)c2ccccc2)c(C)c1,True,0.6590909090909091
template_augmentation,intramolecular_P_B_alkyl,P,phenyl,mesityl,phenyl,pentachlorophenyl,C4,P(c1ccccc1)(c1c(C)cc(C)cc1C)CCCCB(c1ccccc1)(c1c(Cl)c(Cl)c(Cl)c(Cl)c1Cl),Cc1cc(C)c(P(CCCCB(c2ccccc2)c2c(Cl)c(Cl)c(Cl)c(Cl)c2Cl)c2ccccc2)c(C)c1,True,0.7209302325581395
template_augmentation,intramolecular_P_B_alkyl,P,phenyl,mesityl,phenyl,pentachlorophenyl,C5,P(c1ccccc1)(c1c(C)cc(C)cc1C)CCCCCB(c1ccccc1)(c1c(Cl)c(Cl)c(Cl)c(Cl)c1Cl),Cc1cc(C)c(P(CCCCCB(c2ccccc2)c2c(Cl)c(Cl)c(Cl)c(Cl)c2Cl)c2ccccc2)c(C)c1,True,0.7045454545454546
template_augmentation,intramolecular_P_B_alkyl,P,phenyl,mesityl,phenyl,pentachlorophenyl,C6,P(c1ccccc1)(c1c(C)cc(C)cc1C)CCCCCCB(c1ccccc1)(c1c(Cl)c(Cl)c(Cl)c(Cl)c1Cl),Cc1cc(C)c(P(CCCCCCB(c2ccccc2)c2c(Cl)c(Cl)c(Cl)c(Cl)c2Cl)c2ccccc2)c(C)c1,True,0.7045454545454546
template_augmentation,intramolecular_P_B_alkyl,P,phenyl,mesityl,phenyl,bis_cf3_phenyl,C1,P(c1ccccc1)(c1c(C)cc(C)cc1C)CB(c1ccccc1)(c1cc(C(F)(F)F)cc(C(F)(F)F)c1),Cc1cc(C)c(P(CB(c2ccccc2)c2cc(C(F)(F)F)cc(C(F)(F)F)c2)c2ccccc2)c(C)c1,True,0.45652173913043476
template_augmentation,intramolecular_P_B_alkyl,P,phenyl,mesityl,phenyl,bis_cf3_phenyl,C2,P(c1ccccc1)(c1c(C)cc(C)cc1C)CCB(c1ccccc1)(c1cc(C(F)(F)F)cc(C(F)(F)F)c1),Cc1cc(C)c(P(CCB(c2ccccc2)c2cc(C(F)(F)F)cc(C(F)(F)F)c2)c2ccccc2)c(C)c1,True,0.38
template_augmentation,intramolecular_P_B_alkyl,P,phenyl,mesityl,phenyl,bis_cf3_phenyl,C3,P(c1ccccc1)(c1c(C)cc(C)cc1C)CCCB(c1ccccc1)(c1cc(C(F)(F)F)cc(C(F)(F)F)c1),Cc1cc(C)c(P(CCCB(c2ccccc2)c2cc(C(F)(F)F)cc(C(F)(F)F)c2)c2ccccc2)c(C)c1,True,0.42592592592592593
template_augmentation,intramolecular_P_B_alkyl,P,phenyl,mesityl,phenyl,bis_cf3_phenyl,C4,P(c1ccccc1)(c1c(C)cc(C)cc1C)CCCCB(c1ccccc1)(c1cc(C(F)(F)F)cc(C(F)(F)F)c1),Cc1cc(C)c(P(CCCCB(c2ccccc2)c2cc(C(F)(F)F)cc(C(F)(F)F)c2)c2ccccc2)c(C)c1,True,0.4716981132075472
template_augmentation,intramolecular_P_B_alkyl,P,phenyl,mesityl,phenyl,bis_cf3_phenyl,C5,P(c1ccccc1)(c1c(C)cc(C)cc1C)CCCCCB(c1ccccc1)(c1cc(C(F)(F)F)cc(C(F)(F)F)c1),Cc1cc(C)c(P(CCCCCB(c2ccccc2)c2cc(C(F)(F)F)cc(C(F)(F)F)c2)c2ccccc2)c(C)c1,True,0.46296296296296297
template_augmentation,intramolecular_P_B_alkyl,P,phenyl,mesityl,phenyl,bis_cf3_phenyl,C6,P(c1ccccc1)(c1c(C)cc(C)cc1C)CCCCCCB(c1ccccc1)(c1cc(C(F)(F)F)cc(C(F)(F)F)c1),Cc1cc(C)c(P(CCCCCCB(c2ccccc2)c2cc(C(F)(F)F)cc(C(F)(F)F)c2)c2ccccc2)c(C)c1,True,0.46296296296296297
template_augmentation,intramolecular_P_B_alkyl,P,phenyl,mesityl,p_tolyl,p_tolyl,C1,P(c1ccccc1)(c1c(C)cc(C)cc1C)CB(c1ccc(C)cc1)(c1ccc(C)cc1),Cc1ccc(B(CP(c2ccccc2)c2c(C)cc(C)cc2C)c2ccc(C)cc2)cc1,True,0.40425531914893614
template_augmentation,intramolecular_P_B_alkyl,P,phenyl,mesityl,p_tolyl,p_tolyl,C2,P(c1ccccc1)(c1c(C)cc(C)cc1C)CCB(c1ccc(C)cc1)(c1ccc(C)cc1),Cc1ccc(B(CCP(c2ccccc2)c2c(C)cc(C)cc2C)c2ccc(C)cc2)cc1,True,0.425531914893617
template_augmentation,intramolecular_P_B_alkyl,P,phenyl,mesityl,p_tolyl,p_tolyl,C3,P(c1ccccc1)(c1c(C)cc(C)cc1C)CCCB(c1ccc(C)cc1)(c1ccc(C)cc1),Cc1ccc(B(CCCP(c2ccccc2)c2c(C)cc(C)cc2C)c2ccc(C)cc2)cc1,True,0.5
template_augmentation,intramolecular_P_B_alkyl,P,phenyl,mesityl,p_tolyl,p_tolyl,C4,P(c1ccccc1)(c1c(C)cc(C)cc1C)CCCCB(c1ccc(C)cc1)(c1ccc(C)cc1),Cc1ccc(B(CCCCP(c2ccccc2)c2c(C)cc(C)cc2C)c2ccc(C)cc2)cc1,True,0.5555555555555556
template_augmentation,intramolecular_P_B_alkyl,P,phenyl,mesityl,p_tolyl,p_tolyl,C5,P(c1ccccc1)(c1c(C)cc(C)cc1C)CCCCCB(c1ccc(C)cc1)(c1ccc(C)cc1),Cc1ccc(B(CCCCCP(c2ccccc2)c2c(C)cc(C)cc2C)c2ccc(C)cc2)cc1,True,0.5434782608695652
template_augmentation,intramolecular_P_B_alkyl,P,phenyl,mesityl,p_tolyl,p_tolyl,C6,P(c1ccccc1)(c1c(C)cc(C)cc1C)CCCCCCB(c1ccc(C)cc1)(c1ccc(C)cc1),Cc1ccc(B(CCCCCCP(c2ccccc2)c2c(C)cc(C)cc2C)c2ccc(C)cc2)cc1,True,0.5434782608695652
template_augmentation,intramolecular_P_B_alkyl,P,phenyl,mesityl,p_tolyl,mesityl,C1,P(c1ccccc1)(c1c(C)cc(C)cc1C)CB(c1ccc(C)cc1)(c1c(C)cc(C)cc1C),Cc1ccc(B(CP(c2ccccc2)c2c(C)cc(C)cc2C)c2c(C)cc(C)cc2C)cc1,True,0.3877551020408163
template_augmentation,intramolecular_P_B_alkyl,P,phenyl,mesityl,p_tolyl,mesityl,C2,P(c1ccccc1)(c1c(C)cc(C)cc1C)CCB(c1ccc(C)cc1)(c1c(C)cc(C)cc1C),Cc1ccc(B(CCP(c2ccccc2)c2c(C)cc(C)cc2C)c2c(C)cc(C)cc2C)cc1,True,0.42857142857142855
template_augmentation,intramolecular_P_B_alkyl,P,phenyl,mesityl,p_tolyl,mesityl,C3,P(c1ccccc1)(c1c(C)cc(C)cc1C)CCCB(c1ccc(C)cc1)(c1c(C)cc(C)cc1C),Cc1ccc(B(CCCP(c2ccccc2)c2c(C)cc(C)cc2C)c2c(C)cc(C)cc2C)cc1,True,0.5
template_augmentation,intramolecular_P_B_alkyl,P,phenyl,mesityl,p_tolyl,mesityl,C4,P(c1ccccc1)(c1c(C)cc(C)cc1C)CCCCB(c1ccc(C)cc1)(c1c(C)cc(C)cc1C),Cc1ccc(B(CCCCP(c2ccccc2)c2c(C)cc(C)cc2C)c2c(C)cc(C)cc2C)cc1,True,0.5531914893617021
template_augmentation,intramolecular_P_B_alkyl,P,phenyl,mesityl,p_tolyl,mesityl,C5,P(c1ccccc1)(c1c(C)cc(C)cc1C)CCCCCB(c1ccc(C)cc1)(c1c(C)cc(C)cc1C),Cc1ccc(B(CCCCCP(c2ccccc2)c2c(C)cc(C)cc2C)c2c(C)cc(C)cc2C)cc1,True,0.5416666666666666
template_augmentation,intramolecular_P_B_alkyl,P,phenyl,mesityl,p_tolyl,mesityl,C6,P(c1ccccc1)(c1c(C)cc(C)cc1C)CCCCCCB(c1ccc(C)cc1)(c1c(C)cc(C)cc1C),Cc1ccc(B(CCCCCCP(c2ccccc2)c2c(C)cc(C)cc2C)c2c(C)cc(C)cc2C)cc1,True,0.5416666666666666
template_augmentation,intramolecular_P_B_alkyl,P,phenyl,mesityl,p_tolyl,pentafluorophenyl,C1,P(c1ccccc1)(c1c(C)cc(C)cc1C)CB(c1ccc(C)cc1)(c1c(F)c(F)c(F)c(F)c1F),Cc1ccc(B(CP(c2ccccc2)c2c(C)cc(C)cc2C)c2c(F)c(F)c(F)c(F)c2F)cc1,True,0.5
template_augmentation,intramolecular_P_B_alkyl,P,phenyl,mesityl,p_tolyl,pentafluorophenyl,C2,P(c1ccccc1)(c1c(C)cc(C)cc1C)CCB(c1ccc(C)cc1)(c1c(F)c(F)c(F)c(F)c1F),Cc1ccc(B(CCP(c2ccccc2)c2c(C)cc(C)cc2C)c2c(F)c(F)c(F)c(F)c2F)cc1,True,0.5434782608695652
template_augmentation,intramolecular_P_B_alkyl,P,phenyl,mesityl,p_tolyl,pentafluorophenyl,C3,P(c1ccccc1)(c1c(C)cc(C)cc1C)CCCB(c1ccc(C)cc1)(c1c(F)c(F)c(F)c(F)c1F),Cc1ccc(B(CCCP(c2ccccc2)c2c(C)cc(C)cc2C)c2c(F)c(F)c(F)c(F)c2F)cc1,True,0.6170212765957447
template_augmentation,intramolecular_P_B_alkyl,P,phenyl,mesityl,p_tolyl,pentafluorophenyl,C4,P(c1ccccc1)(c1c(C)cc(C)cc1C)CCCCB(c1ccc(C)cc1)(c1c(F)c(F)c(F)c(F)c1F),Cc1ccc(B(CCCCP(c2ccccc2)c2c(C)cc(C)cc2C)c2c(F)c(F)c(F)c(F)c2F)cc1,True,0.6739130434782609
template_augmentation,intramolecular_P_B_alkyl,P,phenyl,mesityl,p_tolyl,pentafluorophenyl,C5,P(c1ccccc1)(c1c(C)cc(C)cc1C)CCCCCB(c1ccc(C)cc1)(c1c(F)c(F)c(F)c(F)c1F),Cc1ccc(B(CCCCCP(c2ccccc2)c2c(C)cc(C)cc2C)c2c(F)c(F)c(F)c(F)c2F)cc1,True,0.6595744680851063
template_augmentation,intramolecular_P_B_alkyl,P,phenyl,mesityl,p_tolyl,pentafluorophenyl,C6,P(c1ccccc1)(c1c(C)cc(C)cc1C)CCCCCCB(c1ccc(C)cc1)(c1c(F)c(F)c(F)c(F)c1F),Cc1ccc(B(CCCCCCP(c2ccccc2)c2c(C)cc(C)cc2C)c2c(F)c(F)c(F)c(F)c2F)cc1,True,0.6595744680851063
template_augmentation,intramolecular_P_B_alkyl,P,phenyl,mesityl,p_tolyl,pentachlorophenyl,C1,P(c1ccccc1)(c1c(C)cc(C)cc1C)CB(c1ccc(C)cc1)(c1c(Cl)c(Cl)c(Cl)c(Cl)c1Cl),Cc1ccc(B(CP(c2ccccc2)c2c(C)cc(C)cc2C)c2c(Cl)c(Cl)c(Cl)c(Cl)c2Cl)cc1,True,0.5106382978723404
template_augmentation,intramolecular_P_B_alkyl,P,phenyl,mesityl,p_tolyl,pentachlorophenyl,C2,P(c1ccccc1)(c1c(C)cc(C)cc1C)CCB(c1ccc(C)cc1)(c1c(Cl)c(Cl)c(Cl)c(Cl)c1Cl),Cc1ccc(B(CCP(c2ccccc2)c2c(C)cc(C)cc2C)c2c(Cl)c(Cl)c(Cl)c(Cl)c2Cl)cc1,True,0.5555555555555556
template_augmentation,intramolecular_P_B_alkyl,P,phenyl,mesityl,p_tolyl,pentachlorophenyl,C3,P(c1ccccc1)(c1c(C)cc(C)cc1C)CCCB(c1ccc(C)cc1)(c1c(Cl)c(Cl)c(Cl)c(Cl)c1Cl),Cc1ccc(B(CCCP(c2ccccc2)c2c(C)cc(C)cc2C)c2c(Cl)c(Cl)c(Cl)c(Cl)c2Cl)cc1,True,0.6304347826086957
template_augmentation,intramolecular_P_B_alkyl,P,phenyl,mesityl,p_tolyl,pentachlorophenyl,C4,P(c1ccccc1)(c1c(C)cc(C)cc1C)CCCCB(c1ccc(C)cc1)(c1c(Cl)c(Cl)c(Cl)c(Cl)c1Cl),Cc1ccc(B(CCCCP(c2ccccc2)c2c(C)cc(C)cc2C)c2c(Cl)c(Cl)c(Cl)c(Cl)c2Cl)cc1,True,0.6888888888888889
template_augmentation,intramolecular_P_B_alkyl,P,phenyl,mesityl,p_tolyl,pentachlorophenyl,C5,P(c1ccccc1)(c1c(C)cc(C)cc1C)CCCCCB(c1ccc(C)cc1)(c1c(Cl)c(Cl)c(Cl)c(Cl)c1Cl),Cc1ccc(B(CCCCCP(c2ccccc2)c2c(C)cc(C)cc2C)c2c(Cl)c(Cl)c(Cl)c(Cl)c2Cl)cc1,True,0.6739130434782609
template_augmentation,intramolecular_P_B_alkyl,P,phenyl,mesityl,p_tolyl,pentachlorophenyl,C6,P(c1ccccc1)(c1c(C)cc(C)cc1C)CCCCCCB(c1ccc(C)cc1)(c1c(Cl)c(Cl)c(Cl)c(Cl)c1Cl),Cc1ccc(B(CCCCCCP(c2ccccc2)c2c(C)cc(C)cc2C)c2c(Cl)c(Cl)c(Cl)c(Cl)c2Cl)cc1,True,0.6739130434782609
template_augmentation,intramolecular_P_B_alkyl,P,phenyl,mesityl,p_tolyl,bis_cf3_phenyl,C1,P(c1ccccc1)(c1c(C)cc(C)cc1C)CB(c1ccc(C)cc1)(c1cc(C(F)(F)F)cc(C(F)(F)F)c1),Cc1ccc(B(CP(c2ccccc2)c2c(C)cc(C)cc2C)c2cc(C(F)(F)F)cc(C(F)(F)F)c2)cc1,True,0.4375
template_augmentation,intramolecular_P_B_alkyl,P,phenyl,mesityl,p_tolyl,bis_cf3_phenyl,C2,P(c1ccccc1)(c1c(C)cc(C)cc1C)CCB(c1ccc(C)cc1)(c1cc(C(F)(F)F)cc(C(F)(F)F)c1),Cc1ccc(B(CCP(c2ccccc2)c2c(C)cc(C)cc2C)c2cc(C(F)(F)F)cc(C(F)(F)F)c2)cc1,True,0.36538461538461536
template_augmentation,intramolecular_P_B_alkyl,P,phenyl,mesityl,p_tolyl,bis_cf3_phenyl,C3,P(c1ccccc1)(c1c(C)cc(C)cc1C)CCCB(c1ccc(C)cc1)(c1cc(C(F)(F)F)cc(C(F)(F)F)c1),Cc1ccc(B(CCCP(c2ccccc2)c2c(C)cc(C)cc2C)c2cc(C(F)(F)F)cc(C(F)(F)F)c2)cc1,True,0.4107142857142857
template_augmentation,intramolecular_P_B_alkyl,P,phenyl,mesityl,p_tolyl,bis_cf3_phenyl,C4,P(c1ccccc1)(c1c(C)cc(C)cc1C)CCCCB(c1ccc(C)cc1)(c1cc(C(F)(F)F)cc(C(F)(F)F)c1),Cc1ccc(B(CCCCP(c2ccccc2)c2c(C)cc(C)cc2C)c2cc(C(F)(F)F)cc(C(F)(F)F)c2)cc1,True,0.45454545454545453
template_augmentation,intramolecular_P_B_alkyl,P,phenyl,mesityl,p_tolyl,bis_cf3_phenyl,C5,P(c1ccccc1)(c1c(C)cc(C)cc1C)CCCCCB(c1ccc(C)cc1)(c1cc(C(F)(F)F)cc(C(F)(F)F)c1),Cc1ccc(B(CCCCCP(c2ccccc2)c2c(C)cc(C)cc2C)c2cc(C(F)(F)F)cc(C(F)(F)F)c2)cc1,True,0.44642857142857145
template_augmentation,intramolecular_P_B_alkyl,P,phenyl,mesityl,p_tolyl,bis_cf3_phenyl,C6,P(c1ccccc1)(c1c(C)cc(C)cc1C)CCCCCCB(c1ccc(C)cc1)(c1cc(C(F)(F)F)cc(C(F)(F)F)c1),Cc1ccc(B(CCCCCCP(c2ccccc2)c2c(C)cc(C)cc2C)c2cc(C(F)(F)F)cc(C(F)(F)F)c2)cc1,True,0.44642857142857145
template_augmentation,intramolecular_P_B_alkyl,P,phenyl,mesityl,mesityl,mesityl,C1,P(c1ccccc1)(c1c(C)cc(C)cc1C)CB(c1c(C)cc(C)cc1C)(c1c(C)cc(C)cc1C),Cc1cc(C)c(B(CP(c2ccccc2)c2c(C)cc(C)cc2C)c2c(C)cc(C)cc2C)c(C)c1,True,0.4222222222222222
template_augmentation,intramolecular_P_B_alkyl,P,phenyl,mesityl,mesityl,mesityl,C2,P(c1ccccc1)(c1c(C)cc(C)cc1C)CCB(c1c(C)cc(C)cc1C)(c1c(C)cc(C)cc1C),Cc1cc(C)c(B(CCP(c2ccccc2)c2c(C)cc(C)cc2C)c2c(C)cc(C)cc2C)c(C)c1,True,0.5
template_augmentation,intramolecular_P_B_alkyl,P,phenyl,mesityl,mesityl,mesityl,C3,P(c1ccccc1)(c1c(C)cc(C)cc1C)CCCB(c1c(C)cc(C)cc1C)(c1c(C)cc(C)cc1C),Cc1cc(C)c(B(CCCP(c2ccccc2)c2c(C)cc(C)cc2C)c2c(C)cc(C)cc2C)c(C)c1,True,0.5813953488372093
template_augmentation,intramolecular_P_B_alkyl,P,phenyl,mesityl,mesityl,mesityl,C4,P(c1ccccc1)(c1c(C)cc(C)cc1C)CCCCB(c1c(C)cc(C)cc1C)(c1c(C)cc(C)cc1C),Cc1cc(C)c(B(CCCCP(c2ccccc2)c2c(C)cc(C)cc2C)c2c(C)cc(C)cc2C)c(C)c1,True,0.6428571428571429
template_augmentation,intramolecular_P_B_alkyl,P,phenyl,mesityl,mesityl,mesityl,C5,P(c1ccccc1)(c1c(C)cc(C)cc1C)CCCCCB(c1c(C)cc(C)cc1C)(c1c(C)cc(C)cc1C),Cc1cc(C)c(B(CCCCCP(c2ccccc2)c2c(C)cc(C)cc2C)c2c(C)cc(C)cc2C)c(C)c1,True,0.627906976744186
template_augmentation,intramolecular_P_B_alkyl,P,phenyl,mesityl,mesityl,mesityl,C6,P(c1ccccc1)(c1c(C)cc(C)cc1C)CCCCCCB(c1c(C)cc(C)cc1C)(c1c(C)cc(C)cc1C),Cc1cc(C)c(B(CCCCCCP(c2ccccc2)c2c(C)cc(C)cc2C)c2c(C)cc(C)cc2C)c(C)c1,True,0.627906976744186
template_augmentation,intramolecular_P_B_alkyl,P,phenyl,mesityl,mesityl,pentafluorophenyl,C1,P(c1ccccc1)(c1c(C)cc(C)cc1C)CB(c1c(C)cc(C)cc1C)(c1c(F)c(F)c(F)c(F)c1F),Cc1cc(C)c(B(CP(c2ccccc2)c2c(C)cc(C)cc2C)c2c(F)c(F)c(F)c(F)c2F)c(C)c1,True,0.5217391304347826
template_augmentation,intramolecular_P_B_alkyl,P,phenyl,mesityl,mesityl,pentafluorophenyl,C2,P(c1ccccc1)(c1c(C)cc(C)cc1C)CCB(c1c(C)cc(C)cc1C)(c1c(F)c(F)c(F)c(F)c1F),Cc1cc(C)c(B(CCP(c2ccccc2)c2c(C)cc(C)cc2C)c2c(F)c(F)c(F)c(F)c2F)c(C)c1,True,0.6046511627906976
template_augmentation,intramolecular_P_B_alkyl,P,phenyl,mesityl,mesityl,pentafluorophenyl,C3,P(c1ccccc1)(c1c(C)cc(C)cc1C)CCCB(c1c(C)cc(C)cc1C)(c1c(F)c(F)c(F)c(F)c1F),Cc1cc(C)c(B(CCCP(c2ccccc2)c2c(C)cc(C)cc2C)c2c(F)c(F)c(F)c(F)c2F)c(C)c1,True,0.6818181818181818
template_augmentation,intramolecular_P_B_alkyl,P,phenyl,mesityl,mesityl,pentafluorophenyl,C4,P(c1ccccc1)(c1c(C)cc(C)cc1C)CCCCB(c1c(C)cc(C)cc1C)(c1c(F)c(F)c(F)c(F)c1F),Cc1cc(C)c(B(CCCCP(c2ccccc2)c2c(C)cc(C)cc2C)c2c(F)c(F)c(F)c(F)c2F)c(C)c1,True,0.7441860465116279
template_augmentation,intramolecular_P_B_alkyl,P,phenyl,mesityl,mesityl,pentafluorophenyl,C5,P(c1ccccc1)(c1c(C)cc(C)cc1C)CCCCCB(c1c(C)cc(C)cc1C)(c1c(F)c(F)c(F)c(F)c1F),Cc1cc(C)c(B(CCCCCP(c2ccccc2)c2c(C)cc(C)cc2C)c2c(F)c(F)c(F)c(F)c2F)c(C)c1,True,0.7272727272727273
template_augmentation,intramolecular_P_B_alkyl,P,phenyl,mesityl,mesityl,pentafluorophenyl,C6,P(c1ccccc1)(c1c(C)cc(C)cc1C)CCCCCCB(c1c(C)cc(C)cc1C)(c1c(F)c(F)c(F)c(F)c1F),Cc1cc(C)c(B(CCCCCCP(c2ccccc2)c2c(C)cc(C)cc2C)c2c(F)c(F)c(F)c(F)c2F)c(C)c1,True,0.7272727272727273
template_augmentation,intramolecular_P_B_alkyl,P,phenyl,mesityl,mesityl,pentachlorophenyl,C1,P(c1ccccc1)(c1c(C)cc(C)cc1C)CB(c1c(C)cc(C)cc1C)(c1c(Cl)c(Cl)c(Cl)c(Cl)c1Cl),Cc1cc(C)c(B(CP(c2ccccc2)c2c(C)cc(C)cc2C)c2c(Cl)c(Cl)c(Cl)c(Cl)c2Cl)c(C)c1,True,0.5333333333333333
template_augmentation,intramolecular_P_B_alkyl,P,phenyl,mesityl,mesityl,pentachlorophenyl,C2,P(c1ccccc1)(c1c(C)cc(C)cc1C)CCB(c1c(C)cc(C)cc1C)(c1c(Cl)c(Cl)c(Cl)c(Cl)c1Cl),Cc1cc(C)c(B(CCP(c2ccccc2)c2c(C)cc(C)cc2C)c2c(Cl)c(Cl)c(Cl)c(Cl)c2Cl)c(C)c1,True,0.6190476190476191
template_augmentation,intramolecular_P_B_alkyl,P,phenyl,mesityl,mesityl,pentachlorophenyl,C3,P(c1ccccc1)(c1c(C)cc(C)cc1C)CCCB(c1c(C)cc(C)cc1C)(c1c(Cl)c(Cl)c(Cl)c(Cl)c1Cl),Cc1cc(C)c(B(CCCP(c2ccccc2)c2c(C)cc(C)cc2C)c2c(Cl)c(Cl)c(Cl)c(Cl)c2Cl)c(C)c1,True,0.6976744186046512
template_augmentation,intramolecular_P_B_alkyl,P,phenyl,mesityl,mesityl,pentachlorophenyl,C4,P(c1ccccc1)(c1c(C)cc(C)cc1C)CCCCB(c1c(C)cc(C)cc1C)(c1c(Cl)c(Cl)c(Cl)c(Cl)c1Cl),Cc1cc(C)c(B(CCCCP(c2ccccc2)c2c(C)cc(C)cc2C)c2c(Cl)c(Cl)c(Cl)c(Cl)c2Cl)c(C)c1,True,0.7619047619047619
template_augmentation,intramolecular_P_B_alkyl,P,phenyl,mesityl,mesityl,pentachlorophenyl,C5,P(c1ccccc1)(c1c(C)cc(C)cc1C)CCCCCB(c1c(C)cc(C)cc1C)(c1c(Cl)c(Cl)c(Cl)c(Cl)c1Cl),Cc1cc(C)c(B(CCCCCP(c2ccccc2)c2c(C)cc(C)cc2C)c2c(Cl)c(Cl)c(Cl)c(Cl)c2Cl)c(C)c1,True,0.7441860465116279
template_augmentation,intramolecular_P_B_alkyl,P,phenyl,mesityl,mesityl,pentachlorophenyl,C6,P(c1ccccc1)(c1c(C)cc(C)cc1C)CCCCCCB(c1c(C)cc(C)cc1C)(c1c(Cl)c(Cl)c(Cl)c(Cl)c1Cl),Cc1cc(C)c(B(CCCCCCP(c2ccccc2)c2c(C)cc(C)cc2C)c2c(Cl)c(Cl)c(Cl)c(Cl)c2Cl)c(C)c1,True,0.7441860465116279
template_augmentation,intramolecular_P_B_alkyl,P,phenyl,mesityl,mesityl,bis_cf3_phenyl,C1,P(c1ccccc1)(c1c(C)cc(C)cc1C)CB(c1c(C)cc(C)cc1C)(c1cc(C(F)(F)F)cc(C(F)(F)F)c1),Cc1cc(C)c(B(CP(c2ccccc2)c2c(C)cc(C)cc2C)c2cc(C(F)(F)F)cc(C(F)(F)F)c2)c(C)c1,True,0.4166666666666667
template_augmentation,intramolecular_P_B_alkyl,P,phenyl,mesityl,mesityl,bis_cf3_phenyl,C2,P(c1ccccc1)(c1c(C)cc(C)cc1C)CCB(c1c(C)cc(C)cc1C)(c1cc(C(F)(F)F)cc(C(F)(F)F)c1),Cc1cc(C)c(B(CCP(c2ccccc2)c2c(C)cc(C)cc2C)c2cc(C(F)(F)F)cc(C(F)(F)F)c2)c(C)c1,True,0.38181818181818183
template_augmentation,intramolecular_P_B_alkyl,P,phenyl,mesityl,mesityl,bis_cf3_phenyl,C3,P(c1ccccc1)(c1c(C)cc(C)cc1C)CCCB(c1c(C)cc(C)cc1C)(c1cc(C(F)(F)F)cc(C(F)(F)F)c1),Cc1cc(C)c(B(CCCP(c2ccccc2)c2c(C)cc(C)cc2C)c2cc(C(F)(F)F)cc(C(F)(F)F)c2)c(C)c1,True,0.4444444444444444
template_augmentation,intramolecular_P_B_alkyl,P,phenyl,mesityl,mesityl,bis_cf3_phenyl,C4,P(c1ccccc1)(c1c(C)cc(C)cc1C)CCCCB(c1c(C)cc(C)cc1C)(c1cc(C(F)(F)F)cc(C(F)(F)F)c1),Cc1cc(C)c(B(CCCCP(c2ccccc2)c2c(C)cc(C)cc2C)c2cc(C(F)(F)F)cc(C(F)(F)F)c2)c(C)c1,True,0.49056603773584906
template_augmentation,intramolecular_P_B_alkyl,P,phenyl,mesityl,mesityl,bis_cf3_phenyl,C5,P(c1ccccc1)(c1c(C)cc(C)cc1C)CCCCCB(c1c(C)cc(C)cc1C)(c1cc(C(F)(F)F)cc(C(F)(F)F)c1),Cc1cc(C)c(B(CCCCCP(c2ccccc2)c2c(C)cc(C)cc2C)c2cc(C(F)(F)F)cc(C(F)(F)F)c2)c(C)c1,True,0.48148148148148145
template_augmentation,intramolecular_P_B_alkyl,P,phenyl,mesityl,mesityl,bis_cf3_phenyl,C6,P(c1ccccc1)(c1c(C)cc(C)cc1C)CCCCCCB(c1c(C)cc(C)cc1C)(c1cc(C(F)(F)F)cc(C(F)(F)F)c1),Cc1cc(C)c(B(CCCCCCP(c2ccccc2)c2c(C)cc(C)cc2C)c2cc(C(F)(F)F)cc(C(F)(F)F)c2)c(C)c1,True,0.48148148148148145
template_augmentation,intramolecular_P_B_alkyl,P,phenyl,mesityl,pentafluorophenyl,pentafluorophenyl,C1,P(c1ccccc1)(c1c(C)cc(C)cc1C)CB(c1c(F)c(F)c(F)c(F)c1F)(c1c(F)c(F)c(F)c(F)c1F),Cc1cc(C)c(P(CB(c2c(F)c(F)c(F)c(F)c2F)c2c(F)c(F)c(F)c(F)c2F)c2ccccc2)c(C)c1,True,0.5454545454545454
template_augmentation,intramolecular_P_B_alkyl,P,phenyl,mesityl,pentafluorophenyl,pentafluorophenyl,C2,P(c1ccccc1)(c1c(C)cc(C)cc1C)CCB(c1c(F)c(F)c(F)c(F)c1F)(c1c(F)c(F)c(F)c(F)c1F),Cc1cc(C)c(P(CCB(c2c(F)c(F)c(F)c(F)c2F)c2c(F)c(F)c(F)c(F)c2F)c2ccccc2)c(C)c1,True,0.6341463414634146
template_augmentation,intramolecular_P_B_alkyl,P,phenyl,mesityl,pentafluorophenyl,pentafluorophenyl,C3,P(c1ccccc1)(c1c(C)cc(C)cc1C)CCCB(c1c(F)c(F)c(F)c(F)c1F)(c1c(F)c(F)c(F)c(F)c1F),Cc1cc(C)c(P(CCCB(c2c(F)c(F)c(F)c(F)c2F)c2c(F)c(F)c(F)c(F)c2F)c2ccccc2)c(C)c1,True,0.7142857142857143
template_augmentation,intramolecular_P_B_alkyl,P,phenyl,mesityl,pentafluorophenyl,pentafluorophenyl,C4,P(c1ccccc1)(c1c(C)cc(C)cc1C)CCCCB(c1c(F)c(F)c(F)c(F)c1F)(c1c(F)c(F)c(F)c(F)c1F),Cc1cc(C)c(P(CCCCB(c2c(F)c(F)c(F)c(F)c2F)c2c(F)c(F)c(F)c(F)c2F)c2ccccc2)c(C)c1,True,0.7804878048780488
template_augmentation,intramolecular_P_B_alkyl,P,phenyl,mesityl,pentafluorophenyl,pentafluorophenyl,C5,P(c1ccccc1)(c1c(C)cc(C)cc1C)CCCCCB(c1c(F)c(F)c(F)c(F)c1F)(c1c(F)c(F)c(F)c(F)c1F),Cc1cc(C)c(P(CCCCCB(c2c(F)c(F)c(F)c(F)c2F)c2c(F)c(F)c(F)c(F)c2F)c2ccccc2)c(C)c1,True,0.7619047619047619
template_augmentation,intramolecular_P_B_alkyl,P,phenyl,mesityl,pentafluorophenyl,pentafluorophenyl,C6,P(c1ccccc1)(c1c(C)cc(C)cc1C)CCCCCCB(c1c(F)c(F)c(F)c(F)c1F)(c1c(F)c(F)c(F)c(F)c1F),Cc1cc(C)c(P(CCCCCCB(c2c(F)c(F)c(F)c(F)c2F)c2c(F)c(F)c(F)c(F)c2F)c2ccccc2)c(C)c1,True,0.7619047619047619
template_augmentation,intramolecular_P_B_alkyl,P,phenyl,mesityl,pentafluorophenyl,pentachlorophenyl,C1,P(c1ccccc1)(c1c(C)cc(C)cc1C)CB(c1c(F)c(F)c(F)c(F)c1F)(c1c(Cl)c(Cl)c(Cl)c(Cl)c1Cl),Cc1cc(C)c(P(CB(c2c(F)c(F)c(F)c(F)c2F)c2c(Cl)c(Cl)c(Cl)c(Cl)c2Cl)c2ccccc2)c(C)c1,True,0.4897959183673469
template_augmentation,intramolecular_P_B_alkyl,P,phenyl,mesityl,pentafluorophenyl,pentachlorophenyl,C2,P(c1ccccc1)(c1c(C)cc(C)cc1C)CCB(c1c(F)c(F)c(F)c(F)c1F)(c1c(Cl)c(Cl)c(Cl)c(Cl)c1Cl),Cc1cc(C)c(P(CCB(c2c(F)c(F)c(F)c(F)c2F)c2c(Cl)c(Cl)c(Cl)c(Cl)c2Cl)c2ccccc2)c(C)c1,True,0.5652173913043478
template_augmentation,intramolecular_P_B_alkyl,P,phenyl,mesityl,pentafluorophenyl,pentachlorophenyl,C3,P(c1ccccc1)(c1c(C)cc(C)cc1C)CCCB(c1c(F)c(F)c(F)c(F)c1F)(c1c(Cl)c(Cl)c(Cl)c(Cl)c1Cl),Cc1cc(C)c(P(CCCB(c2c(F)c(F)c(F)c(F)c2F)c2c(Cl)c(Cl)c(Cl)c(Cl)c2Cl)c2ccccc2)c(C)c1,True,0.6382978723404256
template_augmentation,intramolecular_P_B_alkyl,P,phenyl,mesityl,pentafluorophenyl,pentachlorophenyl,C4,P(c1ccccc1)(c1c(C)cc(C)cc1C)CCCCB(c1c(F)c(F)c(F)c(F)c1F)(c1c(Cl)c(Cl)c(Cl)c(Cl)c1Cl),Cc1cc(C)c(P(CCCCB(c2c(F)c(F)c(F)c(F)c2F)c2c(Cl)c(Cl)c(Cl)c(Cl)c2Cl)c2ccccc2)c(C)c1,True,0.6956521739130435
template_augmentation,intramolecular_P_B_alkyl,P,phenyl,mesityl,pentafluorophenyl,pentachlorophenyl,C5,P(c1ccccc1)(c1c(C)cc(C)cc1C)CCCCCB(c1c(F)c(F)c(F)c(F)c1F)(c1c(Cl)c(Cl)c(Cl)c(Cl)c1Cl),Cc1cc(C)c(P(CCCCCB(c2c(F)c(F)c(F)c(F)c2F)c2c(Cl)c(Cl)c(Cl)c(Cl)c2Cl)c2ccccc2)c(C)c1,True,0.6808510638297872
template_augmentation,intramolecular_P_B_alkyl,P,phenyl,mesityl,pentafluorophenyl,pentachlorophenyl,C6,P(c1ccccc1)(c1c(C)cc(C)cc1C)CCCCCCB(c1c(F)c(F)c(F)c(F)c1F)(c1c(Cl)c(Cl)c(Cl)c(Cl)c1Cl),Cc1cc(C)c(P(CCCCCCB(c2c(F)c(F)c(F)c(F)c2F)c2c(Cl)c(Cl)c(Cl)c(Cl)c2Cl)c2ccccc2)c(C)c1,True,0.6808510638297872
template_augmentation,intramolecular_P_B_alkyl,P,phenyl,mesityl,pentafluorophenyl,bis_cf3_phenyl,C1,P(c1ccccc1)(c1c(C)cc(C)cc1C)CB(c1c(F)c(F)c(F)c(F)c1F)(c1cc(C(F)(F)F)cc(C(F)(F)F)c1),Cc1cc(C)c(P(CB(c2cc(C(F)(F)F)cc(C(F)(F)F)c2)c2c(F)c(F)c(F)c(F)c2F)c2ccccc2)c(C)c1,True,0.4528301886792453
template_augmentation,intramolecular_P_B_alkyl,P,phenyl,mesityl,pentafluorophenyl,bis_cf3_phenyl,C2,P(c1ccccc1)(c1c(C)cc(C)cc1C)CCB(c1c(F)c(F)c(F)c(F)c1F)(c1cc(C(F)(F)F)cc(C(F)(F)F)c1),Cc1cc(C)c(P(CCB(c2cc(C(F)(F)F)cc(C(F)(F)F)c2)c2c(F)c(F)c(F)c(F)c2F)c2ccccc2)c(C)c1,True,0.49056603773584906
template_augmentation,intramolecular_P_B_alkyl,P,phenyl,mesityl,pentafluorophenyl,bis_cf3_phenyl,C3,P(c1ccccc1)(c1c(C)cc(C)cc1C)CCCB(c1c(F)c(F)c(F)c(F)c1F)(c1cc(C(F)(F)F)cc(C(F)(F)F)c1),Cc1cc(C)c(P(CCCB(c2cc(C(F)(F)F)cc(C(F)(F)F)c2)c2c(F)c(F)c(F)c(F)c2F)c2ccccc2)c(C)c1,True,0.5576923076923077
template_augmentation,intramolecular_P_B_alkyl,P,phenyl,mesityl,pentafluorophenyl,bis_cf3_phenyl,C4,P(c1ccccc1)(c1c(C)cc(C)cc1C)CCCCB(c1c(F)c(F)c(F)c(F)c1F)(c1cc(C(F)(F)F)cc(C(F)(F)F)c1),Cc1cc(C)c(P(CCCCB(c2cc(C(F)(F)F)cc(C(F)(F)F)c2)c2c(F)c(F)c(F)c(F)c2F)c2ccccc2)c(C)c1,True,0.6078431372549019
template_augmentation,intramolecular_P_B_alkyl,P,phenyl,mesityl,pentafluorophenyl,bis_cf3_phenyl,C5,P(c1ccccc1)(c1c(C)cc(C)cc1C)CCCCCB(c1c(F)c(F)c(F)c(F)c1F)(c1cc(C(F)(F)F)cc(C(F)(F)F)c1),Cc1cc(C)c(P(CCCCCB(c2cc(C(F)(F)F)cc(C(F)(F)F)c2)c2c(F)c(F)c(F)c(F)c2F)c2ccccc2)c(C)c1,True,0.5961538461538461
template_augmentation,intramolecular_P_B_alkyl,P,phenyl,mesityl,pentafluorophenyl,bis_cf3_phenyl,C6,P(c1ccccc1)(c1c(C)cc(C)cc1C)CCCCCCB(c1c(F)c(F)c(F)c(F)c1F)(c1cc(C(F)(F)F)cc(C(F)(F)F)c1),Cc1cc(C)c(P(CCCCCCB(c2cc(C(F)(F)F)cc(C(F)(F)F)c2)c2c(F)c(F)c(F)c(F)c2F)c2ccccc2)c(C)c1,True,0.5961538461538461
template_augmentation,intramolecular_P_B_alkyl,P,phenyl,mesityl,pentachlorophenyl,pentachlorophenyl,C1,P(c1ccccc1)(c1c(C)cc(C)cc1C)CB(c1c(Cl)c(Cl)c(Cl)c(Cl)c1Cl)(c1c(Cl)c(Cl)c(Cl)c(Cl)c1Cl),Cc1cc(C)c(P(CB(c2c(Cl)c(Cl)c(Cl)c(Cl)c2Cl)c2c(Cl)c(Cl)c(Cl)c(Cl)c2Cl)c2ccccc2)c(C)c1,True,0.5581395348837209
template_augmentation,intramolecular_P_B_alkyl,P,phenyl,mesityl,pentachlorophenyl,pentachlorophenyl,C2,P(c1ccccc1)(c1c(C)cc(C)cc1C)CCB(c1c(Cl)c(Cl)c(Cl)c(Cl)c1Cl)(c1c(Cl)c(Cl)c(Cl)c(Cl)c1Cl),Cc1cc(C)c(P(CCB(c2c(Cl)c(Cl)c(Cl)c(Cl)c2Cl)c2c(Cl)c(Cl)c(Cl)c(Cl)c2Cl)c2ccccc2)c(C)c1,True,0.65
template_augmentation,intramolecular_P_B_alkyl,P,phenyl,mesityl,pentachlorophenyl,pentachlorophenyl,C3,P(c1ccccc1)(c1c(C)cc(C)cc1C)CCCB(c1c(Cl)c(Cl)c(Cl)c(Cl)c1Cl)(c1c(Cl)c(Cl)c(Cl)c(Cl)c1Cl),Cc1cc(C)c(P(CCCB(c2c(Cl)c(Cl)c(Cl)c(Cl)c2Cl)c2c(Cl)c(Cl)c(Cl)c(Cl)c2Cl)c2ccccc2)c(C)c1,True,0.7317073170731707
template_augmentation,intramolecular_P_B_alkyl,P,phenyl,mesityl,pentachlorophenyl,pentachlorophenyl,C4,P(c1ccccc1)(c1c(C)cc(C)cc1C)CCCCB(c1c(Cl)c(Cl)c(Cl)c(Cl)c1Cl)(c1c(Cl)c(Cl)c(Cl)c(Cl)c1Cl),Cc1cc(C)c(P(CCCCB(c2c(Cl)c(Cl)c(Cl)c(Cl)c2Cl)c2c(Cl)c(Cl)c(Cl)c(Cl)c2Cl)c2ccccc2)c(C)c1,True,0.8
template_augmentation,intramolecular_P_B_alkyl,P,phenyl,mesityl,pentachlorophenyl,pentachlorophenyl,C5,P(c1ccccc1)(c1c(C)cc(C)cc1C)CCCCCB(c1c(Cl)c(Cl)c(Cl)c(Cl)c1Cl)(c1c(Cl)c(Cl)c(Cl)c(Cl)c1Cl),Cc1cc(C)c(P(CCCCCB(c2c(Cl)c(Cl)c(Cl)c(Cl)c2Cl)c2c(Cl)c(Cl)c(Cl)c(Cl)c2Cl)c2ccccc2)c(C)c1,True,0.7804878048780488
template_augmentation,intramolecular_P_B_alkyl,P,phenyl,mesityl,pentachlorophenyl,pentachlorophenyl,C6,P(c1ccccc1)(c1c(C)cc(C)cc1C)CCCCCCB(c1c(Cl)c(Cl)c(Cl)c(Cl)c1Cl)(c1c(Cl)c(Cl)c(Cl)c(Cl)c1Cl),Cc1cc(C)c(P(CCCCCCB(c2c(Cl)c(Cl)c(Cl)c(Cl)c2Cl)c2c(Cl)c(Cl)c(Cl)c(Cl)c2Cl)c2ccccc2)c(C)c1,True,0.7804878048780488
template_augmentation,intramolecular_P_B_alkyl,P,phenyl,mesityl,pentachlorophenyl,bis_cf3_phenyl,C1,P(c1ccccc1)(c1c(C)cc(C)cc1C)CB(c1c(Cl)c(Cl)c(Cl)c(Cl)c1Cl)(c1cc(C(F)(F)F)cc(C(F)(F)F)c1),Cc1cc(C)c(P(CB(c2cc(C(F)(F)F)cc(C(F)(F)F)c2)c2c(Cl)c(Cl)c(Cl)c(Cl)c2Cl)c2ccccc2)c(C)c1,True,0.4528301886792453
template_augmentation,intramolecular_P_B_alkyl,P,phenyl,mesityl,pentachlorophenyl,bis_cf3_phenyl,C2,P(c1ccccc1)(c1c(C)cc(C)cc1C)CCB(c1c(Cl)c(Cl)c(Cl)c(Cl)c1Cl)(c1cc(C(F)(F)F)cc(C(F)(F)F)c1),Cc1cc(C)c(P(CCB(c2cc(C(F)(F)F)cc(C(F)(F)F)c2)c2c(Cl)c(Cl)c(Cl)c(Cl)c2Cl)c2ccccc2)c(C)c1,True,0.49056603773584906
template_augmentation,intramolecular_P_B_alkyl,P,phenyl,mesityl,pentachlorophenyl,bis_cf3_phenyl,C3,P(c1ccccc1)(c1c(C)cc(C)cc1C)CCCB(c1c(Cl)c(Cl)c(Cl)c(Cl)c1Cl)(c1cc(C(F)(F)F)cc(C(F)(F)F)c1),Cc1cc(C)c(P(CCCB(c2cc(C(F)(F)F)cc(C(F)(F)F)c2)c2c(Cl)c(Cl)c(Cl)c(Cl)c2Cl)c2ccccc2)c(C)c1,True,0.5576923076923077
template_augmentation,intramolecular_P_B_alkyl,P,phenyl,mesityl,pentachlorophenyl,bis_cf3_phenyl,C4,P(c1ccccc1)(c1c(C)cc(C)cc1C)CCCCB(c1c(Cl)c(Cl)c(Cl)c(Cl)c1Cl)(c1cc(C(F)(F)F)cc(C(F)(F)F)c1),Cc1cc(C)c(P(CCCCB(c2cc(C(F)(F)F)cc(C(F)(F)F)c2)c2c(Cl)c(Cl)c(Cl)c(Cl)c2Cl)c2ccccc2)c(C)c1,True,0.6078431372549019
template_augmentation,intramolecular_P_B_alkyl,P,phenyl,mesityl,pentachlorophenyl,bis_cf3_phenyl,C5,P(c1ccccc1)(c1c(C)cc(C)cc1C)CCCCCB(c1c(Cl)c(Cl)c(Cl)c(Cl)c1Cl)(c1cc(C(F)(F)F)cc(C(F)(F)F)c1),Cc1cc(C)c(P(CCCCCB(c2cc(C(F)(F)F)cc(C(F)(F)F)c2)c2c(Cl)c(Cl)c(Cl)c(Cl)c2Cl)c2ccccc2)c(C)c1,True,0.5961538461538461
template_augmentation,intramolecular_P_B_alkyl,P,phenyl,mesityl,pentachlorophenyl,bis_cf3_phenyl,C6,P(c1ccccc1)(c1c(C)cc(C)cc1C)CCCCCCB(c1c(Cl)c(Cl)c(Cl)c(Cl)c1Cl)(c1cc(C(F)(F)F)cc(C(F)(F)F)c1),Cc1cc(C)c(P(CCCCCCB(c2cc(C(F)(F)F)cc(C(F)(F)F)c2)c2c(Cl)c(Cl)c(Cl)c(Cl)c2Cl)c2ccccc2)c(C)c1,True,0.5961538461538461
template_augmentation,intramolecular_P_B_alkyl,P,phenyl,mesityl,bis_cf3_phenyl,bis_cf3_phenyl,C1,P(c1ccccc1)(c1c(C)cc(C)cc1C)CB(c1cc(C(F)(F)F)cc(C(F)(F)F)c1)(c1cc(C(F)(F)F)cc(C(F)(F)F)c1),Cc1cc(C)c(P(CB(c2cc(C(F)(F)F)cc(C(F)(F)F)c2)c2cc(C(F)(F)F)cc(C(F)(F)F)c2)c2ccccc2)c(C)c1,True,0.4772727272727273
template_augmentation,intramolecular_P_B_alkyl,P,phenyl,mesityl,bis_cf3_phenyl,bis_cf3_phenyl,C2,P(c1ccccc1)(c1c(C)cc(C)cc1C)CCB(c1cc(C(F)(F)F)cc(C(F)(F)F)c1)(c1cc(C(F)(F)F)cc(C(F)(F)F)c1),Cc1cc(C)c(P(CCB(c2cc(C(F)(F)F)cc(C(F)(F)F)c2)c2cc(C(F)(F)F)cc(C(F)(F)F)c2)c2ccccc2)c(C)c1,True,0.3958333333333333
template_augmentation,intramolecular_P_B_alkyl,P,phenyl,mesityl,bis_cf3_phenyl,bis_cf3_phenyl,C3,P(c1ccccc1)(c1c(C)cc(C)cc1C)CCCB(c1cc(C(F)(F)F)cc(C(F)(F)F)c1)(c1cc(C(F)(F)F)cc(C(F)(F)F)c1),Cc1cc(C)c(P(CCCB(c2cc(C(F)(F)F)cc(C(F)(F)F)c2)c2cc(C(F)(F)F)cc(C(F)(F)F)c2)c2ccccc2)c(C)c1,True,0.4423076923076923
template_augmentation,intramolecular_P_B_alkyl,P,phenyl,mesityl,bis_cf3_phenyl,bis_cf3_phenyl,C4,P(c1ccccc1)(c1c(C)cc(C)cc1C)CCCCB(c1cc(C(F)(F)F)cc(C(F)(F)F)c1)(c1cc(C(F)(F)F)cc(C(F)(F)F)c1),Cc1cc(C)c(P(CCCCB(c2cc(C(F)(F)F)cc(C(F)(F)F)c2)c2cc(C(F)(F)F)cc(C(F)(F)F)c2)c2ccccc2)c(C)c1,True,0.49019607843137253
template_augmentation,intramolecular_P_B_alkyl,P,phenyl,mesityl,bis_cf3_phenyl,bis_cf3_phenyl,C5,P(c1ccccc1)(c1c(C)cc(C)cc1C)CCCCCB(c1cc(C(F)(F)F)cc(C(F)(F)F)c1)(c1cc(C(F)(F)F)cc(C(F)(F)F)c1),Cc1cc(C)c(P(CCCCCB(c2cc(C(F)(F)F)cc(C(F)(F)F)c2)c2cc(C(F)(F)F)cc(C(F)(F)F)c2)c2ccccc2)c(C)c1,True,0.4807692307692308
template_augmentation,intramolecular_P_B_alkyl,P,phenyl,mesityl,bis_cf3_phenyl,bis_cf3_phenyl,C6,P(c1ccccc1)(c1c(C)cc(C)cc1C)CCCCCCB(c1cc(C(F)(F)F)cc(C(F)(F)F)c1)(c1cc(C(F)(F)F)cc(C(F)(F)F)c1),Cc1cc(C)c(P(CCCCCCB(c2cc(C(F)(F)F)cc(C(F)(F)F)c2)c2cc(C(F)(F)F)cc(C(F)(F)F)c2)c2ccccc2)c(C)c1,True,0.4807692307692308
template_augmentation,intramolecular_P_B_alkyl,P,phenyl,tert_butyl,phenyl,phenyl,C1,P(c1ccccc1)(C(C)(C)C)CB(c1ccccc1)(c1ccccc1),CC(C)(C)P(CB(c1ccccc1)c1ccccc1)c1ccccc1,True,0.32558139534883723
template_augmentation,intramolecular_P_B_alkyl,P,phenyl,tert_butyl,phenyl,phenyl,C2,P(c1ccccc1)(C(C)(C)C)CCB(c1ccccc1)(c1ccccc1),CC(C)(C)P(CCB(c1ccccc1)c1ccccc1)c1ccccc1,True,0.38461538461538464
template_augmentation,intramolecular_P_B_alkyl,P,phenyl,tert_butyl,phenyl,phenyl,C3,P(c1ccccc1)(C(C)(C)C)CCCB(c1ccccc1)(c1ccccc1),CC(C)(C)P(CCCB(c1ccccc1)c1ccccc1)c1ccccc1,True,0.37209302325581395
template_augmentation,intramolecular_P_B_alkyl,P,phenyl,tert_butyl,phenyl,phenyl,C4,P(c1ccccc1)(C(C)(C)C)CCCCB(c1ccccc1)(c1ccccc1),CC(C)(C)P(CCCCB(c1ccccc1)c1ccccc1)c1ccccc1,True,0.42857142857142855
template_augmentation,intramolecular_P_B_alkyl,P,phenyl,tert_butyl,phenyl,phenyl,C5,P(c1ccccc1)(C(C)(C)C)CCCCCB(c1ccccc1)(c1ccccc1),CC(C)(C)P(CCCCCB(c1ccccc1)c1ccccc1)c1ccccc1,True,0.4186046511627907
template_augmentation,intramolecular_P_B_alkyl,P,phenyl,tert_butyl,phenyl,phenyl,C6,P(c1ccccc1)(C(C)(C)C)CCCCCCB(c1ccccc1)(c1ccccc1),CC(C)(C)P(CCCCCCB(c1ccccc1)c1ccccc1)c1ccccc1,True,0.4186046511627907
template_augmentation,intramolecular_P_B_alkyl,P,phenyl,tert_butyl,phenyl,p_tolyl,C1,P(c1ccccc1)(C(C)(C)C)CB(c1ccccc1)(c1ccc(C)cc1),Cc1ccc(B(CP(c2ccccc2)C(C)(C)C)c2ccccc2)cc1,True,0.2916666666666667
template_augmentation,intramolecular_P_B_alkyl,P,phenyl,tert_butyl,phenyl,p_tolyl,C2,P(c1ccccc1)(C(C)(C)C)CCB(c1ccccc1)(c1ccc(C)cc1),Cc1ccc(B(CCP(c2ccccc2)C(C)(C)C)c2ccccc2)cc1,True,0.3409090909090909
template_augmentation,intramolecular_P_B_alkyl,P,phenyl,tert_butyl,phenyl,p_tolyl,C3,P(c1ccccc1)(C(C)(C)C)CCCB(c1ccccc1)(c1ccc(C)cc1),Cc1ccc(B(CCCP(c2ccccc2)C(C)(C)C)c2ccccc2)cc1,True,0.3333333333333333
template_augmentation,intramolecular_P_B_alkyl,P,phenyl,tert_butyl,phenyl,p_tolyl,C4,P(c1ccccc1)(C(C)(C)C)CCCCB(c1ccccc1)(c1ccc(C)cc1),Cc1ccc(B(CCCCP(c2ccccc2)C(C)(C)C)c2ccccc2)cc1,True,0.3829787234042553
template_augmentation,intramolecular_P_B_alkyl,P,phenyl,tert_butyl,phenyl,p_tolyl,C5,P(c1ccccc1)(C(C)(C)C)CCCCCB(c1ccccc1)(c1ccc(C)cc1),Cc1ccc(B(CCCCCP(c2ccccc2)C(C)(C)C)c2ccccc2)cc1,True,0.375
template_augmentation,intramolecular_P_B_alkyl,P,phenyl,tert_butyl,phenyl,p_tolyl,C6,P(c1ccccc1)(C(C)(C)C)CCCCCCB(c1ccccc1)(c1ccc(C)cc1),Cc1ccc(B(CCCCCCP(c2ccccc2)C(C)(C)C)c2ccccc2)cc1,True,0.375
template_augmentation,intramolecular_P_B_alkyl,P,phenyl,tert_butyl,phenyl,mesityl,C1,P(c1ccccc1)(C(C)(C)C)CB(c1ccccc1)(c1c(C)cc(C)cc1C),Cc1cc(C)c(B(CP(c2ccccc2)C(C)(C)C)c2ccccc2)c(C)c1,True,0.3584905660377358
template_augmentation,intramolecular_P_B_alkyl,P,phenyl,tert_butyl,phenyl,mesityl,C2,P(c1ccccc1)(C(C)(C)C)CCB(c1ccccc1)(c1c(C)cc(C)cc1C),Cc1cc(C)c(B(CCP(c2ccccc2)C(C)(C)C)c2ccccc2)c(C)c1,True,0.3958333333333333
template_augmentation,intramolecular_P_B_alkyl,P,phenyl,tert_butyl,phenyl,mesityl,C3,P(c1ccccc1)(C(C)(C)C)CCCB(c1ccccc1)(c1c(C)cc(C)cc1C),Cc1cc(C)c(B(CCCP(c2ccccc2)C(C)(C)C)c2ccccc2)c(C)c1,True,0.38461538461538464
template_augmentation,intramolecular_P_B_alkyl,P,phenyl,tert_butyl,phenyl,mesityl,C4,P(c1ccccc1)(C(C)(C)C)CCCCB(c1ccccc1)(c1c(C)cc(C)cc1C),Cc1cc(C)c(B(CCCCP(c2ccccc2)C(C)(C)C)c2ccccc2)c(C)c1,True,0.43137254901960786
template_augmentation,intramolecular_P_B_alkyl,P,phenyl,tert_butyl,phenyl,mesityl,C5,P(c1ccccc1)(C(C)(C)C)CCCCCB(c1ccccc1)(c1c(C)cc(C)cc1C),Cc1cc(C)c(B(CCCCCP(c2ccccc2)C(C)(C)C)c2ccccc2)c(C)c1,True,0.4230769230769231
template_augmentation,intramolecular_P_B_alkyl,P,phenyl,tert_butyl,phenyl,mesityl,C6,P(c1ccccc1)(C(C)(C)C)CCCCCCB(c1ccccc1)(c1c(C)cc(C)cc1C),Cc1cc(C)c(B(CCCCCCP(c2ccccc2)C(C)(C)C)c2ccccc2)c(C)c1,True,0.4230769230769231
template_augmentation,intramolecular_P_B_alkyl,P,phenyl,tert_butyl,phenyl,pentafluorophenyl,C1,P(c1ccccc1)(C(C)(C)C)CB(c1ccccc1)(c1c(F)c(F)c(F)c(F)c1F),CC(C)(C)P(CB(c1ccccc1)c1c(F)c(F)c(F)c(F)c1F)c1ccccc1,True,0.4634146341463415
template_augmentation,intramolecular_P_B_alkyl,P,phenyl,tert_butyl,phenyl,pentafluorophenyl,C2,P(c1ccccc1)(C(C)(C)C)CCB(c1ccccc1)(c1c(F)c(F)c(F)c(F)c1F),CC(C)(C)P(CCB(c1ccccc1)c1c(F)c(F)c(F)c(F)c1F)c1ccccc1,True,0.55
template_augmentation,intramolecular_P_B_alkyl,P,phenyl,tert_butyl,phenyl,pentafluorophenyl,C3,P(c1ccccc1)(C(C)(C)C)CCCB(c1ccccc1)(c1c(F)c(F)c(F)c(F)c1F),CC(C)(C)P(CCCB(c1ccccc1)c1c(F)c(F)c(F)c(F)c1F)c1ccccc1,True,0.5227272727272727
template_augmentation,intramolecular_P_B_alkyl,P,phenyl,tert_butyl,phenyl,pentafluorophenyl,C4,P(c1ccccc1)(C(C)(C)C)CCCCB(c1ccccc1)(c1c(F)c(F)c(F)c(F)c1F),CC(C)(C)P(CCCCB(c1ccccc1)c1c(F)c(F)c(F)c(F)c1F)c1ccccc1,True,0.5813953488372093
template_augmentation,intramolecular_P_B_alkyl,P,phenyl,tert_butyl,phenyl,pentafluorophenyl,C5,P(c1ccccc1)(C(C)(C)C)CCCCCB(c1ccccc1)(c1c(F)c(F)c(F)c(F)c1F),CC(C)(C)P(CCCCCB(c1ccccc1)c1c(F)c(F)c(F)c(F)c1F)c1ccccc1,True,0.5681818181818182
template_augmentation,intramolecular_P_B_alkyl,P,phenyl,tert_butyl,phenyl,pentafluorophenyl,C6,P(c1ccccc1)(C(C)(C)C)CCCCCCB(c1ccccc1)(c1c(F)c(F)c(F)c(F)c1F),CC(C)(C)P(CCCCCCB(c1ccccc1)c1c(F)c(F)c(F)c(F)c1F)c1ccccc1,True,0.5681818181818182
template_augmentation,intramolecular_P_B_alkyl,P,phenyl,tert_butyl,phenyl,pentachlorophenyl,C1,P(c1ccccc1)(C(C)(C)C)CB(c1ccccc1)(c1c(Cl)c(Cl)c(Cl)c(Cl)c1Cl),CC(C)(C)P(CB(c1ccccc1)c1c(Cl)c(Cl)c(Cl)c(Cl)c1Cl)c1ccccc1,True,0.4594594594594595
template_augmentation,intramolecular_P_B_alkyl,P,phenyl,tert_butyl,phenyl,pentachlorophenyl,C2,P(c1ccccc1)(C(C)(C)C)CCB(c1ccccc1)(c1c(Cl)c(Cl)c(Cl)c(Cl)c1Cl),CC(C)(C)P(CCB(c1ccccc1)c1c(Cl)c(Cl)c(Cl)c(Cl)c1Cl)c1ccccc1,True,0.5384615384615384
template_augmentation,intramolecular_P_B_alkyl,P,phenyl,tert_butyl,phenyl,pentachlorophenyl,C3,P(c1ccccc1)(C(C)(C)C)CCCB(c1ccccc1)(c1c(Cl)c(Cl)c(Cl)c(Cl)c1Cl),CC(C)(C)P(CCCB(c1ccccc1)c1c(Cl)c(Cl)c(Cl)c(Cl)c1Cl)c1ccccc1,True,0.5116279069767442
template_augmentation,intramolecular_P_B_alkyl,P,phenyl,tert_butyl,phenyl,pentachlorophenyl,C4,P(c1ccccc1)(C(C)(C)C)CCCCB(c1ccccc1)(c1c(Cl)c(Cl)c(Cl)c(Cl)c1Cl),CC(C)(C)P(CCCCB(c1ccccc1)c1c(Cl)c(Cl)c(Cl)c(Cl)c1Cl)c1ccccc1,True,0.5714285714285714
template_augmentation,intramolecular_P_B_alkyl,P,phenyl,tert_butyl,phenyl,pentachlorophenyl,C5,P(c1ccccc1)(C(C)(C)C)CCCCCB(c1ccccc1)(c1c(Cl)c(Cl)c(Cl)c(Cl)c1Cl),CC(C)(C)P(CCCCCB(c1ccccc1)c1c(Cl)c(Cl)c(Cl)c(Cl)c1Cl)c1ccccc1,True,0.5581395348837209
template_augmentation,intramolecular_P_B_alkyl,P,phenyl,tert_butyl,phenyl,pentachlorophenyl,C6,P(c1ccccc1)(C(C)(C)C)CCCCCCB(c1ccccc1)(c1c(Cl)c(Cl)c(Cl)c(Cl)c1Cl),CC(C)(C)P(CCCCCCB(c1ccccc1)c1c(Cl)c(Cl)c(Cl)c(Cl)c1Cl)c1ccccc1,True,0.5581395348837209
template_augmentation,intramolecular_P_B_alkyl,P,phenyl,tert_butyl,phenyl,bis_cf3_phenyl,C1,P(c1ccccc1)(C(C)(C)C)CB(c1ccccc1)(c1cc(C(F)(F)F)cc(C(F)(F)F)c1),CC(C)(C)P(CB(c1ccccc1)c1cc(C(F)(F)F)cc(C(F)(F)F)c1)c1ccccc1,True,0.575
template_augmentation,intramolecular_P_B_alkyl,P,phenyl,tert_butyl,phenyl,bis_cf3_phenyl,C2,P(c1ccccc1)(C(C)(C)C)CCB(c1ccccc1)(c1cc(C(F)(F)F)cc(C(F)(F)F)c1),CC(C)(C)P(CCB(c1ccccc1)c1cc(C(F)(F)F)cc(C(F)(F)F)c1)c1ccccc1,True,0.4772727272727273
template_augmentation,intramolecular_P_B_alkyl,P,phenyl,tert_butyl,phenyl,bis_cf3_phenyl,C3,P(c1ccccc1)(C(C)(C)C)CCCB(c1ccccc1)(c1cc(C(F)(F)F)cc(C(F)(F)F)c1),CC(C)(C)P(CCCB(c1ccccc1)c1cc(C(F)(F)F)cc(C(F)(F)F)c1)c1ccccc1,True,0.45652173913043476
template_augmentation,intramolecular_P_B_alkyl,P,phenyl,tert_butyl,phenyl,bis_cf3_phenyl,C4,P(c1ccccc1)(C(C)(C)C)CCCCB(c1ccccc1)(c1cc(C(F)(F)F)cc(C(F)(F)F)c1),CC(C)(C)P(CCCCB(c1ccccc1)c1cc(C(F)(F)F)cc(C(F)(F)F)c1)c1ccccc1,True,0.44680851063829785
template_augmentation,intramolecular_P_B_alkyl,P,phenyl,tert_butyl,phenyl,bis_cf3_phenyl,C5,P(c1ccccc1)(C(C)(C)C)CCCCCB(c1ccccc1)(c1cc(C(F)(F)F)cc(C(F)(F)F)c1),CC(C)(C)P(CCCCCB(c1ccccc1)c1cc(C(F)(F)F)cc(C(F)(F)F)c1)c1ccccc1,True,0.4375
template_augmentation,intramolecular_P_B_alkyl,P,phenyl,tert_butyl,phenyl,bis_cf3_phenyl,C6,P(c1ccccc1)(C(C)(C)C)CCCCCCB(c1ccccc1)(c1cc(C(F)(F)F)cc(C(F)(F)F)c1),CC(C)(C)P(CCCCCCB(c1ccccc1)c1cc(C(F)(F)F)cc(C(F)(F)F)c1)c1ccccc1,True,0.4375
template_augmentation,intramolecular_P_B_alkyl,P,phenyl,tert_butyl,p_tolyl,p_tolyl,C1,P(c1ccccc1)(C(C)(C)C)CB(c1ccc(C)cc1)(c1ccc(C)cc1),Cc1ccc(B(CP(c2ccccc2)C(C)(C)C)c2ccc(C)cc2)cc1,True,0.2978723404255319
template_augmentation,intramolecular_P_B_alkyl,P,phenyl,tert_butyl,p_tolyl,p_tolyl,C2,P(c1ccccc1)(C(C)(C)C)CCB(c1ccc(C)cc1)(c1ccc(C)cc1),Cc1ccc(B(CCP(c2ccccc2)C(C)(C)C)c2ccc(C)cc2)cc1,True,0.3488372093023256
template_augmentation,intramolecular_P_B_alkyl,P,phenyl,tert_butyl,p_tolyl,p_tolyl,C3,P(c1ccccc1)(C(C)(C)C)CCCB(c1ccc(C)cc1)(c1ccc(C)cc1),Cc1ccc(B(CCCP(c2ccccc2)C(C)(C)C)c2ccc(C)cc2)cc1,True,0.3404255319148936
template_augmentation,intramolecular_P_B_alkyl,P,phenyl,tert_butyl,p_tolyl,p_tolyl,C4,P(c1ccccc1)(C(C)(C)C)CCCCB(c1ccc(C)cc1)(c1ccc(C)cc1),Cc1ccc(B(CCCCP(c2ccccc2)C(C)(C)C)c2ccc(C)cc2)cc1,True,0.391304347826087
template_augmentation,intramolecular_P_B_alkyl,P,phenyl,tert_butyl,p_tolyl,p_tolyl,C5,P(c1ccccc1)(C(C)(C)C)CCCCCB(c1ccc(C)cc1)(c1ccc(C)cc1),Cc1ccc(B(CCCCCP(c2ccccc2)C(C)(C)C)c2ccc(C)cc2)cc1,True,0.3829787234042553
template_augmentation,intramolecular_P_B_alkyl,P,phenyl,tert_butyl,p_tolyl,p_tolyl,C6,P(c1ccccc1)(C(C)(C)C)CCCCCCB(c1ccc(C)cc1)(c1ccc(C)cc1),Cc1ccc(B(CCCCCCP(c2ccccc2)C(C)(C)C)c2ccc(C)cc2)cc1,True,0.3829787234042553
template_augmentation,intramolecular_P_B_alkyl,P,phenyl,tert_butyl,p_tolyl,mesityl,C1,P(c1ccccc1)(C(C)(C)C)CB(c1ccc(C)cc1)(c1c(C)cc(C)cc1C),Cc1ccc(B(CP(c2ccccc2)C(C)(C)C)c2c(C)cc(C)cc2C)cc1,True,0.34545454545454546
template_augmentation,intramolecular_P_B_alkyl,P,phenyl,tert_butyl,p_tolyl,mesityl,C2,P(c1ccccc1)(C(C)(C)C)CCB(c1ccc(C)cc1)(c1c(C)cc(C)cc1C),Cc1ccc(B(CCP(c2ccccc2)C(C)(C)C)c2c(C)cc(C)cc2C)cc1,True,0.38
template_augmentation,intramolecular_P_B_alkyl,P,phenyl,tert_butyl,p_tolyl,mesityl,C3,P(c1ccccc1)(C(C)(C)C)CCCB(c1ccc(C)cc1)(c1c(C)cc(C)cc1C),Cc1ccc(B(CCCP(c2ccccc2)C(C)(C)C)c2c(C)cc(C)cc2C)cc1,True,0.37037037037037035
template_augmentation,intramolecular_P_B_alkyl,P,phenyl,tert_butyl,p_tolyl,mesityl,C4,P(c1ccccc1)(C(C)(C)C)CCCCB(c1ccc(C)cc1)(c1c(C)cc(C)cc1C),Cc1ccc(B(CCCCP(c2ccccc2)C(C)(C)C)c2c(C)cc(C)cc2C)cc1,True,0.41509433962264153
template_augmentation,intramolecular_P_B_alkyl,P,phenyl,tert_butyl,p_tolyl,mesityl,C5,P(c1ccccc1)(C(C)(C)C)CCCCCB(c1ccc(C)cc1)(c1c(C)cc(C)cc1C),Cc1ccc(B(CCCCCP(c2ccccc2)C(C)(C)C)c2c(C)cc(C)cc2C)cc1,True,0.4074074074074074
template_augmentation,intramolecular_P_B_alkyl,P,phenyl,tert_butyl,p_tolyl,mesityl,C6,P(c1ccccc1)(C(C)(C)C)CCCCCCB(c1ccc(C)cc1)(c1c(C)cc(C)cc1C),Cc1ccc(B(CCCCCCP(c2ccccc2)C(C)(C)C)c2c(C)cc(C)cc2C)cc1,True,0.4074074074074074
template_augmentation,intramolecular_P_B_alkyl,P,phenyl,tert_butyl,p_tolyl,pentafluorophenyl,C1,P(c1ccccc1)(C(C)(C)C)CB(c1ccc(C)cc1)(c1c(F)c(F)c(F)c(F)c1F),Cc1ccc(B(CP(c2ccccc2)C(C)(C)C)c2c(F)c(F)c(F)c(F)c2F)cc1,True,0.4222222222222222
template_augmentation,intramolecular_P_B_alkyl,P,phenyl,tert_butyl,p_tolyl,pentafluorophenyl,C2,P(c1ccccc1)(C(C)(C)C)CCB(c1ccc(C)cc1)(c1c(F)c(F)c(F)c(F)c1F),Cc1ccc(B(CCP(c2ccccc2)C(C)(C)C)c2c(F)c(F)c(F)c(F)c2F)cc1,True,0.5
template_augmentation,intramolecular_P_B_alkyl,P,phenyl,tert_butyl,p_tolyl,pentafluorophenyl,C3,P(c1ccccc1)(C(C)(C)C)CCCB(c1ccc(C)cc1)(c1c(F)c(F)c(F)c(F)c1F),Cc1ccc(B(CCCP(c2ccccc2)C(C)(C)C)c2c(F)c(F)c(F)c(F)c2F)cc1,True,0.4791666666666667
template_augmentation,intramolecular_P_B_alkyl,P,phenyl,tert_butyl,p_tolyl,pentafluorophenyl,C4,P(c1ccccc1)(C(C)(C)C)CCCCB(c1ccc(C)cc1)(c1c(F)c(F)c(F)c(F)c1F),Cc1ccc(B(CCCCP(c2ccccc2)C(C)(C)C)c2c(F)c(F)c(F)c(F)c2F)cc1,True,0.5319148936170213
template_augmentation,intramolecular_P_B_alkyl,P,phenyl,tert_butyl,p_tolyl,pentafluorophenyl,C5,P(c1ccccc1)(C(C)(C)C)CCCCCB(c1ccc(C)cc1)(c1c(F)c(F)c(F)c(F)c1F),Cc1ccc(B(CCCCCP(c2ccccc2)C(C)(C)C)c2c(F)c(F)c(F)c(F)c2F)cc1,True,0.5208333333333334
template_augmentation,intramolecular_P_B_alkyl,P,phenyl,tert_butyl,p_tolyl,pentafluorophenyl,C6,P(c1ccccc1)(C(C)(C)C)CCCCCCB(c1ccc(C)cc1)(c1c(F)c(F)c(F)c(F)c1F),Cc1ccc(B(CCCCCCP(c2ccccc2)C(C)(C)C)c2c(F)c(F)c(F)c(F)c2F)cc1,True,0.5208333333333334
template_augmentation,intramolecular_P_B_alkyl,P,phenyl,tert_butyl,p_tolyl,pentachlorophenyl,C1,P(c1ccccc1)(C(C)(C)C)CB(c1ccc(C)cc1)(c1c(Cl)c(Cl)c(Cl)c(Cl)c1Cl),Cc1ccc(B(CP(c2ccccc2)C(C)(C)C)c2c(Cl)c(Cl)c(Cl)c(Cl)c2Cl)cc1,True,0.4146341463414634
template_augmentation,intramolecular_P_B_alkyl,P,phenyl,tert_butyl,p_tolyl,pentachlorophenyl,C2,P(c1ccccc1)(C(C)(C)C)CCB(c1ccc(C)cc1)(c1c(Cl)c(Cl)c(Cl)c(Cl)c1Cl),Cc1ccc(B(CCP(c2ccccc2)C(C)(C)C)c2c(Cl)c(Cl)c(Cl)c(Cl)c2Cl)cc1,True,0.4883720930232558
template_augmentation,intramolecular_P_B_alkyl,P,phenyl,tert_butyl,p_tolyl,pentachlorophenyl,C3,P(c1ccccc1)(C(C)(C)C)CCCB(c1ccc(C)cc1)(c1c(Cl)c(Cl)c(Cl)c(Cl)c1Cl),Cc1ccc(B(CCCP(c2ccccc2)C(C)(C)C)c2c(Cl)c(Cl)c(Cl)c(Cl)c2Cl)cc1,True,0.46808510638297873
template_augmentation,intramolecular_P_B_alkyl,P,phenyl,tert_butyl,p_tolyl,pentachlorophenyl,C4,P(c1ccccc1)(C(C)(C)C)CCCCB(c1ccc(C)cc1)(c1c(Cl)c(Cl)c(Cl)c(Cl)c1Cl),Cc1ccc(B(CCCCP(c2ccccc2)C(C)(C)C)c2c(Cl)c(Cl)c(Cl)c(Cl)c2Cl)cc1,True,0.5217391304347826
template_augmentation,intramolecular_P_B_alkyl,P,phenyl,tert_butyl,p_tolyl,pentachlorophenyl,C5,P(c1ccccc1)(C(C)(C)C)CCCCCB(c1ccc(C)cc1)(c1c(Cl)c(Cl)c(Cl)c(Cl)c1Cl),Cc1ccc(B(CCCCCP(c2ccccc2)C(C)(C)C)c2c(Cl)c(Cl)c(Cl)c(Cl)c2Cl)cc1,True,0.5106382978723404
template_augmentation,intramolecular_P_B_alkyl,P,phenyl,tert_butyl,p_tolyl,pentachlorophenyl,C6,P(c1ccccc1)(C(C)(C)C)CCCCCCB(c1ccc(C)cc1)(c1c(Cl)c(Cl)c(Cl)c(Cl)c1Cl),Cc1ccc(B(CCCCCCP(c2ccccc2)C(C)(C)C)c2c(Cl)c(Cl)c(Cl)c(Cl)c2Cl)cc1,True,0.5106382978723404
template_augmentation,intramolecular_P_B_alkyl,P,phenyl,tert_butyl,p_tolyl,bis_cf3_phenyl,C1,P(c1ccccc1)(C(C)(C)C)CB(c1ccc(C)cc1)(c1cc(C(F)(F)F)cc(C(F)(F)F)c1),Cc1ccc(B(CP(c2ccccc2)C(C)(C)C)c2cc(C(F)(F)F)cc(C(F)(F)F)c2)cc1,True,0.5227272727272727
template_augmentation,intramolecular_P_B_alkyl,P,phenyl,tert_butyl,p_tolyl,bis_cf3_phenyl,C2,P(c1ccccc1)(C(C)(C)C)CCB(c1ccc(C)cc1)(c1cc(C(F)(F)F)cc(C(F)(F)F)c1),Cc1ccc(B(CCP(c2ccccc2)C(C)(C)C)c2cc(C(F)(F)F)cc(C(F)(F)F)c2)cc1,True,0.4375
template_augmentation,intramolecular_P_B_alkyl,P,phenyl,tert_butyl,p_tolyl,bis_cf3_phenyl,C3,P(c1ccccc1)(C(C)(C)C)CCCB(c1ccc(C)cc1)(c1cc(C(F)(F)F)cc(C(F)(F)F)c1),Cc1ccc(B(CCCP(c2ccccc2)C(C)(C)C)c2cc(C(F)(F)F)cc(C(F)(F)F)c2)cc1,True,0.42
template_augmentation,intramolecular_P_B_alkyl,P,phenyl,tert_butyl,p_tolyl,bis_cf3_phenyl,C4,P(c1ccccc1)(C(C)(C)C)CCCCB(c1ccc(C)cc1)(c1cc(C(F)(F)F)cc(C(F)(F)F)c1),Cc1ccc(B(CCCCP(c2ccccc2)C(C)(C)C)c2cc(C(F)(F)F)cc(C(F)(F)F)c2)cc1,True,0.4117647058823529
template_augmentation,intramolecular_P_B_alkyl,P,phenyl,tert_butyl,p_tolyl,bis_cf3_phenyl,C5,P(c1ccccc1)(C(C)(C)C)CCCCCB(c1ccc(C)cc1)(c1cc(C(F)(F)F)cc(C(F)(F)F)c1),Cc1ccc(B(CCCCCP(c2ccccc2)C(C)(C)C)c2cc(C(F)(F)F)cc(C(F)(F)F)c2)cc1,True,0.40384615384615385
template_augmentation,intramolecular_P_B_alkyl,P,phenyl,tert_butyl,p_tolyl,bis_cf3_phenyl,C6,P(c1ccccc1)(C(C)(C)C)CCCCCCB(c1ccc(C)cc1)(c1cc(C(F)(F)F)cc(C(F)(F)F)c1),Cc1ccc(B(CCCCCCP(c2ccccc2)C(C)(C)C)c2cc(C(F)(F)F)cc(C(F)(F)F)c2)cc1,True,0.40384615384615385
template_augmentation,intramolecular_P_B_alkyl,P,phenyl,tert_butyl,mesityl,mesityl,C1,P(c1ccccc1)(C(C)(C)C)CB(c1c(C)cc(C)cc1C)(c1c(C)cc(C)cc1C),Cc1cc(C)c(B(CP(c2ccccc2)C(C)(C)C)c2c(C)cc(C)cc2C)c(C)c1,True,0.38
template_augmentation,intramolecular_P_B_alkyl,P,phenyl,tert_butyl,mesityl,mesityl,C2,P(c1ccccc1)(C(C)(C)C)CCB(c1c(C)cc(C)cc1C)(c1c(C)cc(C)cc1C),Cc1cc(C)c(B(CCP(c2ccccc2)C(C)(C)C)c2c(C)cc(C)cc2C)c(C)c1,True,0.4222222222222222
template_augmentation,intramolecular_P_B_alkyl,P,phenyl,tert_butyl,mesityl,mesityl,C3,P(c1ccccc1)(C(C)(C)C)CCCB(c1c(C)cc(C)cc1C)(c1c(C)cc(C)cc1C),Cc1cc(C)c(B(CCCP(c2ccccc2)C(C)(C)C)c2c(C)cc(C)cc2C)c(C)c1,True,0.40816326530612246
template_augmentation,intramolecular_P_B_alkyl,P,phenyl,tert_butyl,mesityl,mesityl,C4,P(c1ccccc1)(C(C)(C)C)CCCCB(c1c(C)cc(C)cc1C)(c1c(C)cc(C)cc1C),Cc1cc(C)c(B(CCCCP(c2ccccc2)C(C)(C)C)c2c(C)cc(C)cc2C)c(C)c1,True,0.4583333333333333
template_augmentation,intramolecular_P_B_alkyl,P,phenyl,tert_butyl,mesityl,mesityl,C5,P(c1ccccc1)(C(C)(C)C)CCCCCB(c1c(C)cc(C)cc1C)(c1c(C)cc(C)cc1C),Cc1cc(C)c(B(CCCCCP(c2ccccc2)C(C)(C)C)c2c(C)cc(C)cc2C)c(C)c1,True,0.4489795918367347
template_augmentation,intramolecular_P_B_alkyl,P,phenyl,tert_butyl,mesityl,mesityl,C6,P(c1ccccc1)(C(C)(C)C)CCCCCCB(c1c(C)cc(C)cc1C)(c1c(C)cc(C)cc1C),Cc1cc(C)c(B(CCCCCCP(c2ccccc2)C(C)(C)C)c2c(C)cc(C)cc2C)c(C)c1,True,0.4489795918367347
template_augmentation,intramolecular_P_B_alkyl,P,phenyl,tert_butyl,mesityl,pentafluorophenyl,C1,P(c1ccccc1)(C(C)(C)C)CB(c1c(C)cc(C)cc1C)(c1c(F)c(F)c(F)c(F)c1F),Cc1cc(C)c(B(CP(c2ccccc2)C(C)(C)C)c2c(F)c(F)c(F)c(F)c2F)c(C)c1,True,0.42857142857142855
template_augmentation,intramolecular_P_B_alkyl,P,phenyl,tert_butyl,mesityl,pentafluorophenyl,C2,P(c1ccccc1)(C(C)(C)C)CCB(c1c(C)cc(C)cc1C)(c1c(F)c(F)c(F)c(F)c1F),Cc1cc(C)c(B(CCP(c2ccccc2)C(C)(C)C)c2c(F)c(F)c(F)c(F)c2F)c(C)c1,True,0.5227272727272727
template_augmentation,intramolecular_P_B_alkyl,P,phenyl,tert_butyl,mesityl,pentafluorophenyl,C3,P(c1ccccc1)(C(C)(C)C)CCCB(c1c(C)cc(C)cc1C)(c1c(F)c(F)c(F)c(F)c1F),Cc1cc(C)c(B(CCCP(c2ccccc2)C(C)(C)C)c2c(F)c(F)c(F)c(F)c2F)c(C)c1,True,0.5
template_augmentation,intramolecular_P_B_alkyl,P,phenyl,tert_butyl,mesityl,pentafluorophenyl,C4,P(c1ccccc1)(C(C)(C)C)CCCCB(c1c(C)cc(C)cc1C)(c1c(F)c(F)c(F)c(F)c1F),Cc1cc(C)c(B(CCCCP(c2ccccc2)C(C)(C)C)c2c(F)c(F)c(F)c(F)c2F)c(C)c1,True,0.5531914893617021
template_augmentation,intramolecular_P_B_alkyl,P,phenyl,tert_butyl,mesityl,pentafluorophenyl,C5,P(c1ccccc1)(C(C)(C)C)CCCCCB(c1c(C)cc(C)cc1C)(c1c(F)c(F)c(F)c(F)c1F),Cc1cc(C)c(B(CCCCCP(c2ccccc2)C(C)(C)C)c2c(F)c(F)c(F)c(F)c2F)c(C)c1,True,0.5416666666666666
template_augmentation,intramolecular_P_B_alkyl,P,phenyl,tert_butyl,mesityl,pentafluorophenyl,C6,P(c1ccccc1)(C(C)(C)C)CCCCCCB(c1c(C)cc(C)cc1C)(c1c(F)c(F)c(F)c(F)c1F),Cc1cc(C)c(B(CCCCCCP(c2ccccc2)C(C)(C)C)c2c(F)c(F)c(F)c(F)c2F)c(C)c1,True,0.5416666666666666
template_augmentation,intramolecular_P_B_alkyl,P,phenyl,tert_butyl,mesityl,pentachlorophenyl,C1,P(c1ccccc1)(C(C)(C)C)CB(c1c(C)cc(C)cc1C)(c1c(Cl)c(Cl)c(Cl)c(Cl)c1Cl),Cc1cc(C)c(B(CP(c2ccccc2)C(C)(C)C)c2c(Cl)c(Cl)c(Cl)c(Cl)c2Cl)c(C)c1,True,0.43902439024390244
template_augmentation,intramolecular_P_B_alkyl,P,phenyl,tert_butyl,mesityl,pentachlorophenyl,C2,P(c1ccccc1)(C(C)(C)C)CCB(c1c(C)cc(C)cc1C)(c1c(Cl)c(Cl)c(Cl)c(Cl)c1Cl),Cc1cc(C)c(B(CCP(c2ccccc2)C(C)(C)C)c2c(Cl)c(Cl)c(Cl)c(Cl)c2Cl)c(C)c1,True,0.5333333333333333
template_augmentation,intramolecular_P_B_alkyl,P,phenyl,tert_butyl,mesityl,pentachlorophenyl,C3,P(c1ccccc1)(C(C)(C)C)CCCB(c1c(C)cc(C)cc1C)(c1c(Cl)c(Cl)c(Cl)c(Cl)c1Cl),Cc1cc(C)c(B(CCCP(c2ccccc2)C(C)(C)C)c2c(Cl)c(Cl)c(Cl)c(Cl)c2Cl)c(C)c1,True,0.5102040816326531
template_augmentation,intramolecular_P_B_alkyl,P,phenyl,tert_butyl,mesityl,pentachlorophenyl,C4,P(c1ccccc1)(C(C)(C)C)CCCCB(c1c(C)cc(C)cc1C)(c1c(Cl)c(Cl)c(Cl)c(Cl)c1Cl),Cc1cc(C)c(B(CCCCP(c2ccccc2)C(C)(C)C)c2c(Cl)c(Cl)c(Cl)c(Cl)c2Cl)c(C)c1,True,0.5625
template_augmentation,intramolecular_P_B_alkyl,P,phenyl,tert_butyl,mesityl,pentachlorophenyl,C5,P(c1ccccc1)(C(C)(C)C)CCCCCB(c1c(C)cc(C)cc1C)(c1c(Cl)c(Cl)c(Cl)c(Cl)c1Cl),Cc1cc(C)c(B(CCCCCP(c2ccccc2)C(C)(C)C)c2c(Cl)c(Cl)c(Cl)c(Cl)c2Cl)c(C)c1,True,0.5510204081632653
template_augmentation,intramolecular_P_B_alkyl,P,phenyl,tert_butyl,mesityl,pentachlorophenyl,C6,P(c1ccccc1)(C(C)(C)C)CCCCCCB(c1c(C)cc(C)cc1C)(c1c(Cl)c(Cl)c(Cl)c(Cl)c1Cl),Cc1cc(C)c(B(CCCCCCP(c2ccccc2)C(C)(C)C)c2c(Cl)c(Cl)c(Cl)c(Cl)c2Cl)c(C)c1,True,0.5510204081632653
template_augmentation,intramolecular_P_B_alkyl,P,phenyl,tert_butyl,mesityl,bis_cf3_phenyl,C1,P(c1ccccc1)(C(C)(C)C)CB(c1c(C)cc(C)cc1C)(c1cc(C(F)(F)F)cc(C(F)(F)F)c1),Cc1cc(C)c(B(CP(c2ccccc2)C(C)(C)C)c2cc(C(F)(F)F)cc(C(F)(F)F)c2)c(C)c1,True,0.46808510638297873
template_augmentation,intramolecular_P_B_alkyl,P,phenyl,tert_butyl,mesityl,bis_cf3_phenyl,C2,P(c1ccccc1)(C(C)(C)C)CCB(c1c(C)cc(C)cc1C)(c1cc(C(F)(F)F)cc(C(F)(F)F)c1),Cc1cc(C)c(B(CCP(c2ccccc2)C(C)(C)C)c2cc(C(F)(F)F)cc(C(F)(F)F)c2)c(C)c1,True,0.42
template_augmentation,intramolecular_P_B_alkyl,P,phenyl,tert_butyl,mesityl,bis_cf3_phenyl,C3,P(c1ccccc1)(C(C)(C)C)CCCB(c1c(C)cc(C)cc1C)(c1cc(C(F)(F)F)cc(C(F)(F)F)c1),Cc1cc(C)c(B(CCCP(c2ccccc2)C(C)(C)C)c2cc(C(F)(F)F)cc(C(F)(F)F)c2)c(C)c1,True,0.40384615384615385
template_augmentation,intramolecular_P_B_alkyl,P,phenyl,tert_butyl,mesityl,bis_cf3_phenyl,C4,P(c1ccccc1)(C(C)(C)C)CCCCB(c1c(C)cc(C)cc1C)(c1cc(C(F)(F)F)cc(C(F)(F)F)c1),Cc1cc(C)c(B(CCCCP(c2ccccc2)C(C)(C)C)c2cc(C(F)(F)F)cc(C(F)(F)F)c2)c(C)c1,True,0.39622641509433965
template_augmentation,intramolecular_P_B_alkyl,P,phenyl,tert_butyl,mesityl,bis_cf3_phenyl,C5,P(c1ccccc1)(C(C)(C)C)CCCCCB(c1c(C)cc(C)cc1C)(c1cc(C(F)(F)F)cc(C(F)(F)F)c1),Cc1cc(C)c(B(CCCCCP(c2ccccc2)C(C)(C)C)c2cc(C(F)(F)F)cc(C(F)(F)F)c2)c(C)c1,True,0.3888888888888889
template_augmentation,intramolecular_P_B_alkyl,P,phenyl,tert_butyl,mesityl,bis_cf3_phenyl,C6,P(c1ccccc1)(C(C)(C)C)CCCCCCB(c1c(C)cc(C)cc1C)(c1cc(C(F)(F)F)cc(C(F)(F)F)c1),Cc1cc(C)c(B(CCCCCCP(c2ccccc2)C(C)(C)C)c2cc(C(F)(F)F)cc(C(F)(F)F)c2)c(C)c1,True,0.3888888888888889
template_augmentation,intramolecular_P_B_alkyl,P,phenyl,tert_butyl,pentafluorophenyl,pentafluorophenyl,C1,P(c1ccccc1)(C(C)(C)C)CB(c1c(F)c(F)c(F)c(F)c1F)(c1c(F)c(F)c(F)c(F)c1F),CC(C)(C)P(CB(c1c(F)c(F)c(F)c(F)c1F)c1c(F)c(F)c(F)c(F)c1F)c1ccccc1,True,0.5294117647058824
template_augmentation,intramolecular_P_B_alkyl,P,phenyl,tert_butyl,pentafluorophenyl,pentafluorophenyl,C2,P(c1ccccc1)(C(C)(C)C)CCB(c1c(F)c(F)c(F)c(F)c1F)(c1c(F)c(F)c(F)c(F)c1F),CC(C)(C)P(CCB(c1c(F)c(F)c(F)c(F)c1F)c1c(F)c(F)c(F)c(F)c1F)c1ccccc1,True,0.6388888888888888
template_augmentation,intramolecular_P_B_alkyl,P,phenyl,tert_butyl,pentafluorophenyl,pentafluorophenyl,C3,P(c1ccccc1)(C(C)(C)C)CCCB(c1c(F)c(F)c(F)c(F)c1F)(c1c(F)c(F)c(F)c(F)c1F),CC(C)(C)P(CCCB(c1c(F)c(F)c(F)c(F)c1F)c1c(F)c(F)c(F)c(F)c1F)c1ccccc1,True,0.6
template_augmentation,intramolecular_P_B_alkyl,P,phenyl,tert_butyl,pentafluorophenyl,pentafluorophenyl,C4,P(c1ccccc1)(C(C)(C)C)CCCCB(c1c(F)c(F)c(F)c(F)c1F)(c1c(F)c(F)c(F)c(F)c1F),CC(C)(C)P(CCCCB(c1c(F)c(F)c(F)c(F)c1F)c1c(F)c(F)c(F)c(F)c1F)c1ccccc1,True,0.6666666666666666
template_augmentation,intramolecular_P_B_alkyl,P,phenyl,tert_butyl,pentafluorophenyl,pentafluorophenyl,C5,P(c1ccccc1)(C(C)(C)C)CCCCCB(c1c(F)c(F)c(F)c(F)c1F)(c1c(F)c(F)c(F)c(F)c1F),CC(C)(C)P(CCCCCB(c1c(F)c(F)c(F)c(F)c1F)c1c(F)c(F)c(F)c(F)c1F)c1ccccc1,True,0.65
template_augmentation,intramolecular_P_B_alkyl,P,phenyl,tert_butyl,pentafluorophenyl,pentafluorophenyl,C6,P(c1ccccc1)(C(C)(C)C)CCCCCCB(c1c(F)c(F)c(F)c(F)c1F)(c1c(F)c(F)c(F)c(F)c1F),CC(C)(C)P(CCCCCCB(c1c(F)c(F)c(F)c(F)c1F)c1c(F)c(F)c(F)c(F)c1F)c1ccccc1,True,0.65
template_augmentation,intramolecular_P_B_alkyl,P,phenyl,tert_butyl,pentafluorophenyl,pentachlorophenyl,C1,P(c1ccccc1)(C(C)(C)C)CB(c1c(F)c(F)c(F)c(F)c1F)(c1c(Cl)c(Cl)c(Cl)c(Cl)c1Cl),CC(C)(C)P(CB(c1c(F)c(F)c(F)c(F)c1F)c1c(Cl)c(Cl)c(Cl)c(Cl)c1Cl)c1ccccc1,True,0.46153846153846156
template_augmentation,intramolecular_P_B_alkyl,P,phenyl,tert_butyl,pentafluorophenyl,pentachlorophenyl,C2,P(c1ccccc1)(C(C)(C)C)CCB(c1c(F)c(F)c(F)c(F)c1F)(c1c(Cl)c(Cl)c(Cl)c(Cl)c1Cl),CC(C)(C)P(CCB(c1c(F)c(F)c(F)c(F)c1F)c1c(Cl)c(Cl)c(Cl)c(Cl)c1Cl)c1ccccc1,True,0.5609756097560976
template_augmentation,intramolecular_P_B_alkyl,P,phenyl,tert_butyl,pentafluorophenyl,pentachlorophenyl,C3,P(c1ccccc1)(C(C)(C)C)CCCB(c1c(F)c(F)c(F)c(F)c1F)(c1c(Cl)c(Cl)c(Cl)c(Cl)c1Cl),CC(C)(C)P(CCCB(c1c(F)c(F)c(F)c(F)c1F)c1c(Cl)c(Cl)c(Cl)c(Cl)c1Cl)c1ccccc1,True,0.5333333333333333
template_augmentation,intramolecular_P_B_alkyl,P,phenyl,tert_butyl,pentafluorophenyl,pentachlorophenyl,C4,P(c1ccccc1)(C(C)(C)C)CCCCB(c1c(F)c(F)c(F)c(F)c1F)(c1c(Cl)c(Cl)c(Cl)c(Cl)c1Cl),CC(C)(C)P(CCCCB(c1c(F)c(F)c(F)c(F)c1F)c1c(Cl)c(Cl)c(Cl)c(Cl)c1Cl)c1ccccc1,True,0.5909090909090909
template_augmentation,intramolecular_P_B_alkyl,P,phenyl,tert_butyl,pentafluorophenyl,pentachlorophenyl,C5,P(c1ccccc1)(C(C)(C)C)CCCCCB(c1c(F)c(F)c(F)c(F)c1F)(c1c(Cl)c(Cl)c(Cl)c(Cl)c1Cl),CC(C)(C)P(CCCCCB(c1c(F)c(F)c(F)c(F)c1F)c1c(Cl)c(Cl)c(Cl)c(Cl)c1Cl)c1ccccc1,True,0.5777777777777777
template_augmentation,intramolecular_P_B_alkyl,P,phenyl,tert_butyl,pentafluorophenyl,pentachlorophenyl,C6,P(c1ccccc1)(C(C)(C)C)CCCCCCB(c1c(F)c(F)c(F)c(F)c1F)(c1c(Cl)c(Cl)c(Cl)c(Cl)c1Cl),CC(C)(C)P(CCCCCCB(c1c(F)c(F)c(F)c(F)c1F)c1c(Cl)c(Cl)c(Cl)c(Cl)c1Cl)c1ccccc1,True,0.5777777777777777
template_augmentation,intramolecular_P_B_alkyl,P,phenyl,tert_butyl,pentafluorophenyl,bis_cf3_phenyl,C1,P(c1ccccc1)(C(C)(C)C)CB(c1c(F)c(F)c(F)c(F)c1F)(c1cc(C(F)(F)F)cc(C(F)(F)F)c1),CC(C)(C)P(CB(c1cc(C(F)(F)F)cc(C(F)(F)F)c1)c1c(F)c(F)c(F)c(F)c1F)c1ccccc1,True,0.4888888888888889
template_augmentation,intramolecular_P_B_alkyl,P,phenyl,tert_butyl,pentafluorophenyl,bis_cf3_phenyl,C2,P(c1ccccc1)(C(C)(C)C)CCB(c1c(F)c(F)c(F)c(F)c1F)(c1cc(C(F)(F)F)cc(C(F)(F)F)c1),CC(C)(C)P(CCB(c1cc(C(F)(F)F)cc(C(F)(F)F)c1)c1c(F)c(F)c(F)c(F)c1F)c1ccccc1,True,0.46808510638297873
template_augmentation,intramolecular_P_B_alkyl,P,phenyl,tert_butyl,pentafluorophenyl,bis_cf3_phenyl,C3,P(c1ccccc1)(C(C)(C)C)CCCB(c1c(F)c(F)c(F)c(F)c1F)(c1cc(C(F)(F)F)cc(C(F)(F)F)c1),CC(C)(C)P(CCCB(c1cc(C(F)(F)F)cc(C(F)(F)F)c1)c1c(F)c(F)c(F)c(F)c1F)c1ccccc1,True,0.45098039215686275
template_augmentation,intramolecular_P_B_alkyl,P,phenyl,tert_butyl,pentafluorophenyl,bis_cf3_phenyl,C4,P(c1ccccc1)(C(C)(C)C)CCCCB(c1c(F)c(F)c(F)c(F)c1F)(c1cc(C(F)(F)F)cc(C(F)(F)F)c1),CC(C)(C)P(CCCCB(c1cc(C(F)(F)F)cc(C(F)(F)F)c1)c1c(F)c(F)c(F)c(F)c1F)c1ccccc1,True,0.5
template_augmentation,intramolecular_P_B_alkyl,P,phenyl,tert_butyl,pentafluorophenyl,bis_cf3_phenyl,C5,P(c1ccccc1)(C(C)(C)C)CCCCCB(c1c(F)c(F)c(F)c(F)c1F)(c1cc(C(F)(F)F)cc(C(F)(F)F)c1),CC(C)(C)P(CCCCCB(c1cc(C(F)(F)F)cc(C(F)(F)F)c1)c1c(F)c(F)c(F)c(F)c1F)c1ccccc1,True,0.49019607843137253
template_augmentation,intramolecular_P_B_alkyl,P,phenyl,tert_butyl,pentafluorophenyl,bis_cf3_phenyl,C6,P(c1ccccc1)(C(C)(C)C)CCCCCCB(c1c(F)c(F)c(F)c(F)c1F)(c1cc(C(F)(F)F)cc(C(F)(F)F)c1),CC(C)(C)P(CCCCCCB(c1cc(C(F)(F)F)cc(C(F)(F)F)c1)c1c(F)c(F)c(F)c(F)c1F)c1ccccc1,True,0.49019607843137253
template_augmentation,intramolecular_P_B_alkyl,P,phenyl,tert_butyl,pentachlorophenyl,pentachlorophenyl,C1,P(c1ccccc1)(C(C)(C)C)CB(c1c(Cl)c(Cl)c(Cl)c(Cl)c1Cl)(c1c(Cl)c(Cl)c(Cl)c(Cl)c1Cl),CC(C)(C)P(CB(c1c(Cl)c(Cl)c(Cl)c(Cl)c1Cl)c1c(Cl)c(Cl)c(Cl)c(Cl)c1Cl)c1ccccc1,True,0.5454545454545454
template_augmentation,intramolecular_P_B_alkyl,P,phenyl,tert_butyl,pentachlorophenyl,pentachlorophenyl,C2,P(c1ccccc1)(C(C)(C)C)CCB(c1c(Cl)c(Cl)c(Cl)c(Cl)c1Cl)(c1c(Cl)c(Cl)c(Cl)c(Cl)c1Cl),CC(C)(C)P(CCB(c1c(Cl)c(Cl)c(Cl)c(Cl)c1Cl)c1c(Cl)c(Cl)c(Cl)c(Cl)c1Cl)c1ccccc1,True,0.6285714285714286
template_augmentation,intramolecular_P_B_alkyl,P,phenyl,tert_butyl,pentachlorophenyl,pentachlorophenyl,C3,P(c1ccccc1)(C(C)(C)C)CCCB(c1c(Cl)c(Cl)c(Cl)c(Cl)c1Cl)(c1c(Cl)c(Cl)c(Cl)c(Cl)c1Cl),CC(C)(C)P(CCCB(c1c(Cl)c(Cl)c(Cl)c(Cl)c1Cl)c1c(Cl)c(Cl)c(Cl)c(Cl)c1Cl)c1ccccc1,True,0.5897435897435898
template_augmentation,intramolecular_P_B_alkyl,P,phenyl,tert_butyl,pentachlorophenyl,pentachlorophenyl,C4,P(c1ccccc1)(C(C)(C)C)CCCCB(c1c(Cl)c(Cl)c(Cl)c(Cl)c1Cl)(c1c(Cl)c(Cl)c(Cl)c(Cl)c1Cl),CC(C)(C)P(CCCCB(c1c(Cl)c(Cl)c(Cl)c(Cl)c1Cl)c1c(Cl)c(Cl)c(Cl)c(Cl)c1Cl)c1ccccc1,True,0.6578947368421053
template_augmentation,intramolecular_P_B_alkyl,P,phenyl,tert_butyl,pentachlorophenyl,pentachlorophenyl,C5,P(c1ccccc1)(C(C)(C)C)CCCCCB(c1c(Cl)c(Cl)c(Cl)c(Cl)c1Cl)(c1c(Cl)c(Cl)c(Cl)c(Cl)c1Cl),CC(C)(C)P(CCCCCB(c1c(Cl)c(Cl)c(Cl)c(Cl)c1Cl)c1c(Cl)c(Cl)c(Cl)c(Cl)c1Cl)c1ccccc1,True,0.6410256410256411
template_augmentation,intramolecular_P_B_alkyl,P,phenyl,tert_butyl,pentachlorophenyl,pentachlorophenyl,C6,P(c1ccccc1)(C(C)(C)C)CCCCCCB(c1c(Cl)c(Cl)c(Cl)c(Cl)c1Cl)(c1c(Cl)c(Cl)c(Cl)c(Cl)c1Cl),CC(C)(C)P(CCCCCCB(c1c(Cl)c(Cl)c(Cl)c(Cl)c1Cl)c1c(Cl)c(Cl)c(Cl)c(Cl)c1Cl)c1ccccc1,True,0.6410256410256411
template_augmentation,intramolecular_P_B_alkyl,P,phenyl,tert_butyl,pentachlorophenyl,bis_cf3_phenyl,C1,P(c1ccccc1)(C(C)(C)C)CB(c1c(Cl)c(Cl)c(Cl)c(Cl)c1Cl)(c1cc(C(F)(F)F)cc(C(F)(F)F)c1),CC(C)(C)P(CB(c1cc(C(F)(F)F)cc(C(F)(F)F)c1)c1c(Cl)c(Cl)c(Cl)c(Cl)c1Cl)c1ccccc1,True,0.4888888888888889
template_augmentation,intramolecular_P_B_alkyl,P,phenyl,tert_butyl,pentachlorophenyl,bis_cf3_phenyl,C2,P(c1ccccc1)(C(C)(C)C)CCB(c1c(Cl)c(Cl)c(Cl)c(Cl)c1Cl)(c1cc(C(F)(F)F)cc(C(F)(F)F)c1),CC(C)(C)P(CCB(c1cc(C(F)(F)F)cc(C(F)(F)F)c1)c1c(Cl)c(Cl)c(Cl)c(Cl)c1Cl)c1ccccc1,True,0.44680851063829785
template_augmentation,intramolecular_P_B_alkyl,P,phenyl,tert_butyl,pentachlorophenyl,bis_cf3_phenyl,C3,P(c1ccccc1)(C(C)(C)C)CCCB(c1c(Cl)c(Cl)c(Cl)c(Cl)c1Cl)(c1cc(C(F)(F)F)cc(C(F)(F)F)c1),CC(C)(C)P(CCCB(c1cc(C(F)(F)F)cc(C(F)(F)F)c1)c1c(Cl)c(Cl)c(Cl)c(Cl)c1Cl)c1ccccc1,True,0.43137254901960786
template_augmentation,intramolecular_P_B_alkyl,P,phenyl,tert_butyl,pentachlorophenyl,bis_cf3_phenyl,C4,P(c1ccccc1)(C(C)(C)C)CCCCB(c1c(Cl)c(Cl)c(Cl)c(Cl)c1Cl)(c1cc(C(F)(F)F)cc(C(F)(F)F)c1),CC(C)(C)P(CCCCB(c1cc(C(F)(F)F)cc(C(F)(F)F)c1)c1c(Cl)c(Cl)c(Cl)c(Cl)c1Cl)c1ccccc1,True,0.48
template_augmentation,intramolecular_P_B_alkyl,P,phenyl,tert_butyl,pentachlorophenyl,bis_cf3_phenyl,C5,P(c1ccccc1)(C(C)(C)C)CCCCCB(c1c(Cl)c(Cl)c(Cl)c(Cl)c1Cl)(c1cc(C(F)(F)F)cc(C(F)(F)F)c1),CC(C)(C)P(CCCCCB(c1cc(C(F)(F)F)cc(C(F)(F)F)c1)c1c(Cl)c(Cl)c(Cl)c(Cl)c1Cl)c1ccccc1,True,0.47058823529411764
template_augmentation,intramolecular_P_B_alkyl,P,phenyl,tert_butyl,pentachlorophenyl,bis_cf3_phenyl,C6,P(c1ccccc1)(C(C)(C)C)CCCCCCB(c1c(Cl)c(Cl)c(Cl)c(Cl)c1Cl)(c1cc(C(F)(F)F)cc(C(F)(F)F)c1),CC(C)(C)P(CCCCCCB(c1cc(C(F)(F)F)cc(C(F)(F)F)c1)c1c(Cl)c(Cl)c(Cl)c(Cl)c1Cl)c1ccccc1,True,0.47058823529411764
template_augmentation,intramolecular_P_B_alkyl,P,phenyl,tert_butyl,bis_cf3_phenyl,bis_cf3_phenyl,C1,P(c1ccccc1)(C(C)(C)C)CB(c1cc(C(F)(F)F)cc(C(F)(F)F)c1)(c1cc(C(F)(F)F)cc(C(F)(F)F)c1),CC(C)(C)P(CB(c1cc(C(F)(F)F)cc(C(F)(F)F)c1)c1cc(C(F)(F)F)cc(C(F)(F)F)c1)c1ccccc1,True,0.6052631578947368
template_augmentation,intramolecular_P_B_alkyl,P,phenyl,tert_butyl,bis_cf3_phenyl,bis_cf3_phenyl,C2,P(c1ccccc1)(C(C)(C)C)CCB(c1cc(C(F)(F)F)cc(C(F)(F)F)c1)(c1cc(C(F)(F)F)cc(C(F)(F)F)c1),CC(C)(C)P(CCB(c1cc(C(F)(F)F)cc(C(F)(F)F)c1)c1cc(C(F)(F)F)cc(C(F)(F)F)c1)c1ccccc1,True,0.5
template_augmentation,intramolecular_P_B_alkyl,P,phenyl,tert_butyl,bis_cf3_phenyl,bis_cf3_phenyl,C3,P(c1ccccc1)(C(C)(C)C)CCCB(c1cc(C(F)(F)F)cc(C(F)(F)F)c1)(c1cc(C(F)(F)F)cc(C(F)(F)F)c1),CC(C)(C)P(CCCB(c1cc(C(F)(F)F)cc(C(F)(F)F)c1)c1cc(C(F)(F)F)cc(C(F)(F)F)c1)c1ccccc1,True,0.4772727272727273
template_augmentation,intramolecular_P_B_alkyl,P,phenyl,tert_butyl,bis_cf3_phenyl,bis_cf3_phenyl,C4,P(c1ccccc1)(C(C)(C)C)CCCCB(c1cc(C(F)(F)F)cc(C(F)(F)F)c1)(c1cc(C(F)(F)F)cc(C(F)(F)F)c1),CC(C)(C)P(CCCCB(c1cc(C(F)(F)F)cc(C(F)(F)F)c1)c1cc(C(F)(F)F)cc(C(F)(F)F)c1)c1ccccc1,True,0.4666666666666667
template_augmentation,intramolecular_P_B_alkyl,P,phenyl,tert_butyl,bis_cf3_phenyl,bis_cf3_phenyl,C5,P(c1ccccc1)(C(C)(C)C)CCCCCB(c1cc(C(F)(F)F)cc(C(F)(F)F)c1)(c1cc(C(F)(F)F)cc(C(F)(F)F)c1),CC(C)(C)P(CCCCCB(c1cc(C(F)(F)F)cc(C(F)(F)F)c1)c1cc(C(F)(F)F)cc(C(F)(F)F)c1)c1ccccc1,True,0.45652173913043476
template_augmentation,intramolecular_P_B_alkyl,P,phenyl,tert_butyl,bis_cf3_phenyl,bis_cf3_phenyl,C6,P(c1ccccc1)(C(C)(C)C)CCCCCCB(c1cc(C(F)(F)F)cc(C(F)(F)F)c1)(c1cc(C(F)(F)F)cc(C(F)(F)F)c1),CC(C)(C)P(CCCCCCB(c1cc(C(F)(F)F)cc(C(F)(F)F)c1)c1cc(C(F)(F)F)cc(C(F)(F)F)c1)c1ccccc1,True,0.45652173913043476
template_augmentation,intramolecular_P_B_alkyl,P,phenyl,cyclohexyl,phenyl,phenyl,C1,P(c1ccccc1)(C1CCCCC1)CB(c1ccccc1)(c1ccccc1),c1ccc(B(CP(c2ccccc2)C2CCCCC2)c2ccccc2)cc1,True,0.43902439024390244
template_augmentation,intramolecular_P_B_alkyl,P,phenyl,cyclohexyl,phenyl,phenyl,C2,P(c1ccccc1)(C1CCCCC1)CCB(c1ccccc1)(c1ccccc1),c1ccc(B(CCP(c2ccccc2)C2CCCCC2)c2ccccc2)cc1,True,0.4186046511627907
template_augmentation,intramolecular_P_B_alkyl,P,phenyl,cyclohexyl,phenyl,phenyl,C3,P(c1ccccc1)(C1CCCCC1)CCCB(c1ccccc1)(c1ccccc1),c1ccc(B(CCCP(c2ccccc2)C2CCCCC2)c2ccccc2)cc1,True,0.4
template_augmentation,intramolecular_P_B_alkyl,P,phenyl,cyclohexyl,phenyl,phenyl,C4,P(c1ccccc1)(C1CCCCC1)CCCCB(c1ccccc1)(c1ccccc1),c1ccc(B(CCCCP(c2ccccc2)C2CCCCC2)c2ccccc2)cc1,True,0.4
template_augmentation,intramolecular_P_B_alkyl,P,phenyl,cyclohexyl,phenyl,phenyl,C5,P(c1ccccc1)(C1CCCCC1)CCCCCB(c1ccccc1)(c1ccccc1),c1ccc(B(CCCCCP(c2ccccc2)C2CCCCC2)c2ccccc2)cc1,True,0.391304347826087
template_augmentation,intramolecular_P_B_alkyl,P,phenyl,cyclohexyl,phenyl,phenyl,C6,P(c1ccccc1)(C1CCCCC1)CCCCCCB(c1ccccc1)(c1ccccc1),c1ccc(B(CCCCCCP(c2ccccc2)C2CCCCC2)c2ccccc2)cc1,True,0.391304347826087
template_augmentation,intramolecular_P_B_alkyl,P,phenyl,cyclohexyl,phenyl,p_tolyl,C1,P(c1ccccc1)(C1CCCCC1)CB(c1ccccc1)(c1ccc(C)cc1),Cc1ccc(B(CP(c2ccccc2)C2CCCCC2)c2ccccc2)cc1,True,0.3829787234042553
template_augmentation,intramolecular_P_B_alkyl,P,phenyl,cyclohexyl,phenyl,p_tolyl,C2,P(c1ccccc1)(C1CCCCC1)CCB(c1ccccc1)(c1ccc(C)cc1),Cc1ccc(B(CCP(c2ccccc2)C2CCCCC2)c2ccccc2)cc1,True,0.3673469387755102
template_augmentation,intramolecular_P_B_alkyl,P,phenyl,cyclohexyl,phenyl,p_tolyl,C3,P(c1ccccc1)(C1CCCCC1)CCCB(c1ccccc1)(c1ccc(C)cc1),Cc1ccc(B(CCCP(c2ccccc2)C2CCCCC2)c2ccccc2)cc1,True,0.35294117647058826
template_augmentation,intramolecular_P_B_alkyl,P,phenyl,cyclohexyl,phenyl,p_tolyl,C4,P(c1ccccc1)(C1CCCCC1)CCCCB(c1ccccc1)(c1ccc(C)cc1),Cc1ccc(B(CCCCP(c2ccccc2)C2CCCCC2)c2ccccc2)cc1,True,0.35294117647058826
template_augmentation,intramolecular_P_B_alkyl,P,phenyl,cyclohexyl,phenyl,p_tolyl,C5,P(c1ccccc1)(C1CCCCC1)CCCCCB(c1ccccc1)(c1ccc(C)cc1),Cc1ccc(B(CCCCCP(c2ccccc2)C2CCCCC2)c2ccccc2)cc1,True,0.34615384615384615
template_augmentation,intramolecular_P_B_alkyl,P,phenyl,cyclohexyl,phenyl,p_tolyl,C6,P(c1ccccc1)(C1CCCCC1)CCCCCCB(c1ccccc1)(c1ccc(C)cc1),Cc1ccc(B(CCCCCCP(c2ccccc2)C2CCCCC2)c2ccccc2)cc1,True,0.34615384615384615
template_augmentation,intramolecular_P_B_alkyl,P,phenyl,cyclohexyl,phenyl,mesityl,C1,P(c1ccccc1)(C1CCCCC1)CB(c1ccccc1)(c1c(C)cc(C)cc1C),Cc1cc(C)c(B(CP(c2ccccc2)C2CCCCC2)c2ccccc2)c(C)c1,True,0.47058823529411764
template_augmentation,intramolecular_P_B_alkyl,P,phenyl,cyclohexyl,phenyl,mesityl,C2,P(c1ccccc1)(C1CCCCC1)CCB(c1ccccc1)(c1c(C)cc(C)cc1C),Cc1cc(C)c(B(CCP(c2ccccc2)C2CCCCC2)c2ccccc2)c(C)c1,True,0.4528301886792453
template_augmentation,intramolecular_P_B_alkyl,P,phenyl,cyclohexyl,phenyl,mesityl,C3,P(c1ccccc1)(C1CCCCC1)CCCB(c1ccccc1)(c1c(C)cc(C)cc1C),Cc1cc(C)c(B(CCCP(c2ccccc2)C2CCCCC2)c2ccccc2)c(C)c1,True,0.43636363636363634
template_augmentation,intramolecular_P_B_alkyl,P,phenyl,cyclohexyl,phenyl,mesityl,C4,P(c1ccccc1)(C1CCCCC1)CCCCB(c1ccccc1)(c1c(C)cc(C)cc1C),Cc1cc(C)c(B(CCCCP(c2ccccc2)C2CCCCC2)c2ccccc2)c(C)c1,True,0.42857142857142855
template_augmentation,intramolecular_P_B_alkyl,P,phenyl,cyclohexyl,phenyl,mesityl,C5,P(c1ccccc1)(C1CCCCC1)CCCCCB(c1ccccc1)(c1c(C)cc(C)cc1C),Cc1cc(C)c(B(CCCCCP(c2ccccc2)C2CCCCC2)c2ccccc2)c(C)c1,True,0.42105263157894735
template_augmentation,intramolecular_P_B_alkyl,P,phenyl,cyclohexyl,phenyl,mesityl,C6,P(c1ccccc1)(C1CCCCC1)CCCCCCB(c1ccccc1)(c1c(C)cc(C)cc1C),Cc1cc(C)c(B(CCCCCCP(c2ccccc2)C2CCCCC2)c2ccccc2)c(C)c1,True,0.42105263157894735
template_augmentation,intramolecular_P_B_alkyl,P,phenyl,cyclohexyl,phenyl,pentafluorophenyl,C1,P(c1ccccc1)(C1CCCCC1)CB(c1ccccc1)(c1c(F)c(F)c(F)c(F)c1F),Fc1c(F)c(F)c(B(CP(c2ccccc2)C2CCCCC2)c2ccccc2)c(F)c1F,True,0.4375
template_augmentation,intramolecular_P_B_alkyl,P,phenyl,cyclohexyl,phenyl,pentafluorophenyl,C2,P(c1ccccc1)(C1CCCCC1)CCB(c1ccccc1)(c1c(F)c(F)c(F)c(F)c1F),Fc1c(F)c(F)c(B(CCP(c2ccccc2)C2CCCCC2)c2ccccc2)c(F)c1F,True,0.5116279069767442
template_augmentation,intramolecular_P_B_alkyl,P,phenyl,cyclohexyl,phenyl,pentafluorophenyl,C3,P(c1ccccc1)(C1CCCCC1)CCCB(c1ccccc1)(c1c(F)c(F)c(F)c(F)c1F),Fc1c(F)c(F)c(B(CCCP(c2ccccc2)C2CCCCC2)c2ccccc2)c(F)c1F,True,0.48936170212765956
template_augmentation,intramolecular_P_B_alkyl,P,phenyl,cyclohexyl,phenyl,pentafluorophenyl,C4,P(c1ccccc1)(C1CCCCC1)CCCCB(c1ccccc1)(c1c(F)c(F)c(F)c(F)c1F),Fc1c(F)c(F)c(B(CCCCP(c2ccccc2)C2CCCCC2)c2ccccc2)c(F)c1F,True,0.5434782608695652
template_augmentation,intramolecular_P_B_alkyl,P,phenyl,cyclohexyl,phenyl,pentafluorophenyl,C5,P(c1ccccc1)(C1CCCCC1)CCCCCB(c1ccccc1)(c1c(F)c(F)c(F)c(F)c1F),Fc1c(F)c(F)c(B(CCCCCP(c2ccccc2)C2CCCCC2)c2ccccc2)c(F)c1F,True,0.5319148936170213
template_augmentation,intramolecular_P_B_alkyl,P,phenyl,cyclohexyl,phenyl,pentafluorophenyl,C6,P(c1ccccc1)(C1CCCCC1)CCCCCCB(c1ccccc1)(c1c(F)c(F)c(F)c(F)c1F),Fc1c(F)c(F)c(B(CCCCCCP(c2ccccc2)C2CCCCC2)c2ccccc2)c(F)c1F,True,0.5319148936170213
template_augmentation,intramolecular_P_B_alkyl,P,phenyl,cyclohexyl,phenyl,pentachlorophenyl,C1,P(c1ccccc1)(C1CCCCC1)CB(c1ccccc1)(c1c(Cl)c(Cl)c(Cl)c(Cl)c1Cl),Clc1c(Cl)c(Cl)c(B(CP(c2ccccc2)C2CCCCC2)c2ccccc2)c(Cl)c1Cl,True,0.4782608695652174
template_augmentation,intramolecular_P_B_alkyl,P,phenyl,cyclohexyl,phenyl,pentachlorophenyl,C2,P(c1ccccc1)(C1CCCCC1)CCB(c1ccccc1)(c1c(Cl)c(Cl)c(Cl)c(Cl)c1Cl),Clc1c(Cl)c(Cl)c(B(CCP(c2ccccc2)C2CCCCC2)c2ccccc2)c(Cl)c1Cl,True,0.5
template_augmentation,intramolecular_P_B_alkyl,P,phenyl,cyclohexyl,phenyl,pentachlorophenyl,C3,P(c1ccccc1)(C1CCCCC1)CCCB(c1ccccc1)(c1c(Cl)c(Cl)c(Cl)c(Cl)c1Cl),Clc1c(Cl)c(Cl)c(B(CCCP(c2ccccc2)C2CCCCC2)c2ccccc2)c(Cl)c1Cl,True,0.4782608695652174
template_augmentation,intramolecular_P_B_alkyl,P,phenyl,cyclohexyl,phenyl,pentachlorophenyl,C4,P(c1ccccc1)(C1CCCCC1)CCCCB(c1ccccc1)(c1c(Cl)c(Cl)c(Cl)c(Cl)c1Cl),Clc1c(Cl)c(Cl)c(B(CCCCP(c2ccccc2)C2CCCCC2)c2ccccc2)c(Cl)c1Cl,True,0.5333333333333333
template_augmentation,intramolecular_P_B_alkyl,P,phenyl,cyclohexyl,phenyl,pentachlorophenyl,C5,P(c1ccccc1)(C1CCCCC1)CCCCCB(c1ccccc1)(c1c(Cl)c(Cl)c(Cl)c(Cl)c1Cl),Clc1c(Cl)c(Cl)c(B(CCCCCP(c2ccccc2)C2CCCCC2)c2ccccc2)c(Cl)c1Cl,True,0.5217391304347826
template_augmentation,intramolecular_P_B_alkyl,P,phenyl,cyclohexyl,phenyl,pentachlorophenyl,C6,P(c1ccccc1)(C1CCCCC1)CCCCCCB(c1ccccc1)(c1c(Cl)c(Cl)c(Cl)c(Cl)c1Cl),Clc1c(Cl)c(Cl)c(B(CCCCCCP(c2ccccc2)C2CCCCC2)c2ccccc2)c(Cl)c1Cl,True,0.5217391304347826
template_augmentation,intramolecular_P_B_alkyl,P,phenyl,cyclohexyl,phenyl,bis_cf3_phenyl,C1,P(c1ccccc1)(C1CCCCC1)CB(c1ccccc1)(c1cc(C(F)(F)F)cc(C(F)(F)F)c1),FC(F)(F)c1cc(B(CP(c2ccccc2)C2CCCCC2)c2ccccc2)cc(C(F)(F)F)c1,True,0.425531914893617
template_augmentation,intramolecular_P_B_alkyl,P,phenyl,cyclohexyl,phenyl,bis_cf3_phenyl,C2,P(c1ccccc1)(C1CCCCC1)CCB(c1ccccc1)(c1cc(C(F)(F)F)cc(C(F)(F)F)c1),FC(F)(F)c1cc(B(CCP(c2ccccc2)C2CCCCC2)c2ccccc2)cc(C(F)(F)F)c1,True,0.38
template_augmentation,intramolecular_P_B_alkyl,P,phenyl,cyclohexyl,phenyl,bis_cf3_phenyl,C3,P(c1ccccc1)(C1CCCCC1)CCCB(c1ccccc1)(c1cc(C(F)(F)F)cc(C(F)(F)F)c1),FC(F)(F)c1cc(B(CCCP(c2ccccc2)C2CCCCC2)c2ccccc2)cc(C(F)(F)F)c1,True,0.33962264150943394
template_augmentation,intramolecular_P_B_alkyl,P,phenyl,cyclohexyl,phenyl,bis_cf3_phenyl,C4,P(c1ccccc1)(C1CCCCC1)CCCCB(c1ccccc1)(c1cc(C(F)(F)F)cc(C(F)(F)F)c1),FC(F)(F)c1cc(B(CCCCP(c2ccccc2)C2CCCCC2)c2ccccc2)cc(C(F)(F)F)c1,True,0.3392857142857143
template_augmentation,intramolecular_P_B_alkyl,P,phenyl,cyclohexyl,phenyl,bis_cf3_phenyl,C5,P(c1ccccc1)(C1CCCCC1)CCCCCB(c1ccccc1)(c1cc(C(F)(F)F)cc(C(F)(F)F)c1),FC(F)(F)c1cc(B(CCCCCP(c2ccccc2)C2CCCCC2)c2ccccc2)cc(C(F)(F)F)c1,True,0.3333333333333333
template_augmentation,intramolecular_P_B_alkyl,P,phenyl,cyclohexyl,phenyl,bis_cf3_phenyl,C6,P(c1ccccc1)(C1CCCCC1)CCCCCCB(c1ccccc1)(c1cc(C(F)(F)F)cc(C(F)(F)F)c1),FC(F)(F)c1cc(B(CCCCCCP(c2ccccc2)C2CCCCC2)c2ccccc2)cc(C(F)(F)F)c1,True,0.3333333333333333
template_augmentation,intramolecular_P_B_alkyl,P,phenyl,cyclohexyl,p_tolyl,p_tolyl,C1,P(c1ccccc1)(C1CCCCC1)CB(c1ccc(C)cc1)(c1ccc(C)cc1),Cc1ccc(B(CP(c2ccccc2)C2CCCCC2)c2ccc(C)cc2)cc1,True,0.3617021276595745
template_augmentation,intramolecular_P_B_alkyl,P,phenyl,cyclohexyl,p_tolyl,p_tolyl,C2,P(c1ccccc1)(C1CCCCC1)CCB(c1ccc(C)cc1)(c1ccc(C)cc1),Cc1ccc(B(CCP(c2ccccc2)C2CCCCC2)c2ccc(C)cc2)cc1,True,0.3469387755102041
template_augmentation,intramolecular_P_B_alkyl,P,phenyl,cyclohexyl,p_tolyl,p_tolyl,C3,P(c1ccccc1)(C1CCCCC1)CCCB(c1ccc(C)cc1)(c1ccc(C)cc1),Cc1ccc(B(CCCP(c2ccccc2)C2CCCCC2)c2ccc(C)cc2)cc1,True,0.3333333333333333
template_augmentation,intramolecular_P_B_alkyl,P,phenyl,cyclohexyl,p_tolyl,p_tolyl,C4,P(c1ccccc1)(C1CCCCC1)CCCCB(c1ccc(C)cc1)(c1ccc(C)cc1),Cc1ccc(B(CCCCP(c2ccccc2)C2CCCCC2)c2ccc(C)cc2)cc1,True,0.36
template_augmentation,intramolecular_P_B_alkyl,P,phenyl,cyclohexyl,p_tolyl,p_tolyl,C5,P(c1ccccc1)(C1CCCCC1)CCCCCB(c1ccc(C)cc1)(c1ccc(C)cc1),Cc1ccc(B(CCCCCP(c2ccccc2)C2CCCCC2)c2ccc(C)cc2)cc1,True,0.35294117647058826
template_augmentation,intramolecular_P_B_alkyl,P,phenyl,cyclohexyl,p_tolyl,p_tolyl,C6,P(c1ccccc1)(C1CCCCC1)CCCCCCB(c1ccc(C)cc1)(c1ccc(C)cc1),Cc1ccc(B(CCCCCCP(c2ccccc2)C2CCCCC2)c2ccc(C)cc2)cc1,True,0.35294117647058826
template_augmentation,intramolecular_P_B_alkyl,P,phenyl,cyclohexyl,p_tolyl,mesityl,C1,P(c1ccccc1)(C1CCCCC1)CB(c1ccc(C)cc1)(c1c(C)cc(C)cc1C),Cc1ccc(B(CP(c2ccccc2)C2CCCCC2)c2c(C)cc(C)cc2C)cc1,True,0.4528301886792453
template_augmentation,intramolecular_P_B_alkyl,P,phenyl,cyclohexyl,p_tolyl,mesityl,C2,P(c1ccccc1)(C1CCCCC1)CCB(c1ccc(C)cc1)(c1c(C)cc(C)cc1C),Cc1ccc(B(CCP(c2ccccc2)C2CCCCC2)c2c(C)cc(C)cc2C)cc1,True,0.43636363636363634
template_augmentation,intramolecular_P_B_alkyl,P,phenyl,cyclohexyl,p_tolyl,mesityl,C3,P(c1ccccc1)(C1CCCCC1)CCCB(c1ccc(C)cc1)(c1c(C)cc(C)cc1C),Cc1ccc(B(CCCP(c2ccccc2)C2CCCCC2)c2c(C)cc(C)cc2C)cc1,True,0.42105263157894735
template_augmentation,intramolecular_P_B_alkyl,P,phenyl,cyclohexyl,p_tolyl,mesityl,C4,P(c1ccccc1)(C1CCCCC1)CCCCB(c1ccc(C)cc1)(c1c(C)cc(C)cc1C),Cc1ccc(B(CCCCP(c2ccccc2)C2CCCCC2)c2c(C)cc(C)cc2C)cc1,True,0.41379310344827586
template_augmentation,intramolecular_P_B_alkyl,P,phenyl,cyclohexyl,p_tolyl,mesityl,C5,P(c1ccccc1)(C1CCCCC1)CCCCCB(c1ccc(C)cc1)(c1c(C)cc(C)cc1C),Cc1ccc(B(CCCCCP(c2ccccc2)C2CCCCC2)c2c(C)cc(C)cc2C)cc1,True,0.4067796610169492
template_augmentation,intramolecular_P_B_alkyl,P,phenyl,cyclohexyl,p_tolyl,mesityl,C6,P(c1ccccc1)(C1CCCCC1)CCCCCCB(c1ccc(C)cc1)(c1c(C)cc(C)cc1C),Cc1ccc(B(CCCCCCP(c2ccccc2)C2CCCCC2)c2c(C)cc(C)cc2C)cc1,True,0.4067796610169492
template_augmentation,intramolecular_P_B_alkyl,P,phenyl,cyclohexyl,p_tolyl,pentafluorophenyl,C1,P(c1ccccc1)(C1CCCCC1)CB(c1ccc(C)cc1)(c1c(F)c(F)c(F)c(F)c1F),Cc1ccc(B(CP(c2ccccc2)C2CCCCC2)c2c(F)c(F)c(F)c(F)c2F)cc1,True,0.39622641509433965
template_augmentation,intramolecular_P_B_alkyl,P,phenyl,cyclohexyl,p_tolyl,pentafluorophenyl,C2,P(c1ccccc1)(C1CCCCC1)CCB(c1ccc(C)cc1)(c1c(F)c(F)c(F)c(F)c1F),Cc1ccc(B(CCP(c2ccccc2)C2CCCCC2)c2c(F)c(F)c(F)c(F)c2F)cc1,True,0.4583333333333333
template_augmentation,intramolecular_P_B_alkyl,P,phenyl,cyclohexyl,p_tolyl,pentafluorophenyl,C3,P(c1ccccc1)(C1CCCCC1)CCCB(c1ccc(C)cc1)(c1c(F)c(F)c(F)c(F)c1F),Cc1ccc(B(CCCP(c2ccccc2)C2CCCCC2)c2c(F)c(F)c(F)c(F)c2F)cc1,True,0.4423076923076923
template_augmentation,intramolecular_P_B_alkyl,P,phenyl,cyclohexyl,p_tolyl,pentafluorophenyl,C4,P(c1ccccc1)(C1CCCCC1)CCCCB(c1ccc(C)cc1)(c1c(F)c(F)c(F)c(F)c1F),Cc1ccc(B(CCCCP(c2ccccc2)C2CCCCC2)c2c(F)c(F)c(F)c(F)c2F)cc1,True,0.49019607843137253
template_augmentation,intramolecular_P_B_alkyl,P,phenyl,cyclohexyl,p_tolyl,pentafluorophenyl,C5,P(c1ccccc1)(C1CCCCC1)CCCCCB(c1ccc(C)cc1)(c1c(F)c(F)c(F)c(F)c1F),Cc1ccc(B(CCCCCP(c2ccccc2)C2CCCCC2)c2c(F)c(F)c(F)c(F)c2F)cc1,True,0.4807692307692308
template_augmentation,intramolecular_P_B_alkyl,P,phenyl,cyclohexyl,p_tolyl,pentafluorophenyl,C6,P(c1ccccc1)(C1CCCCC1)CCCCCCB(c1ccc(C)cc1)(c1c(F)c(F)c(F)c(F)c1F),Cc1ccc(B(CCCCCCP(c2ccccc2)C2CCCCC2)c2c(F)c(F)c(F)c(F)c2F)cc1,True,0.4807692307692308
template_augmentation,intramolecular_P_B_alkyl,P,phenyl,cyclohexyl,p_tolyl,pentachlorophenyl,C1,P(c1ccccc1)(C1CCCCC1)CB(c1ccc(C)cc1)(c1c(Cl)c(Cl)c(Cl)c(Cl)c1Cl),Cc1ccc(B(CP(c2ccccc2)C2CCCCC2)c2c(Cl)c(Cl)c(Cl)c(Cl)c2Cl)cc1,True,0.43137254901960786
template_augmentation,intramolecular_P_B_alkyl,P,phenyl,cyclohexyl,p_tolyl,pentachlorophenyl,C2,P(c1ccccc1)(C1CCCCC1)CCB(c1ccc(C)cc1)(c1c(Cl)c(Cl)c(Cl)c(Cl)c1Cl),Cc1ccc(B(CCP(c2ccccc2)C2CCCCC2)c2c(Cl)c(Cl)c(Cl)c(Cl)c2Cl)cc1,True,0.44680851063829785
template_augmentation,intramolecular_P_B_alkyl,P,phenyl,cyclohexyl,p_tolyl,pentachlorophenyl,C3,P(c1ccccc1)(C1CCCCC1)CCCB(c1ccc(C)cc1)(c1c(Cl)c(Cl)c(Cl)c(Cl)c1Cl),Cc1ccc(B(CCCP(c2ccccc2)C2CCCCC2)c2c(Cl)c(Cl)c(Cl)c(Cl)c2Cl)cc1,True,0.43137254901960786
template_augmentation,intramolecular_P_B_alkyl,P,phenyl,cyclohexyl,p_tolyl,pentachlorophenyl,C4,P(c1ccccc1)(C1CCCCC1)CCCCB(c1ccc(C)cc1)(c1c(Cl)c(Cl)c(Cl)c(Cl)c1Cl),Cc1ccc(B(CCCCP(c2ccccc2)C2CCCCC2)c2c(Cl)c(Cl)c(Cl)c(Cl)c2Cl)cc1,True,0.48
template_augmentation,intramolecular_P_B_alkyl,P,phenyl,cyclohexyl,p_tolyl,pentachlorophenyl,C5,P(c1ccccc1)(C1CCCCC1)CCCCCB(c1ccc(C)cc1)(c1c(Cl)c(Cl)c(Cl)c(Cl)c1Cl),Cc1ccc(B(CCCCCP(c2ccccc2)C2CCCCC2)c2c(Cl)c(Cl)c(Cl)c(Cl)c2Cl)cc1,True,0.47058823529411764
template_augmentation,intramolecular_P_B_alkyl,P,phenyl,cyclohexyl,p_tolyl,pentachlorophenyl,C6,P(c1ccccc1)(C1CCCCC1)CCCCCCB(c1ccc(C)cc1)(c1c(Cl)c(Cl)c(Cl)c(Cl)c1Cl),Cc1ccc(B(CCCCCCP(c2ccccc2)C2CCCCC2)c2c(Cl)c(Cl)c(Cl)c(Cl)c2Cl)cc1,True,0.47058823529411764
template_augmentation,intramolecular_P_B_alkyl,P,phenyl,cyclohexyl,p_tolyl,bis_cf3_phenyl,C1,P(c1ccccc1)(C1CCCCC1)CB(c1ccc(C)cc1)(c1cc(C(F)(F)F)cc(C(F)(F)F)c1),Cc1ccc(B(CP(c2ccccc2)C2CCCCC2)c2cc(C(F)(F)F)cc(C(F)(F)F)c2)cc1,True,0.4117647058823529
template_augmentation,intramolecular_P_B_alkyl,P,phenyl,cyclohexyl,p_tolyl,bis_cf3_phenyl,C2,P(c1ccccc1)(C1CCCCC1)CCB(c1ccc(C)cc1)(c1cc(C(F)(F)F)cc(C(F)(F)F)c1),Cc1ccc(B(CCP(c2ccccc2)C2CCCCC2)c2cc(C(F)(F)F)cc(C(F)(F)F)c2)cc1,True,0.37037037037037035
template_augmentation,intramolecular_P_B_alkyl,P,phenyl,cyclohexyl,p_tolyl,bis_cf3_phenyl,C3,P(c1ccccc1)(C1CCCCC1)CCCB(c1ccc(C)cc1)(c1cc(C(F)(F)F)cc(C(F)(F)F)c1),Cc1ccc(B(CCCP(c2ccccc2)C2CCCCC2)c2cc(C(F)(F)F)cc(C(F)(F)F)c2)cc1,True,0.3333333333333333
template_augmentation,intramolecular_P_B_alkyl,P,phenyl,cyclohexyl,p_tolyl,bis_cf3_phenyl,C4,P(c1ccccc1)(C1CCCCC1)CCCCB(c1ccc(C)cc1)(c1cc(C(F)(F)F)cc(C(F)(F)F)c1),Cc1ccc(B(CCCCP(c2ccccc2)C2CCCCC2)c2cc(C(F)(F)F)cc(C(F)(F)F)c2)cc1,True,0.3275862068965517
template_augmentation,intramolecular_P_B_alkyl,P,phenyl,cyclohexyl,p_tolyl,bis_cf3_phenyl,C5,P(c1ccccc1)(C1CCCCC1)CCCCCB(c1ccc(C)cc1)(c1cc(C(F)(F)F)cc(C(F)(F)F)c1),Cc1ccc(B(CCCCCP(c2ccccc2)C2CCCCC2)c2cc(C(F)(F)F)cc(C(F)(F)F)c2)cc1,True,0.3220338983050847
template_augmentation,intramolecular_P_B_alkyl,P,phenyl,cyclohexyl,p_tolyl,bis_cf3_phenyl,C6,P(c1ccccc1)(C1CCCCC1)CCCCCCB(c1ccc(C)cc1)(c1cc(C(F)(F)F)cc(C(F)(F)F)c1),Cc1ccc(B(CCCCCCP(c2ccccc2)C2CCCCC2)c2cc(C(F)(F)F)cc(C(F)(F)F)c2)cc1,True,0.3220338983050847
template_augmentation,intramolecular_P_B_alkyl,P,phenyl,cyclohexyl,mesityl,mesityl,C1,P(c1ccccc1)(C1CCCCC1)CB(c1c(C)cc(C)cc1C)(c1c(C)cc(C)cc1C),Cc1cc(C)c(B(CP(c2ccccc2)C2CCCCC2)c2c(C)cc(C)cc2C)c(C)c1,True,0.5
template_augmentation,intramolecular_P_B_alkyl,P,phenyl,cyclohexyl,mesityl,mesityl,C2,P(c1ccccc1)(C1CCCCC1)CCB(c1c(C)cc(C)cc1C)(c1c(C)cc(C)cc1C),Cc1cc(C)c(B(CCP(c2ccccc2)C2CCCCC2)c2c(C)cc(C)cc2C)c(C)c1,True,0.48
template_augmentation,intramolecular_P_B_alkyl,P,phenyl,cyclohexyl,mesityl,mesityl,C3,P(c1ccccc1)(C1CCCCC1)CCCB(c1c(C)cc(C)cc1C)(c1c(C)cc(C)cc1C),Cc1cc(C)c(B(CCCP(c2ccccc2)C2CCCCC2)c2c(C)cc(C)cc2C)c(C)c1,True,0.46153846153846156
template_augmentation,intramolecular_P_B_alkyl,P,phenyl,cyclohexyl,mesityl,mesityl,C4,P(c1ccccc1)(C1CCCCC1)CCCCB(c1c(C)cc(C)cc1C)(c1c(C)cc(C)cc1C),Cc1cc(C)c(B(CCCCP(c2ccccc2)C2CCCCC2)c2c(C)cc(C)cc2C)c(C)c1,True,0.4528301886792453
template_augmentation,intramolecular_P_B_alkyl,P,phenyl,cyclohexyl,mesityl,mesityl,C5,P(c1ccccc1)(C1CCCCC1)CCCCCB(c1c(C)cc(C)cc1C)(c1c(C)cc(C)cc1C),Cc1cc(C)c(B(CCCCCP(c2ccccc2)C2CCCCC2)c2c(C)cc(C)cc2C)c(C)c1,True,0.4444444444444444
template_augmentation,intramolecular_P_B_alkyl,P,phenyl,cyclohexyl,mesityl,mesityl,C6,P(c1ccccc1)(C1CCCCC1)CCCCCCB(c1c(C)cc(C)cc1C)(c1c(C)cc(C)cc1C),Cc1cc(C)c(B(CCCCCCP(c2ccccc2)C2CCCCC2)c2c(C)cc(C)cc2C)c(C)c1,True,0.4444444444444444
template_augmentation,intramolecular_P_B_alkyl,P,phenyl,cyclohexyl,mesityl,pentafluorophenyl,C1,P(c1ccccc1)(C1CCCCC1)CB(c1c(C)cc(C)cc1C)(c1c(F)c(F)c(F)c(F)c1F),Cc1cc(C)c(B(CP(c2ccccc2)C2CCCCC2)c2c(F)c(F)c(F)c(F)c2F)c(C)c1,True,0.4444444444444444
template_augmentation,intramolecular_P_B_alkyl,P,phenyl,cyclohexyl,mesityl,pentafluorophenyl,C2,P(c1ccccc1)(C1CCCCC1)CCB(c1c(C)cc(C)cc1C)(c1c(F)c(F)c(F)c(F)c1F),Cc1cc(C)c(B(CCP(c2ccccc2)C2CCCCC2)c2c(F)c(F)c(F)c(F)c2F)c(C)c1,True,0.48
template_augmentation,intramolecular_P_B_alkyl,P,phenyl,cyclohexyl,mesityl,pentafluorophenyl,C3,P(c1ccccc1)(C1CCCCC1)CCCB(c1c(C)cc(C)cc1C)(c1c(F)c(F)c(F)c(F)c1F),Cc1cc(C)c(B(CCCP(c2ccccc2)C2CCCCC2)c2c(F)c(F)c(F)c(F)c2F)c(C)c1,True,0.46296296296296297
template_augmentation,intramolecular_P_B_alkyl,P,phenyl,cyclohexyl,mesityl,pentafluorophenyl,C4,P(c1ccccc1)(C1CCCCC1)CCCCB(c1c(C)cc(C)cc1C)(c1c(F)c(F)c(F)c(F)c1F),Cc1cc(C)c(B(CCCCP(c2ccccc2)C2CCCCC2)c2c(F)c(F)c(F)c(F)c2F)c(C)c1,True,0.5098039215686274
template_augmentation,intramolecular_P_B_alkyl,P,phenyl,cyclohexyl,mesityl,pentafluorophenyl,C5,P(c1ccccc1)(C1CCCCC1)CCCCCB(c1c(C)cc(C)cc1C)(c1c(F)c(F)c(F)c(F)c1F),Cc1cc(C)c(B(CCCCCP(c2ccccc2)C2CCCCC2)c2c(F)c(F)c(F)c(F)c2F)c(C)c1,True,0.5
template_augmentation,intramolecular_P_B_alkyl,P,phenyl,cyclohexyl,mesityl,pentafluorophenyl,C6,P(c1ccccc1)(C1CCCCC1)CCCCCCB(c1c(C)cc(C)cc1C)(c1c(F)c(F)c(F)c(F)c1F),Cc1cc(C)c(B(CCCCCCP(c2ccccc2)C2CCCCC2)c2c(F)c(F)c(F)c(F)c2F)c(C)c1,True,0.5
template_augmentation,intramolecular_P_B_alkyl,P,phenyl,cyclohexyl,mesityl,pentachlorophenyl,C1,P(c1ccccc1)(C1CCCCC1)CB(c1c(C)cc(C)cc1C)(c1c(Cl)c(Cl)c(Cl)c(Cl)c1Cl),Cc1cc(C)c(B(CP(c2ccccc2)C2CCCCC2)c2c(Cl)c(Cl)c(Cl)c(Cl)c2Cl)c(C)c1,True,0.4528301886792453
template_augmentation,intramolecular_P_B_alkyl,P,phenyl,cyclohexyl,mesityl,pentachlorophenyl,C2,P(c1ccccc1)(C1CCCCC1)CCB(c1c(C)cc(C)cc1C)(c1c(Cl)c(Cl)c(Cl)c(Cl)c1Cl),Cc1cc(C)c(B(CCP(c2ccccc2)C2CCCCC2)c2c(Cl)c(Cl)c(Cl)c(Cl)c2Cl)c(C)c1,True,0.4897959183673469
template_augmentation,intramolecular_P_B_alkyl,P,phenyl,cyclohexyl,mesityl,pentachlorophenyl,C3,P(c1ccccc1)(C1CCCCC1)CCCB(c1c(C)cc(C)cc1C)(c1c(Cl)c(Cl)c(Cl)c(Cl)c1Cl),Cc1cc(C)c(B(CCCP(c2ccccc2)C2CCCCC2)c2c(Cl)c(Cl)c(Cl)c(Cl)c2Cl)c(C)c1,True,0.4716981132075472
template_augmentation,intramolecular_P_B_alkyl,P,phenyl,cyclohexyl,mesityl,pentachlorophenyl,C4,P(c1ccccc1)(C1CCCCC1)CCCCB(c1c(C)cc(C)cc1C)(c1c(Cl)c(Cl)c(Cl)c(Cl)c1Cl),Cc1cc(C)c(B(CCCCP(c2ccccc2)C2CCCCC2)c2c(Cl)c(Cl)c(Cl)c(Cl)c2Cl)c(C)c1,True,0.5192307692307693
template_augmentation,intramolecular_P_B_alkyl,P,phenyl,cyclohexyl,mesityl,pentachlorophenyl,C5,P(c1ccccc1)(C1CCCCC1)CCCCCB(c1c(C)cc(C)cc1C)(c1c(Cl)c(Cl)c(Cl)c(Cl)c1Cl),Cc1cc(C)c(B(CCCCCP(c2ccccc2)C2CCCCC2)c2c(Cl)c(Cl)c(Cl)c(Cl)c2Cl)c(C)c1,True,0.5094339622641509
template_augmentation,intramolecular_P_B_alkyl,P,phenyl,cyclohexyl,mesityl,pentachlorophenyl,C6,P(c1ccccc1)(C1CCCCC1)CCCCCCB(c1c(C)cc(C)cc1C)(c1c(Cl)c(Cl)c(Cl)c(Cl)c1Cl),Cc1cc(C)c(B(CCCCCCP(c2ccccc2)C2CCCCC2)c2c(Cl)c(Cl)c(Cl)c(Cl)c2Cl)c(C)c1,True,0.5094339622641509
template_augmentation,intramolecular_P_B_alkyl,P,phenyl,cyclohexyl,mesityl,bis_cf3_phenyl,C1,P(c1ccccc1)(C1CCCCC1)CB(c1c(C)cc(C)cc1C)(c1cc(C(F)(F)F)cc(C(F)(F)F)c1),Cc1cc(C)c(B(CP(c2ccccc2)C2CCCCC2)c2cc(C(F)(F)F)cc(C(F)(F)F)c2)c(C)c1,True,0.4067796610169492
template_augmentation,intramolecular_P_B_alkyl,P,phenyl,cyclohexyl,mesityl,bis_cf3_phenyl,C2,P(c1ccccc1)(C1CCCCC1)CCB(c1c(C)cc(C)cc1C)(c1cc(C(F)(F)F)cc(C(F)(F)F)c1),Cc1cc(C)c(B(CCP(c2ccccc2)C2CCCCC2)c2cc(C(F)(F)F)cc(C(F)(F)F)c2)c(C)c1,True,0.39344262295081966
template_augmentation,intramolecular_P_B_alkyl,P,phenyl,cyclohexyl,mesityl,bis_cf3_phenyl,C3,P(c1ccccc1)(C1CCCCC1)CCCB(c1c(C)cc(C)cc1C)(c1cc(C(F)(F)F)cc(C(F)(F)F)c1),Cc1cc(C)c(B(CCCP(c2ccccc2)C2CCCCC2)c2cc(C(F)(F)F)cc(C(F)(F)F)c2)c(C)c1,True,0.38095238095238093
template_augmentation,intramolecular_P_B_alkyl,P,phenyl,cyclohexyl,mesityl,bis_cf3_phenyl,C4,P(c1ccccc1)(C1CCCCC1)CCCCB(c1c(C)cc(C)cc1C)(c1cc(C(F)(F)F)cc(C(F)(F)F)c1),Cc1cc(C)c(B(CCCCP(c2ccccc2)C2CCCCC2)c2cc(C(F)(F)F)cc(C(F)(F)F)c2)c(C)c1,True,0.375
template_augmentation,intramolecular_P_B_alkyl,P,phenyl,cyclohexyl,mesityl,bis_cf3_phenyl,C5,P(c1ccccc1)(C1CCCCC1)CCCCCB(c1c(C)cc(C)cc1C)(c1cc(C(F)(F)F)cc(C(F)(F)F)c1),Cc1cc(C)c(B(CCCCCP(c2ccccc2)C2CCCCC2)c2cc(C(F)(F)F)cc(C(F)(F)F)c2)c(C)c1,True,0.36923076923076925
template_augmentation,intramolecular_P_B_alkyl,P,phenyl,cyclohexyl,mesityl,bis_cf3_phenyl,C6,P(c1ccccc1)(C1CCCCC1)CCCCCCB(c1c(C)cc(C)cc1C)(c1cc(C(F)(F)F)cc(C(F)(F)F)c1),Cc1cc(C)c(B(CCCCCCP(c2ccccc2)C2CCCCC2)c2cc(C(F)(F)F)cc(C(F)(F)F)c2)c(C)c1,True,0.36923076923076925
template_augmentation,intramolecular_P_B_alkyl,P,phenyl,cyclohexyl,pentafluorophenyl,pentafluorophenyl,C1,P(c1ccccc1)(C1CCCCC1)CB(c1c(F)c(F)c(F)c(F)c1F)(c1c(F)c(F)c(F)c(F)c1F),Fc1c(F)c(F)c(B(CP(c2ccccc2)C2CCCCC2)c2c(F)c(F)c(F)c(F)c2F)c(F)c1F,True,0.4666666666666667
template_augmentation,intramolecular_P_B_alkyl,P,phenyl,cyclohexyl,pentafluorophenyl,pentafluorophenyl,C2,P(c1ccccc1)(C1CCCCC1)CCB(c1c(F)c(F)c(F)c(F)c1F)(c1c(F)c(F)c(F)c(F)c1F),Fc1c(F)c(F)c(B(CCP(c2ccccc2)C2CCCCC2)c2c(F)c(F)c(F)c(F)c2F)c(F)c1F,True,0.5897435897435898
template_augmentation,intramolecular_P_B_alkyl,P,phenyl,cyclohexyl,pentafluorophenyl,pentafluorophenyl,C3,P(c1ccccc1)(C1CCCCC1)CCCB(c1c(F)c(F)c(F)c(F)c1F)(c1c(F)c(F)c(F)c(F)c1F),Fc1c(F)c(F)c(B(CCCP(c2ccccc2)C2CCCCC2)c2c(F)c(F)c(F)c(F)c2F)c(F)c1F,True,0.5581395348837209
template_augmentation,intramolecular_P_B_alkyl,P,phenyl,cyclohexyl,pentafluorophenyl,pentafluorophenyl,C4,P(c1ccccc1)(C1CCCCC1)CCCCB(c1c(F)c(F)c(F)c(F)c1F)(c1c(F)c(F)c(F)c(F)c1F),Fc1c(F)c(F)c(B(CCCCP(c2ccccc2)C2CCCCC2)c2c(F)c(F)c(F)c(F)c2F)c(F)c1F,True,0.6190476190476191
template_augmentation,intramolecular_P_B_alkyl,P,phenyl,cyclohexyl,pentafluorophenyl,pentafluorophenyl,C5,P(c1ccccc1)(C1CCCCC1)CCCCCB(c1c(F)c(F)c(F)c(F)c1F)(c1c(F)c(F)c(F)c(F)c1F),Fc1c(F)c(F)c(B(CCCCCP(c2ccccc2)C2CCCCC2)c2c(F)c(F)c(F)c(F)c2F)c(F)c1F,True,0.6046511627906976
template_augmentation,intramolecular_P_B_alkyl,P,phenyl,cyclohexyl,pentafluorophenyl,pentafluorophenyl,C6,P(c1ccccc1)(C1CCCCC1)CCCCCCB(c1c(F)c(F)c(F)c(F)c1F)(c1c(F)c(F)c(F)c(F)c1F),Fc1c(F)c(F)c(B(CCCCCCP(c2ccccc2)C2CCCCC2)c2c(F)c(F)c(F)c(F)c2F)c(F)c1F,True,0.6046511627906976
template_augmentation,intramolecular_P_B_alkyl,P,phenyl,cyclohexyl,pentafluorophenyl,pentachlorophenyl,C1,P(c1ccccc1)(C1CCCCC1)CB(c1c(F)c(F)c(F)c(F)c1F)(c1c(Cl)c(Cl)c(Cl)c(Cl)c1Cl),Fc1c(F)c(F)c(B(CP(c2ccccc2)C2CCCCC2)c2c(Cl)c(Cl)c(Cl)c(Cl)c2Cl)c(F)c1F,True,0.4489795918367347
template_augmentation,intramolecular_P_B_alkyl,P,phenyl,cyclohexyl,pentafluorophenyl,pentachlorophenyl,C2,P(c1ccccc1)(C1CCCCC1)CCB(c1c(F)c(F)c(F)c(F)c1F)(c1c(Cl)c(Cl)c(Cl)c(Cl)c1Cl),Fc1c(F)c(F)c(B(CCP(c2ccccc2)C2CCCCC2)c2c(Cl)c(Cl)c(Cl)c(Cl)c2Cl)c(F)c1F,True,0.5227272727272727
template_augmentation,intramolecular_P_B_alkyl,P,phenyl,cyclohexyl,pentafluorophenyl,pentachlorophenyl,C3,P(c1ccccc1)(C1CCCCC1)CCCB(c1c(F)c(F)c(F)c(F)c1F)(c1c(Cl)c(Cl)c(Cl)c(Cl)c1Cl),Fc1c(F)c(F)c(B(CCCP(c2ccccc2)C2CCCCC2)c2c(Cl)c(Cl)c(Cl)c(Cl)c2Cl)c(F)c1F,True,0.5
template_augmentation,intramolecular_P_B_alkyl,P,phenyl,cyclohexyl,pentafluorophenyl,pentachlorophenyl,C4,P(c1ccccc1)(C1CCCCC1)CCCCB(c1c(F)c(F)c(F)c(F)c1F)(c1c(Cl)c(Cl)c(Cl)c(Cl)c1Cl),Fc1c(F)c(F)c(B(CCCCP(c2ccccc2)C2CCCCC2)c2c(Cl)c(Cl)c(Cl)c(Cl)c2Cl)c(F)c1F,True,0.5531914893617021
template_augmentation,intramolecular_P_B_alkyl,P,phenyl,cyclohexyl,pentafluorophenyl,pentachlorophenyl,C5,P(c1ccccc1)(C1CCCCC1)CCCCCB(c1c(F)c(F)c(F)c(F)c1F)(c1c(Cl)c(Cl)c(Cl)c(Cl)c1Cl),Fc1c(F)c(F)c(B(CCCCCP(c2ccccc2)C2CCCCC2)c2c(Cl)c(Cl)c(Cl)c(Cl)c2Cl)c(F)c1F,True,0.5416666666666666
template_augmentation,intramolecular_P_B_alkyl,P,phenyl,cyclohexyl,pentafluorophenyl,pentachlorophenyl,C6,P(c1ccccc1)(C1CCCCC1)CCCCCCB(c1c(F)c(F)c(F)c(F)c1F)(c1c(Cl)c(Cl)c(Cl)c(Cl)c1Cl),Fc1c(F)c(F)c(B(CCCCCCP(c2ccccc2)C2CCCCC2)c2c(Cl)c(Cl)c(Cl)c(Cl)c2Cl)c(F)c1F,True,0.5416666666666666
template_augmentation,intramolecular_P_B_alkyl,P,phenyl,cyclohexyl,pentafluorophenyl,bis_cf3_phenyl,C1,P(c1ccccc1)(C1CCCCC1)CB(c1c(F)c(F)c(F)c(F)c1F)(c1cc(C(F)(F)F)cc(C(F)(F)F)c1),Fc1c(F)c(F)c(B(CP(c2ccccc2)C2CCCCC2)c2cc(C(F)(F)F)cc(C(F)(F)F)c2)c(F)c1F,True,0.375
template_augmentation,intramolecular_P_B_alkyl,P,phenyl,cyclohexyl,pentafluorophenyl,bis_cf3_phenyl,C2,P(c1ccccc1)(C1CCCCC1)CCB(c1c(F)c(F)c(F)c(F)c1F)(c1cc(C(F)(F)F)cc(C(F)(F)F)c1),Fc1c(F)c(F)c(B(CCP(c2ccccc2)C2CCCCC2)c2cc(C(F)(F)F)cc(C(F)(F)F)c2)c(F)c1F,True,0.43137254901960786
template_augmentation,intramolecular_P_B_alkyl,P,phenyl,cyclohexyl,pentafluorophenyl,bis_cf3_phenyl,C3,P(c1ccccc1)(C1CCCCC1)CCCB(c1c(F)c(F)c(F)c(F)c1F)(c1cc(C(F)(F)F)cc(C(F)(F)F)c1),Fc1c(F)c(F)c(B(CCCP(c2ccccc2)C2CCCCC2)c2cc(C(F)(F)F)cc(C(F)(F)F)c2)c(F)c1F,True,0.41818181818181815
template_augmentation,intramolecular_P_B_alkyl,P,phenyl,cyclohexyl,pentafluorophenyl,bis_cf3_phenyl,C4,P(c1ccccc1)(C1CCCCC1)CCCCB(c1c(F)c(F)c(F)c(F)c1F)(c1cc(C(F)(F)F)cc(C(F)(F)F)c1),Fc1c(F)c(F)c(B(CCCCP(c2ccccc2)C2CCCCC2)c2cc(C(F)(F)F)cc(C(F)(F)F)c2)c(F)c1F,True,0.46296296296296297
template_augmentation,intramolecular_P_B_alkyl,P,phenyl,cyclohexyl,pentafluorophenyl,bis_cf3_phenyl,C5,P(c1ccccc1)(C1CCCCC1)CCCCCB(c1c(F)c(F)c(F)c(F)c1F)(c1cc(C(F)(F)F)cc(C(F)(F)F)c1),Fc1c(F)c(F)c(B(CCCCCP(c2ccccc2)C2CCCCC2)c2cc(C(F)(F)F)cc(C(F)(F)F)c2)c(F)c1F,True,0.45454545454545453
template_augmentation,intramolecular_P_B_alkyl,P,phenyl,cyclohexyl,pentafluorophenyl,bis_cf3_phenyl,C6,P(c1ccccc1)(C1CCCCC1)CCCCCCB(c1c(F)c(F)c(F)c(F)c1F)(c1cc(C(F)(F)F)cc(C(F)(F)F)c1),Fc1c(F)c(F)c(B(CCCCCCP(c2ccccc2)C2CCCCC2)c2cc(C(F)(F)F)cc(C(F)(F)F)c2)c(F)c1F,True,0.45454545454545453
template_augmentation,intramolecular_P_B_alkyl,P,phenyl,cyclohexyl,pentachlorophenyl,pentachlorophenyl,C1,P(c1ccccc1)(C1CCCCC1)CB(c1c(Cl)c(Cl)c(Cl)c(Cl)c1Cl)(c1c(Cl)c(Cl)c(Cl)c(Cl)c1Cl),Clc1c(Cl)c(Cl)c(B(CP(c2ccccc2)C2CCCCC2)c2c(Cl)c(Cl)c(Cl)c(Cl)c2Cl)c(Cl)c1Cl,True,0.5116279069767442
template_augmentation,intramolecular_P_B_alkyl,P,phenyl,cyclohexyl,pentachlorophenyl,pentachlorophenyl,C2,P(c1ccccc1)(C1CCCCC1)CCB(c1c(Cl)c(Cl)c(Cl)c(Cl)c1Cl)(c1c(Cl)c(Cl)c(Cl)c(Cl)c1Cl),Clc1c(Cl)c(Cl)c(B(CCP(c2ccccc2)C2CCCCC2)c2c(Cl)c(Cl)c(Cl)c(Cl)c2Cl)c(Cl)c1Cl,True,0.5789473684210527
template_augmentation,intramolecular_P_B_alkyl,P,phenyl,cyclohexyl,pentachlorophenyl,pentachlorophenyl,C3,P(c1ccccc1)(C1CCCCC1)CCCB(c1c(Cl)c(Cl)c(Cl)c(Cl)c1Cl)(c1c(Cl)c(Cl)c(Cl)c(Cl)c1Cl),Clc1c(Cl)c(Cl)c(B(CCCP(c2ccccc2)C2CCCCC2)c2c(Cl)c(Cl)c(Cl)c(Cl)c2Cl)c(Cl)c1Cl,True,0.5476190476190477
template_augmentation,intramolecular_P_B_alkyl,P,phenyl,cyclohexyl,pentachlorophenyl,pentachlorophenyl,C4,P(c1ccccc1)(C1CCCCC1)CCCCB(c1c(Cl)c(Cl)c(Cl)c(Cl)c1Cl)(c1c(Cl)c(Cl)c(Cl)c(Cl)c1Cl),Clc1c(Cl)c(Cl)c(B(CCCCP(c2ccccc2)C2CCCCC2)c2c(Cl)c(Cl)c(Cl)c(Cl)c2Cl)c(Cl)c1Cl,True,0.6097560975609756
template_augmentation,intramolecular_P_B_alkyl,P,phenyl,cyclohexyl,pentachlorophenyl,pentachlorophenyl,C5,P(c1ccccc1)(C1CCCCC1)CCCCCB(c1c(Cl)c(Cl)c(Cl)c(Cl)c1Cl)(c1c(Cl)c(Cl)c(Cl)c(Cl)c1Cl),Clc1c(Cl)c(Cl)c(B(CCCCCP(c2ccccc2)C2CCCCC2)c2c(Cl)c(Cl)c(Cl)c(Cl)c2Cl)c(Cl)c1Cl,True,0.5952380952380952
template_augmentation,intramolecular_P_B_alkyl,P,phenyl,cyclohexyl,pentachlorophenyl,pentachlorophenyl,C6,P(c1ccccc1)(C1CCCCC1)CCCCCCB(c1c(Cl)c(Cl)c(Cl)c(Cl)c1Cl)(c1c(Cl)c(Cl)c(Cl)c(Cl)c1Cl),Clc1c(Cl)c(Cl)c(B(CCCCCCP(c2ccccc2)C2CCCCC2)c2c(Cl)c(Cl)c(Cl)c(Cl)c2Cl)c(Cl)c1Cl,True,0.5952380952380952
template_augmentation,intramolecular_P_B_alkyl,P,phenyl,cyclohexyl,pentachlorophenyl,bis_cf3_phenyl,C1,P(c1ccccc1)(C1CCCCC1)CB(c1c(Cl)c(Cl)c(Cl)c(Cl)c1Cl)(c1cc(C(F)(F)F)cc(C(F)(F)F)c1),FC(F)(F)c1cc(B(CP(c2ccccc2)C2CCCCC2)c2c(Cl)c(Cl)c(Cl)c(Cl)c2Cl)cc(C(F)(F)F)c1,True,0.4
template_augmentation,intramolecular_P_B_alkyl,P,phenyl,cyclohexyl,pentachlorophenyl,bis_cf3_phenyl,C2,P(c1ccccc1)(C1CCCCC1)CCB(c1c(Cl)c(Cl)c(Cl)c(Cl)c1Cl)(c1cc(C(F)(F)F)cc(C(F)(F)F)c1),FC(F)(F)c1cc(B(CCP(c2ccccc2)C2CCCCC2)c2c(Cl)c(Cl)c(Cl)c(Cl)c2Cl)cc(C(F)(F)F)c1,True,0.4117647058823529
template_augmentation,intramolecular_P_B_alkyl,P,phenyl,cyclohexyl,pentachlorophenyl,bis_cf3_phenyl,C3,P(c1ccccc1)(C1CCCCC1)CCCB(c1c(Cl)c(Cl)c(Cl)c(Cl)c1Cl)(c1cc(C(F)(F)F)cc(C(F)(F)F)c1),FC(F)(F)c1cc(B(CCCP(c2ccccc2)C2CCCCC2)c2c(Cl)c(Cl)c(Cl)c(Cl)c2Cl)cc(C(F)(F)F)c1,True,0.4
template_augmentation,intramolecular_P_B_alkyl,P,phenyl,cyclohexyl,pentachlorophenyl,bis_cf3_phenyl,C4,P(c1ccccc1)(C1CCCCC1)CCCCB(c1c(Cl)c(Cl)c(Cl)c(Cl)c1Cl)(c1cc(C(F)(F)F)cc(C(F)(F)F)c1),FC(F)(F)c1cc(B(CCCCP(c2ccccc2)C2CCCCC2)c2c(Cl)c(Cl)c(Cl)c(Cl)c2Cl)cc(C(F)(F)F)c1,True,0.4444444444444444
template_augmentation,intramolecular_P_B_alkyl,P,phenyl,cyclohexyl,pentachlorophenyl,bis_cf3_phenyl,C5,P(c1ccccc1)(C1CCCCC1)CCCCCB(c1c(Cl)c(Cl)c(Cl)c(Cl)c1Cl)(c1cc(C(F)(F)F)cc(C(F)(F)F)c1),FC(F)(F)c1cc(B(CCCCCP(c2ccccc2)C2CCCCC2)c2c(Cl)c(Cl)c(Cl)c(Cl)c2Cl)cc(C(F)(F)F)c1,True,0.43636363636363634
template_augmentation,intramolecular_P_B_alkyl,P,phenyl,cyclohexyl,pentachlorophenyl,bis_cf3_phenyl,C6,P(c1ccccc1)(C1CCCCC1)CCCCCCB(c1c(Cl)c(Cl)c(Cl)c(Cl)c1Cl)(c1cc(C(F)(F)F)cc(C(F)(F)F)c1),FC(F)(F)c1cc(B(CCCCCCP(c2ccccc2)C2CCCCC2)c2c(Cl)c(Cl)c(Cl)c(Cl)c2Cl)cc(C(F)(F)F)c1,True,0.43636363636363634
template_augmentation,intramolecular_P_B_alkyl,P,phenyl,cyclohexyl,bis_cf3_phenyl,bis_cf3_phenyl,C1,P(c1ccccc1)(C1CCCCC1)CB(c1cc(C(F)(F)F)cc(C(F)(F)F)c1)(c1cc(C(F)(F)F)cc(C(F)(F)F)c1),FC(F)(F)c1cc(B(CP(c2ccccc2)C2CCCCC2)c2cc(C(F)(F)F)cc(C(F)(F)F)c2)cc(C(F)(F)F)c1,True,0.4444444444444444
template_augmentation,intramolecular_P_B_alkyl,P,phenyl,cyclohexyl,bis_cf3_phenyl,bis_cf3_phenyl,C2,P(c1ccccc1)(C1CCCCC1)CCB(c1cc(C(F)(F)F)cc(C(F)(F)F)c1)(c1cc(C(F)(F)F)cc(C(F)(F)F)c1),FC(F)(F)c1cc(B(CCP(c2ccccc2)C2CCCCC2)c2cc(C(F)(F)F)cc(C(F)(F)F)c2)cc(C(F)(F)F)c1,True,0.3958333333333333
template_augmentation,intramolecular_P_B_alkyl,P,phenyl,cyclohexyl,bis_cf3_phenyl,bis_cf3_phenyl,C3,P(c1ccccc1)(C1CCCCC1)CCCB(c1cc(C(F)(F)F)cc(C(F)(F)F)c1)(c1cc(C(F)(F)F)cc(C(F)(F)F)c1),FC(F)(F)c1cc(B(CCCP(c2ccccc2)C2CCCCC2)c2cc(C(F)(F)F)cc(C(F)(F)F)c2)cc(C(F)(F)F)c1,True,0.35294117647058826
template_augmentation,intramolecular_P_B_alkyl,P,phenyl,cyclohexyl,bis_cf3_phenyl,bis_cf3_phenyl,C4,P(c1ccccc1)(C1CCCCC1)CCCCB(c1cc(C(F)(F)F)cc(C(F)(F)F)c1)(c1cc(C(F)(F)F)cc(C(F)(F)F)c1),FC(F)(F)c1cc(B(CCCCP(c2ccccc2)C2CCCCC2)c2cc(C(F)(F)F)cc(C(F)(F)F)c2)cc(C(F)(F)F)c1,True,0.35185185185185186
template_augmentation,intramolecular_P_B_alkyl,P,phenyl,cyclohexyl,bis_cf3_phenyl,bis_cf3_phenyl,C5,P(c1ccccc1)(C1CCCCC1)CCCCCB(c1cc(C(F)(F)F)cc(C(F)(F)F)c1)(c1cc(C(F)(F)F)cc(C(F)(F)F)c1),FC(F)(F)c1cc(B(CCCCCP(c2ccccc2)C2CCCCC2)c2cc(C(F)(F)F)cc(C(F)(F)F)c2)cc(C(F)(F)F)c1,True,0.34545454545454546
template_augmentation,intramolecular_P_B_alkyl,P,phenyl,cyclohexyl,bis_cf3_phenyl,bis_cf3_phenyl,C6,P(c1ccccc1)(C1CCCCC1)CCCCCCB(c1cc(C(F)(F)F)cc(C(F)(F)F)c1)(c1cc(C(F)(F)F)cc(C(F)(F)F)c1),FC(F)(F)c1cc(B(CCCCCCP(c2ccccc2)C2CCCCC2)c2cc(C(F)(F)F)cc(C(F)(F)F)c2)cc(C(F)(F)F)c1,True,0.34545454545454546
template_augmentation,intramolecular_P_B_alkyl,P,phenyl,isopropyl,phenyl,phenyl,C1,P(c1ccccc1)(C(C)C)CB(c1ccccc1)(c1ccccc1),CC(C)P(CB(c1ccccc1)c1ccccc1)c1ccccc1,True,0.36585365853658536
template_augmentation,intramolecular_P_B_alkyl,P,phenyl,isopropyl,phenyl,phenyl,C2,P(c1ccccc1)(C(C)C)CCB(c1ccccc1)(c1ccccc1),CC(C)P(CCB(c1ccccc1)c1ccccc1)c1ccccc1,True,0.38461538461538464
template_augmentation,intramolecular_P_B_alkyl,P,phenyl,isopropyl,phenyl,phenyl,C3,P(c1ccccc1)(C(C)C)CCCB(c1ccccc1)(c1ccccc1),CC(C)P(CCCB(c1ccccc1)c1ccccc1)c1ccccc1,True,0.37209302325581395
template_augmentation,intramolecular_P_B_alkyl,P,phenyl,isopropyl,phenyl,phenyl,C4,P(c1ccccc1)(C(C)C)CCCCB(c1ccccc1)(c1ccccc1),CC(C)P(CCCCB(c1ccccc1)c1ccccc1)c1ccccc1,True,0.42857142857142855
template_augmentation,intramolecular_P_B_alkyl,P,phenyl,isopropyl,phenyl,phenyl,C5,P(c1ccccc1)(C(C)C)CCCCCB(c1ccccc1)(c1ccccc1),CC(C)P(CCCCCB(c1ccccc1)c1ccccc1)c1ccccc1,True,0.4186046511627907
template_augmentation,intramolecular_P_B_alkyl,P,phenyl,isopropyl,phenyl,phenyl,C6,P(c1ccccc1)(C(C)C)CCCCCCB(c1ccccc1)(c1ccccc1),CC(C)P(CCCCCCB(c1ccccc1)c1ccccc1)c1ccccc1,True,0.4186046511627907
template_augmentation,intramolecular_P_B_alkyl,P,phenyl,isopropyl,phenyl,p_tolyl,C1,P(c1ccccc1)(C(C)C)CB(c1ccccc1)(c1ccc(C)cc1),Cc1ccc(B(CP(c2ccccc2)C(C)C)c2ccccc2)cc1,True,0.32608695652173914
template_augmentation,intramolecular_P_B_alkyl,P,phenyl,isopropyl,phenyl,p_tolyl,C2,P(c1ccccc1)(C(C)C)CCB(c1ccccc1)(c1ccc(C)cc1),Cc1ccc(B(CCP(c2ccccc2)C(C)C)c2ccccc2)cc1,True,0.3409090909090909
template_augmentation,intramolecular_P_B_alkyl,P,phenyl,isopropyl,phenyl,p_tolyl,C3,P(c1ccccc1)(C(C)C)CCCB(c1ccccc1)(c1ccc(C)cc1),Cc1ccc(B(CCCP(c2ccccc2)C(C)C)c2ccccc2)cc1,True,0.3333333333333333
template_augmentation,intramolecular_P_B_alkyl,P,phenyl,isopropyl,phenyl,p_tolyl,C4,P(c1ccccc1)(C(C)C)CCCCB(c1ccccc1)(c1ccc(C)cc1),Cc1ccc(B(CCCCP(c2ccccc2)C(C)C)c2ccccc2)cc1,True,0.3829787234042553
template_augmentation,intramolecular_P_B_alkyl,P,phenyl,isopropyl,phenyl,p_tolyl,C5,P(c1ccccc1)(C(C)C)CCCCCB(c1ccccc1)(c1ccc(C)cc1),Cc1ccc(B(CCCCCP(c2ccccc2)C(C)C)c2ccccc2)cc1,True,0.375
template_augmentation,intramolecular_P_B_alkyl,P,phenyl,isopropyl,phenyl,p_tolyl,C6,P(c1ccccc1)(C(C)C)CCCCCCB(c1ccccc1)(c1ccc(C)cc1),Cc1ccc(B(CCCCCCP(c2ccccc2)C(C)C)c2ccccc2)cc1,True,0.375
template_augmentation,intramolecular_P_B_alkyl,P,phenyl,isopropyl,phenyl,mesityl,C1,P(c1ccccc1)(C(C)C)CB(c1ccccc1)(c1c(C)cc(C)cc1C),Cc1cc(C)c(B(CP(c2ccccc2)C(C)C)c2ccccc2)c(C)c1,True,0.3584905660377358
template_augmentation,intramolecular_P_B_alkyl,P,phenyl,isopropyl,phenyl,mesityl,C2,P(c1ccccc1)(C(C)C)CCB(c1ccccc1)(c1c(C)cc(C)cc1C),Cc1cc(C)c(B(CCP(c2ccccc2)C(C)C)c2ccccc2)c(C)c1,True,0.3958333333333333
template_augmentation,intramolecular_P_B_alkyl,P,phenyl,isopropyl,phenyl,mesityl,C3,P(c1ccccc1)(C(C)C)CCCB(c1ccccc1)(c1c(C)cc(C)cc1C),Cc1cc(C)c(B(CCCP(c2ccccc2)C(C)C)c2ccccc2)c(C)c1,True,0.38461538461538464
template_augmentation,intramolecular_P_B_alkyl,P,phenyl,isopropyl,phenyl,mesityl,C4,P(c1ccccc1)(C(C)C)CCCCB(c1ccccc1)(c1c(C)cc(C)cc1C),Cc1cc(C)c(B(CCCCP(c2ccccc2)C(C)C)c2ccccc2)c(C)c1,True,0.43137254901960786
template_augmentation,intramolecular_P_B_alkyl,P,phenyl,isopropyl,phenyl,mesityl,C5,P(c1ccccc1)(C(C)C)CCCCCB(c1ccccc1)(c1c(C)cc(C)cc1C),Cc1cc(C)c(B(CCCCCP(c2ccccc2)C(C)C)c2ccccc2)c(C)c1,True,0.4230769230769231
template_augmentation,intramolecular_P_B_alkyl,P,phenyl,isopropyl,phenyl,mesityl,C6,P(c1ccccc1)(C(C)C)CCCCCCB(c1ccccc1)(c1c(C)cc(C)cc1C),Cc1cc(C)c(B(CCCCCCP(c2ccccc2)C(C)C)c2ccccc2)c(C)c1,True,0.4230769230769231
template_augmentation,intramolecular_P_B_alkyl,P,phenyl,isopropyl,phenyl,pentafluorophenyl,C1,P(c1ccccc1)(C(C)C)CB(c1ccccc1)(c1c(F)c(F)c(F)c(F)c1F),CC(C)P(CB(c1ccccc1)c1c(F)c(F)c(F)c(F)c1F)c1ccccc1,True,0.5116279069767442
template_augmentation,intramolecular_P_B_alkyl,P,phenyl,isopropyl,phenyl,pentafluorophenyl,C2,P(c1ccccc1)(C(C)C)CCB(c1ccccc1)(c1c(F)c(F)c(F)c(F)c1F),CC(C)P(CCB(c1ccccc1)c1c(F)c(F)c(F)c(F)c1F)c1ccccc1,True,0.55
template_augmentation,intramolecular_P_B_alkyl,P,phenyl,isopropyl,phenyl,pentafluorophenyl,C3,P(c1ccccc1)(C(C)C)CCCB(c1ccccc1)(c1c(F)c(F)c(F)c(F)c1F),CC(C)P(CCCB(c1ccccc1)c1c(F)c(F)c(F)c(F)c1F)c1ccccc1,True,0.5227272727272727
template_augmentation,intramolecular_P_B_alkyl,P,phenyl,isopropyl,phenyl,pentafluorophenyl,C4,P(c1ccccc1)(C(C)C)CCCCB(c1ccccc1)(c1c(F)c(F)c(F)c(F)c1F),CC(C)P(CCCCB(c1ccccc1)c1c(F)c(F)c(F)c(F)c1F)c1ccccc1,True,0.5813953488372093
template_augmentation,intramolecular_P_B_alkyl,P,phenyl,isopropyl,phenyl,pentafluorophenyl,C5,P(c1ccccc1)(C(C)C)CCCCCB(c1ccccc1)(c1c(F)c(F)c(F)c(F)c1F),CC(C)P(CCCCCB(c1ccccc1)c1c(F)c(F)c(F)c(F)c1F)c1ccccc1,True,0.5681818181818182
template_augmentation,intramolecular_P_B_alkyl,P,phenyl,isopropyl,phenyl,pentafluorophenyl,C6,P(c1ccccc1)(C(C)C)CCCCCCB(c1ccccc1)(c1c(F)c(F)c(F)c(F)c1F),CC(C)P(CCCCCCB(c1ccccc1)c1c(F)c(F)c(F)c(F)c1F)c1ccccc1,True,0.5681818181818182
template_augmentation,intramolecular_P_B_alkyl,P,phenyl,isopropyl,phenyl,pentachlorophenyl,C1,P(c1ccccc1)(C(C)C)CB(c1ccccc1)(c1c(Cl)c(Cl)c(Cl)c(Cl)c1Cl),CC(C)P(CB(c1ccccc1)c1c(Cl)c(Cl)c(Cl)c(Cl)c1Cl)c1ccccc1,True,0.5
template_augmentation,intramolecular_P_B_alkyl,P,phenyl,isopropyl,phenyl,pentachlorophenyl,C2,P(c1ccccc1)(C(C)C)CCB(c1ccccc1)(c1c(Cl)c(Cl)c(Cl)c(Cl)c1Cl),CC(C)P(CCB(c1ccccc1)c1c(Cl)c(Cl)c(Cl)c(Cl)c1Cl)c1ccccc1,True,0.5384615384615384
template_augmentation,intramolecular_P_B_alkyl,P,phenyl,isopropyl,phenyl,pentachlorophenyl,C3,P(c1ccccc1)(C(C)C)CCCB(c1ccccc1)(c1c(Cl)c(Cl)c(Cl)c(Cl)c1Cl),CC(C)P(CCCB(c1ccccc1)c1c(Cl)c(Cl)c(Cl)c(Cl)c1Cl)c1ccccc1,True,0.5116279069767442
template_augmentation,intramolecular_P_B_alkyl,P,phenyl,isopropyl,phenyl,pentachlorophenyl,C4,P(c1ccccc1)(C(C)C)CCCCB(c1ccccc1)(c1c(Cl)c(Cl)c(Cl)c(Cl)c1Cl),CC(C)P(CCCCB(c1ccccc1)c1c(Cl)c(Cl)c(Cl)c(Cl)c1Cl)c1ccccc1,True,0.5714285714285714
template_augmentation,intramolecular_P_B_alkyl,P,phenyl,isopropyl,phenyl,pentachlorophenyl,C5,P(c1ccccc1)(C(C)C)CCCCCB(c1ccccc1)(c1c(Cl)c(Cl)c(Cl)c(Cl)c1Cl),CC(C)P(CCCCCB(c1ccccc1)c1c(Cl)c(Cl)c(Cl)c(Cl)c1Cl)c1ccccc1,True,0.5581395348837209
template_augmentation,intramolecular_P_B_alkyl,P,phenyl,isopropyl,phenyl,pentachlorophenyl,C6,P(c1ccccc1)(C(C)C)CCCCCCB(c1ccccc1)(c1c(Cl)c(Cl)c(Cl)c(Cl)c1Cl),CC(C)P(CCCCCCB(c1ccccc1)c1c(Cl)c(Cl)c(Cl)c(Cl)c1Cl)c1ccccc1,True,0.5581395348837209
template_augmentation,intramolecular_P_B_alkyl,P,phenyl,isopropyl,phenyl,bis_cf3_phenyl,C1,P(c1ccccc1)(C(C)C)CB(c1ccccc1)(c1cc(C(F)(F)F)cc(C(F)(F)F)c1),CC(C)P(CB(c1ccccc1)c1cc(C(F)(F)F)cc(C(F)(F)F)c1)c1ccccc1,True,0.5
template_augmentation,intramolecular_P_B_alkyl,P,phenyl,isopropyl,phenyl,bis_cf3_phenyl,C2,P(c1ccccc1)(C(C)C)CCB(c1ccccc1)(c1cc(C(F)(F)F)cc(C(F)(F)F)c1),CC(C)P(CCB(c1ccccc1)c1cc(C(F)(F)F)cc(C(F)(F)F)c1)c1ccccc1,True,0.43478260869565216
template_augmentation,intramolecular_P_B_alkyl,P,phenyl,isopropyl,phenyl,bis_cf3_phenyl,C3,P(c1ccccc1)(C(C)C)CCCB(c1ccccc1)(c1cc(C(F)(F)F)cc(C(F)(F)F)c1),CC(C)P(CCCB(c1ccccc1)c1cc(C(F)(F)F)cc(C(F)(F)F)c1)c1ccccc1,True,0.4166666666666667
template_augmentation,intramolecular_P_B_alkyl,P,phenyl,isopropyl,phenyl,bis_cf3_phenyl,C4,P(c1ccccc1)(C(C)C)CCCCB(c1ccccc1)(c1cc(C(F)(F)F)cc(C(F)(F)F)c1),CC(C)P(CCCCB(c1ccccc1)c1cc(C(F)(F)F)cc(C(F)(F)F)c1)c1ccccc1,True,0.40816326530612246
template_augmentation,intramolecular_P_B_alkyl,P,phenyl,isopropyl,phenyl,bis_cf3_phenyl,C5,P(c1ccccc1)(C(C)C)CCCCCB(c1ccccc1)(c1cc(C(F)(F)F)cc(C(F)(F)F)c1),CC(C)P(CCCCCB(c1ccccc1)c1cc(C(F)(F)F)cc(C(F)(F)F)c1)c1ccccc1,True,0.4
template_augmentation,intramolecular_P_B_alkyl,P,phenyl,isopropyl,phenyl,bis_cf3_phenyl,C6,P(c1ccccc1)(C(C)C)CCCCCCB(c1ccccc1)(c1cc(C(F)(F)F)cc(C(F)(F)F)c1),CC(C)P(CCCCCCB(c1ccccc1)c1cc(C(F)(F)F)cc(C(F)(F)F)c1)c1ccccc1,True,0.4
template_augmentation,intramolecular_P_B_alkyl,P,phenyl,isopropyl,p_tolyl,p_tolyl,C1,P(c1ccccc1)(C(C)C)CB(c1ccc(C)cc1)(c1ccc(C)cc1),Cc1ccc(B(CP(c2ccccc2)C(C)C)c2ccc(C)cc2)cc1,True,0.3333333333333333
template_augmentation,intramolecular_P_B_alkyl,P,phenyl,isopropyl,p_tolyl,p_tolyl,C2,P(c1ccccc1)(C(C)C)CCB(c1ccc(C)cc1)(c1ccc(C)cc1),Cc1ccc(B(CCP(c2ccccc2)C(C)C)c2ccc(C)cc2)cc1,True,0.3488372093023256
template_augmentation,intramolecular_P_B_alkyl,P,phenyl,isopropyl,p_tolyl,p_tolyl,C3,P(c1ccccc1)(C(C)C)CCCB(c1ccc(C)cc1)(c1ccc(C)cc1),Cc1ccc(B(CCCP(c2ccccc2)C(C)C)c2ccc(C)cc2)cc1,True,0.3404255319148936
template_augmentation,intramolecular_P_B_alkyl,P,phenyl,isopropyl,p_tolyl,p_tolyl,C4,P(c1ccccc1)(C(C)C)CCCCB(c1ccc(C)cc1)(c1ccc(C)cc1),Cc1ccc(B(CCCCP(c2ccccc2)C(C)C)c2ccc(C)cc2)cc1,True,0.391304347826087
template_augmentation,intramolecular_P_B_alkyl,P,phenyl,isopropyl,p_tolyl,p_tolyl,C5,P(c1ccccc1)(C(C)C)CCCCCB(c1ccc(C)cc1)(c1ccc(C)cc1),Cc1ccc(B(CCCCCP(c2ccccc2)C(C)C)c2ccc(C)cc2)cc1,True,0.3829787234042553
template_augmentation,intramolecular_P_B_alkyl,P,phenyl,isopropyl,p_tolyl,p_tolyl,C6,P(c1ccccc1)(C(C)C)CCCCCCB(c1ccc(C)cc1)(c1ccc(C)cc1),Cc1ccc(B(CCCCCCP(c2ccccc2)C(C)C)c2ccc(C)cc2)cc1,True,0.3829787234042553
template_augmentation,intramolecular_P_B_alkyl,P,phenyl,isopropyl,p_tolyl,mesityl,C1,P(c1ccccc1)(C(C)C)CB(c1ccc(C)cc1)(c1c(C)cc(C)cc1C),Cc1ccc(B(CP(c2ccccc2)C(C)C)c2c(C)cc(C)cc2C)cc1,True,0.34545454545454546
template_augmentation,intramolecular_P_B_alkyl,P,phenyl,isopropyl,p_tolyl,mesityl,C2,P(c1ccccc1)(C(C)C)CCB(c1ccc(C)cc1)(c1c(C)cc(C)cc1C),Cc1ccc(B(CCP(c2ccccc2)C(C)C)c2c(C)cc(C)cc2C)cc1,True,0.38
template_augmentation,intramolecular_P_B_alkyl,P,phenyl,isopropyl,p_tolyl,mesityl,C3,P(c1ccccc1)(C(C)C)CCCB(c1ccc(C)cc1)(c1c(C)cc(C)cc1C),Cc1ccc(B(CCCP(c2ccccc2)C(C)C)c2c(C)cc(C)cc2C)cc1,True,0.37037037037037035
template_augmentation,intramolecular_P_B_alkyl,P,phenyl,isopropyl,p_tolyl,mesityl,C4,P(c1ccccc1)(C(C)C)CCCCB(c1ccc(C)cc1)(c1c(C)cc(C)cc1C),Cc1ccc(B(CCCCP(c2ccccc2)C(C)C)c2c(C)cc(C)cc2C)cc1,True,0.41509433962264153
template_augmentation,intramolecular_P_B_alkyl,P,phenyl,isopropyl,p_tolyl,mesityl,C5,P(c1ccccc1)(C(C)C)CCCCCB(c1ccc(C)cc1)(c1c(C)cc(C)cc1C),Cc1ccc(B(CCCCCP(c2ccccc2)C(C)C)c2c(C)cc(C)cc2C)cc1,True,0.4074074074074074
template_augmentation,intramolecular_P_B_alkyl,P,phenyl,isopropyl,p_tolyl,mesityl,C6,P(c1ccccc1)(C(C)C)CCCCCCB(c1ccc(C)cc1)(c1c(C)cc(C)cc1C),Cc1ccc(B(CCCCCCP(c2ccccc2)C(C)C)c2c(C)cc(C)cc2C)cc1,True,0.4074074074074074
template_augmentation,intramolecular_P_B_alkyl,P,phenyl,isopropyl,p_tolyl,pentafluorophenyl,C1,P(c1ccccc1)(C(C)C)CB(c1ccc(C)cc1)(c1c(F)c(F)c(F)c(F)c1F),Cc1ccc(B(CP(c2ccccc2)C(C)C)c2c(F)c(F)c(F)c(F)c2F)cc1,True,0.46808510638297873
template_augmentation,intramolecular_P_B_alkyl,P,phenyl,isopropyl,p_tolyl,pentafluorophenyl,C2,P(c1ccccc1)(C(C)C)CCB(c1ccc(C)cc1)(c1c(F)c(F)c(F)c(F)c1F),Cc1ccc(B(CCP(c2ccccc2)C(C)C)c2c(F)c(F)c(F)c(F)c2F)cc1,True,0.5
template_augmentation,intramolecular_P_B_alkyl,P,phenyl,isopropyl,p_tolyl,pentafluorophenyl,C3,P(c1ccccc1)(C(C)C)CCCB(c1ccc(C)cc1)(c1c(F)c(F)c(F)c(F)c1F),Cc1ccc(B(CCCP(c2ccccc2)C(C)C)c2c(F)c(F)c(F)c(F)c2F)cc1,True,0.4791666666666667
template_augmentation,intramolecular_P_B_alkyl,P,phenyl,isopropyl,p_tolyl,pentafluorophenyl,C4,P(c1ccccc1)(C(C)C)CCCCB(c1ccc(C)cc1)(c1c(F)c(F)c(F)c(F)c1F),Cc1ccc(B(CCCCP(c2ccccc2)C(C)C)c2c(F)c(F)c(F)c(F)c2F)cc1,True,0.5319148936170213
template_augmentation,intramolecular_P_B_alkyl,P,phenyl,isopropyl,p_tolyl,pentafluorophenyl,C5,P(c1ccccc1)(C(C)C)CCCCCB(c1ccc(C)cc1)(c1c(F)c(F)c(F)c(F)c1F),Cc1ccc(B(CCCCCP(c2ccccc2)C(C)C)c2c(F)c(F)c(F)c(F)c2F)cc1,True,0.5208333333333334
template_augmentation,intramolecular_P_B_alkyl,P,phenyl,isopropyl,p_tolyl,pentafluorophenyl,C6,P(c1ccccc1)(C(C)C)CCCCCCB(c1ccc(C)cc1)(c1c(F)c(F)c(F)c(F)c1F),Cc1ccc(B(CCCCCCP(c2ccccc2)C(C)C)c2c(F)c(F)c(F)c(F)c2F)cc1,True,0.5208333333333334
template_augmentation,intramolecular_P_B_alkyl,P,phenyl,isopropyl,p_tolyl,pentachlorophenyl,C1,P(c1ccccc1)(C(C)C)CB(c1ccc(C)cc1)(c1c(Cl)c(Cl)c(Cl)c(Cl)c1Cl),Cc1ccc(B(CP(c2ccccc2)C(C)C)c2c(Cl)c(Cl)c(Cl)c(Cl)c2Cl)cc1,True,0.45652173913043476
template_augmentation,intramolecular_P_B_alkyl,P,phenyl,isopropyl,p_tolyl,pentachlorophenyl,C2,P(c1ccccc1)(C(C)C)CCB(c1ccc(C)cc1)(c1c(Cl)c(Cl)c(Cl)c(Cl)c1Cl),Cc1ccc(B(CCP(c2ccccc2)C(C)C)c2c(Cl)c(Cl)c(Cl)c(Cl)c2Cl)cc1,True,0.4883720930232558
template_augmentation,intramolecular_P_B_alkyl,P,phenyl,isopropyl,p_tolyl,pentachlorophenyl,C3,P(c1ccccc1)(C(C)C)CCCB(c1ccc(C)cc1)(c1c(Cl)c(Cl)c(Cl)c(Cl)c1Cl),Cc1ccc(B(CCCP(c2ccccc2)C(C)C)c2c(Cl)c(Cl)c(Cl)c(Cl)c2Cl)cc1,True,0.46808510638297873
template_augmentation,intramolecular_P_B_alkyl,P,phenyl,isopropyl,p_tolyl,pentachlorophenyl,C4,P(c1ccccc1)(C(C)C)CCCCB(c1ccc(C)cc1)(c1c(Cl)c(Cl)c(Cl)c(Cl)c1Cl),Cc1ccc(B(CCCCP(c2ccccc2)C(C)C)c2c(Cl)c(Cl)c(Cl)c(Cl)c2Cl)cc1,True,0.5217391304347826
template_augmentation,intramolecular_P_B_alkyl,P,phenyl,isopropyl,p_tolyl,pentachlorophenyl,C5,P(c1ccccc1)(C(C)C)CCCCCB(c1ccc(C)cc1)(c1c(Cl)c(Cl)c(Cl)c(Cl)c1Cl),Cc1ccc(B(CCCCCP(c2ccccc2)C(C)C)c2c(Cl)c(Cl)c(Cl)c(Cl)c2Cl)cc1,True,0.5106382978723404
template_augmentation,intramolecular_P_B_alkyl,P,phenyl,isopropyl,p_tolyl,pentachlorophenyl,C6,P(c1ccccc1)(C(C)C)CCCCCCB(c1ccc(C)cc1)(c1c(Cl)c(Cl)c(Cl)c(Cl)c1Cl),Cc1ccc(B(CCCCCCP(c2ccccc2)C(C)C)c2c(Cl)c(Cl)c(Cl)c(Cl)c2Cl)cc1,True,0.5106382978723404
template_augmentation,intramolecular_P_B_alkyl,P,phenyl,isopropyl,p_tolyl,bis_cf3_phenyl,C1,P(c1ccccc1)(C(C)C)CB(c1ccc(C)cc1)(c1cc(C(F)(F)F)cc(C(F)(F)F)c1),Cc1ccc(B(CP(c2ccccc2)C(C)C)c2cc(C(F)(F)F)cc(C(F)(F)F)c2)cc1,True,0.45652173913043476
template_augmentation,intramolecular_P_B_alkyl,P,phenyl,isopropyl,p_tolyl,bis_cf3_phenyl,C2,P(c1ccccc1)(C(C)C)CCB(c1ccc(C)cc1)(c1cc(C(F)(F)F)cc(C(F)(F)F)c1),Cc1ccc(B(CCP(c2ccccc2)C(C)C)c2cc(C(F)(F)F)cc(C(F)(F)F)c2)cc1,True,0.4
template_augmentation,intramolecular_P_B_alkyl,P,phenyl,isopropyl,p_tolyl,bis_cf3_phenyl,C3,P(c1ccccc1)(C(C)C)CCCB(c1ccc(C)cc1)(c1cc(C(F)(F)F)cc(C(F)(F)F)c1),Cc1ccc(B(CCCP(c2ccccc2)C(C)C)c2cc(C(F)(F)F)cc(C(F)(F)F)c2)cc1,True,0.38461538461538464
template_augmentation,intramolecular_P_B_alkyl,P,phenyl,isopropyl,p_tolyl,bis_cf3_phenyl,C4,P(c1ccccc1)(C(C)C)CCCCB(c1ccc(C)cc1)(c1cc(C(F)(F)F)cc(C(F)(F)F)c1),Cc1ccc(B(CCCCP(c2ccccc2)C(C)C)c2cc(C(F)(F)F)cc(C(F)(F)F)c2)cc1,True,0.37735849056603776
template_augmentation,intramolecular_P_B_alkyl,P,phenyl,isopropyl,p_tolyl,bis_cf3_phenyl,C5,P(c1ccccc1)(C(C)C)CCCCCB(c1ccc(C)cc1)(c1cc(C(F)(F)F)cc(C(F)(F)F)c1),Cc1ccc(B(CCCCCP(c2ccccc2)C(C)C)c2cc(C(F)(F)F)cc(C(F)(F)F)c2)cc1,True,0.37037037037037035
template_augmentation,intramolecular_P_B_alkyl,P,phenyl,isopropyl,p_tolyl,bis_cf3_phenyl,C6,P(c1ccccc1)(C(C)C)CCCCCCB(c1ccc(C)cc1)(c1cc(C(F)(F)F)cc(C(F)(F)F)c1),Cc1ccc(B(CCCCCCP(c2ccccc2)C(C)C)c2cc(C(F)(F)F)cc(C(F)(F)F)c2)cc1,True,0.37037037037037035
template_augmentation,intramolecular_P_B_alkyl,P,phenyl,isopropyl,mesityl,mesityl,C1,P(c1ccccc1)(C(C)C)CB(c1c(C)cc(C)cc1C)(c1c(C)cc(C)cc1C),Cc1cc(C)c(B(CP(c2ccccc2)C(C)C)c2c(C)cc(C)cc2C)c(C)c1,True,0.38
template_augmentation,intramolecular_P_B_alkyl,P,phenyl,isopropyl,mesityl,mesityl,C2,P(c1ccccc1)(C(C)C)CCB(c1c(C)cc(C)cc1C)(c1c(C)cc(C)cc1C),Cc1cc(C)c(B(CCP(c2ccccc2)C(C)C)c2c(C)cc(C)cc2C)c(C)c1,True,0.4222222222222222
template_augmentation,intramolecular_P_B_alkyl,P,phenyl,isopropyl,mesityl,mesityl,C3,P(c1ccccc1)(C(C)C)CCCB(c1c(C)cc(C)cc1C)(c1c(C)cc(C)cc1C),Cc1cc(C)c(B(CCCP(c2ccccc2)C(C)C)c2c(C)cc(C)cc2C)c(C)c1,True,0.40816326530612246
template_augmentation,intramolecular_P_B_alkyl,P,phenyl,isopropyl,mesityl,mesityl,C4,P(c1ccccc1)(C(C)C)CCCCB(c1c(C)cc(C)cc1C)(c1c(C)cc(C)cc1C),Cc1cc(C)c(B(CCCCP(c2ccccc2)C(C)C)c2c(C)cc(C)cc2C)c(C)c1,True,0.4583333333333333
template_augmentation,intramolecular_P_B_alkyl,P,phenyl,isopropyl,mesityl,mesityl,C5,P(c1ccccc1)(C(C)C)CCCCCB(c1c(C)cc(C)cc1C)(c1c(C)cc(C)cc1C),Cc1cc(C)c(B(CCCCCP(c2ccccc2)C(C)C)c2c(C)cc(C)cc2C)c(C)c1,True,0.4489795918367347
template_augmentation,intramolecular_P_B_alkyl,P,phenyl,isopropyl,mesityl,mesityl,C6,P(c1ccccc1)(C(C)C)CCCCCCB(c1c(C)cc(C)cc1C)(c1c(C)cc(C)cc1C),Cc1cc(C)c(B(CCCCCCP(c2ccccc2)C(C)C)c2c(C)cc(C)cc2C)c(C)c1,True,0.4489795918367347
template_augmentation,intramolecular_P_B_alkyl,P,phenyl,isopropyl,mesityl,pentafluorophenyl,C1,P(c1ccccc1)(C(C)C)CB(c1c(C)cc(C)cc1C)(c1c(F)c(F)c(F)c(F)c1F),Cc1cc(C)c(B(CP(c2ccccc2)C(C)C)c2c(F)c(F)c(F)c(F)c2F)c(C)c1,True,0.4583333333333333
template_augmentation,intramolecular_P_B_alkyl,P,phenyl,isopropyl,mesityl,pentafluorophenyl,C2,P(c1ccccc1)(C(C)C)CCB(c1c(C)cc(C)cc1C)(c1c(F)c(F)c(F)c(F)c1F),Cc1cc(C)c(B(CCP(c2ccccc2)C(C)C)c2c(F)c(F)c(F)c(F)c2F)c(C)c1,True,0.5227272727272727
template_augmentation,intramolecular_P_B_alkyl,P,phenyl,isopropyl,mesityl,pentafluorophenyl,C3,P(c1ccccc1)(C(C)C)CCCB(c1c(C)cc(C)cc1C)(c1c(F)c(F)c(F)c(F)c1F),Cc1cc(C)c(B(CCCP(c2ccccc2)C(C)C)c2c(F)c(F)c(F)c(F)c2F)c(C)c1,True,0.5
template_augmentation,intramolecular_P_B_alkyl,P,phenyl,isopropyl,mesityl,pentafluorophenyl,C4,P(c1ccccc1)(C(C)C)CCCCB(c1c(C)cc(C)cc1C)(c1c(F)c(F)c(F)c(F)c1F),Cc1cc(C)c(B(CCCCP(c2ccccc2)C(C)C)c2c(F)c(F)c(F)c(F)c2F)c(C)c1,True,0.5531914893617021
template_augmentation,intramolecular_P_B_alkyl,P,phenyl,isopropyl,mesityl,pentafluorophenyl,C5,P(c1ccccc1)(C(C)C)CCCCCB(c1c(C)cc(C)cc1C)(c1c(F)c(F)c(F)c(F)c1F),Cc1cc(C)c(B(CCCCCP(c2ccccc2)C(C)C)c2c(F)c(F)c(F)c(F)c2F)c(C)c1,True,0.5416666666666666
template_augmentation,intramolecular_P_B_alkyl,P,phenyl,isopropyl,mesityl,pentafluorophenyl,C6,P(c1ccccc1)(C(C)C)CCCCCCB(c1c(C)cc(C)cc1C)(c1c(F)c(F)c(F)c(F)c1F),Cc1cc(C)c(B(CCCCCCP(c2ccccc2)C(C)C)c2c(F)c(F)c(F)c(F)c2F)c(C)c1,True,0.5416666666666666
template_augmentation,intramolecular_P_B_alkyl,P,phenyl,isopropyl,mesityl,pentachlorophenyl,C1,P(c1ccccc1)(C(C)C)CB(c1c(C)cc(C)cc1C)(c1c(Cl)c(Cl)c(Cl)c(Cl)c1Cl),Cc1cc(C)c(B(CP(c2ccccc2)C(C)C)c2c(Cl)c(Cl)c(Cl)c(Cl)c2Cl)c(C)c1,True,0.4489795918367347
template_augmentation,intramolecular_P_B_alkyl,P,phenyl,isopropyl,mesityl,pentachlorophenyl,C2,P(c1ccccc1)(C(C)C)CCB(c1c(C)cc(C)cc1C)(c1c(Cl)c(Cl)c(Cl)c(Cl)c1Cl),Cc1cc(C)c(B(CCP(c2ccccc2)C(C)C)c2c(Cl)c(Cl)c(Cl)c(Cl)c2Cl)c(C)c1,True,0.5333333333333333
template_augmentation,intramolecular_P_B_alkyl,P,phenyl,isopropyl,mesityl,pentachlorophenyl,C3,P(c1ccccc1)(C(C)C)CCCB(c1c(C)cc(C)cc1C)(c1c(Cl)c(Cl)c(Cl)c(Cl)c1Cl),Cc1cc(C)c(B(CCCP(c2ccccc2)C(C)C)c2c(Cl)c(Cl)c(Cl)c(Cl)c2Cl)c(C)c1,True,0.5102040816326531
template_augmentation,intramolecular_P_B_alkyl,P,phenyl,isopropyl,mesityl,pentachlorophenyl,C4,P(c1ccccc1)(C(C)C)CCCCB(c1c(C)cc(C)cc1C)(c1c(Cl)c(Cl)c(Cl)c(Cl)c1Cl),Cc1cc(C)c(B(CCCCP(c2ccccc2)C(C)C)c2c(Cl)c(Cl)c(Cl)c(Cl)c2Cl)c(C)c1,True,0.5625
template_augmentation,intramolecular_P_B_alkyl,P,phenyl,isopropyl,mesityl,pentachlorophenyl,C5,P(c1ccccc1)(C(C)C)CCCCCB(c1c(C)cc(C)cc1C)(c1c(Cl)c(Cl)c(Cl)c(Cl)c1Cl),Cc1cc(C)c(B(CCCCCP(c2ccccc2)C(C)C)c2c(Cl)c(Cl)c(Cl)c(Cl)c2Cl)c(C)c1,True,0.5510204081632653
template_augmentation,intramolecular_P_B_alkyl,P,phenyl,isopropyl,mesityl,pentachlorophenyl,C6,P(c1ccccc1)(C(C)C)CCCCCCB(c1c(C)cc(C)cc1C)(c1c(Cl)c(Cl)c(Cl)c(Cl)c1Cl),Cc1cc(C)c(B(CCCCCCP(c2ccccc2)C(C)C)c2c(Cl)c(Cl)c(Cl)c(Cl)c2Cl)c(C)c1,True,0.5510204081632653
template_augmentation,intramolecular_P_B_alkyl,P,phenyl,isopropyl,mesityl,bis_cf3_phenyl,C1,P(c1ccccc1)(C(C)C)CB(c1c(C)cc(C)cc1C)(c1cc(C(F)(F)F)cc(C(F)(F)F)c1),Cc1cc(C)c(B(CP(c2ccccc2)C(C)C)c2cc(C(F)(F)F)cc(C(F)(F)F)c2)c(C)c1,True,0.42857142857142855
template_augmentation,intramolecular_P_B_alkyl,P,phenyl,isopropyl,mesityl,bis_cf3_phenyl,C2,P(c1ccccc1)(C(C)C)CCB(c1c(C)cc(C)cc1C)(c1cc(C(F)(F)F)cc(C(F)(F)F)c1),Cc1cc(C)c(B(CCP(c2ccccc2)C(C)C)c2cc(C(F)(F)F)cc(C(F)(F)F)c2)c(C)c1,True,0.38461538461538464
template_augmentation,intramolecular_P_B_alkyl,P,phenyl,isopropyl,mesityl,bis_cf3_phenyl,C3,P(c1ccccc1)(C(C)C)CCCB(c1c(C)cc(C)cc1C)(c1cc(C(F)(F)F)cc(C(F)(F)F)c1),Cc1cc(C)c(B(CCCP(c2ccccc2)C(C)C)c2cc(C(F)(F)F)cc(C(F)(F)F)c2)c(C)c1,True,0.37037037037037035
template_augmentation,intramolecular_P_B_alkyl,P,phenyl,isopropyl,mesityl,bis_cf3_phenyl,C4,P(c1ccccc1)(C(C)C)CCCCB(c1c(C)cc(C)cc1C)(c1cc(C(F)(F)F)cc(C(F)(F)F)c1),Cc1cc(C)c(B(CCCCP(c2ccccc2)C(C)C)c2cc(C(F)(F)F)cc(C(F)(F)F)c2)c(C)c1,True,0.3728813559322034
template_augmentation,intramolecular_P_B_alkyl,P,phenyl,isopropyl,mesityl,bis_cf3_phenyl,C5,P(c1ccccc1)(C(C)C)CCCCCB(c1c(C)cc(C)cc1C)(c1cc(C(F)(F)F)cc(C(F)(F)F)c1),Cc1cc(C)c(B(CCCCCP(c2ccccc2)C(C)C)c2cc(C(F)(F)F)cc(C(F)(F)F)c2)c(C)c1,True,0.36666666666666664
template_augmentation,intramolecular_P_B_alkyl,P,phenyl,isopropyl,mesityl,bis_cf3_phenyl,C6,P(c1ccccc1)(C(C)C)CCCCCCB(c1c(C)cc(C)cc1C)(c1cc(C(F)(F)F)cc(C(F)(F)F)c1),Cc1cc(C)c(B(CCCCCCP(c2ccccc2)C(C)C)c2cc(C(F)(F)F)cc(C(F)(F)F)c2)c(C)c1,True,0.36666666666666664
template_augmentation,intramolecular_P_B_alkyl,P,phenyl,isopropyl,pentafluorophenyl,pentafluorophenyl,C1,P(c1ccccc1)(C(C)C)CB(c1c(F)c(F)c(F)c(F)c1F)(c1c(F)c(F)c(F)c(F)c1F),CC(C)P(CB(c1c(F)c(F)c(F)c(F)c1F)c1c(F)c(F)c(F)c(F)c1F)c1ccccc1,True,0.55
template_augmentation,intramolecular_P_B_alkyl,P,phenyl,isopropyl,pentafluorophenyl,pentafluorophenyl,C2,P(c1ccccc1)(C(C)C)CCB(c1c(F)c(F)c(F)c(F)c1F)(c1c(F)c(F)c(F)c(F)c1F),CC(C)P(CCB(c1c(F)c(F)c(F)c(F)c1F)c1c(F)c(F)c(F)c(F)c1F)c1ccccc1,True,0.6388888888888888
template_augmentation,intramolecular_P_B_alkyl,P,phenyl,isopropyl,pentafluorophenyl,pentafluorophenyl,C3,P(c1ccccc1)(C(C)C)CCCB(c1c(F)c(F)c(F)c(F)c1F)(c1c(F)c(F)c(F)c(F)c1F),CC(C)P(CCCB(c1c(F)c(F)c(F)c(F)c1F)c1c(F)c(F)c(F)c(F)c1F)c1ccccc1,True,0.6
template_augmentation,intramolecular_P_B_alkyl,P,phenyl,isopropyl,pentafluorophenyl,pentafluorophenyl,C4,P(c1ccccc1)(C(C)C)CCCCB(c1c(F)c(F)c(F)c(F)c1F)(c1c(F)c(F)c(F)c(F)c1F),CC(C)P(CCCCB(c1c(F)c(F)c(F)c(F)c1F)c1c(F)c(F)c(F)c(F)c1F)c1ccccc1,True,0.6666666666666666
template_augmentation,intramolecular_P_B_alkyl,P,phenyl,isopropyl,pentafluorophenyl,pentafluorophenyl,C5,P(c1ccccc1)(C(C)C)CCCCCB(c1c(F)c(F)c(F)c(F)c1F)(c1c(F)c(F)c(F)c(F)c1F),CC(C)P(CCCCCB(c1c(F)c(F)c(F)c(F)c1F)c1c(F)c(F)c(F)c(F)c1F)c1ccccc1,True,0.65
template_augmentation,intramolecular_P_B_alkyl,P,phenyl,isopropyl,pentafluorophenyl,pentafluorophenyl,C6,P(c1ccccc1)(C(C)C)CCCCCCB(c1c(F)c(F)c(F)c(F)c1F)(c1c(F)c(F)c(F)c(F)c1F),CC(C)P(CCCCCCB(c1c(F)c(F)c(F)c(F)c1F)c1c(F)c(F)c(F)c(F)c1F)c1ccccc1,True,0.65
template_augmentation,intramolecular_P_B_alkyl,P,phenyl,isopropyl,pentafluorophenyl,pentachlorophenyl,C1,P(c1ccccc1)(C(C)C)CB(c1c(F)c(F)c(F)c(F)c1F)(c1c(Cl)c(Cl)c(Cl)c(Cl)c1Cl),CC(C)P(CB(c1c(F)c(F)c(F)c(F)c1F)c1c(Cl)c(Cl)c(Cl)c(Cl)c1Cl)c1ccccc1,True,0.4888888888888889
template_augmentation,intramolecular_P_B_alkyl,P,phenyl,isopropyl,pentafluorophenyl,pentachlorophenyl,C2,P(c1ccccc1)(C(C)C)CCB(c1c(F)c(F)c(F)c(F)c1F)(c1c(Cl)c(Cl)c(Cl)c(Cl)c1Cl),CC(C)P(CCB(c1c(F)c(F)c(F)c(F)c1F)c1c(Cl)c(Cl)c(Cl)c(Cl)c1Cl)c1ccccc1,True,0.5609756097560976
template_augmentation,intramolecular_P_B_alkyl,P,phenyl,isopropyl,pentafluorophenyl,pentachlorophenyl,C3,P(c1ccccc1)(C(C)C)CCCB(c1c(F)c(F)c(F)c(F)c1F)(c1c(Cl)c(Cl)c(Cl)c(Cl)c1Cl),CC(C)P(CCCB(c1c(F)c(F)c(F)c(F)c1F)c1c(Cl)c(Cl)c(Cl)c(Cl)c1Cl)c1ccccc1,True,0.5333333333333333
template_augmentation,intramolecular_P_B_alkyl,P,phenyl,isopropyl,pentafluorophenyl,pentachlorophenyl,C4,P(c1ccccc1)(C(C)C)CCCCB(c1c(F)c(F)c(F)c(F)c1F)(c1c(Cl)c(Cl)c(Cl)c(Cl)c1Cl),CC(C)P(CCCCB(c1c(F)c(F)c(F)c(F)c1F)c1c(Cl)c(Cl)c(Cl)c(Cl)c1Cl)c1ccccc1,True,0.5909090909090909
template_augmentation,intramolecular_P_B_alkyl,P,phenyl,isopropyl,pentafluorophenyl,pentachlorophenyl,C5,P(c1ccccc1)(C(C)C)CCCCCB(c1c(F)c(F)c(F)c(F)c1F)(c1c(Cl)c(Cl)c(Cl)c(Cl)c1Cl),CC(C)P(CCCCCB(c1c(F)c(F)c(F)c(F)c1F)c1c(Cl)c(Cl)c(Cl)c(Cl)c1Cl)c1ccccc1,True,0.5777777777777777
template_augmentation,intramolecular_P_B_alkyl,P,phenyl,isopropyl,pentafluorophenyl,pentachlorophenyl,C6,P(c1ccccc1)(C(C)C)CCCCCCB(c1c(F)c(F)c(F)c(F)c1F)(c1c(Cl)c(Cl)c(Cl)c(Cl)c1Cl),CC(C)P(CCCCCCB(c1c(F)c(F)c(F)c(F)c1F)c1c(Cl)c(Cl)c(Cl)c(Cl)c1Cl)c1ccccc1,True,0.5777777777777777
template_augmentation,intramolecular_P_B_alkyl,P,phenyl,isopropyl,pentafluorophenyl,bis_cf3_phenyl,C1,P(c1ccccc1)(C(C)C)CB(c1c(F)c(F)c(F)c(F)c1F)(c1cc(C(F)(F)F)cc(C(F)(F)F)c1),CC(C)P(CB(c1cc(C(F)(F)F)cc(C(F)(F)F)c1)c1c(F)c(F)c(F)c(F)c1F)c1ccccc1,True,0.44680851063829785
template_augmentation,intramolecular_P_B_alkyl,P,phenyl,isopropyl,pentafluorophenyl,bis_cf3_phenyl,C2,P(c1ccccc1)(C(C)C)CCB(c1c(F)c(F)c(F)c(F)c1F)(c1cc(C(F)(F)F)cc(C(F)(F)F)c1),CC(C)P(CCB(c1cc(C(F)(F)F)cc(C(F)(F)F)c1)c1c(F)c(F)c(F)c(F)c1F)c1ccccc1,True,0.4583333333333333
template_augmentation,intramolecular_P_B_alkyl,P,phenyl,isopropyl,pentafluorophenyl,bis_cf3_phenyl,C3,P(c1ccccc1)(C(C)C)CCCB(c1c(F)c(F)c(F)c(F)c1F)(c1cc(C(F)(F)F)cc(C(F)(F)F)c1),CC(C)P(CCCB(c1cc(C(F)(F)F)cc(C(F)(F)F)c1)c1c(F)c(F)c(F)c(F)c1F)c1ccccc1,True,0.4423076923076923
template_augmentation,intramolecular_P_B_alkyl,P,phenyl,isopropyl,pentafluorophenyl,bis_cf3_phenyl,C4,P(c1ccccc1)(C(C)C)CCCCB(c1c(F)c(F)c(F)c(F)c1F)(c1cc(C(F)(F)F)cc(C(F)(F)F)c1),CC(C)P(CCCCB(c1cc(C(F)(F)F)cc(C(F)(F)F)c1)c1c(F)c(F)c(F)c(F)c1F)c1ccccc1,True,0.49019607843137253
template_augmentation,intramolecular_P_B_alkyl,P,phenyl,isopropyl,pentafluorophenyl,bis_cf3_phenyl,C5,P(c1ccccc1)(C(C)C)CCCCCB(c1c(F)c(F)c(F)c(F)c1F)(c1cc(C(F)(F)F)cc(C(F)(F)F)c1),CC(C)P(CCCCCB(c1cc(C(F)(F)F)cc(C(F)(F)F)c1)c1c(F)c(F)c(F)c(F)c1F)c1ccccc1,True,0.4807692307692308
template_augmentation,intramolecular_P_B_alkyl,P,phenyl,isopropyl,pentafluorophenyl,bis_cf3_phenyl,C6,P(c1ccccc1)(C(C)C)CCCCCCB(c1c(F)c(F)c(F)c(F)c1F)(c1cc(C(F)(F)F)cc(C(F)(F)F)c1),CC(C)P(CCCCCCB(c1cc(C(F)(F)F)cc(C(F)(F)F)c1)c1c(F)c(F)c(F)c(F)c1F)c1ccccc1,True,0.4807692307692308
template_augmentation,intramolecular_P_B_alkyl,P,phenyl,isopropyl,pentachlorophenyl,pentachlorophenyl,C1,P(c1ccccc1)(C(C)C)CB(c1c(Cl)c(Cl)c(Cl)c(Cl)c1Cl)(c1c(Cl)c(Cl)c(Cl)c(Cl)c1Cl),CC(C)P(CB(c1c(Cl)c(Cl)c(Cl)c(Cl)c1Cl)c1c(Cl)c(Cl)c(Cl)c(Cl)c1Cl)c1ccccc1,True,0.5384615384615384
template_augmentation,intramolecular_P_B_alkyl,P,phenyl,isopropyl,pentachlorophenyl,pentachlorophenyl,C2,P(c1ccccc1)(C(C)C)CCB(c1c(Cl)c(Cl)c(Cl)c(Cl)c1Cl)(c1c(Cl)c(Cl)c(Cl)c(Cl)c1Cl),CC(C)P(CCB(c1c(Cl)c(Cl)c(Cl)c(Cl)c1Cl)c1c(Cl)c(Cl)c(Cl)c(Cl)c1Cl)c1ccccc1,True,0.6285714285714286
template_augmentation,intramolecular_P_B_alkyl,P,phenyl,isopropyl,pentachlorophenyl,pentachlorophenyl,C3,P(c1ccccc1)(C(C)C)CCCB(c1c(Cl)c(Cl)c(Cl)c(Cl)c1Cl)(c1c(Cl)c(Cl)c(Cl)c(Cl)c1Cl),CC(C)P(CCCB(c1c(Cl)c(Cl)c(Cl)c(Cl)c1Cl)c1c(Cl)c(Cl)c(Cl)c(Cl)c1Cl)c1ccccc1,True,0.5897435897435898
template_augmentation,intramolecular_P_B_alkyl,P,phenyl,isopropyl,pentachlorophenyl,pentachlorophenyl,C4,P(c1ccccc1)(C(C)C)CCCCB(c1c(Cl)c(Cl)c(Cl)c(Cl)c1Cl)(c1c(Cl)c(Cl)c(Cl)c(Cl)c1Cl),CC(C)P(CCCCB(c1c(Cl)c(Cl)c(Cl)c(Cl)c1Cl)c1c(Cl)c(Cl)c(Cl)c(Cl)c1Cl)c1ccccc1,True,0.6578947368421053
template_augmentation,intramolecular_P_B_alkyl,P,phenyl,isopropyl,pentachlorophenyl,pentachlorophenyl,C5,P(c1ccccc1)(C(C)C)CCCCCB(c1c(Cl)c(Cl)c(Cl)c(Cl)c1Cl)(c1c(Cl)c(Cl)c(Cl)c(Cl)c1Cl),CC(C)P(CCCCCB(c1c(Cl)c(Cl)c(Cl)c(Cl)c1Cl)c1c(Cl)c(Cl)c(Cl)c(Cl)c1Cl)c1ccccc1,True,0.6410256410256411
template_augmentation,intramolecular_P_B_alkyl,P,phenyl,isopropyl,pentachlorophenyl,pentachlorophenyl,C6,P(c1ccccc1)(C(C)C)CCCCCCB(c1c(Cl)c(Cl)c(Cl)c(Cl)c1Cl)(c1c(Cl)c(Cl)c(Cl)c(Cl)c1Cl),CC(C)P(CCCCCCB(c1c(Cl)c(Cl)c(Cl)c(Cl)c1Cl)c1c(Cl)c(Cl)c(Cl)c(Cl)c1Cl)c1ccccc1,True,0.6410256410256411
template_augmentation,intramolecular_P_B_alkyl,P,phenyl,isopropyl,pentachlorophenyl,bis_cf3_phenyl,C1,P(c1ccccc1)(C(C)C)CB(c1c(Cl)c(Cl)c(Cl)c(Cl)c1Cl)(c1cc(C(F)(F)F)cc(C(F)(F)F)c1),CC(C)P(CB(c1cc(C(F)(F)F)cc(C(F)(F)F)c1)c1c(Cl)c(Cl)c(Cl)c(Cl)c1Cl)c1ccccc1,True,0.44680851063829785
template_augmentation,intramolecular_P_B_alkyl,P,phenyl,isopropyl,pentachlorophenyl,bis_cf3_phenyl,C2,P(c1ccccc1)(C(C)C)CCB(c1c(Cl)c(Cl)c(Cl)c(Cl)c1Cl)(c1cc(C(F)(F)F)cc(C(F)(F)F)c1),CC(C)P(CCB(c1cc(C(F)(F)F)cc(C(F)(F)F)c1)c1c(Cl)c(Cl)c(Cl)c(Cl)c1Cl)c1ccccc1,True,0.4375
template_augmentation,intramolecular_P_B_alkyl,P,phenyl,isopropyl,pentachlorophenyl,bis_cf3_phenyl,C3,P(c1ccccc1)(C(C)C)CCCB(c1c(Cl)c(Cl)c(Cl)c(Cl)c1Cl)(c1cc(C(F)(F)F)cc(C(F)(F)F)c1),CC(C)P(CCCB(c1cc(C(F)(F)F)cc(C(F)(F)F)c1)c1c(Cl)c(Cl)c(Cl)c(Cl)c1Cl)c1ccccc1,True,0.4230769230769231
template_augmentation,intramolecular_P_B_alkyl,P,phenyl,isopropyl,pentachlorophenyl,bis_cf3_phenyl,C4,P(c1ccccc1)(C(C)C)CCCCB(c1c(Cl)c(Cl)c(Cl)c(Cl)c1Cl)(c1cc(C(F)(F)F)cc(C(F)(F)F)c1),CC(C)P(CCCCB(c1cc(C(F)(F)F)cc(C(F)(F)F)c1)c1c(Cl)c(Cl)c(Cl)c(Cl)c1Cl)c1ccccc1,True,0.47058823529411764
template_augmentation,intramolecular_P_B_alkyl,P,phenyl,isopropyl,pentachlorophenyl,bis_cf3_phenyl,C5,P(c1ccccc1)(C(C)C)CCCCCB(c1c(Cl)c(Cl)c(Cl)c(Cl)c1Cl)(c1cc(C(F)(F)F)cc(C(F)(F)F)c1),CC(C)P(CCCCCB(c1cc(C(F)(F)F)cc(C(F)(F)F)c1)c1c(Cl)c(Cl)c(Cl)c(Cl)c1Cl)c1ccccc1,True,0.46153846153846156
template_augmentation,intramolecular_P_B_alkyl,P,phenyl,isopropyl,pentachlorophenyl,bis_cf3_phenyl,C6,P(c1ccccc1)(C(C)C)CCCCCCB(c1c(Cl)c(Cl)c(Cl)c(Cl)c1Cl)(c1cc(C(F)(F)F)cc(C(F)(F)F)c1),CC(C)P(CCCCCCB(c1cc(C(F)(F)F)cc(C(F)(F)F)c1)c1c(Cl)c(Cl)c(Cl)c(Cl)c1Cl)c1ccccc1,True,0.46153846153846156
template_augmentation,intramolecular_P_B_alkyl,P,phenyl,isopropyl,bis_cf3_phenyl,bis_cf3_phenyl,C1,P(c1ccccc1)(C(C)C)CB(c1cc(C(F)(F)F)cc(C(F)(F)F)c1)(c1cc(C(F)(F)F)cc(C(F)(F)F)c1),CC(C)P(CB(c1cc(C(F)(F)F)cc(C(F)(F)F)c1)c1cc(C(F)(F)F)cc(C(F)(F)F)c1)c1ccccc1,True,0.525
template_augmentation,intramolecular_P_B_alkyl,P,phenyl,isopropyl,bis_cf3_phenyl,bis_cf3_phenyl,C2,P(c1ccccc1)(C(C)C)CCB(c1cc(C(F)(F)F)cc(C(F)(F)F)c1)(c1cc(C(F)(F)F)cc(C(F)(F)F)c1),CC(C)P(CCB(c1cc(C(F)(F)F)cc(C(F)(F)F)c1)c1cc(C(F)(F)F)cc(C(F)(F)F)c1)c1ccccc1,True,0.45454545454545453
template_augmentation,intramolecular_P_B_alkyl,P,phenyl,isopropyl,bis_cf3_phenyl,bis_cf3_phenyl,C3,P(c1ccccc1)(C(C)C)CCCB(c1cc(C(F)(F)F)cc(C(F)(F)F)c1)(c1cc(C(F)(F)F)cc(C(F)(F)F)c1),CC(C)P(CCCB(c1cc(C(F)(F)F)cc(C(F)(F)F)c1)c1cc(C(F)(F)F)cc(C(F)(F)F)c1)c1ccccc1,True,0.43478260869565216
template_augmentation,intramolecular_P_B_alkyl,P,phenyl,isopropyl,bis_cf3_phenyl,bis_cf3_phenyl,C4,P(c1ccccc1)(C(C)C)CCCCB(c1cc(C(F)(F)F)cc(C(F)(F)F)c1)(c1cc(C(F)(F)F)cc(C(F)(F)F)c1),CC(C)P(CCCCB(c1cc(C(F)(F)F)cc(C(F)(F)F)c1)c1cc(C(F)(F)F)cc(C(F)(F)F)c1)c1ccccc1,True,0.425531914893617
template_augmentation,intramolecular_P_B_alkyl,P,phenyl,isopropyl,bis_cf3_phenyl,bis_cf3_phenyl,C5,P(c1ccccc1)(C(C)C)CCCCCB(c1cc(C(F)(F)F)cc(C(F)(F)F)c1)(c1cc(C(F)(F)F)cc(C(F)(F)F)c1),CC(C)P(CCCCCB(c1cc(C(F)(F)F)cc(C(F)(F)F)c1)c1cc(C(F)(F)F)cc(C(F)(F)F)c1)c1ccccc1,True,0.4166666666666667
template_augmentation,intramolecular_P_B_alkyl,P,phenyl,isopropyl,bis_cf3_phenyl,bis_cf3_phenyl,C6,P(c1ccccc1)(C(C)C)CCCCCCB(c1cc(C(F)(F)F)cc(C(F)(F)F)c1)(c1cc(C(F)(F)F)cc(C(F)(F)F)c1),CC(C)P(CCCCCCB(c1cc(C(F)(F)F)cc(C(F)(F)F)c1)c1cc(C(F)(F)F)cc(C(F)(F)F)c1)c1ccccc1,True,0.4166666666666667
template_augmentation,intramolecular_P_B_alkyl,P,mesityl,mesityl,phenyl,phenyl,C1,P(c1c(C)cc(C)cc1C)(c1c(C)cc(C)cc1C)CB(c1ccccc1)(c1ccccc1),Cc1cc(C)c(P(CB(c2ccccc2)c2ccccc2)c2c(C)cc(C)cc2C)c(C)c1,True,0.4523809523809524
template_augmentation,intramolecular_P_B_alkyl,P,mesityl,mesityl,phenyl,phenyl,C2,P(c1c(C)cc(C)cc1C)(c1c(C)cc(C)cc1C)CCB(c1ccccc1)(c1ccccc1),Cc1cc(C)c(P(CCB(c2ccccc2)c2ccccc2)c2c(C)cc(C)cc2C)c(C)c1,True,0.5121951219512195
template_augmentation,intramolecular_P_B_alkyl,P,mesityl,mesityl,phenyl,phenyl,C3,P(c1c(C)cc(C)cc1C)(c1c(C)cc(C)cc1C)CCCB(c1ccccc1)(c1ccccc1),Cc1cc(C)c(P(CCCB(c2ccccc2)c2ccccc2)c2c(C)cc(C)cc2C)c(C)c1,True,0.6
template_augmentation,intramolecular_P_B_alkyl,P,mesityl,mesityl,phenyl,phenyl,C4,P(c1c(C)cc(C)cc1C)(c1c(C)cc(C)cc1C)CCCCB(c1ccccc1)(c1ccccc1),Cc1cc(C)c(P(CCCCB(c2ccccc2)c2ccccc2)c2c(C)cc(C)cc2C)c(C)c1,True,0.6666666666666666
template_augmentation,intramolecular_P_B_alkyl,P,mesityl,mesityl,phenyl,phenyl,C5,P(c1c(C)cc(C)cc1C)(c1c(C)cc(C)cc1C)CCCCCB(c1ccccc1)(c1ccccc1),Cc1cc(C)c(P(CCCCCB(c2ccccc2)c2ccccc2)c2c(C)cc(C)cc2C)c(C)c1,True,0.65
template_augmentation,intramolecular_P_B_alkyl,P,mesityl,mesityl,phenyl,phenyl,C6,P(c1c(C)cc(C)cc1C)(c1c(C)cc(C)cc1C)CCCCCCB(c1ccccc1)(c1ccccc1),Cc1cc(C)c(P(CCCCCCB(c2ccccc2)c2ccccc2)c2c(C)cc(C)cc2C)c(C)c1,True,0.65
template_augmentation,intramolecular_P_B_alkyl,P,mesityl,mesityl,phenyl,p_tolyl,C1,P(c1c(C)cc(C)cc1C)(c1c(C)cc(C)cc1C)CB(c1ccccc1)(c1ccc(C)cc1),Cc1ccc(B(CP(c2c(C)cc(C)cc2C)c2c(C)cc(C)cc2C)c2ccccc2)cc1,True,0.4222222222222222
template_augmentation,intramolecular_P_B_alkyl,P,mesityl,mesityl,phenyl,p_tolyl,C2,P(c1c(C)cc(C)cc1C)(c1c(C)cc(C)cc1C)CCB(c1ccccc1)(c1ccc(C)cc1),Cc1ccc(B(CCP(c2c(C)cc(C)cc2C)c2c(C)cc(C)cc2C)c2ccccc2)cc1,True,0.4772727272727273
template_augmentation,intramolecular_P_B_alkyl,P,mesityl,mesityl,phenyl,p_tolyl,C3,P(c1c(C)cc(C)cc1C)(c1c(C)cc(C)cc1C)CCCB(c1ccccc1)(c1ccc(C)cc1),Cc1ccc(B(CCCP(c2c(C)cc(C)cc2C)c2c(C)cc(C)cc2C)c2ccccc2)cc1,True,0.5581395348837209
template_augmentation,intramolecular_P_B_alkyl,P,mesityl,mesityl,phenyl,p_tolyl,C4,P(c1c(C)cc(C)cc1C)(c1c(C)cc(C)cc1C)CCCCB(c1ccccc1)(c1ccc(C)cc1),Cc1ccc(B(CCCCP(c2c(C)cc(C)cc2C)c2c(C)cc(C)cc2C)c2ccccc2)cc1,True,0.6190476190476191
template_augmentation,intramolecular_P_B_alkyl,P,mesityl,mesityl,phenyl,p_tolyl,C5,P(c1c(C)cc(C)cc1C)(c1c(C)cc(C)cc1C)CCCCCB(c1ccccc1)(c1ccc(C)cc1),Cc1ccc(B(CCCCCP(c2c(C)cc(C)cc2C)c2c(C)cc(C)cc2C)c2ccccc2)cc1,True,0.6046511627906976
template_augmentation,intramolecular_P_B_alkyl,P,mesityl,mesityl,phenyl,p_tolyl,C6,P(c1c(C)cc(C)cc1C)(c1c(C)cc(C)cc1C)CCCCCCB(c1ccccc1)(c1ccc(C)cc1),Cc1ccc(B(CCCCCCP(c2c(C)cc(C)cc2C)c2c(C)cc(C)cc2C)c2ccccc2)cc1,True,0.6046511627906976
template_augmentation,intramolecular_P_B_alkyl,P,mesityl,mesityl,phenyl,mesityl,C1,P(c1c(C)cc(C)cc1C)(c1c(C)cc(C)cc1C)CB(c1ccccc1)(c1c(C)cc(C)cc1C),Cc1cc(C)c(B(CP(c2c(C)cc(C)cc2C)c2c(C)cc(C)cc2C)c2ccccc2)c(C)c1,True,0.4318181818181818
template_augmentation,intramolecular_P_B_alkyl,P,mesityl,mesityl,phenyl,mesityl,C2,P(c1c(C)cc(C)cc1C)(c1c(C)cc(C)cc1C)CCB(c1ccccc1)(c1c(C)cc(C)cc1C),Cc1cc(C)c(B(CCP(c2c(C)cc(C)cc2C)c2c(C)cc(C)cc2C)c2ccccc2)c(C)c1,True,0.5116279069767442
template_augmentation,intramolecular_P_B_alkyl,P,mesityl,mesityl,phenyl,mesityl,C3,P(c1c(C)cc(C)cc1C)(c1c(C)cc(C)cc1C)CCCB(c1ccccc1)(c1c(C)cc(C)cc1C),Cc1cc(C)c(B(CCCP(c2c(C)cc(C)cc2C)c2c(C)cc(C)cc2C)c2ccccc2)c(C)c1,True,0.5952380952380952
template_augmentation,intramolecular_P_B_alkyl,P,mesityl,mesityl,phenyl,mesityl,C4,P(c1c(C)cc(C)cc1C)(c1c(C)cc(C)cc1C)CCCCB(c1ccccc1)(c1c(C)cc(C)cc1C),Cc1cc(C)c(B(CCCCP(c2c(C)cc(C)cc2C)c2c(C)cc(C)cc2C)c2ccccc2)c(C)c1,True,0.6585365853658537
template_augmentation,intramolecular_P_B_alkyl,P,mesityl,mesityl,phenyl,mesityl,C5,P(c1c(C)cc(C)cc1C)(c1c(C)cc(C)cc1C)CCCCCB(c1ccccc1)(c1c(C)cc(C)cc1C),Cc1cc(C)c(B(CCCCCP(c2c(C)cc(C)cc2C)c2c(C)cc(C)cc2C)c2ccccc2)c(C)c1,True,0.6428571428571429
template_augmentation,intramolecular_P_B_alkyl,P,mesityl,mesityl,phenyl,mesityl,C6,P(c1c(C)cc(C)cc1C)(c1c(C)cc(C)cc1C)CCCCCCB(c1ccccc1)(c1c(C)cc(C)cc1C),Cc1cc(C)c(B(CCCCCCP(c2c(C)cc(C)cc2C)c2c(C)cc(C)cc2C)c2ccccc2)c(C)c1,True,0.6428571428571429
template_augmentation,intramolecular_P_B_alkyl,P,mesityl,mesityl,phenyl,pentafluorophenyl,C1,P(c1c(C)cc(C)cc1C)(c1c(C)cc(C)cc1C)CB(c1ccccc1)(c1c(F)c(F)c(F)c(F)c1F),Cc1cc(C)c(P(CB(c2ccccc2)c2c(F)c(F)c(F)c(F)c2F)c2c(C)cc(C)cc2C)c(C)c1,True,0.5581395348837209
template_augmentation,intramolecular_P_B_alkyl,P,mesityl,mesityl,phenyl,pentafluorophenyl,C2,P(c1c(C)cc(C)cc1C)(c1c(C)cc(C)cc1C)CCB(c1ccccc1)(c1c(F)c(F)c(F)c(F)c1F),Cc1cc(C)c(P(CCB(c2ccccc2)c2c(F)c(F)c(F)c(F)c2F)c2c(C)cc(C)cc2C)c(C)c1,True,0.6428571428571429
template_augmentation,intramolecular_P_B_alkyl,P,mesityl,mesityl,phenyl,pentafluorophenyl,C3,P(c1c(C)cc(C)cc1C)(c1c(C)cc(C)cc1C)CCCB(c1ccccc1)(c1c(F)c(F)c(F)c(F)c1F),Cc1cc(C)c(P(CCCB(c2ccccc2)c2c(F)c(F)c(F)c(F)c2F)c2c(C)cc(C)cc2C)c(C)c1,True,0.7317073170731707
template_augmentation,intramolecular_P_B_alkyl,P,mesityl,mesityl,phenyl,pentafluorophenyl,C4,P(c1c(C)cc(C)cc1C)(c1c(C)cc(C)cc1C)CCCCB(c1ccccc1)(c1c(F)c(F)c(F)c(F)c1F),Cc1cc(C)c(P(CCCCB(c2ccccc2)c2c(F)c(F)c(F)c(F)c2F)c2c(C)cc(C)cc2C)c(C)c1,True,0.8
template_augmentation,intramolecular_P_B_alkyl,P,mesityl,mesityl,phenyl,pentafluorophenyl,C5,P(c1c(C)cc(C)cc1C)(c1c(C)cc(C)cc1C)CCCCCB(c1ccccc1)(c1c(F)c(F)c(F)c(F)c1F),Cc1cc(C)c(P(CCCCCB(c2ccccc2)c2c(F)c(F)c(F)c(F)c2F)c2c(C)cc(C)cc2C)c(C)c1,True,0.7804878048780488
template_augmentation,intramolecular_P_B_alkyl,P,mesityl,mesityl,phenyl,pentafluorophenyl,C6,P(c1c(C)cc(C)cc1C)(c1c(C)cc(C)cc1C)CCCCCCB(c1ccccc1)(c1c(F)c(F)c(F)c(F)c1F),Cc1cc(C)c(P(CCCCCCB(c2ccccc2)c2c(F)c(F)c(F)c(F)c2F)c2c(C)cc(C)cc2C)c(C)c1,True,0.7804878048780488
template_augmentation,intramolecular_P_B_alkyl,P,mesityl,mesityl,phenyl,pentachlorophenyl,C1,P(c1c(C)cc(C)cc1C)(c1c(C)cc(C)cc1C)CB(c1ccccc1)(c1c(Cl)c(Cl)c(Cl)c(Cl)c1Cl),Cc1cc(C)c(P(CB(c2ccccc2)c2c(Cl)c(Cl)c(Cl)c(Cl)c2Cl)c2c(C)cc(C)cc2C)c(C)c1,True,0.5714285714285714
template_augmentation,intramolecular_P_B_alkyl,P,mesityl,mesityl,phenyl,pentachlorophenyl,C2,P(c1c(C)cc(C)cc1C)(c1c(C)cc(C)cc1C)CCB(c1ccccc1)(c1c(Cl)c(Cl)c(Cl)c(Cl)c1Cl),Cc1cc(C)c(P(CCB(c2ccccc2)c2c(Cl)c(Cl)c(Cl)c(Cl)c2Cl)c2c(C)cc(C)cc2C)c(C)c1,True,0.6585365853658537
template_augmentation,intramolecular_P_B_alkyl,P,mesityl,mesityl,phenyl,pentachlorophenyl,C3,P(c1c(C)cc(C)cc1C)(c1c(C)cc(C)cc1C)CCCB(c1ccccc1)(c1c(Cl)c(Cl)c(Cl)c(Cl)c1Cl),Cc1cc(C)c(P(CCCB(c2ccccc2)c2c(Cl)c(Cl)c(Cl)c(Cl)c2Cl)c2c(C)cc(C)cc2C)c(C)c1,True,0.75
template_augmentation,intramolecular_P_B_alkyl,P,mesityl,mesityl,phenyl,pentachlorophenyl,C4,P(c1c(C)cc(C)cc1C)(c1c(C)cc(C)cc1C)CCCCB(c1ccccc1)(c1c(Cl)c(Cl)c(Cl)c(Cl)c1Cl),Cc1cc(C)c(P(CCCCB(c2ccccc2)c2c(Cl)c(Cl)c(Cl)c(Cl)c2Cl)c2c(C)cc(C)cc2C)c(C)c1,True,0.8205128205128205
template_augmentation,intramolecular_P_B_alkyl,P,mesityl,mesityl,phenyl,pentachlorophenyl,C5,P(c1c(C)cc(C)cc1C)(c1c(C)cc(C)cc1C)CCCCCB(c1ccccc1)(c1c(Cl)c(Cl)c(Cl)c(Cl)c1Cl),Cc1cc(C)c(P(CCCCCB(c2ccccc2)c2c(Cl)c(Cl)c(Cl)c(Cl)c2Cl)c2c(C)cc(C)cc2C)c(C)c1,True,0.8
template_augmentation,intramolecular_P_B_alkyl,P,mesityl,mesityl,phenyl,pentachlorophenyl,C6,P(c1c(C)cc(C)cc1C)(c1c(C)cc(C)cc1C)CCCCCCB(c1ccccc1)(c1c(Cl)c(Cl)c(Cl)c(Cl)c1Cl),Cc1cc(C)c(P(CCCCCCB(c2ccccc2)c2c(Cl)c(Cl)c(Cl)c(Cl)c2Cl)c2c(C)cc(C)cc2C)c(C)c1,True,0.8
template_augmentation,intramolecular_P_B_alkyl,P,mesityl,mesityl,phenyl,bis_cf3_phenyl,C1,P(c1c(C)cc(C)cc1C)(c1c(C)cc(C)cc1C)CB(c1ccccc1)(c1cc(C(F)(F)F)cc(C(F)(F)F)c1),Cc1cc(C)c(P(CB(c2ccccc2)c2cc(C(F)(F)F)cc(C(F)(F)F)c2)c2c(C)cc(C)cc2C)c(C)c1,True,0.4883720930232558
template_augmentation,intramolecular_P_B_alkyl,P,mesityl,mesityl,phenyl,bis_cf3_phenyl,C2,P(c1c(C)cc(C)cc1C)(c1c(C)cc(C)cc1C)CCB(c1ccccc1)(c1cc(C(F)(F)F)cc(C(F)(F)F)c1),Cc1cc(C)c(P(CCB(c2ccccc2)c2cc(C(F)(F)F)cc(C(F)(F)F)c2)c2c(C)cc(C)cc2C)c(C)c1,True,0.4117647058823529
template_augmentation,intramolecular_P_B_alkyl,P,mesityl,mesityl,phenyl,bis_cf3_phenyl,C3,P(c1c(C)cc(C)cc1C)(c1c(C)cc(C)cc1C)CCCB(c1ccccc1)(c1cc(C(F)(F)F)cc(C(F)(F)F)c1),Cc1cc(C)c(P(CCCB(c2ccccc2)c2cc(C(F)(F)F)cc(C(F)(F)F)c2)c2c(C)cc(C)cc2C)c(C)c1,True,0.48
template_augmentation,intramolecular_P_B_alkyl,P,mesityl,mesityl,phenyl,bis_cf3_phenyl,C4,P(c1c(C)cc(C)cc1C)(c1c(C)cc(C)cc1C)CCCCB(c1ccccc1)(c1cc(C(F)(F)F)cc(C(F)(F)F)c1),Cc1cc(C)c(P(CCCCB(c2ccccc2)c2cc(C(F)(F)F)cc(C(F)(F)F)c2)c2c(C)cc(C)cc2C)c(C)c1,True,0.5306122448979592
template_augmentation,intramolecular_P_B_alkyl,P,mesityl,mesityl,phenyl,bis_cf3_phenyl,C5,P(c1c(C)cc(C)cc1C)(c1c(C)cc(C)cc1C)CCCCCB(c1ccccc1)(c1cc(C(F)(F)F)cc(C(F)(F)F)c1),Cc1cc(C)c(P(CCCCCB(c2ccccc2)c2cc(C(F)(F)F)cc(C(F)(F)F)c2)c2c(C)cc(C)cc2C)c(C)c1,True,0.52
template_augmentation,intramolecular_P_B_alkyl,P,mesityl,mesityl,phenyl,bis_cf3_phenyl,C6,P(c1c(C)cc(C)cc1C)(c1c(C)cc(C)cc1C)CCCCCCB(c1ccccc1)(c1cc(C(F)(F)F)cc(C(F)(F)F)c1),Cc1cc(C)c(P(CCCCCCB(c2ccccc2)c2cc(C(F)(F)F)cc(C(F)(F)F)c2)c2c(C)cc(C)cc2C)c(C)c1,True,0.52
template_augmentation,intramolecular_P_B_alkyl,P,mesityl,mesityl,p_tolyl,p_tolyl,C1,P(c1c(C)cc(C)cc1C)(c1c(C)cc(C)cc1C)CB(c1ccc(C)cc1)(c1ccc(C)cc1),Cc1ccc(B(CP(c2c(C)cc(C)cc2C)c2c(C)cc(C)cc2C)c2ccc(C)cc2)cc1,True,0.42857142857142855
template_augmentation,intramolecular_P_B_alkyl,P,mesityl,mesityl,p_tolyl,p_tolyl,C2,P(c1c(C)cc(C)cc1C)(c1c(C)cc(C)cc1C)CCB(c1ccc(C)cc1)(c1ccc(C)cc1),Cc1ccc(B(CCP(c2c(C)cc(C)cc2C)c2c(C)cc(C)cc2C)c2ccc(C)cc2)cc1,True,0.4878048780487805
template_augmentation,intramolecular_P_B_alkyl,P,mesityl,mesityl,p_tolyl,p_tolyl,C3,P(c1c(C)cc(C)cc1C)(c1c(C)cc(C)cc1C)CCCB(c1ccc(C)cc1)(c1ccc(C)cc1),Cc1ccc(B(CCCP(c2c(C)cc(C)cc2C)c2c(C)cc(C)cc2C)c2ccc(C)cc2)cc1,True,0.575
template_augmentation,intramolecular_P_B_alkyl,P,mesityl,mesityl,p_tolyl,p_tolyl,C4,P(c1c(C)cc(C)cc1C)(c1c(C)cc(C)cc1C)CCCCB(c1ccc(C)cc1)(c1ccc(C)cc1),Cc1ccc(B(CCCCP(c2c(C)cc(C)cc2C)c2c(C)cc(C)cc2C)c2ccc(C)cc2)cc1,True,0.6410256410256411
template_augmentation,intramolecular_P_B_alkyl,P,mesityl,mesityl,p_tolyl,p_tolyl,C5,P(c1c(C)cc(C)cc1C)(c1c(C)cc(C)cc1C)CCCCCB(c1ccc(C)cc1)(c1ccc(C)cc1),Cc1ccc(B(CCCCCP(c2c(C)cc(C)cc2C)c2c(C)cc(C)cc2C)c2ccc(C)cc2)cc1,True,0.625
template_augmentation,intramolecular_P_B_alkyl,P,mesityl,mesityl,p_tolyl,p_tolyl,C6,P(c1c(C)cc(C)cc1C)(c1c(C)cc(C)cc1C)CCCCCCB(c1ccc(C)cc1)(c1ccc(C)cc1),Cc1ccc(B(CCCCCCP(c2c(C)cc(C)cc2C)c2c(C)cc(C)cc2C)c2ccc(C)cc2)cc1,True,0.625
template_augmentation,intramolecular_P_B_alkyl,P,mesityl,mesityl,p_tolyl,mesityl,C1,P(c1c(C)cc(C)cc1C)(c1c(C)cc(C)cc1C)CB(c1ccc(C)cc1)(c1c(C)cc(C)cc1C),Cc1ccc(B(CP(c2c(C)cc(C)cc2C)c2c(C)cc(C)cc2C)c2c(C)cc(C)cc2C)cc1,True,0.4090909090909091
template_augmentation,intramolecular_P_B_alkyl,P,mesityl,mesityl,p_tolyl,mesityl,C2,P(c1c(C)cc(C)cc1C)(c1c(C)cc(C)cc1C)CCB(c1ccc(C)cc1)(c1c(C)cc(C)cc1C),Cc1ccc(B(CCP(c2c(C)cc(C)cc2C)c2c(C)cc(C)cc2C)c2c(C)cc(C)cc2C)cc1,True,0.4883720930232558
template_augmentation,intramolecular_P_B_alkyl,P,mesityl,mesityl,p_tolyl,mesityl,C3,P(c1c(C)cc(C)cc1C)(c1c(C)cc(C)cc1C)CCCB(c1ccc(C)cc1)(c1c(C)cc(C)cc1C),Cc1ccc(B(CCCP(c2c(C)cc(C)cc2C)c2c(C)cc(C)cc2C)c2c(C)cc(C)cc2C)cc1,True,0.5714285714285714
template_augmentation,intramolecular_P_B_alkyl,P,mesityl,mesityl,p_tolyl,mesityl,C4,P(c1c(C)cc(C)cc1C)(c1c(C)cc(C)cc1C)CCCCB(c1ccc(C)cc1)(c1c(C)cc(C)cc1C),Cc1ccc(B(CCCCP(c2c(C)cc(C)cc2C)c2c(C)cc(C)cc2C)c2c(C)cc(C)cc2C)cc1,True,0.6341463414634146
template_augmentation,intramolecular_P_B_alkyl,P,mesityl,mesityl,p_tolyl,mesityl,C5,P(c1c(C)cc(C)cc1C)(c1c(C)cc(C)cc1C)CCCCCB(c1ccc(C)cc1)(c1c(C)cc(C)cc1C),Cc1ccc(B(CCCCCP(c2c(C)cc(C)cc2C)c2c(C)cc(C)cc2C)c2c(C)cc(C)cc2C)cc1,True,0.6190476190476191
template_augmentation,intramolecular_P_B_alkyl,P,mesityl,mesityl,p_tolyl,mesityl,C6,P(c1c(C)cc(C)cc1C)(c1c(C)cc(C)cc1C)CCCCCCB(c1ccc(C)cc1)(c1c(C)cc(C)cc1C),Cc1ccc(B(CCCCCCP(c2c(C)cc(C)cc2C)c2c(C)cc(C)cc2C)c2c(C)cc(C)cc2C)cc1,True,0.6190476190476191
template_augmentation,intramolecular_P_B_alkyl,P,mesityl,mesityl,p_tolyl,pentafluorophenyl,C1,P(c1c(C)cc(C)cc1C)(c1c(C)cc(C)cc1C)CB(c1ccc(C)cc1)(c1c(F)c(F)c(F)c(F)c1F),Cc1ccc(B(CP(c2c(C)cc(C)cc2C)c2c(C)cc(C)cc2C)c2c(F)c(F)c(F)c(F)c2F)cc1,True,0.5714285714285714
template_augmentation,intramolecular_P_B_alkyl,P,mesityl,mesityl,p_tolyl,pentafluorophenyl,C2,P(c1c(C)cc(C)cc1C)(c1c(C)cc(C)cc1C)CCB(c1ccc(C)cc1)(c1c(F)c(F)c(F)c(F)c1F),Cc1ccc(B(CCP(c2c(C)cc(C)cc2C)c2c(C)cc(C)cc2C)c2c(F)c(F)c(F)c(F)c2F)cc1,True,0.6585365853658537
template_augmentation,intramolecular_P_B_alkyl,P,mesityl,mesityl,p_tolyl,pentafluorophenyl,C3,P(c1c(C)cc(C)cc1C)(c1c(C)cc(C)cc1C)CCCB(c1ccc(C)cc1)(c1c(F)c(F)c(F)c(F)c1F),Cc1ccc(B(CCCP(c2c(C)cc(C)cc2C)c2c(C)cc(C)cc2C)c2c(F)c(F)c(F)c(F)c2F)cc1,True,0.75
template_augmentation,intramolecular_P_B_alkyl,P,mesityl,mesityl,p_tolyl,pentafluorophenyl,C4,P(c1c(C)cc(C)cc1C)(c1c(C)cc(C)cc1C)CCCCB(c1ccc(C)cc1)(c1c(F)c(F)c(F)c(F)c1F),Cc1ccc(B(CCCCP(c2c(C)cc(C)cc2C)c2c(C)cc(C)cc2C)c2c(F)c(F)c(F)c(F)c2F)cc1,True,0.8205128205128205
template_augmentation,intramolecular_P_B_alkyl,P,mesityl,mesityl,p_tolyl,pentafluorophenyl,C5,P(c1c(C)cc(C)cc1C)(c1c(C)cc(C)cc1C)CCCCCB(c1ccc(C)cc1)(c1c(F)c(F)c(F)c(F)c1F),Cc1ccc(B(CCCCCP(c2c(C)cc(C)cc2C)c2c(C)cc(C)cc2C)c2c(F)c(F)c(F)c(F)c2F)cc1,True,0.8
template_augmentation,intramolecular_P_B_alkyl,P,mesityl,mesityl,p_tolyl,pentafluorophenyl,C6,P(c1c(C)cc(C)cc1C)(c1c(C)cc(C)cc1C)CCCCCCB(c1ccc(C)cc1)(c1c(F)c(F)c(F)c(F)c1F),Cc1ccc(B(CCCCCCP(c2c(C)cc(C)cc2C)c2c(C)cc(C)cc2C)c2c(F)c(F)c(F)c(F)c2F)cc1,True,0.8
template_augmentation,intramolecular_P_B_alkyl,P,mesityl,mesityl,p_tolyl,pentachlorophenyl,C1,P(c1c(C)cc(C)cc1C)(c1c(C)cc(C)cc1C)CB(c1ccc(C)cc1)(c1c(Cl)c(Cl)c(Cl)c(Cl)c1Cl),Cc1ccc(B(CP(c2c(C)cc(C)cc2C)c2c(C)cc(C)cc2C)c2c(Cl)c(Cl)c(Cl)c(Cl)c2Cl)cc1,True,0.5714285714285714
template_augmentation,intramolecular_P_B_alkyl,P,mesityl,mesityl,p_tolyl,pentachlorophenyl,C2,P(c1c(C)cc(C)cc1C)(c1c(C)cc(C)cc1C)CCB(c1ccc(C)cc1)(c1c(Cl)c(Cl)c(Cl)c(Cl)c1Cl),Cc1ccc(B(CCP(c2c(C)cc(C)cc2C)c2c(C)cc(C)cc2C)c2c(Cl)c(Cl)c(Cl)c(Cl)c2Cl)cc1,True,0.6585365853658537
template_augmentation,intramolecular_P_B_alkyl,P,mesityl,mesityl,p_tolyl,pentachlorophenyl,C3,P(c1c(C)cc(C)cc1C)(c1c(C)cc(C)cc1C)CCCB(c1ccc(C)cc1)(c1c(Cl)c(Cl)c(Cl)c(Cl)c1Cl),Cc1ccc(B(CCCP(c2c(C)cc(C)cc2C)c2c(C)cc(C)cc2C)c2c(Cl)c(Cl)c(Cl)c(Cl)c2Cl)cc1,True,0.75
template_augmentation,intramolecular_P_B_alkyl,P,mesityl,mesityl,p_tolyl,pentachlorophenyl,C4,P(c1c(C)cc(C)cc1C)(c1c(C)cc(C)cc1C)CCCCB(c1ccc(C)cc1)(c1c(Cl)c(Cl)c(Cl)c(Cl)c1Cl),Cc1ccc(B(CCCCP(c2c(C)cc(C)cc2C)c2c(C)cc(C)cc2C)c2c(Cl)c(Cl)c(Cl)c(Cl)c2Cl)cc1,True,0.8205128205128205
template_augmentation,intramolecular_P_B_alkyl,P,mesityl,mesityl,p_tolyl,pentachlorophenyl,C5,P(c1c(C)cc(C)cc1C)(c1c(C)cc(C)cc1C)CCCCCB(c1ccc(C)cc1)(c1c(Cl)c(Cl)c(Cl)c(Cl)c1Cl),Cc1ccc(B(CCCCCP(c2c(C)cc(C)cc2C)c2c(C)cc(C)cc2C)c2c(Cl)c(Cl)c(Cl)c(Cl)c2Cl)cc1,True,0.8
template_augmentation,intramolecular_P_B_alkyl,P,mesityl,mesityl,p_tolyl,pentachlorophenyl,C6,P(c1c(C)cc(C)cc1C)(c1c(C)cc(C)cc1C)CCCCCCB(c1ccc(C)cc1)(c1c(Cl)c(Cl)c(Cl)c(Cl)c1Cl),Cc1ccc(B(CCCCCCP(c2c(C)cc(C)cc2C)c2c(C)cc(C)cc2C)c2c(Cl)c(Cl)c(Cl)c(Cl)c2Cl)cc1,True,0.8
template_augmentation,intramolecular_P_B_alkyl,P,mesityl,mesityl,p_tolyl,bis_cf3_phenyl,C1,P(c1c(C)cc(C)cc1C)(c1c(C)cc(C)cc1C)CB(c1ccc(C)cc1)(c1cc(C(F)(F)F)cc(C(F)(F)F)c1),Cc1ccc(B(CP(c2c(C)cc(C)cc2C)c2c(C)cc(C)cc2C)c2cc(C(F)(F)F)cc(C(F)(F)F)c2)cc1,True,0.5
template_augmentation,intramolecular_P_B_alkyl,P,mesityl,mesityl,p_tolyl,bis_cf3_phenyl,C2,P(c1c(C)cc(C)cc1C)(c1c(C)cc(C)cc1C)CCB(c1ccc(C)cc1)(c1cc(C(F)(F)F)cc(C(F)(F)F)c1),Cc1ccc(B(CCP(c2c(C)cc(C)cc2C)c2c(C)cc(C)cc2C)c2cc(C(F)(F)F)cc(C(F)(F)F)c2)cc1,True,0.42
template_augmentation,intramolecular_P_B_alkyl,P,mesityl,mesityl,p_tolyl,bis_cf3_phenyl,C3,P(c1c(C)cc(C)cc1C)(c1c(C)cc(C)cc1C)CCCB(c1ccc(C)cc1)(c1cc(C(F)(F)F)cc(C(F)(F)F)c1),Cc1ccc(B(CCCP(c2c(C)cc(C)cc2C)c2c(C)cc(C)cc2C)c2cc(C(F)(F)F)cc(C(F)(F)F)c2)cc1,True,0.4897959183673469
template_augmentation,intramolecular_P_B_alkyl,P,mesityl,mesityl,p_tolyl,bis_cf3_phenyl,C4,P(c1c(C)cc(C)cc1C)(c1c(C)cc(C)cc1C)CCCCB(c1ccc(C)cc1)(c1cc(C(F)(F)F)cc(C(F)(F)F)c1),Cc1ccc(B(CCCCP(c2c(C)cc(C)cc2C)c2c(C)cc(C)cc2C)c2cc(C(F)(F)F)cc(C(F)(F)F)c2)cc1,True,0.5416666666666666
template_augmentation,intramolecular_P_B_alkyl,P,mesityl,mesityl,p_tolyl,bis_cf3_phenyl,C5,P(c1c(C)cc(C)cc1C)(c1c(C)cc(C)cc1C)CCCCCB(c1ccc(C)cc1)(c1cc(C(F)(F)F)cc(C(F)(F)F)c1),Cc1ccc(B(CCCCCP(c2c(C)cc(C)cc2C)c2c(C)cc(C)cc2C)c2cc(C(F)(F)F)cc(C(F)(F)F)c2)cc1,True,0.5306122448979592
template_augmentation,intramolecular_P_B_alkyl,P,mesityl,mesityl,p_tolyl,bis_cf3_phenyl,C6,P(c1c(C)cc(C)cc1C)(c1c(C)cc(C)cc1C)CCCCCCB(c1ccc(C)cc1)(c1cc(C(F)(F)F)cc(C(F)(F)F)c1),Cc1ccc(B(CCCCCCP(c2c(C)cc(C)cc2C)c2c(C)cc(C)cc2C)c2cc(C(F)(F)F)cc(C(F)(F)F)c2)cc1,True,0.5306122448979592
template_augmentation,intramolecular_P_B_alkyl,P,mesityl,mesityl,mesityl,mesityl,C1,P(c1c(C)cc(C)cc1C)(c1c(C)cc(C)cc1C)CB(c1c(C)cc(C)cc1C)(c1c(C)cc(C)cc1C),Cc1cc(C)c(B(CP(c2c(C)cc(C)cc2C)c2c(C)cc(C)cc2C)c2c(C)cc(C)cc2C)c(C)c1,True,0.46153846153846156
template_augmentation,intramolecular_P_B_alkyl,P,mesityl,mesityl,mesityl,mesityl,C2,P(c1c(C)cc(C)cc1C)(c1c(C)cc(C)cc1C)CCB(c1c(C)cc(C)cc1C)(c1c(C)cc(C)cc1C),Cc1cc(C)c(B(CCP(c2c(C)cc(C)cc2C)c2c(C)cc(C)cc2C)c2c(C)cc(C)cc2C)c(C)c1,True,0.5945945945945946
template_augmentation,intramolecular_P_B_alkyl,P,mesityl,mesityl,mesityl,mesityl,C3,P(c1c(C)cc(C)cc1C)(c1c(C)cc(C)cc1C)CCCB(c1c(C)cc(C)cc1C)(c1c(C)cc(C)cc1C),Cc1cc(C)c(B(CCCP(c2c(C)cc(C)cc2C)c2c(C)cc(C)cc2C)c2c(C)cc(C)cc2C)c(C)c1,True,0.6944444444444444
template_augmentation,intramolecular_P_B_alkyl,P,mesityl,mesityl,mesityl,mesityl,C4,P(c1c(C)cc(C)cc1C)(c1c(C)cc(C)cc1C)CCCCB(c1c(C)cc(C)cc1C)(c1c(C)cc(C)cc1C),Cc1cc(C)c(B(CCCCP(c2c(C)cc(C)cc2C)c2c(C)cc(C)cc2C)c2c(C)cc(C)cc2C)c(C)c1,True,0.7714285714285715
template_augmentation,intramolecular_P_B_alkyl,P,mesityl,mesityl,mesityl,mesityl,C5,P(c1c(C)cc(C)cc1C)(c1c(C)cc(C)cc1C)CCCCCB(c1c(C)cc(C)cc1C)(c1c(C)cc(C)cc1C),Cc1cc(C)c(B(CCCCCP(c2c(C)cc(C)cc2C)c2c(C)cc(C)cc2C)c2c(C)cc(C)cc2C)c(C)c1,True,0.75
template_augmentation,intramolecular_P_B_alkyl,P,mesityl,mesityl,mesityl,mesityl,C6,P(c1c(C)cc(C)cc1C)(c1c(C)cc(C)cc1C)CCCCCCB(c1c(C)cc(C)cc1C)(c1c(C)cc(C)cc1C),Cc1cc(C)c(B(CCCCCCP(c2c(C)cc(C)cc2C)c2c(C)cc(C)cc2C)c2c(C)cc(C)cc2C)c(C)c1,True,0.75
template_augmentation,intramolecular_P_B_alkyl,P,mesityl,mesityl,mesityl,pentafluorophenyl,C1,P(c1c(C)cc(C)cc1C)(c1c(C)cc(C)cc1C)CB(c1c(C)cc(C)cc1C)(c1c(F)c(F)c(F)c(F)c1F),Cc1cc(C)c(B(CP(c2c(C)cc(C)cc2C)c2c(C)cc(C)cc2C)c2c(F)c(F)c(F)c(F)c2F)c(C)c1,True,0.6153846153846154
template_augmentation,intramolecular_P_B_alkyl,P,mesityl,mesityl,mesityl,pentafluorophenyl,C2,P(c1c(C)cc(C)cc1C)(c1c(C)cc(C)cc1C)CCB(c1c(C)cc(C)cc1C)(c1c(F)c(F)c(F)c(F)c1F),Cc1cc(C)c(B(CCP(c2c(C)cc(C)cc2C)c2c(C)cc(C)cc2C)c2c(F)c(F)c(F)c(F)c2F)c(C)c1,True,0.7567567567567568
template_augmentation,intramolecular_P_B_alkyl,P,mesityl,mesityl,mesityl,pentafluorophenyl,C3,P(c1c(C)cc(C)cc1C)(c1c(C)cc(C)cc1C)CCCB(c1c(C)cc(C)cc1C)(c1c(F)c(F)c(F)c(F)c1F),Cc1cc(C)c(B(CCCP(c2c(C)cc(C)cc2C)c2c(C)cc(C)cc2C)c2c(F)c(F)c(F)c(F)c2F)c(C)c1,True,0.8611111111111112
template_augmentation,intramolecular_P_B_alkyl,P,mesityl,mesityl,mesityl,pentafluorophenyl,C4,P(c1c(C)cc(C)cc1C)(c1c(C)cc(C)cc1C)CCCCB(c1c(C)cc(C)cc1C)(c1c(F)c(F)c(F)c(F)c1F),Cc1cc(C)c(B(CCCCP(c2c(C)cc(C)cc2C)c2c(C)cc(C)cc2C)c2c(F)c(F)c(F)c(F)c2F)c(C)c1,True,0.9428571428571428
template_augmentation,intramolecular_P_B_alkyl,P,mesityl,mesityl,mesityl,pentafluorophenyl,C5,P(c1c(C)cc(C)cc1C)(c1c(C)cc(C)cc1C)CCCCCB(c1c(C)cc(C)cc1C)(c1c(F)c(F)c(F)c(F)c1F),Cc1cc(C)c(B(CCCCCP(c2c(C)cc(C)cc2C)c2c(C)cc(C)cc2C)c2c(F)c(F)c(F)c(F)c2F)c(C)c1,True,0.9166666666666666
template_augmentation,intramolecular_P_B_alkyl,P,mesityl,mesityl,mesityl,pentafluorophenyl,C6,P(c1c(C)cc(C)cc1C)(c1c(C)cc(C)cc1C)CCCCCCB(c1c(C)cc(C)cc1C)(c1c(F)c(F)c(F)c(F)c1F),Cc1cc(C)c(B(CCCCCCP(c2c(C)cc(C)cc2C)c2c(C)cc(C)cc2C)c2c(F)c(F)c(F)c(F)c2F)c(C)c1,True,0.9166666666666666
template_augmentation,intramolecular_P_B_alkyl,P,mesityl,mesityl,mesityl,pentachlorophenyl,C1,P(c1c(C)cc(C)cc1C)(c1c(C)cc(C)cc1C)CB(c1c(C)cc(C)cc1C)(c1c(Cl)c(Cl)c(Cl)c(Cl)c1Cl),Cc1cc(C)c(B(CP(c2c(C)cc(C)cc2C)c2c(C)cc(C)cc2C)c2c(Cl)c(Cl)c(Cl)c(Cl)c2Cl)c(C)c1,True,0.6153846153846154
template_augmentation,intramolecular_P_B_alkyl,P,mesityl,mesityl,mesityl,pentachlorophenyl,C2,P(c1c(C)cc(C)cc1C)(c1c(C)cc(C)cc1C)CCB(c1c(C)cc(C)cc1C)(c1c(Cl)c(Cl)c(Cl)c(Cl)c1Cl),Cc1cc(C)c(B(CCP(c2c(C)cc(C)cc2C)c2c(C)cc(C)cc2C)c2c(Cl)c(Cl)c(Cl)c(Cl)c2Cl)c(C)c1,True,0.7567567567567568
template_augmentation,intramolecular_P_B_alkyl,P,mesityl,mesityl,mesityl,pentachlorophenyl,C3,P(c1c(C)cc(C)cc1C)(c1c(C)cc(C)cc1C)CCCB(c1c(C)cc(C)cc1C)(c1c(Cl)c(Cl)c(Cl)c(Cl)c1Cl),Cc1cc(C)c(B(CCCP(c2c(C)cc(C)cc2C)c2c(C)cc(C)cc2C)c2c(Cl)c(Cl)c(Cl)c(Cl)c2Cl)c(C)c1,True,0.8611111111111112
template_augmentation,intramolecular_P_B_alkyl,P,mesityl,mesityl,mesityl,pentachlorophenyl,C4,P(c1c(C)cc(C)cc1C)(c1c(C)cc(C)cc1C)CCCCB(c1c(C)cc(C)cc1C)(c1c(Cl)c(Cl)c(Cl)c(Cl)c1Cl),Cc1cc(C)c(B(CCCCP(c2c(C)cc(C)cc2C)c2c(C)cc(C)cc2C)c2c(Cl)c(Cl)c(Cl)c(Cl)c2Cl)c(C)c1,True,0.9428571428571428
template_augmentation,intramolecular_P_B_alkyl,P,mesityl,mesityl,mesityl,pentachlorophenyl,C5,P(c1c(C)cc(C)cc1C)(c1c(C)cc(C)cc1C)CCCCCB(c1c(C)cc(C)cc1C)(c1c(Cl)c(Cl)c(Cl)c(Cl)c1Cl),Cc1cc(C)c(B(CCCCCP(c2c(C)cc(C)cc2C)c2c(C)cc(C)cc2C)c2c(Cl)c(Cl)c(Cl)c(Cl)c2Cl)c(C)c1,True,0.9166666666666666
template_augmentation,intramolecular_P_B_alkyl,P,mesityl,mesityl,mesityl,pentachlorophenyl,C6,P(c1c(C)cc(C)cc1C)(c1c(C)cc(C)cc1C)CCCCCCB(c1c(C)cc(C)cc1C)(c1c(Cl)c(Cl)c(Cl)c(Cl)c1Cl),Cc1cc(C)c(B(CCCCCCP(c2c(C)cc(C)cc2C)c2c(C)cc(C)cc2C)c2c(Cl)c(Cl)c(Cl)c(Cl)c2Cl)c(C)c1,True,0.9166666666666666
template_augmentation,intramolecular_P_B_alkyl,P,mesityl,mesityl,mesityl,bis_cf3_phenyl,C1,P(c1c(C)cc(C)cc1C)(c1c(C)cc(C)cc1C)CB(c1c(C)cc(C)cc1C)(c1cc(C(F)(F)F)cc(C(F)(F)F)c1),Cc1cc(C)c(B(CP(c2c(C)cc(C)cc2C)c2c(C)cc(C)cc2C)c2cc(C(F)(F)F)cc(C(F)(F)F)c2)c(C)c1,True,0.4878048780487805
template_augmentation,intramolecular_P_B_alkyl,P,mesityl,mesityl,mesityl,bis_cf3_phenyl,C2,P(c1c(C)cc(C)cc1C)(c1c(C)cc(C)cc1C)CCB(c1c(C)cc(C)cc1C)(c1cc(C(F)(F)F)cc(C(F)(F)F)c1),Cc1cc(C)c(B(CCP(c2c(C)cc(C)cc2C)c2c(C)cc(C)cc2C)c2cc(C(F)(F)F)cc(C(F)(F)F)c2)c(C)c1,True,0.46808510638297873
template_augmentation,intramolecular_P_B_alkyl,P,mesityl,mesityl,mesityl,bis_cf3_phenyl,C3,P(c1c(C)cc(C)cc1C)(c1c(C)cc(C)cc1C)CCCB(c1c(C)cc(C)cc1C)(c1cc(C(F)(F)F)cc(C(F)(F)F)c1),Cc1cc(C)c(B(CCCP(c2c(C)cc(C)cc2C)c2c(C)cc(C)cc2C)c2cc(C(F)(F)F)cc(C(F)(F)F)c2)c(C)c1,True,0.5434782608695652
template_augmentation,intramolecular_P_B_alkyl,P,mesityl,mesityl,mesityl,bis_cf3_phenyl,C4,P(c1c(C)cc(C)cc1C)(c1c(C)cc(C)cc1C)CCCCB(c1c(C)cc(C)cc1C)(c1cc(C(F)(F)F)cc(C(F)(F)F)c1),Cc1cc(C)c(B(CCCCP(c2c(C)cc(C)cc2C)c2c(C)cc(C)cc2C)c2cc(C(F)(F)F)cc(C(F)(F)F)c2)c(C)c1,True,0.6
template_augmentation,intramolecular_P_B_alkyl,P,mesityl,mesityl,mesityl,bis_cf3_phenyl,C5,P(c1c(C)cc(C)cc1C)(c1c(C)cc(C)cc1C)CCCCCB(c1c(C)cc(C)cc1C)(c1cc(C(F)(F)F)cc(C(F)(F)F)c1),Cc1cc(C)c(B(CCCCCP(c2c(C)cc(C)cc2C)c2c(C)cc(C)cc2C)c2cc(C(F)(F)F)cc(C(F)(F)F)c2)c(C)c1,True,0.5869565217391305
template_augmentation,intramolecular_P_B_alkyl,P,mesityl,mesityl,mesityl,bis_cf3_phenyl,C6,P(c1c(C)cc(C)cc1C)(c1c(C)cc(C)cc1C)CCCCCCB(c1c(C)cc(C)cc1C)(c1cc(C(F)(F)F)cc(C(F)(F)F)c1),Cc1cc(C)c(B(CCCCCCP(c2c(C)cc(C)cc2C)c2c(C)cc(C)cc2C)c2cc(C(F)(F)F)cc(C(F)(F)F)c2)c(C)c1,True,0.5869565217391305
template_augmentation,intramolecular_P_B_alkyl,P,mesityl,mesityl,pentafluorophenyl,pentafluorophenyl,C1,P(c1c(C)cc(C)cc1C)(c1c(C)cc(C)cc1C)CB(c1c(F)c(F)c(F)c(F)c1F)(c1c(F)c(F)c(F)c(F)c1F),Cc1cc(C)c(P(CB(c2c(F)c(F)c(F)c(F)c2F)c2c(F)c(F)c(F)c(F)c2F)c2c(C)cc(C)cc2C)c(C)c1,True,0.6486486486486487
template_augmentation,intramolecular_P_B_alkyl,P,mesityl,mesityl,pentafluorophenyl,pentafluorophenyl,C2,P(c1c(C)cc(C)cc1C)(c1c(C)cc(C)cc1C)CCB(c1c(F)c(F)c(F)c(F)c1F)(c1c(F)c(F)c(F)c(F)c1F),Cc1cc(C)c(P(CCB(c2c(F)c(F)c(F)c(F)c2F)c2c(F)c(F)c(F)c(F)c2F)c2c(C)cc(C)cc2C)c(C)c1,True,0.8
template_augmentation,intramolecular_P_B_alkyl,P,mesityl,mesityl,pentafluorophenyl,pentafluorophenyl,C3,P(c1c(C)cc(C)cc1C)(c1c(C)cc(C)cc1C)CCCB(c1c(F)c(F)c(F)c(F)c1F)(c1c(F)c(F)c(F)c(F)c1F),Cc1cc(C)c(P(CCCB(c2c(F)c(F)c(F)c(F)c2F)c2c(F)c(F)c(F)c(F)c2F)c2c(C)cc(C)cc2C)c(C)c1,True,0.9117647058823529
template_augmentation,intramolecular_P_B_alkyl,P,mesityl,mesityl,pentafluorophenyl,pentafluorophenyl,C4,P(c1c(C)cc(C)cc1C)(c1c(C)cc(C)cc1C)CCCCB(c1c(F)c(F)c(F)c(F)c1F)(c1c(F)c(F)c(F)c(F)c1F),Cc1cc(C)c(P(CCCCB(c2c(F)c(F)c(F)c(F)c2F)c2c(F)c(F)c(F)c(F)c2F)c2c(C)cc(C)cc2C)c(C)c1,False,1.0
template_augmentation,intramolecular_P_B_alkyl,P,mesityl,mesityl,pentafluorophenyl,pentafluorophenyl,C5,P(c1c(C)cc(C)cc1C)(c1c(C)cc(C)cc1C)CCCCCB(c1c(F)c(F)c(F)c(F)c1F)(c1c(F)c(F)c(F)c(F)c1F),Cc1cc(C)c(P(CCCCCB(c2c(F)c(F)c(F)c(F)c2F)c2c(F)c(F)c(F)c(F)c2F)c2c(C)cc(C)cc2C)c(C)c1,True,0.9705882352941176
template_augmentation,intramolecular_P_B_alkyl,P,mesityl,mesityl,pentafluorophenyl,pentafluorophenyl,C6,P(c1c(C)cc(C)cc1C)(c1c(C)cc(C)cc1C)CCCCCCB(c1c(F)c(F)c(F)c(F)c1F)(c1c(F)c(F)c(F)c(F)c1F),Cc1cc(C)c(P(CCCCCCB(c2c(F)c(F)c(F)c(F)c2F)c2c(F)c(F)c(F)c(F)c2F)c2c(C)cc(C)cc2C)c(C)c1,True,0.9705882352941176
template_augmentation,intramolecular_P_B_alkyl,P,mesityl,mesityl,pentafluorophenyl,pentachlorophenyl,C1,P(c1c(C)cc(C)cc1C)(c1c(C)cc(C)cc1C)CB(c1c(F)c(F)c(F)c(F)c1F)(c1c(Cl)c(Cl)c(Cl)c(Cl)c1Cl),Cc1cc(C)c(P(CB(c2c(F)c(F)c(F)c(F)c2F)c2c(Cl)c(Cl)c(Cl)c(Cl)c2Cl)c2c(C)cc(C)cc2C)c(C)c1,True,0.5581395348837209
template_augmentation,intramolecular_P_B_alkyl,P,mesityl,mesityl,pentafluorophenyl,pentachlorophenyl,C2,P(c1c(C)cc(C)cc1C)(c1c(C)cc(C)cc1C)CCB(c1c(F)c(F)c(F)c(F)c1F)(c1c(Cl)c(Cl)c(Cl)c(Cl)c1Cl),Cc1cc(C)c(P(CCB(c2c(F)c(F)c(F)c(F)c2F)c2c(Cl)c(Cl)c(Cl)c(Cl)c2Cl)c2c(C)cc(C)cc2C)c(C)c1,True,0.6829268292682927
template_augmentation,intramolecular_P_B_alkyl,P,mesityl,mesityl,pentafluorophenyl,pentachlorophenyl,C3,P(c1c(C)cc(C)cc1C)(c1c(C)cc(C)cc1C)CCCB(c1c(F)c(F)c(F)c(F)c1F)(c1c(Cl)c(Cl)c(Cl)c(Cl)c1Cl),Cc1cc(C)c(P(CCCB(c2c(F)c(F)c(F)c(F)c2F)c2c(Cl)c(Cl)c(Cl)c(Cl)c2Cl)c2c(C)cc(C)cc2C)c(C)c1,True,0.775
template_augmentation,intramolecular_P_B_alkyl,P,mesityl,mesityl,pentafluorophenyl,pentachlorophenyl,C4,P(c1c(C)cc(C)cc1C)(c1c(C)cc(C)cc1C)CCCCB(c1c(F)c(F)c(F)c(F)c1F)(c1c(Cl)c(Cl)c(Cl)c(Cl)c1Cl),Cc1cc(C)c(P(CCCCB(c2c(F)c(F)c(F)c(F)c2F)c2c(Cl)c(Cl)c(Cl)c(Cl)c2Cl)c2c(C)cc(C)cc2C)c(C)c1,True,0.8461538461538461
template_augmentation,intramolecular_P_B_alkyl,P,mesityl,mesityl,pentafluorophenyl,pentachlorophenyl,C5,P(c1c(C)cc(C)cc1C)(c1c(C)cc(C)cc1C)CCCCCB(c1c(F)c(F)c(F)c(F)c1F)(c1c(Cl)c(Cl)c(Cl)c(Cl)c1Cl),Cc1cc(C)c(P(CCCCCB(c2c(F)c(F)c(F)c(F)c2F)c2c(Cl)c(Cl)c(Cl)c(Cl)c2Cl)c2c(C)cc(C)cc2C)c(C)c1,True,0.825
template_augmentation,intramolecular_P_B_alkyl,P,mesityl,mesityl,pentafluorophenyl,pentachlorophenyl,C6,P(c1c(C)cc(C)cc1C)(c1c(C)cc(C)cc1C)CCCCCCB(c1c(F)c(F)c(F)c(F)c1F)(c1c(Cl)c(Cl)c(Cl)c(Cl)c1Cl),Cc1cc(C)c(P(CCCCCCB(c2c(F)c(F)c(F)c(F)c2F)c2c(Cl)c(Cl)c(Cl)c(Cl)c2Cl)c2c(C)cc(C)cc2C)c(C)c1,True,0.825
template_augmentation,intramolecular_P_B_alkyl,P,mesityl,mesityl,pentafluorophenyl,bis_cf3_phenyl,C1,P(c1c(C)cc(C)cc1C)(c1c(C)cc(C)cc1C)CB(c1c(F)c(F)c(F)c(F)c1F)(c1cc(C(F)(F)F)cc(C(F)(F)F)c1),Cc1cc(C)c(P(CB(c2cc(C(F)(F)F)cc(C(F)(F)F)c2)c2c(F)c(F)c(F)c(F)c2F)c2c(C)cc(C)cc2C)c(C)c1,True,0.5217391304347826
template_augmentation,intramolecular_P_B_alkyl,P,mesityl,mesityl,pentafluorophenyl,bis_cf3_phenyl,C2,P(c1c(C)cc(C)cc1C)(c1c(C)cc(C)cc1C)CCB(c1c(F)c(F)c(F)c(F)c1F)(c1cc(C(F)(F)F)cc(C(F)(F)F)c1),Cc1cc(C)c(P(CCB(c2cc(C(F)(F)F)cc(C(F)(F)F)c2)c2c(F)c(F)c(F)c(F)c2F)c2c(C)cc(C)cc2C)c(C)c1,True,0.6
template_augmentation,intramolecular_P_B_alkyl,P,mesityl,mesityl,pentafluorophenyl,bis_cf3_phenyl,C3,P(c1c(C)cc(C)cc1C)(c1c(C)cc(C)cc1C)CCCB(c1c(F)c(F)c(F)c(F)c1F)(c1cc(C(F)(F)F)cc(C(F)(F)F)c1),Cc1cc(C)c(P(CCCB(c2cc(C(F)(F)F)cc(C(F)(F)F)c2)c2c(F)c(F)c(F)c(F)c2F)c2c(C)cc(C)cc2C)c(C)c1,True,0.6818181818181818
template_augmentation,intramolecular_P_B_alkyl,P,mesityl,mesityl,pentafluorophenyl,bis_cf3_phenyl,C4,P(c1c(C)cc(C)cc1C)(c1c(C)cc(C)cc1C)CCCCB(c1c(F)c(F)c(F)c(F)c1F)(c1cc(C(F)(F)F)cc(C(F)(F)F)c1),Cc1cc(C)c(P(CCCCB(c2cc(C(F)(F)F)cc(C(F)(F)F)c2)c2c(F)c(F)c(F)c(F)c2F)c2c(C)cc(C)cc2C)c(C)c1,True,0.7441860465116279
template_augmentation,intramolecular_P_B_alkyl,P,mesityl,mesityl,pentafluorophenyl,bis_cf3_phenyl,C5,P(c1c(C)cc(C)cc1C)(c1c(C)cc(C)cc1C)CCCCCB(c1c(F)c(F)c(F)c(F)c1F)(c1cc(C(F)(F)F)cc(C(F)(F)F)c1),Cc1cc(C)c(P(CCCCCB(c2cc(C(F)(F)F)cc(C(F)(F)F)c2)c2c(F)c(F)c(F)c(F)c2F)c2c(C)cc(C)cc2C)c(C)c1,True,0.7272727272727273
template_augmentation,intramolecular_P_B_alkyl,P,mesityl,mesityl,pentafluorophenyl,bis_cf3_phenyl,C6,P(c1c(C)cc(C)cc1C)(c1c(C)cc(C)cc1C)CCCCCCB(c1c(F)c(F)c(F)c(F)c1F)(c1cc(C(F)(F)F)cc(C(F)(F)F)c1),Cc1cc(C)c(P(CCCCCCB(c2cc(C(F)(F)F)cc(C(F)(F)F)c2)c2c(F)c(F)c(F)c(F)c2F)c2c(C)cc(C)cc2C)c(C)c1,True,0.7272727272727273
template_augmentation,intramolecular_P_B_alkyl,P,mesityl,mesityl,pentachlorophenyl,pentachlorophenyl,C1,P(c1c(C)cc(C)cc1C)(c1c(C)cc(C)cc1C)CB(c1c(Cl)c(Cl)c(Cl)c(Cl)c1Cl)(c1c(Cl)c(Cl)c(Cl)c(Cl)c1Cl),Cc1cc(C)c(P(CB(c2c(Cl)c(Cl)c(Cl)c(Cl)c2Cl)c2c(Cl)c(Cl)c(Cl)c(Cl)c2Cl)c2c(C)cc(C)cc2C)c(C)c1,True,0.6486486486486487
template_augmentation,intramolecular_P_B_alkyl,P,mesityl,mesityl,pentachlorophenyl,pentachlorophenyl,C2,P(c1c(C)cc(C)cc1C)(c1c(C)cc(C)cc1C)CCB(c1c(Cl)c(Cl)c(Cl)c(Cl)c1Cl)(c1c(Cl)c(Cl)c(Cl)c(Cl)c1Cl),Cc1cc(C)c(P(CCB(c2c(Cl)c(Cl)c(Cl)c(Cl)c2Cl)c2c(Cl)c(Cl)c(Cl)c(Cl)c2Cl)c2c(C)cc(C)cc2C)c(C)c1,True,0.8
template_augmentation,intramolecular_P_B_alkyl,P,mesityl,mesityl,pentachlorophenyl,pentachlorophenyl,C3,P(c1c(C)cc(C)cc1C)(c1c(C)cc(C)cc1C)CCCB(c1c(Cl)c(Cl)c(Cl)c(Cl)c1Cl)(c1c(Cl)c(Cl)c(Cl)c(Cl)c1Cl),Cc1cc(C)c(P(CCCB(c2c(Cl)c(Cl)c(Cl)c(Cl)c2Cl)c2c(Cl)c(Cl)c(Cl)c(Cl)c2Cl)c2c(C)cc(C)cc2C)c(C)c1,True,0.9117647058823529
template_augmentation,intramolecular_P_B_alkyl,P,mesityl,mesityl,pentachlorophenyl,pentachlorophenyl,C4,P(c1c(C)cc(C)cc1C)(c1c(C)cc(C)cc1C)CCCCB(c1c(Cl)c(Cl)c(Cl)c(Cl)c1Cl)(c1c(Cl)c(Cl)c(Cl)c(Cl)c1Cl),Cc1cc(C)c(P(CCCCB(c2c(Cl)c(Cl)c(Cl)c(Cl)c2Cl)c2c(Cl)c(Cl)c(Cl)c(Cl)c2Cl)c2c(C)cc(C)cc2C)c(C)c1,False,1.0
template_augmentation,intramolecular_P_B_alkyl,P,mesityl,mesityl,pentachlorophenyl,pentachlorophenyl,C5,P(c1c(C)cc(C)cc1C)(c1c(C)cc(C)cc1C)CCCCCB(c1c(Cl)c(Cl)c(Cl)c(Cl)c1Cl)(c1c(Cl)c(Cl)c(Cl)c(Cl)c1Cl),Cc1cc(C)c(P(CCCCCB(c2c(Cl)c(Cl)c(Cl)c(Cl)c2Cl)c2c(Cl)c(Cl)c(Cl)c(Cl)c2Cl)c2c(C)cc(C)cc2C)c(C)c1,True,0.9705882352941176
template_augmentation,intramolecular_P_B_alkyl,P,mesityl,mesityl,pentachlorophenyl,pentachlorophenyl,C6,P(c1c(C)cc(C)cc1C)(c1c(C)cc(C)cc1C)CCCCCCB(c1c(Cl)c(Cl)c(Cl)c(Cl)c1Cl)(c1c(Cl)c(Cl)c(Cl)c(Cl)c1Cl),Cc1cc(C)c(P(CCCCCCB(c2c(Cl)c(Cl)c(Cl)c(Cl)c2Cl)c2c(Cl)c(Cl)c(Cl)c(Cl)c2Cl)c2c(C)cc(C)cc2C)c(C)c1,True,0.9705882352941176
template_augmentation,intramolecular_P_B_alkyl,P,mesityl,mesityl,pentachlorophenyl,bis_cf3_phenyl,C1,P(c1c(C)cc(C)cc1C)(c1c(C)cc(C)cc1C)CB(c1c(Cl)c(Cl)c(Cl)c(Cl)c1Cl)(c1cc(C(F)(F)F)cc(C(F)(F)F)c1),Cc1cc(C)c(P(CB(c2cc(C(F)(F)F)cc(C(F)(F)F)c2)c2c(Cl)c(Cl)c(Cl)c(Cl)c2Cl)c2c(C)cc(C)cc2C)c(C)c1,True,0.5106382978723404
template_augmentation,intramolecular_P_B_alkyl,P,mesityl,mesityl,pentachlorophenyl,bis_cf3_phenyl,C2,P(c1c(C)cc(C)cc1C)(c1c(C)cc(C)cc1C)CCB(c1c(Cl)c(Cl)c(Cl)c(Cl)c1Cl)(c1cc(C(F)(F)F)cc(C(F)(F)F)c1),Cc1cc(C)c(P(CCB(c2cc(C(F)(F)F)cc(C(F)(F)F)c2)c2c(Cl)c(Cl)c(Cl)c(Cl)c2Cl)c2c(C)cc(C)cc2C)c(C)c1,True,0.5869565217391305
template_augmentation,intramolecular_P_B_alkyl,P,mesityl,mesityl,pentachlorophenyl,bis_cf3_phenyl,C3,P(c1c(C)cc(C)cc1C)(c1c(C)cc(C)cc1C)CCCB(c1c(Cl)c(Cl)c(Cl)c(Cl)c1Cl)(c1cc(C(F)(F)F)cc(C(F)(F)F)c1),Cc1cc(C)c(P(CCCB(c2cc(C(F)(F)F)cc(C(F)(F)F)c2)c2c(Cl)c(Cl)c(Cl)c(Cl)c2Cl)c2c(C)cc(C)cc2C)c(C)c1,True,0.6666666666666666
template_augmentation,intramolecular_P_B_alkyl,P,mesityl,mesityl,pentachlorophenyl,bis_cf3_phenyl,C4,P(c1c(C)cc(C)cc1C)(c1c(C)cc(C)cc1C)CCCCB(c1c(Cl)c(Cl)c(Cl)c(Cl)c1Cl)(c1cc(C(F)(F)F)cc(C(F)(F)F)c1),Cc1cc(C)c(P(CCCCB(c2cc(C(F)(F)F)cc(C(F)(F)F)c2)c2c(Cl)c(Cl)c(Cl)c(Cl)c2Cl)c2c(C)cc(C)cc2C)c(C)c1,True,0.7272727272727273
template_augmentation,intramolecular_P_B_alkyl,P,mesityl,mesityl,pentachlorophenyl,bis_cf3_phenyl,C5,P(c1c(C)cc(C)cc1C)(c1c(C)cc(C)cc1C)CCCCCB(c1c(Cl)c(Cl)c(Cl)c(Cl)c1Cl)(c1cc(C(F)(F)F)cc(C(F)(F)F)c1),Cc1cc(C)c(P(CCCCCB(c2cc(C(F)(F)F)cc(C(F)(F)F)c2)c2c(Cl)c(Cl)c(Cl)c(Cl)c2Cl)c2c(C)cc(C)cc2C)c(C)c1,True,0.7111111111111111
template_augmentation,intramolecular_P_B_alkyl,P,mesityl,mesityl,pentachlorophenyl,bis_cf3_phenyl,C6,P(c1c(C)cc(C)cc1C)(c1c(C)cc(C)cc1C)CCCCCCB(c1c(Cl)c(Cl)c(Cl)c(Cl)c1Cl)(c1cc(C(F)(F)F)cc(C(F)(F)F)c1),Cc1cc(C)c(P(CCCCCCB(c2cc(C(F)(F)F)cc(C(F)(F)F)c2)c2c(Cl)c(Cl)c(Cl)c(Cl)c2Cl)c2c(C)cc(C)cc2C)c(C)c1,True,0.7111111111111111
template_augmentation,intramolecular_P_B_alkyl,P,mesityl,mesityl,bis_cf3_phenyl,bis_cf3_phenyl,C1,P(c1c(C)cc(C)cc1C)(c1c(C)cc(C)cc1C)CB(c1cc(C(F)(F)F)cc(C(F)(F)F)c1)(c1cc(C(F)(F)F)cc(C(F)(F)F)c1),Cc1cc(C)c(P(CB(c2cc(C(F)(F)F)cc(C(F)(F)F)c2)c2cc(C(F)(F)F)cc(C(F)(F)F)c2)c2c(C)cc(C)cc2C)c(C)c1,True,0.5675675675675675
template_augmentation,intramolecular_P_B_alkyl,P,mesityl,mesityl,bis_cf3_phenyl,bis_cf3_phenyl,C2,P(c1c(C)cc(C)cc1C)(c1c(C)cc(C)cc1C)CCB(c1cc(C(F)(F)F)cc(C(F)(F)F)c1)(c1cc(C(F)(F)F)cc(C(F)(F)F)c1),Cc1cc(C)c(P(CCB(c2cc(C(F)(F)F)cc(C(F)(F)F)c2)c2cc(C(F)(F)F)cc(C(F)(F)F)c2)c2c(C)cc(C)cc2C)c(C)c1,True,0.4666666666666667
template_augmentation,intramolecular_P_B_alkyl,P,mesityl,mesityl,bis_cf3_phenyl,bis_cf3_phenyl,C3,P(c1c(C)cc(C)cc1C)(c1c(C)cc(C)cc1C)CCCB(c1cc(C(F)(F)F)cc(C(F)(F)F)c1)(c1cc(C(F)(F)F)cc(C(F)(F)F)c1),Cc1cc(C)c(P(CCCB(c2cc(C(F)(F)F)cc(C(F)(F)F)c2)c2cc(C(F)(F)F)cc(C(F)(F)F)c2)c2c(C)cc(C)cc2C)c(C)c1,True,0.5454545454545454
template_augmentation,intramolecular_P_B_alkyl,P,mesityl,mesityl,bis_cf3_phenyl,bis_cf3_phenyl,C4,P(c1c(C)cc(C)cc1C)(c1c(C)cc(C)cc1C)CCCCB(c1cc(C(F)(F)F)cc(C(F)(F)F)c1)(c1cc(C(F)(F)F)cc(C(F)(F)F)c1),Cc1cc(C)c(P(CCCCB(c2cc(C(F)(F)F)cc(C(F)(F)F)c2)c2cc(C(F)(F)F)cc(C(F)(F)F)c2)c2c(C)cc(C)cc2C)c(C)c1,True,0.6046511627906976
template_augmentation,intramolecular_P_B_alkyl,P,mesityl,mesityl,bis_cf3_phenyl,bis_cf3_phenyl,C5,P(c1c(C)cc(C)cc1C)(c1c(C)cc(C)cc1C)CCCCCB(c1cc(C(F)(F)F)cc(C(F)(F)F)c1)(c1cc(C(F)(F)F)cc(C(F)(F)F)c1),Cc1cc(C)c(P(CCCCCB(c2cc(C(F)(F)F)cc(C(F)(F)F)c2)c2cc(C(F)(F)F)cc(C(F)(F)F)c2)c2c(C)cc(C)cc2C)c(C)c1,True,0.5909090909090909
template_augmentation,intramolecular_P_B_alkyl,P,mesityl,mesityl,bis_cf3_phenyl,bis_cf3_phenyl,C6,P(c1c(C)cc(C)cc1C)(c1c(C)cc(C)cc1C)CCCCCCB(c1cc(C(F)(F)F)cc(C(F)(F)F)c1)(c1cc(C(F)(F)F)cc(C(F)(F)F)c1),Cc1cc(C)c(P(CCCCCCB(c2cc(C(F)(F)F)cc(C(F)(F)F)c2)c2cc(C(F)(F)F)cc(C(F)(F)F)c2)c2c(C)cc(C)cc2C)c(C)c1,True,0.5909090909090909
template_augmentation,intramolecular_P_B_alkyl,P,mesityl,tert_butyl,phenyl,phenyl,C1,P(c1c(C)cc(C)cc1C)(C(C)(C)C)CB(c1ccccc1)(c1ccccc1),Cc1cc(C)c(P(CB(c2ccccc2)c2ccccc2)C(C)(C)C)c(C)c1,True,0.38
template_augmentation,intramolecular_P_B_alkyl,P,mesityl,tert_butyl,phenyl,phenyl,C2,P(c1c(C)cc(C)cc1C)(C(C)(C)C)CCB(c1ccccc1)(c1ccccc1),Cc1cc(C)c(P(CCB(c2ccccc2)c2ccccc2)C(C)(C)C)c(C)c1,True,0.4318181818181818
template_augmentation,intramolecular_P_B_alkyl,P,mesityl,tert_butyl,phenyl,phenyl,C3,P(c1c(C)cc(C)cc1C)(C(C)(C)C)CCCB(c1ccccc1)(c1ccccc1),Cc1cc(C)c(P(CCCB(c2ccccc2)c2ccccc2)C(C)(C)C)c(C)c1,True,0.4166666666666667
template_augmentation,intramolecular_P_B_alkyl,P,mesityl,tert_butyl,phenyl,phenyl,C4,P(c1c(C)cc(C)cc1C)(C(C)(C)C)CCCCB(c1ccccc1)(c1ccccc1),Cc1cc(C)c(P(CCCCB(c2ccccc2)c2ccccc2)C(C)(C)C)c(C)c1,True,0.46808510638297873
template_augmentation,intramolecular_P_B_alkyl,P,mesityl,tert_butyl,phenyl,phenyl,C5,P(c1c(C)cc(C)cc1C)(C(C)(C)C)CCCCCB(c1ccccc1)(c1ccccc1),Cc1cc(C)c(P(CCCCCB(c2ccccc2)c2ccccc2)C(C)(C)C)c(C)c1,True,0.4583333333333333
template_augmentation,intramolecular_P_B_alkyl,P,mesityl,tert_butyl,phenyl,phenyl,C6,P(c1c(C)cc(C)cc1C)(C(C)(C)C)CCCCCCB(c1ccccc1)(c1ccccc1),Cc1cc(C)c(P(CCCCCCB(c2ccccc2)c2ccccc2)C(C)(C)C)c(C)c1,True,0.4583333333333333
template_augmentation,intramolecular_P_B_alkyl,P,mesityl,tert_butyl,phenyl,p_tolyl,C1,P(c1c(C)cc(C)cc1C)(C(C)(C)C)CB(c1ccccc1)(c1ccc(C)cc1),Cc1ccc(B(CP(c2c(C)cc(C)cc2C)C(C)(C)C)c2ccccc2)cc1,True,0.3584905660377358
template_augmentation,intramolecular_P_B_alkyl,P,mesityl,tert_butyl,phenyl,p_tolyl,C2,P(c1c(C)cc(C)cc1C)(C(C)(C)C)CCB(c1ccccc1)(c1ccc(C)cc1),Cc1ccc(B(CCP(c2c(C)cc(C)cc2C)C(C)(C)C)c2ccccc2)cc1,True,0.40425531914893614
template_augmentation,intramolecular_P_B_alkyl,P,mesityl,tert_butyl,phenyl,p_tolyl,C3,P(c1c(C)cc(C)cc1C)(C(C)(C)C)CCCB(c1ccccc1)(c1ccc(C)cc1),Cc1ccc(B(CCCP(c2c(C)cc(C)cc2C)C(C)(C)C)c2ccccc2)cc1,True,0.39215686274509803
template_augmentation,intramolecular_P_B_alkyl,P,mesityl,tert_butyl,phenyl,p_tolyl,C4,P(c1c(C)cc(C)cc1C)(C(C)(C)C)CCCCB(c1ccccc1)(c1ccc(C)cc1),Cc1ccc(B(CCCCP(c2c(C)cc(C)cc2C)C(C)(C)C)c2ccccc2)cc1,True,0.44
template_augmentation,intramolecular_P_B_alkyl,P,mesityl,tert_butyl,phenyl,p_tolyl,C5,P(c1c(C)cc(C)cc1C)(C(C)(C)C)CCCCCB(c1ccccc1)(c1ccc(C)cc1),Cc1ccc(B(CCCCCP(c2c(C)cc(C)cc2C)C(C)(C)C)c2ccccc2)cc1,True,0.43137254901960786
template_augmentation,intramolecular_P_B_alkyl,P,mesityl,tert_butyl,phenyl,p_tolyl,C6,P(c1c(C)cc(C)cc1C)(C(C)(C)C)CCCCCCB(c1ccccc1)(c1ccc(C)cc1),Cc1ccc(B(CCCCCCP(c2c(C)cc(C)cc2C)C(C)(C)C)c2ccccc2)cc1,True,0.43137254901960786
template_augmentation,intramolecular_P_B_alkyl,P,mesityl,tert_butyl,phenyl,mesityl,C1,P(c1c(C)cc(C)cc1C)(C(C)(C)C)CB(c1ccccc1)(c1c(C)cc(C)cc1C),Cc1cc(C)c(B(CP(c2c(C)cc(C)cc2C)C(C)(C)C)c2ccccc2)c(C)c1,True,0.3617021276595745
template_augmentation,intramolecular_P_B_alkyl,P,mesityl,tert_butyl,phenyl,mesityl,C2,P(c1c(C)cc(C)cc1C)(C(C)(C)C)CCB(c1ccccc1)(c1c(C)cc(C)cc1C),Cc1cc(C)c(B(CCP(c2c(C)cc(C)cc2C)C(C)(C)C)c2ccccc2)c(C)c1,True,0.43478260869565216
template_augmentation,intramolecular_P_B_alkyl,P,mesityl,tert_butyl,phenyl,mesityl,C3,P(c1c(C)cc(C)cc1C)(C(C)(C)C)CCCB(c1ccccc1)(c1c(C)cc(C)cc1C),Cc1cc(C)c(B(CCCP(c2c(C)cc(C)cc2C)C(C)(C)C)c2ccccc2)c(C)c1,True,0.42
template_augmentation,intramolecular_P_B_alkyl,P,mesityl,tert_butyl,phenyl,mesityl,C4,P(c1c(C)cc(C)cc1C)(C(C)(C)C)CCCCB(c1ccccc1)(c1c(C)cc(C)cc1C),Cc1cc(C)c(B(CCCCP(c2c(C)cc(C)cc2C)C(C)(C)C)c2ccccc2)c(C)c1,True,0.46938775510204084
template_augmentation,intramolecular_P_B_alkyl,P,mesityl,tert_butyl,phenyl,mesityl,C5,P(c1c(C)cc(C)cc1C)(C(C)(C)C)CCCCCB(c1ccccc1)(c1c(C)cc(C)cc1C),Cc1cc(C)c(B(CCCCCP(c2c(C)cc(C)cc2C)C(C)(C)C)c2ccccc2)c(C)c1,True,0.46
template_augmentation,intramolecular_P_B_alkyl,P,mesityl,tert_butyl,phenyl,mesityl,C6,P(c1c(C)cc(C)cc1C)(C(C)(C)C)CCCCCCB(c1ccccc1)(c1c(C)cc(C)cc1C),Cc1cc(C)c(B(CCCCCCP(c2c(C)cc(C)cc2C)C(C)(C)C)c2ccccc2)c(C)c1,True,0.46
template_augmentation,intramolecular_P_B_alkyl,P,mesityl,tert_butyl,phenyl,pentafluorophenyl,C1,P(c1c(C)cc(C)cc1C)(C(C)(C)C)CB(c1ccccc1)(c1c(F)c(F)c(F)c(F)c1F),Cc1cc(C)c(P(CB(c2ccccc2)c2c(F)c(F)c(F)c(F)c2F)C(C)(C)C)c(C)c1,True,0.4782608695652174
template_augmentation,intramolecular_P_B_alkyl,P,mesityl,tert_butyl,phenyl,pentafluorophenyl,C2,P(c1c(C)cc(C)cc1C)(C(C)(C)C)CCB(c1ccccc1)(c1c(F)c(F)c(F)c(F)c1F),Cc1cc(C)c(P(CCB(c2ccccc2)c2c(F)c(F)c(F)c(F)c2F)C(C)(C)C)c(C)c1,True,0.5555555555555556
template_augmentation,intramolecular_P_B_alkyl,P,mesityl,tert_butyl,phenyl,pentafluorophenyl,C3,P(c1c(C)cc(C)cc1C)(C(C)(C)C)CCCB(c1ccccc1)(c1c(F)c(F)c(F)c(F)c1F),Cc1cc(C)c(P(CCCB(c2ccccc2)c2c(F)c(F)c(F)c(F)c2F)C(C)(C)C)c(C)c1,True,0.5306122448979592
template_augmentation,intramolecular_P_B_alkyl,P,mesityl,tert_butyl,phenyl,pentafluorophenyl,C4,P(c1c(C)cc(C)cc1C)(C(C)(C)C)CCCCB(c1ccccc1)(c1c(F)c(F)c(F)c(F)c1F),Cc1cc(C)c(P(CCCCB(c2ccccc2)c2c(F)c(F)c(F)c(F)c2F)C(C)(C)C)c(C)c1,True,0.5833333333333334
template_augmentation,intramolecular_P_B_alkyl,P,mesityl,tert_butyl,phenyl,pentafluorophenyl,C5,P(c1c(C)cc(C)cc1C)(C(C)(C)C)CCCCCB(c1ccccc1)(c1c(F)c(F)c(F)c(F)c1F),Cc1cc(C)c(P(CCCCCB(c2ccccc2)c2c(F)c(F)c(F)c(F)c2F)C(C)(C)C)c(C)c1,True,0.5714285714285714
template_augmentation,intramolecular_P_B_alkyl,P,mesityl,tert_butyl,phenyl,pentafluorophenyl,C6,P(c1c(C)cc(C)cc1C)(C(C)(C)C)CCCCCCB(c1ccccc1)(c1c(F)c(F)c(F)c(F)c1F),Cc1cc(C)c(P(CCCCCCB(c2ccccc2)c2c(F)c(F)c(F)c(F)c2F)C(C)(C)C)c(C)c1,True,0.5714285714285714
template_augmentation,intramolecular_P_B_alkyl,P,mesityl,tert_butyl,phenyl,pentachlorophenyl,C1,P(c1c(C)cc(C)cc1C)(C(C)(C)C)CB(c1ccccc1)(c1c(Cl)c(Cl)c(Cl)c(Cl)c1Cl),Cc1cc(C)c(P(CB(c2ccccc2)c2c(Cl)c(Cl)c(Cl)c(Cl)c2Cl)C(C)(C)C)c(C)c1,True,0.4888888888888889
template_augmentation,intramolecular_P_B_alkyl,P,mesityl,tert_butyl,phenyl,pentachlorophenyl,C2,P(c1c(C)cc(C)cc1C)(C(C)(C)C)CCB(c1ccccc1)(c1c(Cl)c(Cl)c(Cl)c(Cl)c1Cl),Cc1cc(C)c(P(CCB(c2ccccc2)c2c(Cl)c(Cl)c(Cl)c(Cl)c2Cl)C(C)(C)C)c(C)c1,True,0.5681818181818182
template_augmentation,intramolecular_P_B_alkyl,P,mesityl,tert_butyl,phenyl,pentachlorophenyl,C3,P(c1c(C)cc(C)cc1C)(C(C)(C)C)CCCB(c1ccccc1)(c1c(Cl)c(Cl)c(Cl)c(Cl)c1Cl),Cc1cc(C)c(P(CCCB(c2ccccc2)c2c(Cl)c(Cl)c(Cl)c(Cl)c2Cl)C(C)(C)C)c(C)c1,True,0.5416666666666666
template_augmentation,intramolecular_P_B_alkyl,P,mesityl,tert_butyl,phenyl,pentachlorophenyl,C4,P(c1c(C)cc(C)cc1C)(C(C)(C)C)CCCCB(c1ccccc1)(c1c(Cl)c(Cl)c(Cl)c(Cl)c1Cl),Cc1cc(C)c(P(CCCCB(c2ccccc2)c2c(Cl)c(Cl)c(Cl)c(Cl)c2Cl)C(C)(C)C)c(C)c1,True,0.5957446808510638
template_augmentation,intramolecular_P_B_alkyl,P,mesityl,tert_butyl,phenyl,pentachlorophenyl,C5,P(c1c(C)cc(C)cc1C)(C(C)(C)C)CCCCCB(c1ccccc1)(c1c(Cl)c(Cl)c(Cl)c(Cl)c1Cl),Cc1cc(C)c(P(CCCCCB(c2ccccc2)c2c(Cl)c(Cl)c(Cl)c(Cl)c2Cl)C(C)(C)C)c(C)c1,True,0.5833333333333334
template_augmentation,intramolecular_P_B_alkyl,P,mesityl,tert_butyl,phenyl,pentachlorophenyl,C6,P(c1c(C)cc(C)cc1C)(C(C)(C)C)CCCCCCB(c1ccccc1)(c1c(Cl)c(Cl)c(Cl)c(Cl)c1Cl),Cc1cc(C)c(P(CCCCCCB(c2ccccc2)c2c(Cl)c(Cl)c(Cl)c(Cl)c2Cl)C(C)(C)C)c(C)c1,True,0.5833333333333334
template_augmentation,intramolecular_P_B_alkyl,P,mesityl,tert_butyl,phenyl,bis_cf3_phenyl,C1,P(c1c(C)cc(C)cc1C)(C(C)(C)C)CB(c1ccccc1)(c1cc(C(F)(F)F)cc(C(F)(F)F)c1),Cc1cc(C)c(P(CB(c2ccccc2)c2cc(C(F)(F)F)cc(C(F)(F)F)c2)C(C)(C)C)c(C)c1,True,0.5227272727272727
template_augmentation,intramolecular_P_B_alkyl,P,mesityl,tert_butyl,phenyl,bis_cf3_phenyl,C2,P(c1c(C)cc(C)cc1C)(C(C)(C)C)CCB(c1ccccc1)(c1cc(C(F)(F)F)cc(C(F)(F)F)c1),Cc1cc(C)c(P(CCB(c2ccccc2)c2cc(C(F)(F)F)cc(C(F)(F)F)c2)C(C)(C)C)c(C)c1,True,0.4375
template_augmentation,intramolecular_P_B_alkyl,P,mesityl,tert_butyl,phenyl,bis_cf3_phenyl,C3,P(c1c(C)cc(C)cc1C)(C(C)(C)C)CCCB(c1ccccc1)(c1cc(C(F)(F)F)cc(C(F)(F)F)c1),Cc1cc(C)c(P(CCCB(c2ccccc2)c2cc(C(F)(F)F)cc(C(F)(F)F)c2)C(C)(C)C)c(C)c1,True,0.42
template_augmentation,intramolecular_P_B_alkyl,P,mesityl,tert_butyl,phenyl,bis_cf3_phenyl,C4,P(c1c(C)cc(C)cc1C)(C(C)(C)C)CCCCB(c1ccccc1)(c1cc(C(F)(F)F)cc(C(F)(F)F)c1),Cc1cc(C)c(P(CCCCB(c2ccccc2)c2cc(C(F)(F)F)cc(C(F)(F)F)c2)C(C)(C)C)c(C)c1,True,0.4117647058823529
template_augmentation,intramolecular_P_B_alkyl,P,mesityl,tert_butyl,phenyl,bis_cf3_phenyl,C5,P(c1c(C)cc(C)cc1C)(C(C)(C)C)CCCCCB(c1ccccc1)(c1cc(C(F)(F)F)cc(C(F)(F)F)c1),Cc1cc(C)c(P(CCCCCB(c2ccccc2)c2cc(C(F)(F)F)cc(C(F)(F)F)c2)C(C)(C)C)c(C)c1,True,0.40384615384615385
template_augmentation,intramolecular_P_B_alkyl,P,mesityl,tert_butyl,phenyl,bis_cf3_phenyl,C6,P(c1c(C)cc(C)cc1C)(C(C)(C)C)CCCCCCB(c1ccccc1)(c1cc(C(F)(F)F)cc(C(F)(F)F)c1),Cc1cc(C)c(P(CCCCCCB(c2ccccc2)c2cc(C(F)(F)F)cc(C(F)(F)F)c2)C(C)(C)C)c(C)c1,True,0.40384615384615385
template_augmentation,intramolecular_P_B_alkyl,P,mesityl,tert_butyl,p_tolyl,p_tolyl,C1,P(c1c(C)cc(C)cc1C)(C(C)(C)C)CB(c1ccc(C)cc1)(c1ccc(C)cc1),Cc1ccc(B(CP(c2c(C)cc(C)cc2C)C(C)(C)C)c2ccc(C)cc2)cc1,True,0.3333333333333333
template_augmentation,intramolecular_P_B_alkyl,P,mesityl,tert_butyl,p_tolyl,p_tolyl,C2,P(c1c(C)cc(C)cc1C)(C(C)(C)C)CCB(c1ccc(C)cc1)(c1ccc(C)cc1),Cc1ccc(B(CCP(c2c(C)cc(C)cc2C)C(C)(C)C)c2ccc(C)cc2)cc1,True,0.4090909090909091
template_augmentation,intramolecular_P_B_alkyl,P,mesityl,tert_butyl,p_tolyl,p_tolyl,C3,P(c1c(C)cc(C)cc1C)(C(C)(C)C)CCCB(c1ccc(C)cc1)(c1ccc(C)cc1),Cc1ccc(B(CCCP(c2c(C)cc(C)cc2C)C(C)(C)C)c2ccc(C)cc2)cc1,True,0.3958333333333333
template_augmentation,intramolecular_P_B_alkyl,P,mesityl,tert_butyl,p_tolyl,p_tolyl,C4,P(c1c(C)cc(C)cc1C)(C(C)(C)C)CCCCB(c1ccc(C)cc1)(c1ccc(C)cc1),Cc1ccc(B(CCCCP(c2c(C)cc(C)cc2C)C(C)(C)C)c2ccc(C)cc2)cc1,True,0.44680851063829785
template_augmentation,intramolecular_P_B_alkyl,P,mesityl,tert_butyl,p_tolyl,p_tolyl,C5,P(c1c(C)cc(C)cc1C)(C(C)(C)C)CCCCCB(c1ccc(C)cc1)(c1ccc(C)cc1),Cc1ccc(B(CCCCCP(c2c(C)cc(C)cc2C)C(C)(C)C)c2ccc(C)cc2)cc1,True,0.4375
template_augmentation,intramolecular_P_B_alkyl,P,mesityl,tert_butyl,p_tolyl,p_tolyl,C6,P(c1c(C)cc(C)cc1C)(C(C)(C)C)CCCCCCB(c1ccc(C)cc1)(c1ccc(C)cc1),Cc1ccc(B(CCCCCCP(c2c(C)cc(C)cc2C)C(C)(C)C)c2ccc(C)cc2)cc1,True,0.4375
template_augmentation,intramolecular_P_B_alkyl,P,mesityl,tert_butyl,p_tolyl,mesityl,C1,P(c1c(C)cc(C)cc1C)(C(C)(C)C)CB(c1ccc(C)cc1)(c1c(C)cc(C)cc1C),Cc1ccc(B(CP(c2c(C)cc(C)cc2C)C(C)(C)C)c2c(C)cc(C)cc2C)cc1,True,0.3404255319148936
template_augmentation,intramolecular_P_B_alkyl,P,mesityl,tert_butyl,p_tolyl,mesityl,C2,P(c1c(C)cc(C)cc1C)(C(C)(C)C)CCB(c1ccc(C)cc1)(c1c(C)cc(C)cc1C),Cc1ccc(B(CCP(c2c(C)cc(C)cc2C)C(C)(C)C)c2c(C)cc(C)cc2C)cc1,True,0.41304347826086957
template_augmentation,intramolecular_P_B_alkyl,P,mesityl,tert_butyl,p_tolyl,mesityl,C3,P(c1c(C)cc(C)cc1C)(C(C)(C)C)CCCB(c1ccc(C)cc1)(c1c(C)cc(C)cc1C),Cc1ccc(B(CCCP(c2c(C)cc(C)cc2C)C(C)(C)C)c2c(C)cc(C)cc2C)cc1,True,0.4
template_augmentation,intramolecular_P_B_alkyl,P,mesityl,tert_butyl,p_tolyl,mesityl,C4,P(c1c(C)cc(C)cc1C)(C(C)(C)C)CCCCB(c1ccc(C)cc1)(c1c(C)cc(C)cc1C),Cc1ccc(B(CCCCP(c2c(C)cc(C)cc2C)C(C)(C)C)c2c(C)cc(C)cc2C)cc1,True,0.4489795918367347
template_augmentation,intramolecular_P_B_alkyl,P,mesityl,tert_butyl,p_tolyl,mesityl,C5,P(c1c(C)cc(C)cc1C)(C(C)(C)C)CCCCCB(c1ccc(C)cc1)(c1c(C)cc(C)cc1C),Cc1ccc(B(CCCCCP(c2c(C)cc(C)cc2C)C(C)(C)C)c2c(C)cc(C)cc2C)cc1,True,0.44
template_augmentation,intramolecular_P_B_alkyl,P,mesityl,tert_butyl,p_tolyl,mesityl,C6,P(c1c(C)cc(C)cc1C)(C(C)(C)C)CCCCCCB(c1ccc(C)cc1)(c1c(C)cc(C)cc1C),Cc1ccc(B(CCCCCCP(c2c(C)cc(C)cc2C)C(C)(C)C)c2c(C)cc(C)cc2C)cc1,True,0.44
template_augmentation,intramolecular_P_B_alkyl,P,mesityl,tert_butyl,p_tolyl,pentafluorophenyl,C1,P(c1c(C)cc(C)cc1C)(C(C)(C)C)CB(c1ccc(C)cc1)(c1c(F)c(F)c(F)c(F)c1F),Cc1ccc(B(CP(c2c(C)cc(C)cc2C)C(C)(C)C)c2c(F)c(F)c(F)c(F)c2F)cc1,True,0.4888888888888889
template_augmentation,intramolecular_P_B_alkyl,P,mesityl,tert_butyl,p_tolyl,pentafluorophenyl,C2,P(c1c(C)cc(C)cc1C)(C(C)(C)C)CCB(c1ccc(C)cc1)(c1c(F)c(F)c(F)c(F)c1F),Cc1ccc(B(CCP(c2c(C)cc(C)cc2C)C(C)(C)C)c2c(F)c(F)c(F)c(F)c2F)cc1,True,0.5681818181818182
template_augmentation,intramolecular_P_B_alkyl,P,mesityl,tert_butyl,p_tolyl,pentafluorophenyl,C3,P(c1c(C)cc(C)cc1C)(C(C)(C)C)CCCB(c1ccc(C)cc1)(c1c(F)c(F)c(F)c(F)c1F),Cc1ccc(B(CCCP(c2c(C)cc(C)cc2C)C(C)(C)C)c2c(F)c(F)c(F)c(F)c2F)cc1,True,0.5416666666666666
template_augmentation,intramolecular_P_B_alkyl,P,mesityl,tert_butyl,p_tolyl,pentafluorophenyl,C4,P(c1c(C)cc(C)cc1C)(C(C)(C)C)CCCCB(c1ccc(C)cc1)(c1c(F)c(F)c(F)c(F)c1F),Cc1ccc(B(CCCCP(c2c(C)cc(C)cc2C)C(C)(C)C)c2c(F)c(F)c(F)c(F)c2F)cc1,True,0.5957446808510638
template_augmentation,intramolecular_P_B_alkyl,P,mesityl,tert_butyl,p_tolyl,pentafluorophenyl,C5,P(c1c(C)cc(C)cc1C)(C(C)(C)C)CCCCCB(c1ccc(C)cc1)(c1c(F)c(F)c(F)c(F)c1F),Cc1ccc(B(CCCCCP(c2c(C)cc(C)cc2C)C(C)(C)C)c2c(F)c(F)c(F)c(F)c2F)cc1,True,0.5833333333333334
template_augmentation,intramolecular_P_B_alkyl,P,mesityl,tert_butyl,p_tolyl,pentafluorophenyl,C6,P(c1c(C)cc(C)cc1C)(C(C)(C)C)CCCCCCB(c1ccc(C)cc1)(c1c(F)c(F)c(F)c(F)c1F),Cc1ccc(B(CCCCCCP(c2c(C)cc(C)cc2C)C(C)(C)C)c2c(F)c(F)c(F)c(F)c2F)cc1,True,0.5833333333333334
template_augmentation,intramolecular_P_B_alkyl,P,mesityl,tert_butyl,p_tolyl,pentachlorophenyl,C1,P(c1c(C)cc(C)cc1C)(C(C)(C)C)CB(c1ccc(C)cc1)(c1c(Cl)c(Cl)c(Cl)c(Cl)c1Cl),Cc1ccc(B(CP(c2c(C)cc(C)cc2C)C(C)(C)C)c2c(Cl)c(Cl)c(Cl)c(Cl)c2Cl)cc1,True,0.4888888888888889
template_augmentation,intramolecular_P_B_alkyl,P,mesityl,tert_butyl,p_tolyl,pentachlorophenyl,C2,P(c1c(C)cc(C)cc1C)(C(C)(C)C)CCB(c1ccc(C)cc1)(c1c(Cl)c(Cl)c(Cl)c(Cl)c1Cl),Cc1ccc(B(CCP(c2c(C)cc(C)cc2C)C(C)(C)C)c2c(Cl)c(Cl)c(Cl)c(Cl)c2Cl)cc1,True,0.5681818181818182
template_augmentation,intramolecular_P_B_alkyl,P,mesityl,tert_butyl,p_tolyl,pentachlorophenyl,C3,P(c1c(C)cc(C)cc1C)(C(C)(C)C)CCCB(c1ccc(C)cc1)(c1c(Cl)c(Cl)c(Cl)c(Cl)c1Cl),Cc1ccc(B(CCCP(c2c(C)cc(C)cc2C)C(C)(C)C)c2c(Cl)c(Cl)c(Cl)c(Cl)c2Cl)cc1,True,0.5416666666666666
template_augmentation,intramolecular_P_B_alkyl,P,mesityl,tert_butyl,p_tolyl,pentachlorophenyl,C4,P(c1c(C)cc(C)cc1C)(C(C)(C)C)CCCCB(c1ccc(C)cc1)(c1c(Cl)c(Cl)c(Cl)c(Cl)c1Cl),Cc1ccc(B(CCCCP(c2c(C)cc(C)cc2C)C(C)(C)C)c2c(Cl)c(Cl)c(Cl)c(Cl)c2Cl)cc1,True,0.5957446808510638
template_augmentation,intramolecular_P_B_alkyl,P,mesityl,tert_butyl,p_tolyl,pentachlorophenyl,C5,P(c1c(C)cc(C)cc1C)(C(C)(C)C)CCCCCB(c1ccc(C)cc1)(c1c(Cl)c(Cl)c(Cl)c(Cl)c1Cl),Cc1ccc(B(CCCCCP(c2c(C)cc(C)cc2C)C(C)(C)C)c2c(Cl)c(Cl)c(Cl)c(Cl)c2Cl)cc1,True,0.5833333333333334
template_augmentation,intramolecular_P_B_alkyl,P,mesityl,tert_butyl,p_tolyl,pentachlorophenyl,C6,P(c1c(C)cc(C)cc1C)(C(C)(C)C)CCCCCCB(c1ccc(C)cc1)(c1c(Cl)c(Cl)c(Cl)c(Cl)c1Cl),Cc1ccc(B(CCCCCCP(c2c(C)cc(C)cc2C)C(C)(C)C)c2c(Cl)c(Cl)c(Cl)c(Cl)c2Cl)cc1,True,0.5833333333333334
template_augmentation,intramolecular_P_B_alkyl,P,mesityl,tert_butyl,p_tolyl,bis_cf3_phenyl,C1,P(c1c(C)cc(C)cc1C)(C(C)(C)C)CB(c1ccc(C)cc1)(c1cc(C(F)(F)F)cc(C(F)(F)F)c1),Cc1ccc(B(CP(c2c(C)cc(C)cc2C)C(C)(C)C)c2cc(C(F)(F)F)cc(C(F)(F)F)c2)cc1,True,0.5348837209302325
template_augmentation,intramolecular_P_B_alkyl,P,mesityl,tert_butyl,p_tolyl,bis_cf3_phenyl,C2,P(c1c(C)cc(C)cc1C)(C(C)(C)C)CCB(c1ccc(C)cc1)(c1cc(C(F)(F)F)cc(C(F)(F)F)c1),Cc1ccc(B(CCP(c2c(C)cc(C)cc2C)C(C)(C)C)c2cc(C(F)(F)F)cc(C(F)(F)F)c2)cc1,True,0.44680851063829785
template_augmentation,intramolecular_P_B_alkyl,P,mesityl,tert_butyl,p_tolyl,bis_cf3_phenyl,C3,P(c1c(C)cc(C)cc1C)(C(C)(C)C)CCCB(c1ccc(C)cc1)(c1cc(C(F)(F)F)cc(C(F)(F)F)c1),Cc1ccc(B(CCCP(c2c(C)cc(C)cc2C)C(C)(C)C)c2cc(C(F)(F)F)cc(C(F)(F)F)c2)cc1,True,0.42857142857142855
template_augmentation,intramolecular_P_B_alkyl,P,mesityl,tert_butyl,p_tolyl,bis_cf3_phenyl,C4,P(c1c(C)cc(C)cc1C)(C(C)(C)C)CCCCB(c1ccc(C)cc1)(c1cc(C(F)(F)F)cc(C(F)(F)F)c1),Cc1ccc(B(CCCCP(c2c(C)cc(C)cc2C)C(C)(C)C)c2cc(C(F)(F)F)cc(C(F)(F)F)c2)cc1,True,0.42
template_augmentation,intramolecular_P_B_alkyl,P,mesityl,tert_butyl,p_tolyl,bis_cf3_phenyl,C5,P(c1c(C)cc(C)cc1C)(C(C)(C)C)CCCCCB(c1ccc(C)cc1)(c1cc(C(F)(F)F)cc(C(F)(F)F)c1),Cc1ccc(B(CCCCCP(c2c(C)cc(C)cc2C)C(C)(C)C)c2cc(C(F)(F)F)cc(C(F)(F)F)c2)cc1,True,0.4117647058823529
template_augmentation,intramolecular_P_B_alkyl,P,mesityl,tert_butyl,p_tolyl,bis_cf3_phenyl,C6,P(c1c(C)cc(C)cc1C)(C(C)(C)C)CCCCCCB(c1ccc(C)cc1)(c1cc(C(F)(F)F)cc(C(F)(F)F)c1),Cc1ccc(B(CCCCCCP(c2c(C)cc(C)cc2C)C(C)(C)C)c2cc(C(F)(F)F)cc(C(F)(F)F)c2)cc1,True,0.4117647058823529
template_augmentation,intramolecular_P_B_alkyl,P,mesityl,tert_butyl,mesityl,mesityl,C1,P(c1c(C)cc(C)cc1C)(C(C)(C)C)CB(c1c(C)cc(C)cc1C)(c1c(C)cc(C)cc1C),Cc1cc(C)c(B(CP(c2c(C)cc(C)cc2C)C(C)(C)C)c2c(C)cc(C)cc2C)c(C)c1,True,0.38095238095238093
template_augmentation,intramolecular_P_B_alkyl,P,mesityl,tert_butyl,mesityl,mesityl,C2,P(c1c(C)cc(C)cc1C)(C(C)(C)C)CCB(c1c(C)cc(C)cc1C)(c1c(C)cc(C)cc1C),Cc1cc(C)c(B(CCP(c2c(C)cc(C)cc2C)C(C)(C)C)c2c(C)cc(C)cc2C)c(C)c1,True,0.5
template_augmentation,intramolecular_P_B_alkyl,P,mesityl,tert_butyl,mesityl,mesityl,C3,P(c1c(C)cc(C)cc1C)(C(C)(C)C)CCCB(c1c(C)cc(C)cc1C)(c1c(C)cc(C)cc1C),Cc1cc(C)c(B(CCCP(c2c(C)cc(C)cc2C)C(C)(C)C)c2c(C)cc(C)cc2C)c(C)c1,True,0.4772727272727273
template_augmentation,intramolecular_P_B_alkyl,P,mesityl,tert_butyl,mesityl,mesityl,C4,P(c1c(C)cc(C)cc1C)(C(C)(C)C)CCCCB(c1c(C)cc(C)cc1C)(c1c(C)cc(C)cc1C),Cc1cc(C)c(B(CCCCP(c2c(C)cc(C)cc2C)C(C)(C)C)c2c(C)cc(C)cc2C)c(C)c1,True,0.5348837209302325
template_augmentation,intramolecular_P_B_alkyl,P,mesityl,tert_butyl,mesityl,mesityl,C5,P(c1c(C)cc(C)cc1C)(C(C)(C)C)CCCCCB(c1c(C)cc(C)cc1C)(c1c(C)cc(C)cc1C),Cc1cc(C)c(B(CCCCCP(c2c(C)cc(C)cc2C)C(C)(C)C)c2c(C)cc(C)cc2C)c(C)c1,True,0.5227272727272727
template_augmentation,intramolecular_P_B_alkyl,P,mesityl,tert_butyl,mesityl,mesityl,C6,P(c1c(C)cc(C)cc1C)(C(C)(C)C)CCCCCCB(c1c(C)cc(C)cc1C)(c1c(C)cc(C)cc1C),Cc1cc(C)c(B(CCCCCCP(c2c(C)cc(C)cc2C)C(C)(C)C)c2c(C)cc(C)cc2C)c(C)c1,True,0.5227272727272727
template_augmentation,intramolecular_P_B_alkyl,P,mesityl,tert_butyl,mesityl,pentafluorophenyl,C1,P(c1c(C)cc(C)cc1C)(C(C)(C)C)CB(c1c(C)cc(C)cc1C)(c1c(F)c(F)c(F)c(F)c1F),Cc1cc(C)c(B(CP(c2c(C)cc(C)cc2C)C(C)(C)C)c2c(F)c(F)c(F)c(F)c2F)c(C)c1,True,0.5238095238095238
template_augmentation,intramolecular_P_B_alkyl,P,mesityl,tert_butyl,mesityl,pentafluorophenyl,C2,P(c1c(C)cc(C)cc1C)(C(C)(C)C)CCB(c1c(C)cc(C)cc1C)(c1c(F)c(F)c(F)c(F)c1F),Cc1cc(C)c(B(CCP(c2c(C)cc(C)cc2C)C(C)(C)C)c2c(F)c(F)c(F)c(F)c2F)c(C)c1,True,0.65
template_augmentation,intramolecular_P_B_alkyl,P,mesityl,tert_butyl,mesityl,pentafluorophenyl,C3,P(c1c(C)cc(C)cc1C)(C(C)(C)C)CCCB(c1c(C)cc(C)cc1C)(c1c(F)c(F)c(F)c(F)c1F),Cc1cc(C)c(B(CCCP(c2c(C)cc(C)cc2C)C(C)(C)C)c2c(F)c(F)c(F)c(F)c2F)c(C)c1,True,0.6136363636363636
template_augmentation,intramolecular_P_B_alkyl,P,mesityl,tert_butyl,mesityl,pentafluorophenyl,C4,P(c1c(C)cc(C)cc1C)(C(C)(C)C)CCCCB(c1c(C)cc(C)cc1C)(c1c(F)c(F)c(F)c(F)c1F),Cc1cc(C)c(B(CCCCP(c2c(C)cc(C)cc2C)C(C)(C)C)c2c(F)c(F)c(F)c(F)c2F)c(C)c1,True,0.6744186046511628
template_augmentation,intramolecular_P_B_alkyl,P,mesityl,tert_butyl,mesityl,pentafluorophenyl,C5,P(c1c(C)cc(C)cc1C)(C(C)(C)C)CCCCCB(c1c(C)cc(C)cc1C)(c1c(F)c(F)c(F)c(F)c1F),Cc1cc(C)c(B(CCCCCP(c2c(C)cc(C)cc2C)C(C)(C)C)c2c(F)c(F)c(F)c(F)c2F)c(C)c1,True,0.6590909090909091
template_augmentation,intramolecular_P_B_alkyl,P,mesityl,tert_butyl,mesityl,pentafluorophenyl,C6,P(c1c(C)cc(C)cc1C)(C(C)(C)C)CCCCCCB(c1c(C)cc(C)cc1C)(c1c(F)c(F)c(F)c(F)c1F),Cc1cc(C)c(B(CCCCCCP(c2c(C)cc(C)cc2C)C(C)(C)C)c2c(F)c(F)c(F)c(F)c2F)c(C)c1,True,0.6590909090909091
template_augmentation,intramolecular_P_B_alkyl,P,mesityl,tert_butyl,mesityl,pentachlorophenyl,C1,P(c1c(C)cc(C)cc1C)(C(C)(C)C)CB(c1c(C)cc(C)cc1C)(c1c(Cl)c(Cl)c(Cl)c(Cl)c1Cl),Cc1cc(C)c(B(CP(c2c(C)cc(C)cc2C)C(C)(C)C)c2c(Cl)c(Cl)c(Cl)c(Cl)c2Cl)c(C)c1,True,0.5238095238095238
template_augmentation,intramolecular_P_B_alkyl,P,mesityl,tert_butyl,mesityl,pentachlorophenyl,C2,P(c1c(C)cc(C)cc1C)(C(C)(C)C)CCB(c1c(C)cc(C)cc1C)(c1c(Cl)c(Cl)c(Cl)c(Cl)c1Cl),Cc1cc(C)c(B(CCP(c2c(C)cc(C)cc2C)C(C)(C)C)c2c(Cl)c(Cl)c(Cl)c(Cl)c2Cl)c(C)c1,True,0.65
template_augmentation,intramolecular_P_B_alkyl,P,mesityl,tert_butyl,mesityl,pentachlorophenyl,C3,P(c1c(C)cc(C)cc1C)(C(C)(C)C)CCCB(c1c(C)cc(C)cc1C)(c1c(Cl)c(Cl)c(Cl)c(Cl)c1Cl),Cc1cc(C)c(B(CCCP(c2c(C)cc(C)cc2C)C(C)(C)C)c2c(Cl)c(Cl)c(Cl)c(Cl)c2Cl)c(C)c1,True,0.6136363636363636
template_augmentation,intramolecular_P_B_alkyl,P,mesityl,tert_butyl,mesityl,pentachlorophenyl,C4,P(c1c(C)cc(C)cc1C)(C(C)(C)C)CCCCB(c1c(C)cc(C)cc1C)(c1c(Cl)c(Cl)c(Cl)c(Cl)c1Cl),Cc1cc(C)c(B(CCCCP(c2c(C)cc(C)cc2C)C(C)(C)C)c2c(Cl)c(Cl)c(Cl)c(Cl)c2Cl)c(C)c1,True,0.6744186046511628
template_augmentation,intramolecular_P_B_alkyl,P,mesityl,tert_butyl,mesityl,pentachlorophenyl,C5,P(c1c(C)cc(C)cc1C)(C(C)(C)C)CCCCCB(c1c(C)cc(C)cc1C)(c1c(Cl)c(Cl)c(Cl)c(Cl)c1Cl),Cc1cc(C)c(B(CCCCCP(c2c(C)cc(C)cc2C)C(C)(C)C)c2c(Cl)c(Cl)c(Cl)c(Cl)c2Cl)c(C)c1,True,0.6590909090909091
template_augmentation,intramolecular_P_B_alkyl,P,mesityl,tert_butyl,mesityl,pentachlorophenyl,C6,P(c1c(C)cc(C)cc1C)(C(C)(C)C)CCCCCCB(c1c(C)cc(C)cc1C)(c1c(Cl)c(Cl)c(Cl)c(Cl)c1Cl),Cc1cc(C)c(B(CCCCCCP(c2c(C)cc(C)cc2C)C(C)(C)C)c2c(Cl)c(Cl)c(Cl)c(Cl)c2Cl)c(C)c1,True,0.6590909090909091
template_augmentation,intramolecular_P_B_alkyl,P,mesityl,tert_butyl,mesityl,bis_cf3_phenyl,C1,P(c1c(C)cc(C)cc1C)(C(C)(C)C)CB(c1c(C)cc(C)cc1C)(c1cc(C(F)(F)F)cc(C(F)(F)F)c1),Cc1cc(C)c(B(CP(c2c(C)cc(C)cc2C)C(C)(C)C)c2cc(C(F)(F)F)cc(C(F)(F)F)c2)c(C)c1,True,0.5238095238095238
template_augmentation,intramolecular_P_B_alkyl,P,mesityl,tert_butyl,mesityl,bis_cf3_phenyl,C2,P(c1c(C)cc(C)cc1C)(C(C)(C)C)CCB(c1c(C)cc(C)cc1C)(c1cc(C(F)(F)F)cc(C(F)(F)F)c1),Cc1cc(C)c(B(CCP(c2c(C)cc(C)cc2C)C(C)(C)C)c2cc(C(F)(F)F)cc(C(F)(F)F)c2)c(C)c1,True,0.4666666666666667
template_augmentation,intramolecular_P_B_alkyl,P,mesityl,tert_butyl,mesityl,bis_cf3_phenyl,C3,P(c1c(C)cc(C)cc1C)(C(C)(C)C)CCCB(c1c(C)cc(C)cc1C)(c1cc(C(F)(F)F)cc(C(F)(F)F)c1),Cc1cc(C)c(B(CCCP(c2c(C)cc(C)cc2C)C(C)(C)C)c2cc(C(F)(F)F)cc(C(F)(F)F)c2)c(C)c1,True,0.44680851063829785
template_augmentation,intramolecular_P_B_alkyl,P,mesityl,tert_butyl,mesityl,bis_cf3_phenyl,C4,P(c1c(C)cc(C)cc1C)(C(C)(C)C)CCCCB(c1c(C)cc(C)cc1C)(c1cc(C(F)(F)F)cc(C(F)(F)F)c1),Cc1cc(C)c(B(CCCCP(c2c(C)cc(C)cc2C)C(C)(C)C)c2cc(C(F)(F)F)cc(C(F)(F)F)c2)c(C)c1,True,0.4423076923076923
template_augmentation,intramolecular_P_B_alkyl,P,mesityl,tert_butyl,mesityl,bis_cf3_phenyl,C5,P(c1c(C)cc(C)cc1C)(C(C)(C)C)CCCCCB(c1c(C)cc(C)cc1C)(c1cc(C(F)(F)F)cc(C(F)(F)F)c1),Cc1cc(C)c(B(CCCCCP(c2c(C)cc(C)cc2C)C(C)(C)C)c2cc(C(F)(F)F)cc(C(F)(F)F)c2)c(C)c1,True,0.4339622641509434
template_augmentation,intramolecular_P_B_alkyl,P,mesityl,tert_butyl,mesityl,bis_cf3_phenyl,C6,P(c1c(C)cc(C)cc1C)(C(C)(C)C)CCCCCCB(c1c(C)cc(C)cc1C)(c1cc(C(F)(F)F)cc(C(F)(F)F)c1),Cc1cc(C)c(B(CCCCCCP(c2c(C)cc(C)cc2C)C(C)(C)C)c2cc(C(F)(F)F)cc(C(F)(F)F)c2)c(C)c1,True,0.4339622641509434
template_augmentation,intramolecular_P_B_alkyl,P,mesityl,tert_butyl,pentafluorophenyl,pentafluorophenyl,C1,P(c1c(C)cc(C)cc1C)(C(C)(C)C)CB(c1c(F)c(F)c(F)c(F)c1F)(c1c(F)c(F)c(F)c(F)c1F),Cc1cc(C)c(P(CB(c2c(F)c(F)c(F)c(F)c2F)c2c(F)c(F)c(F)c(F)c2F)C(C)(C)C)c(C)c1,True,0.55
template_augmentation,intramolecular_P_B_alkyl,P,mesityl,tert_butyl,pentafluorophenyl,pentafluorophenyl,C2,P(c1c(C)cc(C)cc1C)(C(C)(C)C)CCB(c1c(F)c(F)c(F)c(F)c1F)(c1c(F)c(F)c(F)c(F)c1F),Cc1cc(C)c(P(CCB(c2c(F)c(F)c(F)c(F)c2F)c2c(F)c(F)c(F)c(F)c2F)C(C)(C)C)c(C)c1,True,0.6842105263157895
template_augmentation,intramolecular_P_B_alkyl,P,mesityl,tert_butyl,pentafluorophenyl,pentafluorophenyl,C3,P(c1c(C)cc(C)cc1C)(C(C)(C)C)CCCB(c1c(F)c(F)c(F)c(F)c1F)(c1c(F)c(F)c(F)c(F)c1F),Cc1cc(C)c(P(CCCB(c2c(F)c(F)c(F)c(F)c2F)c2c(F)c(F)c(F)c(F)c2F)C(C)(C)C)c(C)c1,True,0.6428571428571429
template_augmentation,intramolecular_P_B_alkyl,P,mesityl,tert_butyl,pentafluorophenyl,pentafluorophenyl,C4,P(c1c(C)cc(C)cc1C)(C(C)(C)C)CCCCB(c1c(F)c(F)c(F)c(F)c1F)(c1c(F)c(F)c(F)c(F)c1F),Cc1cc(C)c(P(CCCCB(c2c(F)c(F)c(F)c(F)c2F)c2c(F)c(F)c(F)c(F)c2F)C(C)(C)C)c(C)c1,True,0.7073170731707317
template_augmentation,intramolecular_P_B_alkyl,P,mesityl,tert_butyl,pentafluorophenyl,pentafluorophenyl,C5,P(c1c(C)cc(C)cc1C)(C(C)(C)C)CCCCCB(c1c(F)c(F)c(F)c(F)c1F)(c1c(F)c(F)c(F)c(F)c1F),Cc1cc(C)c(P(CCCCCB(c2c(F)c(F)c(F)c(F)c2F)c2c(F)c(F)c(F)c(F)c2F)C(C)(C)C)c(C)c1,True,0.6904761904761905
template_augmentation,intramolecular_P_B_alkyl,P,mesityl,tert_butyl,pentafluorophenyl,pentafluorophenyl,C6,P(c1c(C)cc(C)cc1C)(C(C)(C)C)CCCCCCB(c1c(F)c(F)c(F)c(F)c1F)(c1c(F)c(F)c(F)c(F)c1F),Cc1cc(C)c(P(CCCCCCB(c2c(F)c(F)c(F)c(F)c2F)c2c(F)c(F)c(F)c(F)c2F)C(C)(C)C)c(C)c1,True,0.6904761904761905
template_augmentation,intramolecular_P_B_alkyl,P,mesityl,tert_butyl,pentafluorophenyl,pentachlorophenyl,C1,P(c1c(C)cc(C)cc1C)(C(C)(C)C)CB(c1c(F)c(F)c(F)c(F)c1F)(c1c(Cl)c(Cl)c(Cl)c(Cl)c1Cl),Cc1cc(C)c(P(CB(c2c(F)c(F)c(F)c(F)c2F)c2c(Cl)c(Cl)c(Cl)c(Cl)c2Cl)C(C)(C)C)c(C)c1,True,0.5
template_augmentation,intramolecular_P_B_alkyl,P,mesityl,tert_butyl,pentafluorophenyl,pentachlorophenyl,C2,P(c1c(C)cc(C)cc1C)(C(C)(C)C)CCB(c1c(F)c(F)c(F)c(F)c1F)(c1c(Cl)c(Cl)c(Cl)c(Cl)c1Cl),Cc1cc(C)c(P(CCB(c2c(F)c(F)c(F)c(F)c2F)c2c(Cl)c(Cl)c(Cl)c(Cl)c2Cl)C(C)(C)C)c(C)c1,True,0.5909090909090909
template_augmentation,intramolecular_P_B_alkyl,P,mesityl,tert_butyl,pentafluorophenyl,pentachlorophenyl,C3,P(c1c(C)cc(C)cc1C)(C(C)(C)C)CCCB(c1c(F)c(F)c(F)c(F)c1F)(c1c(Cl)c(Cl)c(Cl)c(Cl)c1Cl),Cc1cc(C)c(P(CCCB(c2c(F)c(F)c(F)c(F)c2F)c2c(Cl)c(Cl)c(Cl)c(Cl)c2Cl)C(C)(C)C)c(C)c1,True,0.5625
template_augmentation,intramolecular_P_B_alkyl,P,mesityl,tert_butyl,pentafluorophenyl,pentachlorophenyl,C4,P(c1c(C)cc(C)cc1C)(C(C)(C)C)CCCCB(c1c(F)c(F)c(F)c(F)c1F)(c1c(Cl)c(Cl)c(Cl)c(Cl)c1Cl),Cc1cc(C)c(P(CCCCB(c2c(F)c(F)c(F)c(F)c2F)c2c(Cl)c(Cl)c(Cl)c(Cl)c2Cl)C(C)(C)C)c(C)c1,True,0.6170212765957447
template_augmentation,intramolecular_P_B_alkyl,P,mesityl,tert_butyl,pentafluorophenyl,pentachlorophenyl,C5,P(c1c(C)cc(C)cc1C)(C(C)(C)C)CCCCCB(c1c(F)c(F)c(F)c(F)c1F)(c1c(Cl)c(Cl)c(Cl)c(Cl)c1Cl),Cc1cc(C)c(P(CCCCCB(c2c(F)c(F)c(F)c(F)c2F)c2c(Cl)c(Cl)c(Cl)c(Cl)c2Cl)C(C)(C)C)c(C)c1,True,0.6041666666666666
template_augmentation,intramolecular_P_B_alkyl,P,mesityl,tert_butyl,pentafluorophenyl,pentachlorophenyl,C6,P(c1c(C)cc(C)cc1C)(C(C)(C)C)CCCCCCB(c1c(F)c(F)c(F)c(F)c1F)(c1c(Cl)c(Cl)c(Cl)c(Cl)c1Cl),Cc1cc(C)c(P(CCCCCCB(c2c(F)c(F)c(F)c(F)c2F)c2c(Cl)c(Cl)c(Cl)c(Cl)c2Cl)C(C)(C)C)c(C)c1,True,0.6041666666666666
template_augmentation,intramolecular_P_B_alkyl,P,mesityl,tert_butyl,pentafluorophenyl,bis_cf3_phenyl,C1,P(c1c(C)cc(C)cc1C)(C(C)(C)C)CB(c1c(F)c(F)c(F)c(F)c1F)(c1cc(C(F)(F)F)cc(C(F)(F)F)c1),Cc1cc(C)c(P(CB(c2cc(C(F)(F)F)cc(C(F)(F)F)c2)c2c(F)c(F)c(F)c(F)c2F)C(C)(C)C)c(C)c1,True,0.4888888888888889
template_augmentation,intramolecular_P_B_alkyl,P,mesityl,tert_butyl,pentafluorophenyl,bis_cf3_phenyl,C2,P(c1c(C)cc(C)cc1C)(C(C)(C)C)CCB(c1c(F)c(F)c(F)c(F)c1F)(c1cc(C(F)(F)F)cc(C(F)(F)F)c1),Cc1cc(C)c(P(CCB(c2cc(C(F)(F)F)cc(C(F)(F)F)c2)c2c(F)c(F)c(F)c(F)c2F)C(C)(C)C)c(C)c1,True,0.5319148936170213
template_augmentation,intramolecular_P_B_alkyl,P,mesityl,tert_butyl,pentafluorophenyl,bis_cf3_phenyl,C3,P(c1c(C)cc(C)cc1C)(C(C)(C)C)CCCB(c1c(F)c(F)c(F)c(F)c1F)(c1cc(C(F)(F)F)cc(C(F)(F)F)c1),Cc1cc(C)c(P(CCCB(c2cc(C(F)(F)F)cc(C(F)(F)F)c2)c2c(F)c(F)c(F)c(F)c2F)C(C)(C)C)c(C)c1,True,0.5098039215686274
template_augmentation,intramolecular_P_B_alkyl,P,mesityl,tert_butyl,pentafluorophenyl,bis_cf3_phenyl,C4,P(c1c(C)cc(C)cc1C)(C(C)(C)C)CCCCB(c1c(F)c(F)c(F)c(F)c1F)(c1cc(C(F)(F)F)cc(C(F)(F)F)c1),Cc1cc(C)c(P(CCCCB(c2cc(C(F)(F)F)cc(C(F)(F)F)c2)c2c(F)c(F)c(F)c(F)c2F)C(C)(C)C)c(C)c1,True,0.56
template_augmentation,intramolecular_P_B_alkyl,P,mesityl,tert_butyl,pentafluorophenyl,bis_cf3_phenyl,C5,P(c1c(C)cc(C)cc1C)(C(C)(C)C)CCCCCB(c1c(F)c(F)c(F)c(F)c1F)(c1cc(C(F)(F)F)cc(C(F)(F)F)c1),Cc1cc(C)c(P(CCCCCB(c2cc(C(F)(F)F)cc(C(F)(F)F)c2)c2c(F)c(F)c(F)c(F)c2F)C(C)(C)C)c(C)c1,True,0.5490196078431373
template_augmentation,intramolecular_P_B_alkyl,P,mesityl,tert_butyl,pentafluorophenyl,bis_cf3_phenyl,C6,P(c1c(C)cc(C)cc1C)(C(C)(C)C)CCCCCCB(c1c(F)c(F)c(F)c(F)c1F)(c1cc(C(F)(F)F)cc(C(F)(F)F)c1),Cc1cc(C)c(P(CCCCCCB(c2cc(C(F)(F)F)cc(C(F)(F)F)c2)c2c(F)c(F)c(F)c(F)c2F)C(C)(C)C)c(C)c1,True,0.5490196078431373
template_augmentation,intramolecular_P_B_alkyl,P,mesityl,tert_butyl,pentachlorophenyl,pentachlorophenyl,C1,P(c1c(C)cc(C)cc1C)(C(C)(C)C)CB(c1c(Cl)c(Cl)c(Cl)c(Cl)c1Cl)(c1c(Cl)c(Cl)c(Cl)c(Cl)c1Cl),Cc1cc(C)c(P(CB(c2c(Cl)c(Cl)c(Cl)c(Cl)c2Cl)c2c(Cl)c(Cl)c(Cl)c(Cl)c2Cl)C(C)(C)C)c(C)c1,True,0.55
template_augmentation,intramolecular_P_B_alkyl,P,mesityl,tert_butyl,pentachlorophenyl,pentachlorophenyl,C2,P(c1c(C)cc(C)cc1C)(C(C)(C)C)CCB(c1c(Cl)c(Cl)c(Cl)c(Cl)c1Cl)(c1c(Cl)c(Cl)c(Cl)c(Cl)c1Cl),Cc1cc(C)c(P(CCB(c2c(Cl)c(Cl)c(Cl)c(Cl)c2Cl)c2c(Cl)c(Cl)c(Cl)c(Cl)c2Cl)C(C)(C)C)c(C)c1,True,0.6842105263157895
template_augmentation,intramolecular_P_B_alkyl,P,mesityl,tert_butyl,pentachlorophenyl,pentachlorophenyl,C3,P(c1c(C)cc(C)cc1C)(C(C)(C)C)CCCB(c1c(Cl)c(Cl)c(Cl)c(Cl)c1Cl)(c1c(Cl)c(Cl)c(Cl)c(Cl)c1Cl),Cc1cc(C)c(P(CCCB(c2c(Cl)c(Cl)c(Cl)c(Cl)c2Cl)c2c(Cl)c(Cl)c(Cl)c(Cl)c2Cl)C(C)(C)C)c(C)c1,True,0.6428571428571429
template_augmentation,intramolecular_P_B_alkyl,P,mesityl,tert_butyl,pentachlorophenyl,pentachlorophenyl,C4,P(c1c(C)cc(C)cc1C)(C(C)(C)C)CCCCB(c1c(Cl)c(Cl)c(Cl)c(Cl)c1Cl)(c1c(Cl)c(Cl)c(Cl)c(Cl)c1Cl),Cc1cc(C)c(P(CCCCB(c2c(Cl)c(Cl)c(Cl)c(Cl)c2Cl)c2c(Cl)c(Cl)c(Cl)c(Cl)c2Cl)C(C)(C)C)c(C)c1,True,0.7073170731707317
template_augmentation,intramolecular_P_B_alkyl,P,mesityl,tert_butyl,pentachlorophenyl,pentachlorophenyl,C5,P(c1c(C)cc(C)cc1C)(C(C)(C)C)CCCCCB(c1c(Cl)c(Cl)c(Cl)c(Cl)c1Cl)(c1c(Cl)c(Cl)c(Cl)c(Cl)c1Cl),Cc1cc(C)c(P(CCCCCB(c2c(Cl)c(Cl)c(Cl)c(Cl)c2Cl)c2c(Cl)c(Cl)c(Cl)c(Cl)c2Cl)C(C)(C)C)c(C)c1,True,0.6904761904761905
template_augmentation,intramolecular_P_B_alkyl,P,mesityl,tert_butyl,pentachlorophenyl,pentachlorophenyl,C6,P(c1c(C)cc(C)cc1C)(C(C)(C)C)CCCCCCB(c1c(Cl)c(Cl)c(Cl)c(Cl)c1Cl)(c1c(Cl)c(Cl)c(Cl)c(Cl)c1Cl),Cc1cc(C)c(P(CCCCCCB(c2c(Cl)c(Cl)c(Cl)c(Cl)c2Cl)c2c(Cl)c(Cl)c(Cl)c(Cl)c2Cl)C(C)(C)C)c(C)c1,True,0.6904761904761905
template_augmentation,intramolecular_P_B_alkyl,P,mesityl,tert_butyl,pentachlorophenyl,bis_cf3_phenyl,C1,P(c1c(C)cc(C)cc1C)(C(C)(C)C)CB(c1c(Cl)c(Cl)c(Cl)c(Cl)c1Cl)(c1cc(C(F)(F)F)cc(C(F)(F)F)c1),Cc1cc(C)c(P(CB(c2cc(C(F)(F)F)cc(C(F)(F)F)c2)c2c(Cl)c(Cl)c(Cl)c(Cl)c2Cl)C(C)(C)C)c(C)c1,True,0.4782608695652174
template_augmentation,intramolecular_P_B_alkyl,P,mesityl,tert_butyl,pentachlorophenyl,bis_cf3_phenyl,C2,P(c1c(C)cc(C)cc1C)(C(C)(C)C)CCB(c1c(Cl)c(Cl)c(Cl)c(Cl)c1Cl)(c1cc(C(F)(F)F)cc(C(F)(F)F)c1),Cc1cc(C)c(P(CCB(c2cc(C(F)(F)F)cc(C(F)(F)F)c2)c2c(Cl)c(Cl)c(Cl)c(Cl)c2Cl)C(C)(C)C)c(C)c1,True,0.5208333333333334
template_augmentation,intramolecular_P_B_alkyl,P,mesityl,tert_butyl,pentachlorophenyl,bis_cf3_phenyl,C3,P(c1c(C)cc(C)cc1C)(C(C)(C)C)CCCB(c1c(Cl)c(Cl)c(Cl)c(Cl)c1Cl)(c1cc(C(F)(F)F)cc(C(F)(F)F)c1),Cc1cc(C)c(P(CCCB(c2cc(C(F)(F)F)cc(C(F)(F)F)c2)c2c(Cl)c(Cl)c(Cl)c(Cl)c2Cl)C(C)(C)C)c(C)c1,True,0.5
template_augmentation,intramolecular_P_B_alkyl,P,mesityl,tert_butyl,pentachlorophenyl,bis_cf3_phenyl,C4,P(c1c(C)cc(C)cc1C)(C(C)(C)C)CCCCB(c1c(Cl)c(Cl)c(Cl)c(Cl)c1Cl)(c1cc(C(F)(F)F)cc(C(F)(F)F)c1),Cc1cc(C)c(P(CCCCB(c2cc(C(F)(F)F)cc(C(F)(F)F)c2)c2c(Cl)c(Cl)c(Cl)c(Cl)c2Cl)C(C)(C)C)c(C)c1,True,0.5490196078431373
template_augmentation,intramolecular_P_B_alkyl,P,mesityl,tert_butyl,pentachlorophenyl,bis_cf3_phenyl,C5,P(c1c(C)cc(C)cc1C)(C(C)(C)C)CCCCCB(c1c(Cl)c(Cl)c(Cl)c(Cl)c1Cl)(c1cc(C(F)(F)F)cc(C(F)(F)F)c1),Cc1cc(C)c(P(CCCCCB(c2cc(C(F)(F)F)cc(C(F)(F)F)c2)c2c(Cl)c(Cl)c(Cl)c(Cl)c2Cl)C(C)(C)C)c(C)c1,True,0.5384615384615384
template_augmentation,intramolecular_P_B_alkyl,P,mesityl,tert_butyl,pentachlorophenyl,bis_cf3_phenyl,C6,P(c1c(C)cc(C)cc1C)(C(C)(C)C)CCCCCCB(c1c(Cl)c(Cl)c(Cl)c(Cl)c1Cl)(c1cc(C(F)(F)F)cc(C(F)(F)F)c1),Cc1cc(C)c(P(CCCCCCB(c2cc(C(F)(F)F)cc(C(F)(F)F)c2)c2c(Cl)c(Cl)c(Cl)c(Cl)c2Cl)C(C)(C)C)c(C)c1,True,0.5384615384615384
template_augmentation,intramolecular_P_B_alkyl,P,mesityl,tert_butyl,bis_cf3_phenyl,bis_cf3_phenyl,C1,P(c1c(C)cc(C)cc1C)(C(C)(C)C)CB(c1cc(C(F)(F)F)cc(C(F)(F)F)c1)(c1cc(C(F)(F)F)cc(C(F)(F)F)c1),Cc1cc(C)c(P(CB(c2cc(C(F)(F)F)cc(C(F)(F)F)c2)c2cc(C(F)(F)F)cc(C(F)(F)F)c2)C(C)(C)C)c(C)c1,True,0.6052631578947368
template_augmentation,intramolecular_P_B_alkyl,P,mesityl,tert_butyl,bis_cf3_phenyl,bis_cf3_phenyl,C2,P(c1c(C)cc(C)cc1C)(C(C)(C)C)CCB(c1cc(C(F)(F)F)cc(C(F)(F)F)c1)(c1cc(C(F)(F)F)cc(C(F)(F)F)c1),Cc1cc(C)c(P(CCB(c2cc(C(F)(F)F)cc(C(F)(F)F)c2)c2cc(C(F)(F)F)cc(C(F)(F)F)c2)C(C)(C)C)c(C)c1,True,0.5
template_augmentation,intramolecular_P_B_alkyl,P,mesityl,tert_butyl,bis_cf3_phenyl,bis_cf3_phenyl,C3,P(c1c(C)cc(C)cc1C)(C(C)(C)C)CCCB(c1cc(C(F)(F)F)cc(C(F)(F)F)c1)(c1cc(C(F)(F)F)cc(C(F)(F)F)c1),Cc1cc(C)c(P(CCCB(c2cc(C(F)(F)F)cc(C(F)(F)F)c2)c2cc(C(F)(F)F)cc(C(F)(F)F)c2)C(C)(C)C)c(C)c1,True,0.4772727272727273
template_augmentation,intramolecular_P_B_alkyl,P,mesityl,tert_butyl,bis_cf3_phenyl,bis_cf3_phenyl,C4,P(c1c(C)cc(C)cc1C)(C(C)(C)C)CCCCB(c1cc(C(F)(F)F)cc(C(F)(F)F)c1)(c1cc(C(F)(F)F)cc(C(F)(F)F)c1),Cc1cc(C)c(P(CCCCB(c2cc(C(F)(F)F)cc(C(F)(F)F)c2)c2cc(C(F)(F)F)cc(C(F)(F)F)c2)C(C)(C)C)c(C)c1,True,0.4666666666666667
template_augmentation,intramolecular_P_B_alkyl,P,mesityl,tert_butyl,bis_cf3_phenyl,bis_cf3_phenyl,C5,P(c1c(C)cc(C)cc1C)(C(C)(C)C)CCCCCB(c1cc(C(F)(F)F)cc(C(F)(F)F)c1)(c1cc(C(F)(F)F)cc(C(F)(F)F)c1),Cc1cc(C)c(P(CCCCCB(c2cc(C(F)(F)F)cc(C(F)(F)F)c2)c2cc(C(F)(F)F)cc(C(F)(F)F)c2)C(C)(C)C)c(C)c1,True,0.45652173913043476
template_augmentation,intramolecular_P_B_alkyl,P,mesityl,tert_butyl,bis_cf3_phenyl,bis_cf3_phenyl,C6,P(c1c(C)cc(C)cc1C)(C(C)(C)C)CCCCCCB(c1cc(C(F)(F)F)cc(C(F)(F)F)c1)(c1cc(C(F)(F)F)cc(C(F)(F)F)c1),Cc1cc(C)c(P(CCCCCCB(c2cc(C(F)(F)F)cc(C(F)(F)F)c2)c2cc(C(F)(F)F)cc(C(F)(F)F)c2)C(C)(C)C)c(C)c1,True,0.45652173913043476
template_augmentation,intramolecular_P_B_alkyl,P,mesityl,cyclohexyl,phenyl,phenyl,C1,P(c1c(C)cc(C)cc1C)(C1CCCCC1)CB(c1ccccc1)(c1ccccc1),Cc1cc(C)c(P(CB(c2ccccc2)c2ccccc2)C2CCCCC2)c(C)c1,True,0.44
template_augmentation,intramolecular_P_B_alkyl,P,mesityl,cyclohexyl,phenyl,phenyl,C2,P(c1c(C)cc(C)cc1C)(C1CCCCC1)CCB(c1ccccc1)(c1ccccc1),Cc1cc(C)c(P(CCB(c2ccccc2)c2ccccc2)C2CCCCC2)c(C)c1,True,0.4230769230769231
template_augmentation,intramolecular_P_B_alkyl,P,mesityl,cyclohexyl,phenyl,phenyl,C3,P(c1c(C)cc(C)cc1C)(C1CCCCC1)CCCB(c1ccccc1)(c1ccccc1),Cc1cc(C)c(P(CCCB(c2ccccc2)c2ccccc2)C2CCCCC2)c(C)c1,True,0.4074074074074074
template_augmentation,intramolecular_P_B_alkyl,P,mesityl,cyclohexyl,phenyl,phenyl,C4,P(c1c(C)cc(C)cc1C)(C1CCCCC1)CCCCB(c1ccccc1)(c1ccccc1),Cc1cc(C)c(P(CCCCB(c2ccccc2)c2ccccc2)C2CCCCC2)c(C)c1,True,0.4230769230769231
template_augmentation,intramolecular_P_B_alkyl,P,mesityl,cyclohexyl,phenyl,phenyl,C5,P(c1c(C)cc(C)cc1C)(C1CCCCC1)CCCCCB(c1ccccc1)(c1ccccc1),Cc1cc(C)c(P(CCCCCB(c2ccccc2)c2ccccc2)C2CCCCC2)c(C)c1,True,0.41509433962264153
template_augmentation,intramolecular_P_B_alkyl,P,mesityl,cyclohexyl,phenyl,phenyl,C6,P(c1c(C)cc(C)cc1C)(C1CCCCC1)CCCCCCB(c1ccccc1)(c1ccccc1),Cc1cc(C)c(P(CCCCCCB(c2ccccc2)c2ccccc2)C2CCCCC2)c(C)c1,True,0.41509433962264153
template_augmentation,intramolecular_P_B_alkyl,P,mesityl,cyclohexyl,phenyl,p_tolyl,C1,P(c1c(C)cc(C)cc1C)(C1CCCCC1)CB(c1ccccc1)(c1ccc(C)cc1),Cc1ccc(B(CP(c2c(C)cc(C)cc2C)C2CCCCC2)c2ccccc2)cc1,True,0.41509433962264153
template_augmentation,intramolecular_P_B_alkyl,P,mesityl,cyclohexyl,phenyl,p_tolyl,C2,P(c1c(C)cc(C)cc1C)(C1CCCCC1)CCB(c1ccccc1)(c1ccc(C)cc1),Cc1ccc(B(CCP(c2c(C)cc(C)cc2C)C2CCCCC2)c2ccccc2)cc1,True,0.4
template_augmentation,intramolecular_P_B_alkyl,P,mesityl,cyclohexyl,phenyl,p_tolyl,C3,P(c1c(C)cc(C)cc1C)(C1CCCCC1)CCCB(c1ccccc1)(c1ccc(C)cc1),Cc1ccc(B(CCCP(c2c(C)cc(C)cc2C)C2CCCCC2)c2ccccc2)cc1,True,0.38596491228070173
template_augmentation,intramolecular_P_B_alkyl,P,mesityl,cyclohexyl,phenyl,p_tolyl,C4,P(c1c(C)cc(C)cc1C)(C1CCCCC1)CCCCB(c1ccccc1)(c1ccc(C)cc1),Cc1ccc(B(CCCCP(c2c(C)cc(C)cc2C)C2CCCCC2)c2ccccc2)cc1,True,0.4
template_augmentation,intramolecular_P_B_alkyl,P,mesityl,cyclohexyl,phenyl,p_tolyl,C5,P(c1c(C)cc(C)cc1C)(C1CCCCC1)CCCCCB(c1ccccc1)(c1ccc(C)cc1),Cc1ccc(B(CCCCCP(c2c(C)cc(C)cc2C)C2CCCCC2)c2ccccc2)cc1,True,0.39285714285714285
template_augmentation,intramolecular_P_B_alkyl,P,mesityl,cyclohexyl,phenyl,p_tolyl,C6,P(c1c(C)cc(C)cc1C)(C1CCCCC1)CCCCCCB(c1ccccc1)(c1ccc(C)cc1),Cc1ccc(B(CCCCCCP(c2c(C)cc(C)cc2C)C2CCCCC2)c2ccccc2)cc1,True,0.39285714285714285
template_augmentation,intramolecular_P_B_alkyl,P,mesityl,cyclohexyl,phenyl,mesityl,C1,P(c1c(C)cc(C)cc1C)(C1CCCCC1)CB(c1ccccc1)(c1c(C)cc(C)cc1C),Cc1cc(C)c(B(CP(c2c(C)cc(C)cc2C)C2CCCCC2)c2ccccc2)c(C)c1,True,0.47058823529411764
template_augmentation,intramolecular_P_B_alkyl,P,mesityl,cyclohexyl,phenyl,mesityl,C2,P(c1c(C)cc(C)cc1C)(C1CCCCC1)CCB(c1ccccc1)(c1c(C)cc(C)cc1C),Cc1cc(C)c(B(CCP(c2c(C)cc(C)cc2C)C2CCCCC2)c2ccccc2)c(C)c1,True,0.4528301886792453
template_augmentation,intramolecular_P_B_alkyl,P,mesityl,cyclohexyl,phenyl,mesityl,C3,P(c1c(C)cc(C)cc1C)(C1CCCCC1)CCCB(c1ccccc1)(c1c(C)cc(C)cc1C),Cc1cc(C)c(B(CCCP(c2c(C)cc(C)cc2C)C2CCCCC2)c2ccccc2)c(C)c1,True,0.43636363636363634
template_augmentation,intramolecular_P_B_alkyl,P,mesityl,cyclohexyl,phenyl,mesityl,C4,P(c1c(C)cc(C)cc1C)(C1CCCCC1)CCCCB(c1ccccc1)(c1c(C)cc(C)cc1C),Cc1cc(C)c(B(CCCCP(c2c(C)cc(C)cc2C)C2CCCCC2)c2ccccc2)c(C)c1,True,0.42857142857142855
template_augmentation,intramolecular_P_B_alkyl,P,mesityl,cyclohexyl,phenyl,mesityl,C5,P(c1c(C)cc(C)cc1C)(C1CCCCC1)CCCCCB(c1ccccc1)(c1c(C)cc(C)cc1C),Cc1cc(C)c(B(CCCCCP(c2c(C)cc(C)cc2C)C2CCCCC2)c2ccccc2)c(C)c1,True,0.42105263157894735
template_augmentation,intramolecular_P_B_alkyl,P,mesityl,cyclohexyl,phenyl,mesityl,C6,P(c1c(C)cc(C)cc1C)(C1CCCCC1)CCCCCCB(c1ccccc1)(c1c(C)cc(C)cc1C),Cc1cc(C)c(B(CCCCCCP(c2c(C)cc(C)cc2C)C2CCCCC2)c2ccccc2)c(C)c1,True,0.42105263157894735
template_augmentation,intramolecular_P_B_alkyl,P,mesityl,cyclohexyl,phenyl,pentafluorophenyl,C1,P(c1c(C)cc(C)cc1C)(C1CCCCC1)CB(c1ccccc1)(c1c(F)c(F)c(F)c(F)c1F),Cc1cc(C)c(P(CB(c2ccccc2)c2c(F)c(F)c(F)c(F)c2F)C2CCCCC2)c(C)c1,True,0.43636363636363634
template_augmentation,intramolecular_P_B_alkyl,P,mesityl,cyclohexyl,phenyl,pentafluorophenyl,C2,P(c1c(C)cc(C)cc1C)(C1CCCCC1)CCB(c1ccccc1)(c1c(F)c(F)c(F)c(F)c1F),Cc1cc(C)c(P(CCB(c2ccccc2)c2c(F)c(F)c(F)c(F)c2F)C2CCCCC2)c(C)c1,True,0.5
template_augmentation,intramolecular_P_B_alkyl,P,mesityl,cyclohexyl,phenyl,pentafluorophenyl,C3,P(c1c(C)cc(C)cc1C)(C1CCCCC1)CCCB(c1ccccc1)(c1c(F)c(F)c(F)c(F)c1F),Cc1cc(C)c(P(CCCB(c2ccccc2)c2c(F)c(F)c(F)c(F)c2F)C2CCCCC2)c(C)c1,True,0.48148148148148145
template_augmentation,intramolecular_P_B_alkyl,P,mesityl,cyclohexyl,phenyl,pentafluorophenyl,C4,P(c1c(C)cc(C)cc1C)(C1CCCCC1)CCCCB(c1ccccc1)(c1c(F)c(F)c(F)c(F)c1F),Cc1cc(C)c(P(CCCCB(c2ccccc2)c2c(F)c(F)c(F)c(F)c2F)C2CCCCC2)c(C)c1,True,0.5283018867924528
template_augmentation,intramolecular_P_B_alkyl,P,mesityl,cyclohexyl,phenyl,pentafluorophenyl,C5,P(c1c(C)cc(C)cc1C)(C1CCCCC1)CCCCCB(c1ccccc1)(c1c(F)c(F)c(F)c(F)c1F),Cc1cc(C)c(P(CCCCCB(c2ccccc2)c2c(F)c(F)c(F)c(F)c2F)C2CCCCC2)c(C)c1,True,0.5185185185185185
template_augmentation,intramolecular_P_B_alkyl,P,mesityl,cyclohexyl,phenyl,pentafluorophenyl,C6,P(c1c(C)cc(C)cc1C)(C1CCCCC1)CCCCCCB(c1ccccc1)(c1c(F)c(F)c(F)c(F)c1F),Cc1cc(C)c(P(CCCCCCB(c2ccccc2)c2c(F)c(F)c(F)c(F)c2F)C2CCCCC2)c(C)c1,True,0.5185185185185185
template_augmentation,intramolecular_P_B_alkyl,P,mesityl,cyclohexyl,phenyl,pentachlorophenyl,C1,P(c1c(C)cc(C)cc1C)(C1CCCCC1)CB(c1ccccc1)(c1c(Cl)c(Cl)c(Cl)c(Cl)c1Cl),Cc1cc(C)c(P(CB(c2ccccc2)c2c(Cl)c(Cl)c(Cl)c(Cl)c2Cl)C2CCCCC2)c(C)c1,True,0.4716981132075472
template_augmentation,intramolecular_P_B_alkyl,P,mesityl,cyclohexyl,phenyl,pentachlorophenyl,C2,P(c1c(C)cc(C)cc1C)(C1CCCCC1)CCB(c1ccccc1)(c1c(Cl)c(Cl)c(Cl)c(Cl)c1Cl),Cc1cc(C)c(P(CCB(c2ccccc2)c2c(Cl)c(Cl)c(Cl)c(Cl)c2Cl)C2CCCCC2)c(C)c1,True,0.5102040816326531
template_augmentation,intramolecular_P_B_alkyl,P,mesityl,cyclohexyl,phenyl,pentachlorophenyl,C3,P(c1c(C)cc(C)cc1C)(C1CCCCC1)CCCB(c1ccccc1)(c1c(Cl)c(Cl)c(Cl)c(Cl)c1Cl),Cc1cc(C)c(P(CCCB(c2ccccc2)c2c(Cl)c(Cl)c(Cl)c(Cl)c2Cl)C2CCCCC2)c(C)c1,True,0.49056603773584906
template_augmentation,intramolecular_P_B_alkyl,P,mesityl,cyclohexyl,phenyl,pentachlorophenyl,C4,P(c1c(C)cc(C)cc1C)(C1CCCCC1)CCCCB(c1ccccc1)(c1c(Cl)c(Cl)c(Cl)c(Cl)c1Cl),Cc1cc(C)c(P(CCCCB(c2ccccc2)c2c(Cl)c(Cl)c(Cl)c(Cl)c2Cl)C2CCCCC2)c(C)c1,True,0.5384615384615384
template_augmentation,intramolecular_P_B_alkyl,P,mesityl,cyclohexyl,phenyl,pentachlorophenyl,C5,P(c1c(C)cc(C)cc1C)(C1CCCCC1)CCCCCB(c1ccccc1)(c1c(Cl)c(Cl)c(Cl)c(Cl)c1Cl),Cc1cc(C)c(P(CCCCCB(c2ccccc2)c2c(Cl)c(Cl)c(Cl)c(Cl)c2Cl)C2CCCCC2)c(C)c1,True,0.5283018867924528
template_augmentation,intramolecular_P_B_alkyl,P,mesityl,cyclohexyl,phenyl,pentachlorophenyl,C6,P(c1c(C)cc(C)cc1C)(C1CCCCC1)CCCCCCB(c1ccccc1)(c1c(Cl)c(Cl)c(Cl)c(Cl)c1Cl),Cc1cc(C)c(P(CCCCCCB(c2ccccc2)c2c(Cl)c(Cl)c(Cl)c(Cl)c2Cl)C2CCCCC2)c(C)c1,True,0.5283018867924528
template_augmentation,intramolecular_P_B_alkyl,P,mesityl,cyclohexyl,phenyl,bis_cf3_phenyl,C1,P(c1c(C)cc(C)cc1C)(C1CCCCC1)CB(c1ccccc1)(c1cc(C(F)(F)F)cc(C(F)(F)F)c1),Cc1cc(C)c(P(CB(c2ccccc2)c2cc(C(F)(F)F)cc(C(F)(F)F)c2)C2CCCCC2)c(C)c1,True,0.40384615384615385
template_augmentation,intramolecular_P_B_alkyl,P,mesityl,cyclohexyl,phenyl,bis_cf3_phenyl,C2,P(c1c(C)cc(C)cc1C)(C1CCCCC1)CCB(c1ccccc1)(c1cc(C(F)(F)F)cc(C(F)(F)F)c1),Cc1cc(C)c(P(CCB(c2ccccc2)c2cc(C(F)(F)F)cc(C(F)(F)F)c2)C2CCCCC2)c(C)c1,True,0.36363636363636365
template_augmentation,intramolecular_P_B_alkyl,P,mesityl,cyclohexyl,phenyl,bis_cf3_phenyl,C3,P(c1c(C)cc(C)cc1C)(C1CCCCC1)CCCB(c1ccccc1)(c1cc(C(F)(F)F)cc(C(F)(F)F)c1),Cc1cc(C)c(P(CCCB(c2ccccc2)c2cc(C(F)(F)F)cc(C(F)(F)F)c2)C2CCCCC2)c(C)c1,True,0.34375
template_augmentation,intramolecular_P_B_alkyl,P,mesityl,cyclohexyl,phenyl,bis_cf3_phenyl,C4,P(c1c(C)cc(C)cc1C)(C1CCCCC1)CCCCB(c1ccccc1)(c1cc(C(F)(F)F)cc(C(F)(F)F)c1),Cc1cc(C)c(P(CCCCB(c2ccccc2)c2cc(C(F)(F)F)cc(C(F)(F)F)c2)C2CCCCC2)c(C)c1,True,0.3548387096774194
template_augmentation,intramolecular_P_B_alkyl,P,mesityl,cyclohexyl,phenyl,bis_cf3_phenyl,C5,P(c1c(C)cc(C)cc1C)(C1CCCCC1)CCCCCB(c1ccccc1)(c1cc(C(F)(F)F)cc(C(F)(F)F)c1),Cc1cc(C)c(P(CCCCCB(c2ccccc2)c2cc(C(F)(F)F)cc(C(F)(F)F)c2)C2CCCCC2)c(C)c1,True,0.3492063492063492
template_augmentation,intramolecular_P_B_alkyl,P,mesityl,cyclohexyl,phenyl,bis_cf3_phenyl,C6,P(c1c(C)cc(C)cc1C)(C1CCCCC1)CCCCCCB(c1ccccc1)(c1cc(C(F)(F)F)cc(C(F)(F)F)c1),Cc1cc(C)c(P(CCCCCCB(c2ccccc2)c2cc(C(F)(F)F)cc(C(F)(F)F)c2)C2CCCCC2)c(C)c1,True,0.3492063492063492
template_augmentation,intramolecular_P_B_alkyl,P,mesityl,cyclohexyl,p_tolyl,p_tolyl,C1,P(c1c(C)cc(C)cc1C)(C1CCCCC1)CB(c1ccc(C)cc1)(c1ccc(C)cc1),Cc1ccc(B(CP(c2c(C)cc(C)cc2C)C2CCCCC2)c2ccc(C)cc2)cc1,True,0.39215686274509803
template_augmentation,intramolecular_P_B_alkyl,P,mesityl,cyclohexyl,p_tolyl,p_tolyl,C2,P(c1c(C)cc(C)cc1C)(C1CCCCC1)CCB(c1ccc(C)cc1)(c1ccc(C)cc1),Cc1ccc(B(CCP(c2c(C)cc(C)cc2C)C2CCCCC2)c2ccc(C)cc2)cc1,True,0.37735849056603776
template_augmentation,intramolecular_P_B_alkyl,P,mesityl,cyclohexyl,p_tolyl,p_tolyl,C3,P(c1c(C)cc(C)cc1C)(C1CCCCC1)CCCB(c1ccc(C)cc1)(c1ccc(C)cc1),Cc1ccc(B(CCCP(c2c(C)cc(C)cc2C)C2CCCCC2)c2ccc(C)cc2)cc1,True,0.36363636363636365
template_augmentation,intramolecular_P_B_alkyl,P,mesityl,cyclohexyl,p_tolyl,p_tolyl,C4,P(c1c(C)cc(C)cc1C)(C1CCCCC1)CCCCB(c1ccc(C)cc1)(c1ccc(C)cc1),Cc1ccc(B(CCCCP(c2c(C)cc(C)cc2C)C2CCCCC2)c2ccc(C)cc2)cc1,True,0.40384615384615385
template_augmentation,intramolecular_P_B_alkyl,P,mesityl,cyclohexyl,p_tolyl,p_tolyl,C5,P(c1c(C)cc(C)cc1C)(C1CCCCC1)CCCCCB(c1ccc(C)cc1)(c1ccc(C)cc1),Cc1ccc(B(CCCCCP(c2c(C)cc(C)cc2C)C2CCCCC2)c2ccc(C)cc2)cc1,True,0.39622641509433965
template_augmentation,intramolecular_P_B_alkyl,P,mesityl,cyclohexyl,p_tolyl,p_tolyl,C6,P(c1c(C)cc(C)cc1C)(C1CCCCC1)CCCCCCB(c1ccc(C)cc1)(c1ccc(C)cc1),Cc1ccc(B(CCCCCCP(c2c(C)cc(C)cc2C)C2CCCCC2)c2ccc(C)cc2)cc1,True,0.39622641509433965
template_augmentation,intramolecular_P_B_alkyl,P,mesityl,cyclohexyl,p_tolyl,mesityl,C1,P(c1c(C)cc(C)cc1C)(C1CCCCC1)CB(c1ccc(C)cc1)(c1c(C)cc(C)cc1C),Cc1ccc(B(CP(c2c(C)cc(C)cc2C)C2CCCCC2)c2c(C)cc(C)cc2C)cc1,True,0.4230769230769231
template_augmentation,intramolecular_P_B_alkyl,P,mesityl,cyclohexyl,p_tolyl,mesityl,C2,P(c1c(C)cc(C)cc1C)(C1CCCCC1)CCB(c1ccc(C)cc1)(c1c(C)cc(C)cc1C),Cc1ccc(B(CCP(c2c(C)cc(C)cc2C)C2CCCCC2)c2c(C)cc(C)cc2C)cc1,True,0.4074074074074074
template_augmentation,intramolecular_P_B_alkyl,P,mesityl,cyclohexyl,p_tolyl,mesityl,C3,P(c1c(C)cc(C)cc1C)(C1CCCCC1)CCCB(c1ccc(C)cc1)(c1c(C)cc(C)cc1C),Cc1ccc(B(CCCP(c2c(C)cc(C)cc2C)C2CCCCC2)c2c(C)cc(C)cc2C)cc1,True,0.39285714285714285
template_augmentation,intramolecular_P_B_alkyl,P,mesityl,cyclohexyl,p_tolyl,mesityl,C4,P(c1c(C)cc(C)cc1C)(C1CCCCC1)CCCCB(c1ccc(C)cc1)(c1c(C)cc(C)cc1C),Cc1ccc(B(CCCCP(c2c(C)cc(C)cc2C)C2CCCCC2)c2c(C)cc(C)cc2C)cc1,True,0.4074074074074074
template_augmentation,intramolecular_P_B_alkyl,P,mesityl,cyclohexyl,p_tolyl,mesityl,C5,P(c1c(C)cc(C)cc1C)(C1CCCCC1)CCCCCB(c1ccc(C)cc1)(c1c(C)cc(C)cc1C),Cc1ccc(B(CCCCCP(c2c(C)cc(C)cc2C)C2CCCCC2)c2c(C)cc(C)cc2C)cc1,True,0.4
template_augmentation,intramolecular_P_B_alkyl,P,mesityl,cyclohexyl,p_tolyl,mesityl,C6,P(c1c(C)cc(C)cc1C)(C1CCCCC1)CCCCCCB(c1ccc(C)cc1)(c1c(C)cc(C)cc1C),Cc1ccc(B(CCCCCCP(c2c(C)cc(C)cc2C)C2CCCCC2)c2c(C)cc(C)cc2C)cc1,True,0.4
template_augmentation,intramolecular_P_B_alkyl,P,mesityl,cyclohexyl,p_tolyl,pentafluorophenyl,C1,P(c1c(C)cc(C)cc1C)(C1CCCCC1)CB(c1ccc(C)cc1)(c1c(F)c(F)c(F)c(F)c1F),Cc1ccc(B(CP(c2c(C)cc(C)cc2C)C2CCCCC2)c2c(F)c(F)c(F)c(F)c2F)cc1,True,0.4444444444444444
template_augmentation,intramolecular_P_B_alkyl,P,mesityl,cyclohexyl,p_tolyl,pentafluorophenyl,C2,P(c1c(C)cc(C)cc1C)(C1CCCCC1)CCB(c1ccc(C)cc1)(c1c(F)c(F)c(F)c(F)c1F),Cc1ccc(B(CCP(c2c(C)cc(C)cc2C)C2CCCCC2)c2c(F)c(F)c(F)c(F)c2F)cc1,True,0.5102040816326531
template_augmentation,intramolecular_P_B_alkyl,P,mesityl,cyclohexyl,p_tolyl,pentafluorophenyl,C3,P(c1c(C)cc(C)cc1C)(C1CCCCC1)CCCB(c1ccc(C)cc1)(c1c(F)c(F)c(F)c(F)c1F),Cc1ccc(B(CCCP(c2c(C)cc(C)cc2C)C2CCCCC2)c2c(F)c(F)c(F)c(F)c2F)cc1,True,0.49056603773584906
template_augmentation,intramolecular_P_B_alkyl,P,mesityl,cyclohexyl,p_tolyl,pentafluorophenyl,C4,P(c1c(C)cc(C)cc1C)(C1CCCCC1)CCCCB(c1ccc(C)cc1)(c1c(F)c(F)c(F)c(F)c1F),Cc1ccc(B(CCCCP(c2c(C)cc(C)cc2C)C2CCCCC2)c2c(F)c(F)c(F)c(F)c2F)cc1,True,0.5384615384615384
template_augmentation,intramolecular_P_B_alkyl,P,mesityl,cyclohexyl,p_tolyl,pentafluorophenyl,C5,P(c1c(C)cc(C)cc1C)(C1CCCCC1)CCCCCB(c1ccc(C)cc1)(c1c(F)c(F)c(F)c(F)c1F),Cc1ccc(B(CCCCCP(c2c(C)cc(C)cc2C)C2CCCCC2)c2c(F)c(F)c(F)c(F)c2F)cc1,True,0.5283018867924528
template_augmentation,intramolecular_P_B_alkyl,P,mesityl,cyclohexyl,p_tolyl,pentafluorophenyl,C6,P(c1c(C)cc(C)cc1C)(C1CCCCC1)CCCCCCB(c1ccc(C)cc1)(c1c(F)c(F)c(F)c(F)c1F),Cc1ccc(B(CCCCCCP(c2c(C)cc(C)cc2C)C2CCCCC2)c2c(F)c(F)c(F)c(F)c2F)cc1,True,0.5283018867924528
template_augmentation,intramolecular_P_B_alkyl,P,mesityl,cyclohexyl,p_tolyl,pentachlorophenyl,C1,P(c1c(C)cc(C)cc1C)(C1CCCCC1)CB(c1ccc(C)cc1)(c1c(Cl)c(Cl)c(Cl)c(Cl)c1Cl),Cc1ccc(B(CP(c2c(C)cc(C)cc2C)C2CCCCC2)c2c(Cl)c(Cl)c(Cl)c(Cl)c2Cl)cc1,True,0.4716981132075472
template_augmentation,intramolecular_P_B_alkyl,P,mesityl,cyclohexyl,p_tolyl,pentachlorophenyl,C2,P(c1c(C)cc(C)cc1C)(C1CCCCC1)CCB(c1ccc(C)cc1)(c1c(Cl)c(Cl)c(Cl)c(Cl)c1Cl),Cc1ccc(B(CCP(c2c(C)cc(C)cc2C)C2CCCCC2)c2c(Cl)c(Cl)c(Cl)c(Cl)c2Cl)cc1,True,0.5102040816326531
template_augmentation,intramolecular_P_B_alkyl,P,mesityl,cyclohexyl,p_tolyl,pentachlorophenyl,C3,P(c1c(C)cc(C)cc1C)(C1CCCCC1)CCCB(c1ccc(C)cc1)(c1c(Cl)c(Cl)c(Cl)c(Cl)c1Cl),Cc1ccc(B(CCCP(c2c(C)cc(C)cc2C)C2CCCCC2)c2c(Cl)c(Cl)c(Cl)c(Cl)c2Cl)cc1,True,0.49056603773584906
template_augmentation,intramolecular_P_B_alkyl,P,mesityl,cyclohexyl,p_tolyl,pentachlorophenyl,C4,P(c1c(C)cc(C)cc1C)(C1CCCCC1)CCCCB(c1ccc(C)cc1)(c1c(Cl)c(Cl)c(Cl)c(Cl)c1Cl),Cc1ccc(B(CCCCP(c2c(C)cc(C)cc2C)C2CCCCC2)c2c(Cl)c(Cl)c(Cl)c(Cl)c2Cl)cc1,True,0.5384615384615384
template_augmentation,intramolecular_P_B_alkyl,P,mesityl,cyclohexyl,p_tolyl,pentachlorophenyl,C5,P(c1c(C)cc(C)cc1C)(C1CCCCC1)CCCCCB(c1ccc(C)cc1)(c1c(Cl)c(Cl)c(Cl)c(Cl)c1Cl),Cc1ccc(B(CCCCCP(c2c(C)cc(C)cc2C)C2CCCCC2)c2c(Cl)c(Cl)c(Cl)c(Cl)c2Cl)cc1,True,0.5283018867924528
template_augmentation,intramolecular_P_B_alkyl,P,mesityl,cyclohexyl,p_tolyl,pentachlorophenyl,C6,P(c1c(C)cc(C)cc1C)(C1CCCCC1)CCCCCCB(c1ccc(C)cc1)(c1c(Cl)c(Cl)c(Cl)c(Cl)c1Cl),Cc1ccc(B(CCCCCCP(c2c(C)cc(C)cc2C)C2CCCCC2)c2c(Cl)c(Cl)c(Cl)c(Cl)c2Cl)cc1,True,0.5283018867924528
template_augmentation,intramolecular_P_B_alkyl,P,mesityl,cyclohexyl,p_tolyl,bis_cf3_phenyl,C1,P(c1c(C)cc(C)cc1C)(C1CCCCC1)CB(c1ccc(C)cc1)(c1cc(C(F)(F)F)cc(C(F)(F)F)c1),Cc1ccc(B(CP(c2c(C)cc(C)cc2C)C2CCCCC2)c2cc(C(F)(F)F)cc(C(F)(F)F)c2)cc1,True,0.4117647058823529
template_augmentation,intramolecular_P_B_alkyl,P,mesityl,cyclohexyl,p_tolyl,bis_cf3_phenyl,C2,P(c1c(C)cc(C)cc1C)(C1CCCCC1)CCB(c1ccc(C)cc1)(c1cc(C(F)(F)F)cc(C(F)(F)F)c1),Cc1ccc(B(CCP(c2c(C)cc(C)cc2C)C2CCCCC2)c2cc(C(F)(F)F)cc(C(F)(F)F)c2)cc1,True,0.37037037037037035
template_augmentation,intramolecular_P_B_alkyl,P,mesityl,cyclohexyl,p_tolyl,bis_cf3_phenyl,C3,P(c1c(C)cc(C)cc1C)(C1CCCCC1)CCCB(c1ccc(C)cc1)(c1cc(C(F)(F)F)cc(C(F)(F)F)c1),Cc1ccc(B(CCCP(c2c(C)cc(C)cc2C)C2CCCCC2)c2cc(C(F)(F)F)cc(C(F)(F)F)c2)cc1,True,0.3333333333333333
template_augmentation,intramolecular_P_B_alkyl,P,mesityl,cyclohexyl,p_tolyl,bis_cf3_phenyl,C4,P(c1c(C)cc(C)cc1C)(C1CCCCC1)CCCCB(c1ccc(C)cc1)(c1cc(C(F)(F)F)cc(C(F)(F)F)c1),Cc1ccc(B(CCCCP(c2c(C)cc(C)cc2C)C2CCCCC2)c2cc(C(F)(F)F)cc(C(F)(F)F)c2)cc1,True,0.36065573770491804
template_augmentation,intramolecular_P_B_alkyl,P,mesityl,cyclohexyl,p_tolyl,bis_cf3_phenyl,C5,P(c1c(C)cc(C)cc1C)(C1CCCCC1)CCCCCB(c1ccc(C)cc1)(c1cc(C(F)(F)F)cc(C(F)(F)F)c1),Cc1ccc(B(CCCCCP(c2c(C)cc(C)cc2C)C2CCCCC2)c2cc(C(F)(F)F)cc(C(F)(F)F)c2)cc1,True,0.3548387096774194
template_augmentation,intramolecular_P_B_alkyl,P,mesityl,cyclohexyl,p_tolyl,bis_cf3_phenyl,C6,P(c1c(C)cc(C)cc1C)(C1CCCCC1)CCCCCCB(c1ccc(C)cc1)(c1cc(C(F)(F)F)cc(C(F)(F)F)c1),Cc1ccc(B(CCCCCCP(c2c(C)cc(C)cc2C)C2CCCCC2)c2cc(C(F)(F)F)cc(C(F)(F)F)c2)cc1,True,0.3548387096774194
template_augmentation,intramolecular_P_B_alkyl,P,mesityl,cyclohexyl,mesityl,mesityl,C1,P(c1c(C)cc(C)cc1C)(C1CCCCC1)CB(c1c(C)cc(C)cc1C)(c1c(C)cc(C)cc1C),Cc1cc(C)c(B(CP(c2c(C)cc(C)cc2C)C2CCCCC2)c2c(C)cc(C)cc2C)c(C)c1,True,0.4375
template_augmentation,intramolecular_P_B_alkyl,P,mesityl,cyclohexyl,mesityl,mesityl,C2,P(c1c(C)cc(C)cc1C)(C1CCCCC1)CCB(c1c(C)cc(C)cc1C)(c1c(C)cc(C)cc1C),Cc1cc(C)c(B(CCP(c2c(C)cc(C)cc2C)C2CCCCC2)c2c(C)cc(C)cc2C)c(C)c1,True,0.4444444444444444
template_augmentation,intramolecular_P_B_alkyl,P,mesityl,cyclohexyl,mesityl,mesityl,C3,P(c1c(C)cc(C)cc1C)(C1CCCCC1)CCCB(c1c(C)cc(C)cc1C)(c1c(C)cc(C)cc1C),Cc1cc(C)c(B(CCCP(c2c(C)cc(C)cc2C)C2CCCCC2)c2c(C)cc(C)cc2C)c(C)c1,True,0.42857142857142855
template_augmentation,intramolecular_P_B_alkyl,P,mesityl,cyclohexyl,mesityl,mesityl,C4,P(c1c(C)cc(C)cc1C)(C1CCCCC1)CCCCB(c1c(C)cc(C)cc1C)(c1c(C)cc(C)cc1C),Cc1cc(C)c(B(CCCCP(c2c(C)cc(C)cc2C)C2CCCCC2)c2c(C)cc(C)cc2C)c(C)c1,True,0.4791666666666667
template_augmentation,intramolecular_P_B_alkyl,P,mesityl,cyclohexyl,mesityl,mesityl,C5,P(c1c(C)cc(C)cc1C)(C1CCCCC1)CCCCCB(c1c(C)cc(C)cc1C)(c1c(C)cc(C)cc1C),Cc1cc(C)c(B(CCCCCP(c2c(C)cc(C)cc2C)C2CCCCC2)c2c(C)cc(C)cc2C)c(C)c1,True,0.46938775510204084
template_augmentation,intramolecular_P_B_alkyl,P,mesityl,cyclohexyl,mesityl,mesityl,C6,P(c1c(C)cc(C)cc1C)(C1CCCCC1)CCCCCCB(c1c(C)cc(C)cc1C)(c1c(C)cc(C)cc1C),Cc1cc(C)c(B(CCCCCCP(c2c(C)cc(C)cc2C)C2CCCCC2)c2c(C)cc(C)cc2C)c(C)c1,True,0.46938775510204084
template_augmentation,intramolecular_P_B_alkyl,P,mesityl,cyclohexyl,mesityl,pentafluorophenyl,C1,P(c1c(C)cc(C)cc1C)(C1CCCCC1)CB(c1c(C)cc(C)cc1C)(c1c(F)c(F)c(F)c(F)c1F),Cc1cc(C)c(B(CP(c2c(C)cc(C)cc2C)C2CCCCC2)c2c(F)c(F)c(F)c(F)c2F)c(C)c1,True,0.47058823529411764
template_augmentation,intramolecular_P_B_alkyl,P,mesityl,cyclohexyl,mesityl,pentafluorophenyl,C2,P(c1c(C)cc(C)cc1C)(C1CCCCC1)CCB(c1c(C)cc(C)cc1C)(c1c(F)c(F)c(F)c(F)c1F),Cc1cc(C)c(B(CCP(c2c(C)cc(C)cc2C)C2CCCCC2)c2c(F)c(F)c(F)c(F)c2F)c(C)c1,True,0.5777777777777777
template_augmentation,intramolecular_P_B_alkyl,P,mesityl,cyclohexyl,mesityl,pentafluorophenyl,C3,P(c1c(C)cc(C)cc1C)(C1CCCCC1)CCCB(c1c(C)cc(C)cc1C)(c1c(F)c(F)c(F)c(F)c1F),Cc1cc(C)c(B(CCCP(c2c(C)cc(C)cc2C)C2CCCCC2)c2c(F)c(F)c(F)c(F)c2F)c(C)c1,True,0.5510204081632653
template_augmentation,intramolecular_P_B_alkyl,P,mesityl,cyclohexyl,mesityl,pentafluorophenyl,C4,P(c1c(C)cc(C)cc1C)(C1CCCCC1)CCCCB(c1c(C)cc(C)cc1C)(c1c(F)c(F)c(F)c(F)c1F),Cc1cc(C)c(B(CCCCP(c2c(C)cc(C)cc2C)C2CCCCC2)c2c(F)c(F)c(F)c(F)c2F)c(C)c1,True,0.6041666666666666
template_augmentation,intramolecular_P_B_alkyl,P,mesityl,cyclohexyl,mesityl,pentafluorophenyl,C5,P(c1c(C)cc(C)cc1C)(C1CCCCC1)CCCCCB(c1c(C)cc(C)cc1C)(c1c(F)c(F)c(F)c(F)c1F),Cc1cc(C)c(B(CCCCCP(c2c(C)cc(C)cc2C)C2CCCCC2)c2c(F)c(F)c(F)c(F)c2F)c(C)c1,True,0.5918367346938775
template_augmentation,intramolecular_P_B_alkyl,P,mesityl,cyclohexyl,mesityl,pentafluorophenyl,C6,P(c1c(C)cc(C)cc1C)(C1CCCCC1)CCCCCCB(c1c(C)cc(C)cc1C)(c1c(F)c(F)c(F)c(F)c1F),Cc1cc(C)c(B(CCCCCCP(c2c(C)cc(C)cc2C)C2CCCCC2)c2c(F)c(F)c(F)c(F)c2F)c(C)c1,True,0.5918367346938775
template_augmentation,intramolecular_P_B_alkyl,P,mesityl,cyclohexyl,mesityl,pentachlorophenyl,C1,P(c1c(C)cc(C)cc1C)(C1CCCCC1)CB(c1c(C)cc(C)cc1C)(c1c(Cl)c(Cl)c(Cl)c(Cl)c1Cl),Cc1cc(C)c(B(CP(c2c(C)cc(C)cc2C)C2CCCCC2)c2c(Cl)c(Cl)c(Cl)c(Cl)c2Cl)c(C)c1,True,0.5
template_augmentation,intramolecular_P_B_alkyl,P,mesityl,cyclohexyl,mesityl,pentachlorophenyl,C2,P(c1c(C)cc(C)cc1C)(C1CCCCC1)CCB(c1c(C)cc(C)cc1C)(c1c(Cl)c(Cl)c(Cl)c(Cl)c1Cl),Cc1cc(C)c(B(CCP(c2c(C)cc(C)cc2C)C2CCCCC2)c2c(Cl)c(Cl)c(Cl)c(Cl)c2Cl)c(C)c1,True,0.5777777777777777
template_augmentation,intramolecular_P_B_alkyl,P,mesityl,cyclohexyl,mesityl,pentachlorophenyl,C3,P(c1c(C)cc(C)cc1C)(C1CCCCC1)CCCB(c1c(C)cc(C)cc1C)(c1c(Cl)c(Cl)c(Cl)c(Cl)c1Cl),Cc1cc(C)c(B(CCCP(c2c(C)cc(C)cc2C)C2CCCCC2)c2c(Cl)c(Cl)c(Cl)c(Cl)c2Cl)c(C)c1,True,0.5510204081632653
template_augmentation,intramolecular_P_B_alkyl,P,mesityl,cyclohexyl,mesityl,pentachlorophenyl,C4,P(c1c(C)cc(C)cc1C)(C1CCCCC1)CCCCB(c1c(C)cc(C)cc1C)(c1c(Cl)c(Cl)c(Cl)c(Cl)c1Cl),Cc1cc(C)c(B(CCCCP(c2c(C)cc(C)cc2C)C2CCCCC2)c2c(Cl)c(Cl)c(Cl)c(Cl)c2Cl)c(C)c1,True,0.6041666666666666
template_augmentation,intramolecular_P_B_alkyl,P,mesityl,cyclohexyl,mesityl,pentachlorophenyl,C5,P(c1c(C)cc(C)cc1C)(C1CCCCC1)CCCCCB(c1c(C)cc(C)cc1C)(c1c(Cl)c(Cl)c(Cl)c(Cl)c1Cl),Cc1cc(C)c(B(CCCCCP(c2c(C)cc(C)cc2C)C2CCCCC2)c2c(Cl)c(Cl)c(Cl)c(Cl)c2Cl)c(C)c1,True,0.5918367346938775
template_augmentation,intramolecular_P_B_alkyl,P,mesityl,cyclohexyl,mesityl,pentachlorophenyl,C6,P(c1c(C)cc(C)cc1C)(C1CCCCC1)CCCCCCB(c1c(C)cc(C)cc1C)(c1c(Cl)c(Cl)c(Cl)c(Cl)c1Cl),Cc1cc(C)c(B(CCCCCCP(c2c(C)cc(C)cc2C)C2CCCCC2)c2c(Cl)c(Cl)c(Cl)c(Cl)c2Cl)c(C)c1,True,0.5918367346938775
template_augmentation,intramolecular_P_B_alkyl,P,mesityl,cyclohexyl,mesityl,bis_cf3_phenyl,C1,P(c1c(C)cc(C)cc1C)(C1CCCCC1)CB(c1c(C)cc(C)cc1C)(c1cc(C(F)(F)F)cc(C(F)(F)F)c1),Cc1cc(C)c(B(CP(c2c(C)cc(C)cc2C)C2CCCCC2)c2cc(C(F)(F)F)cc(C(F)(F)F)c2)c(C)c1,True,0.4
template_augmentation,intramolecular_P_B_alkyl,P,mesityl,cyclohexyl,mesityl,bis_cf3_phenyl,C2,P(c1c(C)cc(C)cc1C)(C1CCCCC1)CCB(c1c(C)cc(C)cc1C)(c1cc(C(F)(F)F)cc(C(F)(F)F)c1),Cc1cc(C)c(B(CCP(c2c(C)cc(C)cc2C)C2CCCCC2)c2cc(C(F)(F)F)cc(C(F)(F)F)c2)c(C)c1,True,0.38461538461538464
template_augmentation,intramolecular_P_B_alkyl,P,mesityl,cyclohexyl,mesityl,bis_cf3_phenyl,C3,P(c1c(C)cc(C)cc1C)(C1CCCCC1)CCCB(c1c(C)cc(C)cc1C)(c1cc(C(F)(F)F)cc(C(F)(F)F)c1),Cc1cc(C)c(B(CCCP(c2c(C)cc(C)cc2C)C2CCCCC2)c2cc(C(F)(F)F)cc(C(F)(F)F)c2)c(C)c1,True,0.3559322033898305
template_augmentation,intramolecular_P_B_alkyl,P,mesityl,cyclohexyl,mesityl,bis_cf3_phenyl,C4,P(c1c(C)cc(C)cc1C)(C1CCCCC1)CCCCB(c1c(C)cc(C)cc1C)(c1cc(C(F)(F)F)cc(C(F)(F)F)c1),Cc1cc(C)c(B(CCCCP(c2c(C)cc(C)cc2C)C2CCCCC2)c2cc(C(F)(F)F)cc(C(F)(F)F)c2)c(C)c1,True,0.39655172413793105
template_augmentation,intramolecular_P_B_alkyl,P,mesityl,cyclohexyl,mesityl,bis_cf3_phenyl,C5,P(c1c(C)cc(C)cc1C)(C1CCCCC1)CCCCCB(c1c(C)cc(C)cc1C)(c1cc(C(F)(F)F)cc(C(F)(F)F)c1),Cc1cc(C)c(B(CCCCCP(c2c(C)cc(C)cc2C)C2CCCCC2)c2cc(C(F)(F)F)cc(C(F)(F)F)c2)c(C)c1,True,0.3898305084745763
template_augmentation,intramolecular_P_B_alkyl,P,mesityl,cyclohexyl,mesityl,bis_cf3_phenyl,C6,P(c1c(C)cc(C)cc1C)(C1CCCCC1)CCCCCCB(c1c(C)cc(C)cc1C)(c1cc(C(F)(F)F)cc(C(F)(F)F)c1),Cc1cc(C)c(B(CCCCCCP(c2c(C)cc(C)cc2C)C2CCCCC2)c2cc(C(F)(F)F)cc(C(F)(F)F)c2)c(C)c1,True,0.3898305084745763
template_augmentation,intramolecular_P_B_alkyl,P,mesityl,cyclohexyl,pentafluorophenyl,pentafluorophenyl,C1,P(c1c(C)cc(C)cc1C)(C1CCCCC1)CB(c1c(F)c(F)c(F)c(F)c1F)(c1c(F)c(F)c(F)c(F)c1F),Cc1cc(C)c(P(CB(c2c(F)c(F)c(F)c(F)c2F)c2c(F)c(F)c(F)c(F)c2F)C2CCCCC2)c(C)c1,True,0.4897959183673469
template_augmentation,intramolecular_P_B_alkyl,P,mesityl,cyclohexyl,pentafluorophenyl,pentafluorophenyl,C2,P(c1c(C)cc(C)cc1C)(C1CCCCC1)CCB(c1c(F)c(F)c(F)c(F)c1F)(c1c(F)c(F)c(F)c(F)c1F),Cc1cc(C)c(P(CCB(c2c(F)c(F)c(F)c(F)c2F)c2c(F)c(F)c(F)c(F)c2F)C2CCCCC2)c(C)c1,True,0.6046511627906976
template_augmentation,intramolecular_P_B_alkyl,P,mesityl,cyclohexyl,pentafluorophenyl,pentafluorophenyl,C3,P(c1c(C)cc(C)cc1C)(C1CCCCC1)CCCB(c1c(F)c(F)c(F)c(F)c1F)(c1c(F)c(F)c(F)c(F)c1F),Cc1cc(C)c(P(CCCB(c2c(F)c(F)c(F)c(F)c2F)c2c(F)c(F)c(F)c(F)c2F)C2CCCCC2)c(C)c1,True,0.574468085106383
template_augmentation,intramolecular_P_B_alkyl,P,mesityl,cyclohexyl,pentafluorophenyl,pentafluorophenyl,C4,P(c1c(C)cc(C)cc1C)(C1CCCCC1)CCCCB(c1c(F)c(F)c(F)c(F)c1F)(c1c(F)c(F)c(F)c(F)c1F),Cc1cc(C)c(P(CCCCB(c2c(F)c(F)c(F)c(F)c2F)c2c(F)c(F)c(F)c(F)c2F)C2CCCCC2)c(C)c1,True,0.6304347826086957
template_augmentation,intramolecular_P_B_alkyl,P,mesityl,cyclohexyl,pentafluorophenyl,pentafluorophenyl,C5,P(c1c(C)cc(C)cc1C)(C1CCCCC1)CCCCCB(c1c(F)c(F)c(F)c(F)c1F)(c1c(F)c(F)c(F)c(F)c1F),Cc1cc(C)c(P(CCCCCB(c2c(F)c(F)c(F)c(F)c2F)c2c(F)c(F)c(F)c(F)c2F)C2CCCCC2)c(C)c1,True,0.6170212765957447
template_augmentation,intramolecular_P_B_alkyl,P,mesityl,cyclohexyl,pentafluorophenyl,pentafluorophenyl,C6,P(c1c(C)cc(C)cc1C)(C1CCCCC1)CCCCCCB(c1c(F)c(F)c(F)c(F)c1F)(c1c(F)c(F)c(F)c(F)c1F),Cc1cc(C)c(P(CCCCCCB(c2c(F)c(F)c(F)c(F)c2F)c2c(F)c(F)c(F)c(F)c2F)C2CCCCC2)c(C)c1,True,0.6170212765957447
template_augmentation,intramolecular_P_B_alkyl,P,mesityl,cyclohexyl,pentafluorophenyl,pentachlorophenyl,C1,P(c1c(C)cc(C)cc1C)(C1CCCCC1)CB(c1c(F)c(F)c(F)c(F)c1F)(c1c(Cl)c(Cl)c(Cl)c(Cl)c1Cl),Cc1cc(C)c(P(CB(c2c(F)c(F)c(F)c(F)c2F)c2c(Cl)c(Cl)c(Cl)c(Cl)c2Cl)C2CCCCC2)c(C)c1,True,0.46296296296296297
template_augmentation,intramolecular_P_B_alkyl,P,mesityl,cyclohexyl,pentafluorophenyl,pentachlorophenyl,C2,P(c1c(C)cc(C)cc1C)(C1CCCCC1)CCB(c1c(F)c(F)c(F)c(F)c1F)(c1c(Cl)c(Cl)c(Cl)c(Cl)c1Cl),Cc1cc(C)c(P(CCB(c2c(F)c(F)c(F)c(F)c2F)c2c(Cl)c(Cl)c(Cl)c(Cl)c2Cl)C2CCCCC2)c(C)c1,True,0.5306122448979592
template_augmentation,intramolecular_P_B_alkyl,P,mesityl,cyclohexyl,pentafluorophenyl,pentachlorophenyl,C3,P(c1c(C)cc(C)cc1C)(C1CCCCC1)CCCB(c1c(F)c(F)c(F)c(F)c1F)(c1c(Cl)c(Cl)c(Cl)c(Cl)c1Cl),Cc1cc(C)c(P(CCCB(c2c(F)c(F)c(F)c(F)c2F)c2c(Cl)c(Cl)c(Cl)c(Cl)c2Cl)C2CCCCC2)c(C)c1,True,0.5094339622641509
template_augmentation,intramolecular_P_B_alkyl,P,mesityl,cyclohexyl,pentafluorophenyl,pentachlorophenyl,C4,P(c1c(C)cc(C)cc1C)(C1CCCCC1)CCCCB(c1c(F)c(F)c(F)c(F)c1F)(c1c(Cl)c(Cl)c(Cl)c(Cl)c1Cl),Cc1cc(C)c(P(CCCCB(c2c(F)c(F)c(F)c(F)c2F)c2c(Cl)c(Cl)c(Cl)c(Cl)c2Cl)C2CCCCC2)c(C)c1,True,0.5576923076923077
template_augmentation,intramolecular_P_B_alkyl,P,mesityl,cyclohexyl,pentafluorophenyl,pentachlorophenyl,C5,P(c1c(C)cc(C)cc1C)(C1CCCCC1)CCCCCB(c1c(F)c(F)c(F)c(F)c1F)(c1c(Cl)c(Cl)c(Cl)c(Cl)c1Cl),Cc1cc(C)c(P(CCCCCB(c2c(F)c(F)c(F)c(F)c2F)c2c(Cl)c(Cl)c(Cl)c(Cl)c2Cl)C2CCCCC2)c(C)c1,True,0.5471698113207547
template_augmentation,intramolecular_P_B_alkyl,P,mesityl,cyclohexyl,pentafluorophenyl,pentachlorophenyl,C6,P(c1c(C)cc(C)cc1C)(C1CCCCC1)CCCCCCB(c1c(F)c(F)c(F)c(F)c1F)(c1c(Cl)c(Cl)c(Cl)c(Cl)c1Cl),Cc1cc(C)c(P(CCCCCCB(c2c(F)c(F)c(F)c(F)c2F)c2c(Cl)c(Cl)c(Cl)c(Cl)c2Cl)C2CCCCC2)c(C)c1,True,0.5471698113207547
template_augmentation,intramolecular_P_B_alkyl,P,mesityl,cyclohexyl,pentafluorophenyl,bis_cf3_phenyl,C1,P(c1c(C)cc(C)cc1C)(C1CCCCC1)CB(c1c(F)c(F)c(F)c(F)c1F)(c1cc(C(F)(F)F)cc(C(F)(F)F)c1),Cc1cc(C)c(P(CB(c2cc(C(F)(F)F)cc(C(F)(F)F)c2)c2c(F)c(F)c(F)c(F)c2F)C2CCCCC2)c(C)c1,True,0.41379310344827586
template_augmentation,intramolecular_P_B_alkyl,P,mesityl,cyclohexyl,pentafluorophenyl,bis_cf3_phenyl,C2,P(c1c(C)cc(C)cc1C)(C1CCCCC1)CCB(c1c(F)c(F)c(F)c(F)c1F)(c1cc(C(F)(F)F)cc(C(F)(F)F)c1),Cc1cc(C)c(P(CCB(c2cc(C(F)(F)F)cc(C(F)(F)F)c2)c2c(F)c(F)c(F)c(F)c2F)C2CCCCC2)c(C)c1,True,0.4716981132075472
template_augmentation,intramolecular_P_B_alkyl,P,mesityl,cyclohexyl,pentafluorophenyl,bis_cf3_phenyl,C3,P(c1c(C)cc(C)cc1C)(C1CCCCC1)CCCB(c1c(F)c(F)c(F)c(F)c1F)(c1cc(C(F)(F)F)cc(C(F)(F)F)c1),Cc1cc(C)c(P(CCCB(c2cc(C(F)(F)F)cc(C(F)(F)F)c2)c2c(F)c(F)c(F)c(F)c2F)C2CCCCC2)c(C)c1,True,0.45614035087719296
template_augmentation,intramolecular_P_B_alkyl,P,mesityl,cyclohexyl,pentafluorophenyl,bis_cf3_phenyl,C4,P(c1c(C)cc(C)cc1C)(C1CCCCC1)CCCCB(c1c(F)c(F)c(F)c(F)c1F)(c1cc(C(F)(F)F)cc(C(F)(F)F)c1),Cc1cc(C)c(P(CCCCB(c2cc(C(F)(F)F)cc(C(F)(F)F)c2)c2c(F)c(F)c(F)c(F)c2F)C2CCCCC2)c(C)c1,True,0.5
template_augmentation,intramolecular_P_B_alkyl,P,mesityl,cyclohexyl,pentafluorophenyl,bis_cf3_phenyl,C5,P(c1c(C)cc(C)cc1C)(C1CCCCC1)CCCCCB(c1c(F)c(F)c(F)c(F)c1F)(c1cc(C(F)(F)F)cc(C(F)(F)F)c1),Cc1cc(C)c(P(CCCCCB(c2cc(C(F)(F)F)cc(C(F)(F)F)c2)c2c(F)c(F)c(F)c(F)c2F)C2CCCCC2)c(C)c1,True,0.49122807017543857
template_augmentation,intramolecular_P_B_alkyl,P,mesityl,cyclohexyl,pentafluorophenyl,bis_cf3_phenyl,C6,P(c1c(C)cc(C)cc1C)(C1CCCCC1)CCCCCCB(c1c(F)c(F)c(F)c(F)c1F)(c1cc(C(F)(F)F)cc(C(F)(F)F)c1),Cc1cc(C)c(P(CCCCCCB(c2cc(C(F)(F)F)cc(C(F)(F)F)c2)c2c(F)c(F)c(F)c(F)c2F)C2CCCCC2)c(C)c1,True,0.49122807017543857
template_augmentation,intramolecular_P_B_alkyl,P,mesityl,cyclohexyl,pentachlorophenyl,pentachlorophenyl,C1,P(c1c(C)cc(C)cc1C)(C1CCCCC1)CB(c1c(Cl)c(Cl)c(Cl)c(Cl)c1Cl)(c1c(Cl)c(Cl)c(Cl)c(Cl)c1Cl),Cc1cc(C)c(P(CB(c2c(Cl)c(Cl)c(Cl)c(Cl)c2Cl)c2c(Cl)c(Cl)c(Cl)c(Cl)c2Cl)C2CCCCC2)c(C)c1,True,0.5208333333333334
template_augmentation,intramolecular_P_B_alkyl,P,mesityl,cyclohexyl,pentachlorophenyl,pentachlorophenyl,C2,P(c1c(C)cc(C)cc1C)(C1CCCCC1)CCB(c1c(Cl)c(Cl)c(Cl)c(Cl)c1Cl)(c1c(Cl)c(Cl)c(Cl)c(Cl)c1Cl),Cc1cc(C)c(P(CCB(c2c(Cl)c(Cl)c(Cl)c(Cl)c2Cl)c2c(Cl)c(Cl)c(Cl)c(Cl)c2Cl)C2CCCCC2)c(C)c1,True,0.6046511627906976
template_augmentation,intramolecular_P_B_alkyl,P,mesityl,cyclohexyl,pentachlorophenyl,pentachlorophenyl,C3,P(c1c(C)cc(C)cc1C)(C1CCCCC1)CCCB(c1c(Cl)c(Cl)c(Cl)c(Cl)c1Cl)(c1c(Cl)c(Cl)c(Cl)c(Cl)c1Cl),Cc1cc(C)c(P(CCCB(c2c(Cl)c(Cl)c(Cl)c(Cl)c2Cl)c2c(Cl)c(Cl)c(Cl)c(Cl)c2Cl)C2CCCCC2)c(C)c1,True,0.574468085106383
template_augmentation,intramolecular_P_B_alkyl,P,mesityl,cyclohexyl,pentachlorophenyl,pentachlorophenyl,C4,P(c1c(C)cc(C)cc1C)(C1CCCCC1)CCCCB(c1c(Cl)c(Cl)c(Cl)c(Cl)c1Cl)(c1c(Cl)c(Cl)c(Cl)c(Cl)c1Cl),Cc1cc(C)c(P(CCCCB(c2c(Cl)c(Cl)c(Cl)c(Cl)c2Cl)c2c(Cl)c(Cl)c(Cl)c(Cl)c2Cl)C2CCCCC2)c(C)c1,True,0.6304347826086957
template_augmentation,intramolecular_P_B_alkyl,P,mesityl,cyclohexyl,pentachlorophenyl,pentachlorophenyl,C5,P(c1c(C)cc(C)cc1C)(C1CCCCC1)CCCCCB(c1c(Cl)c(Cl)c(Cl)c(Cl)c1Cl)(c1c(Cl)c(Cl)c(Cl)c(Cl)c1Cl),Cc1cc(C)c(P(CCCCCB(c2c(Cl)c(Cl)c(Cl)c(Cl)c2Cl)c2c(Cl)c(Cl)c(Cl)c(Cl)c2Cl)C2CCCCC2)c(C)c1,True,0.6170212765957447
template_augmentation,intramolecular_P_B_alkyl,P,mesityl,cyclohexyl,pentachlorophenyl,pentachlorophenyl,C6,P(c1c(C)cc(C)cc1C)(C1CCCCC1)CCCCCCB(c1c(Cl)c(Cl)c(Cl)c(Cl)c1Cl)(c1c(Cl)c(Cl)c(Cl)c(Cl)c1Cl),Cc1cc(C)c(P(CCCCCCB(c2c(Cl)c(Cl)c(Cl)c(Cl)c2Cl)c2c(Cl)c(Cl)c(Cl)c(Cl)c2Cl)C2CCCCC2)c(C)c1,True,0.6170212765957447
template_augmentation,intramolecular_P_B_alkyl,P,mesityl,cyclohexyl,pentachlorophenyl,bis_cf3_phenyl,C1,P(c1c(C)cc(C)cc1C)(C1CCCCC1)CB(c1c(Cl)c(Cl)c(Cl)c(Cl)c1Cl)(c1cc(C(F)(F)F)cc(C(F)(F)F)c1),Cc1cc(C)c(P(CB(c2cc(C(F)(F)F)cc(C(F)(F)F)c2)c2c(Cl)c(Cl)c(Cl)c(Cl)c2Cl)C2CCCCC2)c(C)c1,True,0.43103448275862066
template_augmentation,intramolecular_P_B_alkyl,P,mesityl,cyclohexyl,pentachlorophenyl,bis_cf3_phenyl,C2,P(c1c(C)cc(C)cc1C)(C1CCCCC1)CCB(c1c(Cl)c(Cl)c(Cl)c(Cl)c1Cl)(c1cc(C(F)(F)F)cc(C(F)(F)F)c1),Cc1cc(C)c(P(CCB(c2cc(C(F)(F)F)cc(C(F)(F)F)c2)c2c(Cl)c(Cl)c(Cl)c(Cl)c2Cl)C2CCCCC2)c(C)c1,True,0.46296296296296297
template_augmentation,intramolecular_P_B_alkyl,P,mesityl,cyclohexyl,pentachlorophenyl,bis_cf3_phenyl,C3,P(c1c(C)cc(C)cc1C)(C1CCCCC1)CCCB(c1c(Cl)c(Cl)c(Cl)c(Cl)c1Cl)(c1cc(C(F)(F)F)cc(C(F)(F)F)c1),Cc1cc(C)c(P(CCCB(c2cc(C(F)(F)F)cc(C(F)(F)F)c2)c2c(Cl)c(Cl)c(Cl)c(Cl)c2Cl)C2CCCCC2)c(C)c1,True,0.4482758620689655
template_augmentation,intramolecular_P_B_alkyl,P,mesityl,cyclohexyl,pentachlorophenyl,bis_cf3_phenyl,C4,P(c1c(C)cc(C)cc1C)(C1CCCCC1)CCCCB(c1c(Cl)c(Cl)c(Cl)c(Cl)c1Cl)(c1cc(C(F)(F)F)cc(C(F)(F)F)c1),Cc1cc(C)c(P(CCCCB(c2cc(C(F)(F)F)cc(C(F)(F)F)c2)c2c(Cl)c(Cl)c(Cl)c(Cl)c2Cl)C2CCCCC2)c(C)c1,True,0.49122807017543857
template_augmentation,intramolecular_P_B_alkyl,P,mesityl,cyclohexyl,pentachlorophenyl,bis_cf3_phenyl,C5,P(c1c(C)cc(C)cc1C)(C1CCCCC1)CCCCCB(c1c(Cl)c(Cl)c(Cl)c(Cl)c1Cl)(c1cc(C(F)(F)F)cc(C(F)(F)F)c1),Cc1cc(C)c(P(CCCCCB(c2cc(C(F)(F)F)cc(C(F)(F)F)c2)c2c(Cl)c(Cl)c(Cl)c(Cl)c2Cl)C2CCCCC2)c(C)c1,True,0.4827586206896552
template_augmentation,intramolecular_P_B_alkyl,P,mesityl,cyclohexyl,pentachlorophenyl,bis_cf3_phenyl,C6,P(c1c(C)cc(C)cc1C)(C1CCCCC1)CCCCCCB(c1c(Cl)c(Cl)c(Cl)c(Cl)c1Cl)(c1cc(C(F)(F)F)cc(C(F)(F)F)c1),Cc1cc(C)c(P(CCCCCCB(c2cc(C(F)(F)F)cc(C(F)(F)F)c2)c2c(Cl)c(Cl)c(Cl)c(Cl)c2Cl)C2CCCCC2)c(C)c1,True,0.4827586206896552
template_augmentation,intramolecular_P_B_alkyl,P,mesityl,cyclohexyl,bis_cf3_phenyl,bis_cf3_phenyl,C1,P(c1c(C)cc(C)cc1C)(C1CCCCC1)CB(c1cc(C(F)(F)F)cc(C(F)(F)F)c1)(c1cc(C(F)(F)F)cc(C(F)(F)F)c1),Cc1cc(C)c(P(CB(c2cc(C(F)(F)F)cc(C(F)(F)F)c2)c2cc(C(F)(F)F)cc(C(F)(F)F)c2)C2CCCCC2)c(C)c1,True,0.45652173913043476
template_augmentation,intramolecular_P_B_alkyl,P,mesityl,cyclohexyl,bis_cf3_phenyl,bis_cf3_phenyl,C2,P(c1c(C)cc(C)cc1C)(C1CCCCC1)CCB(c1cc(C(F)(F)F)cc(C(F)(F)F)c1)(c1cc(C(F)(F)F)cc(C(F)(F)F)c1),Cc1cc(C)c(P(CCB(c2cc(C(F)(F)F)cc(C(F)(F)F)c2)c2cc(C(F)(F)F)cc(C(F)(F)F)c2)C2CCCCC2)c(C)c1,True,0.40816326530612246
template_augmentation,intramolecular_P_B_alkyl,P,mesityl,cyclohexyl,bis_cf3_phenyl,bis_cf3_phenyl,C3,P(c1c(C)cc(C)cc1C)(C1CCCCC1)CCCB(c1cc(C(F)(F)F)cc(C(F)(F)F)c1)(c1cc(C(F)(F)F)cc(C(F)(F)F)c1),Cc1cc(C)c(P(CCCB(c2cc(C(F)(F)F)cc(C(F)(F)F)c2)c2cc(C(F)(F)F)cc(C(F)(F)F)c2)C2CCCCC2)c(C)c1,True,0.36538461538461536
template_augmentation,intramolecular_P_B_alkyl,P,mesityl,cyclohexyl,bis_cf3_phenyl,bis_cf3_phenyl,C4,P(c1c(C)cc(C)cc1C)(C1CCCCC1)CCCCB(c1cc(C(F)(F)F)cc(C(F)(F)F)c1)(c1cc(C(F)(F)F)cc(C(F)(F)F)c1),Cc1cc(C)c(P(CCCCB(c2cc(C(F)(F)F)cc(C(F)(F)F)c2)c2cc(C(F)(F)F)cc(C(F)(F)F)c2)C2CCCCC2)c(C)c1,True,0.39285714285714285
template_augmentation,intramolecular_P_B_alkyl,P,mesityl,cyclohexyl,bis_cf3_phenyl,bis_cf3_phenyl,C5,P(c1c(C)cc(C)cc1C)(C1CCCCC1)CCCCCB(c1cc(C(F)(F)F)cc(C(F)(F)F)c1)(c1cc(C(F)(F)F)cc(C(F)(F)F)c1),Cc1cc(C)c(P(CCCCCB(c2cc(C(F)(F)F)cc(C(F)(F)F)c2)c2cc(C(F)(F)F)cc(C(F)(F)F)c2)C2CCCCC2)c(C)c1,True,0.38596491228070173
template_augmentation,intramolecular_P_B_alkyl,P,mesityl,cyclohexyl,bis_cf3_phenyl,bis_cf3_phenyl,C6,P(c1c(C)cc(C)cc1C)(C1CCCCC1)CCCCCCB(c1cc(C(F)(F)F)cc(C(F)(F)F)c1)(c1cc(C(F)(F)F)cc(C(F)(F)F)c1),Cc1cc(C)c(P(CCCCCCB(c2cc(C(F)(F)F)cc(C(F)(F)F)c2)c2cc(C(F)(F)F)cc(C(F)(F)F)c2)C2CCCCC2)c(C)c1,True,0.38596491228070173
template_augmentation,intramolecular_P_B_alkyl,P,mesityl,isopropyl,phenyl,phenyl,C1,P(c1c(C)cc(C)cc1C)(C(C)C)CB(c1ccccc1)(c1ccccc1),Cc1cc(C)c(P(CB(c2ccccc2)c2ccccc2)C(C)C)c(C)c1,True,0.391304347826087
template_augmentation,intramolecular_P_B_alkyl,P,mesityl,isopropyl,phenyl,phenyl,C2,P(c1c(C)cc(C)cc1C)(C(C)C)CCB(c1ccccc1)(c1ccccc1),Cc1cc(C)c(P(CCB(c2ccccc2)c2ccccc2)C(C)C)c(C)c1,True,0.4318181818181818
template_augmentation,intramolecular_P_B_alkyl,P,mesityl,isopropyl,phenyl,phenyl,C3,P(c1c(C)cc(C)cc1C)(C(C)C)CCCB(c1ccccc1)(c1ccccc1),Cc1cc(C)c(P(CCCB(c2ccccc2)c2ccccc2)C(C)C)c(C)c1,True,0.4166666666666667
template_augmentation,intramolecular_P_B_alkyl,P,mesityl,isopropyl,phenyl,phenyl,C4,P(c1c(C)cc(C)cc1C)(C(C)C)CCCCB(c1ccccc1)(c1ccccc1),Cc1cc(C)c(P(CCCCB(c2ccccc2)c2ccccc2)C(C)C)c(C)c1,True,0.46808510638297873
template_augmentation,intramolecular_P_B_alkyl,P,mesityl,isopropyl,phenyl,phenyl,C5,P(c1c(C)cc(C)cc1C)(C(C)C)CCCCCB(c1ccccc1)(c1ccccc1),Cc1cc(C)c(P(CCCCCB(c2ccccc2)c2ccccc2)C(C)C)c(C)c1,True,0.4583333333333333
template_augmentation,intramolecular_P_B_alkyl,P,mesityl,isopropyl,phenyl,phenyl,C6,P(c1c(C)cc(C)cc1C)(C(C)C)CCCCCCB(c1ccccc1)(c1ccccc1),Cc1cc(C)c(P(CCCCCCB(c2ccccc2)c2ccccc2)C(C)C)c(C)c1,True,0.4583333333333333
template_augmentation,intramolecular_P_B_alkyl,P,mesityl,isopropyl,phenyl,p_tolyl,C1,P(c1c(C)cc(C)cc1C)(C(C)C)CB(c1ccccc1)(c1ccc(C)cc1),Cc1ccc(B(CP(c2c(C)cc(C)cc2C)C(C)C)c2ccccc2)cc1,True,0.3673469387755102
template_augmentation,intramolecular_P_B_alkyl,P,mesityl,isopropyl,phenyl,p_tolyl,C2,P(c1c(C)cc(C)cc1C)(C(C)C)CCB(c1ccccc1)(c1ccc(C)cc1),Cc1ccc(B(CCP(c2c(C)cc(C)cc2C)C(C)C)c2ccccc2)cc1,True,0.40425531914893614
template_augmentation,intramolecular_P_B_alkyl,P,mesityl,isopropyl,phenyl,p_tolyl,C3,P(c1c(C)cc(C)cc1C)(C(C)C)CCCB(c1ccccc1)(c1ccc(C)cc1),Cc1ccc(B(CCCP(c2c(C)cc(C)cc2C)C(C)C)c2ccccc2)cc1,True,0.39215686274509803
template_augmentation,intramolecular_P_B_alkyl,P,mesityl,isopropyl,phenyl,p_tolyl,C4,P(c1c(C)cc(C)cc1C)(C(C)C)CCCCB(c1ccccc1)(c1ccc(C)cc1),Cc1ccc(B(CCCCP(c2c(C)cc(C)cc2C)C(C)C)c2ccccc2)cc1,True,0.44
template_augmentation,intramolecular_P_B_alkyl,P,mesityl,isopropyl,phenyl,p_tolyl,C5,P(c1c(C)cc(C)cc1C)(C(C)C)CCCCCB(c1ccccc1)(c1ccc(C)cc1),Cc1ccc(B(CCCCCP(c2c(C)cc(C)cc2C)C(C)C)c2ccccc2)cc1,True,0.43137254901960786
template_augmentation,intramolecular_P_B_alkyl,P,mesityl,isopropyl,phenyl,p_tolyl,C6,P(c1c(C)cc(C)cc1C)(C(C)C)CCCCCCB(c1ccccc1)(c1ccc(C)cc1),Cc1ccc(B(CCCCCCP(c2c(C)cc(C)cc2C)C(C)C)c2ccccc2)cc1,True,0.43137254901960786
template_augmentation,intramolecular_P_B_alkyl,P,mesityl,isopropyl,phenyl,mesityl,C1,P(c1c(C)cc(C)cc1C)(C(C)C)CB(c1ccccc1)(c1c(C)cc(C)cc1C),Cc1cc(C)c(B(CP(c2c(C)cc(C)cc2C)C(C)C)c2ccccc2)c(C)c1,True,0.3877551020408163
template_augmentation,intramolecular_P_B_alkyl,P,mesityl,isopropyl,phenyl,mesityl,C2,P(c1c(C)cc(C)cc1C)(C(C)C)CCB(c1ccccc1)(c1c(C)cc(C)cc1C),Cc1cc(C)c(B(CCP(c2c(C)cc(C)cc2C)C(C)C)c2ccccc2)c(C)c1,True,0.43478260869565216
template_augmentation,intramolecular_P_B_alkyl,P,mesityl,isopropyl,phenyl,mesityl,C3,P(c1c(C)cc(C)cc1C)(C(C)C)CCCB(c1ccccc1)(c1c(C)cc(C)cc1C),Cc1cc(C)c(B(CCCP(c2c(C)cc(C)cc2C)C(C)C)c2ccccc2)c(C)c1,True,0.42
template_augmentation,intramolecular_P_B_alkyl,P,mesityl,isopropyl,phenyl,mesityl,C4,P(c1c(C)cc(C)cc1C)(C(C)C)CCCCB(c1ccccc1)(c1c(C)cc(C)cc1C),Cc1cc(C)c(B(CCCCP(c2c(C)cc(C)cc2C)C(C)C)c2ccccc2)c(C)c1,True,0.46938775510204084
template_augmentation,intramolecular_P_B_alkyl,P,mesityl,isopropyl,phenyl,mesityl,C5,P(c1c(C)cc(C)cc1C)(C(C)C)CCCCCB(c1ccccc1)(c1c(C)cc(C)cc1C),Cc1cc(C)c(B(CCCCCP(c2c(C)cc(C)cc2C)C(C)C)c2ccccc2)c(C)c1,True,0.46
template_augmentation,intramolecular_P_B_alkyl,P,mesityl,isopropyl,phenyl,mesityl,C6,P(c1c(C)cc(C)cc1C)(C(C)C)CCCCCCB(c1ccccc1)(c1c(C)cc(C)cc1C),Cc1cc(C)c(B(CCCCCCP(c2c(C)cc(C)cc2C)C(C)C)c2ccccc2)c(C)c1,True,0.46
template_augmentation,intramolecular_P_B_alkyl,P,mesityl,isopropyl,phenyl,pentafluorophenyl,C1,P(c1c(C)cc(C)cc1C)(C(C)C)CB(c1ccccc1)(c1c(F)c(F)c(F)c(F)c1F),Cc1cc(C)c(P(CB(c2ccccc2)c2c(F)c(F)c(F)c(F)c2F)C(C)C)c(C)c1,True,0.5
template_augmentation,intramolecular_P_B_alkyl,P,mesityl,isopropyl,phenyl,pentafluorophenyl,C2,P(c1c(C)cc(C)cc1C)(C(C)C)CCB(c1ccccc1)(c1c(F)c(F)c(F)c(F)c1F),Cc1cc(C)c(P(CCB(c2ccccc2)c2c(F)c(F)c(F)c(F)c2F)C(C)C)c(C)c1,True,0.5555555555555556
template_augmentation,intramolecular_P_B_alkyl,P,mesityl,isopropyl,phenyl,pentafluorophenyl,C3,P(c1c(C)cc(C)cc1C)(C(C)C)CCCB(c1ccccc1)(c1c(F)c(F)c(F)c(F)c1F),Cc1cc(C)c(P(CCCB(c2ccccc2)c2c(F)c(F)c(F)c(F)c2F)C(C)C)c(C)c1,True,0.5306122448979592
template_augmentation,intramolecular_P_B_alkyl,P,mesityl,isopropyl,phenyl,pentafluorophenyl,C4,P(c1c(C)cc(C)cc1C)(C(C)C)CCCCB(c1ccccc1)(c1c(F)c(F)c(F)c(F)c1F),Cc1cc(C)c(P(CCCCB(c2ccccc2)c2c(F)c(F)c(F)c(F)c2F)C(C)C)c(C)c1,True,0.5833333333333334
template_augmentation,intramolecular_P_B_alkyl,P,mesityl,isopropyl,phenyl,pentafluorophenyl,C5,P(c1c(C)cc(C)cc1C)(C(C)C)CCCCCB(c1ccccc1)(c1c(F)c(F)c(F)c(F)c1F),Cc1cc(C)c(P(CCCCCB(c2ccccc2)c2c(F)c(F)c(F)c(F)c2F)C(C)C)c(C)c1,True,0.5714285714285714
template_augmentation,intramolecular_P_B_alkyl,P,mesityl,isopropyl,phenyl,pentafluorophenyl,C6,P(c1c(C)cc(C)cc1C)(C(C)C)CCCCCCB(c1ccccc1)(c1c(F)c(F)c(F)c(F)c1F),Cc1cc(C)c(P(CCCCCCB(c2ccccc2)c2c(F)c(F)c(F)c(F)c2F)C(C)C)c(C)c1,True,0.5714285714285714
template_augmentation,intramolecular_P_B_alkyl,P,mesityl,isopropyl,phenyl,pentachlorophenyl,C1,P(c1c(C)cc(C)cc1C)(C(C)C)CB(c1ccccc1)(c1c(Cl)c(Cl)c(Cl)c(Cl)c1Cl),Cc1cc(C)c(P(CB(c2ccccc2)c2c(Cl)c(Cl)c(Cl)c(Cl)c2Cl)C(C)C)c(C)c1,True,0.5106382978723404
template_augmentation,intramolecular_P_B_alkyl,P,mesityl,isopropyl,phenyl,pentachlorophenyl,C2,P(c1c(C)cc(C)cc1C)(C(C)C)CCB(c1ccccc1)(c1c(Cl)c(Cl)c(Cl)c(Cl)c1Cl),Cc1cc(C)c(P(CCB(c2ccccc2)c2c(Cl)c(Cl)c(Cl)c(Cl)c2Cl)C(C)C)c(C)c1,True,0.5681818181818182
template_augmentation,intramolecular_P_B_alkyl,P,mesityl,isopropyl,phenyl,pentachlorophenyl,C3,P(c1c(C)cc(C)cc1C)(C(C)C)CCCB(c1ccccc1)(c1c(Cl)c(Cl)c(Cl)c(Cl)c1Cl),Cc1cc(C)c(P(CCCB(c2ccccc2)c2c(Cl)c(Cl)c(Cl)c(Cl)c2Cl)C(C)C)c(C)c1,True,0.5416666666666666
template_augmentation,intramolecular_P_B_alkyl,P,mesityl,isopropyl,phenyl,pentachlorophenyl,C4,P(c1c(C)cc(C)cc1C)(C(C)C)CCCCB(c1ccccc1)(c1c(Cl)c(Cl)c(Cl)c(Cl)c1Cl),Cc1cc(C)c(P(CCCCB(c2ccccc2)c2c(Cl)c(Cl)c(Cl)c(Cl)c2Cl)C(C)C)c(C)c1,True,0.5957446808510638
template_augmentation,intramolecular_P_B_alkyl,P,mesityl,isopropyl,phenyl,pentachlorophenyl,C5,P(c1c(C)cc(C)cc1C)(C(C)C)CCCCCB(c1ccccc1)(c1c(Cl)c(Cl)c(Cl)c(Cl)c1Cl),Cc1cc(C)c(P(CCCCCB(c2ccccc2)c2c(Cl)c(Cl)c(Cl)c(Cl)c2Cl)C(C)C)c(C)c1,True,0.5833333333333334
template_augmentation,intramolecular_P_B_alkyl,P,mesityl,isopropyl,phenyl,pentachlorophenyl,C6,P(c1c(C)cc(C)cc1C)(C(C)C)CCCCCCB(c1ccccc1)(c1c(Cl)c(Cl)c(Cl)c(Cl)c1Cl),Cc1cc(C)c(P(CCCCCCB(c2ccccc2)c2c(Cl)c(Cl)c(Cl)c(Cl)c2Cl)C(C)C)c(C)c1,True,0.5833333333333334
template_augmentation,intramolecular_P_B_alkyl,P,mesityl,isopropyl,phenyl,bis_cf3_phenyl,C1,P(c1c(C)cc(C)cc1C)(C(C)C)CB(c1ccccc1)(c1cc(C(F)(F)F)cc(C(F)(F)F)c1),Cc1cc(C)c(P(CB(c2ccccc2)c2cc(C(F)(F)F)cc(C(F)(F)F)c2)C(C)C)c(C)c1,True,0.45652173913043476
template_augmentation,intramolecular_P_B_alkyl,P,mesityl,isopropyl,phenyl,bis_cf3_phenyl,C2,P(c1c(C)cc(C)cc1C)(C(C)C)CCB(c1ccccc1)(c1cc(C(F)(F)F)cc(C(F)(F)F)c1),Cc1cc(C)c(P(CCB(c2ccccc2)c2cc(C(F)(F)F)cc(C(F)(F)F)c2)C(C)C)c(C)c1,True,0.4
template_augmentation,intramolecular_P_B_alkyl,P,mesityl,isopropyl,phenyl,bis_cf3_phenyl,C3,P(c1c(C)cc(C)cc1C)(C(C)C)CCCB(c1ccccc1)(c1cc(C(F)(F)F)cc(C(F)(F)F)c1),Cc1cc(C)c(P(CCCB(c2ccccc2)c2cc(C(F)(F)F)cc(C(F)(F)F)c2)C(C)C)c(C)c1,True,0.38461538461538464
template_augmentation,intramolecular_P_B_alkyl,P,mesityl,isopropyl,phenyl,bis_cf3_phenyl,C4,P(c1c(C)cc(C)cc1C)(C(C)C)CCCCB(c1ccccc1)(c1cc(C(F)(F)F)cc(C(F)(F)F)c1),Cc1cc(C)c(P(CCCCB(c2ccccc2)c2cc(C(F)(F)F)cc(C(F)(F)F)c2)C(C)C)c(C)c1,True,0.38596491228070173
template_augmentation,intramolecular_P_B_alkyl,P,mesityl,isopropyl,phenyl,bis_cf3_phenyl,C5,P(c1c(C)cc(C)cc1C)(C(C)C)CCCCCB(c1ccccc1)(c1cc(C(F)(F)F)cc(C(F)(F)F)c1),Cc1cc(C)c(P(CCCCCB(c2ccccc2)c2cc(C(F)(F)F)cc(C(F)(F)F)c2)C(C)C)c(C)c1,True,0.3793103448275862
template_augmentation,intramolecular_P_B_alkyl,P,mesityl,isopropyl,phenyl,bis_cf3_phenyl,C6,P(c1c(C)cc(C)cc1C)(C(C)C)CCCCCCB(c1ccccc1)(c1cc(C(F)(F)F)cc(C(F)(F)F)c1),Cc1cc(C)c(P(CCCCCCB(c2ccccc2)c2cc(C(F)(F)F)cc(C(F)(F)F)c2)C(C)C)c(C)c1,True,0.3793103448275862
template_augmentation,intramolecular_P_B_alkyl,P,mesityl,isopropyl,p_tolyl,p_tolyl,C1,P(c1c(C)cc(C)cc1C)(C(C)C)CB(c1ccc(C)cc1)(c1ccc(C)cc1),Cc1ccc(B(CP(c2c(C)cc(C)cc2C)C(C)C)c2ccc(C)cc2)cc1,True,0.3695652173913043
template_augmentation,intramolecular_P_B_alkyl,P,mesityl,isopropyl,p_tolyl,p_tolyl,C2,P(c1c(C)cc(C)cc1C)(C(C)C)CCB(c1ccc(C)cc1)(c1ccc(C)cc1),Cc1ccc(B(CCP(c2c(C)cc(C)cc2C)C(C)C)c2ccc(C)cc2)cc1,True,0.4090909090909091
template_augmentation,intramolecular_P_B_alkyl,P,mesityl,isopropyl,p_tolyl,p_tolyl,C3,P(c1c(C)cc(C)cc1C)(C(C)C)CCCB(c1ccc(C)cc1)(c1ccc(C)cc1),Cc1ccc(B(CCCP(c2c(C)cc(C)cc2C)C(C)C)c2ccc(C)cc2)cc1,True,0.3958333333333333
template_augmentation,intramolecular_P_B_alkyl,P,mesityl,isopropyl,p_tolyl,p_tolyl,C4,P(c1c(C)cc(C)cc1C)(C(C)C)CCCCB(c1ccc(C)cc1)(c1ccc(C)cc1),Cc1ccc(B(CCCCP(c2c(C)cc(C)cc2C)C(C)C)c2ccc(C)cc2)cc1,True,0.44680851063829785
template_augmentation,intramolecular_P_B_alkyl,P,mesityl,isopropyl,p_tolyl,p_tolyl,C5,P(c1c(C)cc(C)cc1C)(C(C)C)CCCCCB(c1ccc(C)cc1)(c1ccc(C)cc1),Cc1ccc(B(CCCCCP(c2c(C)cc(C)cc2C)C(C)C)c2ccc(C)cc2)cc1,True,0.4375
template_augmentation,intramolecular_P_B_alkyl,P,mesityl,isopropyl,p_tolyl,p_tolyl,C6,P(c1c(C)cc(C)cc1C)(C(C)C)CCCCCCB(c1ccc(C)cc1)(c1ccc(C)cc1),Cc1ccc(B(CCCCCCP(c2c(C)cc(C)cc2C)C(C)C)c2ccc(C)cc2)cc1,True,0.4375
template_augmentation,intramolecular_P_B_alkyl,P,mesityl,isopropyl,p_tolyl,mesityl,C1,P(c1c(C)cc(C)cc1C)(C(C)C)CB(c1ccc(C)cc1)(c1c(C)cc(C)cc1C),Cc1ccc(B(CP(c2c(C)cc(C)cc2C)C(C)C)c2c(C)cc(C)cc2C)cc1,True,0.3673469387755102
template_augmentation,intramolecular_P_B_alkyl,P,mesityl,isopropyl,p_tolyl,mesityl,C2,P(c1c(C)cc(C)cc1C)(C(C)C)CCB(c1ccc(C)cc1)(c1c(C)cc(C)cc1C),Cc1ccc(B(CCP(c2c(C)cc(C)cc2C)C(C)C)c2c(C)cc(C)cc2C)cc1,True,0.41304347826086957
template_augmentation,intramolecular_P_B_alkyl,P,mesityl,isopropyl,p_tolyl,mesityl,C3,P(c1c(C)cc(C)cc1C)(C(C)C)CCCB(c1ccc(C)cc1)(c1c(C)cc(C)cc1C),Cc1ccc(B(CCCP(c2c(C)cc(C)cc2C)C(C)C)c2c(C)cc(C)cc2C)cc1,True,0.4
template_augmentation,intramolecular_P_B_alkyl,P,mesityl,isopropyl,p_tolyl,mesityl,C4,P(c1c(C)cc(C)cc1C)(C(C)C)CCCCB(c1ccc(C)cc1)(c1c(C)cc(C)cc1C),Cc1ccc(B(CCCCP(c2c(C)cc(C)cc2C)C(C)C)c2c(C)cc(C)cc2C)cc1,True,0.4489795918367347
template_augmentation,intramolecular_P_B_alkyl,P,mesityl,isopropyl,p_tolyl,mesityl,C5,P(c1c(C)cc(C)cc1C)(C(C)C)CCCCCB(c1ccc(C)cc1)(c1c(C)cc(C)cc1C),Cc1ccc(B(CCCCCP(c2c(C)cc(C)cc2C)C(C)C)c2c(C)cc(C)cc2C)cc1,True,0.44
template_augmentation,intramolecular_P_B_alkyl,P,mesityl,isopropyl,p_tolyl,mesityl,C6,P(c1c(C)cc(C)cc1C)(C(C)C)CCCCCCB(c1ccc(C)cc1)(c1c(C)cc(C)cc1C),Cc1ccc(B(CCCCCCP(c2c(C)cc(C)cc2C)C(C)C)c2c(C)cc(C)cc2C)cc1,True,0.44
template_augmentation,intramolecular_P_B_alkyl,P,mesityl,isopropyl,p_tolyl,pentafluorophenyl,C1,P(c1c(C)cc(C)cc1C)(C(C)C)CB(c1ccc(C)cc1)(c1c(F)c(F)c(F)c(F)c1F),Cc1ccc(B(CP(c2c(C)cc(C)cc2C)C(C)C)c2c(F)c(F)c(F)c(F)c2F)cc1,True,0.5106382978723404
template_augmentation,intramolecular_P_B_alkyl,P,mesityl,isopropyl,p_tolyl,pentafluorophenyl,C2,P(c1c(C)cc(C)cc1C)(C(C)C)CCB(c1ccc(C)cc1)(c1c(F)c(F)c(F)c(F)c1F),Cc1ccc(B(CCP(c2c(C)cc(C)cc2C)C(C)C)c2c(F)c(F)c(F)c(F)c2F)cc1,True,0.5681818181818182
template_augmentation,intramolecular_P_B_alkyl,P,mesityl,isopropyl,p_tolyl,pentafluorophenyl,C3,P(c1c(C)cc(C)cc1C)(C(C)C)CCCB(c1ccc(C)cc1)(c1c(F)c(F)c(F)c(F)c1F),Cc1ccc(B(CCCP(c2c(C)cc(C)cc2C)C(C)C)c2c(F)c(F)c(F)c(F)c2F)cc1,True,0.5416666666666666
template_augmentation,intramolecular_P_B_alkyl,P,mesityl,isopropyl,p_tolyl,pentafluorophenyl,C4,P(c1c(C)cc(C)cc1C)(C(C)C)CCCCB(c1ccc(C)cc1)(c1c(F)c(F)c(F)c(F)c1F),Cc1ccc(B(CCCCP(c2c(C)cc(C)cc2C)C(C)C)c2c(F)c(F)c(F)c(F)c2F)cc1,True,0.5957446808510638
template_augmentation,intramolecular_P_B_alkyl,P,mesityl,isopropyl,p_tolyl,pentafluorophenyl,C5,P(c1c(C)cc(C)cc1C)(C(C)C)CCCCCB(c1ccc(C)cc1)(c1c(F)c(F)c(F)c(F)c1F),Cc1ccc(B(CCCCCP(c2c(C)cc(C)cc2C)C(C)C)c2c(F)c(F)c(F)c(F)c2F)cc1,True,0.5833333333333334
template_augmentation,intramolecular_P_B_alkyl,P,mesityl,isopropyl,p_tolyl,pentafluorophenyl,C6,P(c1c(C)cc(C)cc1C)(C(C)C)CCCCCCB(c1ccc(C)cc1)(c1c(F)c(F)c(F)c(F)c1F),Cc1ccc(B(CCCCCCP(c2c(C)cc(C)cc2C)C(C)C)c2c(F)c(F)c(F)c(F)c2F)cc1,True,0.5833333333333334
template_augmentation,intramolecular_P_B_alkyl,P,mesityl,isopropyl,p_tolyl,pentachlorophenyl,C1,P(c1c(C)cc(C)cc1C)(C(C)C)CB(c1ccc(C)cc1)(c1c(Cl)c(Cl)c(Cl)c(Cl)c1Cl),Cc1ccc(B(CP(c2c(C)cc(C)cc2C)C(C)C)c2c(Cl)c(Cl)c(Cl)c(Cl)c2Cl)cc1,True,0.5106382978723404
template_augmentation,intramolecular_P_B_alkyl,P,mesityl,isopropyl,p_tolyl,pentachlorophenyl,C2,P(c1c(C)cc(C)cc1C)(C(C)C)CCB(c1ccc(C)cc1)(c1c(Cl)c(Cl)c(Cl)c(Cl)c1Cl),Cc1ccc(B(CCP(c2c(C)cc(C)cc2C)C(C)C)c2c(Cl)c(Cl)c(Cl)c(Cl)c2Cl)cc1,True,0.5681818181818182
template_augmentation,intramolecular_P_B_alkyl,P,mesityl,isopropyl,p_tolyl,pentachlorophenyl,C3,P(c1c(C)cc(C)cc1C)(C(C)C)CCCB(c1ccc(C)cc1)(c1c(Cl)c(Cl)c(Cl)c(Cl)c1Cl),Cc1ccc(B(CCCP(c2c(C)cc(C)cc2C)C(C)C)c2c(Cl)c(Cl)c(Cl)c(Cl)c2Cl)cc1,True,0.5416666666666666
template_augmentation,intramolecular_P_B_alkyl,P,mesityl,isopropyl,p_tolyl,pentachlorophenyl,C4,P(c1c(C)cc(C)cc1C)(C(C)C)CCCCB(c1ccc(C)cc1)(c1c(Cl)c(Cl)c(Cl)c(Cl)c1Cl),Cc1ccc(B(CCCCP(c2c(C)cc(C)cc2C)C(C)C)c2c(Cl)c(Cl)c(Cl)c(Cl)c2Cl)cc1,True,0.5957446808510638
template_augmentation,intramolecular_P_B_alkyl,P,mesityl,isopropyl,p_tolyl,pentachlorophenyl,C5,P(c1c(C)cc(C)cc1C)(C(C)C)CCCCCB(c1ccc(C)cc1)(c1c(Cl)c(Cl)c(Cl)c(Cl)c1Cl),Cc1ccc(B(CCCCCP(c2c(C)cc(C)cc2C)C(C)C)c2c(Cl)c(Cl)c(Cl)c(Cl)c2Cl)cc1,True,0.5833333333333334
template_augmentation,intramolecular_P_B_alkyl,P,mesityl,isopropyl,p_tolyl,pentachlorophenyl,C6,P(c1c(C)cc(C)cc1C)(C(C)C)CCCCCCB(c1ccc(C)cc1)(c1c(Cl)c(Cl)c(Cl)c(Cl)c1Cl),Cc1ccc(B(CCCCCCP(c2c(C)cc(C)cc2C)C(C)C)c2c(Cl)c(Cl)c(Cl)c(Cl)c2Cl)cc1,True,0.5833333333333334
template_augmentation,intramolecular_P_B_alkyl,P,mesityl,isopropyl,p_tolyl,bis_cf3_phenyl,C1,P(c1c(C)cc(C)cc1C)(C(C)C)CB(c1ccc(C)cc1)(c1cc(C(F)(F)F)cc(C(F)(F)F)c1),Cc1ccc(B(CP(c2c(C)cc(C)cc2C)C(C)C)c2cc(C(F)(F)F)cc(C(F)(F)F)c2)cc1,True,0.4666666666666667
template_augmentation,intramolecular_P_B_alkyl,P,mesityl,isopropyl,p_tolyl,bis_cf3_phenyl,C2,P(c1c(C)cc(C)cc1C)(C(C)C)CCB(c1ccc(C)cc1)(c1cc(C(F)(F)F)cc(C(F)(F)F)c1),Cc1ccc(B(CCP(c2c(C)cc(C)cc2C)C(C)C)c2cc(C(F)(F)F)cc(C(F)(F)F)c2)cc1,True,0.40816326530612246
template_augmentation,intramolecular_P_B_alkyl,P,mesityl,isopropyl,p_tolyl,bis_cf3_phenyl,C3,P(c1c(C)cc(C)cc1C)(C(C)C)CCCB(c1ccc(C)cc1)(c1cc(C(F)(F)F)cc(C(F)(F)F)c1),Cc1ccc(B(CCCP(c2c(C)cc(C)cc2C)C(C)C)c2cc(C(F)(F)F)cc(C(F)(F)F)c2)cc1,True,0.39215686274509803
template_augmentation,intramolecular_P_B_alkyl,P,mesityl,isopropyl,p_tolyl,bis_cf3_phenyl,C4,P(c1c(C)cc(C)cc1C)(C(C)C)CCCCB(c1ccc(C)cc1)(c1cc(C(F)(F)F)cc(C(F)(F)F)c1),Cc1ccc(B(CCCCP(c2c(C)cc(C)cc2C)C(C)C)c2cc(C(F)(F)F)cc(C(F)(F)F)c2)cc1,True,0.39285714285714285
template_augmentation,intramolecular_P_B_alkyl,P,mesityl,isopropyl,p_tolyl,bis_cf3_phenyl,C5,P(c1c(C)cc(C)cc1C)(C(C)C)CCCCCB(c1ccc(C)cc1)(c1cc(C(F)(F)F)cc(C(F)(F)F)c1),Cc1ccc(B(CCCCCP(c2c(C)cc(C)cc2C)C(C)C)c2cc(C(F)(F)F)cc(C(F)(F)F)c2)cc1,True,0.38596491228070173
template_augmentation,intramolecular_P_B_alkyl,P,mesityl,isopropyl,p_tolyl,bis_cf3_phenyl,C6,P(c1c(C)cc(C)cc1C)(C(C)C)CCCCCCB(c1ccc(C)cc1)(c1cc(C(F)(F)F)cc(C(F)(F)F)c1),Cc1ccc(B(CCCCCCP(c2c(C)cc(C)cc2C)C(C)C)c2cc(C(F)(F)F)cc(C(F)(F)F)c2)cc1,True,0.38596491228070173
template_augmentation,intramolecular_P_B_alkyl,P,mesityl,isopropyl,mesityl,mesityl,C1,P(c1c(C)cc(C)cc1C)(C(C)C)CB(c1c(C)cc(C)cc1C)(c1c(C)cc(C)cc1C),Cc1cc(C)c(B(CP(c2c(C)cc(C)cc2C)C(C)C)c2c(C)cc(C)cc2C)c(C)c1,True,0.4090909090909091
template_augmentation,intramolecular_P_B_alkyl,P,mesityl,isopropyl,mesityl,mesityl,C2,P(c1c(C)cc(C)cc1C)(C(C)C)CCB(c1c(C)cc(C)cc1C)(c1c(C)cc(C)cc1C),Cc1cc(C)c(B(CCP(c2c(C)cc(C)cc2C)C(C)C)c2c(C)cc(C)cc2C)c(C)c1,True,0.5
template_augmentation,intramolecular_P_B_alkyl,P,mesityl,isopropyl,mesityl,mesityl,C3,P(c1c(C)cc(C)cc1C)(C(C)C)CCCB(c1c(C)cc(C)cc1C)(c1c(C)cc(C)cc1C),Cc1cc(C)c(B(CCCP(c2c(C)cc(C)cc2C)C(C)C)c2c(C)cc(C)cc2C)c(C)c1,True,0.4772727272727273
template_augmentation,intramolecular_P_B_alkyl,P,mesityl,isopropyl,mesityl,mesityl,C4,P(c1c(C)cc(C)cc1C)(C(C)C)CCCCB(c1c(C)cc(C)cc1C)(c1c(C)cc(C)cc1C),Cc1cc(C)c(B(CCCCP(c2c(C)cc(C)cc2C)C(C)C)c2c(C)cc(C)cc2C)c(C)c1,True,0.5348837209302325
template_augmentation,intramolecular_P_B_alkyl,P,mesityl,isopropyl,mesityl,mesityl,C5,P(c1c(C)cc(C)cc1C)(C(C)C)CCCCCB(c1c(C)cc(C)cc1C)(c1c(C)cc(C)cc1C),Cc1cc(C)c(B(CCCCCP(c2c(C)cc(C)cc2C)C(C)C)c2c(C)cc(C)cc2C)c(C)c1,True,0.5227272727272727
template_augmentation,intramolecular_P_B_alkyl,P,mesityl,isopropyl,mesityl,mesityl,C6,P(c1c(C)cc(C)cc1C)(C(C)C)CCCCCCB(c1c(C)cc(C)cc1C)(c1c(C)cc(C)cc1C),Cc1cc(C)c(B(CCCCCCP(c2c(C)cc(C)cc2C)C(C)C)c2c(C)cc(C)cc2C)c(C)c1,True,0.5227272727272727
template_augmentation,intramolecular_P_B_alkyl,P,mesityl,isopropyl,mesityl,pentafluorophenyl,C1,P(c1c(C)cc(C)cc1C)(C(C)C)CB(c1c(C)cc(C)cc1C)(c1c(F)c(F)c(F)c(F)c1F),Cc1cc(C)c(B(CP(c2c(C)cc(C)cc2C)C(C)C)c2c(F)c(F)c(F)c(F)c2F)c(C)c1,True,0.5454545454545454
template_augmentation,intramolecular_P_B_alkyl,P,mesityl,isopropyl,mesityl,pentafluorophenyl,C2,P(c1c(C)cc(C)cc1C)(C(C)C)CCB(c1c(C)cc(C)cc1C)(c1c(F)c(F)c(F)c(F)c1F),Cc1cc(C)c(B(CCP(c2c(C)cc(C)cc2C)C(C)C)c2c(F)c(F)c(F)c(F)c2F)c(C)c1,True,0.65
template_augmentation,intramolecular_P_B_alkyl,P,mesityl,isopropyl,mesityl,pentafluorophenyl,C3,P(c1c(C)cc(C)cc1C)(C(C)C)CCCB(c1c(C)cc(C)cc1C)(c1c(F)c(F)c(F)c(F)c1F),Cc1cc(C)c(B(CCCP(c2c(C)cc(C)cc2C)C(C)C)c2c(F)c(F)c(F)c(F)c2F)c(C)c1,True,0.6136363636363636
template_augmentation,intramolecular_P_B_alkyl,P,mesityl,isopropyl,mesityl,pentafluorophenyl,C4,P(c1c(C)cc(C)cc1C)(C(C)C)CCCCB(c1c(C)cc(C)cc1C)(c1c(F)c(F)c(F)c(F)c1F),Cc1cc(C)c(B(CCCCP(c2c(C)cc(C)cc2C)C(C)C)c2c(F)c(F)c(F)c(F)c2F)c(C)c1,True,0.6744186046511628
template_augmentation,intramolecular_P_B_alkyl,P,mesityl,isopropyl,mesityl,pentafluorophenyl,C5,P(c1c(C)cc(C)cc1C)(C(C)C)CCCCCB(c1c(C)cc(C)cc1C)(c1c(F)c(F)c(F)c(F)c1F),Cc1cc(C)c(B(CCCCCP(c2c(C)cc(C)cc2C)C(C)C)c2c(F)c(F)c(F)c(F)c2F)c(C)c1,True,0.6590909090909091
template_augmentation,intramolecular_P_B_alkyl,P,mesityl,isopropyl,mesityl,pentafluorophenyl,C6,P(c1c(C)cc(C)cc1C)(C(C)C)CCCCCCB(c1c(C)cc(C)cc1C)(c1c(F)c(F)c(F)c(F)c1F),Cc1cc(C)c(B(CCCCCCP(c2c(C)cc(C)cc2C)C(C)C)c2c(F)c(F)c(F)c(F)c2F)c(C)c1,True,0.6590909090909091
template_augmentation,intramolecular_P_B_alkyl,P,mesityl,isopropyl,mesityl,pentachlorophenyl,C1,P(c1c(C)cc(C)cc1C)(C(C)C)CB(c1c(C)cc(C)cc1C)(c1c(Cl)c(Cl)c(Cl)c(Cl)c1Cl),Cc1cc(C)c(B(CP(c2c(C)cc(C)cc2C)C(C)C)c2c(Cl)c(Cl)c(Cl)c(Cl)c2Cl)c(C)c1,True,0.5454545454545454
template_augmentation,intramolecular_P_B_alkyl,P,mesityl,isopropyl,mesityl,pentachlorophenyl,C2,P(c1c(C)cc(C)cc1C)(C(C)C)CCB(c1c(C)cc(C)cc1C)(c1c(Cl)c(Cl)c(Cl)c(Cl)c1Cl),Cc1cc(C)c(B(CCP(c2c(C)cc(C)cc2C)C(C)C)c2c(Cl)c(Cl)c(Cl)c(Cl)c2Cl)c(C)c1,True,0.65
template_augmentation,intramolecular_P_B_alkyl,P,mesityl,isopropyl,mesityl,pentachlorophenyl,C3,P(c1c(C)cc(C)cc1C)(C(C)C)CCCB(c1c(C)cc(C)cc1C)(c1c(Cl)c(Cl)c(Cl)c(Cl)c1Cl),Cc1cc(C)c(B(CCCP(c2c(C)cc(C)cc2C)C(C)C)c2c(Cl)c(Cl)c(Cl)c(Cl)c2Cl)c(C)c1,True,0.6136363636363636
template_augmentation,intramolecular_P_B_alkyl,P,mesityl,isopropyl,mesityl,pentachlorophenyl,C4,P(c1c(C)cc(C)cc1C)(C(C)C)CCCCB(c1c(C)cc(C)cc1C)(c1c(Cl)c(Cl)c(Cl)c(Cl)c1Cl),Cc1cc(C)c(B(CCCCP(c2c(C)cc(C)cc2C)C(C)C)c2c(Cl)c(Cl)c(Cl)c(Cl)c2Cl)c(C)c1,True,0.6744186046511628
template_augmentation,intramolecular_P_B_alkyl,P,mesityl,isopropyl,mesityl,pentachlorophenyl,C5,P(c1c(C)cc(C)cc1C)(C(C)C)CCCCCB(c1c(C)cc(C)cc1C)(c1c(Cl)c(Cl)c(Cl)c(Cl)c1Cl),Cc1cc(C)c(B(CCCCCP(c2c(C)cc(C)cc2C)C(C)C)c2c(Cl)c(Cl)c(Cl)c(Cl)c2Cl)c(C)c1,True,0.6590909090909091
template_augmentation,intramolecular_P_B_alkyl,P,mesityl,isopropyl,mesityl,pentachlorophenyl,C6,P(c1c(C)cc(C)cc1C)(C(C)C)CCCCCCB(c1c(C)cc(C)cc1C)(c1c(Cl)c(Cl)c(Cl)c(Cl)c1Cl),Cc1cc(C)c(B(CCCCCCP(c2c(C)cc(C)cc2C)C(C)C)c2c(Cl)c(Cl)c(Cl)c(Cl)c2Cl)c(C)c1,True,0.6590909090909091
template_augmentation,intramolecular_P_B_alkyl,P,mesityl,isopropyl,mesityl,bis_cf3_phenyl,C1,P(c1c(C)cc(C)cc1C)(C(C)C)CB(c1c(C)cc(C)cc1C)(c1cc(C(F)(F)F)cc(C(F)(F)F)c1),Cc1cc(C)c(B(CP(c2c(C)cc(C)cc2C)C(C)C)c2cc(C(F)(F)F)cc(C(F)(F)F)c2)c(C)c1,True,0.4772727272727273
template_augmentation,intramolecular_P_B_alkyl,P,mesityl,isopropyl,mesityl,bis_cf3_phenyl,C2,P(c1c(C)cc(C)cc1C)(C(C)C)CCB(c1c(C)cc(C)cc1C)(c1cc(C(F)(F)F)cc(C(F)(F)F)c1),Cc1cc(C)c(B(CCP(c2c(C)cc(C)cc2C)C(C)C)c2cc(C(F)(F)F)cc(C(F)(F)F)c2)c(C)c1,True,0.425531914893617
template_augmentation,intramolecular_P_B_alkyl,P,mesityl,isopropyl,mesityl,bis_cf3_phenyl,C3,P(c1c(C)cc(C)cc1C)(C(C)C)CCCB(c1c(C)cc(C)cc1C)(c1cc(C(F)(F)F)cc(C(F)(F)F)c1),Cc1cc(C)c(B(CCCP(c2c(C)cc(C)cc2C)C(C)C)c2cc(C(F)(F)F)cc(C(F)(F)F)c2)c(C)c1,True,0.40816326530612246
template_augmentation,intramolecular_P_B_alkyl,P,mesityl,isopropyl,mesityl,bis_cf3_phenyl,C4,P(c1c(C)cc(C)cc1C)(C(C)C)CCCCB(c1c(C)cc(C)cc1C)(c1cc(C(F)(F)F)cc(C(F)(F)F)c1),Cc1cc(C)c(B(CCCCP(c2c(C)cc(C)cc2C)C(C)C)c2cc(C(F)(F)F)cc(C(F)(F)F)c2)c(C)c1,True,0.4339622641509434
template_augmentation,intramolecular_P_B_alkyl,P,mesityl,isopropyl,mesityl,bis_cf3_phenyl,C5,P(c1c(C)cc(C)cc1C)(C(C)C)CCCCCB(c1c(C)cc(C)cc1C)(c1cc(C(F)(F)F)cc(C(F)(F)F)c1),Cc1cc(C)c(B(CCCCCP(c2c(C)cc(C)cc2C)C(C)C)c2cc(C(F)(F)F)cc(C(F)(F)F)c2)c(C)c1,True,0.42592592592592593
template_augmentation,intramolecular_P_B_alkyl,P,mesityl,isopropyl,mesityl,bis_cf3_phenyl,C6,P(c1c(C)cc(C)cc1C)(C(C)C)CCCCCCB(c1c(C)cc(C)cc1C)(c1cc(C(F)(F)F)cc(C(F)(F)F)c1),Cc1cc(C)c(B(CCCCCCP(c2c(C)cc(C)cc2C)C(C)C)c2cc(C(F)(F)F)cc(C(F)(F)F)c2)c(C)c1,True,0.42592592592592593
template_augmentation,intramolecular_P_B_alkyl,P,mesityl,isopropyl,pentafluorophenyl,pentafluorophenyl,C1,P(c1c(C)cc(C)cc1C)(C(C)C)CB(c1c(F)c(F)c(F)c(F)c1F)(c1c(F)c(F)c(F)c(F)c1F),Cc1cc(C)c(P(CB(c2c(F)c(F)c(F)c(F)c2F)c2c(F)c(F)c(F)c(F)c2F)C(C)C)c(C)c1,True,0.5714285714285714
template_augmentation,intramolecular_P_B_alkyl,P,mesityl,isopropyl,pentafluorophenyl,pentafluorophenyl,C2,P(c1c(C)cc(C)cc1C)(C(C)C)CCB(c1c(F)c(F)c(F)c(F)c1F)(c1c(F)c(F)c(F)c(F)c1F),Cc1cc(C)c(P(CCB(c2c(F)c(F)c(F)c(F)c2F)c2c(F)c(F)c(F)c(F)c2F)C(C)C)c(C)c1,True,0.6842105263157895
template_augmentation,intramolecular_P_B_alkyl,P,mesityl,isopropyl,pentafluorophenyl,pentafluorophenyl,C3,P(c1c(C)cc(C)cc1C)(C(C)C)CCCB(c1c(F)c(F)c(F)c(F)c1F)(c1c(F)c(F)c(F)c(F)c1F),Cc1cc(C)c(P(CCCB(c2c(F)c(F)c(F)c(F)c2F)c2c(F)c(F)c(F)c(F)c2F)C(C)C)c(C)c1,True,0.6428571428571429
template_augmentation,intramolecular_P_B_alkyl,P,mesityl,isopropyl,pentafluorophenyl,pentafluorophenyl,C4,P(c1c(C)cc(C)cc1C)(C(C)C)CCCCB(c1c(F)c(F)c(F)c(F)c1F)(c1c(F)c(F)c(F)c(F)c1F),Cc1cc(C)c(P(CCCCB(c2c(F)c(F)c(F)c(F)c2F)c2c(F)c(F)c(F)c(F)c2F)C(C)C)c(C)c1,True,0.7073170731707317
template_augmentation,intramolecular_P_B_alkyl,P,mesityl,isopropyl,pentafluorophenyl,pentafluorophenyl,C5,P(c1c(C)cc(C)cc1C)(C(C)C)CCCCCB(c1c(F)c(F)c(F)c(F)c1F)(c1c(F)c(F)c(F)c(F)c1F),Cc1cc(C)c(P(CCCCCB(c2c(F)c(F)c(F)c(F)c2F)c2c(F)c(F)c(F)c(F)c2F)C(C)C)c(C)c1,True,0.6904761904761905
template_augmentation,intramolecular_P_B_alkyl,P,mesityl,isopropyl,pentafluorophenyl,pentafluorophenyl,C6,P(c1c(C)cc(C)cc1C)(C(C)C)CCCCCCB(c1c(F)c(F)c(F)c(F)c1F)(c1c(F)c(F)c(F)c(F)c1F),Cc1cc(C)c(P(CCCCCCB(c2c(F)c(F)c(F)c(F)c2F)c2c(F)c(F)c(F)c(F)c2F)C(C)C)c(C)c1,True,0.6904761904761905
template_augmentation,intramolecular_P_B_alkyl,P,mesityl,isopropyl,pentafluorophenyl,pentachlorophenyl,C1,P(c1c(C)cc(C)cc1C)(C(C)C)CB(c1c(F)c(F)c(F)c(F)c1F)(c1c(Cl)c(Cl)c(Cl)c(Cl)c1Cl),Cc1cc(C)c(P(CB(c2c(F)c(F)c(F)c(F)c2F)c2c(Cl)c(Cl)c(Cl)c(Cl)c2Cl)C(C)C)c(C)c1,True,0.5
template_augmentation,intramolecular_P_B_alkyl,P,mesityl,isopropyl,pentafluorophenyl,pentachlorophenyl,C2,P(c1c(C)cc(C)cc1C)(C(C)C)CCB(c1c(F)c(F)c(F)c(F)c1F)(c1c(Cl)c(Cl)c(Cl)c(Cl)c1Cl),Cc1cc(C)c(P(CCB(c2c(F)c(F)c(F)c(F)c2F)c2c(Cl)c(Cl)c(Cl)c(Cl)c2Cl)C(C)C)c(C)c1,True,0.5909090909090909
template_augmentation,intramolecular_P_B_alkyl,P,mesityl,isopropyl,pentafluorophenyl,pentachlorophenyl,C3,P(c1c(C)cc(C)cc1C)(C(C)C)CCCB(c1c(F)c(F)c(F)c(F)c1F)(c1c(Cl)c(Cl)c(Cl)c(Cl)c1Cl),Cc1cc(C)c(P(CCCB(c2c(F)c(F)c(F)c(F)c2F)c2c(Cl)c(Cl)c(Cl)c(Cl)c2Cl)C(C)C)c(C)c1,True,0.5625
template_augmentation,intramolecular_P_B_alkyl,P,mesityl,isopropyl,pentafluorophenyl,pentachlorophenyl,C4,P(c1c(C)cc(C)cc1C)(C(C)C)CCCCB(c1c(F)c(F)c(F)c(F)c1F)(c1c(Cl)c(Cl)c(Cl)c(Cl)c1Cl),Cc1cc(C)c(P(CCCCB(c2c(F)c(F)c(F)c(F)c2F)c2c(Cl)c(Cl)c(Cl)c(Cl)c2Cl)C(C)C)c(C)c1,True,0.6170212765957447
template_augmentation,intramolecular_P_B_alkyl,P,mesityl,isopropyl,pentafluorophenyl,pentachlorophenyl,C5,P(c1c(C)cc(C)cc1C)(C(C)C)CCCCCB(c1c(F)c(F)c(F)c(F)c1F)(c1c(Cl)c(Cl)c(Cl)c(Cl)c1Cl),Cc1cc(C)c(P(CCCCCB(c2c(F)c(F)c(F)c(F)c2F)c2c(Cl)c(Cl)c(Cl)c(Cl)c2Cl)C(C)C)c(C)c1,True,0.6041666666666666
template_augmentation,intramolecular_P_B_alkyl,P,mesityl,isopropyl,pentafluorophenyl,pentachlorophenyl,C6,P(c1c(C)cc(C)cc1C)(C(C)C)CCCCCCB(c1c(F)c(F)c(F)c(F)c1F)(c1c(Cl)c(Cl)c(Cl)c(Cl)c1Cl),Cc1cc(C)c(P(CCCCCCB(c2c(F)c(F)c(F)c(F)c2F)c2c(Cl)c(Cl)c(Cl)c(Cl)c2Cl)C(C)C)c(C)c1,True,0.6041666666666666
template_augmentation,intramolecular_P_B_alkyl,P,mesityl,isopropyl,pentafluorophenyl,bis_cf3_phenyl,C1,P(c1c(C)cc(C)cc1C)(C(C)C)CB(c1c(F)c(F)c(F)c(F)c1F)(c1cc(C(F)(F)F)cc(C(F)(F)F)c1),Cc1cc(C)c(P(CB(c2cc(C(F)(F)F)cc(C(F)(F)F)c2)c2c(F)c(F)c(F)c(F)c2F)C(C)C)c(C)c1,True,0.47058823529411764
template_augmentation,intramolecular_P_B_alkyl,P,mesityl,isopropyl,pentafluorophenyl,bis_cf3_phenyl,C2,P(c1c(C)cc(C)cc1C)(C(C)C)CCB(c1c(F)c(F)c(F)c(F)c1F)(c1cc(C(F)(F)F)cc(C(F)(F)F)c1),Cc1cc(C)c(P(CCB(c2cc(C(F)(F)F)cc(C(F)(F)F)c2)c2c(F)c(F)c(F)c(F)c2F)C(C)C)c(C)c1,True,0.5208333333333334
template_augmentation,intramolecular_P_B_alkyl,P,mesityl,isopropyl,pentafluorophenyl,bis_cf3_phenyl,C3,P(c1c(C)cc(C)cc1C)(C(C)C)CCCB(c1c(F)c(F)c(F)c(F)c1F)(c1cc(C(F)(F)F)cc(C(F)(F)F)c1),Cc1cc(C)c(P(CCCB(c2cc(C(F)(F)F)cc(C(F)(F)F)c2)c2c(F)c(F)c(F)c(F)c2F)C(C)C)c(C)c1,True,0.5
template_augmentation,intramolecular_P_B_alkyl,P,mesityl,isopropyl,pentafluorophenyl,bis_cf3_phenyl,C4,P(c1c(C)cc(C)cc1C)(C(C)C)CCCCB(c1c(F)c(F)c(F)c(F)c1F)(c1cc(C(F)(F)F)cc(C(F)(F)F)c1),Cc1cc(C)c(P(CCCCB(c2cc(C(F)(F)F)cc(C(F)(F)F)c2)c2c(F)c(F)c(F)c(F)c2F)C(C)C)c(C)c1,True,0.5490196078431373
template_augmentation,intramolecular_P_B_alkyl,P,mesityl,isopropyl,pentafluorophenyl,bis_cf3_phenyl,C5,P(c1c(C)cc(C)cc1C)(C(C)C)CCCCCB(c1c(F)c(F)c(F)c(F)c1F)(c1cc(C(F)(F)F)cc(C(F)(F)F)c1),Cc1cc(C)c(P(CCCCCB(c2cc(C(F)(F)F)cc(C(F)(F)F)c2)c2c(F)c(F)c(F)c(F)c2F)C(C)C)c(C)c1,True,0.5384615384615384
template_augmentation,intramolecular_P_B_alkyl,P,mesityl,isopropyl,pentafluorophenyl,bis_cf3_phenyl,C6,P(c1c(C)cc(C)cc1C)(C(C)C)CCCCCCB(c1c(F)c(F)c(F)c(F)c1F)(c1cc(C(F)(F)F)cc(C(F)(F)F)c1),Cc1cc(C)c(P(CCCCCCB(c2cc(C(F)(F)F)cc(C(F)(F)F)c2)c2c(F)c(F)c(F)c(F)c2F)C(C)C)c(C)c1,True,0.5384615384615384
template_augmentation,intramolecular_P_B_alkyl,P,mesityl,isopropyl,pentachlorophenyl,pentachlorophenyl,C1,P(c1c(C)cc(C)cc1C)(C(C)C)CB(c1c(Cl)c(Cl)c(Cl)c(Cl)c1Cl)(c1c(Cl)c(Cl)c(Cl)c(Cl)c1Cl),Cc1cc(C)c(P(CB(c2c(Cl)c(Cl)c(Cl)c(Cl)c2Cl)c2c(Cl)c(Cl)c(Cl)c(Cl)c2Cl)C(C)C)c(C)c1,True,0.5714285714285714
template_augmentation,intramolecular_P_B_alkyl,P,mesityl,isopropyl,pentachlorophenyl,pentachlorophenyl,C2,P(c1c(C)cc(C)cc1C)(C(C)C)CCB(c1c(Cl)c(Cl)c(Cl)c(Cl)c1Cl)(c1c(Cl)c(Cl)c(Cl)c(Cl)c1Cl),Cc1cc(C)c(P(CCB(c2c(Cl)c(Cl)c(Cl)c(Cl)c2Cl)c2c(Cl)c(Cl)c(Cl)c(Cl)c2Cl)C(C)C)c(C)c1,True,0.6842105263157895
template_augmentation,intramolecular_P_B_alkyl,P,mesityl,isopropyl,pentachlorophenyl,pentachlorophenyl,C3,P(c1c(C)cc(C)cc1C)(C(C)C)CCCB(c1c(Cl)c(Cl)c(Cl)c(Cl)c1Cl)(c1c(Cl)c(Cl)c(Cl)c(Cl)c1Cl),Cc1cc(C)c(P(CCCB(c2c(Cl)c(Cl)c(Cl)c(Cl)c2Cl)c2c(Cl)c(Cl)c(Cl)c(Cl)c2Cl)C(C)C)c(C)c1,True,0.6428571428571429
template_augmentation,intramolecular_P_B_alkyl,P,mesityl,isopropyl,pentachlorophenyl,pentachlorophenyl,C4,P(c1c(C)cc(C)cc1C)(C(C)C)CCCCB(c1c(Cl)c(Cl)c(Cl)c(Cl)c1Cl)(c1c(Cl)c(Cl)c(Cl)c(Cl)c1Cl),Cc1cc(C)c(P(CCCCB(c2c(Cl)c(Cl)c(Cl)c(Cl)c2Cl)c2c(Cl)c(Cl)c(Cl)c(Cl)c2Cl)C(C)C)c(C)c1,True,0.7073170731707317
template_augmentation,intramolecular_P_B_alkyl,P,mesityl,isopropyl,pentachlorophenyl,pentachlorophenyl,C5,P(c1c(C)cc(C)cc1C)(C(C)C)CCCCCB(c1c(Cl)c(Cl)c(Cl)c(Cl)c1Cl)(c1c(Cl)c(Cl)c(Cl)c(Cl)c1Cl),Cc1cc(C)c(P(CCCCCB(c2c(Cl)c(Cl)c(Cl)c(Cl)c2Cl)c2c(Cl)c(Cl)c(Cl)c(Cl)c2Cl)C(C)C)c(C)c1,True,0.6904761904761905
template_augmentation,intramolecular_P_B_alkyl,P,mesityl,isopropyl,pentachlorophenyl,pentachlorophenyl,C6,P(c1c(C)cc(C)cc1C)(C(C)C)CCCCCCB(c1c(Cl)c(Cl)c(Cl)c(Cl)c1Cl)(c1c(Cl)c(Cl)c(Cl)c(Cl)c1Cl),Cc1cc(C)c(P(CCCCCCB(c2c(Cl)c(Cl)c(Cl)c(Cl)c2Cl)c2c(Cl)c(Cl)c(Cl)c(Cl)c2Cl)C(C)C)c(C)c1,True,0.6904761904761905
template_augmentation,intramolecular_P_B_alkyl,P,mesityl,isopropyl,pentachlorophenyl,bis_cf3_phenyl,C1,P(c1c(C)cc(C)cc1C)(C(C)C)CB(c1c(Cl)c(Cl)c(Cl)c(Cl)c1Cl)(c1cc(C(F)(F)F)cc(C(F)(F)F)c1),Cc1cc(C)c(P(CB(c2cc(C(F)(F)F)cc(C(F)(F)F)c2)c2c(Cl)c(Cl)c(Cl)c(Cl)c2Cl)C(C)C)c(C)c1,True,0.46153846153846156
template_augmentation,intramolecular_P_B_alkyl,P,mesityl,isopropyl,pentachlorophenyl,bis_cf3_phenyl,C2,P(c1c(C)cc(C)cc1C)(C(C)C)CCB(c1c(Cl)c(Cl)c(Cl)c(Cl)c1Cl)(c1cc(C(F)(F)F)cc(C(F)(F)F)c1),Cc1cc(C)c(P(CCB(c2cc(C(F)(F)F)cc(C(F)(F)F)c2)c2c(Cl)c(Cl)c(Cl)c(Cl)c2Cl)C(C)C)c(C)c1,True,0.5102040816326531
template_augmentation,intramolecular_P_B_alkyl,P,mesityl,isopropyl,pentachlorophenyl,bis_cf3_phenyl,C3,P(c1c(C)cc(C)cc1C)(C(C)C)CCCB(c1c(Cl)c(Cl)c(Cl)c(Cl)c1Cl)(c1cc(C(F)(F)F)cc(C(F)(F)F)c1),Cc1cc(C)c(P(CCCB(c2cc(C(F)(F)F)cc(C(F)(F)F)c2)c2c(Cl)c(Cl)c(Cl)c(Cl)c2Cl)C(C)C)c(C)c1,True,0.49056603773584906
template_augmentation,intramolecular_P_B_alkyl,P,mesityl,isopropyl,pentachlorophenyl,bis_cf3_phenyl,C4,P(c1c(C)cc(C)cc1C)(C(C)C)CCCCB(c1c(Cl)c(Cl)c(Cl)c(Cl)c1Cl)(c1cc(C(F)(F)F)cc(C(F)(F)F)c1),Cc1cc(C)c(P(CCCCB(c2cc(C(F)(F)F)cc(C(F)(F)F)c2)c2c(Cl)c(Cl)c(Cl)c(Cl)c2Cl)C(C)C)c(C)c1,True,0.5384615384615384
template_augmentation,intramolecular_P_B_alkyl,P,mesityl,isopropyl,pentachlorophenyl,bis_cf3_phenyl,C5,P(c1c(C)cc(C)cc1C)(C(C)C)CCCCCB(c1c(Cl)c(Cl)c(Cl)c(Cl)c1Cl)(c1cc(C(F)(F)F)cc(C(F)(F)F)c1),Cc1cc(C)c(P(CCCCCB(c2cc(C(F)(F)F)cc(C(F)(F)F)c2)c2c(Cl)c(Cl)c(Cl)c(Cl)c2Cl)C(C)C)c(C)c1,True,0.5283018867924528
template_augmentation,intramolecular_P_B_alkyl,P,mesityl,isopropyl,pentachlorophenyl,bis_cf3_phenyl,C6,P(c1c(C)cc(C)cc1C)(C(C)C)CCCCCCB(c1c(Cl)c(Cl)c(Cl)c(Cl)c1Cl)(c1cc(C(F)(F)F)cc(C(F)(F)F)c1),Cc1cc(C)c(P(CCCCCCB(c2cc(C(F)(F)F)cc(C(F)(F)F)c2)c2c(Cl)c(Cl)c(Cl)c(Cl)c2Cl)C(C)C)c(C)c1,True,0.5283018867924528
template_augmentation,intramolecular_P_B_alkyl,P,mesityl,isopropyl,bis_cf3_phenyl,bis_cf3_phenyl,C1,P(c1c(C)cc(C)cc1C)(C(C)C)CB(c1cc(C(F)(F)F)cc(C(F)(F)F)c1)(c1cc(C(F)(F)F)cc(C(F)(F)F)c1),Cc1cc(C)c(P(CB(c2cc(C(F)(F)F)cc(C(F)(F)F)c2)c2cc(C(F)(F)F)cc(C(F)(F)F)c2)C(C)C)c(C)c1,True,0.525
template_augmentation,intramolecular_P_B_alkyl,P,mesityl,isopropyl,bis_cf3_phenyl,bis_cf3_phenyl,C2,P(c1c(C)cc(C)cc1C)(C(C)C)CCB(c1cc(C(F)(F)F)cc(C(F)(F)F)c1)(c1cc(C(F)(F)F)cc(C(F)(F)F)c1),Cc1cc(C)c(P(CCB(c2cc(C(F)(F)F)cc(C(F)(F)F)c2)c2cc(C(F)(F)F)cc(C(F)(F)F)c2)C(C)C)c(C)c1,True,0.45454545454545453
template_augmentation,intramolecular_P_B_alkyl,P,mesityl,isopropyl,bis_cf3_phenyl,bis_cf3_phenyl,C3,P(c1c(C)cc(C)cc1C)(C(C)C)CCCB(c1cc(C(F)(F)F)cc(C(F)(F)F)c1)(c1cc(C(F)(F)F)cc(C(F)(F)F)c1),Cc1cc(C)c(P(CCCB(c2cc(C(F)(F)F)cc(C(F)(F)F)c2)c2cc(C(F)(F)F)cc(C(F)(F)F)c2)C(C)C)c(C)c1,True,0.43478260869565216
template_augmentation,intramolecular_P_B_alkyl,P,mesityl,isopropyl,bis_cf3_phenyl,bis_cf3_phenyl,C4,P(c1c(C)cc(C)cc1C)(C(C)C)CCCCB(c1cc(C(F)(F)F)cc(C(F)(F)F)c1)(c1cc(C(F)(F)F)cc(C(F)(F)F)c1),Cc1cc(C)c(P(CCCCB(c2cc(C(F)(F)F)cc(C(F)(F)F)c2)c2cc(C(F)(F)F)cc(C(F)(F)F)c2)C(C)C)c(C)c1,True,0.43137254901960786
template_augmentation,intramolecular_P_B_alkyl,P,mesityl,isopropyl,bis_cf3_phenyl,bis_cf3_phenyl,C5,P(c1c(C)cc(C)cc1C)(C(C)C)CCCCCB(c1cc(C(F)(F)F)cc(C(F)(F)F)c1)(c1cc(C(F)(F)F)cc(C(F)(F)F)c1),Cc1cc(C)c(P(CCCCCB(c2cc(C(F)(F)F)cc(C(F)(F)F)c2)c2cc(C(F)(F)F)cc(C(F)(F)F)c2)C(C)C)c(C)c1,True,0.4230769230769231
template_augmentation,intramolecular_P_B_alkyl,P,mesityl,isopropyl,bis_cf3_phenyl,bis_cf3_phenyl,C6,P(c1c(C)cc(C)cc1C)(C(C)C)CCCCCCB(c1cc(C(F)(F)F)cc(C(F)(F)F)c1)(c1cc(C(F)(F)F)cc(C(F)(F)F)c1),Cc1cc(C)c(P(CCCCCCB(c2cc(C(F)(F)F)cc(C(F)(F)F)c2)c2cc(C(F)(F)F)cc(C(F)(F)F)c2)C(C)C)c(C)c1,True,0.4230769230769231
template_augmentation,intramolecular_P_B_alkyl,P,tert_butyl,tert_butyl,phenyl,phenyl,C1,P(C(C)(C)C)(C(C)(C)C)CB(c1ccccc1)(c1ccccc1),CC(C)(C)P(CB(c1ccccc1)c1ccccc1)C(C)(C)C,True,0.5151515151515151
template_augmentation,intramolecular_P_B_alkyl,P,tert_butyl,tert_butyl,phenyl,phenyl,C2,P(C(C)(C)C)(C(C)(C)C)CCB(c1ccccc1)(c1ccccc1),CC(C)(C)P(CCB(c1ccccc1)c1ccccc1)C(C)(C)C,True,0.34285714285714286
template_augmentation,intramolecular_P_B_alkyl,P,tert_butyl,tert_butyl,phenyl,phenyl,C3,P(C(C)(C)C)(C(C)(C)C)CCCB(c1ccccc1)(c1ccccc1),CC(C)(C)P(CCCB(c1ccccc1)c1ccccc1)C(C)(C)C,True,0.3333333333333333
template_augmentation,intramolecular_P_B_alkyl,P,tert_butyl,tert_butyl,phenyl,phenyl,C4,P(C(C)(C)C)(C(C)(C)C)CCCCB(c1ccccc1)(c1ccccc1),CC(C)(C)P(CCCCB(c1ccccc1)c1ccccc1)C(C)(C)C,True,0.3902439024390244
template_augmentation,intramolecular_P_B_alkyl,P,tert_butyl,tert_butyl,phenyl,phenyl,C5,P(C(C)(C)C)(C(C)(C)C)CCCCCB(c1ccccc1)(c1ccccc1),CC(C)(C)P(CCCCCB(c1ccccc1)c1ccccc1)C(C)(C)C,True,0.38095238095238093
template_augmentation,intramolecular_P_B_alkyl,P,tert_butyl,tert_butyl,phenyl,phenyl,C6,P(C(C)(C)C)(C(C)(C)C)CCCCCCB(c1ccccc1)(c1ccccc1),CC(C)(C)P(CCCCCCB(c1ccccc1)c1ccccc1)C(C)(C)C,True,0.38095238095238093
template_augmentation,intramolecular_P_B_alkyl,P,tert_butyl,tert_butyl,phenyl,p_tolyl,C1,P(C(C)(C)C)(C(C)(C)C)CB(c1ccccc1)(c1ccc(C)cc1),Cc1ccc(B(CP(C(C)(C)C)C(C)(C)C)c2ccccc2)cc1,True,0.4473684210526316
template_augmentation,intramolecular_P_B_alkyl,P,tert_butyl,tert_butyl,phenyl,p_tolyl,C2,P(C(C)(C)C)(C(C)(C)C)CCB(c1ccccc1)(c1ccc(C)cc1),Cc1ccc(B(CCP(C(C)(C)C)C(C)(C)C)c2ccccc2)cc1,True,0.30434782608695654
template_augmentation,intramolecular_P_B_alkyl,P,tert_butyl,tert_butyl,phenyl,p_tolyl,C3,P(C(C)(C)C)(C(C)(C)C)CCCB(c1ccccc1)(c1ccc(C)cc1),Cc1ccc(B(CCCP(C(C)(C)C)C(C)(C)C)c2ccccc2)cc1,True,0.3018867924528302
template_augmentation,intramolecular_P_B_alkyl,P,tert_butyl,tert_butyl,phenyl,p_tolyl,C4,P(C(C)(C)C)(C(C)(C)C)CCCCB(c1ccccc1)(c1ccc(C)cc1),Cc1ccc(B(CCCCP(C(C)(C)C)C(C)(C)C)c2ccccc2)cc1,True,0.34782608695652173
template_augmentation,intramolecular_P_B_alkyl,P,tert_butyl,tert_butyl,phenyl,p_tolyl,C5,P(C(C)(C)C)(C(C)(C)C)CCCCCB(c1ccccc1)(c1ccc(C)cc1),Cc1ccc(B(CCCCCP(C(C)(C)C)C(C)(C)C)c2ccccc2)cc1,True,0.3404255319148936
template_augmentation,intramolecular_P_B_alkyl,P,tert_butyl,tert_butyl,phenyl,p_tolyl,C6,P(C(C)(C)C)(C(C)(C)C)CCCCCCB(c1ccccc1)(c1ccc(C)cc1),Cc1ccc(B(CCCCCCP(C(C)(C)C)C(C)(C)C)c2ccccc2)cc1,True,0.3404255319148936
template_augmentation,intramolecular_P_B_alkyl,P,tert_butyl,tert_butyl,phenyl,mesityl,C1,P(C(C)(C)C)(C(C)(C)C)CB(c1ccccc1)(c1c(C)cc(C)cc1C),Cc1cc(C)c(B(CP(C(C)(C)C)C(C)(C)C)c2ccccc2)c(C)c1,True,0.42105263157894735
template_augmentation,intramolecular_P_B_alkyl,P,tert_butyl,tert_butyl,phenyl,mesityl,C2,P(C(C)(C)C)(C(C)(C)C)CCB(c1ccccc1)(c1c(C)cc(C)cc1C),Cc1cc(C)c(B(CCP(C(C)(C)C)C(C)(C)C)c2ccccc2)c(C)c1,True,0.4222222222222222
template_augmentation,intramolecular_P_B_alkyl,P,tert_butyl,tert_butyl,phenyl,mesityl,C3,P(C(C)(C)C)(C(C)(C)C)CCCB(c1ccccc1)(c1c(C)cc(C)cc1C),Cc1cc(C)c(B(CCCP(C(C)(C)C)C(C)(C)C)c2ccccc2)c(C)c1,True,0.40816326530612246
template_augmentation,intramolecular_P_B_alkyl,P,tert_butyl,tert_butyl,phenyl,mesityl,C4,P(C(C)(C)C)(C(C)(C)C)CCCCB(c1ccccc1)(c1c(C)cc(C)cc1C),Cc1cc(C)c(B(CCCCP(C(C)(C)C)C(C)(C)C)c2ccccc2)c(C)c1,True,0.4583333333333333
template_augmentation,intramolecular_P_B_alkyl,P,tert_butyl,tert_butyl,phenyl,mesityl,C5,P(C(C)(C)C)(C(C)(C)C)CCCCCB(c1ccccc1)(c1c(C)cc(C)cc1C),Cc1cc(C)c(B(CCCCCP(C(C)(C)C)C(C)(C)C)c2ccccc2)c(C)c1,True,0.4489795918367347
template_augmentation,intramolecular_P_B_alkyl,P,tert_butyl,tert_butyl,phenyl,mesityl,C6,P(C(C)(C)C)(C(C)(C)C)CCCCCCB(c1ccccc1)(c1c(C)cc(C)cc1C),Cc1cc(C)c(B(CCCCCCP(C(C)(C)C)C(C)(C)C)c2ccccc2)c(C)c1,True,0.4489795918367347
template_augmentation,intramolecular_P_B_alkyl,P,tert_butyl,tert_butyl,phenyl,pentafluorophenyl,C1,P(C(C)(C)C)(C(C)(C)C)CB(c1ccccc1)(c1c(F)c(F)c(F)c(F)c1F),CC(C)(C)P(CB(c1ccccc1)c1c(F)c(F)c(F)c(F)c1F)C(C)(C)C,True,0.6774193548387096
template_augmentation,intramolecular_P_B_alkyl,P,tert_butyl,tert_butyl,phenyl,pentafluorophenyl,C2,P(C(C)(C)C)(C(C)(C)C)CCB(c1ccccc1)(c1c(F)c(F)c(F)c(F)c1F),CC(C)(C)P(CCB(c1ccccc1)c1c(F)c(F)c(F)c(F)c1F)C(C)(C)C,True,0.5128205128205128
template_augmentation,intramolecular_P_B_alkyl,P,tert_butyl,tert_butyl,phenyl,pentafluorophenyl,C3,P(C(C)(C)C)(C(C)(C)C)CCCB(c1ccccc1)(c1c(F)c(F)c(F)c(F)c1F),CC(C)(C)P(CCCB(c1ccccc1)c1c(F)c(F)c(F)c(F)c1F)C(C)(C)C,True,0.4883720930232558
template_augmentation,intramolecular_P_B_alkyl,P,tert_butyl,tert_butyl,phenyl,pentafluorophenyl,C4,P(C(C)(C)C)(C(C)(C)C)CCCCB(c1ccccc1)(c1c(F)c(F)c(F)c(F)c1F),CC(C)(C)P(CCCCB(c1ccccc1)c1c(F)c(F)c(F)c(F)c1F)C(C)(C)C,True,0.5476190476190477
template_augmentation,intramolecular_P_B_alkyl,P,tert_butyl,tert_butyl,phenyl,pentafluorophenyl,C5,P(C(C)(C)C)(C(C)(C)C)CCCCCB(c1ccccc1)(c1c(F)c(F)c(F)c(F)c1F),CC(C)(C)P(CCCCCB(c1ccccc1)c1c(F)c(F)c(F)c(F)c1F)C(C)(C)C,True,0.5348837209302325
template_augmentation,intramolecular_P_B_alkyl,P,tert_butyl,tert_butyl,phenyl,pentafluorophenyl,C6,P(C(C)(C)C)(C(C)(C)C)CCCCCCB(c1ccccc1)(c1c(F)c(F)c(F)c(F)c1F),CC(C)(C)P(CCCCCCB(c1ccccc1)c1c(F)c(F)c(F)c(F)c1F)C(C)(C)C,True,0.5348837209302325
template_augmentation,intramolecular_P_B_alkyl,P,tert_butyl,tert_butyl,phenyl,pentachlorophenyl,C1,P(C(C)(C)C)(C(C)(C)C)CB(c1ccccc1)(c1c(Cl)c(Cl)c(Cl)c(Cl)c1Cl),CC(C)(C)P(CB(c1ccccc1)c1c(Cl)c(Cl)c(Cl)c(Cl)c1Cl)C(C)(C)C,True,0.7
template_augmentation,intramolecular_P_B_alkyl,P,tert_butyl,tert_butyl,phenyl,pentachlorophenyl,C2,P(C(C)(C)C)(C(C)(C)C)CCB(c1ccccc1)(c1c(Cl)c(Cl)c(Cl)c(Cl)c1Cl),CC(C)(C)P(CCB(c1ccccc1)c1c(Cl)c(Cl)c(Cl)c(Cl)c1Cl)C(C)(C)C,True,0.5142857142857142
template_augmentation,intramolecular_P_B_alkyl,P,tert_butyl,tert_butyl,phenyl,pentachlorophenyl,C3,P(C(C)(C)C)(C(C)(C)C)CCCB(c1ccccc1)(c1c(Cl)c(Cl)c(Cl)c(Cl)c1Cl),CC(C)(C)P(CCCB(c1ccccc1)c1c(Cl)c(Cl)c(Cl)c(Cl)c1Cl)C(C)(C)C,True,0.4864864864864865
template_augmentation,intramolecular_P_B_alkyl,P,tert_butyl,tert_butyl,phenyl,pentachlorophenyl,C4,P(C(C)(C)C)(C(C)(C)C)CCCCB(c1ccccc1)(c1c(Cl)c(Cl)c(Cl)c(Cl)c1Cl),CC(C)(C)P(CCCCB(c1ccccc1)c1c(Cl)c(Cl)c(Cl)c(Cl)c1Cl)C(C)(C)C,True,0.5365853658536586
template_augmentation,intramolecular_P_B_alkyl,P,tert_butyl,tert_butyl,phenyl,pentachlorophenyl,C5,P(C(C)(C)C)(C(C)(C)C)CCCCCB(c1ccccc1)(c1c(Cl)c(Cl)c(Cl)c(Cl)c1Cl),CC(C)(C)P(CCCCCB(c1ccccc1)c1c(Cl)c(Cl)c(Cl)c(Cl)c1Cl)C(C)(C)C,True,0.5238095238095238
template_augmentation,intramolecular_P_B_alkyl,P,tert_butyl,tert_butyl,phenyl,pentachlorophenyl,C6,P(C(C)(C)C)(C(C)(C)C)CCCCCCB(c1ccccc1)(c1c(Cl)c(Cl)c(Cl)c(Cl)c1Cl),CC(C)(C)P(CCCCCCB(c1ccccc1)c1c(Cl)c(Cl)c(Cl)c(Cl)c1Cl)C(C)(C)C,True,0.5238095238095238
template_augmentation,intramolecular_P_B_alkyl,P,tert_butyl,tert_butyl,phenyl,bis_cf3_phenyl,C1,P(C(C)(C)C)(C(C)(C)C)CB(c1ccccc1)(c1cc(C(F)(F)F)cc(C(F)(F)F)c1),CC(C)(C)P(CB(c1ccccc1)c1cc(C(F)(F)F)cc(C(F)(F)F)c1)C(C)(C)C,True,0.8181818181818182
template_augmentation,intramolecular_P_B_alkyl,P,tert_butyl,tert_butyl,phenyl,bis_cf3_phenyl,C2,P(C(C)(C)C)(C(C)(C)C)CCB(c1ccccc1)(c1cc(C(F)(F)F)cc(C(F)(F)F)c1),CC(C)(C)P(CCB(c1ccccc1)c1cc(C(F)(F)F)cc(C(F)(F)F)c1)C(C)(C)C,True,0.5897435897435898
template_augmentation,intramolecular_P_B_alkyl,P,tert_butyl,tert_butyl,phenyl,bis_cf3_phenyl,C3,P(C(C)(C)C)(C(C)(C)C)CCCB(c1ccccc1)(c1cc(C(F)(F)F)cc(C(F)(F)F)c1),CC(C)(C)P(CCCB(c1ccccc1)c1cc(C(F)(F)F)cc(C(F)(F)F)c1)C(C)(C)C,True,0.5609756097560976
template_augmentation,intramolecular_P_B_alkyl,P,tert_butyl,tert_butyl,phenyl,bis_cf3_phenyl,C4,P(C(C)(C)C)(C(C)(C)C)CCCCB(c1ccccc1)(c1cc(C(F)(F)F)cc(C(F)(F)F)c1),CC(C)(C)P(CCCCB(c1ccccc1)c1cc(C(F)(F)F)cc(C(F)(F)F)c1)C(C)(C)C,True,0.5476190476190477
template_augmentation,intramolecular_P_B_alkyl,P,tert_butyl,tert_butyl,phenyl,bis_cf3_phenyl,C5,P(C(C)(C)C)(C(C)(C)C)CCCCCB(c1ccccc1)(c1cc(C(F)(F)F)cc(C(F)(F)F)c1),CC(C)(C)P(CCCCCB(c1ccccc1)c1cc(C(F)(F)F)cc(C(F)(F)F)c1)C(C)(C)C,True,0.5348837209302325
template_augmentation,intramolecular_P_B_alkyl,P,tert_butyl,tert_butyl,phenyl,bis_cf3_phenyl,C6,P(C(C)(C)C)(C(C)(C)C)CCCCCCB(c1ccccc1)(c1cc(C(F)(F)F)cc(C(F)(F)F)c1),CC(C)(C)P(CCCCCCB(c1ccccc1)c1cc(C(F)(F)F)cc(C(F)(F)F)c1)C(C)(C)C,True,0.5348837209302325
template_augmentation,intramolecular_P_B_alkyl,P,tert_butyl,tert_butyl,p_tolyl,p_tolyl,C1,P(C(C)(C)C)(C(C)(C)C)CB(c1ccc(C)cc1)(c1ccc(C)cc1),Cc1ccc(B(CP(C(C)(C)C)C(C)(C)C)c2ccc(C)cc2)cc1,True,0.5
template_augmentation,intramolecular_P_B_alkyl,P,tert_butyl,tert_butyl,p_tolyl,p_tolyl,C2,P(C(C)(C)C)(C(C)(C)C)CCB(c1ccc(C)cc1)(c1ccc(C)cc1),Cc1ccc(B(CCP(C(C)(C)C)C(C)(C)C)c2ccc(C)cc2)cc1,True,0.325
template_augmentation,intramolecular_P_B_alkyl,P,tert_butyl,tert_butyl,p_tolyl,p_tolyl,C3,P(C(C)(C)C)(C(C)(C)C)CCCB(c1ccc(C)cc1)(c1ccc(C)cc1),Cc1ccc(B(CCCP(C(C)(C)C)C(C)(C)C)c2ccc(C)cc2)cc1,True,0.30952380952380953
template_augmentation,intramolecular_P_B_alkyl,P,tert_butyl,tert_butyl,p_tolyl,p_tolyl,C4,P(C(C)(C)C)(C(C)(C)C)CCCCB(c1ccc(C)cc1)(c1ccc(C)cc1),Cc1ccc(B(CCCCP(C(C)(C)C)C(C)(C)C)c2ccc(C)cc2)cc1,True,0.34782608695652173
template_augmentation,intramolecular_P_B_alkyl,P,tert_butyl,tert_butyl,p_tolyl,p_tolyl,C5,P(C(C)(C)C)(C(C)(C)C)CCCCCB(c1ccc(C)cc1)(c1ccc(C)cc1),Cc1ccc(B(CCCCCP(C(C)(C)C)C(C)(C)C)c2ccc(C)cc2)cc1,True,0.3404255319148936
template_augmentation,intramolecular_P_B_alkyl,P,tert_butyl,tert_butyl,p_tolyl,p_tolyl,C6,P(C(C)(C)C)(C(C)(C)C)CCCCCCB(c1ccc(C)cc1)(c1ccc(C)cc1),Cc1ccc(B(CCCCCCP(C(C)(C)C)C(C)(C)C)c2ccc(C)cc2)cc1,True,0.3404255319148936
template_augmentation,intramolecular_P_B_alkyl,P,tert_butyl,tert_butyl,p_tolyl,mesityl,C1,P(C(C)(C)C)(C(C)(C)C)CB(c1ccc(C)cc1)(c1c(C)cc(C)cc1C),Cc1ccc(B(CP(C(C)(C)C)C(C)(C)C)c2c(C)cc(C)cc2C)cc1,True,0.4146341463414634
template_augmentation,intramolecular_P_B_alkyl,P,tert_butyl,tert_butyl,p_tolyl,mesityl,C2,P(C(C)(C)C)(C(C)(C)C)CCB(c1ccc(C)cc1)(c1c(C)cc(C)cc1C),Cc1ccc(B(CCP(C(C)(C)C)C(C)(C)C)c2c(C)cc(C)cc2C)cc1,True,0.4
template_augmentation,intramolecular_P_B_alkyl,P,tert_butyl,tert_butyl,p_tolyl,mesityl,C3,P(C(C)(C)C)(C(C)(C)C)CCCB(c1ccc(C)cc1)(c1c(C)cc(C)cc1C),Cc1ccc(B(CCCP(C(C)(C)C)C(C)(C)C)c2c(C)cc(C)cc2C)cc1,True,0.3877551020408163
template_augmentation,intramolecular_P_B_alkyl,P,tert_butyl,tert_butyl,p_tolyl,mesityl,C4,P(C(C)(C)C)(C(C)(C)C)CCCCB(c1ccc(C)cc1)(c1c(C)cc(C)cc1C),Cc1ccc(B(CCCCP(C(C)(C)C)C(C)(C)C)c2c(C)cc(C)cc2C)cc1,True,0.4375
template_augmentation,intramolecular_P_B_alkyl,P,tert_butyl,tert_butyl,p_tolyl,mesityl,C5,P(C(C)(C)C)(C(C)(C)C)CCCCCB(c1ccc(C)cc1)(c1c(C)cc(C)cc1C),Cc1ccc(B(CCCCCP(C(C)(C)C)C(C)(C)C)c2c(C)cc(C)cc2C)cc1,True,0.42857142857142855
template_augmentation,intramolecular_P_B_alkyl,P,tert_butyl,tert_butyl,p_tolyl,mesityl,C6,P(C(C)(C)C)(C(C)(C)C)CCCCCCB(c1ccc(C)cc1)(c1c(C)cc(C)cc1C),Cc1ccc(B(CCCCCCP(C(C)(C)C)C(C)(C)C)c2c(C)cc(C)cc2C)cc1,True,0.42857142857142855
template_augmentation,intramolecular_P_B_alkyl,P,tert_butyl,tert_butyl,p_tolyl,pentafluorophenyl,C1,P(C(C)(C)C)(C(C)(C)C)CB(c1ccc(C)cc1)(c1c(F)c(F)c(F)c(F)c1F),Cc1ccc(B(CP(C(C)(C)C)C(C)(C)C)c2c(F)c(F)c(F)c(F)c2F)cc1,True,0.65625
template_augmentation,intramolecular_P_B_alkyl,P,tert_butyl,tert_butyl,p_tolyl,pentafluorophenyl,C2,P(C(C)(C)C)(C(C)(C)C)CCB(c1ccc(C)cc1)(c1c(F)c(F)c(F)c(F)c1F),Cc1ccc(B(CCP(C(C)(C)C)C(C)(C)C)c2c(F)c(F)c(F)c(F)c2F)cc1,True,0.4864864864864865
template_augmentation,intramolecular_P_B_alkyl,P,tert_butyl,tert_butyl,p_tolyl,pentafluorophenyl,C3,P(C(C)(C)C)(C(C)(C)C)CCCB(c1ccc(C)cc1)(c1c(F)c(F)c(F)c(F)c1F),Cc1ccc(B(CCCP(C(C)(C)C)C(C)(C)C)c2c(F)c(F)c(F)c(F)c2F)cc1,True,0.46153846153846156
template_augmentation,intramolecular_P_B_alkyl,P,tert_butyl,tert_butyl,p_tolyl,pentafluorophenyl,C4,P(C(C)(C)C)(C(C)(C)C)CCCCB(c1ccc(C)cc1)(c1c(F)c(F)c(F)c(F)c1F),Cc1ccc(B(CCCCP(C(C)(C)C)C(C)(C)C)c2c(F)c(F)c(F)c(F)c2F)cc1,True,0.5
template_augmentation,intramolecular_P_B_alkyl,P,tert_butyl,tert_butyl,p_tolyl,pentafluorophenyl,C5,P(C(C)(C)C)(C(C)(C)C)CCCCCB(c1ccc(C)cc1)(c1c(F)c(F)c(F)c(F)c1F),Cc1ccc(B(CCCCCP(C(C)(C)C)C(C)(C)C)c2c(F)c(F)c(F)c(F)c2F)cc1,True,0.48936170212765956
template_augmentation,intramolecular_P_B_alkyl,P,tert_butyl,tert_butyl,p_tolyl,pentafluorophenyl,C6,P(C(C)(C)C)(C(C)(C)C)CCCCCCB(c1ccc(C)cc1)(c1c(F)c(F)c(F)c(F)c1F),Cc1ccc(B(CCCCCCP(C(C)(C)C)C(C)(C)C)c2c(F)c(F)c(F)c(F)c2F)cc1,True,0.48936170212765956
template_augmentation,intramolecular_P_B_alkyl,P,tert_butyl,tert_butyl,p_tolyl,pentachlorophenyl,C1,P(C(C)(C)C)(C(C)(C)C)CB(c1ccc(C)cc1)(c1c(Cl)c(Cl)c(Cl)c(Cl)c1Cl),Cc1ccc(B(CP(C(C)(C)C)C(C)(C)C)c2c(Cl)c(Cl)c(Cl)c(Cl)c2Cl)cc1,True,0.65625
template_augmentation,intramolecular_P_B_alkyl,P,tert_butyl,tert_butyl,p_tolyl,pentachlorophenyl,C2,P(C(C)(C)C)(C(C)(C)C)CCB(c1ccc(C)cc1)(c1c(Cl)c(Cl)c(Cl)c(Cl)c1Cl),Cc1ccc(B(CCP(C(C)(C)C)C(C)(C)C)c2c(Cl)c(Cl)c(Cl)c(Cl)c2Cl)cc1,True,0.4864864864864865
template_augmentation,intramolecular_P_B_alkyl,P,tert_butyl,tert_butyl,p_tolyl,pentachlorophenyl,C3,P(C(C)(C)C)(C(C)(C)C)CCCB(c1ccc(C)cc1)(c1c(Cl)c(Cl)c(Cl)c(Cl)c1Cl),Cc1ccc(B(CCCP(C(C)(C)C)C(C)(C)C)c2c(Cl)c(Cl)c(Cl)c(Cl)c2Cl)cc1,True,0.46153846153846156
template_augmentation,intramolecular_P_B_alkyl,P,tert_butyl,tert_butyl,p_tolyl,pentachlorophenyl,C4,P(C(C)(C)C)(C(C)(C)C)CCCCB(c1ccc(C)cc1)(c1c(Cl)c(Cl)c(Cl)c(Cl)c1Cl),Cc1ccc(B(CCCCP(C(C)(C)C)C(C)(C)C)c2c(Cl)c(Cl)c(Cl)c(Cl)c2Cl)cc1,True,0.5
template_augmentation,intramolecular_P_B_alkyl,P,tert_butyl,tert_butyl,p_tolyl,pentachlorophenyl,C5,P(C(C)(C)C)(C(C)(C)C)CCCCCB(c1ccc(C)cc1)(c1c(Cl)c(Cl)c(Cl)c(Cl)c1Cl),Cc1ccc(B(CCCCCP(C(C)(C)C)C(C)(C)C)c2c(Cl)c(Cl)c(Cl)c(Cl)c2Cl)cc1,True,0.48936170212765956
template_augmentation,intramolecular_P_B_alkyl,P,tert_butyl,tert_butyl,p_tolyl,pentachlorophenyl,C6,P(C(C)(C)C)(C(C)(C)C)CCCCCCB(c1ccc(C)cc1)(c1c(Cl)c(Cl)c(Cl)c(Cl)c1Cl),Cc1ccc(B(CCCCCCP(C(C)(C)C)C(C)(C)C)c2c(Cl)c(Cl)c(Cl)c(Cl)c2Cl)cc1,True,0.48936170212765956
template_augmentation,intramolecular_P_B_alkyl,P,tert_butyl,tert_butyl,p_tolyl,bis_cf3_phenyl,C1,P(C(C)(C)C)(C(C)(C)C)CB(c1ccc(C)cc1)(c1cc(C(F)(F)F)cc(C(F)(F)F)c1),Cc1ccc(B(CP(C(C)(C)C)C(C)(C)C)c2cc(C(F)(F)F)cc(C(F)(F)F)c2)cc1,True,0.7941176470588235
template_augmentation,intramolecular_P_B_alkyl,P,tert_butyl,tert_butyl,p_tolyl,bis_cf3_phenyl,C2,P(C(C)(C)C)(C(C)(C)C)CCB(c1ccc(C)cc1)(c1cc(C(F)(F)F)cc(C(F)(F)F)c1),Cc1ccc(B(CCP(C(C)(C)C)C(C)(C)C)c2cc(C(F)(F)F)cc(C(F)(F)F)c2)cc1,True,0.575
template_augmentation,intramolecular_P_B_alkyl,P,tert_butyl,tert_butyl,p_tolyl,bis_cf3_phenyl,C3,P(C(C)(C)C)(C(C)(C)C)CCCB(c1ccc(C)cc1)(c1cc(C(F)(F)F)cc(C(F)(F)F)c1),Cc1ccc(B(CCCP(C(C)(C)C)C(C)(C)C)c2cc(C(F)(F)F)cc(C(F)(F)F)c2)cc1,True,0.5476190476190477
template_augmentation,intramolecular_P_B_alkyl,P,tert_butyl,tert_butyl,p_tolyl,bis_cf3_phenyl,C4,P(C(C)(C)C)(C(C)(C)C)CCCCB(c1ccc(C)cc1)(c1cc(C(F)(F)F)cc(C(F)(F)F)c1),Cc1ccc(B(CCCCP(C(C)(C)C)C(C)(C)C)c2cc(C(F)(F)F)cc(C(F)(F)F)c2)cc1,True,0.5348837209302325
template_augmentation,intramolecular_P_B_alkyl,P,tert_butyl,tert_butyl,p_tolyl,bis_cf3_phenyl,C5,P(C(C)(C)C)(C(C)(C)C)CCCCCB(c1ccc(C)cc1)(c1cc(C(F)(F)F)cc(C(F)(F)F)c1),Cc1ccc(B(CCCCCP(C(C)(C)C)C(C)(C)C)c2cc(C(F)(F)F)cc(C(F)(F)F)c2)cc1,True,0.5227272727272727
template_augmentation,intramolecular_P_B_alkyl,P,tert_butyl,tert_butyl,p_tolyl,bis_cf3_phenyl,C6,P(C(C)(C)C)(C(C)(C)C)CCCCCCB(c1ccc(C)cc1)(c1cc(C(F)(F)F)cc(C(F)(F)F)c1),Cc1ccc(B(CCCCCCP(C(C)(C)C)C(C)(C)C)c2cc(C(F)(F)F)cc(C(F)(F)F)c2)cc1,True,0.5227272727272727
template_augmentation,intramolecular_P_B_alkyl,P,tert_butyl,tert_butyl,mesityl,mesityl,C1,P(C(C)(C)C)(C(C)(C)C)CB(c1c(C)cc(C)cc1C)(c1c(C)cc(C)cc1C),Cc1cc(C)c(B(CP(C(C)(C)C)C(C)(C)C)c2c(C)cc(C)cc2C)c(C)c1,True,0.5161290322580645
template_augmentation,intramolecular_P_B_alkyl,P,tert_butyl,tert_butyl,mesityl,mesityl,C2,P(C(C)(C)C)(C(C)(C)C)CCB(c1c(C)cc(C)cc1C)(c1c(C)cc(C)cc1C),Cc1cc(C)c(B(CCP(C(C)(C)C)C(C)(C)C)c2c(C)cc(C)cc2C)c(C)c1,True,0.46153846153846156
template_augmentation,intramolecular_P_B_alkyl,P,tert_butyl,tert_butyl,mesityl,mesityl,C3,P(C(C)(C)C)(C(C)(C)C)CCCB(c1c(C)cc(C)cc1C)(c1c(C)cc(C)cc1C),Cc1cc(C)c(B(CCCP(C(C)(C)C)C(C)(C)C)c2c(C)cc(C)cc2C)c(C)c1,True,0.4418604651162791
template_augmentation,intramolecular_P_B_alkyl,P,tert_butyl,tert_butyl,mesityl,mesityl,C4,P(C(C)(C)C)(C(C)(C)C)CCCCB(c1c(C)cc(C)cc1C)(c1c(C)cc(C)cc1C),Cc1cc(C)c(B(CCCCP(C(C)(C)C)C(C)(C)C)c2c(C)cc(C)cc2C)c(C)c1,True,0.5
template_augmentation,intramolecular_P_B_alkyl,P,tert_butyl,tert_butyl,mesityl,mesityl,C5,P(C(C)(C)C)(C(C)(C)C)CCCCCB(c1c(C)cc(C)cc1C)(c1c(C)cc(C)cc1C),Cc1cc(C)c(B(CCCCCP(C(C)(C)C)C(C)(C)C)c2c(C)cc(C)cc2C)c(C)c1,True,0.4883720930232558
template_augmentation,intramolecular_P_B_alkyl,P,tert_butyl,tert_butyl,mesityl,mesityl,C6,P(C(C)(C)C)(C(C)(C)C)CCCCCCB(c1c(C)cc(C)cc1C)(c1c(C)cc(C)cc1C),Cc1cc(C)c(B(CCCCCCP(C(C)(C)C)C(C)(C)C)c2c(C)cc(C)cc2C)c(C)c1,True,0.4883720930232558
template_augmentation,intramolecular_P_B_alkyl,P,tert_butyl,tert_butyl,mesityl,pentafluorophenyl,C1,P(C(C)(C)C)(C(C)(C)C)CB(c1c(C)cc(C)cc1C)(c1c(F)c(F)c(F)c(F)c1F),Cc1cc(C)c(B(CP(C(C)(C)C)C(C)(C)C)c2c(F)c(F)c(F)c(F)c2F)c(C)c1,True,0.7096774193548387
template_augmentation,intramolecular_P_B_alkyl,P,tert_butyl,tert_butyl,mesityl,pentafluorophenyl,C2,P(C(C)(C)C)(C(C)(C)C)CCB(c1c(C)cc(C)cc1C)(c1c(F)c(F)c(F)c(F)c1F),Cc1cc(C)c(B(CCP(C(C)(C)C)C(C)(C)C)c2c(F)c(F)c(F)c(F)c2F)c(C)c1,True,0.6153846153846154
template_augmentation,intramolecular_P_B_alkyl,P,tert_butyl,tert_butyl,mesityl,pentafluorophenyl,C3,P(C(C)(C)C)(C(C)(C)C)CCCB(c1c(C)cc(C)cc1C)(c1c(F)c(F)c(F)c(F)c1F),Cc1cc(C)c(B(CCCP(C(C)(C)C)C(C)(C)C)c2c(F)c(F)c(F)c(F)c2F)c(C)c1,True,0.5813953488372093
template_augmentation,intramolecular_P_B_alkyl,P,tert_butyl,tert_butyl,mesityl,pentafluorophenyl,C4,P(C(C)(C)C)(C(C)(C)C)CCCCB(c1c(C)cc(C)cc1C)(c1c(F)c(F)c(F)c(F)c1F),Cc1cc(C)c(B(CCCCP(C(C)(C)C)C(C)(C)C)c2c(F)c(F)c(F)c(F)c2F)c(C)c1,True,0.6428571428571429
template_augmentation,intramolecular_P_B_alkyl,P,tert_butyl,tert_butyl,mesityl,pentafluorophenyl,C5,P(C(C)(C)C)(C(C)(C)C)CCCCCB(c1c(C)cc(C)cc1C)(c1c(F)c(F)c(F)c(F)c1F),Cc1cc(C)c(B(CCCCCP(C(C)(C)C)C(C)(C)C)c2c(F)c(F)c(F)c(F)c2F)c(C)c1,True,0.627906976744186
template_augmentation,intramolecular_P_B_alkyl,P,tert_butyl,tert_butyl,mesityl,pentafluorophenyl,C6,P(C(C)(C)C)(C(C)(C)C)CCCCCCB(c1c(C)cc(C)cc1C)(c1c(F)c(F)c(F)c(F)c1F),Cc1cc(C)c(B(CCCCCCP(C(C)(C)C)C(C)(C)C)c2c(F)c(F)c(F)c(F)c2F)c(C)c1,True,0.627906976744186
template_augmentation,intramolecular_P_B_alkyl,P,tert_butyl,tert_butyl,mesityl,pentachlorophenyl,C1,P(C(C)(C)C)(C(C)(C)C)CB(c1c(C)cc(C)cc1C)(c1c(Cl)c(Cl)c(Cl)c(Cl)c1Cl),Cc1cc(C)c(B(CP(C(C)(C)C)C(C)(C)C)c2c(Cl)c(Cl)c(Cl)c(Cl)c2Cl)c(C)c1,True,0.7096774193548387
template_augmentation,intramolecular_P_B_alkyl,P,tert_butyl,tert_butyl,mesityl,pentachlorophenyl,C2,P(C(C)(C)C)(C(C)(C)C)CCB(c1c(C)cc(C)cc1C)(c1c(Cl)c(Cl)c(Cl)c(Cl)c1Cl),Cc1cc(C)c(B(CCP(C(C)(C)C)C(C)(C)C)c2c(Cl)c(Cl)c(Cl)c(Cl)c2Cl)c(C)c1,True,0.6153846153846154
template_augmentation,intramolecular_P_B_alkyl,P,tert_butyl,tert_butyl,mesityl,pentachlorophenyl,C3,P(C(C)(C)C)(C(C)(C)C)CCCB(c1c(C)cc(C)cc1C)(c1c(Cl)c(Cl)c(Cl)c(Cl)c1Cl),Cc1cc(C)c(B(CCCP(C(C)(C)C)C(C)(C)C)c2c(Cl)c(Cl)c(Cl)c(Cl)c2Cl)c(C)c1,True,0.5813953488372093
template_augmentation,intramolecular_P_B_alkyl,P,tert_butyl,tert_butyl,mesityl,pentachlorophenyl,C4,P(C(C)(C)C)(C(C)(C)C)CCCCB(c1c(C)cc(C)cc1C)(c1c(Cl)c(Cl)c(Cl)c(Cl)c1Cl),Cc1cc(C)c(B(CCCCP(C(C)(C)C)C(C)(C)C)c2c(Cl)c(Cl)c(Cl)c(Cl)c2Cl)c(C)c1,True,0.6428571428571429
template_augmentation,intramolecular_P_B_alkyl,P,tert_butyl,tert_butyl,mesityl,pentachlorophenyl,C5,P(C(C)(C)C)(C(C)(C)C)CCCCCB(c1c(C)cc(C)cc1C)(c1c(Cl)c(Cl)c(Cl)c(Cl)c1Cl),Cc1cc(C)c(B(CCCCCP(C(C)(C)C)C(C)(C)C)c2c(Cl)c(Cl)c(Cl)c(Cl)c2Cl)c(C)c1,True,0.627906976744186
template_augmentation,intramolecular_P_B_alkyl,P,tert_butyl,tert_butyl,mesityl,pentachlorophenyl,C6,P(C(C)(C)C)(C(C)(C)C)CCCCCCB(c1c(C)cc(C)cc1C)(c1c(Cl)c(Cl)c(Cl)c(Cl)c1Cl),Cc1cc(C)c(B(CCCCCCP(C(C)(C)C)C(C)(C)C)c2c(Cl)c(Cl)c(Cl)c(Cl)c2Cl)c(C)c1,True,0.627906976744186
template_augmentation,intramolecular_P_B_alkyl,P,tert_butyl,tert_butyl,mesityl,bis_cf3_phenyl,C1,P(C(C)(C)C)(C(C)(C)C)CB(c1c(C)cc(C)cc1C)(c1cc(C(F)(F)F)cc(C(F)(F)F)c1),Cc1cc(C)c(B(CP(C(C)(C)C)C(C)(C)C)c2cc(C(F)(F)F)cc(C(F)(F)F)c2)c(C)c1,True,0.7222222222222222
template_augmentation,intramolecular_P_B_alkyl,P,tert_butyl,tert_butyl,mesityl,bis_cf3_phenyl,C2,P(C(C)(C)C)(C(C)(C)C)CCB(c1c(C)cc(C)cc1C)(c1cc(C(F)(F)F)cc(C(F)(F)F)c1),Cc1cc(C)c(B(CCP(C(C)(C)C)C(C)(C)C)c2cc(C(F)(F)F)cc(C(F)(F)F)c2)c(C)c1,True,0.5609756097560976
template_augmentation,intramolecular_P_B_alkyl,P,tert_butyl,tert_butyl,mesityl,bis_cf3_phenyl,C3,P(C(C)(C)C)(C(C)(C)C)CCCB(c1c(C)cc(C)cc1C)(c1cc(C(F)(F)F)cc(C(F)(F)F)c1),Cc1cc(C)c(B(CCCP(C(C)(C)C)C(C)(C)C)c2cc(C(F)(F)F)cc(C(F)(F)F)c2)c(C)c1,True,0.5348837209302325
template_augmentation,intramolecular_P_B_alkyl,P,tert_butyl,tert_butyl,mesityl,bis_cf3_phenyl,C4,P(C(C)(C)C)(C(C)(C)C)CCCCB(c1c(C)cc(C)cc1C)(c1cc(C(F)(F)F)cc(C(F)(F)F)c1),Cc1cc(C)c(B(CCCCP(C(C)(C)C)C(C)(C)C)c2cc(C(F)(F)F)cc(C(F)(F)F)c2)c(C)c1,True,0.5227272727272727
template_augmentation,intramolecular_P_B_alkyl,P,tert_butyl,tert_butyl,mesityl,bis_cf3_phenyl,C5,P(C(C)(C)C)(C(C)(C)C)CCCCCB(c1c(C)cc(C)cc1C)(c1cc(C(F)(F)F)cc(C(F)(F)F)c1),Cc1cc(C)c(B(CCCCCP(C(C)(C)C)C(C)(C)C)c2cc(C(F)(F)F)cc(C(F)(F)F)c2)c(C)c1,True,0.5111111111111111
template_augmentation,intramolecular_P_B_alkyl,P,tert_butyl,tert_butyl,mesityl,bis_cf3_phenyl,C6,P(C(C)(C)C)(C(C)(C)C)CCCCCCB(c1c(C)cc(C)cc1C)(c1cc(C(F)(F)F)cc(C(F)(F)F)c1),Cc1cc(C)c(B(CCCCCCP(C(C)(C)C)C(C)(C)C)c2cc(C(F)(F)F)cc(C(F)(F)F)c2)c(C)c1,True,0.5111111111111111
template_augmentation,intramolecular_P_B_alkyl,P,tert_butyl,tert_butyl,pentafluorophenyl,pentafluorophenyl,C1,P(C(C)(C)C)(C(C)(C)C)CB(c1c(F)c(F)c(F)c(F)c1F)(c1c(F)c(F)c(F)c(F)c1F),CC(C)(C)P(CB(c1c(F)c(F)c(F)c(F)c1F)c1c(F)c(F)c(F)c(F)c1F)C(C)(C)C,False,1.0
template_augmentation,intramolecular_P_B_alkyl,P,tert_butyl,tert_butyl,pentafluorophenyl,pentafluorophenyl,C2,P(C(C)(C)C)(C(C)(C)C)CCB(c1c(F)c(F)c(F)c(F)c1F)(c1c(F)c(F)c(F)c(F)c1F),CC(C)(C)P(CCB(c1c(F)c(F)c(F)c(F)c1F)c1c(F)c(F)c(F)c(F)c1F)C(C)(C)C,True,0.6428571428571429
template_augmentation,intramolecular_P_B_alkyl,P,tert_butyl,tert_butyl,pentafluorophenyl,pentafluorophenyl,C3,P(C(C)(C)C)(C(C)(C)C)CCCB(c1c(F)c(F)c(F)c(F)c1F)(c1c(F)c(F)c(F)c(F)c1F),CC(C)(C)P(CCCB(c1c(F)c(F)c(F)c(F)c1F)c1c(F)c(F)c(F)c(F)c1F)C(C)(C)C,True,0.6
template_augmentation,intramolecular_P_B_alkyl,P,tert_butyl,tert_butyl,pentafluorophenyl,pentafluorophenyl,C4,P(C(C)(C)C)(C(C)(C)C)CCCCB(c1c(F)c(F)c(F)c(F)c1F)(c1c(F)c(F)c(F)c(F)c1F),CC(C)(C)P(CCCCB(c1c(F)c(F)c(F)c(F)c1F)c1c(F)c(F)c(F)c(F)c1F)C(C)(C)C,True,0.5806451612903226
template_augmentation,intramolecular_P_B_alkyl,P,tert_butyl,tert_butyl,pentafluorophenyl,pentafluorophenyl,C5,P(C(C)(C)C)(C(C)(C)C)CCCCCB(c1c(F)c(F)c(F)c(F)c1F)(c1c(F)c(F)c(F)c(F)c1F),CC(C)(C)P(CCCCCB(c1c(F)c(F)c(F)c(F)c1F)c1c(F)c(F)c(F)c(F)c1F)C(C)(C)C,True,0.5625
template_augmentation,intramolecular_P_B_alkyl,P,tert_butyl,tert_butyl,pentafluorophenyl,pentafluorophenyl,C6,P(C(C)(C)C)(C(C)(C)C)CCCCCCB(c1c(F)c(F)c(F)c(F)c1F)(c1c(F)c(F)c(F)c(F)c1F),CC(C)(C)P(CCCCCCB(c1c(F)c(F)c(F)c(F)c1F)c1c(F)c(F)c(F)c(F)c1F)C(C)(C)C,True,0.5625
template_augmentation,intramolecular_P_B_alkyl,P,tert_butyl,tert_butyl,pentafluorophenyl,pentachlorophenyl,C1,P(C(C)(C)C)(C(C)(C)C)CB(c1c(F)c(F)c(F)c(F)c1F)(c1c(Cl)c(Cl)c(Cl)c(Cl)c1Cl),CC(C)(C)P(CB(c1c(F)c(F)c(F)c(F)c1F)c1c(Cl)c(Cl)c(Cl)c(Cl)c1Cl)C(C)(C)C,True,0.7857142857142857
template_augmentation,intramolecular_P_B_alkyl,P,tert_butyl,tert_butyl,pentafluorophenyl,pentachlorophenyl,C2,P(C(C)(C)C)(C(C)(C)C)CCB(c1c(F)c(F)c(F)c(F)c1F)(c1c(Cl)c(Cl)c(Cl)c(Cl)c1Cl),CC(C)(C)P(CCB(c1c(F)c(F)c(F)c(F)c1F)c1c(Cl)c(Cl)c(Cl)c(Cl)c1Cl)C(C)(C)C,True,0.5294117647058824
template_augmentation,intramolecular_P_B_alkyl,P,tert_butyl,tert_butyl,pentafluorophenyl,pentachlorophenyl,C3,P(C(C)(C)C)(C(C)(C)C)CCCB(c1c(F)c(F)c(F)c(F)c1F)(c1c(Cl)c(Cl)c(Cl)c(Cl)c1Cl),CC(C)(C)P(CCCB(c1c(F)c(F)c(F)c(F)c1F)c1c(Cl)c(Cl)c(Cl)c(Cl)c1Cl)C(C)(C)C,True,0.5
template_augmentation,intramolecular_P_B_alkyl,P,tert_butyl,tert_butyl,pentafluorophenyl,pentachlorophenyl,C4,P(C(C)(C)C)(C(C)(C)C)CCCCB(c1c(F)c(F)c(F)c(F)c1F)(c1c(Cl)c(Cl)c(Cl)c(Cl)c1Cl),CC(C)(C)P(CCCCB(c1c(F)c(F)c(F)c(F)c1F)c1c(Cl)c(Cl)c(Cl)c(Cl)c1Cl)C(C)(C)C,True,0.4864864864864865
template_augmentation,intramolecular_P_B_alkyl,P,tert_butyl,tert_butyl,pentafluorophenyl,pentachlorophenyl,C5,P(C(C)(C)C)(C(C)(C)C)CCCCCB(c1c(F)c(F)c(F)c(F)c1F)(c1c(Cl)c(Cl)c(Cl)c(Cl)c1Cl),CC(C)(C)P(CCCCCB(c1c(F)c(F)c(F)c(F)c1F)c1c(Cl)c(Cl)c(Cl)c(Cl)c1Cl)C(C)(C)C,True,0.47368421052631576
template_augmentation,intramolecular_P_B_alkyl,P,tert_butyl,tert_butyl,pentafluorophenyl,pentachlorophenyl,C6,P(C(C)(C)C)(C(C)(C)C)CCCCCCB(c1c(F)c(F)c(F)c(F)c1F)(c1c(Cl)c(Cl)c(Cl)c(Cl)c1Cl),CC(C)(C)P(CCCCCCB(c1c(F)c(F)c(F)c(F)c1F)c1c(Cl)c(Cl)c(Cl)c(Cl)c1Cl)C(C)(C)C,True,0.47368421052631576
template_augmentation,intramolecular_P_B_alkyl,P,tert_butyl,tert_butyl,pentafluorophenyl,bis_cf3_phenyl,C1,P(C(C)(C)C)(C(C)(C)C)CB(c1c(F)c(F)c(F)c(F)c1F)(c1cc(C(F)(F)F)cc(C(F)(F)F)c1),CC(C)(C)P(CB(c1cc(C(F)(F)F)cc(C(F)(F)F)c1)c1c(F)c(F)c(F)c(F)c1F)C(C)(C)C,True,0.7647058823529411
template_augmentation,intramolecular_P_B_alkyl,P,tert_butyl,tert_butyl,pentafluorophenyl,bis_cf3_phenyl,C2,P(C(C)(C)C)(C(C)(C)C)CCB(c1c(F)c(F)c(F)c(F)c1F)(c1cc(C(F)(F)F)cc(C(F)(F)F)c1),CC(C)(C)P(CCB(c1cc(C(F)(F)F)cc(C(F)(F)F)c1)c1c(F)c(F)c(F)c(F)c1F)C(C)(C)C,True,0.5897435897435898
template_augmentation,intramolecular_P_B_alkyl,P,tert_butyl,tert_butyl,pentafluorophenyl,bis_cf3_phenyl,C3,P(C(C)(C)C)(C(C)(C)C)CCCB(c1c(F)c(F)c(F)c(F)c1F)(c1cc(C(F)(F)F)cc(C(F)(F)F)c1),CC(C)(C)P(CCCB(c1cc(C(F)(F)F)cc(C(F)(F)F)c1)c1c(F)c(F)c(F)c(F)c1F)C(C)(C)C,True,0.5609756097560976
template_augmentation,intramolecular_P_B_alkyl,P,tert_butyl,tert_butyl,pentafluorophenyl,bis_cf3_phenyl,C4,P(C(C)(C)C)(C(C)(C)C)CCCCB(c1c(F)c(F)c(F)c(F)c1F)(c1cc(C(F)(F)F)cc(C(F)(F)F)c1),CC(C)(C)P(CCCCB(c1cc(C(F)(F)F)cc(C(F)(F)F)c1)c1c(F)c(F)c(F)c(F)c1F)C(C)(C)C,True,0.5476190476190477
template_augmentation,intramolecular_P_B_alkyl,P,tert_butyl,tert_butyl,pentafluorophenyl,bis_cf3_phenyl,C5,P(C(C)(C)C)(C(C)(C)C)CCCCCB(c1c(F)c(F)c(F)c(F)c1F)(c1cc(C(F)(F)F)cc(C(F)(F)F)c1),CC(C)(C)P(CCCCCB(c1cc(C(F)(F)F)cc(C(F)(F)F)c1)c1c(F)c(F)c(F)c(F)c1F)C(C)(C)C,True,0.5348837209302325
template_augmentation,intramolecular_P_B_alkyl,P,tert_butyl,tert_butyl,pentafluorophenyl,bis_cf3_phenyl,C6,P(C(C)(C)C)(C(C)(C)C)CCCCCCB(c1c(F)c(F)c(F)c(F)c1F)(c1cc(C(F)(F)F)cc(C(F)(F)F)c1),CC(C)(C)P(CCCCCCB(c1cc(C(F)(F)F)cc(C(F)(F)F)c1)c1c(F)c(F)c(F)c(F)c1F)C(C)(C)C,True,0.5348837209302325
template_augmentation,intramolecular_P_B_alkyl,P,tert_butyl,tert_butyl,pentachlorophenyl,pentachlorophenyl,C1,P(C(C)(C)C)(C(C)(C)C)CB(c1c(Cl)c(Cl)c(Cl)c(Cl)c1Cl)(c1c(Cl)c(Cl)c(Cl)c(Cl)c1Cl),CC(C)(C)P(CB(c1c(Cl)c(Cl)c(Cl)c(Cl)c1Cl)c1c(Cl)c(Cl)c(Cl)c(Cl)c1Cl)C(C)(C)C,False,1.0
template_augmentation,intramolecular_P_B_alkyl,P,tert_butyl,tert_butyl,pentachlorophenyl,pentachlorophenyl,C2,P(C(C)(C)C)(C(C)(C)C)CCB(c1c(Cl)c(Cl)c(Cl)c(Cl)c1Cl)(c1c(Cl)c(Cl)c(Cl)c(Cl)c1Cl),CC(C)(C)P(CCB(c1c(Cl)c(Cl)c(Cl)c(Cl)c1Cl)c1c(Cl)c(Cl)c(Cl)c(Cl)c1Cl)C(C)(C)C,True,0.6428571428571429
template_augmentation,intramolecular_P_B_alkyl,P,tert_butyl,tert_butyl,pentachlorophenyl,pentachlorophenyl,C3,P(C(C)(C)C)(C(C)(C)C)CCCB(c1c(Cl)c(Cl)c(Cl)c(Cl)c1Cl)(c1c(Cl)c(Cl)c(Cl)c(Cl)c1Cl),CC(C)(C)P(CCCB(c1c(Cl)c(Cl)c(Cl)c(Cl)c1Cl)c1c(Cl)c(Cl)c(Cl)c(Cl)c1Cl)C(C)(C)C,True,0.6
template_augmentation,intramolecular_P_B_alkyl,P,tert_butyl,tert_butyl,pentachlorophenyl,pentachlorophenyl,C4,P(C(C)(C)C)(C(C)(C)C)CCCCB(c1c(Cl)c(Cl)c(Cl)c(Cl)c1Cl)(c1c(Cl)c(Cl)c(Cl)c(Cl)c1Cl),CC(C)(C)P(CCCCB(c1c(Cl)c(Cl)c(Cl)c(Cl)c1Cl)c1c(Cl)c(Cl)c(Cl)c(Cl)c1Cl)C(C)(C)C,True,0.5806451612903226
template_augmentation,intramolecular_P_B_alkyl,P,tert_butyl,tert_butyl,pentachlorophenyl,pentachlorophenyl,C5,P(C(C)(C)C)(C(C)(C)C)CCCCCB(c1c(Cl)c(Cl)c(Cl)c(Cl)c1Cl)(c1c(Cl)c(Cl)c(Cl)c(Cl)c1Cl),CC(C)(C)P(CCCCCB(c1c(Cl)c(Cl)c(Cl)c(Cl)c1Cl)c1c(Cl)c(Cl)c(Cl)c(Cl)c1Cl)C(C)(C)C,True,0.5625
template_augmentation,intramolecular_P_B_alkyl,P,tert_butyl,tert_butyl,pentachlorophenyl,pentachlorophenyl,C6,P(C(C)(C)C)(C(C)(C)C)CCCCCCB(c1c(Cl)c(Cl)c(Cl)c(Cl)c1Cl)(c1c(Cl)c(Cl)c(Cl)c(Cl)c1Cl),CC(C)(C)P(CCCCCCB(c1c(Cl)c(Cl)c(Cl)c(Cl)c1Cl)c1c(Cl)c(Cl)c(Cl)c(Cl)c1Cl)C(C)(C)C,True,0.5625
template_augmentation,intramolecular_P_B_alkyl,P,tert_butyl,tert_butyl,pentachlorophenyl,bis_cf3_phenyl,C1,P(C(C)(C)C)(C(C)(C)C)CB(c1c(Cl)c(Cl)c(Cl)c(Cl)c1Cl)(c1cc(C(F)(F)F)cc(C(F)(F)F)c1),CC(C)(C)P(CB(c1cc(C(F)(F)F)cc(C(F)(F)F)c1)c1c(Cl)c(Cl)c(Cl)c(Cl)c1Cl)C(C)(C)C,True,0.7428571428571429
template_augmentation,intramolecular_P_B_alkyl,P,tert_butyl,tert_butyl,pentachlorophenyl,bis_cf3_phenyl,C2,P(C(C)(C)C)(C(C)(C)C)CCB(c1c(Cl)c(Cl)c(Cl)c(Cl)c1Cl)(c1cc(C(F)(F)F)cc(C(F)(F)F)c1),CC(C)(C)P(CCB(c1cc(C(F)(F)F)cc(C(F)(F)F)c1)c1c(Cl)c(Cl)c(Cl)c(Cl)c1Cl)C(C)(C)C,True,0.575
template_augmentation,intramolecular_P_B_alkyl,P,tert_butyl,tert_butyl,pentachlorophenyl,bis_cf3_phenyl,C3,P(C(C)(C)C)(C(C)(C)C)CCCB(c1c(Cl)c(Cl)c(Cl)c(Cl)c1Cl)(c1cc(C(F)(F)F)cc(C(F)(F)F)c1),CC(C)(C)P(CCCB(c1cc(C(F)(F)F)cc(C(F)(F)F)c1)c1c(Cl)c(Cl)c(Cl)c(Cl)c1Cl)C(C)(C)C,True,0.5476190476190477
template_augmentation,intramolecular_P_B_alkyl,P,tert_butyl,tert_butyl,pentachlorophenyl,bis_cf3_phenyl,C4,P(C(C)(C)C)(C(C)(C)C)CCCCB(c1c(Cl)c(Cl)c(Cl)c(Cl)c1Cl)(c1cc(C(F)(F)F)cc(C(F)(F)F)c1),CC(C)(C)P(CCCCB(c1cc(C(F)(F)F)cc(C(F)(F)F)c1)c1c(Cl)c(Cl)c(Cl)c(Cl)c1Cl)C(C)(C)C,True,0.5348837209302325
template_augmentation,intramolecular_P_B_alkyl,P,tert_butyl,tert_butyl,pentachlorophenyl,bis_cf3_phenyl,C5,P(C(C)(C)C)(C(C)(C)C)CCCCCB(c1c(Cl)c(Cl)c(Cl)c(Cl)c1Cl)(c1cc(C(F)(F)F)cc(C(F)(F)F)c1),CC(C)(C)P(CCCCCB(c1cc(C(F)(F)F)cc(C(F)(F)F)c1)c1c(Cl)c(Cl)c(Cl)c(Cl)c1Cl)C(C)(C)C,True,0.5227272727272727
template_augmentation,intramolecular_P_B_alkyl,P,tert_butyl,tert_butyl,pentachlorophenyl,bis_cf3_phenyl,C6,P(C(C)(C)C)(C(C)(C)C)CCCCCCB(c1c(Cl)c(Cl)c(Cl)c(Cl)c1Cl)(c1cc(C(F)(F)F)cc(C(F)(F)F)c1),CC(C)(C)P(CCCCCCB(c1cc(C(F)(F)F)cc(C(F)(F)F)c1)c1c(Cl)c(Cl)c(Cl)c(Cl)c1Cl)C(C)(C)C,True,0.5227272727272727
template_augmentation,intramolecular_P_B_alkyl,P,tert_butyl,tert_butyl,bis_cf3_phenyl,bis_cf3_phenyl,C1,P(C(C)(C)C)(C(C)(C)C)CB(c1cc(C(F)(F)F)cc(C(F)(F)F)c1)(c1cc(C(F)(F)F)cc(C(F)(F)F)c1),CC(C)(C)P(CB(c1cc(C(F)(F)F)cc(C(F)(F)F)c1)c1cc(C(F)(F)F)cc(C(F)(F)F)c1)C(C)(C)C,False,1.0
template_augmentation,intramolecular_P_B_alkyl,P,tert_butyl,tert_butyl,bis_cf3_phenyl,bis_cf3_phenyl,C2,P(C(C)(C)C)(C(C)(C)C)CCB(c1cc(C(F)(F)F)cc(C(F)(F)F)c1)(c1cc(C(F)(F)F)cc(C(F)(F)F)c1),CC(C)(C)P(CCB(c1cc(C(F)(F)F)cc(C(F)(F)F)c1)c1cc(C(F)(F)F)cc(C(F)(F)F)c1)C(C)(C)C,True,0.696969696969697
template_augmentation,intramolecular_P_B_alkyl,P,tert_butyl,tert_butyl,bis_cf3_phenyl,bis_cf3_phenyl,C3,P(C(C)(C)C)(C(C)(C)C)CCCB(c1cc(C(F)(F)F)cc(C(F)(F)F)c1)(c1cc(C(F)(F)F)cc(C(F)(F)F)c1),CC(C)(C)P(CCCB(c1cc(C(F)(F)F)cc(C(F)(F)F)c1)c1cc(C(F)(F)F)cc(C(F)(F)F)c1)C(C)(C)C,True,0.6571428571428571
template_augmentation,intramolecular_P_B_alkyl,P,tert_butyl,tert_butyl,bis_cf3_phenyl,bis_cf3_phenyl,C4,P(C(C)(C)C)(C(C)(C)C)CCCCB(c1cc(C(F)(F)F)cc(C(F)(F)F)c1)(c1cc(C(F)(F)F)cc(C(F)(F)F)c1),CC(C)(C)P(CCCCB(c1cc(C(F)(F)F)cc(C(F)(F)F)c1)c1cc(C(F)(F)F)cc(C(F)(F)F)c1)C(C)(C)C,True,0.6388888888888888
template_augmentation,intramolecular_P_B_alkyl,P,tert_butyl,tert_butyl,bis_cf3_phenyl,bis_cf3_phenyl,C5,P(C(C)(C)C)(C(C)(C)C)CCCCCB(c1cc(C(F)(F)F)cc(C(F)(F)F)c1)(c1cc(C(F)(F)F)cc(C(F)(F)F)c1),CC(C)(C)P(CCCCCB(c1cc(C(F)(F)F)cc(C(F)(F)F)c1)c1cc(C(F)(F)F)cc(C(F)(F)F)c1)C(C)(C)C,True,0.6216216216216216
template_augmentation,intramolecular_P_B_alkyl,P,tert_butyl,tert_butyl,bis_cf3_phenyl,bis_cf3_phenyl,C6,P(C(C)(C)C)(C(C)(C)C)CCCCCCB(c1cc(C(F)(F)F)cc(C(F)(F)F)c1)(c1cc(C(F)(F)F)cc(C(F)(F)F)c1),CC(C)(C)P(CCCCCCB(c1cc(C(F)(F)F)cc(C(F)(F)F)c1)c1cc(C(F)(F)F)cc(C(F)(F)F)c1)C(C)(C)C,True,0.6216216216216216
template_augmentation,intramolecular_P_B_alkyl,P,tert_butyl,cyclohexyl,phenyl,phenyl,C1,P(C(C)(C)C)(C1CCCCC1)CB(c1ccccc1)(c1ccccc1),CC(C)(C)P(CB(c1ccccc1)c1ccccc1)C1CCCCC1,True,0.4090909090909091
template_augmentation,intramolecular_P_B_alkyl,P,tert_butyl,cyclohexyl,phenyl,phenyl,C2,P(C(C)(C)C)(C1CCCCC1)CCB(c1ccccc1)(c1ccccc1),CC(C)(C)P(CCB(c1ccccc1)c1ccccc1)C1CCCCC1,True,0.391304347826087
template_augmentation,intramolecular_P_B_alkyl,P,tert_butyl,cyclohexyl,phenyl,phenyl,C3,P(C(C)(C)C)(C1CCCCC1)CCCB(c1ccccc1)(c1ccccc1),CC(C)(C)P(CCCB(c1ccccc1)c1ccccc1)C1CCCCC1,True,0.375
template_augmentation,intramolecular_P_B_alkyl,P,tert_butyl,cyclohexyl,phenyl,phenyl,C4,P(C(C)(C)C)(C1CCCCC1)CCCCB(c1ccccc1)(c1ccccc1),CC(C)(C)P(CCCCB(c1ccccc1)c1ccccc1)C1CCCCC1,True,0.3673469387755102
template_augmentation,intramolecular_P_B_alkyl,P,tert_butyl,cyclohexyl,phenyl,phenyl,C5,P(C(C)(C)C)(C1CCCCC1)CCCCCB(c1ccccc1)(c1ccccc1),CC(C)(C)P(CCCCCB(c1ccccc1)c1ccccc1)C1CCCCC1,True,0.36
template_augmentation,intramolecular_P_B_alkyl,P,tert_butyl,cyclohexyl,phenyl,phenyl,C6,P(C(C)(C)C)(C1CCCCC1)CCCCCCB(c1ccccc1)(c1ccccc1),CC(C)(C)P(CCCCCCB(c1ccccc1)c1ccccc1)C1CCCCC1,True,0.36
template_augmentation,intramolecular_P_B_alkyl,P,tert_butyl,cyclohexyl,phenyl,p_tolyl,C1,P(C(C)(C)C)(C1CCCCC1)CB(c1ccccc1)(c1ccc(C)cc1),Cc1ccc(B(CP(C2CCCCC2)C(C)(C)C)c2ccccc2)cc1,True,0.3673469387755102
template_augmentation,intramolecular_P_B_alkyl,P,tert_butyl,cyclohexyl,phenyl,p_tolyl,C2,P(C(C)(C)C)(C1CCCCC1)CCB(c1ccccc1)(c1ccc(C)cc1),Cc1ccc(B(CCP(C2CCCCC2)C(C)(C)C)c2ccccc2)cc1,True,0.35294117647058826
template_augmentation,intramolecular_P_B_alkyl,P,tert_butyl,cyclohexyl,phenyl,p_tolyl,C3,P(C(C)(C)C)(C1CCCCC1)CCCB(c1ccccc1)(c1ccc(C)cc1),Cc1ccc(B(CCCP(C2CCCCC2)C(C)(C)C)c2ccccc2)cc1,True,0.33962264150943394
template_augmentation,intramolecular_P_B_alkyl,P,tert_butyl,cyclohexyl,phenyl,p_tolyl,C4,P(C(C)(C)C)(C1CCCCC1)CCCCB(c1ccccc1)(c1ccc(C)cc1),Cc1ccc(B(CCCCP(C2CCCCC2)C(C)(C)C)c2ccccc2)cc1,True,0.3333333333333333
template_augmentation,intramolecular_P_B_alkyl,P,tert_butyl,cyclohexyl,phenyl,p_tolyl,C5,P(C(C)(C)C)(C1CCCCC1)CCCCCB(c1ccccc1)(c1ccc(C)cc1),Cc1ccc(B(CCCCCP(C2CCCCC2)C(C)(C)C)c2ccccc2)cc1,True,0.32727272727272727
template_augmentation,intramolecular_P_B_alkyl,P,tert_butyl,cyclohexyl,phenyl,p_tolyl,C6,P(C(C)(C)C)(C1CCCCC1)CCCCCCB(c1ccccc1)(c1ccc(C)cc1),Cc1ccc(B(CCCCCCP(C2CCCCC2)C(C)(C)C)c2ccccc2)cc1,True,0.32727272727272727
template_augmentation,intramolecular_P_B_alkyl,P,tert_butyl,cyclohexyl,phenyl,mesityl,C1,P(C(C)(C)C)(C1CCCCC1)CB(c1ccccc1)(c1c(C)cc(C)cc1C),Cc1cc(C)c(B(CP(C2CCCCC2)C(C)(C)C)c2ccccc2)c(C)c1,True,0.4528301886792453
template_augmentation,intramolecular_P_B_alkyl,P,tert_butyl,cyclohexyl,phenyl,mesityl,C2,P(C(C)(C)C)(C1CCCCC1)CCB(c1ccccc1)(c1c(C)cc(C)cc1C),Cc1cc(C)c(B(CCP(C2CCCCC2)C(C)(C)C)c2ccccc2)c(C)c1,True,0.43636363636363634
template_augmentation,intramolecular_P_B_alkyl,P,tert_butyl,cyclohexyl,phenyl,mesityl,C3,P(C(C)(C)C)(C1CCCCC1)CCCB(c1ccccc1)(c1c(C)cc(C)cc1C),Cc1cc(C)c(B(CCCP(C2CCCCC2)C(C)(C)C)c2ccccc2)c(C)c1,True,0.42105263157894735
template_augmentation,intramolecular_P_B_alkyl,P,tert_butyl,cyclohexyl,phenyl,mesityl,C4,P(C(C)(C)C)(C1CCCCC1)CCCCB(c1ccccc1)(c1c(C)cc(C)cc1C),Cc1cc(C)c(B(CCCCP(C2CCCCC2)C(C)(C)C)c2ccccc2)c(C)c1,True,0.41379310344827586
template_augmentation,intramolecular_P_B_alkyl,P,tert_butyl,cyclohexyl,phenyl,mesityl,C5,P(C(C)(C)C)(C1CCCCC1)CCCCCB(c1ccccc1)(c1c(C)cc(C)cc1C),Cc1cc(C)c(B(CCCCCP(C2CCCCC2)C(C)(C)C)c2ccccc2)c(C)c1,True,0.4067796610169492
template_augmentation,intramolecular_P_B_alkyl,P,tert_butyl,cyclohexyl,phenyl,mesityl,C6,P(C(C)(C)C)(C1CCCCC1)CCCCCCB(c1ccccc1)(c1c(C)cc(C)cc1C),Cc1cc(C)c(B(CCCCCCP(C2CCCCC2)C(C)(C)C)c2ccccc2)c(C)c1,True,0.4067796610169492
template_augmentation,intramolecular_P_B_alkyl,P,tert_butyl,cyclohexyl,phenyl,pentafluorophenyl,C1,P(C(C)(C)C)(C1CCCCC1)CB(c1ccccc1)(c1c(F)c(F)c(F)c(F)c1F),CC(C)(C)P(CB(c1ccccc1)c1c(F)c(F)c(F)c(F)c1F)C1CCCCC1,True,0.38636363636363635
template_augmentation,intramolecular_P_B_alkyl,P,tert_butyl,cyclohexyl,phenyl,pentafluorophenyl,C2,P(C(C)(C)C)(C1CCCCC1)CCB(c1ccccc1)(c1c(F)c(F)c(F)c(F)c1F),CC(C)(C)P(CCB(c1ccccc1)c1c(F)c(F)c(F)c(F)c1F)C1CCCCC1,True,0.4166666666666667
template_augmentation,intramolecular_P_B_alkyl,P,tert_butyl,cyclohexyl,phenyl,pentafluorophenyl,C3,P(C(C)(C)C)(C1CCCCC1)CCCB(c1ccccc1)(c1c(F)c(F)c(F)c(F)c1F),CC(C)(C)P(CCCB(c1ccccc1)c1c(F)c(F)c(F)c(F)c1F)C1CCCCC1,True,0.40384615384615385
template_augmentation,intramolecular_P_B_alkyl,P,tert_butyl,cyclohexyl,phenyl,pentafluorophenyl,C4,P(C(C)(C)C)(C1CCCCC1)CCCCB(c1ccccc1)(c1c(F)c(F)c(F)c(F)c1F),CC(C)(C)P(CCCCB(c1ccccc1)c1c(F)c(F)c(F)c(F)c1F)C1CCCCC1,True,0.45098039215686275
template_augmentation,intramolecular_P_B_alkyl,P,tert_butyl,cyclohexyl,phenyl,pentafluorophenyl,C5,P(C(C)(C)C)(C1CCCCC1)CCCCCB(c1ccccc1)(c1c(F)c(F)c(F)c(F)c1F),CC(C)(C)P(CCCCCB(c1ccccc1)c1c(F)c(F)c(F)c(F)c1F)C1CCCCC1,True,0.4423076923076923
template_augmentation,intramolecular_P_B_alkyl,P,tert_butyl,cyclohexyl,phenyl,pentafluorophenyl,C6,P(C(C)(C)C)(C1CCCCC1)CCCCCCB(c1ccccc1)(c1c(F)c(F)c(F)c(F)c1F),CC(C)(C)P(CCCCCCB(c1ccccc1)c1c(F)c(F)c(F)c(F)c1F)C1CCCCC1,True,0.4423076923076923
template_augmentation,intramolecular_P_B_alkyl,P,tert_butyl,cyclohexyl,phenyl,pentachlorophenyl,C1,P(C(C)(C)C)(C1CCCCC1)CB(c1ccccc1)(c1c(Cl)c(Cl)c(Cl)c(Cl)c1Cl),CC(C)(C)P(CB(c1ccccc1)c1c(Cl)c(Cl)c(Cl)c(Cl)c1Cl)C1CCCCC1,True,0.3953488372093023
template_augmentation,intramolecular_P_B_alkyl,P,tert_butyl,cyclohexyl,phenyl,pentachlorophenyl,C2,P(C(C)(C)C)(C1CCCCC1)CCB(c1ccccc1)(c1c(Cl)c(Cl)c(Cl)c(Cl)c1Cl),CC(C)(C)P(CCB(c1ccccc1)c1c(Cl)c(Cl)c(Cl)c(Cl)c1Cl)C1CCCCC1,True,0.40425531914893614
template_augmentation,intramolecular_P_B_alkyl,P,tert_butyl,cyclohexyl,phenyl,pentachlorophenyl,C3,P(C(C)(C)C)(C1CCCCC1)CCCB(c1ccccc1)(c1c(Cl)c(Cl)c(Cl)c(Cl)c1Cl),CC(C)(C)P(CCCB(c1ccccc1)c1c(Cl)c(Cl)c(Cl)c(Cl)c1Cl)C1CCCCC1,True,0.39215686274509803
template_augmentation,intramolecular_P_B_alkyl,P,tert_butyl,cyclohexyl,phenyl,pentachlorophenyl,C4,P(C(C)(C)C)(C1CCCCC1)CCCCB(c1ccccc1)(c1c(Cl)c(Cl)c(Cl)c(Cl)c1Cl),CC(C)(C)P(CCCCB(c1ccccc1)c1c(Cl)c(Cl)c(Cl)c(Cl)c1Cl)C1CCCCC1,True,0.44
template_augmentation,intramolecular_P_B_alkyl,P,tert_butyl,cyclohexyl,phenyl,pentachlorophenyl,C5,P(C(C)(C)C)(C1CCCCC1)CCCCCB(c1ccccc1)(c1c(Cl)c(Cl)c(Cl)c(Cl)c1Cl),CC(C)(C)P(CCCCCB(c1ccccc1)c1c(Cl)c(Cl)c(Cl)c(Cl)c1Cl)C1CCCCC1,True,0.43137254901960786
template_augmentation,intramolecular_P_B_alkyl,P,tert_butyl,cyclohexyl,phenyl,pentachlorophenyl,C6,P(C(C)(C)C)(C1CCCCC1)CCCCCCB(c1ccccc1)(c1c(Cl)c(Cl)c(Cl)c(Cl)c1Cl),CC(C)(C)P(CCCCCCB(c1ccccc1)c1c(Cl)c(Cl)c(Cl)c(Cl)c1Cl)C1CCCCC1,True,0.43137254901960786
template_augmentation,intramolecular_P_B_alkyl,P,tert_butyl,cyclohexyl,phenyl,bis_cf3_phenyl,C1,P(C(C)(C)C)(C1CCCCC1)CB(c1ccccc1)(c1cc(C(F)(F)F)cc(C(F)(F)F)c1),CC(C)(C)P(CB(c1ccccc1)c1cc(C(F)(F)F)cc(C(F)(F)F)c1)C1CCCCC1,True,0.5
template_augmentation,intramolecular_P_B_alkyl,P,tert_butyl,cyclohexyl,phenyl,bis_cf3_phenyl,C2,P(C(C)(C)C)(C1CCCCC1)CCB(c1ccccc1)(c1cc(C(F)(F)F)cc(C(F)(F)F)c1),CC(C)(C)P(CCB(c1ccccc1)c1cc(C(F)(F)F)cc(C(F)(F)F)c1)C1CCCCC1,True,0.42
template_augmentation,intramolecular_P_B_alkyl,P,tert_butyl,cyclohexyl,phenyl,bis_cf3_phenyl,C3,P(C(C)(C)C)(C1CCCCC1)CCCB(c1ccccc1)(c1cc(C(F)(F)F)cc(C(F)(F)F)c1),CC(C)(C)P(CCCB(c1ccccc1)c1cc(C(F)(F)F)cc(C(F)(F)F)c1)C1CCCCC1,True,0.40384615384615385
template_augmentation,intramolecular_P_B_alkyl,P,tert_butyl,cyclohexyl,phenyl,bis_cf3_phenyl,C4,P(C(C)(C)C)(C1CCCCC1)CCCCB(c1ccccc1)(c1cc(C(F)(F)F)cc(C(F)(F)F)c1),CC(C)(C)P(CCCCB(c1ccccc1)c1cc(C(F)(F)F)cc(C(F)(F)F)c1)C1CCCCC1,True,0.39622641509433965
template_augmentation,intramolecular_P_B_alkyl,P,tert_butyl,cyclohexyl,phenyl,bis_cf3_phenyl,C5,P(C(C)(C)C)(C1CCCCC1)CCCCCB(c1ccccc1)(c1cc(C(F)(F)F)cc(C(F)(F)F)c1),CC(C)(C)P(CCCCCB(c1ccccc1)c1cc(C(F)(F)F)cc(C(F)(F)F)c1)C1CCCCC1,True,0.3888888888888889
template_augmentation,intramolecular_P_B_alkyl,P,tert_butyl,cyclohexyl,phenyl,bis_cf3_phenyl,C6,P(C(C)(C)C)(C1CCCCC1)CCCCCCB(c1ccccc1)(c1cc(C(F)(F)F)cc(C(F)(F)F)c1),CC(C)(C)P(CCCCCCB(c1ccccc1)c1cc(C(F)(F)F)cc(C(F)(F)F)c1)C1CCCCC1,True,0.3888888888888889
template_augmentation,intramolecular_P_B_alkyl,P,tert_butyl,cyclohexyl,p_tolyl,p_tolyl,C1,P(C(C)(C)C)(C1CCCCC1)CB(c1ccc(C)cc1)(c1ccc(C)cc1),Cc1ccc(B(CP(C2CCCCC2)C(C)(C)C)c2ccc(C)cc2)cc1,True,0.3018867924528302
template_augmentation,intramolecular_P_B_alkyl,P,tert_butyl,cyclohexyl,p_tolyl,p_tolyl,C2,P(C(C)(C)C)(C1CCCCC1)CCB(c1ccc(C)cc1)(c1ccc(C)cc1),Cc1ccc(B(CCP(C2CCCCC2)C(C)(C)C)c2ccc(C)cc2)cc1,True,0.2909090909090909
template_augmentation,intramolecular_P_B_alkyl,P,tert_butyl,cyclohexyl,p_tolyl,p_tolyl,C3,P(C(C)(C)C)(C1CCCCC1)CCCB(c1ccc(C)cc1)(c1ccc(C)cc1),Cc1ccc(B(CCCP(C2CCCCC2)C(C)(C)C)c2ccc(C)cc2)cc1,True,0.2807017543859649
template_augmentation,intramolecular_P_B_alkyl,P,tert_butyl,cyclohexyl,p_tolyl,p_tolyl,C4,P(C(C)(C)C)(C1CCCCC1)CCCCB(c1ccc(C)cc1)(c1ccc(C)cc1),Cc1ccc(B(CCCCP(C2CCCCC2)C(C)(C)C)c2ccc(C)cc2)cc1,True,0.2909090909090909
template_augmentation,intramolecular_P_B_alkyl,P,tert_butyl,cyclohexyl,p_tolyl,p_tolyl,C5,P(C(C)(C)C)(C1CCCCC1)CCCCCB(c1ccc(C)cc1)(c1ccc(C)cc1),Cc1ccc(B(CCCCCP(C2CCCCC2)C(C)(C)C)c2ccc(C)cc2)cc1,True,0.2857142857142857
template_augmentation,intramolecular_P_B_alkyl,P,tert_butyl,cyclohexyl,p_tolyl,p_tolyl,C6,P(C(C)(C)C)(C1CCCCC1)CCCCCCB(c1ccc(C)cc1)(c1ccc(C)cc1),Cc1ccc(B(CCCCCCP(C2CCCCC2)C(C)(C)C)c2ccc(C)cc2)cc1,True,0.2857142857142857
template_augmentation,intramolecular_P_B_alkyl,P,tert_butyl,cyclohexyl,p_tolyl,mesityl,C1,P(C(C)(C)C)(C1CCCCC1)CB(c1ccc(C)cc1)(c1c(C)cc(C)cc1C),Cc1ccc(B(CP(C2CCCCC2)C(C)(C)C)c2c(C)cc(C)cc2C)cc1,True,0.4074074074074074
template_augmentation,intramolecular_P_B_alkyl,P,tert_butyl,cyclohexyl,p_tolyl,mesityl,C2,P(C(C)(C)C)(C1CCCCC1)CCB(c1ccc(C)cc1)(c1c(C)cc(C)cc1C),Cc1ccc(B(CCP(C2CCCCC2)C(C)(C)C)c2c(C)cc(C)cc2C)cc1,True,0.39285714285714285
template_augmentation,intramolecular_P_B_alkyl,P,tert_butyl,cyclohexyl,p_tolyl,mesityl,C3,P(C(C)(C)C)(C1CCCCC1)CCCB(c1ccc(C)cc1)(c1c(C)cc(C)cc1C),Cc1ccc(B(CCCP(C2CCCCC2)C(C)(C)C)c2c(C)cc(C)cc2C)cc1,True,0.3793103448275862
template_augmentation,intramolecular_P_B_alkyl,P,tert_butyl,cyclohexyl,p_tolyl,mesityl,C4,P(C(C)(C)C)(C1CCCCC1)CCCCB(c1ccc(C)cc1)(c1c(C)cc(C)cc1C),Cc1ccc(B(CCCCP(C2CCCCC2)C(C)(C)C)c2c(C)cc(C)cc2C)cc1,True,0.3728813559322034
template_augmentation,intramolecular_P_B_alkyl,P,tert_butyl,cyclohexyl,p_tolyl,mesityl,C5,P(C(C)(C)C)(C1CCCCC1)CCCCCB(c1ccc(C)cc1)(c1c(C)cc(C)cc1C),Cc1ccc(B(CCCCCP(C2CCCCC2)C(C)(C)C)c2c(C)cc(C)cc2C)cc1,True,0.36666666666666664
template_augmentation,intramolecular_P_B_alkyl,P,tert_butyl,cyclohexyl,p_tolyl,mesityl,C6,P(C(C)(C)C)(C1CCCCC1)CCCCCCB(c1ccc(C)cc1)(c1c(C)cc(C)cc1C),Cc1ccc(B(CCCCCCP(C2CCCCC2)C(C)(C)C)c2c(C)cc(C)cc2C)cc1,True,0.36666666666666664
template_augmentation,intramolecular_P_B_alkyl,P,tert_butyl,cyclohexyl,p_tolyl,pentafluorophenyl,C1,P(C(C)(C)C)(C1CCCCC1)CB(c1ccc(C)cc1)(c1c(F)c(F)c(F)c(F)c1F),Cc1ccc(B(CP(C2CCCCC2)C(C)(C)C)c2c(F)c(F)c(F)c(F)c2F)cc1,True,0.37777777777777777
template_augmentation,intramolecular_P_B_alkyl,P,tert_butyl,cyclohexyl,p_tolyl,pentafluorophenyl,C2,P(C(C)(C)C)(C1CCCCC1)CCB(c1ccc(C)cc1)(c1c(F)c(F)c(F)c(F)c1F),Cc1ccc(B(CCP(C2CCCCC2)C(C)(C)C)c2c(F)c(F)c(F)c(F)c2F)cc1,True,0.38461538461538464
template_augmentation,intramolecular_P_B_alkyl,P,tert_butyl,cyclohexyl,p_tolyl,pentafluorophenyl,C3,P(C(C)(C)C)(C1CCCCC1)CCCB(c1ccc(C)cc1)(c1c(F)c(F)c(F)c(F)c1F),Cc1ccc(B(CCCP(C2CCCCC2)C(C)(C)C)c2c(F)c(F)c(F)c(F)c2F)cc1,True,0.375
template_augmentation,intramolecular_P_B_alkyl,P,tert_butyl,cyclohexyl,p_tolyl,pentafluorophenyl,C4,P(C(C)(C)C)(C1CCCCC1)CCCCB(c1ccc(C)cc1)(c1c(F)c(F)c(F)c(F)c1F),Cc1ccc(B(CCCCP(C2CCCCC2)C(C)(C)C)c2c(F)c(F)c(F)c(F)c2F)cc1,True,0.41818181818181815
template_augmentation,intramolecular_P_B_alkyl,P,tert_butyl,cyclohexyl,p_tolyl,pentafluorophenyl,C5,P(C(C)(C)C)(C1CCCCC1)CCCCCB(c1ccc(C)cc1)(c1c(F)c(F)c(F)c(F)c1F),Cc1ccc(B(CCCCCP(C2CCCCC2)C(C)(C)C)c2c(F)c(F)c(F)c(F)c2F)cc1,True,0.4107142857142857
template_augmentation,intramolecular_P_B_alkyl,P,tert_butyl,cyclohexyl,p_tolyl,pentafluorophenyl,C6,P(C(C)(C)C)(C1CCCCC1)CCCCCCB(c1ccc(C)cc1)(c1c(F)c(F)c(F)c(F)c1F),Cc1ccc(B(CCCCCCP(C2CCCCC2)C(C)(C)C)c2c(F)c(F)c(F)c(F)c2F)cc1,True,0.4107142857142857
template_augmentation,intramolecular_P_B_alkyl,P,tert_butyl,cyclohexyl,p_tolyl,pentachlorophenyl,C1,P(C(C)(C)C)(C1CCCCC1)CB(c1ccc(C)cc1)(c1c(Cl)c(Cl)c(Cl)c(Cl)c1Cl),Cc1ccc(B(CP(C2CCCCC2)C(C)(C)C)c2c(Cl)c(Cl)c(Cl)c(Cl)c2Cl)cc1,True,0.37777777777777777
template_augmentation,intramolecular_P_B_alkyl,P,tert_butyl,cyclohexyl,p_tolyl,pentachlorophenyl,C2,P(C(C)(C)C)(C1CCCCC1)CCB(c1ccc(C)cc1)(c1c(Cl)c(Cl)c(Cl)c(Cl)c1Cl),Cc1ccc(B(CCP(C2CCCCC2)C(C)(C)C)c2c(Cl)c(Cl)c(Cl)c(Cl)c2Cl)cc1,True,0.38461538461538464
template_augmentation,intramolecular_P_B_alkyl,P,tert_butyl,cyclohexyl,p_tolyl,pentachlorophenyl,C3,P(C(C)(C)C)(C1CCCCC1)CCCB(c1ccc(C)cc1)(c1c(Cl)c(Cl)c(Cl)c(Cl)c1Cl),Cc1ccc(B(CCCP(C2CCCCC2)C(C)(C)C)c2c(Cl)c(Cl)c(Cl)c(Cl)c2Cl)cc1,True,0.375
template_augmentation,intramolecular_P_B_alkyl,P,tert_butyl,cyclohexyl,p_tolyl,pentachlorophenyl,C4,P(C(C)(C)C)(C1CCCCC1)CCCCB(c1ccc(C)cc1)(c1c(Cl)c(Cl)c(Cl)c(Cl)c1Cl),Cc1ccc(B(CCCCP(C2CCCCC2)C(C)(C)C)c2c(Cl)c(Cl)c(Cl)c(Cl)c2Cl)cc1,True,0.41818181818181815
template_augmentation,intramolecular_P_B_alkyl,P,tert_butyl,cyclohexyl,p_tolyl,pentachlorophenyl,C5,P(C(C)(C)C)(C1CCCCC1)CCCCCB(c1ccc(C)cc1)(c1c(Cl)c(Cl)c(Cl)c(Cl)c1Cl),Cc1ccc(B(CCCCCP(C2CCCCC2)C(C)(C)C)c2c(Cl)c(Cl)c(Cl)c(Cl)c2Cl)cc1,True,0.4107142857142857
template_augmentation,intramolecular_P_B_alkyl,P,tert_butyl,cyclohexyl,p_tolyl,pentachlorophenyl,C6,P(C(C)(C)C)(C1CCCCC1)CCCCCCB(c1ccc(C)cc1)(c1c(Cl)c(Cl)c(Cl)c(Cl)c1Cl),Cc1ccc(B(CCCCCCP(C2CCCCC2)C(C)(C)C)c2c(Cl)c(Cl)c(Cl)c(Cl)c2Cl)cc1,True,0.4107142857142857
template_augmentation,intramolecular_P_B_alkyl,P,tert_butyl,cyclohexyl,p_tolyl,bis_cf3_phenyl,C1,P(C(C)(C)C)(C1CCCCC1)CB(c1ccc(C)cc1)(c1cc(C(F)(F)F)cc(C(F)(F)F)c1),Cc1ccc(B(CP(C2CCCCC2)C(C)(C)C)c2cc(C(F)(F)F)cc(C(F)(F)F)c2)cc1,True,0.48936170212765956
template_augmentation,intramolecular_P_B_alkyl,P,tert_butyl,cyclohexyl,p_tolyl,bis_cf3_phenyl,C2,P(C(C)(C)C)(C1CCCCC1)CCB(c1ccc(C)cc1)(c1cc(C(F)(F)F)cc(C(F)(F)F)c1),Cc1ccc(B(CCP(C2CCCCC2)C(C)(C)C)c2cc(C(F)(F)F)cc(C(F)(F)F)c2)cc1,True,0.4117647058823529
template_augmentation,intramolecular_P_B_alkyl,P,tert_butyl,cyclohexyl,p_tolyl,bis_cf3_phenyl,C3,P(C(C)(C)C)(C1CCCCC1)CCCB(c1ccc(C)cc1)(c1cc(C(F)(F)F)cc(C(F)(F)F)c1),Cc1ccc(B(CCCP(C2CCCCC2)C(C)(C)C)c2cc(C(F)(F)F)cc(C(F)(F)F)c2)cc1,True,0.39622641509433965
template_augmentation,intramolecular_P_B_alkyl,P,tert_butyl,cyclohexyl,p_tolyl,bis_cf3_phenyl,C4,P(C(C)(C)C)(C1CCCCC1)CCCCB(c1ccc(C)cc1)(c1cc(C(F)(F)F)cc(C(F)(F)F)c1),Cc1ccc(B(CCCCP(C2CCCCC2)C(C)(C)C)c2cc(C(F)(F)F)cc(C(F)(F)F)c2)cc1,True,0.3888888888888889
template_augmentation,intramolecular_P_B_alkyl,P,tert_butyl,cyclohexyl,p_tolyl,bis_cf3_phenyl,C5,P(C(C)(C)C)(C1CCCCC1)CCCCCB(c1ccc(C)cc1)(c1cc(C(F)(F)F)cc(C(F)(F)F)c1),Cc1ccc(B(CCCCCP(C2CCCCC2)C(C)(C)C)c2cc(C(F)(F)F)cc(C(F)(F)F)c2)cc1,True,0.38181818181818183
template_augmentation,intramolecular_P_B_alkyl,P,tert_butyl,cyclohexyl,p_tolyl,bis_cf3_phenyl,C6,P(C(C)(C)C)(C1CCCCC1)CCCCCCB(c1ccc(C)cc1)(c1cc(C(F)(F)F)cc(C(F)(F)F)c1),Cc1ccc(B(CCCCCCP(C2CCCCC2)C(C)(C)C)c2cc(C(F)(F)F)cc(C(F)(F)F)c2)cc1,True,0.38181818181818183
template_augmentation,intramolecular_P_B_alkyl,P,tert_butyl,cyclohexyl,mesityl,mesityl,C1,P(C(C)(C)C)(C1CCCCC1)CB(c1c(C)cc(C)cc1C)(c1c(C)cc(C)cc1C),Cc1cc(C)c(B(CP(C2CCCCC2)C(C)(C)C)c2c(C)cc(C)cc2C)c(C)c1,True,0.42857142857142855
template_augmentation,intramolecular_P_B_alkyl,P,tert_butyl,cyclohexyl,mesityl,mesityl,C2,P(C(C)(C)C)(C1CCCCC1)CCB(c1c(C)cc(C)cc1C)(c1c(C)cc(C)cc1C),Cc1cc(C)c(B(CCP(C2CCCCC2)C(C)(C)C)c2c(C)cc(C)cc2C)c(C)c1,True,0.4117647058823529
template_augmentation,intramolecular_P_B_alkyl,P,tert_butyl,cyclohexyl,mesityl,mesityl,C3,P(C(C)(C)C)(C1CCCCC1)CCCB(c1c(C)cc(C)cc1C)(c1c(C)cc(C)cc1C),Cc1cc(C)c(B(CCCP(C2CCCCC2)C(C)(C)C)c2c(C)cc(C)cc2C)c(C)c1,True,0.39622641509433965
template_augmentation,intramolecular_P_B_alkyl,P,tert_butyl,cyclohexyl,mesityl,mesityl,C4,P(C(C)(C)C)(C1CCCCC1)CCCCB(c1c(C)cc(C)cc1C)(c1c(C)cc(C)cc1C),Cc1cc(C)c(B(CCCCP(C2CCCCC2)C(C)(C)C)c2c(C)cc(C)cc2C)c(C)c1,True,0.4117647058823529
template_augmentation,intramolecular_P_B_alkyl,P,tert_butyl,cyclohexyl,mesityl,mesityl,C5,P(C(C)(C)C)(C1CCCCC1)CCCCCB(c1c(C)cc(C)cc1C)(c1c(C)cc(C)cc1C),Cc1cc(C)c(B(CCCCCP(C2CCCCC2)C(C)(C)C)c2c(C)cc(C)cc2C)c(C)c1,True,0.40384615384615385
template_augmentation,intramolecular_P_B_alkyl,P,tert_butyl,cyclohexyl,mesityl,mesityl,C6,P(C(C)(C)C)(C1CCCCC1)CCCCCCB(c1c(C)cc(C)cc1C)(c1c(C)cc(C)cc1C),Cc1cc(C)c(B(CCCCCCP(C2CCCCC2)C(C)(C)C)c2c(C)cc(C)cc2C)c(C)c1,True,0.40384615384615385
template_augmentation,intramolecular_P_B_alkyl,P,tert_butyl,cyclohexyl,mesityl,pentafluorophenyl,C1,P(C(C)(C)C)(C1CCCCC1)CB(c1c(C)cc(C)cc1C)(c1c(F)c(F)c(F)c(F)c1F),Cc1cc(C)c(B(CP(C2CCCCC2)C(C)(C)C)c2c(F)c(F)c(F)c(F)c2F)c(C)c1,True,0.4090909090909091
template_augmentation,intramolecular_P_B_alkyl,P,tert_butyl,cyclohexyl,mesityl,pentafluorophenyl,C2,P(C(C)(C)C)(C1CCCCC1)CCB(c1c(C)cc(C)cc1C)(c1c(F)c(F)c(F)c(F)c1F),Cc1cc(C)c(B(CCP(C2CCCCC2)C(C)(C)C)c2c(F)c(F)c(F)c(F)c2F)c(C)c1,True,0.5
template_augmentation,intramolecular_P_B_alkyl,P,tert_butyl,cyclohexyl,mesityl,pentafluorophenyl,C3,P(C(C)(C)C)(C1CCCCC1)CCCB(c1c(C)cc(C)cc1C)(c1c(F)c(F)c(F)c(F)c1F),Cc1cc(C)c(B(CCCP(C2CCCCC2)C(C)(C)C)c2c(F)c(F)c(F)c(F)c2F)c(C)c1,True,0.4807692307692308
template_augmentation,intramolecular_P_B_alkyl,P,tert_butyl,cyclohexyl,mesityl,pentafluorophenyl,C4,P(C(C)(C)C)(C1CCCCC1)CCCCB(c1c(C)cc(C)cc1C)(c1c(F)c(F)c(F)c(F)c1F),Cc1cc(C)c(B(CCCCP(C2CCCCC2)C(C)(C)C)c2c(F)c(F)c(F)c(F)c2F)c(C)c1,True,0.5294117647058824
template_augmentation,intramolecular_P_B_alkyl,P,tert_butyl,cyclohexyl,mesityl,pentafluorophenyl,C5,P(C(C)(C)C)(C1CCCCC1)CCCCCB(c1c(C)cc(C)cc1C)(c1c(F)c(F)c(F)c(F)c1F),Cc1cc(C)c(B(CCCCCP(C2CCCCC2)C(C)(C)C)c2c(F)c(F)c(F)c(F)c2F)c(C)c1,True,0.5192307692307693
template_augmentation,intramolecular_P_B_alkyl,P,tert_butyl,cyclohexyl,mesityl,pentafluorophenyl,C6,P(C(C)(C)C)(C1CCCCC1)CCCCCCB(c1c(C)cc(C)cc1C)(c1c(F)c(F)c(F)c(F)c1F),Cc1cc(C)c(B(CCCCCCP(C2CCCCC2)C(C)(C)C)c2c(F)c(F)c(F)c(F)c2F)c(C)c1,True,0.5192307692307693
template_augmentation,intramolecular_P_B_alkyl,P,tert_butyl,cyclohexyl,mesityl,pentachlorophenyl,C1,P(C(C)(C)C)(C1CCCCC1)CB(c1c(C)cc(C)cc1C)(c1c(Cl)c(Cl)c(Cl)c(Cl)c1Cl),Cc1cc(C)c(B(CP(C2CCCCC2)C(C)(C)C)c2c(Cl)c(Cl)c(Cl)c(Cl)c2Cl)c(C)c1,True,0.4339622641509434
template_augmentation,intramolecular_P_B_alkyl,P,tert_butyl,cyclohexyl,mesityl,pentachlorophenyl,C2,P(C(C)(C)C)(C1CCCCC1)CCB(c1c(C)cc(C)cc1C)(c1c(Cl)c(Cl)c(Cl)c(Cl)c1Cl),Cc1cc(C)c(B(CCP(C2CCCCC2)C(C)(C)C)c2c(Cl)c(Cl)c(Cl)c(Cl)c2Cl)c(C)c1,True,0.5
template_augmentation,intramolecular_P_B_alkyl,P,tert_butyl,cyclohexyl,mesityl,pentachlorophenyl,C3,P(C(C)(C)C)(C1CCCCC1)CCCB(c1c(C)cc(C)cc1C)(c1c(Cl)c(Cl)c(Cl)c(Cl)c1Cl),Cc1cc(C)c(B(CCCP(C2CCCCC2)C(C)(C)C)c2c(Cl)c(Cl)c(Cl)c(Cl)c2Cl)c(C)c1,True,0.4807692307692308
template_augmentation,intramolecular_P_B_alkyl,P,tert_butyl,cyclohexyl,mesityl,pentachlorophenyl,C4,P(C(C)(C)C)(C1CCCCC1)CCCCB(c1c(C)cc(C)cc1C)(c1c(Cl)c(Cl)c(Cl)c(Cl)c1Cl),Cc1cc(C)c(B(CCCCP(C2CCCCC2)C(C)(C)C)c2c(Cl)c(Cl)c(Cl)c(Cl)c2Cl)c(C)c1,True,0.5294117647058824
template_augmentation,intramolecular_P_B_alkyl,P,tert_butyl,cyclohexyl,mesityl,pentachlorophenyl,C5,P(C(C)(C)C)(C1CCCCC1)CCCCCB(c1c(C)cc(C)cc1C)(c1c(Cl)c(Cl)c(Cl)c(Cl)c1Cl),Cc1cc(C)c(B(CCCCCP(C2CCCCC2)C(C)(C)C)c2c(Cl)c(Cl)c(Cl)c(Cl)c2Cl)c(C)c1,True,0.5192307692307693
template_augmentation,intramolecular_P_B_alkyl,P,tert_butyl,cyclohexyl,mesityl,pentachlorophenyl,C6,P(C(C)(C)C)(C1CCCCC1)CCCCCCB(c1c(C)cc(C)cc1C)(c1c(Cl)c(Cl)c(Cl)c(Cl)c1Cl),Cc1cc(C)c(B(CCCCCCP(C2CCCCC2)C(C)(C)C)c2c(Cl)c(Cl)c(Cl)c(Cl)c2Cl)c(C)c1,True,0.5192307692307693
template_augmentation,intramolecular_P_B_alkyl,P,tert_butyl,cyclohexyl,mesityl,bis_cf3_phenyl,C1,P(C(C)(C)C)(C1CCCCC1)CB(c1c(C)cc(C)cc1C)(c1cc(C(F)(F)F)cc(C(F)(F)F)c1),Cc1cc(C)c(B(CP(C2CCCCC2)C(C)(C)C)c2cc(C(F)(F)F)cc(C(F)(F)F)c2)c(C)c1,True,0.4489795918367347
template_augmentation,intramolecular_P_B_alkyl,P,tert_butyl,cyclohexyl,mesityl,bis_cf3_phenyl,C2,P(C(C)(C)C)(C1CCCCC1)CCB(c1c(C)cc(C)cc1C)(c1cc(C(F)(F)F)cc(C(F)(F)F)c1),Cc1cc(C)c(B(CCP(C2CCCCC2)C(C)(C)C)c2cc(C(F)(F)F)cc(C(F)(F)F)c2)c(C)c1,True,0.40384615384615385
template_augmentation,intramolecular_P_B_alkyl,P,tert_butyl,cyclohexyl,mesityl,bis_cf3_phenyl,C3,P(C(C)(C)C)(C1CCCCC1)CCCB(c1c(C)cc(C)cc1C)(c1cc(C(F)(F)F)cc(C(F)(F)F)c1),Cc1cc(C)c(B(CCCP(C2CCCCC2)C(C)(C)C)c2cc(C(F)(F)F)cc(C(F)(F)F)c2)c(C)c1,True,0.3888888888888889
template_augmentation,intramolecular_P_B_alkyl,P,tert_butyl,cyclohexyl,mesityl,bis_cf3_phenyl,C4,P(C(C)(C)C)(C1CCCCC1)CCCCB(c1c(C)cc(C)cc1C)(c1cc(C(F)(F)F)cc(C(F)(F)F)c1),Cc1cc(C)c(B(CCCCP(C2CCCCC2)C(C)(C)C)c2cc(C(F)(F)F)cc(C(F)(F)F)c2)c(C)c1,True,0.38181818181818183
template_augmentation,intramolecular_P_B_alkyl,P,tert_butyl,cyclohexyl,mesityl,bis_cf3_phenyl,C5,P(C(C)(C)C)(C1CCCCC1)CCCCCB(c1c(C)cc(C)cc1C)(c1cc(C(F)(F)F)cc(C(F)(F)F)c1),Cc1cc(C)c(B(CCCCCP(C2CCCCC2)C(C)(C)C)c2cc(C(F)(F)F)cc(C(F)(F)F)c2)c(C)c1,True,0.375
template_augmentation,intramolecular_P_B_alkyl,P,tert_butyl,cyclohexyl,mesityl,bis_cf3_phenyl,C6,P(C(C)(C)C)(C1CCCCC1)CCCCCCB(c1c(C)cc(C)cc1C)(c1cc(C(F)(F)F)cc(C(F)(F)F)c1),Cc1cc(C)c(B(CCCCCCP(C2CCCCC2)C(C)(C)C)c2cc(C(F)(F)F)cc(C(F)(F)F)c2)c(C)c1,True,0.375
template_augmentation,intramolecular_P_B_alkyl,P,tert_butyl,cyclohexyl,pentafluorophenyl,pentafluorophenyl,C1,P(C(C)(C)C)(C1CCCCC1)CB(c1c(F)c(F)c(F)c(F)c1F)(c1c(F)c(F)c(F)c(F)c1F),CC(C)(C)P(CB(c1c(F)c(F)c(F)c(F)c1F)c1c(F)c(F)c(F)c(F)c1F)C1CCCCC1,True,0.5142857142857142
template_augmentation,intramolecular_P_B_alkyl,P,tert_butyl,cyclohexyl,pentafluorophenyl,pentafluorophenyl,C2,P(C(C)(C)C)(C1CCCCC1)CCB(c1c(F)c(F)c(F)c(F)c1F)(c1c(F)c(F)c(F)c(F)c1F),CC(C)(C)P(CCB(c1c(F)c(F)c(F)c(F)c1F)c1c(F)c(F)c(F)c(F)c1F)C1CCCCC1,True,0.4358974358974359
template_augmentation,intramolecular_P_B_alkyl,P,tert_butyl,cyclohexyl,pentafluorophenyl,pentafluorophenyl,C3,P(C(C)(C)C)(C1CCCCC1)CCCB(c1c(F)c(F)c(F)c(F)c1F)(c1c(F)c(F)c(F)c(F)c1F),CC(C)(C)P(CCCB(c1c(F)c(F)c(F)c(F)c1F)c1c(F)c(F)c(F)c(F)c1F)C1CCCCC1,True,0.43478260869565216
template_augmentation,intramolecular_P_B_alkyl,P,tert_butyl,cyclohexyl,pentafluorophenyl,pentafluorophenyl,C4,P(C(C)(C)C)(C1CCCCC1)CCCCB(c1c(F)c(F)c(F)c(F)c1F)(c1c(F)c(F)c(F)c(F)c1F),CC(C)(C)P(CCCCB(c1c(F)c(F)c(F)c(F)c1F)c1c(F)c(F)c(F)c(F)c1F)C1CCCCC1,True,0.425531914893617
template_augmentation,intramolecular_P_B_alkyl,P,tert_butyl,cyclohexyl,pentafluorophenyl,pentafluorophenyl,C5,P(C(C)(C)C)(C1CCCCC1)CCCCCB(c1c(F)c(F)c(F)c(F)c1F)(c1c(F)c(F)c(F)c(F)c1F),CC(C)(C)P(CCCCCB(c1c(F)c(F)c(F)c(F)c1F)c1c(F)c(F)c(F)c(F)c1F)C1CCCCC1,True,0.4166666666666667
template_augmentation,intramolecular_P_B_alkyl,P,tert_butyl,cyclohexyl,pentafluorophenyl,pentafluorophenyl,C6,P(C(C)(C)C)(C1CCCCC1)CCCCCCB(c1c(F)c(F)c(F)c(F)c1F)(c1c(F)c(F)c(F)c(F)c1F),CC(C)(C)P(CCCCCCB(c1c(F)c(F)c(F)c(F)c1F)c1c(F)c(F)c(F)c(F)c1F)C1CCCCC1,True,0.4166666666666667
template_augmentation,intramolecular_P_B_alkyl,P,tert_butyl,cyclohexyl,pentafluorophenyl,pentachlorophenyl,C1,P(C(C)(C)C)(C1CCCCC1)CB(c1c(F)c(F)c(F)c(F)c1F)(c1c(Cl)c(Cl)c(Cl)c(Cl)c1Cl),CC(C)(C)P(CB(c1c(F)c(F)c(F)c(F)c1F)c1c(Cl)c(Cl)c(Cl)c(Cl)c1Cl)C1CCCCC1,True,0.43902439024390244
template_augmentation,intramolecular_P_B_alkyl,P,tert_butyl,cyclohexyl,pentafluorophenyl,pentachlorophenyl,C2,P(C(C)(C)C)(C1CCCCC1)CCB(c1c(F)c(F)c(F)c(F)c1F)(c1c(Cl)c(Cl)c(Cl)c(Cl)c1Cl),CC(C)(C)P(CCB(c1c(F)c(F)c(F)c(F)c1F)c1c(Cl)c(Cl)c(Cl)c(Cl)c1Cl)C1CCCCC1,True,0.37777777777777777
template_augmentation,intramolecular_P_B_alkyl,P,tert_butyl,cyclohexyl,pentafluorophenyl,pentachlorophenyl,C3,P(C(C)(C)C)(C1CCCCC1)CCCB(c1c(F)c(F)c(F)c(F)c1F)(c1c(Cl)c(Cl)c(Cl)c(Cl)c1Cl),CC(C)(C)P(CCCB(c1c(F)c(F)c(F)c(F)c1F)c1c(Cl)c(Cl)c(Cl)c(Cl)c1Cl)C1CCCCC1,True,0.38461538461538464
template_augmentation,intramolecular_P_B_alkyl,P,tert_butyl,cyclohexyl,pentafluorophenyl,pentachlorophenyl,C4,P(C(C)(C)C)(C1CCCCC1)CCCCB(c1c(F)c(F)c(F)c(F)c1F)(c1c(Cl)c(Cl)c(Cl)c(Cl)c1Cl),CC(C)(C)P(CCCCB(c1c(F)c(F)c(F)c(F)c1F)c1c(Cl)c(Cl)c(Cl)c(Cl)c1Cl)C1CCCCC1,True,0.38461538461538464
template_augmentation,intramolecular_P_B_alkyl,P,tert_butyl,cyclohexyl,pentafluorophenyl,pentachlorophenyl,C5,P(C(C)(C)C)(C1CCCCC1)CCCCCB(c1c(F)c(F)c(F)c(F)c1F)(c1c(Cl)c(Cl)c(Cl)c(Cl)c1Cl),CC(C)(C)P(CCCCCB(c1c(F)c(F)c(F)c(F)c1F)c1c(Cl)c(Cl)c(Cl)c(Cl)c1Cl)C1CCCCC1,True,0.37735849056603776
template_augmentation,intramolecular_P_B_alkyl,P,tert_butyl,cyclohexyl,pentafluorophenyl,pentachlorophenyl,C6,P(C(C)(C)C)(C1CCCCC1)CCCCCCB(c1c(F)c(F)c(F)c(F)c1F)(c1c(Cl)c(Cl)c(Cl)c(Cl)c1Cl),CC(C)(C)P(CCCCCCB(c1c(F)c(F)c(F)c(F)c1F)c1c(Cl)c(Cl)c(Cl)c(Cl)c1Cl)C1CCCCC1,True,0.37735849056603776
template_augmentation,intramolecular_P_B_alkyl,P,tert_butyl,cyclohexyl,pentafluorophenyl,bis_cf3_phenyl,C1,P(C(C)(C)C)(C1CCCCC1)CB(c1c(F)c(F)c(F)c(F)c1F)(c1cc(C(F)(F)F)cc(C(F)(F)F)c1),CC(C)(C)P(CB(c1cc(C(F)(F)F)cc(C(F)(F)F)c1)c1c(F)c(F)c(F)c(F)c1F)C1CCCCC1,True,0.46808510638297873
template_augmentation,intramolecular_P_B_alkyl,P,tert_butyl,cyclohexyl,pentafluorophenyl,bis_cf3_phenyl,C2,P(C(C)(C)C)(C1CCCCC1)CCB(c1c(F)c(F)c(F)c(F)c1F)(c1cc(C(F)(F)F)cc(C(F)(F)F)c1),CC(C)(C)P(CCB(c1cc(C(F)(F)F)cc(C(F)(F)F)c1)c1c(F)c(F)c(F)c(F)c1F)C1CCCCC1,True,0.42
template_augmentation,intramolecular_P_B_alkyl,P,tert_butyl,cyclohexyl,pentafluorophenyl,bis_cf3_phenyl,C3,P(C(C)(C)C)(C1CCCCC1)CCCB(c1c(F)c(F)c(F)c(F)c1F)(c1cc(C(F)(F)F)cc(C(F)(F)F)c1),CC(C)(C)P(CCCB(c1cc(C(F)(F)F)cc(C(F)(F)F)c1)c1c(F)c(F)c(F)c(F)c1F)C1CCCCC1,True,0.40384615384615385
template_augmentation,intramolecular_P_B_alkyl,P,tert_butyl,cyclohexyl,pentafluorophenyl,bis_cf3_phenyl,C4,P(C(C)(C)C)(C1CCCCC1)CCCCB(c1c(F)c(F)c(F)c(F)c1F)(c1cc(C(F)(F)F)cc(C(F)(F)F)c1),CC(C)(C)P(CCCCB(c1cc(C(F)(F)F)cc(C(F)(F)F)c1)c1c(F)c(F)c(F)c(F)c1F)C1CCCCC1,True,0.39622641509433965
template_augmentation,intramolecular_P_B_alkyl,P,tert_butyl,cyclohexyl,pentafluorophenyl,bis_cf3_phenyl,C5,P(C(C)(C)C)(C1CCCCC1)CCCCCB(c1c(F)c(F)c(F)c(F)c1F)(c1cc(C(F)(F)F)cc(C(F)(F)F)c1),CC(C)(C)P(CCCCCB(c1cc(C(F)(F)F)cc(C(F)(F)F)c1)c1c(F)c(F)c(F)c(F)c1F)C1CCCCC1,True,0.3888888888888889
template_augmentation,intramolecular_P_B_alkyl,P,tert_butyl,cyclohexyl,pentafluorophenyl,bis_cf3_phenyl,C6,P(C(C)(C)C)(C1CCCCC1)CCCCCCB(c1c(F)c(F)c(F)c(F)c1F)(c1cc(C(F)(F)F)cc(C(F)(F)F)c1),CC(C)(C)P(CCCCCCB(c1cc(C(F)(F)F)cc(C(F)(F)F)c1)c1c(F)c(F)c(F)c(F)c1F)C1CCCCC1,True,0.3888888888888889
template_augmentation,intramolecular_P_B_alkyl,P,tert_butyl,cyclohexyl,pentachlorophenyl,pentachlorophenyl,C1,P(C(C)(C)C)(C1CCCCC1)CB(c1c(Cl)c(Cl)c(Cl)c(Cl)c1Cl)(c1c(Cl)c(Cl)c(Cl)c(Cl)c1Cl),CC(C)(C)P(CB(c1c(Cl)c(Cl)c(Cl)c(Cl)c1Cl)c1c(Cl)c(Cl)c(Cl)c(Cl)c1Cl)C1CCCCC1,True,0.5142857142857142
template_augmentation,intramolecular_P_B_alkyl,P,tert_butyl,cyclohexyl,pentachlorophenyl,pentachlorophenyl,C2,P(C(C)(C)C)(C1CCCCC1)CCB(c1c(Cl)c(Cl)c(Cl)c(Cl)c1Cl)(c1c(Cl)c(Cl)c(Cl)c(Cl)c1Cl),CC(C)(C)P(CCB(c1c(Cl)c(Cl)c(Cl)c(Cl)c1Cl)c1c(Cl)c(Cl)c(Cl)c(Cl)c1Cl)C1CCCCC1,True,0.4358974358974359
template_augmentation,intramolecular_P_B_alkyl,P,tert_butyl,cyclohexyl,pentachlorophenyl,pentachlorophenyl,C3,P(C(C)(C)C)(C1CCCCC1)CCCB(c1c(Cl)c(Cl)c(Cl)c(Cl)c1Cl)(c1c(Cl)c(Cl)c(Cl)c(Cl)c1Cl),CC(C)(C)P(CCCB(c1c(Cl)c(Cl)c(Cl)c(Cl)c1Cl)c1c(Cl)c(Cl)c(Cl)c(Cl)c1Cl)C1CCCCC1,True,0.43478260869565216
template_augmentation,intramolecular_P_B_alkyl,P,tert_butyl,cyclohexyl,pentachlorophenyl,pentachlorophenyl,C4,P(C(C)(C)C)(C1CCCCC1)CCCCB(c1c(Cl)c(Cl)c(Cl)c(Cl)c1Cl)(c1c(Cl)c(Cl)c(Cl)c(Cl)c1Cl),CC(C)(C)P(CCCCB(c1c(Cl)c(Cl)c(Cl)c(Cl)c1Cl)c1c(Cl)c(Cl)c(Cl)c(Cl)c1Cl)C1CCCCC1,True,0.425531914893617
template_augmentation,intramolecular_P_B_alkyl,P,tert_butyl,cyclohexyl,pentachlorophenyl,pentachlorophenyl,C5,P(C(C)(C)C)(C1CCCCC1)CCCCCB(c1c(Cl)c(Cl)c(Cl)c(Cl)c1Cl)(c1c(Cl)c(Cl)c(Cl)c(Cl)c1Cl),CC(C)(C)P(CCCCCB(c1c(Cl)c(Cl)c(Cl)c(Cl)c1Cl)c1c(Cl)c(Cl)c(Cl)c(Cl)c1Cl)C1CCCCC1,True,0.4166666666666667
template_augmentation,intramolecular_P_B_alkyl,P,tert_butyl,cyclohexyl,pentachlorophenyl,pentachlorophenyl,C6,P(C(C)(C)C)(C1CCCCC1)CCCCCCB(c1c(Cl)c(Cl)c(Cl)c(Cl)c1Cl)(c1c(Cl)c(Cl)c(Cl)c(Cl)c1Cl),CC(C)(C)P(CCCCCCB(c1c(Cl)c(Cl)c(Cl)c(Cl)c1Cl)c1c(Cl)c(Cl)c(Cl)c(Cl)c1Cl)C1CCCCC1,True,0.4166666666666667
template_augmentation,intramolecular_P_B_alkyl,P,tert_butyl,cyclohexyl,pentachlorophenyl,bis_cf3_phenyl,C1,P(C(C)(C)C)(C1CCCCC1)CB(c1c(Cl)c(Cl)c(Cl)c(Cl)c1Cl)(c1cc(C(F)(F)F)cc(C(F)(F)F)c1),CC(C)(C)P(CB(c1cc(C(F)(F)F)cc(C(F)(F)F)c1)c1c(Cl)c(Cl)c(Cl)c(Cl)c1Cl)C1CCCCC1,True,0.4583333333333333
template_augmentation,intramolecular_P_B_alkyl,P,tert_butyl,cyclohexyl,pentachlorophenyl,bis_cf3_phenyl,C2,P(C(C)(C)C)(C1CCCCC1)CCB(c1c(Cl)c(Cl)c(Cl)c(Cl)c1Cl)(c1cc(C(F)(F)F)cc(C(F)(F)F)c1),CC(C)(C)P(CCB(c1cc(C(F)(F)F)cc(C(F)(F)F)c1)c1c(Cl)c(Cl)c(Cl)c(Cl)c1Cl)C1CCCCC1,True,0.4117647058823529
template_augmentation,intramolecular_P_B_alkyl,P,tert_butyl,cyclohexyl,pentachlorophenyl,bis_cf3_phenyl,C3,P(C(C)(C)C)(C1CCCCC1)CCCB(c1c(Cl)c(Cl)c(Cl)c(Cl)c1Cl)(c1cc(C(F)(F)F)cc(C(F)(F)F)c1),CC(C)(C)P(CCCB(c1cc(C(F)(F)F)cc(C(F)(F)F)c1)c1c(Cl)c(Cl)c(Cl)c(Cl)c1Cl)C1CCCCC1,True,0.39622641509433965
template_augmentation,intramolecular_P_B_alkyl,P,tert_butyl,cyclohexyl,pentachlorophenyl,bis_cf3_phenyl,C4,P(C(C)(C)C)(C1CCCCC1)CCCCB(c1c(Cl)c(Cl)c(Cl)c(Cl)c1Cl)(c1cc(C(F)(F)F)cc(C(F)(F)F)c1),CC(C)(C)P(CCCCB(c1cc(C(F)(F)F)cc(C(F)(F)F)c1)c1c(Cl)c(Cl)c(Cl)c(Cl)c1Cl)C1CCCCC1,True,0.3888888888888889
template_augmentation,intramolecular_P_B_alkyl,P,tert_butyl,cyclohexyl,pentachlorophenyl,bis_cf3_phenyl,C5,P(C(C)(C)C)(C1CCCCC1)CCCCCB(c1c(Cl)c(Cl)c(Cl)c(Cl)c1Cl)(c1cc(C(F)(F)F)cc(C(F)(F)F)c1),CC(C)(C)P(CCCCCB(c1cc(C(F)(F)F)cc(C(F)(F)F)c1)c1c(Cl)c(Cl)c(Cl)c(Cl)c1Cl)C1CCCCC1,True,0.38181818181818183
template_augmentation,intramolecular_P_B_alkyl,P,tert_butyl,cyclohexyl,pentachlorophenyl,bis_cf3_phenyl,C6,P(C(C)(C)C)(C1CCCCC1)CCCCCCB(c1c(Cl)c(Cl)c(Cl)c(Cl)c1Cl)(c1cc(C(F)(F)F)cc(C(F)(F)F)c1),CC(C)(C)P(CCCCCCB(c1cc(C(F)(F)F)cc(C(F)(F)F)c1)c1c(Cl)c(Cl)c(Cl)c(Cl)c1Cl)C1CCCCC1,True,0.38181818181818183
template_augmentation,intramolecular_P_B_alkyl,P,tert_butyl,cyclohexyl,bis_cf3_phenyl,bis_cf3_phenyl,C1,P(C(C)(C)C)(C1CCCCC1)CB(c1cc(C(F)(F)F)cc(C(F)(F)F)c1)(c1cc(C(F)(F)F)cc(C(F)(F)F)c1),CC(C)(C)P(CB(c1cc(C(F)(F)F)cc(C(F)(F)F)c1)c1cc(C(F)(F)F)cc(C(F)(F)F)c1)C1CCCCC1,True,0.575
template_augmentation,intramolecular_P_B_alkyl,P,tert_butyl,cyclohexyl,bis_cf3_phenyl,bis_cf3_phenyl,C2,P(C(C)(C)C)(C1CCCCC1)CCB(c1cc(C(F)(F)F)cc(C(F)(F)F)c1)(c1cc(C(F)(F)F)cc(C(F)(F)F)c1),CC(C)(C)P(CCB(c1cc(C(F)(F)F)cc(C(F)(F)F)c1)c1cc(C(F)(F)F)cc(C(F)(F)F)c1)C1CCCCC1,True,0.4772727272727273
template_augmentation,intramolecular_P_B_alkyl,P,tert_butyl,cyclohexyl,bis_cf3_phenyl,bis_cf3_phenyl,C3,P(C(C)(C)C)(C1CCCCC1)CCCB(c1cc(C(F)(F)F)cc(C(F)(F)F)c1)(c1cc(C(F)(F)F)cc(C(F)(F)F)c1),CC(C)(C)P(CCCB(c1cc(C(F)(F)F)cc(C(F)(F)F)c1)c1cc(C(F)(F)F)cc(C(F)(F)F)c1)C1CCCCC1,True,0.45652173913043476
template_augmentation,intramolecular_P_B_alkyl,P,tert_butyl,cyclohexyl,bis_cf3_phenyl,bis_cf3_phenyl,C4,P(C(C)(C)C)(C1CCCCC1)CCCCB(c1cc(C(F)(F)F)cc(C(F)(F)F)c1)(c1cc(C(F)(F)F)cc(C(F)(F)F)c1),CC(C)(C)P(CCCCB(c1cc(C(F)(F)F)cc(C(F)(F)F)c1)c1cc(C(F)(F)F)cc(C(F)(F)F)c1)C1CCCCC1,True,0.44680851063829785
template_augmentation,intramolecular_P_B_alkyl,P,tert_butyl,cyclohexyl,bis_cf3_phenyl,bis_cf3_phenyl,C5,P(C(C)(C)C)(C1CCCCC1)CCCCCB(c1cc(C(F)(F)F)cc(C(F)(F)F)c1)(c1cc(C(F)(F)F)cc(C(F)(F)F)c1),CC(C)(C)P(CCCCCB(c1cc(C(F)(F)F)cc(C(F)(F)F)c1)c1cc(C(F)(F)F)cc(C(F)(F)F)c1)C1CCCCC1,True,0.4375
template_augmentation,intramolecular_P_B_alkyl,P,tert_butyl,cyclohexyl,bis_cf3_phenyl,bis_cf3_phenyl,C6,P(C(C)(C)C)(C1CCCCC1)CCCCCCB(c1cc(C(F)(F)F)cc(C(F)(F)F)c1)(c1cc(C(F)(F)F)cc(C(F)(F)F)c1),CC(C)(C)P(CCCCCCB(c1cc(C(F)(F)F)cc(C(F)(F)F)c1)c1cc(C(F)(F)F)cc(C(F)(F)F)c1)C1CCCCC1,True,0.4375
template_augmentation,intramolecular_P_B_alkyl,P,tert_butyl,isopropyl,phenyl,phenyl,C1,P(C(C)(C)C)(C(C)C)CB(c1ccccc1)(c1ccccc1),CC(C)P(CB(c1ccccc1)c1ccccc1)C(C)(C)C,True,0.3333333333333333
template_augmentation,intramolecular_P_B_alkyl,P,tert_butyl,isopropyl,phenyl,phenyl,C2,P(C(C)(C)C)(C(C)C)CCB(c1ccccc1)(c1ccccc1),CC(C)P(CCB(c1ccccc1)c1ccccc1)C(C)(C)C,True,0.3170731707317073
template_augmentation,intramolecular_P_B_alkyl,P,tert_butyl,isopropyl,phenyl,phenyl,C3,P(C(C)(C)C)(C(C)C)CCCB(c1ccccc1)(c1ccccc1),CC(C)P(CCCB(c1ccccc1)c1ccccc1)C(C)(C)C,True,0.3111111111111111
template_augmentation,intramolecular_P_B_alkyl,P,tert_butyl,isopropyl,phenyl,phenyl,C4,P(C(C)(C)C)(C(C)C)CCCCB(c1ccccc1)(c1ccccc1),CC(C)P(CCCCB(c1ccccc1)c1ccccc1)C(C)(C)C,True,0.36363636363636365
template_augmentation,intramolecular_P_B_alkyl,P,tert_butyl,isopropyl,phenyl,phenyl,C5,P(C(C)(C)C)(C(C)C)CCCCCB(c1ccccc1)(c1ccccc1),CC(C)P(CCCCCB(c1ccccc1)c1ccccc1)C(C)(C)C,True,0.35555555555555557
template_augmentation,intramolecular_P_B_alkyl,P,tert_butyl,isopropyl,phenyl,phenyl,C6,P(C(C)(C)C)(C(C)C)CCCCCCB(c1ccccc1)(c1ccccc1),CC(C)P(CCCCCCB(c1ccccc1)c1ccccc1)C(C)(C)C,True,0.35555555555555557
template_augmentation,intramolecular_P_B_alkyl,P,tert_butyl,isopropyl,phenyl,p_tolyl,C1,P(C(C)(C)C)(C(C)C)CB(c1ccccc1)(c1ccc(C)cc1),Cc1ccc(B(CP(C(C)C)C(C)(C)C)c2ccccc2)cc1,True,0.29545454545454547
template_augmentation,intramolecular_P_B_alkyl,P,tert_butyl,isopropyl,phenyl,p_tolyl,C2,P(C(C)(C)C)(C(C)C)CCB(c1ccccc1)(c1ccc(C)cc1),Cc1ccc(B(CCP(C(C)C)C(C)(C)C)c2ccccc2)cc1,True,0.2857142857142857
template_augmentation,intramolecular_P_B_alkyl,P,tert_butyl,isopropyl,phenyl,p_tolyl,C3,P(C(C)(C)C)(C(C)C)CCCB(c1ccccc1)(c1ccc(C)cc1),Cc1ccc(B(CCCP(C(C)C)C(C)(C)C)c2ccccc2)cc1,True,0.2857142857142857
template_augmentation,intramolecular_P_B_alkyl,P,tert_butyl,isopropyl,phenyl,p_tolyl,C4,P(C(C)(C)C)(C(C)C)CCCCB(c1ccccc1)(c1ccc(C)cc1),Cc1ccc(B(CCCCP(C(C)C)C(C)(C)C)c2ccccc2)cc1,True,0.3269230769230769
template_augmentation,intramolecular_P_B_alkyl,P,tert_butyl,isopropyl,phenyl,p_tolyl,C5,P(C(C)(C)C)(C(C)C)CCCCCB(c1ccccc1)(c1ccc(C)cc1),Cc1ccc(B(CCCCCP(C(C)C)C(C)(C)C)c2ccccc2)cc1,True,0.32075471698113206
template_augmentation,intramolecular_P_B_alkyl,P,tert_butyl,isopropyl,phenyl,p_tolyl,C6,P(C(C)(C)C)(C(C)C)CCCCCCB(c1ccccc1)(c1ccc(C)cc1),Cc1ccc(B(CCCCCCP(C(C)C)C(C)(C)C)c2ccccc2)cc1,True,0.32075471698113206
template_augmentation,intramolecular_P_B_alkyl,P,tert_butyl,isopropyl,phenyl,mesityl,C1,P(C(C)(C)C)(C(C)C)CB(c1ccccc1)(c1c(C)cc(C)cc1C),Cc1cc(C)c(B(CP(C(C)C)C(C)(C)C)c2ccccc2)c(C)c1,True,0.35294117647058826
template_augmentation,intramolecular_P_B_alkyl,P,tert_butyl,isopropyl,phenyl,mesityl,C2,P(C(C)(C)C)(C(C)C)CCB(c1ccccc1)(c1c(C)cc(C)cc1C),Cc1cc(C)c(B(CCP(C(C)C)C(C)(C)C)c2ccccc2)c(C)c1,True,0.3958333333333333
template_augmentation,intramolecular_P_B_alkyl,P,tert_butyl,isopropyl,phenyl,mesityl,C3,P(C(C)(C)C)(C(C)C)CCCB(c1ccccc1)(c1c(C)cc(C)cc1C),Cc1cc(C)c(B(CCCP(C(C)C)C(C)(C)C)c2ccccc2)c(C)c1,True,0.38461538461538464
template_augmentation,intramolecular_P_B_alkyl,P,tert_butyl,isopropyl,phenyl,mesityl,C4,P(C(C)(C)C)(C(C)C)CCCCB(c1ccccc1)(c1c(C)cc(C)cc1C),Cc1cc(C)c(B(CCCCP(C(C)C)C(C)(C)C)c2ccccc2)c(C)c1,True,0.43137254901960786
template_augmentation,intramolecular_P_B_alkyl,P,tert_butyl,isopropyl,phenyl,mesityl,C5,P(C(C)(C)C)(C(C)C)CCCCCB(c1ccccc1)(c1c(C)cc(C)cc1C),Cc1cc(C)c(B(CCCCCP(C(C)C)C(C)(C)C)c2ccccc2)c(C)c1,True,0.4230769230769231
template_augmentation,intramolecular_P_B_alkyl,P,tert_butyl,isopropyl,phenyl,mesityl,C6,P(C(C)(C)C)(C(C)C)CCCCCCB(c1ccccc1)(c1c(C)cc(C)cc1C),Cc1cc(C)c(B(CCCCCCP(C(C)C)C(C)(C)C)c2ccccc2)c(C)c1,True,0.4230769230769231
template_augmentation,intramolecular_P_B_alkyl,P,tert_butyl,isopropyl,phenyl,pentafluorophenyl,C1,P(C(C)(C)C)(C(C)C)CB(c1ccccc1)(c1c(F)c(F)c(F)c(F)c1F),CC(C)P(CB(c1ccccc1)c1c(F)c(F)c(F)c(F)c1F)C(C)(C)C,True,0.4473684210526316
template_augmentation,intramolecular_P_B_alkyl,P,tert_butyl,isopropyl,phenyl,pentafluorophenyl,C2,P(C(C)(C)C)(C(C)C)CCB(c1ccccc1)(c1c(F)c(F)c(F)c(F)c1F),CC(C)P(CCB(c1ccccc1)c1c(F)c(F)c(F)c(F)c1F)C(C)(C)C,True,0.47619047619047616
template_augmentation,intramolecular_P_B_alkyl,P,tert_butyl,isopropyl,phenyl,pentafluorophenyl,C3,P(C(C)(C)C)(C(C)C)CCCB(c1ccccc1)(c1c(F)c(F)c(F)c(F)c1F),CC(C)P(CCCB(c1ccccc1)c1c(F)c(F)c(F)c(F)c1F)C(C)(C)C,True,0.45652173913043476
template_augmentation,intramolecular_P_B_alkyl,P,tert_butyl,isopropyl,phenyl,pentafluorophenyl,C4,P(C(C)(C)C)(C(C)C)CCCCB(c1ccccc1)(c1c(F)c(F)c(F)c(F)c1F),CC(C)P(CCCCB(c1ccccc1)c1c(F)c(F)c(F)c(F)c1F)C(C)(C)C,True,0.5111111111111111
template_augmentation,intramolecular_P_B_alkyl,P,tert_butyl,isopropyl,phenyl,pentafluorophenyl,C5,P(C(C)(C)C)(C(C)C)CCCCCB(c1ccccc1)(c1c(F)c(F)c(F)c(F)c1F),CC(C)P(CCCCCB(c1ccccc1)c1c(F)c(F)c(F)c(F)c1F)C(C)(C)C,True,0.5
template_augmentation,intramolecular_P_B_alkyl,P,tert_butyl,isopropyl,phenyl,pentafluorophenyl,C6,P(C(C)(C)C)(C(C)C)CCCCCCB(c1ccccc1)(c1c(F)c(F)c(F)c(F)c1F),CC(C)P(CCCCCCB(c1ccccc1)c1c(F)c(F)c(F)c(F)c1F)C(C)(C)C,True,0.5
template_augmentation,intramolecular_P_B_alkyl,P,tert_butyl,isopropyl,phenyl,pentachlorophenyl,C1,P(C(C)(C)C)(C(C)C)CB(c1ccccc1)(c1c(Cl)c(Cl)c(Cl)c(Cl)c1Cl),CC(C)P(CB(c1ccccc1)c1c(Cl)c(Cl)c(Cl)c(Cl)c1Cl)C(C)(C)C,True,0.4594594594594595
template_augmentation,intramolecular_P_B_alkyl,P,tert_butyl,isopropyl,phenyl,pentachlorophenyl,C2,P(C(C)(C)C)(C(C)C)CCB(c1ccccc1)(c1c(Cl)c(Cl)c(Cl)c(Cl)c1Cl),CC(C)P(CCB(c1ccccc1)c1c(Cl)c(Cl)c(Cl)c(Cl)c1Cl)C(C)(C)C,True,0.4634146341463415
template_augmentation,intramolecular_P_B_alkyl,P,tert_butyl,isopropyl,phenyl,pentachlorophenyl,C3,P(C(C)(C)C)(C(C)C)CCCB(c1ccccc1)(c1c(Cl)c(Cl)c(Cl)c(Cl)c1Cl),CC(C)P(CCCB(c1ccccc1)c1c(Cl)c(Cl)c(Cl)c(Cl)c1Cl)C(C)(C)C,True,0.4444444444444444
template_augmentation,intramolecular_P_B_alkyl,P,tert_butyl,isopropyl,phenyl,pentachlorophenyl,C4,P(C(C)(C)C)(C(C)C)CCCCB(c1ccccc1)(c1c(Cl)c(Cl)c(Cl)c(Cl)c1Cl),CC(C)P(CCCCB(c1ccccc1)c1c(Cl)c(Cl)c(Cl)c(Cl)c1Cl)C(C)(C)C,True,0.5
template_augmentation,intramolecular_P_B_alkyl,P,tert_butyl,isopropyl,phenyl,pentachlorophenyl,C5,P(C(C)(C)C)(C(C)C)CCCCCB(c1ccccc1)(c1c(Cl)c(Cl)c(Cl)c(Cl)c1Cl),CC(C)P(CCCCCB(c1ccccc1)c1c(Cl)c(Cl)c(Cl)c(Cl)c1Cl)C(C)(C)C,True,0.4888888888888889
template_augmentation,intramolecular_P_B_alkyl,P,tert_butyl,isopropyl,phenyl,pentachlorophenyl,C6,P(C(C)(C)C)(C(C)C)CCCCCCB(c1ccccc1)(c1c(Cl)c(Cl)c(Cl)c(Cl)c1Cl),CC(C)P(CCCCCCB(c1ccccc1)c1c(Cl)c(Cl)c(Cl)c(Cl)c1Cl)C(C)(C)C,True,0.4888888888888889
template_augmentation,intramolecular_P_B_alkyl,P,tert_butyl,isopropyl,phenyl,bis_cf3_phenyl,C1,P(C(C)(C)C)(C(C)C)CB(c1ccccc1)(c1cc(C(F)(F)F)cc(C(F)(F)F)c1),CC(C)P(CB(c1ccccc1)c1cc(C(F)(F)F)cc(C(F)(F)F)c1)C(C)(C)C,True,0.5897435897435898
template_augmentation,intramolecular_P_B_alkyl,P,tert_butyl,isopropyl,phenyl,bis_cf3_phenyl,C2,P(C(C)(C)C)(C(C)C)CCB(c1ccccc1)(c1cc(C(F)(F)F)cc(C(F)(F)F)c1),CC(C)P(CCB(c1ccccc1)c1cc(C(F)(F)F)cc(C(F)(F)F)c1)C(C)(C)C,True,0.5116279069767442
template_augmentation,intramolecular_P_B_alkyl,P,tert_butyl,isopropyl,phenyl,bis_cf3_phenyl,C3,P(C(C)(C)C)(C(C)C)CCCB(c1ccccc1)(c1cc(C(F)(F)F)cc(C(F)(F)F)c1),CC(C)P(CCCB(c1ccccc1)c1cc(C(F)(F)F)cc(C(F)(F)F)c1)C(C)(C)C,True,0.4888888888888889
template_augmentation,intramolecular_P_B_alkyl,P,tert_butyl,isopropyl,phenyl,bis_cf3_phenyl,C4,P(C(C)(C)C)(C(C)C)CCCCB(c1ccccc1)(c1cc(C(F)(F)F)cc(C(F)(F)F)c1),CC(C)P(CCCCB(c1ccccc1)c1cc(C(F)(F)F)cc(C(F)(F)F)c1)C(C)(C)C,True,0.4782608695652174
template_augmentation,intramolecular_P_B_alkyl,P,tert_butyl,isopropyl,phenyl,bis_cf3_phenyl,C5,P(C(C)(C)C)(C(C)C)CCCCCB(c1ccccc1)(c1cc(C(F)(F)F)cc(C(F)(F)F)c1),CC(C)P(CCCCCB(c1ccccc1)c1cc(C(F)(F)F)cc(C(F)(F)F)c1)C(C)(C)C,True,0.46808510638297873
template_augmentation,intramolecular_P_B_alkyl,P,tert_butyl,isopropyl,phenyl,bis_cf3_phenyl,C6,P(C(C)(C)C)(C(C)C)CCCCCCB(c1ccccc1)(c1cc(C(F)(F)F)cc(C(F)(F)F)c1),CC(C)P(CCCCCCB(c1ccccc1)c1cc(C(F)(F)F)cc(C(F)(F)F)c1)C(C)(C)C,True,0.46808510638297873
template_augmentation,intramolecular_P_B_alkyl,P,tert_butyl,isopropyl,p_tolyl,p_tolyl,C1,P(C(C)(C)C)(C(C)C)CB(c1ccc(C)cc1)(c1ccc(C)cc1),Cc1ccc(B(CP(C(C)C)C(C)(C)C)c2ccc(C)cc2)cc1,True,0.325
template_augmentation,intramolecular_P_B_alkyl,P,tert_butyl,isopropyl,p_tolyl,p_tolyl,C2,P(C(C)(C)C)(C(C)C)CCB(c1ccc(C)cc1)(c1ccc(C)cc1),Cc1ccc(B(CCP(C(C)C)C(C)(C)C)c2ccc(C)cc2)cc1,True,0.2826086956521739
template_augmentation,intramolecular_P_B_alkyl,P,tert_butyl,isopropyl,p_tolyl,p_tolyl,C3,P(C(C)(C)C)(C(C)C)CCCB(c1ccc(C)cc1)(c1ccc(C)cc1),Cc1ccc(B(CCCP(C(C)C)C(C)(C)C)c2ccc(C)cc2)cc1,True,0.28
template_augmentation,intramolecular_P_B_alkyl,P,tert_butyl,isopropyl,p_tolyl,p_tolyl,C4,P(C(C)(C)C)(C(C)C)CCCCB(c1ccc(C)cc1)(c1ccc(C)cc1),Cc1ccc(B(CCCCP(C(C)C)C(C)(C)C)c2ccc(C)cc2)cc1,True,0.32653061224489793
template_augmentation,intramolecular_P_B_alkyl,P,tert_butyl,isopropyl,p_tolyl,p_tolyl,C5,P(C(C)(C)C)(C(C)C)CCCCCB(c1ccc(C)cc1)(c1ccc(C)cc1),Cc1ccc(B(CCCCCP(C(C)C)C(C)(C)C)c2ccc(C)cc2)cc1,True,0.32
template_augmentation,intramolecular_P_B_alkyl,P,tert_butyl,isopropyl,p_tolyl,p_tolyl,C6,P(C(C)(C)C)(C(C)C)CCCCCCB(c1ccc(C)cc1)(c1ccc(C)cc1),Cc1ccc(B(CCCCCCP(C(C)C)C(C)(C)C)c2ccc(C)cc2)cc1,True,0.32
template_augmentation,intramolecular_P_B_alkyl,P,tert_butyl,isopropyl,p_tolyl,mesityl,C1,P(C(C)(C)C)(C(C)C)CB(c1ccc(C)cc1)(c1c(C)cc(C)cc1C),Cc1ccc(B(CP(C(C)C)C(C)(C)C)c2c(C)cc(C)cc2C)cc1,True,0.3333333333333333
template_augmentation,intramolecular_P_B_alkyl,P,tert_butyl,isopropyl,p_tolyl,mesityl,C2,P(C(C)(C)C)(C(C)C)CCB(c1ccc(C)cc1)(c1c(C)cc(C)cc1C),Cc1ccc(B(CCP(C(C)C)C(C)(C)C)c2c(C)cc(C)cc2C)cc1,True,0.375
template_augmentation,intramolecular_P_B_alkyl,P,tert_butyl,isopropyl,p_tolyl,mesityl,C3,P(C(C)(C)C)(C(C)C)CCCB(c1ccc(C)cc1)(c1c(C)cc(C)cc1C),Cc1ccc(B(CCCP(C(C)C)C(C)(C)C)c2c(C)cc(C)cc2C)cc1,True,0.36538461538461536
template_augmentation,intramolecular_P_B_alkyl,P,tert_butyl,isopropyl,p_tolyl,mesityl,C4,P(C(C)(C)C)(C(C)C)CCCCB(c1ccc(C)cc1)(c1c(C)cc(C)cc1C),Cc1ccc(B(CCCCP(C(C)C)C(C)(C)C)c2c(C)cc(C)cc2C)cc1,True,0.4117647058823529
template_augmentation,intramolecular_P_B_alkyl,P,tert_butyl,isopropyl,p_tolyl,mesityl,C5,P(C(C)(C)C)(C(C)C)CCCCCB(c1ccc(C)cc1)(c1c(C)cc(C)cc1C),Cc1ccc(B(CCCCCP(C(C)C)C(C)(C)C)c2c(C)cc(C)cc2C)cc1,True,0.40384615384615385
template_augmentation,intramolecular_P_B_alkyl,P,tert_butyl,isopropyl,p_tolyl,mesityl,C6,P(C(C)(C)C)(C(C)C)CCCCCCB(c1ccc(C)cc1)(c1c(C)cc(C)cc1C),Cc1ccc(B(CCCCCCP(C(C)C)C(C)(C)C)c2c(C)cc(C)cc2C)cc1,True,0.40384615384615385
template_augmentation,intramolecular_P_B_alkyl,P,tert_butyl,isopropyl,p_tolyl,pentafluorophenyl,C1,P(C(C)(C)C)(C(C)C)CB(c1ccc(C)cc1)(c1c(F)c(F)c(F)c(F)c1F),Cc1ccc(B(CP(C(C)C)C(C)(C)C)c2c(F)c(F)c(F)c(F)c2F)cc1,True,0.4358974358974359
template_augmentation,intramolecular_P_B_alkyl,P,tert_butyl,isopropyl,p_tolyl,pentafluorophenyl,C2,P(C(C)(C)C)(C(C)C)CCB(c1ccc(C)cc1)(c1c(F)c(F)c(F)c(F)c1F),Cc1ccc(B(CCP(C(C)C)C(C)(C)C)c2c(F)c(F)c(F)c(F)c2F)cc1,True,0.43478260869565216
template_augmentation,intramolecular_P_B_alkyl,P,tert_butyl,isopropyl,p_tolyl,pentafluorophenyl,C3,P(C(C)(C)C)(C(C)C)CCCB(c1ccc(C)cc1)(c1c(F)c(F)c(F)c(F)c1F),Cc1ccc(B(CCCP(C(C)C)C(C)(C)C)c2c(F)c(F)c(F)c(F)c2F)cc1,True,0.42
template_augmentation,intramolecular_P_B_alkyl,P,tert_butyl,isopropyl,p_tolyl,pentafluorophenyl,C4,P(C(C)(C)C)(C(C)C)CCCCB(c1ccc(C)cc1)(c1c(F)c(F)c(F)c(F)c1F),Cc1ccc(B(CCCCP(C(C)C)C(C)(C)C)c2c(F)c(F)c(F)c(F)c2F)cc1,True,0.46938775510204084
template_augmentation,intramolecular_P_B_alkyl,P,tert_butyl,isopropyl,p_tolyl,pentafluorophenyl,C5,P(C(C)(C)C)(C(C)C)CCCCCB(c1ccc(C)cc1)(c1c(F)c(F)c(F)c(F)c1F),Cc1ccc(B(CCCCCP(C(C)C)C(C)(C)C)c2c(F)c(F)c(F)c(F)c2F)cc1,True,0.46
template_augmentation,intramolecular_P_B_alkyl,P,tert_butyl,isopropyl,p_tolyl,pentafluorophenyl,C6,P(C(C)(C)C)(C(C)C)CCCCCCB(c1ccc(C)cc1)(c1c(F)c(F)c(F)c(F)c1F),Cc1ccc(B(CCCCCCP(C(C)C)C(C)(C)C)c2c(F)c(F)c(F)c(F)c2F)cc1,True,0.46
template_augmentation,intramolecular_P_B_alkyl,P,tert_butyl,isopropyl,p_tolyl,pentachlorophenyl,C1,P(C(C)(C)C)(C(C)C)CB(c1ccc(C)cc1)(c1c(Cl)c(Cl)c(Cl)c(Cl)c1Cl),Cc1ccc(B(CP(C(C)C)C(C)(C)C)c2c(Cl)c(Cl)c(Cl)c(Cl)c2Cl)cc1,True,0.4358974358974359
template_augmentation,intramolecular_P_B_alkyl,P,tert_butyl,isopropyl,p_tolyl,pentachlorophenyl,C2,P(C(C)(C)C)(C(C)C)CCB(c1ccc(C)cc1)(c1c(Cl)c(Cl)c(Cl)c(Cl)c1Cl),Cc1ccc(B(CCP(C(C)C)C(C)(C)C)c2c(Cl)c(Cl)c(Cl)c(Cl)c2Cl)cc1,True,0.43478260869565216
template_augmentation,intramolecular_P_B_alkyl,P,tert_butyl,isopropyl,p_tolyl,pentachlorophenyl,C3,P(C(C)(C)C)(C(C)C)CCCB(c1ccc(C)cc1)(c1c(Cl)c(Cl)c(Cl)c(Cl)c1Cl),Cc1ccc(B(CCCP(C(C)C)C(C)(C)C)c2c(Cl)c(Cl)c(Cl)c(Cl)c2Cl)cc1,True,0.42
template_augmentation,intramolecular_P_B_alkyl,P,tert_butyl,isopropyl,p_tolyl,pentachlorophenyl,C4,P(C(C)(C)C)(C(C)C)CCCCB(c1ccc(C)cc1)(c1c(Cl)c(Cl)c(Cl)c(Cl)c1Cl),Cc1ccc(B(CCCCP(C(C)C)C(C)(C)C)c2c(Cl)c(Cl)c(Cl)c(Cl)c2Cl)cc1,True,0.46938775510204084
template_augmentation,intramolecular_P_B_alkyl,P,tert_butyl,isopropyl,p_tolyl,pentachlorophenyl,C5,P(C(C)(C)C)(C(C)C)CCCCCB(c1ccc(C)cc1)(c1c(Cl)c(Cl)c(Cl)c(Cl)c1Cl),Cc1ccc(B(CCCCCP(C(C)C)C(C)(C)C)c2c(Cl)c(Cl)c(Cl)c(Cl)c2Cl)cc1,True,0.46
template_augmentation,intramolecular_P_B_alkyl,P,tert_butyl,isopropyl,p_tolyl,pentachlorophenyl,C6,P(C(C)(C)C)(C(C)C)CCCCCCB(c1ccc(C)cc1)(c1c(Cl)c(Cl)c(Cl)c(Cl)c1Cl),Cc1ccc(B(CCCCCCP(C(C)C)C(C)(C)C)c2c(Cl)c(Cl)c(Cl)c(Cl)c2Cl)cc1,True,0.46
template_augmentation,intramolecular_P_B_alkyl,P,tert_butyl,isopropyl,p_tolyl,bis_cf3_phenyl,C1,P(C(C)(C)C)(C(C)C)CB(c1ccc(C)cc1)(c1cc(C(F)(F)F)cc(C(F)(F)F)c1),Cc1ccc(B(CP(C(C)C)C(C)(C)C)c2cc(C(F)(F)F)cc(C(F)(F)F)c2)cc1,True,0.575
template_augmentation,intramolecular_P_B_alkyl,P,tert_butyl,isopropyl,p_tolyl,bis_cf3_phenyl,C2,P(C(C)(C)C)(C(C)C)CCB(c1ccc(C)cc1)(c1cc(C(F)(F)F)cc(C(F)(F)F)c1),Cc1ccc(B(CCP(C(C)C)C(C)(C)C)c2cc(C(F)(F)F)cc(C(F)(F)F)c2)cc1,True,0.5
template_augmentation,intramolecular_P_B_alkyl,P,tert_butyl,isopropyl,p_tolyl,bis_cf3_phenyl,C3,P(C(C)(C)C)(C(C)C)CCCB(c1ccc(C)cc1)(c1cc(C(F)(F)F)cc(C(F)(F)F)c1),Cc1ccc(B(CCCP(C(C)C)C(C)(C)C)c2cc(C(F)(F)F)cc(C(F)(F)F)c2)cc1,True,0.4782608695652174
template_augmentation,intramolecular_P_B_alkyl,P,tert_butyl,isopropyl,p_tolyl,bis_cf3_phenyl,C4,P(C(C)(C)C)(C(C)C)CCCCB(c1ccc(C)cc1)(c1cc(C(F)(F)F)cc(C(F)(F)F)c1),Cc1ccc(B(CCCCP(C(C)C)C(C)(C)C)c2cc(C(F)(F)F)cc(C(F)(F)F)c2)cc1,True,0.46808510638297873
template_augmentation,intramolecular_P_B_alkyl,P,tert_butyl,isopropyl,p_tolyl,bis_cf3_phenyl,C5,P(C(C)(C)C)(C(C)C)CCCCCB(c1ccc(C)cc1)(c1cc(C(F)(F)F)cc(C(F)(F)F)c1),Cc1ccc(B(CCCCCP(C(C)C)C(C)(C)C)c2cc(C(F)(F)F)cc(C(F)(F)F)c2)cc1,True,0.4583333333333333
template_augmentation,intramolecular_P_B_alkyl,P,tert_butyl,isopropyl,p_tolyl,bis_cf3_phenyl,C6,P(C(C)(C)C)(C(C)C)CCCCCCB(c1ccc(C)cc1)(c1cc(C(F)(F)F)cc(C(F)(F)F)c1),Cc1ccc(B(CCCCCCP(C(C)C)C(C)(C)C)c2cc(C(F)(F)F)cc(C(F)(F)F)c2)cc1,True,0.4583333333333333
template_augmentation,intramolecular_P_B_alkyl,P,tert_butyl,isopropyl,mesityl,mesityl,C1,P(C(C)(C)C)(C(C)C)CB(c1c(C)cc(C)cc1C)(c1c(C)cc(C)cc1C),Cc1cc(C)c(B(CP(C(C)C)C(C)(C)C)c2c(C)cc(C)cc2C)c(C)c1,True,0.34782608695652173
template_augmentation,intramolecular_P_B_alkyl,P,tert_butyl,isopropyl,mesityl,mesityl,C2,P(C(C)(C)C)(C(C)C)CCB(c1c(C)cc(C)cc1C)(c1c(C)cc(C)cc1C),Cc1cc(C)c(B(CCP(C(C)C)C(C)(C)C)c2c(C)cc(C)cc2C)c(C)c1,True,0.42857142857142855
template_augmentation,intramolecular_P_B_alkyl,P,tert_butyl,isopropyl,mesityl,mesityl,C3,P(C(C)(C)C)(C(C)C)CCCB(c1c(C)cc(C)cc1C)(c1c(C)cc(C)cc1C),Cc1cc(C)c(B(CCCP(C(C)C)C(C)(C)C)c2c(C)cc(C)cc2C)c(C)c1,True,0.41304347826086957
template_augmentation,intramolecular_P_B_alkyl,P,tert_butyl,isopropyl,mesityl,mesityl,C4,P(C(C)(C)C)(C(C)C)CCCCB(c1c(C)cc(C)cc1C)(c1c(C)cc(C)cc1C),Cc1cc(C)c(B(CCCCP(C(C)C)C(C)(C)C)c2c(C)cc(C)cc2C)c(C)c1,True,0.4666666666666667
template_augmentation,intramolecular_P_B_alkyl,P,tert_butyl,isopropyl,mesityl,mesityl,C5,P(C(C)(C)C)(C(C)C)CCCCCB(c1c(C)cc(C)cc1C)(c1c(C)cc(C)cc1C),Cc1cc(C)c(B(CCCCCP(C(C)C)C(C)(C)C)c2c(C)cc(C)cc2C)c(C)c1,True,0.45652173913043476
template_augmentation,intramolecular_P_B_alkyl,P,tert_butyl,isopropyl,mesityl,mesityl,C6,P(C(C)(C)C)(C(C)C)CCCCCCB(c1c(C)cc(C)cc1C)(c1c(C)cc(C)cc1C),Cc1cc(C)c(B(CCCCCCP(C(C)C)C(C)(C)C)c2c(C)cc(C)cc2C)c(C)c1,True,0.45652173913043476
template_augmentation,intramolecular_P_B_alkyl,P,tert_butyl,isopropyl,mesityl,pentafluorophenyl,C1,P(C(C)(C)C)(C(C)C)CB(c1c(C)cc(C)cc1C)(c1c(F)c(F)c(F)c(F)c1F),Cc1cc(C)c(B(CP(C(C)C)C(C)(C)C)c2c(F)c(F)c(F)c(F)c2F)c(C)c1,True,0.4782608695652174
template_augmentation,intramolecular_P_B_alkyl,P,tert_butyl,isopropyl,mesityl,pentafluorophenyl,C2,P(C(C)(C)C)(C(C)C)CCB(c1c(C)cc(C)cc1C)(c1c(F)c(F)c(F)c(F)c1F),Cc1cc(C)c(B(CCP(C(C)C)C(C)(C)C)c2c(F)c(F)c(F)c(F)c2F)c(C)c1,True,0.5714285714285714
template_augmentation,intramolecular_P_B_alkyl,P,tert_butyl,isopropyl,mesityl,pentafluorophenyl,C3,P(C(C)(C)C)(C(C)C)CCCB(c1c(C)cc(C)cc1C)(c1c(F)c(F)c(F)c(F)c1F),Cc1cc(C)c(B(CCCP(C(C)C)C(C)(C)C)c2c(F)c(F)c(F)c(F)c2F)c(C)c1,True,0.5434782608695652
template_augmentation,intramolecular_P_B_alkyl,P,tert_butyl,isopropyl,mesityl,pentafluorophenyl,C4,P(C(C)(C)C)(C(C)C)CCCCB(c1c(C)cc(C)cc1C)(c1c(F)c(F)c(F)c(F)c1F),Cc1cc(C)c(B(CCCCP(C(C)C)C(C)(C)C)c2c(F)c(F)c(F)c(F)c2F)c(C)c1,True,0.6
template_augmentation,intramolecular_P_B_alkyl,P,tert_butyl,isopropyl,mesityl,pentafluorophenyl,C5,P(C(C)(C)C)(C(C)C)CCCCCB(c1c(C)cc(C)cc1C)(c1c(F)c(F)c(F)c(F)c1F),Cc1cc(C)c(B(CCCCCP(C(C)C)C(C)(C)C)c2c(F)c(F)c(F)c(F)c2F)c(C)c1,True,0.5869565217391305
template_augmentation,intramolecular_P_B_alkyl,P,tert_butyl,isopropyl,mesityl,pentafluorophenyl,C6,P(C(C)(C)C)(C(C)C)CCCCCCB(c1c(C)cc(C)cc1C)(c1c(F)c(F)c(F)c(F)c1F),Cc1cc(C)c(B(CCCCCCP(C(C)C)C(C)(C)C)c2c(F)c(F)c(F)c(F)c2F)c(C)c1,True,0.5869565217391305
template_augmentation,intramolecular_P_B_alkyl,P,tert_butyl,isopropyl,mesityl,pentachlorophenyl,C1,P(C(C)(C)C)(C(C)C)CB(c1c(C)cc(C)cc1C)(c1c(Cl)c(Cl)c(Cl)c(Cl)c1Cl),Cc1cc(C)c(B(CP(C(C)C)C(C)(C)C)c2c(Cl)c(Cl)c(Cl)c(Cl)c2Cl)c(C)c1,True,0.4782608695652174
template_augmentation,intramolecular_P_B_alkyl,P,tert_butyl,isopropyl,mesityl,pentachlorophenyl,C2,P(C(C)(C)C)(C(C)C)CCB(c1c(C)cc(C)cc1C)(c1c(Cl)c(Cl)c(Cl)c(Cl)c1Cl),Cc1cc(C)c(B(CCP(C(C)C)C(C)(C)C)c2c(Cl)c(Cl)c(Cl)c(Cl)c2Cl)c(C)c1,True,0.5714285714285714
template_augmentation,intramolecular_P_B_alkyl,P,tert_butyl,isopropyl,mesityl,pentachlorophenyl,C3,P(C(C)(C)C)(C(C)C)CCCB(c1c(C)cc(C)cc1C)(c1c(Cl)c(Cl)c(Cl)c(Cl)c1Cl),Cc1cc(C)c(B(CCCP(C(C)C)C(C)(C)C)c2c(Cl)c(Cl)c(Cl)c(Cl)c2Cl)c(C)c1,True,0.5434782608695652
template_augmentation,intramolecular_P_B_alkyl,P,tert_butyl,isopropyl,mesityl,pentachlorophenyl,C4,P(C(C)(C)C)(C(C)C)CCCCB(c1c(C)cc(C)cc1C)(c1c(Cl)c(Cl)c(Cl)c(Cl)c1Cl),Cc1cc(C)c(B(CCCCP(C(C)C)C(C)(C)C)c2c(Cl)c(Cl)c(Cl)c(Cl)c2Cl)c(C)c1,True,0.6
template_augmentation,intramolecular_P_B_alkyl,P,tert_butyl,isopropyl,mesityl,pentachlorophenyl,C5,P(C(C)(C)C)(C(C)C)CCCCCB(c1c(C)cc(C)cc1C)(c1c(Cl)c(Cl)c(Cl)c(Cl)c1Cl),Cc1cc(C)c(B(CCCCCP(C(C)C)C(C)(C)C)c2c(Cl)c(Cl)c(Cl)c(Cl)c2Cl)c(C)c1,True,0.5869565217391305
template_augmentation,intramolecular_P_B_alkyl,P,tert_butyl,isopropyl,mesityl,pentachlorophenyl,C6,P(C(C)(C)C)(C(C)C)CCCCCCB(c1c(C)cc(C)cc1C)(c1c(Cl)c(Cl)c(Cl)c(Cl)c1Cl),Cc1cc(C)c(B(CCCCCCP(C(C)C)C(C)(C)C)c2c(Cl)c(Cl)c(Cl)c(Cl)c2Cl)c(C)c1,True,0.5869565217391305
template_augmentation,intramolecular_P_B_alkyl,P,tert_butyl,isopropyl,mesityl,bis_cf3_phenyl,C1,P(C(C)(C)C)(C(C)C)CB(c1c(C)cc(C)cc1C)(c1cc(C(F)(F)F)cc(C(F)(F)F)c1),Cc1cc(C)c(B(CP(C(C)C)C(C)(C)C)c2cc(C(F)(F)F)cc(C(F)(F)F)c2)c(C)c1,True,0.5476190476190477
template_augmentation,intramolecular_P_B_alkyl,P,tert_butyl,isopropyl,mesityl,bis_cf3_phenyl,C2,P(C(C)(C)C)(C(C)C)CCB(c1c(C)cc(C)cc1C)(c1cc(C(F)(F)F)cc(C(F)(F)F)c1),Cc1cc(C)c(B(CCP(C(C)C)C(C)(C)C)c2cc(C(F)(F)F)cc(C(F)(F)F)c2)c(C)c1,True,0.4888888888888889
template_augmentation,intramolecular_P_B_alkyl,P,tert_butyl,isopropyl,mesityl,bis_cf3_phenyl,C3,P(C(C)(C)C)(C(C)C)CCCB(c1c(C)cc(C)cc1C)(c1cc(C(F)(F)F)cc(C(F)(F)F)c1),Cc1cc(C)c(B(CCCP(C(C)C)C(C)(C)C)c2cc(C(F)(F)F)cc(C(F)(F)F)c2)c(C)c1,True,0.46808510638297873
template_augmentation,intramolecular_P_B_alkyl,P,tert_butyl,isopropyl,mesityl,bis_cf3_phenyl,C4,P(C(C)(C)C)(C(C)C)CCCCB(c1c(C)cc(C)cc1C)(c1cc(C(F)(F)F)cc(C(F)(F)F)c1),Cc1cc(C)c(B(CCCCP(C(C)C)C(C)(C)C)c2cc(C(F)(F)F)cc(C(F)(F)F)c2)c(C)c1,True,0.4583333333333333
template_augmentation,intramolecular_P_B_alkyl,P,tert_butyl,isopropyl,mesityl,bis_cf3_phenyl,C5,P(C(C)(C)C)(C(C)C)CCCCCB(c1c(C)cc(C)cc1C)(c1cc(C(F)(F)F)cc(C(F)(F)F)c1),Cc1cc(C)c(B(CCCCCP(C(C)C)C(C)(C)C)c2cc(C(F)(F)F)cc(C(F)(F)F)c2)c(C)c1,True,0.4489795918367347
template_augmentation,intramolecular_P_B_alkyl,P,tert_butyl,isopropyl,mesityl,bis_cf3_phenyl,C6,P(C(C)(C)C)(C(C)C)CCCCCCB(c1c(C)cc(C)cc1C)(c1cc(C(F)(F)F)cc(C(F)(F)F)c1),Cc1cc(C)c(B(CCCCCCP(C(C)C)C(C)(C)C)c2cc(C(F)(F)F)cc(C(F)(F)F)c2)c(C)c1,True,0.4489795918367347
template_augmentation,intramolecular_P_B_alkyl,P,tert_butyl,isopropyl,pentafluorophenyl,pentafluorophenyl,C1,P(C(C)(C)C)(C(C)C)CB(c1c(F)c(F)c(F)c(F)c1F)(c1c(F)c(F)c(F)c(F)c1F),CC(C)P(CB(c1c(F)c(F)c(F)c(F)c1F)c1c(F)c(F)c(F)c(F)c1F)C(C)(C)C,True,0.6206896551724138
template_augmentation,intramolecular_P_B_alkyl,P,tert_butyl,isopropyl,pentafluorophenyl,pentafluorophenyl,C2,P(C(C)(C)C)(C(C)C)CCB(c1c(F)c(F)c(F)c(F)c1F)(c1c(F)c(F)c(F)c(F)c1F),CC(C)P(CCB(c1c(F)c(F)c(F)c(F)c1F)c1c(F)c(F)c(F)c(F)c1F)C(C)(C)C,True,0.48484848484848486
template_augmentation,intramolecular_P_B_alkyl,P,tert_butyl,isopropyl,pentafluorophenyl,pentafluorophenyl,C3,P(C(C)(C)C)(C(C)C)CCCB(c1c(F)c(F)c(F)c(F)c1F)(c1c(F)c(F)c(F)c(F)c1F),CC(C)P(CCCB(c1c(F)c(F)c(F)c(F)c1F)c1c(F)c(F)c(F)c(F)c1F)C(C)(C)C,True,0.45714285714285713
template_augmentation,intramolecular_P_B_alkyl,P,tert_butyl,isopropyl,pentafluorophenyl,pentafluorophenyl,C4,P(C(C)(C)C)(C(C)C)CCCCB(c1c(F)c(F)c(F)c(F)c1F)(c1c(F)c(F)c(F)c(F)c1F),CC(C)P(CCCCB(c1c(F)c(F)c(F)c(F)c1F)c1c(F)c(F)c(F)c(F)c1F)C(C)(C)C,True,0.46511627906976744
template_augmentation,intramolecular_P_B_alkyl,P,tert_butyl,isopropyl,pentafluorophenyl,pentafluorophenyl,C5,P(C(C)(C)C)(C(C)C)CCCCCB(c1c(F)c(F)c(F)c(F)c1F)(c1c(F)c(F)c(F)c(F)c1F),CC(C)P(CCCCCB(c1c(F)c(F)c(F)c(F)c1F)c1c(F)c(F)c(F)c(F)c1F)C(C)(C)C,True,0.45454545454545453
template_augmentation,intramolecular_P_B_alkyl,P,tert_butyl,isopropyl,pentafluorophenyl,pentafluorophenyl,C6,P(C(C)(C)C)(C(C)C)CCCCCCB(c1c(F)c(F)c(F)c(F)c1F)(c1c(F)c(F)c(F)c(F)c1F),CC(C)P(CCCCCCB(c1c(F)c(F)c(F)c(F)c1F)c1c(F)c(F)c(F)c(F)c1F)C(C)(C)C,True,0.45454545454545453
template_augmentation,intramolecular_P_B_alkyl,P,tert_butyl,isopropyl,pentafluorophenyl,pentachlorophenyl,C1,P(C(C)(C)C)(C(C)C)CB(c1c(F)c(F)c(F)c(F)c1F)(c1c(Cl)c(Cl)c(Cl)c(Cl)c1Cl),CC(C)P(CB(c1c(F)c(F)c(F)c(F)c1F)c1c(Cl)c(Cl)c(Cl)c(Cl)c1Cl)C(C)(C)C,True,0.5142857142857142
template_augmentation,intramolecular_P_B_alkyl,P,tert_butyl,isopropyl,pentafluorophenyl,pentachlorophenyl,C2,P(C(C)(C)C)(C(C)C)CCB(c1c(F)c(F)c(F)c(F)c1F)(c1c(Cl)c(Cl)c(Cl)c(Cl)c1Cl),CC(C)P(CCB(c1c(F)c(F)c(F)c(F)c1F)c1c(Cl)c(Cl)c(Cl)c(Cl)c1Cl)C(C)(C)C,True,0.41025641025641024
template_augmentation,intramolecular_P_B_alkyl,P,tert_butyl,isopropyl,pentafluorophenyl,pentachlorophenyl,C3,P(C(C)(C)C)(C(C)C)CCCB(c1c(F)c(F)c(F)c(F)c1F)(c1c(Cl)c(Cl)c(Cl)c(Cl)c1Cl),CC(C)P(CCCB(c1c(F)c(F)c(F)c(F)c1F)c1c(Cl)c(Cl)c(Cl)c(Cl)c1Cl)C(C)(C)C,True,0.3902439024390244
template_augmentation,intramolecular_P_B_alkyl,P,tert_butyl,isopropyl,pentafluorophenyl,pentachlorophenyl,C4,P(C(C)(C)C)(C(C)C)CCCCB(c1c(F)c(F)c(F)c(F)c1F)(c1c(Cl)c(Cl)c(Cl)c(Cl)c1Cl),CC(C)P(CCCCB(c1c(F)c(F)c(F)c(F)c1F)c1c(Cl)c(Cl)c(Cl)c(Cl)c1Cl)C(C)(C)C,True,0.43478260869565216
template_augmentation,intramolecular_P_B_alkyl,P,tert_butyl,isopropyl,pentafluorophenyl,pentachlorophenyl,C5,P(C(C)(C)C)(C(C)C)CCCCCB(c1c(F)c(F)c(F)c(F)c1F)(c1c(Cl)c(Cl)c(Cl)c(Cl)c1Cl),CC(C)P(CCCCCB(c1c(F)c(F)c(F)c(F)c1F)c1c(Cl)c(Cl)c(Cl)c(Cl)c1Cl)C(C)(C)C,True,0.425531914893617
template_augmentation,intramolecular_P_B_alkyl,P,tert_butyl,isopropyl,pentafluorophenyl,pentachlorophenyl,C6,P(C(C)(C)C)(C(C)C)CCCCCCB(c1c(F)c(F)c(F)c(F)c1F)(c1c(Cl)c(Cl)c(Cl)c(Cl)c1Cl),CC(C)P(CCCCCCB(c1c(F)c(F)c(F)c(F)c1F)c1c(Cl)c(Cl)c(Cl)c(Cl)c1Cl)C(C)(C)C,True,0.425531914893617
template_augmentation,intramolecular_P_B_alkyl,P,tert_butyl,isopropyl,pentafluorophenyl,bis_cf3_phenyl,C1,P(C(C)(C)C)(C(C)C)CB(c1c(F)c(F)c(F)c(F)c1F)(c1cc(C(F)(F)F)cc(C(F)(F)F)c1),CC(C)P(CB(c1cc(C(F)(F)F)cc(C(F)(F)F)c1)c1c(F)c(F)c(F)c(F)c1F)C(C)(C)C,True,0.575
template_augmentation,intramolecular_P_B_alkyl,P,tert_butyl,isopropyl,pentafluorophenyl,bis_cf3_phenyl,C2,P(C(C)(C)C)(C(C)C)CCB(c1c(F)c(F)c(F)c(F)c1F)(c1cc(C(F)(F)F)cc(C(F)(F)F)c1),CC(C)P(CCB(c1cc(C(F)(F)F)cc(C(F)(F)F)c1)c1c(F)c(F)c(F)c(F)c1F)C(C)(C)C,True,0.5116279069767442
template_augmentation,intramolecular_P_B_alkyl,P,tert_butyl,isopropyl,pentafluorophenyl,bis_cf3_phenyl,C3,P(C(C)(C)C)(C(C)C)CCCB(c1c(F)c(F)c(F)c(F)c1F)(c1cc(C(F)(F)F)cc(C(F)(F)F)c1),CC(C)P(CCCB(c1cc(C(F)(F)F)cc(C(F)(F)F)c1)c1c(F)c(F)c(F)c(F)c1F)C(C)(C)C,True,0.4888888888888889
template_augmentation,intramolecular_P_B_alkyl,P,tert_butyl,isopropyl,pentafluorophenyl,bis_cf3_phenyl,C4,P(C(C)(C)C)(C(C)C)CCCCB(c1c(F)c(F)c(F)c(F)c1F)(c1cc(C(F)(F)F)cc(C(F)(F)F)c1),CC(C)P(CCCCB(c1cc(C(F)(F)F)cc(C(F)(F)F)c1)c1c(F)c(F)c(F)c(F)c1F)C(C)(C)C,True,0.4782608695652174
template_augmentation,intramolecular_P_B_alkyl,P,tert_butyl,isopropyl,pentafluorophenyl,bis_cf3_phenyl,C5,P(C(C)(C)C)(C(C)C)CCCCCB(c1c(F)c(F)c(F)c(F)c1F)(c1cc(C(F)(F)F)cc(C(F)(F)F)c1),CC(C)P(CCCCCB(c1cc(C(F)(F)F)cc(C(F)(F)F)c1)c1c(F)c(F)c(F)c(F)c1F)C(C)(C)C,True,0.46808510638297873
template_augmentation,intramolecular_P_B_alkyl,P,tert_butyl,isopropyl,pentafluorophenyl,bis_cf3_phenyl,C6,P(C(C)(C)C)(C(C)C)CCCCCCB(c1c(F)c(F)c(F)c(F)c1F)(c1cc(C(F)(F)F)cc(C(F)(F)F)c1),CC(C)P(CCCCCCB(c1cc(C(F)(F)F)cc(C(F)(F)F)c1)c1c(F)c(F)c(F)c(F)c1F)C(C)(C)C,True,0.46808510638297873
template_augmentation,intramolecular_P_B_alkyl,P,tert_butyl,isopropyl,pentachlorophenyl,pentachlorophenyl,C1,P(C(C)(C)C)(C(C)C)CB(c1c(Cl)c(Cl)c(Cl)c(Cl)c1Cl)(c1c(Cl)c(Cl)c(Cl)c(Cl)c1Cl),CC(C)P(CB(c1c(Cl)c(Cl)c(Cl)c(Cl)c1Cl)c1c(Cl)c(Cl)c(Cl)c(Cl)c1Cl)C(C)(C)C,True,0.6206896551724138
template_augmentation,intramolecular_P_B_alkyl,P,tert_butyl,isopropyl,pentachlorophenyl,pentachlorophenyl,C2,P(C(C)(C)C)(C(C)C)CCB(c1c(Cl)c(Cl)c(Cl)c(Cl)c1Cl)(c1c(Cl)c(Cl)c(Cl)c(Cl)c1Cl),CC(C)P(CCB(c1c(Cl)c(Cl)c(Cl)c(Cl)c1Cl)c1c(Cl)c(Cl)c(Cl)c(Cl)c1Cl)C(C)(C)C,True,0.48484848484848486
template_augmentation,intramolecular_P_B_alkyl,P,tert_butyl,isopropyl,pentachlorophenyl,pentachlorophenyl,C3,P(C(C)(C)C)(C(C)C)CCCB(c1c(Cl)c(Cl)c(Cl)c(Cl)c1Cl)(c1c(Cl)c(Cl)c(Cl)c(Cl)c1Cl),CC(C)P(CCCB(c1c(Cl)c(Cl)c(Cl)c(Cl)c1Cl)c1c(Cl)c(Cl)c(Cl)c(Cl)c1Cl)C(C)(C)C,True,0.45714285714285713
template_augmentation,intramolecular_P_B_alkyl,P,tert_butyl,isopropyl,pentachlorophenyl,pentachlorophenyl,C4,P(C(C)(C)C)(C(C)C)CCCCB(c1c(Cl)c(Cl)c(Cl)c(Cl)c1Cl)(c1c(Cl)c(Cl)c(Cl)c(Cl)c1Cl),CC(C)P(CCCCB(c1c(Cl)c(Cl)c(Cl)c(Cl)c1Cl)c1c(Cl)c(Cl)c(Cl)c(Cl)c1Cl)C(C)(C)C,True,0.475
template_augmentation,intramolecular_P_B_alkyl,P,tert_butyl,isopropyl,pentachlorophenyl,pentachlorophenyl,C5,P(C(C)(C)C)(C(C)C)CCCCCB(c1c(Cl)c(Cl)c(Cl)c(Cl)c1Cl)(c1c(Cl)c(Cl)c(Cl)c(Cl)c1Cl),CC(C)P(CCCCCB(c1c(Cl)c(Cl)c(Cl)c(Cl)c1Cl)c1c(Cl)c(Cl)c(Cl)c(Cl)c1Cl)C(C)(C)C,True,0.4634146341463415
template_augmentation,intramolecular_P_B_alkyl,P,tert_butyl,isopropyl,pentachlorophenyl,pentachlorophenyl,C6,P(C(C)(C)C)(C(C)C)CCCCCCB(c1c(Cl)c(Cl)c(Cl)c(Cl)c1Cl)(c1c(Cl)c(Cl)c(Cl)c(Cl)c1Cl),CC(C)P(CCCCCCB(c1c(Cl)c(Cl)c(Cl)c(Cl)c1Cl)c1c(Cl)c(Cl)c(Cl)c(Cl)c1Cl)C(C)(C)C,True,0.4634146341463415
template_augmentation,intramolecular_P_B_alkyl,P,tert_butyl,isopropyl,pentachlorophenyl,bis_cf3_phenyl,C1,P(C(C)(C)C)(C(C)C)CB(c1c(Cl)c(Cl)c(Cl)c(Cl)c1Cl)(c1cc(C(F)(F)F)cc(C(F)(F)F)c1),CC(C)P(CB(c1cc(C(F)(F)F)cc(C(F)(F)F)c1)c1c(Cl)c(Cl)c(Cl)c(Cl)c1Cl)C(C)(C)C,True,0.5609756097560976
template_augmentation,intramolecular_P_B_alkyl,P,tert_butyl,isopropyl,pentachlorophenyl,bis_cf3_phenyl,C2,P(C(C)(C)C)(C(C)C)CCB(c1c(Cl)c(Cl)c(Cl)c(Cl)c1Cl)(c1cc(C(F)(F)F)cc(C(F)(F)F)c1),CC(C)P(CCB(c1cc(C(F)(F)F)cc(C(F)(F)F)c1)c1c(Cl)c(Cl)c(Cl)c(Cl)c1Cl)C(C)(C)C,True,0.5
template_augmentation,intramolecular_P_B_alkyl,P,tert_butyl,isopropyl,pentachlorophenyl,bis_cf3_phenyl,C3,P(C(C)(C)C)(C(C)C)CCCB(c1c(Cl)c(Cl)c(Cl)c(Cl)c1Cl)(c1cc(C(F)(F)F)cc(C(F)(F)F)c1),CC(C)P(CCCB(c1cc(C(F)(F)F)cc(C(F)(F)F)c1)c1c(Cl)c(Cl)c(Cl)c(Cl)c1Cl)C(C)(C)C,True,0.4782608695652174
template_augmentation,intramolecular_P_B_alkyl,P,tert_butyl,isopropyl,pentachlorophenyl,bis_cf3_phenyl,C4,P(C(C)(C)C)(C(C)C)CCCCB(c1c(Cl)c(Cl)c(Cl)c(Cl)c1Cl)(c1cc(C(F)(F)F)cc(C(F)(F)F)c1),CC(C)P(CCCCB(c1cc(C(F)(F)F)cc(C(F)(F)F)c1)c1c(Cl)c(Cl)c(Cl)c(Cl)c1Cl)C(C)(C)C,True,0.46808510638297873
template_augmentation,intramolecular_P_B_alkyl,P,tert_butyl,isopropyl,pentachlorophenyl,bis_cf3_phenyl,C5,P(C(C)(C)C)(C(C)C)CCCCCB(c1c(Cl)c(Cl)c(Cl)c(Cl)c1Cl)(c1cc(C(F)(F)F)cc(C(F)(F)F)c1),CC(C)P(CCCCCB(c1cc(C(F)(F)F)cc(C(F)(F)F)c1)c1c(Cl)c(Cl)c(Cl)c(Cl)c1Cl)C(C)(C)C,True,0.4583333333333333
template_augmentation,intramolecular_P_B_alkyl,P,tert_butyl,isopropyl,pentachlorophenyl,bis_cf3_phenyl,C6,P(C(C)(C)C)(C(C)C)CCCCCCB(c1c(Cl)c(Cl)c(Cl)c(Cl)c1Cl)(c1cc(C(F)(F)F)cc(C(F)(F)F)c1),CC(C)P(CCCCCCB(c1cc(C(F)(F)F)cc(C(F)(F)F)c1)c1c(Cl)c(Cl)c(Cl)c(Cl)c1Cl)C(C)(C)C,True,0.4583333333333333
template_augmentation,intramolecular_P_B_alkyl,P,tert_butyl,isopropyl,bis_cf3_phenyl,bis_cf3_phenyl,C1,P(C(C)(C)C)(C(C)C)CB(c1cc(C(F)(F)F)cc(C(F)(F)F)c1)(c1cc(C(F)(F)F)cc(C(F)(F)F)c1),CC(C)P(CB(c1cc(C(F)(F)F)cc(C(F)(F)F)c1)c1cc(C(F)(F)F)cc(C(F)(F)F)c1)C(C)(C)C,True,0.696969696969697
template_augmentation,intramolecular_P_B_alkyl,P,tert_butyl,isopropyl,bis_cf3_phenyl,bis_cf3_phenyl,C2,P(C(C)(C)C)(C(C)C)CCB(c1cc(C(F)(F)F)cc(C(F)(F)F)c1)(c1cc(C(F)(F)F)cc(C(F)(F)F)c1),CC(C)P(CCB(c1cc(C(F)(F)F)cc(C(F)(F)F)c1)c1cc(C(F)(F)F)cc(C(F)(F)F)c1)C(C)(C)C,True,0.5945945945945946
template_augmentation,intramolecular_P_B_alkyl,P,tert_butyl,isopropyl,bis_cf3_phenyl,bis_cf3_phenyl,C3,P(C(C)(C)C)(C(C)C)CCCB(c1cc(C(F)(F)F)cc(C(F)(F)F)c1)(c1cc(C(F)(F)F)cc(C(F)(F)F)c1),CC(C)P(CCCB(c1cc(C(F)(F)F)cc(C(F)(F)F)c1)c1cc(C(F)(F)F)cc(C(F)(F)F)c1)C(C)(C)C,True,0.5641025641025641
template_augmentation,intramolecular_P_B_alkyl,P,tert_butyl,isopropyl,bis_cf3_phenyl,bis_cf3_phenyl,C4,P(C(C)(C)C)(C(C)C)CCCCB(c1cc(C(F)(F)F)cc(C(F)(F)F)c1)(c1cc(C(F)(F)F)cc(C(F)(F)F)c1),CC(C)P(CCCCB(c1cc(C(F)(F)F)cc(C(F)(F)F)c1)c1cc(C(F)(F)F)cc(C(F)(F)F)c1)C(C)(C)C,True,0.55
template_augmentation,intramolecular_P_B_alkyl,P,tert_butyl,isopropyl,bis_cf3_phenyl,bis_cf3_phenyl,C5,P(C(C)(C)C)(C(C)C)CCCCCB(c1cc(C(F)(F)F)cc(C(F)(F)F)c1)(c1cc(C(F)(F)F)cc(C(F)(F)F)c1),CC(C)P(CCCCCB(c1cc(C(F)(F)F)cc(C(F)(F)F)c1)c1cc(C(F)(F)F)cc(C(F)(F)F)c1)C(C)(C)C,True,0.5365853658536586
template_augmentation,intramolecular_P_B_alkyl,P,tert_butyl,isopropyl,bis_cf3_phenyl,bis_cf3_phenyl,C6,P(C(C)(C)C)(C(C)C)CCCCCCB(c1cc(C(F)(F)F)cc(C(F)(F)F)c1)(c1cc(C(F)(F)F)cc(C(F)(F)F)c1),CC(C)P(CCCCCCB(c1cc(C(F)(F)F)cc(C(F)(F)F)c1)c1cc(C(F)(F)F)cc(C(F)(F)F)c1)C(C)(C)C,True,0.5365853658536586
template_augmentation,intramolecular_P_B_alkyl,P,cyclohexyl,cyclohexyl,phenyl,phenyl,C1,P(C1CCCCC1)(C1CCCCC1)CB(c1ccccc1)(c1ccccc1),c1ccc(B(CP(C2CCCCC2)C2CCCCC2)c2ccccc2)cc1,True,0.46153846153846156
template_augmentation,intramolecular_P_B_alkyl,P,cyclohexyl,cyclohexyl,phenyl,phenyl,C2,P(C1CCCCC1)(C1CCCCC1)CCB(c1ccccc1)(c1ccccc1),c1ccc(B(CCP(C2CCCCC2)C2CCCCC2)c2ccccc2)cc1,True,0.43902439024390244
template_augmentation,intramolecular_P_B_alkyl,P,cyclohexyl,cyclohexyl,phenyl,phenyl,C3,P(C1CCCCC1)(C1CCCCC1)CCCB(c1ccccc1)(c1ccccc1),c1ccc(B(CCCP(C2CCCCC2)C2CCCCC2)c2ccccc2)cc1,True,0.4186046511627907
template_augmentation,intramolecular_P_B_alkyl,P,cyclohexyl,cyclohexyl,phenyl,phenyl,C4,P(C1CCCCC1)(C1CCCCC1)CCCCB(c1ccccc1)(c1ccccc1),c1ccc(B(CCCCP(C2CCCCC2)C2CCCCC2)c2ccccc2)cc1,True,0.4090909090909091
template_augmentation,intramolecular_P_B_alkyl,P,cyclohexyl,cyclohexyl,phenyl,phenyl,C5,P(C1CCCCC1)(C1CCCCC1)CCCCCB(c1ccccc1)(c1ccccc1),c1ccc(B(CCCCCP(C2CCCCC2)C2CCCCC2)c2ccccc2)cc1,True,0.4
template_augmentation,intramolecular_P_B_alkyl,P,cyclohexyl,cyclohexyl,phenyl,phenyl,C6,P(C1CCCCC1)(C1CCCCC1)CCCCCCB(c1ccccc1)(c1ccccc1),c1ccc(B(CCCCCCP(C2CCCCC2)C2CCCCC2)c2ccccc2)cc1,True,0.4
template_augmentation,intramolecular_P_B_alkyl,P,cyclohexyl,cyclohexyl,phenyl,p_tolyl,C1,P(C1CCCCC1)(C1CCCCC1)CB(c1ccccc1)(c1ccc(C)cc1),Cc1ccc(B(CP(C2CCCCC2)C2CCCCC2)c2ccccc2)cc1,True,0.4
template_augmentation,intramolecular_P_B_alkyl,P,cyclohexyl,cyclohexyl,phenyl,p_tolyl,C2,P(C1CCCCC1)(C1CCCCC1)CCB(c1ccccc1)(c1ccc(C)cc1),Cc1ccc(B(CCP(C2CCCCC2)C2CCCCC2)c2ccccc2)cc1,True,0.3829787234042553
template_augmentation,intramolecular_P_B_alkyl,P,cyclohexyl,cyclohexyl,phenyl,p_tolyl,C3,P(C1CCCCC1)(C1CCCCC1)CCCB(c1ccccc1)(c1ccc(C)cc1),Cc1ccc(B(CCCP(C2CCCCC2)C2CCCCC2)c2ccccc2)cc1,True,0.3673469387755102
template_augmentation,intramolecular_P_B_alkyl,P,cyclohexyl,cyclohexyl,phenyl,p_tolyl,C4,P(C1CCCCC1)(C1CCCCC1)CCCCB(c1ccccc1)(c1ccc(C)cc1),Cc1ccc(B(CCCCP(C2CCCCC2)C2CCCCC2)c2ccccc2)cc1,True,0.36
template_augmentation,intramolecular_P_B_alkyl,P,cyclohexyl,cyclohexyl,phenyl,p_tolyl,C5,P(C1CCCCC1)(C1CCCCC1)CCCCCB(c1ccccc1)(c1ccc(C)cc1),Cc1ccc(B(CCCCCP(C2CCCCC2)C2CCCCC2)c2ccccc2)cc1,True,0.35294117647058826
template_augmentation,intramolecular_P_B_alkyl,P,cyclohexyl,cyclohexyl,phenyl,p_tolyl,C6,P(C1CCCCC1)(C1CCCCC1)CCCCCCB(c1ccccc1)(c1ccc(C)cc1),Cc1ccc(B(CCCCCCP(C2CCCCC2)C2CCCCC2)c2ccccc2)cc1,True,0.35294117647058826
template_augmentation,intramolecular_P_B_alkyl,P,cyclohexyl,cyclohexyl,phenyl,mesityl,C1,P(C1CCCCC1)(C1CCCCC1)CB(c1ccccc1)(c1c(C)cc(C)cc1C),Cc1cc(C)c(B(CP(C2CCCCC2)C2CCCCC2)c2ccccc2)c(C)c1,True,0.4897959183673469
template_augmentation,intramolecular_P_B_alkyl,P,cyclohexyl,cyclohexyl,phenyl,mesityl,C2,P(C1CCCCC1)(C1CCCCC1)CCB(c1ccccc1)(c1c(C)cc(C)cc1C),Cc1cc(C)c(B(CCP(C2CCCCC2)C2CCCCC2)c2ccccc2)c(C)c1,True,0.47058823529411764
template_augmentation,intramolecular_P_B_alkyl,P,cyclohexyl,cyclohexyl,phenyl,mesityl,C3,P(C1CCCCC1)(C1CCCCC1)CCCB(c1ccccc1)(c1c(C)cc(C)cc1C),Cc1cc(C)c(B(CCCP(C2CCCCC2)C2CCCCC2)c2ccccc2)c(C)c1,True,0.4528301886792453
template_augmentation,intramolecular_P_B_alkyl,P,cyclohexyl,cyclohexyl,phenyl,mesityl,C4,P(C1CCCCC1)(C1CCCCC1)CCCCB(c1ccccc1)(c1c(C)cc(C)cc1C),Cc1cc(C)c(B(CCCCP(C2CCCCC2)C2CCCCC2)c2ccccc2)c(C)c1,True,0.4444444444444444
template_augmentation,intramolecular_P_B_alkyl,P,cyclohexyl,cyclohexyl,phenyl,mesityl,C5,P(C1CCCCC1)(C1CCCCC1)CCCCCB(c1ccccc1)(c1c(C)cc(C)cc1C),Cc1cc(C)c(B(CCCCCP(C2CCCCC2)C2CCCCC2)c2ccccc2)c(C)c1,True,0.43636363636363634
template_augmentation,intramolecular_P_B_alkyl,P,cyclohexyl,cyclohexyl,phenyl,mesityl,C6,P(C1CCCCC1)(C1CCCCC1)CCCCCCB(c1ccccc1)(c1c(C)cc(C)cc1C),Cc1cc(C)c(B(CCCCCCP(C2CCCCC2)C2CCCCC2)c2ccccc2)c(C)c1,True,0.43636363636363634
template_augmentation,intramolecular_P_B_alkyl,P,cyclohexyl,cyclohexyl,phenyl,pentafluorophenyl,C1,P(C1CCCCC1)(C1CCCCC1)CB(c1ccccc1)(c1c(F)c(F)c(F)c(F)c1F),Fc1c(F)c(F)c(B(CP(C2CCCCC2)C2CCCCC2)c2ccccc2)c(F)c1F,True,0.425
template_augmentation,intramolecular_P_B_alkyl,P,cyclohexyl,cyclohexyl,phenyl,pentafluorophenyl,C2,P(C1CCCCC1)(C1CCCCC1)CCB(c1ccccc1)(c1c(F)c(F)c(F)c(F)c1F),Fc1c(F)c(F)c(B(CCP(C2CCCCC2)C2CCCCC2)c2ccccc2)c(F)c1F,True,0.46511627906976744
template_augmentation,intramolecular_P_B_alkyl,P,cyclohexyl,cyclohexyl,phenyl,pentafluorophenyl,C3,P(C1CCCCC1)(C1CCCCC1)CCCB(c1ccccc1)(c1c(F)c(F)c(F)c(F)c1F),Fc1c(F)c(F)c(B(CCCP(C2CCCCC2)C2CCCCC2)c2ccccc2)c(F)c1F,True,0.44680851063829785
template_augmentation,intramolecular_P_B_alkyl,P,cyclohexyl,cyclohexyl,phenyl,pentafluorophenyl,C4,P(C1CCCCC1)(C1CCCCC1)CCCCB(c1ccccc1)(c1c(F)c(F)c(F)c(F)c1F),Fc1c(F)c(F)c(B(CCCCP(C2CCCCC2)C2CCCCC2)c2ccccc2)c(F)c1F,True,0.5
template_augmentation,intramolecular_P_B_alkyl,P,cyclohexyl,cyclohexyl,phenyl,pentafluorophenyl,C5,P(C1CCCCC1)(C1CCCCC1)CCCCCB(c1ccccc1)(c1c(F)c(F)c(F)c(F)c1F),Fc1c(F)c(F)c(B(CCCCCP(C2CCCCC2)C2CCCCC2)c2ccccc2)c(F)c1F,True,0.48936170212765956
template_augmentation,intramolecular_P_B_alkyl,P,cyclohexyl,cyclohexyl,phenyl,pentafluorophenyl,C6,P(C1CCCCC1)(C1CCCCC1)CCCCCCB(c1ccccc1)(c1c(F)c(F)c(F)c(F)c1F),Fc1c(F)c(F)c(B(CCCCCCP(C2CCCCC2)C2CCCCC2)c2ccccc2)c(F)c1F,True,0.48936170212765956
template_augmentation,intramolecular_P_B_alkyl,P,cyclohexyl,cyclohexyl,phenyl,pentachlorophenyl,C1,P(C1CCCCC1)(C1CCCCC1)CB(c1ccccc1)(c1c(Cl)c(Cl)c(Cl)c(Cl)c1Cl),Clc1c(Cl)c(Cl)c(B(CP(C2CCCCC2)C2CCCCC2)c2ccccc2)c(Cl)c1Cl,True,0.4358974358974359
template_augmentation,intramolecular_P_B_alkyl,P,cyclohexyl,cyclohexyl,phenyl,pentachlorophenyl,C2,P(C1CCCCC1)(C1CCCCC1)CCB(c1ccccc1)(c1c(Cl)c(Cl)c(Cl)c(Cl)c1Cl),Clc1c(Cl)c(Cl)c(B(CCP(C2CCCCC2)C2CCCCC2)c2ccccc2)c(Cl)c1Cl,True,0.4523809523809524
template_augmentation,intramolecular_P_B_alkyl,P,cyclohexyl,cyclohexyl,phenyl,pentachlorophenyl,C3,P(C1CCCCC1)(C1CCCCC1)CCCB(c1ccccc1)(c1c(Cl)c(Cl)c(Cl)c(Cl)c1Cl),Clc1c(Cl)c(Cl)c(B(CCCP(C2CCCCC2)C2CCCCC2)c2ccccc2)c(Cl)c1Cl,True,0.43478260869565216
template_augmentation,intramolecular_P_B_alkyl,P,cyclohexyl,cyclohexyl,phenyl,pentachlorophenyl,C4,P(C1CCCCC1)(C1CCCCC1)CCCCB(c1ccccc1)(c1c(Cl)c(Cl)c(Cl)c(Cl)c1Cl),Clc1c(Cl)c(Cl)c(B(CCCCP(C2CCCCC2)C2CCCCC2)c2ccccc2)c(Cl)c1Cl,True,0.4888888888888889
template_augmentation,intramolecular_P_B_alkyl,P,cyclohexyl,cyclohexyl,phenyl,pentachlorophenyl,C5,P(C1CCCCC1)(C1CCCCC1)CCCCCB(c1ccccc1)(c1c(Cl)c(Cl)c(Cl)c(Cl)c1Cl),Clc1c(Cl)c(Cl)c(B(CCCCCP(C2CCCCC2)C2CCCCC2)c2ccccc2)c(Cl)c1Cl,True,0.4782608695652174
template_augmentation,intramolecular_P_B_alkyl,P,cyclohexyl,cyclohexyl,phenyl,pentachlorophenyl,C6,P(C1CCCCC1)(C1CCCCC1)CCCCCCB(c1ccccc1)(c1c(Cl)c(Cl)c(Cl)c(Cl)c1Cl),Clc1c(Cl)c(Cl)c(B(CCCCCCP(C2CCCCC2)C2CCCCC2)c2ccccc2)c(Cl)c1Cl,True,0.4782608695652174
template_augmentation,intramolecular_P_B_alkyl,P,cyclohexyl,cyclohexyl,phenyl,bis_cf3_phenyl,C1,P(C1CCCCC1)(C1CCCCC1)CB(c1ccccc1)(c1cc(C(F)(F)F)cc(C(F)(F)F)c1),FC(F)(F)c1cc(B(CP(C2CCCCC2)C2CCCCC2)c2ccccc2)cc(C(F)(F)F)c1,True,0.4444444444444444
template_augmentation,intramolecular_P_B_alkyl,P,cyclohexyl,cyclohexyl,phenyl,bis_cf3_phenyl,C2,P(C1CCCCC1)(C1CCCCC1)CCB(c1ccccc1)(c1cc(C(F)(F)F)cc(C(F)(F)F)c1),FC(F)(F)c1cc(B(CCP(C2CCCCC2)C2CCCCC2)c2ccccc2)cc(C(F)(F)F)c1,True,0.3673469387755102
template_augmentation,intramolecular_P_B_alkyl,P,cyclohexyl,cyclohexyl,phenyl,bis_cf3_phenyl,C3,P(C1CCCCC1)(C1CCCCC1)CCCB(c1ccccc1)(c1cc(C(F)(F)F)cc(C(F)(F)F)c1),FC(F)(F)c1cc(B(CCCP(C2CCCCC2)C2CCCCC2)c2ccccc2)cc(C(F)(F)F)c1,True,0.35294117647058826
template_augmentation,intramolecular_P_B_alkyl,P,cyclohexyl,cyclohexyl,phenyl,bis_cf3_phenyl,C4,P(C1CCCCC1)(C1CCCCC1)CCCCB(c1ccccc1)(c1cc(C(F)(F)F)cc(C(F)(F)F)c1),FC(F)(F)c1cc(B(CCCCP(C2CCCCC2)C2CCCCC2)c2ccccc2)cc(C(F)(F)F)c1,True,0.34615384615384615
template_augmentation,intramolecular_P_B_alkyl,P,cyclohexyl,cyclohexyl,phenyl,bis_cf3_phenyl,C5,P(C1CCCCC1)(C1CCCCC1)CCCCCB(c1ccccc1)(c1cc(C(F)(F)F)cc(C(F)(F)F)c1),FC(F)(F)c1cc(B(CCCCCP(C2CCCCC2)C2CCCCC2)c2ccccc2)cc(C(F)(F)F)c1,True,0.33962264150943394
template_augmentation,intramolecular_P_B_alkyl,P,cyclohexyl,cyclohexyl,phenyl,bis_cf3_phenyl,C6,P(C1CCCCC1)(C1CCCCC1)CCCCCCB(c1ccccc1)(c1cc(C(F)(F)F)cc(C(F)(F)F)c1),FC(F)(F)c1cc(B(CCCCCCP(C2CCCCC2)C2CCCCC2)c2ccccc2)cc(C(F)(F)F)c1,True,0.33962264150943394
template_augmentation,intramolecular_P_B_alkyl,P,cyclohexyl,cyclohexyl,p_tolyl,p_tolyl,C1,P(C1CCCCC1)(C1CCCCC1)CB(c1ccc(C)cc1)(c1ccc(C)cc1),Cc1ccc(B(CP(C2CCCCC2)C2CCCCC2)c2ccc(C)cc2)cc1,True,0.32653061224489793
template_augmentation,intramolecular_P_B_alkyl,P,cyclohexyl,cyclohexyl,p_tolyl,p_tolyl,C2,P(C1CCCCC1)(C1CCCCC1)CCB(c1ccc(C)cc1)(c1ccc(C)cc1),Cc1ccc(B(CCP(C2CCCCC2)C2CCCCC2)c2ccc(C)cc2)cc1,True,0.3137254901960784
template_augmentation,intramolecular_P_B_alkyl,P,cyclohexyl,cyclohexyl,p_tolyl,p_tolyl,C3,P(C1CCCCC1)(C1CCCCC1)CCCB(c1ccc(C)cc1)(c1ccc(C)cc1),Cc1ccc(B(CCCP(C2CCCCC2)C2CCCCC2)c2ccc(C)cc2)cc1,True,0.3018867924528302
template_augmentation,intramolecular_P_B_alkyl,P,cyclohexyl,cyclohexyl,p_tolyl,p_tolyl,C4,P(C1CCCCC1)(C1CCCCC1)CCCCB(c1ccc(C)cc1)(c1ccc(C)cc1),Cc1ccc(B(CCCCP(C2CCCCC2)C2CCCCC2)c2ccc(C)cc2)cc1,True,0.3137254901960784
template_augmentation,intramolecular_P_B_alkyl,P,cyclohexyl,cyclohexyl,p_tolyl,p_tolyl,C5,P(C1CCCCC1)(C1CCCCC1)CCCCCB(c1ccc(C)cc1)(c1ccc(C)cc1),Cc1ccc(B(CCCCCP(C2CCCCC2)C2CCCCC2)c2ccc(C)cc2)cc1,True,0.3076923076923077
template_augmentation,intramolecular_P_B_alkyl,P,cyclohexyl,cyclohexyl,p_tolyl,p_tolyl,C6,P(C1CCCCC1)(C1CCCCC1)CCCCCCB(c1ccc(C)cc1)(c1ccc(C)cc1),Cc1ccc(B(CCCCCCP(C2CCCCC2)C2CCCCC2)c2ccc(C)cc2)cc1,True,0.3076923076923077
template_augmentation,intramolecular_P_B_alkyl,P,cyclohexyl,cyclohexyl,p_tolyl,mesityl,C1,P(C1CCCCC1)(C1CCCCC1)CB(c1ccc(C)cc1)(c1c(C)cc(C)cc1C),Cc1ccc(B(CP(C2CCCCC2)C2CCCCC2)c2c(C)cc(C)cc2C)cc1,True,0.44
template_augmentation,intramolecular_P_B_alkyl,P,cyclohexyl,cyclohexyl,p_tolyl,mesityl,C2,P(C1CCCCC1)(C1CCCCC1)CCB(c1ccc(C)cc1)(c1c(C)cc(C)cc1C),Cc1ccc(B(CCP(C2CCCCC2)C2CCCCC2)c2c(C)cc(C)cc2C)cc1,True,0.4230769230769231
template_augmentation,intramolecular_P_B_alkyl,P,cyclohexyl,cyclohexyl,p_tolyl,mesityl,C3,P(C1CCCCC1)(C1CCCCC1)CCCB(c1ccc(C)cc1)(c1c(C)cc(C)cc1C),Cc1ccc(B(CCCP(C2CCCCC2)C2CCCCC2)c2c(C)cc(C)cc2C)cc1,True,0.4074074074074074
template_augmentation,intramolecular_P_B_alkyl,P,cyclohexyl,cyclohexyl,p_tolyl,mesityl,C4,P(C1CCCCC1)(C1CCCCC1)CCCCB(c1ccc(C)cc1)(c1c(C)cc(C)cc1C),Cc1ccc(B(CCCCP(C2CCCCC2)C2CCCCC2)c2c(C)cc(C)cc2C)cc1,True,0.4
template_augmentation,intramolecular_P_B_alkyl,P,cyclohexyl,cyclohexyl,p_tolyl,mesityl,C5,P(C1CCCCC1)(C1CCCCC1)CCCCCB(c1ccc(C)cc1)(c1c(C)cc(C)cc1C),Cc1ccc(B(CCCCCP(C2CCCCC2)C2CCCCC2)c2c(C)cc(C)cc2C)cc1,True,0.39285714285714285
template_augmentation,intramolecular_P_B_alkyl,P,cyclohexyl,cyclohexyl,p_tolyl,mesityl,C6,P(C1CCCCC1)(C1CCCCC1)CCCCCCB(c1ccc(C)cc1)(c1c(C)cc(C)cc1C),Cc1ccc(B(CCCCCCP(C2CCCCC2)C2CCCCC2)c2c(C)cc(C)cc2C)cc1,True,0.39285714285714285
template_augmentation,intramolecular_P_B_alkyl,P,cyclohexyl,cyclohexyl,p_tolyl,pentafluorophenyl,C1,P(C1CCCCC1)(C1CCCCC1)CB(c1ccc(C)cc1)(c1c(F)c(F)c(F)c(F)c1F),Cc1ccc(B(CP(C2CCCCC2)C2CCCCC2)c2c(F)c(F)c(F)c(F)c2F)cc1,True,0.40476190476190477
template_augmentation,intramolecular_P_B_alkyl,P,cyclohexyl,cyclohexyl,p_tolyl,pentafluorophenyl,C2,P(C1CCCCC1)(C1CCCCC1)CCB(c1ccc(C)cc1)(c1c(F)c(F)c(F)c(F)c1F),Cc1ccc(B(CCP(C2CCCCC2)C2CCCCC2)c2c(F)c(F)c(F)c(F)c2F)cc1,True,0.4166666666666667
template_augmentation,intramolecular_P_B_alkyl,P,cyclohexyl,cyclohexyl,p_tolyl,pentafluorophenyl,C3,P(C1CCCCC1)(C1CCCCC1)CCCB(c1ccc(C)cc1)(c1c(F)c(F)c(F)c(F)c1F),Cc1ccc(B(CCCP(C2CCCCC2)C2CCCCC2)c2c(F)c(F)c(F)c(F)c2F)cc1,True,0.40384615384615385
template_augmentation,intramolecular_P_B_alkyl,P,cyclohexyl,cyclohexyl,p_tolyl,pentafluorophenyl,C4,P(C1CCCCC1)(C1CCCCC1)CCCCB(c1ccc(C)cc1)(c1c(F)c(F)c(F)c(F)c1F),Cc1ccc(B(CCCCP(C2CCCCC2)C2CCCCC2)c2c(F)c(F)c(F)c(F)c2F)cc1,True,0.45098039215686275
template_augmentation,intramolecular_P_B_alkyl,P,cyclohexyl,cyclohexyl,p_tolyl,pentafluorophenyl,C5,P(C1CCCCC1)(C1CCCCC1)CCCCCB(c1ccc(C)cc1)(c1c(F)c(F)c(F)c(F)c1F),Cc1ccc(B(CCCCCP(C2CCCCC2)C2CCCCC2)c2c(F)c(F)c(F)c(F)c2F)cc1,True,0.4423076923076923
template_augmentation,intramolecular_P_B_alkyl,P,cyclohexyl,cyclohexyl,p_tolyl,pentafluorophenyl,C6,P(C1CCCCC1)(C1CCCCC1)CCCCCCB(c1ccc(C)cc1)(c1c(F)c(F)c(F)c(F)c1F),Cc1ccc(B(CCCCCCP(C2CCCCC2)C2CCCCC2)c2c(F)c(F)c(F)c(F)c2F)cc1,True,0.4423076923076923
template_augmentation,intramolecular_P_B_alkyl,P,cyclohexyl,cyclohexyl,p_tolyl,pentachlorophenyl,C1,P(C1CCCCC1)(C1CCCCC1)CB(c1ccc(C)cc1)(c1c(Cl)c(Cl)c(Cl)c(Cl)c1Cl),Cc1ccc(B(CP(C2CCCCC2)C2CCCCC2)c2c(Cl)c(Cl)c(Cl)c(Cl)c2Cl)cc1,True,0.40476190476190477
template_augmentation,intramolecular_P_B_alkyl,P,cyclohexyl,cyclohexyl,p_tolyl,pentachlorophenyl,C2,P(C1CCCCC1)(C1CCCCC1)CCB(c1ccc(C)cc1)(c1c(Cl)c(Cl)c(Cl)c(Cl)c1Cl),Cc1ccc(B(CCP(C2CCCCC2)C2CCCCC2)c2c(Cl)c(Cl)c(Cl)c(Cl)c2Cl)cc1,True,0.4166666666666667
template_augmentation,intramolecular_P_B_alkyl,P,cyclohexyl,cyclohexyl,p_tolyl,pentachlorophenyl,C3,P(C1CCCCC1)(C1CCCCC1)CCCB(c1ccc(C)cc1)(c1c(Cl)c(Cl)c(Cl)c(Cl)c1Cl),Cc1ccc(B(CCCP(C2CCCCC2)C2CCCCC2)c2c(Cl)c(Cl)c(Cl)c(Cl)c2Cl)cc1,True,0.40384615384615385
template_augmentation,intramolecular_P_B_alkyl,P,cyclohexyl,cyclohexyl,p_tolyl,pentachlorophenyl,C4,P(C1CCCCC1)(C1CCCCC1)CCCCB(c1ccc(C)cc1)(c1c(Cl)c(Cl)c(Cl)c(Cl)c1Cl),Cc1ccc(B(CCCCP(C2CCCCC2)C2CCCCC2)c2c(Cl)c(Cl)c(Cl)c(Cl)c2Cl)cc1,True,0.45098039215686275
template_augmentation,intramolecular_P_B_alkyl,P,cyclohexyl,cyclohexyl,p_tolyl,pentachlorophenyl,C5,P(C1CCCCC1)(C1CCCCC1)CCCCCB(c1ccc(C)cc1)(c1c(Cl)c(Cl)c(Cl)c(Cl)c1Cl),Cc1ccc(B(CCCCCP(C2CCCCC2)C2CCCCC2)c2c(Cl)c(Cl)c(Cl)c(Cl)c2Cl)cc1,True,0.4423076923076923
template_augmentation,intramolecular_P_B_alkyl,P,cyclohexyl,cyclohexyl,p_tolyl,pentachlorophenyl,C6,P(C1CCCCC1)(C1CCCCC1)CCCCCCB(c1ccc(C)cc1)(c1c(Cl)c(Cl)c(Cl)c(Cl)c1Cl),Cc1ccc(B(CCCCCCP(C2CCCCC2)C2CCCCC2)c2c(Cl)c(Cl)c(Cl)c(Cl)c2Cl)cc1,True,0.4423076923076923
template_augmentation,intramolecular_P_B_alkyl,P,cyclohexyl,cyclohexyl,p_tolyl,bis_cf3_phenyl,C1,P(C1CCCCC1)(C1CCCCC1)CB(c1ccc(C)cc1)(c1cc(C(F)(F)F)cc(C(F)(F)F)c1),Cc1ccc(B(CP(C2CCCCC2)C2CCCCC2)c2cc(C(F)(F)F)cc(C(F)(F)F)c2)cc1,True,0.45652173913043476
template_augmentation,intramolecular_P_B_alkyl,P,cyclohexyl,cyclohexyl,p_tolyl,bis_cf3_phenyl,C2,P(C1CCCCC1)(C1CCCCC1)CCB(c1ccc(C)cc1)(c1cc(C(F)(F)F)cc(C(F)(F)F)c1),Cc1ccc(B(CCP(C2CCCCC2)C2CCCCC2)c2cc(C(F)(F)F)cc(C(F)(F)F)c2)cc1,True,0.38
template_augmentation,intramolecular_P_B_alkyl,P,cyclohexyl,cyclohexyl,p_tolyl,bis_cf3_phenyl,C3,P(C1CCCCC1)(C1CCCCC1)CCCB(c1ccc(C)cc1)(c1cc(C(F)(F)F)cc(C(F)(F)F)c1),Cc1ccc(B(CCCP(C2CCCCC2)C2CCCCC2)c2cc(C(F)(F)F)cc(C(F)(F)F)c2)cc1,True,0.36538461538461536
template_augmentation,intramolecular_P_B_alkyl,P,cyclohexyl,cyclohexyl,p_tolyl,bis_cf3_phenyl,C4,P(C1CCCCC1)(C1CCCCC1)CCCCB(c1ccc(C)cc1)(c1cc(C(F)(F)F)cc(C(F)(F)F)c1),Cc1ccc(B(CCCCP(C2CCCCC2)C2CCCCC2)c2cc(C(F)(F)F)cc(C(F)(F)F)c2)cc1,True,0.3584905660377358
template_augmentation,intramolecular_P_B_alkyl,P,cyclohexyl,cyclohexyl,p_tolyl,bis_cf3_phenyl,C5,P(C1CCCCC1)(C1CCCCC1)CCCCCB(c1ccc(C)cc1)(c1cc(C(F)(F)F)cc(C(F)(F)F)c1),Cc1ccc(B(CCCCCP(C2CCCCC2)C2CCCCC2)c2cc(C(F)(F)F)cc(C(F)(F)F)c2)cc1,True,0.35185185185185186
template_augmentation,intramolecular_P_B_alkyl,P,cyclohexyl,cyclohexyl,p_tolyl,bis_cf3_phenyl,C6,P(C1CCCCC1)(C1CCCCC1)CCCCCCB(c1ccc(C)cc1)(c1cc(C(F)(F)F)cc(C(F)(F)F)c1),Cc1ccc(B(CCCCCCP(C2CCCCC2)C2CCCCC2)c2cc(C(F)(F)F)cc(C(F)(F)F)c2)cc1,True,0.35185185185185186
template_augmentation,intramolecular_P_B_alkyl,P,cyclohexyl,cyclohexyl,mesityl,mesityl,C1,P(C1CCCCC1)(C1CCCCC1)CB(c1c(C)cc(C)cc1C)(c1c(C)cc(C)cc1C),Cc1cc(C)c(B(CP(C2CCCCC2)C2CCCCC2)c2c(C)cc(C)cc2C)c(C)c1,True,0.4666666666666667
template_augmentation,intramolecular_P_B_alkyl,P,cyclohexyl,cyclohexyl,mesityl,mesityl,C2,P(C1CCCCC1)(C1CCCCC1)CCB(c1c(C)cc(C)cc1C)(c1c(C)cc(C)cc1C),Cc1cc(C)c(B(CCP(C2CCCCC2)C2CCCCC2)c2c(C)cc(C)cc2C)c(C)c1,True,0.44680851063829785
template_augmentation,intramolecular_P_B_alkyl,P,cyclohexyl,cyclohexyl,mesityl,mesityl,C3,P(C1CCCCC1)(C1CCCCC1)CCCB(c1c(C)cc(C)cc1C)(c1c(C)cc(C)cc1C),Cc1cc(C)c(B(CCCP(C2CCCCC2)C2CCCCC2)c2c(C)cc(C)cc2C)c(C)c1,True,0.42857142857142855
template_augmentation,intramolecular_P_B_alkyl,P,cyclohexyl,cyclohexyl,mesityl,mesityl,C4,P(C1CCCCC1)(C1CCCCC1)CCCCB(c1c(C)cc(C)cc1C)(c1c(C)cc(C)cc1C),Cc1cc(C)c(B(CCCCP(C2CCCCC2)C2CCCCC2)c2c(C)cc(C)cc2C)c(C)c1,True,0.44680851063829785
template_augmentation,intramolecular_P_B_alkyl,P,cyclohexyl,cyclohexyl,mesityl,mesityl,C5,P(C1CCCCC1)(C1CCCCC1)CCCCCB(c1c(C)cc(C)cc1C)(c1c(C)cc(C)cc1C),Cc1cc(C)c(B(CCCCCP(C2CCCCC2)C2CCCCC2)c2c(C)cc(C)cc2C)c(C)c1,True,0.4375
template_augmentation,intramolecular_P_B_alkyl,P,cyclohexyl,cyclohexyl,mesityl,mesityl,C6,P(C1CCCCC1)(C1CCCCC1)CCCCCCB(c1c(C)cc(C)cc1C)(c1c(C)cc(C)cc1C),Cc1cc(C)c(B(CCCCCCP(C2CCCCC2)C2CCCCC2)c2c(C)cc(C)cc2C)c(C)c1,True,0.4375
template_augmentation,intramolecular_P_B_alkyl,P,cyclohexyl,cyclohexyl,mesityl,pentafluorophenyl,C1,P(C1CCCCC1)(C1CCCCC1)CB(c1c(C)cc(C)cc1C)(c1c(F)c(F)c(F)c(F)c1F),Cc1cc(C)c(B(CP(C2CCCCC2)C2CCCCC2)c2c(F)c(F)c(F)c(F)c2F)c(C)c1,True,0.44
template_augmentation,intramolecular_P_B_alkyl,P,cyclohexyl,cyclohexyl,mesityl,pentafluorophenyl,C2,P(C1CCCCC1)(C1CCCCC1)CCB(c1c(C)cc(C)cc1C)(c1c(F)c(F)c(F)c(F)c1F),Cc1cc(C)c(B(CCP(C2CCCCC2)C2CCCCC2)c2c(F)c(F)c(F)c(F)c2F)c(C)c1,True,0.5454545454545454
template_augmentation,intramolecular_P_B_alkyl,P,cyclohexyl,cyclohexyl,mesityl,pentafluorophenyl,C3,P(C1CCCCC1)(C1CCCCC1)CCCB(c1c(C)cc(C)cc1C)(c1c(F)c(F)c(F)c(F)c1F),Cc1cc(C)c(B(CCCP(C2CCCCC2)C2CCCCC2)c2c(F)c(F)c(F)c(F)c2F)c(C)c1,True,0.5208333333333334
template_augmentation,intramolecular_P_B_alkyl,P,cyclohexyl,cyclohexyl,mesityl,pentafluorophenyl,C4,P(C1CCCCC1)(C1CCCCC1)CCCCB(c1c(C)cc(C)cc1C)(c1c(F)c(F)c(F)c(F)c1F),Cc1cc(C)c(B(CCCCP(C2CCCCC2)C2CCCCC2)c2c(F)c(F)c(F)c(F)c2F)c(C)c1,True,0.574468085106383
template_augmentation,intramolecular_P_B_alkyl,P,cyclohexyl,cyclohexyl,mesityl,pentafluorophenyl,C5,P(C1CCCCC1)(C1CCCCC1)CCCCCB(c1c(C)cc(C)cc1C)(c1c(F)c(F)c(F)c(F)c1F),Cc1cc(C)c(B(CCCCCP(C2CCCCC2)C2CCCCC2)c2c(F)c(F)c(F)c(F)c2F)c(C)c1,True,0.5625
template_augmentation,intramolecular_P_B_alkyl,P,cyclohexyl,cyclohexyl,mesityl,pentafluorophenyl,C6,P(C1CCCCC1)(C1CCCCC1)CCCCCCB(c1c(C)cc(C)cc1C)(c1c(F)c(F)c(F)c(F)c1F),Cc1cc(C)c(B(CCCCCCP(C2CCCCC2)C2CCCCC2)c2c(F)c(F)c(F)c(F)c2F)c(C)c1,True,0.5625
template_augmentation,intramolecular_P_B_alkyl,P,cyclohexyl,cyclohexyl,mesityl,pentachlorophenyl,C1,P(C1CCCCC1)(C1CCCCC1)CB(c1c(C)cc(C)cc1C)(c1c(Cl)c(Cl)c(Cl)c(Cl)c1Cl),Cc1cc(C)c(B(CP(C2CCCCC2)C2CCCCC2)c2c(Cl)c(Cl)c(Cl)c(Cl)c2Cl)c(C)c1,True,0.46938775510204084
template_augmentation,intramolecular_P_B_alkyl,P,cyclohexyl,cyclohexyl,mesityl,pentachlorophenyl,C2,P(C1CCCCC1)(C1CCCCC1)CCB(c1c(C)cc(C)cc1C)(c1c(Cl)c(Cl)c(Cl)c(Cl)c1Cl),Cc1cc(C)c(B(CCP(C2CCCCC2)C2CCCCC2)c2c(Cl)c(Cl)c(Cl)c(Cl)c2Cl)c(C)c1,True,0.5454545454545454
template_augmentation,intramolecular_P_B_alkyl,P,cyclohexyl,cyclohexyl,mesityl,pentachlorophenyl,C3,P(C1CCCCC1)(C1CCCCC1)CCCB(c1c(C)cc(C)cc1C)(c1c(Cl)c(Cl)c(Cl)c(Cl)c1Cl),Cc1cc(C)c(B(CCCP(C2CCCCC2)C2CCCCC2)c2c(Cl)c(Cl)c(Cl)c(Cl)c2Cl)c(C)c1,True,0.5208333333333334
template_augmentation,intramolecular_P_B_alkyl,P,cyclohexyl,cyclohexyl,mesityl,pentachlorophenyl,C4,P(C1CCCCC1)(C1CCCCC1)CCCCB(c1c(C)cc(C)cc1C)(c1c(Cl)c(Cl)c(Cl)c(Cl)c1Cl),Cc1cc(C)c(B(CCCCP(C2CCCCC2)C2CCCCC2)c2c(Cl)c(Cl)c(Cl)c(Cl)c2Cl)c(C)c1,True,0.574468085106383
template_augmentation,intramolecular_P_B_alkyl,P,cyclohexyl,cyclohexyl,mesityl,pentachlorophenyl,C5,P(C1CCCCC1)(C1CCCCC1)CCCCCB(c1c(C)cc(C)cc1C)(c1c(Cl)c(Cl)c(Cl)c(Cl)c1Cl),Cc1cc(C)c(B(CCCCCP(C2CCCCC2)C2CCCCC2)c2c(Cl)c(Cl)c(Cl)c(Cl)c2Cl)c(C)c1,True,0.5625
template_augmentation,intramolecular_P_B_alkyl,P,cyclohexyl,cyclohexyl,mesityl,pentachlorophenyl,C6,P(C1CCCCC1)(C1CCCCC1)CCCCCCB(c1c(C)cc(C)cc1C)(c1c(Cl)c(Cl)c(Cl)c(Cl)c1Cl),Cc1cc(C)c(B(CCCCCCP(C2CCCCC2)C2CCCCC2)c2c(Cl)c(Cl)c(Cl)c(Cl)c2Cl)c(C)c1,True,0.5625
template_augmentation,intramolecular_P_B_alkyl,P,cyclohexyl,cyclohexyl,mesityl,bis_cf3_phenyl,C1,P(C1CCCCC1)(C1CCCCC1)CB(c1c(C)cc(C)cc1C)(c1cc(C(F)(F)F)cc(C(F)(F)F)c1),Cc1cc(C)c(B(CP(C2CCCCC2)C2CCCCC2)c2cc(C(F)(F)F)cc(C(F)(F)F)c2)c(C)c1,True,0.4166666666666667
template_augmentation,intramolecular_P_B_alkyl,P,cyclohexyl,cyclohexyl,mesityl,bis_cf3_phenyl,C2,P(C1CCCCC1)(C1CCCCC1)CCB(c1c(C)cc(C)cc1C)(c1cc(C(F)(F)F)cc(C(F)(F)F)c1),Cc1cc(C)c(B(CCP(C2CCCCC2)C2CCCCC2)c2cc(C(F)(F)F)cc(C(F)(F)F)c2)c(C)c1,True,0.37254901960784315
template_augmentation,intramolecular_P_B_alkyl,P,cyclohexyl,cyclohexyl,mesityl,bis_cf3_phenyl,C3,P(C1CCCCC1)(C1CCCCC1)CCCB(c1c(C)cc(C)cc1C)(c1cc(C(F)(F)F)cc(C(F)(F)F)c1),Cc1cc(C)c(B(CCCP(C2CCCCC2)C2CCCCC2)c2cc(C(F)(F)F)cc(C(F)(F)F)c2)c(C)c1,True,0.3584905660377358
template_augmentation,intramolecular_P_B_alkyl,P,cyclohexyl,cyclohexyl,mesityl,bis_cf3_phenyl,C4,P(C1CCCCC1)(C1CCCCC1)CCCCB(c1c(C)cc(C)cc1C)(c1cc(C(F)(F)F)cc(C(F)(F)F)c1),Cc1cc(C)c(B(CCCCP(C2CCCCC2)C2CCCCC2)c2cc(C(F)(F)F)cc(C(F)(F)F)c2)c(C)c1,True,0.38596491228070173
template_augmentation,intramolecular_P_B_alkyl,P,cyclohexyl,cyclohexyl,mesityl,bis_cf3_phenyl,C5,P(C1CCCCC1)(C1CCCCC1)CCCCCB(c1c(C)cc(C)cc1C)(c1cc(C(F)(F)F)cc(C(F)(F)F)c1),Cc1cc(C)c(B(CCCCCP(C2CCCCC2)C2CCCCC2)c2cc(C(F)(F)F)cc(C(F)(F)F)c2)c(C)c1,True,0.3793103448275862
template_augmentation,intramolecular_P_B_alkyl,P,cyclohexyl,cyclohexyl,mesityl,bis_cf3_phenyl,C6,P(C1CCCCC1)(C1CCCCC1)CCCCCCB(c1c(C)cc(C)cc1C)(c1cc(C(F)(F)F)cc(C(F)(F)F)c1),Cc1cc(C)c(B(CCCCCCP(C2CCCCC2)C2CCCCC2)c2cc(C(F)(F)F)cc(C(F)(F)F)c2)c(C)c1,True,0.3793103448275862
template_augmentation,intramolecular_P_B_alkyl,P,cyclohexyl,cyclohexyl,pentafluorophenyl,pentafluorophenyl,C1,P(C1CCCCC1)(C1CCCCC1)CB(c1c(F)c(F)c(F)c(F)c1F)(c1c(F)c(F)c(F)c(F)c1F),Fc1c(F)c(F)c(B(CP(C2CCCCC2)C2CCCCC2)c2c(F)c(F)c(F)c(F)c2F)c(F)c1F,True,0.53125
template_augmentation,intramolecular_P_B_alkyl,P,cyclohexyl,cyclohexyl,pentafluorophenyl,pentafluorophenyl,C2,P(C1CCCCC1)(C1CCCCC1)CCB(c1c(F)c(F)c(F)c(F)c1F)(c1c(F)c(F)c(F)c(F)c1F),Fc1c(F)c(F)c(B(CCP(C2CCCCC2)C2CCCCC2)c2c(F)c(F)c(F)c(F)c2F)c(F)c1F,True,0.5
template_augmentation,intramolecular_P_B_alkyl,P,cyclohexyl,cyclohexyl,pentafluorophenyl,pentafluorophenyl,C3,P(C1CCCCC1)(C1CCCCC1)CCCB(c1c(F)c(F)c(F)c(F)c1F)(c1c(F)c(F)c(F)c(F)c1F),Fc1c(F)c(F)c(B(CCCP(C2CCCCC2)C2CCCCC2)c2c(F)c(F)c(F)c(F)c2F)c(F)c1F,True,0.4722222222222222
template_augmentation,intramolecular_P_B_alkyl,P,cyclohexyl,cyclohexyl,pentafluorophenyl,pentafluorophenyl,C4,P(C1CCCCC1)(C1CCCCC1)CCCCB(c1c(F)c(F)c(F)c(F)c1F)(c1c(F)c(F)c(F)c(F)c1F),Fc1c(F)c(F)c(B(CCCCP(C2CCCCC2)C2CCCCC2)c2c(F)c(F)c(F)c(F)c2F)c(F)c1F,True,0.4594594594594595
template_augmentation,intramolecular_P_B_alkyl,P,cyclohexyl,cyclohexyl,pentafluorophenyl,pentafluorophenyl,C5,P(C1CCCCC1)(C1CCCCC1)CCCCCB(c1c(F)c(F)c(F)c(F)c1F)(c1c(F)c(F)c(F)c(F)c1F),Fc1c(F)c(F)c(B(CCCCCP(C2CCCCC2)C2CCCCC2)c2c(F)c(F)c(F)c(F)c2F)c(F)c1F,True,0.4473684210526316
template_augmentation,intramolecular_P_B_alkyl,P,cyclohexyl,cyclohexyl,pentafluorophenyl,pentafluorophenyl,C6,P(C1CCCCC1)(C1CCCCC1)CCCCCCB(c1c(F)c(F)c(F)c(F)c1F)(c1c(F)c(F)c(F)c(F)c1F),Fc1c(F)c(F)c(B(CCCCCCP(C2CCCCC2)C2CCCCC2)c2c(F)c(F)c(F)c(F)c2F)c(F)c1F,True,0.4473684210526316
template_augmentation,intramolecular_P_B_alkyl,P,cyclohexyl,cyclohexyl,pentafluorophenyl,pentachlorophenyl,C1,P(C1CCCCC1)(C1CCCCC1)CB(c1c(F)c(F)c(F)c(F)c1F)(c1c(Cl)c(Cl)c(Cl)c(Cl)c1Cl),Fc1c(F)c(F)c(B(CP(C2CCCCC2)C2CCCCC2)c2c(Cl)c(Cl)c(Cl)c(Cl)c2Cl)c(F)c1F,True,0.4473684210526316
template_augmentation,intramolecular_P_B_alkyl,P,cyclohexyl,cyclohexyl,pentafluorophenyl,pentachlorophenyl,C2,P(C1CCCCC1)(C1CCCCC1)CCB(c1c(F)c(F)c(F)c(F)c1F)(c1c(Cl)c(Cl)c(Cl)c(Cl)c1Cl),Fc1c(F)c(F)c(B(CCP(C2CCCCC2)C2CCCCC2)c2c(Cl)c(Cl)c(Cl)c(Cl)c2Cl)c(F)c1F,True,0.425
template_augmentation,intramolecular_P_B_alkyl,P,cyclohexyl,cyclohexyl,pentafluorophenyl,pentachlorophenyl,C3,P(C1CCCCC1)(C1CCCCC1)CCCB(c1c(F)c(F)c(F)c(F)c1F)(c1c(Cl)c(Cl)c(Cl)c(Cl)c1Cl),Fc1c(F)c(F)c(B(CCCP(C2CCCCC2)C2CCCCC2)c2c(Cl)c(Cl)c(Cl)c(Cl)c2Cl)c(F)c1F,True,0.40476190476190477
template_augmentation,intramolecular_P_B_alkyl,P,cyclohexyl,cyclohexyl,pentafluorophenyl,pentachlorophenyl,C4,P(C1CCCCC1)(C1CCCCC1)CCCCB(c1c(F)c(F)c(F)c(F)c1F)(c1c(Cl)c(Cl)c(Cl)c(Cl)c1Cl),Fc1c(F)c(F)c(B(CCCCP(C2CCCCC2)C2CCCCC2)c2c(Cl)c(Cl)c(Cl)c(Cl)c2Cl)c(F)c1F,True,0.425531914893617
template_augmentation,intramolecular_P_B_alkyl,P,cyclohexyl,cyclohexyl,pentafluorophenyl,pentachlorophenyl,C5,P(C1CCCCC1)(C1CCCCC1)CCCCCB(c1c(F)c(F)c(F)c(F)c1F)(c1c(Cl)c(Cl)c(Cl)c(Cl)c1Cl),Fc1c(F)c(F)c(B(CCCCCP(C2CCCCC2)C2CCCCC2)c2c(Cl)c(Cl)c(Cl)c(Cl)c2Cl)c(F)c1F,True,0.4166666666666667
template_augmentation,intramolecular_P_B_alkyl,P,cyclohexyl,cyclohexyl,pentafluorophenyl,pentachlorophenyl,C6,P(C1CCCCC1)(C1CCCCC1)CCCCCCB(c1c(F)c(F)c(F)c(F)c1F)(c1c(Cl)c(Cl)c(Cl)c(Cl)c1Cl),Fc1c(F)c(F)c(B(CCCCCCP(C2CCCCC2)C2CCCCC2)c2c(Cl)c(Cl)c(Cl)c(Cl)c2Cl)c(F)c1F,True,0.4166666666666667
template_augmentation,intramolecular_P_B_alkyl,P,cyclohexyl,cyclohexyl,pentafluorophenyl,bis_cf3_phenyl,C1,P(C1CCCCC1)(C1CCCCC1)CB(c1c(F)c(F)c(F)c(F)c1F)(c1cc(C(F)(F)F)cc(C(F)(F)F)c1),Fc1c(F)c(F)c(B(CP(C2CCCCC2)C2CCCCC2)c2cc(C(F)(F)F)cc(C(F)(F)F)c2)c(F)c1F,True,0.41304347826086957
template_augmentation,intramolecular_P_B_alkyl,P,cyclohexyl,cyclohexyl,pentafluorophenyl,bis_cf3_phenyl,C2,P(C1CCCCC1)(C1CCCCC1)CCB(c1c(F)c(F)c(F)c(F)c1F)(c1cc(C(F)(F)F)cc(C(F)(F)F)c1),Fc1c(F)c(F)c(B(CCP(C2CCCCC2)C2CCCCC2)c2cc(C(F)(F)F)cc(C(F)(F)F)c2)c(F)c1F,True,0.3695652173913043
template_augmentation,intramolecular_P_B_alkyl,P,cyclohexyl,cyclohexyl,pentafluorophenyl,bis_cf3_phenyl,C3,P(C1CCCCC1)(C1CCCCC1)CCCB(c1c(F)c(F)c(F)c(F)c1F)(c1cc(C(F)(F)F)cc(C(F)(F)F)c1),Fc1c(F)c(F)c(B(CCCP(C2CCCCC2)C2CCCCC2)c2cc(C(F)(F)F)cc(C(F)(F)F)c2)c(F)c1F,True,0.3541666666666667
template_augmentation,intramolecular_P_B_alkyl,P,cyclohexyl,cyclohexyl,pentafluorophenyl,bis_cf3_phenyl,C4,P(C1CCCCC1)(C1CCCCC1)CCCCB(c1c(F)c(F)c(F)c(F)c1F)(c1cc(C(F)(F)F)cc(C(F)(F)F)c1),Fc1c(F)c(F)c(B(CCCCP(C2CCCCC2)C2CCCCC2)c2cc(C(F)(F)F)cc(C(F)(F)F)c2)c(F)c1F,True,0.38181818181818183
template_augmentation,intramolecular_P_B_alkyl,P,cyclohexyl,cyclohexyl,pentafluorophenyl,bis_cf3_phenyl,C5,P(C1CCCCC1)(C1CCCCC1)CCCCCB(c1c(F)c(F)c(F)c(F)c1F)(c1cc(C(F)(F)F)cc(C(F)(F)F)c1),Fc1c(F)c(F)c(B(CCCCCP(C2CCCCC2)C2CCCCC2)c2cc(C(F)(F)F)cc(C(F)(F)F)c2)c(F)c1F,True,0.375
template_augmentation,intramolecular_P_B_alkyl,P,cyclohexyl,cyclohexyl,pentafluorophenyl,bis_cf3_phenyl,C6,P(C1CCCCC1)(C1CCCCC1)CCCCCCB(c1c(F)c(F)c(F)c(F)c1F)(c1cc(C(F)(F)F)cc(C(F)(F)F)c1),Fc1c(F)c(F)c(B(CCCCCCP(C2CCCCC2)C2CCCCC2)c2cc(C(F)(F)F)cc(C(F)(F)F)c2)c(F)c1F,True,0.375
template_augmentation,intramolecular_P_B_alkyl,P,cyclohexyl,cyclohexyl,pentachlorophenyl,pentachlorophenyl,C1,P(C1CCCCC1)(C1CCCCC1)CB(c1c(Cl)c(Cl)c(Cl)c(Cl)c1Cl)(c1c(Cl)c(Cl)c(Cl)c(Cl)c1Cl),Clc1c(Cl)c(Cl)c(B(CP(C2CCCCC2)C2CCCCC2)c2c(Cl)c(Cl)c(Cl)c(Cl)c2Cl)c(Cl)c1Cl,True,0.53125
template_augmentation,intramolecular_P_B_alkyl,P,cyclohexyl,cyclohexyl,pentachlorophenyl,pentachlorophenyl,C2,P(C1CCCCC1)(C1CCCCC1)CCB(c1c(Cl)c(Cl)c(Cl)c(Cl)c1Cl)(c1c(Cl)c(Cl)c(Cl)c(Cl)c1Cl),Clc1c(Cl)c(Cl)c(B(CCP(C2CCCCC2)C2CCCCC2)c2c(Cl)c(Cl)c(Cl)c(Cl)c2Cl)c(Cl)c1Cl,True,0.5
template_augmentation,intramolecular_P_B_alkyl,P,cyclohexyl,cyclohexyl,pentachlorophenyl,pentachlorophenyl,C3,P(C1CCCCC1)(C1CCCCC1)CCCB(c1c(Cl)c(Cl)c(Cl)c(Cl)c1Cl)(c1c(Cl)c(Cl)c(Cl)c(Cl)c1Cl),Clc1c(Cl)c(Cl)c(B(CCCP(C2CCCCC2)C2CCCCC2)c2c(Cl)c(Cl)c(Cl)c(Cl)c2Cl)c(Cl)c1Cl,True,0.4722222222222222
template_augmentation,intramolecular_P_B_alkyl,P,cyclohexyl,cyclohexyl,pentachlorophenyl,pentachlorophenyl,C4,P(C1CCCCC1)(C1CCCCC1)CCCCB(c1c(Cl)c(Cl)c(Cl)c(Cl)c1Cl)(c1c(Cl)c(Cl)c(Cl)c(Cl)c1Cl),Clc1c(Cl)c(Cl)c(B(CCCCP(C2CCCCC2)C2CCCCC2)c2c(Cl)c(Cl)c(Cl)c(Cl)c2Cl)c(Cl)c1Cl,True,0.4634146341463415
template_augmentation,intramolecular_P_B_alkyl,P,cyclohexyl,cyclohexyl,pentachlorophenyl,pentachlorophenyl,C5,P(C1CCCCC1)(C1CCCCC1)CCCCCB(c1c(Cl)c(Cl)c(Cl)c(Cl)c1Cl)(c1c(Cl)c(Cl)c(Cl)c(Cl)c1Cl),Clc1c(Cl)c(Cl)c(B(CCCCCP(C2CCCCC2)C2CCCCC2)c2c(Cl)c(Cl)c(Cl)c(Cl)c2Cl)c(Cl)c1Cl,True,0.4523809523809524
template_augmentation,intramolecular_P_B_alkyl,P,cyclohexyl,cyclohexyl,pentachlorophenyl,pentachlorophenyl,C6,P(C1CCCCC1)(C1CCCCC1)CCCCCCB(c1c(Cl)c(Cl)c(Cl)c(Cl)c1Cl)(c1c(Cl)c(Cl)c(Cl)c(Cl)c1Cl),Clc1c(Cl)c(Cl)c(B(CCCCCCP(C2CCCCC2)C2CCCCC2)c2c(Cl)c(Cl)c(Cl)c(Cl)c2Cl)c(Cl)c1Cl,True,0.4523809523809524
template_augmentation,intramolecular_P_B_alkyl,P,cyclohexyl,cyclohexyl,pentachlorophenyl,bis_cf3_phenyl,C1,P(C1CCCCC1)(C1CCCCC1)CB(c1c(Cl)c(Cl)c(Cl)c(Cl)c1Cl)(c1cc(C(F)(F)F)cc(C(F)(F)F)c1),FC(F)(F)c1cc(B(CP(C2CCCCC2)C2CCCCC2)c2c(Cl)c(Cl)c(Cl)c(Cl)c2Cl)cc(C(F)(F)F)c1,True,0.40425531914893614
template_augmentation,intramolecular_P_B_alkyl,P,cyclohexyl,cyclohexyl,pentachlorophenyl,bis_cf3_phenyl,C2,P(C1CCCCC1)(C1CCCCC1)CCB(c1c(Cl)c(Cl)c(Cl)c(Cl)c1Cl)(c1cc(C(F)(F)F)cc(C(F)(F)F)c1),FC(F)(F)c1cc(B(CCP(C2CCCCC2)C2CCCCC2)c2c(Cl)c(Cl)c(Cl)c(Cl)c2Cl)cc(C(F)(F)F)c1,True,0.3617021276595745
template_augmentation,intramolecular_P_B_alkyl,P,cyclohexyl,cyclohexyl,pentachlorophenyl,bis_cf3_phenyl,C3,P(C1CCCCC1)(C1CCCCC1)CCCB(c1c(Cl)c(Cl)c(Cl)c(Cl)c1Cl)(c1cc(C(F)(F)F)cc(C(F)(F)F)c1),FC(F)(F)c1cc(B(CCCP(C2CCCCC2)C2CCCCC2)c2c(Cl)c(Cl)c(Cl)c(Cl)c2Cl)cc(C(F)(F)F)c1,True,0.3469387755102041
template_augmentation,intramolecular_P_B_alkyl,P,cyclohexyl,cyclohexyl,pentachlorophenyl,bis_cf3_phenyl,C4,P(C1CCCCC1)(C1CCCCC1)CCCCB(c1c(Cl)c(Cl)c(Cl)c(Cl)c1Cl)(c1cc(C(F)(F)F)cc(C(F)(F)F)c1),FC(F)(F)c1cc(B(CCCCP(C2CCCCC2)C2CCCCC2)c2c(Cl)c(Cl)c(Cl)c(Cl)c2Cl)cc(C(F)(F)F)c1,True,0.375
template_augmentation,intramolecular_P_B_alkyl,P,cyclohexyl,cyclohexyl,pentachlorophenyl,bis_cf3_phenyl,C5,P(C1CCCCC1)(C1CCCCC1)CCCCCB(c1c(Cl)c(Cl)c(Cl)c(Cl)c1Cl)(c1cc(C(F)(F)F)cc(C(F)(F)F)c1),FC(F)(F)c1cc(B(CCCCCP(C2CCCCC2)C2CCCCC2)c2c(Cl)c(Cl)c(Cl)c(Cl)c2Cl)cc(C(F)(F)F)c1,True,0.3684210526315789
template_augmentation,intramolecular_P_B_alkyl,P,cyclohexyl,cyclohexyl,pentachlorophenyl,bis_cf3_phenyl,C6,P(C1CCCCC1)(C1CCCCC1)CCCCCCB(c1c(Cl)c(Cl)c(Cl)c(Cl)c1Cl)(c1cc(C(F)(F)F)cc(C(F)(F)F)c1),FC(F)(F)c1cc(B(CCCCCCP(C2CCCCC2)C2CCCCC2)c2c(Cl)c(Cl)c(Cl)c(Cl)c2Cl)cc(C(F)(F)F)c1,True,0.3684210526315789
template_augmentation,intramolecular_P_B_alkyl,P,cyclohexyl,cyclohexyl,bis_cf3_phenyl,bis_cf3_phenyl,C1,P(C1CCCCC1)(C1CCCCC1)CB(c1cc(C(F)(F)F)cc(C(F)(F)F)c1)(c1cc(C(F)(F)F)cc(C(F)(F)F)c1),FC(F)(F)c1cc(B(CP(C2CCCCC2)C2CCCCC2)c2cc(C(F)(F)F)cc(C(F)(F)F)c2)cc(C(F)(F)F)c1,True,0.5128205128205128
template_augmentation,intramolecular_P_B_alkyl,P,cyclohexyl,cyclohexyl,bis_cf3_phenyl,bis_cf3_phenyl,C2,P(C1CCCCC1)(C1CCCCC1)CCB(c1cc(C(F)(F)F)cc(C(F)(F)F)c1)(c1cc(C(F)(F)F)cc(C(F)(F)F)c1),FC(F)(F)c1cc(B(CCP(C2CCCCC2)C2CCCCC2)c2cc(C(F)(F)F)cc(C(F)(F)F)c2)cc(C(F)(F)F)c1,True,0.4186046511627907
template_augmentation,intramolecular_P_B_alkyl,P,cyclohexyl,cyclohexyl,bis_cf3_phenyl,bis_cf3_phenyl,C3,P(C1CCCCC1)(C1CCCCC1)CCCB(c1cc(C(F)(F)F)cc(C(F)(F)F)c1)(c1cc(C(F)(F)F)cc(C(F)(F)F)c1),FC(F)(F)c1cc(B(CCCP(C2CCCCC2)C2CCCCC2)c2cc(C(F)(F)F)cc(C(F)(F)F)c2)cc(C(F)(F)F)c1,True,0.4
template_augmentation,intramolecular_P_B_alkyl,P,cyclohexyl,cyclohexyl,bis_cf3_phenyl,bis_cf3_phenyl,C4,P(C1CCCCC1)(C1CCCCC1)CCCCB(c1cc(C(F)(F)F)cc(C(F)(F)F)c1)(c1cc(C(F)(F)F)cc(C(F)(F)F)c1),FC(F)(F)c1cc(B(CCCCP(C2CCCCC2)C2CCCCC2)c2cc(C(F)(F)F)cc(C(F)(F)F)c2)cc(C(F)(F)F)c1,True,0.391304347826087
template_augmentation,intramolecular_P_B_alkyl,P,cyclohexyl,cyclohexyl,bis_cf3_phenyl,bis_cf3_phenyl,C5,P(C1CCCCC1)(C1CCCCC1)CCCCCB(c1cc(C(F)(F)F)cc(C(F)(F)F)c1)(c1cc(C(F)(F)F)cc(C(F)(F)F)c1),FC(F)(F)c1cc(B(CCCCCP(C2CCCCC2)C2CCCCC2)c2cc(C(F)(F)F)cc(C(F)(F)F)c2)cc(C(F)(F)F)c1,True,0.3829787234042553
template_augmentation,intramolecular_P_B_alkyl,P,cyclohexyl,cyclohexyl,bis_cf3_phenyl,bis_cf3_phenyl,C6,P(C1CCCCC1)(C1CCCCC1)CCCCCCB(c1cc(C(F)(F)F)cc(C(F)(F)F)c1)(c1cc(C(F)(F)F)cc(C(F)(F)F)c1),FC(F)(F)c1cc(B(CCCCCCP(C2CCCCC2)C2CCCCC2)c2cc(C(F)(F)F)cc(C(F)(F)F)c2)cc(C(F)(F)F)c1,True,0.3829787234042553
template_augmentation,intramolecular_P_B_alkyl,P,cyclohexyl,isopropyl,phenyl,phenyl,C1,P(C1CCCCC1)(C(C)C)CB(c1ccccc1)(c1ccccc1),CC(C)P(CB(c1ccccc1)c1ccccc1)C1CCCCC1,True,0.4186046511627907
template_augmentation,intramolecular_P_B_alkyl,P,cyclohexyl,isopropyl,phenyl,phenyl,C2,P(C1CCCCC1)(C(C)C)CCB(c1ccccc1)(c1ccccc1),CC(C)P(CCB(c1ccccc1)c1ccccc1)C1CCCCC1,True,0.391304347826087
template_augmentation,intramolecular_P_B_alkyl,P,cyclohexyl,isopropyl,phenyl,phenyl,C3,P(C1CCCCC1)(C(C)C)CCCB(c1ccccc1)(c1ccccc1),CC(C)P(CCCB(c1ccccc1)c1ccccc1)C1CCCCC1,True,0.375
template_augmentation,intramolecular_P_B_alkyl,P,cyclohexyl,isopropyl,phenyl,phenyl,C4,P(C1CCCCC1)(C(C)C)CCCCB(c1ccccc1)(c1ccccc1),CC(C)P(CCCCB(c1ccccc1)c1ccccc1)C1CCCCC1,True,0.3673469387755102
template_augmentation,intramolecular_P_B_alkyl,P,cyclohexyl,isopropyl,phenyl,phenyl,C5,P(C1CCCCC1)(C(C)C)CCCCCB(c1ccccc1)(c1ccccc1),CC(C)P(CCCCCB(c1ccccc1)c1ccccc1)C1CCCCC1,True,0.36
template_augmentation,intramolecular_P_B_alkyl,P,cyclohexyl,isopropyl,phenyl,phenyl,C6,P(C1CCCCC1)(C(C)C)CCCCCCB(c1ccccc1)(c1ccccc1),CC(C)P(CCCCCCB(c1ccccc1)c1ccccc1)C1CCCCC1,True,0.36
template_augmentation,intramolecular_P_B_alkyl,P,cyclohexyl,isopropyl,phenyl,p_tolyl,C1,P(C1CCCCC1)(C(C)C)CB(c1ccccc1)(c1ccc(C)cc1),Cc1ccc(B(CP(C(C)C)C2CCCCC2)c2ccccc2)cc1,True,0.375
template_augmentation,intramolecular_P_B_alkyl,P,cyclohexyl,isopropyl,phenyl,p_tolyl,C2,P(C1CCCCC1)(C(C)C)CCB(c1ccccc1)(c1ccc(C)cc1),Cc1ccc(B(CCP(C(C)C)C2CCCCC2)c2ccccc2)cc1,True,0.35294117647058826
template_augmentation,intramolecular_P_B_alkyl,P,cyclohexyl,isopropyl,phenyl,p_tolyl,C3,P(C1CCCCC1)(C(C)C)CCCB(c1ccccc1)(c1ccc(C)cc1),Cc1ccc(B(CCCP(C(C)C)C2CCCCC2)c2ccccc2)cc1,True,0.33962264150943394
template_augmentation,intramolecular_P_B_alkyl,P,cyclohexyl,isopropyl,phenyl,p_tolyl,C4,P(C1CCCCC1)(C(C)C)CCCCB(c1ccccc1)(c1ccc(C)cc1),Cc1ccc(B(CCCCP(C(C)C)C2CCCCC2)c2ccccc2)cc1,True,0.3333333333333333
template_augmentation,intramolecular_P_B_alkyl,P,cyclohexyl,isopropyl,phenyl,p_tolyl,C5,P(C1CCCCC1)(C(C)C)CCCCCB(c1ccccc1)(c1ccc(C)cc1),Cc1ccc(B(CCCCCP(C(C)C)C2CCCCC2)c2ccccc2)cc1,True,0.32727272727272727
template_augmentation,intramolecular_P_B_alkyl,P,cyclohexyl,isopropyl,phenyl,p_tolyl,C6,P(C1CCCCC1)(C(C)C)CCCCCCB(c1ccccc1)(c1ccc(C)cc1),Cc1ccc(B(CCCCCCP(C(C)C)C2CCCCC2)c2ccccc2)cc1,True,0.32727272727272727
template_augmentation,intramolecular_P_B_alkyl,P,cyclohexyl,isopropyl,phenyl,mesityl,C1,P(C1CCCCC1)(C(C)C)CB(c1ccccc1)(c1c(C)cc(C)cc1C),Cc1cc(C)c(B(CP(C(C)C)C2CCCCC2)c2ccccc2)c(C)c1,True,0.4528301886792453
template_augmentation,intramolecular_P_B_alkyl,P,cyclohexyl,isopropyl,phenyl,mesityl,C2,P(C1CCCCC1)(C(C)C)CCB(c1ccccc1)(c1c(C)cc(C)cc1C),Cc1cc(C)c(B(CCP(C(C)C)C2CCCCC2)c2ccccc2)c(C)c1,True,0.43636363636363634
template_augmentation,intramolecular_P_B_alkyl,P,cyclohexyl,isopropyl,phenyl,mesityl,C3,P(C1CCCCC1)(C(C)C)CCCB(c1ccccc1)(c1c(C)cc(C)cc1C),Cc1cc(C)c(B(CCCP(C(C)C)C2CCCCC2)c2ccccc2)c(C)c1,True,0.42105263157894735
template_augmentation,intramolecular_P_B_alkyl,P,cyclohexyl,isopropyl,phenyl,mesityl,C4,P(C1CCCCC1)(C(C)C)CCCCB(c1ccccc1)(c1c(C)cc(C)cc1C),Cc1cc(C)c(B(CCCCP(C(C)C)C2CCCCC2)c2ccccc2)c(C)c1,True,0.41379310344827586
template_augmentation,intramolecular_P_B_alkyl,P,cyclohexyl,isopropyl,phenyl,mesityl,C5,P(C1CCCCC1)(C(C)C)CCCCCB(c1ccccc1)(c1c(C)cc(C)cc1C),Cc1cc(C)c(B(CCCCCP(C(C)C)C2CCCCC2)c2ccccc2)c(C)c1,True,0.4067796610169492
template_augmentation,intramolecular_P_B_alkyl,P,cyclohexyl,isopropyl,phenyl,mesityl,C6,P(C1CCCCC1)(C(C)C)CCCCCCB(c1ccccc1)(c1c(C)cc(C)cc1C),Cc1cc(C)c(B(CCCCCCP(C(C)C)C2CCCCC2)c2ccccc2)c(C)c1,True,0.4067796610169492
template_augmentation,intramolecular_P_B_alkyl,P,cyclohexyl,isopropyl,phenyl,pentafluorophenyl,C1,P(C1CCCCC1)(C(C)C)CB(c1ccccc1)(c1c(F)c(F)c(F)c(F)c1F),CC(C)P(CB(c1ccccc1)c1c(F)c(F)c(F)c(F)c1F)C1CCCCC1,True,0.39215686274509803
template_augmentation,intramolecular_P_B_alkyl,P,cyclohexyl,isopropyl,phenyl,pentafluorophenyl,C2,P(C1CCCCC1)(C(C)C)CCB(c1ccccc1)(c1c(F)c(F)c(F)c(F)c1F),CC(C)P(CCB(c1ccccc1)c1c(F)c(F)c(F)c(F)c1F)C1CCCCC1,True,0.4166666666666667
template_augmentation,intramolecular_P_B_alkyl,P,cyclohexyl,isopropyl,phenyl,pentafluorophenyl,C3,P(C1CCCCC1)(C(C)C)CCCB(c1ccccc1)(c1c(F)c(F)c(F)c(F)c1F),CC(C)P(CCCB(c1ccccc1)c1c(F)c(F)c(F)c(F)c1F)C1CCCCC1,True,0.40384615384615385
template_augmentation,intramolecular_P_B_alkyl,P,cyclohexyl,isopropyl,phenyl,pentafluorophenyl,C4,P(C1CCCCC1)(C(C)C)CCCCB(c1ccccc1)(c1c(F)c(F)c(F)c(F)c1F),CC(C)P(CCCCB(c1ccccc1)c1c(F)c(F)c(F)c(F)c1F)C1CCCCC1,True,0.45098039215686275
template_augmentation,intramolecular_P_B_alkyl,P,cyclohexyl,isopropyl,phenyl,pentafluorophenyl,C5,P(C1CCCCC1)(C(C)C)CCCCCB(c1ccccc1)(c1c(F)c(F)c(F)c(F)c1F),CC(C)P(CCCCCB(c1ccccc1)c1c(F)c(F)c(F)c(F)c1F)C1CCCCC1,True,0.4423076923076923
template_augmentation,intramolecular_P_B_alkyl,P,cyclohexyl,isopropyl,phenyl,pentafluorophenyl,C6,P(C1CCCCC1)(C(C)C)CCCCCCB(c1ccccc1)(c1c(F)c(F)c(F)c(F)c1F),CC(C)P(CCCCCCB(c1ccccc1)c1c(F)c(F)c(F)c(F)c1F)C1CCCCC1,True,0.4423076923076923
template_augmentation,intramolecular_P_B_alkyl,P,cyclohexyl,isopropyl,phenyl,pentachlorophenyl,C1,P(C1CCCCC1)(C(C)C)CB(c1ccccc1)(c1c(Cl)c(Cl)c(Cl)c(Cl)c1Cl),CC(C)P(CB(c1ccccc1)c1c(Cl)c(Cl)c(Cl)c(Cl)c1Cl)C1CCCCC1,True,0.39215686274509803
template_augmentation,intramolecular_P_B_alkyl,P,cyclohexyl,isopropyl,phenyl,pentachlorophenyl,C2,P(C1CCCCC1)(C(C)C)CCB(c1ccccc1)(c1c(Cl)c(Cl)c(Cl)c(Cl)c1Cl),CC(C)P(CCB(c1ccccc1)c1c(Cl)c(Cl)c(Cl)c(Cl)c1Cl)C1CCCCC1,True,0.40425531914893614
template_augmentation,intramolecular_P_B_alkyl,P,cyclohexyl,isopropyl,phenyl,pentachlorophenyl,C3,P(C1CCCCC1)(C(C)C)CCCB(c1ccccc1)(c1c(Cl)c(Cl)c(Cl)c(Cl)c1Cl),CC(C)P(CCCB(c1ccccc1)c1c(Cl)c(Cl)c(Cl)c(Cl)c1Cl)C1CCCCC1,True,0.39215686274509803
template_augmentation,intramolecular_P_B_alkyl,P,cyclohexyl,isopropyl,phenyl,pentachlorophenyl,C4,P(C1CCCCC1)(C(C)C)CCCCB(c1ccccc1)(c1c(Cl)c(Cl)c(Cl)c(Cl)c1Cl),CC(C)P(CCCCB(c1ccccc1)c1c(Cl)c(Cl)c(Cl)c(Cl)c1Cl)C1CCCCC1,True,0.44
template_augmentation,intramolecular_P_B_alkyl,P,cyclohexyl,isopropyl,phenyl,pentachlorophenyl,C5,P(C1CCCCC1)(C(C)C)CCCCCB(c1ccccc1)(c1c(Cl)c(Cl)c(Cl)c(Cl)c1Cl),CC(C)P(CCCCCB(c1ccccc1)c1c(Cl)c(Cl)c(Cl)c(Cl)c1Cl)C1CCCCC1,True,0.43137254901960786
template_augmentation,intramolecular_P_B_alkyl,P,cyclohexyl,isopropyl,phenyl,pentachlorophenyl,C6,P(C1CCCCC1)(C(C)C)CCCCCCB(c1ccccc1)(c1c(Cl)c(Cl)c(Cl)c(Cl)c1Cl),CC(C)P(CCCCCCB(c1ccccc1)c1c(Cl)c(Cl)c(Cl)c(Cl)c1Cl)C1CCCCC1,True,0.43137254901960786
template_augmentation,intramolecular_P_B_alkyl,P,cyclohexyl,isopropyl,phenyl,bis_cf3_phenyl,C1,P(C1CCCCC1)(C(C)C)CB(c1ccccc1)(c1cc(C(F)(F)F)cc(C(F)(F)F)c1),CC(C)P(CB(c1ccccc1)c1cc(C(F)(F)F)cc(C(F)(F)F)c1)C1CCCCC1,True,0.4375
template_augmentation,intramolecular_P_B_alkyl,P,cyclohexyl,isopropyl,phenyl,bis_cf3_phenyl,C2,P(C1CCCCC1)(C(C)C)CCB(c1ccccc1)(c1cc(C(F)(F)F)cc(C(F)(F)F)c1),CC(C)P(CCB(c1ccccc1)c1cc(C(F)(F)F)cc(C(F)(F)F)c1)C1CCCCC1,True,0.38461538461538464
template_augmentation,intramolecular_P_B_alkyl,P,cyclohexyl,isopropyl,phenyl,bis_cf3_phenyl,C3,P(C1CCCCC1)(C(C)C)CCCB(c1ccccc1)(c1cc(C(F)(F)F)cc(C(F)(F)F)c1),CC(C)P(CCCB(c1ccccc1)c1cc(C(F)(F)F)cc(C(F)(F)F)c1)C1CCCCC1,True,0.37037037037037035
template_augmentation,intramolecular_P_B_alkyl,P,cyclohexyl,isopropyl,phenyl,bis_cf3_phenyl,C4,P(C1CCCCC1)(C(C)C)CCCCB(c1ccccc1)(c1cc(C(F)(F)F)cc(C(F)(F)F)c1),CC(C)P(CCCCB(c1ccccc1)c1cc(C(F)(F)F)cc(C(F)(F)F)c1)C1CCCCC1,True,0.36363636363636365
template_augmentation,intramolecular_P_B_alkyl,P,cyclohexyl,isopropyl,phenyl,bis_cf3_phenyl,C5,P(C1CCCCC1)(C(C)C)CCCCCB(c1ccccc1)(c1cc(C(F)(F)F)cc(C(F)(F)F)c1),CC(C)P(CCCCCB(c1ccccc1)c1cc(C(F)(F)F)cc(C(F)(F)F)c1)C1CCCCC1,True,0.35714285714285715
template_augmentation,intramolecular_P_B_alkyl,P,cyclohexyl,isopropyl,phenyl,bis_cf3_phenyl,C6,P(C1CCCCC1)(C(C)C)CCCCCCB(c1ccccc1)(c1cc(C(F)(F)F)cc(C(F)(F)F)c1),CC(C)P(CCCCCCB(c1ccccc1)c1cc(C(F)(F)F)cc(C(F)(F)F)c1)C1CCCCC1,True,0.35714285714285715
template_augmentation,intramolecular_P_B_alkyl,P,cyclohexyl,isopropyl,p_tolyl,p_tolyl,C1,P(C1CCCCC1)(C(C)C)CB(c1ccc(C)cc1)(c1ccc(C)cc1),Cc1ccc(B(CP(C(C)C)C2CCCCC2)c2ccc(C)cc2)cc1,True,0.3076923076923077
template_augmentation,intramolecular_P_B_alkyl,P,cyclohexyl,isopropyl,p_tolyl,p_tolyl,C2,P(C1CCCCC1)(C(C)C)CCB(c1ccc(C)cc1)(c1ccc(C)cc1),Cc1ccc(B(CCP(C(C)C)C2CCCCC2)c2ccc(C)cc2)cc1,True,0.2909090909090909
template_augmentation,intramolecular_P_B_alkyl,P,cyclohexyl,isopropyl,p_tolyl,p_tolyl,C3,P(C1CCCCC1)(C(C)C)CCCB(c1ccc(C)cc1)(c1ccc(C)cc1),Cc1ccc(B(CCCP(C(C)C)C2CCCCC2)c2ccc(C)cc2)cc1,True,0.2807017543859649
template_augmentation,intramolecular_P_B_alkyl,P,cyclohexyl,isopropyl,p_tolyl,p_tolyl,C4,P(C1CCCCC1)(C(C)C)CCCCB(c1ccc(C)cc1)(c1ccc(C)cc1),Cc1ccc(B(CCCCP(C(C)C)C2CCCCC2)c2ccc(C)cc2)cc1,True,0.2909090909090909
template_augmentation,intramolecular_P_B_alkyl,P,cyclohexyl,isopropyl,p_tolyl,p_tolyl,C5,P(C1CCCCC1)(C(C)C)CCCCCB(c1ccc(C)cc1)(c1ccc(C)cc1),Cc1ccc(B(CCCCCP(C(C)C)C2CCCCC2)c2ccc(C)cc2)cc1,True,0.2857142857142857
template_augmentation,intramolecular_P_B_alkyl,P,cyclohexyl,isopropyl,p_tolyl,p_tolyl,C6,P(C1CCCCC1)(C(C)C)CCCCCCB(c1ccc(C)cc1)(c1ccc(C)cc1),Cc1ccc(B(CCCCCCP(C(C)C)C2CCCCC2)c2ccc(C)cc2)cc1,True,0.2857142857142857
template_augmentation,intramolecular_P_B_alkyl,P,cyclohexyl,isopropyl,p_tolyl,mesityl,C1,P(C1CCCCC1)(C(C)C)CB(c1ccc(C)cc1)(c1c(C)cc(C)cc1C),Cc1ccc(B(CP(C(C)C)C2CCCCC2)c2c(C)cc(C)cc2C)cc1,True,0.4074074074074074
template_augmentation,intramolecular_P_B_alkyl,P,cyclohexyl,isopropyl,p_tolyl,mesityl,C2,P(C1CCCCC1)(C(C)C)CCB(c1ccc(C)cc1)(c1c(C)cc(C)cc1C),Cc1ccc(B(CCP(C(C)C)C2CCCCC2)c2c(C)cc(C)cc2C)cc1,True,0.39285714285714285
template_augmentation,intramolecular_P_B_alkyl,P,cyclohexyl,isopropyl,p_tolyl,mesityl,C3,P(C1CCCCC1)(C(C)C)CCCB(c1ccc(C)cc1)(c1c(C)cc(C)cc1C),Cc1ccc(B(CCCP(C(C)C)C2CCCCC2)c2c(C)cc(C)cc2C)cc1,True,0.3793103448275862
template_augmentation,intramolecular_P_B_alkyl,P,cyclohexyl,isopropyl,p_tolyl,mesityl,C4,P(C1CCCCC1)(C(C)C)CCCCB(c1ccc(C)cc1)(c1c(C)cc(C)cc1C),Cc1ccc(B(CCCCP(C(C)C)C2CCCCC2)c2c(C)cc(C)cc2C)cc1,True,0.3728813559322034
template_augmentation,intramolecular_P_B_alkyl,P,cyclohexyl,isopropyl,p_tolyl,mesityl,C5,P(C1CCCCC1)(C(C)C)CCCCCB(c1ccc(C)cc1)(c1c(C)cc(C)cc1C),Cc1ccc(B(CCCCCP(C(C)C)C2CCCCC2)c2c(C)cc(C)cc2C)cc1,True,0.36666666666666664
template_augmentation,intramolecular_P_B_alkyl,P,cyclohexyl,isopropyl,p_tolyl,mesityl,C6,P(C1CCCCC1)(C(C)C)CCCCCCB(c1ccc(C)cc1)(c1c(C)cc(C)cc1C),Cc1ccc(B(CCCCCCP(C(C)C)C2CCCCC2)c2c(C)cc(C)cc2C)cc1,True,0.36666666666666664
template_augmentation,intramolecular_P_B_alkyl,P,cyclohexyl,isopropyl,p_tolyl,pentafluorophenyl,C1,P(C1CCCCC1)(C(C)C)CB(c1ccc(C)cc1)(c1c(F)c(F)c(F)c(F)c1F),Cc1ccc(B(CP(C(C)C)C2CCCCC2)c2c(F)c(F)c(F)c(F)c2F)cc1,True,0.3695652173913043
template_augmentation,intramolecular_P_B_alkyl,P,cyclohexyl,isopropyl,p_tolyl,pentafluorophenyl,C2,P(C1CCCCC1)(C(C)C)CCB(c1ccc(C)cc1)(c1c(F)c(F)c(F)c(F)c1F),Cc1ccc(B(CCP(C(C)C)C2CCCCC2)c2c(F)c(F)c(F)c(F)c2F)cc1,True,0.38461538461538464
template_augmentation,intramolecular_P_B_alkyl,P,cyclohexyl,isopropyl,p_tolyl,pentafluorophenyl,C3,P(C1CCCCC1)(C(C)C)CCCB(c1ccc(C)cc1)(c1c(F)c(F)c(F)c(F)c1F),Cc1ccc(B(CCCP(C(C)C)C2CCCCC2)c2c(F)c(F)c(F)c(F)c2F)cc1,True,0.375
template_augmentation,intramolecular_P_B_alkyl,P,cyclohexyl,isopropyl,p_tolyl,pentafluorophenyl,C4,P(C1CCCCC1)(C(C)C)CCCCB(c1ccc(C)cc1)(c1c(F)c(F)c(F)c(F)c1F),Cc1ccc(B(CCCCP(C(C)C)C2CCCCC2)c2c(F)c(F)c(F)c(F)c2F)cc1,True,0.41818181818181815
template_augmentation,intramolecular_P_B_alkyl,P,cyclohexyl,isopropyl,p_tolyl,pentafluorophenyl,C5,P(C1CCCCC1)(C(C)C)CCCCCB(c1ccc(C)cc1)(c1c(F)c(F)c(F)c(F)c1F),Cc1ccc(B(CCCCCP(C(C)C)C2CCCCC2)c2c(F)c(F)c(F)c(F)c2F)cc1,True,0.4107142857142857
template_augmentation,intramolecular_P_B_alkyl,P,cyclohexyl,isopropyl,p_tolyl,pentafluorophenyl,C6,P(C1CCCCC1)(C(C)C)CCCCCCB(c1ccc(C)cc1)(c1c(F)c(F)c(F)c(F)c1F),Cc1ccc(B(CCCCCCP(C(C)C)C2CCCCC2)c2c(F)c(F)c(F)c(F)c2F)cc1,True,0.4107142857142857
template_augmentation,intramolecular_P_B_alkyl,P,cyclohexyl,isopropyl,p_tolyl,pentachlorophenyl,C1,P(C1CCCCC1)(C(C)C)CB(c1ccc(C)cc1)(c1c(Cl)c(Cl)c(Cl)c(Cl)c1Cl),Cc1ccc(B(CP(C(C)C)C2CCCCC2)c2c(Cl)c(Cl)c(Cl)c(Cl)c2Cl)cc1,True,0.3695652173913043
template_augmentation,intramolecular_P_B_alkyl,P,cyclohexyl,isopropyl,p_tolyl,pentachlorophenyl,C2,P(C1CCCCC1)(C(C)C)CCB(c1ccc(C)cc1)(c1c(Cl)c(Cl)c(Cl)c(Cl)c1Cl),Cc1ccc(B(CCP(C(C)C)C2CCCCC2)c2c(Cl)c(Cl)c(Cl)c(Cl)c2Cl)cc1,True,0.38461538461538464
template_augmentation,intramolecular_P_B_alkyl,P,cyclohexyl,isopropyl,p_tolyl,pentachlorophenyl,C3,P(C1CCCCC1)(C(C)C)CCCB(c1ccc(C)cc1)(c1c(Cl)c(Cl)c(Cl)c(Cl)c1Cl),Cc1ccc(B(CCCP(C(C)C)C2CCCCC2)c2c(Cl)c(Cl)c(Cl)c(Cl)c2Cl)cc1,True,0.375
template_augmentation,intramolecular_P_B_alkyl,P,cyclohexyl,isopropyl,p_tolyl,pentachlorophenyl,C4,P(C1CCCCC1)(C(C)C)CCCCB(c1ccc(C)cc1)(c1c(Cl)c(Cl)c(Cl)c(Cl)c1Cl),Cc1ccc(B(CCCCP(C(C)C)C2CCCCC2)c2c(Cl)c(Cl)c(Cl)c(Cl)c2Cl)cc1,True,0.41818181818181815
template_augmentation,intramolecular_P_B_alkyl,P,cyclohexyl,isopropyl,p_tolyl,pentachlorophenyl,C5,P(C1CCCCC1)(C(C)C)CCCCCB(c1ccc(C)cc1)(c1c(Cl)c(Cl)c(Cl)c(Cl)c1Cl),Cc1ccc(B(CCCCCP(C(C)C)C2CCCCC2)c2c(Cl)c(Cl)c(Cl)c(Cl)c2Cl)cc1,True,0.4107142857142857
template_augmentation,intramolecular_P_B_alkyl,P,cyclohexyl,isopropyl,p_tolyl,pentachlorophenyl,C6,P(C1CCCCC1)(C(C)C)CCCCCCB(c1ccc(C)cc1)(c1c(Cl)c(Cl)c(Cl)c(Cl)c1Cl),Cc1ccc(B(CCCCCCP(C(C)C)C2CCCCC2)c2c(Cl)c(Cl)c(Cl)c(Cl)c2Cl)cc1,True,0.4107142857142857
template_augmentation,intramolecular_P_B_alkyl,P,cyclohexyl,isopropyl,p_tolyl,bis_cf3_phenyl,C1,P(C1CCCCC1)(C(C)C)CB(c1ccc(C)cc1)(c1cc(C(F)(F)F)cc(C(F)(F)F)c1),Cc1ccc(B(CP(C(C)C)C2CCCCC2)c2cc(C(F)(F)F)cc(C(F)(F)F)c2)cc1,True,0.42857142857142855
template_augmentation,intramolecular_P_B_alkyl,P,cyclohexyl,isopropyl,p_tolyl,bis_cf3_phenyl,C2,P(C1CCCCC1)(C(C)C)CCB(c1ccc(C)cc1)(c1cc(C(F)(F)F)cc(C(F)(F)F)c1),Cc1ccc(B(CCP(C(C)C)C2CCCCC2)c2cc(C(F)(F)F)cc(C(F)(F)F)c2)cc1,True,0.37735849056603776
template_augmentation,intramolecular_P_B_alkyl,P,cyclohexyl,isopropyl,p_tolyl,bis_cf3_phenyl,C3,P(C1CCCCC1)(C(C)C)CCCB(c1ccc(C)cc1)(c1cc(C(F)(F)F)cc(C(F)(F)F)c1),Cc1ccc(B(CCCP(C(C)C)C2CCCCC2)c2cc(C(F)(F)F)cc(C(F)(F)F)c2)cc1,True,0.36363636363636365
template_augmentation,intramolecular_P_B_alkyl,P,cyclohexyl,isopropyl,p_tolyl,bis_cf3_phenyl,C4,P(C1CCCCC1)(C(C)C)CCCCB(c1ccc(C)cc1)(c1cc(C(F)(F)F)cc(C(F)(F)F)c1),Cc1ccc(B(CCCCP(C(C)C)C2CCCCC2)c2cc(C(F)(F)F)cc(C(F)(F)F)c2)cc1,True,0.35714285714285715
template_augmentation,intramolecular_P_B_alkyl,P,cyclohexyl,isopropyl,p_tolyl,bis_cf3_phenyl,C5,P(C1CCCCC1)(C(C)C)CCCCCB(c1ccc(C)cc1)(c1cc(C(F)(F)F)cc(C(F)(F)F)c1),Cc1ccc(B(CCCCCP(C(C)C)C2CCCCC2)c2cc(C(F)(F)F)cc(C(F)(F)F)c2)cc1,True,0.3508771929824561
template_augmentation,intramolecular_P_B_alkyl,P,cyclohexyl,isopropyl,p_tolyl,bis_cf3_phenyl,C6,P(C1CCCCC1)(C(C)C)CCCCCCB(c1ccc(C)cc1)(c1cc(C(F)(F)F)cc(C(F)(F)F)c1),Cc1ccc(B(CCCCCCP(C(C)C)C2CCCCC2)c2cc(C(F)(F)F)cc(C(F)(F)F)c2)cc1,True,0.3508771929824561
template_augmentation,intramolecular_P_B_alkyl,P,cyclohexyl,isopropyl,mesityl,mesityl,C1,P(C1CCCCC1)(C(C)C)CB(c1c(C)cc(C)cc1C)(c1c(C)cc(C)cc1C),Cc1cc(C)c(B(CP(C(C)C)C2CCCCC2)c2c(C)cc(C)cc2C)c(C)c1,True,0.42857142857142855
template_augmentation,intramolecular_P_B_alkyl,P,cyclohexyl,isopropyl,mesityl,mesityl,C2,P(C1CCCCC1)(C(C)C)CCB(c1c(C)cc(C)cc1C)(c1c(C)cc(C)cc1C),Cc1cc(C)c(B(CCP(C(C)C)C2CCCCC2)c2c(C)cc(C)cc2C)c(C)c1,True,0.4117647058823529
template_augmentation,intramolecular_P_B_alkyl,P,cyclohexyl,isopropyl,mesityl,mesityl,C3,P(C1CCCCC1)(C(C)C)CCCB(c1c(C)cc(C)cc1C)(c1c(C)cc(C)cc1C),Cc1cc(C)c(B(CCCP(C(C)C)C2CCCCC2)c2c(C)cc(C)cc2C)c(C)c1,True,0.39622641509433965
template_augmentation,intramolecular_P_B_alkyl,P,cyclohexyl,isopropyl,mesityl,mesityl,C4,P(C1CCCCC1)(C(C)C)CCCCB(c1c(C)cc(C)cc1C)(c1c(C)cc(C)cc1C),Cc1cc(C)c(B(CCCCP(C(C)C)C2CCCCC2)c2c(C)cc(C)cc2C)c(C)c1,True,0.4117647058823529
template_augmentation,intramolecular_P_B_alkyl,P,cyclohexyl,isopropyl,mesityl,mesityl,C5,P(C1CCCCC1)(C(C)C)CCCCCB(c1c(C)cc(C)cc1C)(c1c(C)cc(C)cc1C),Cc1cc(C)c(B(CCCCCP(C(C)C)C2CCCCC2)c2c(C)cc(C)cc2C)c(C)c1,True,0.40384615384615385
template_augmentation,intramolecular_P_B_alkyl,P,cyclohexyl,isopropyl,mesityl,mesityl,C6,P(C1CCCCC1)(C(C)C)CCCCCCB(c1c(C)cc(C)cc1C)(c1c(C)cc(C)cc1C),Cc1cc(C)c(B(CCCCCCP(C(C)C)C2CCCCC2)c2c(C)cc(C)cc2C)c(C)c1,True,0.40384615384615385
template_augmentation,intramolecular_P_B_alkyl,P,cyclohexyl,isopropyl,mesityl,pentafluorophenyl,C1,P(C1CCCCC1)(C(C)C)CB(c1c(C)cc(C)cc1C)(c1c(F)c(F)c(F)c(F)c1F),Cc1cc(C)c(B(CP(C(C)C)C2CCCCC2)c2c(F)c(F)c(F)c(F)c2F)c(C)c1,True,0.42592592592592593
template_augmentation,intramolecular_P_B_alkyl,P,cyclohexyl,isopropyl,mesityl,pentafluorophenyl,C2,P(C1CCCCC1)(C(C)C)CCB(c1c(C)cc(C)cc1C)(c1c(F)c(F)c(F)c(F)c1F),Cc1cc(C)c(B(CCP(C(C)C)C2CCCCC2)c2c(F)c(F)c(F)c(F)c2F)c(C)c1,True,0.5
template_augmentation,intramolecular_P_B_alkyl,P,cyclohexyl,isopropyl,mesityl,pentafluorophenyl,C3,P(C1CCCCC1)(C(C)C)CCCB(c1c(C)cc(C)cc1C)(c1c(F)c(F)c(F)c(F)c1F),Cc1cc(C)c(B(CCCP(C(C)C)C2CCCCC2)c2c(F)c(F)c(F)c(F)c2F)c(C)c1,True,0.4807692307692308
template_augmentation,intramolecular_P_B_alkyl,P,cyclohexyl,isopropyl,mesityl,pentafluorophenyl,C4,P(C1CCCCC1)(C(C)C)CCCCB(c1c(C)cc(C)cc1C)(c1c(F)c(F)c(F)c(F)c1F),Cc1cc(C)c(B(CCCCP(C(C)C)C2CCCCC2)c2c(F)c(F)c(F)c(F)c2F)c(C)c1,True,0.5294117647058824
template_augmentation,intramolecular_P_B_alkyl,P,cyclohexyl,isopropyl,mesityl,pentafluorophenyl,C5,P(C1CCCCC1)(C(C)C)CCCCCB(c1c(C)cc(C)cc1C)(c1c(F)c(F)c(F)c(F)c1F),Cc1cc(C)c(B(CCCCCP(C(C)C)C2CCCCC2)c2c(F)c(F)c(F)c(F)c2F)c(C)c1,True,0.5192307692307693
template_augmentation,intramolecular_P_B_alkyl,P,cyclohexyl,isopropyl,mesityl,pentafluorophenyl,C6,P(C1CCCCC1)(C(C)C)CCCCCCB(c1c(C)cc(C)cc1C)(c1c(F)c(F)c(F)c(F)c1F),Cc1cc(C)c(B(CCCCCCP(C(C)C)C2CCCCC2)c2c(F)c(F)c(F)c(F)c2F)c(C)c1,True,0.5192307692307693
template_augmentation,intramolecular_P_B_alkyl,P,cyclohexyl,isopropyl,mesityl,pentachlorophenyl,C1,P(C1CCCCC1)(C(C)C)CB(c1c(C)cc(C)cc1C)(c1c(Cl)c(Cl)c(Cl)c(Cl)c1Cl),Cc1cc(C)c(B(CP(C(C)C)C2CCCCC2)c2c(Cl)c(Cl)c(Cl)c(Cl)c2Cl)c(C)c1,True,0.4339622641509434
template_augmentation,intramolecular_P_B_alkyl,P,cyclohexyl,isopropyl,mesityl,pentachlorophenyl,C2,P(C1CCCCC1)(C(C)C)CCB(c1c(C)cc(C)cc1C)(c1c(Cl)c(Cl)c(Cl)c(Cl)c1Cl),Cc1cc(C)c(B(CCP(C(C)C)C2CCCCC2)c2c(Cl)c(Cl)c(Cl)c(Cl)c2Cl)c(C)c1,True,0.5
template_augmentation,intramolecular_P_B_alkyl,P,cyclohexyl,isopropyl,mesityl,pentachlorophenyl,C3,P(C1CCCCC1)(C(C)C)CCCB(c1c(C)cc(C)cc1C)(c1c(Cl)c(Cl)c(Cl)c(Cl)c1Cl),Cc1cc(C)c(B(CCCP(C(C)C)C2CCCCC2)c2c(Cl)c(Cl)c(Cl)c(Cl)c2Cl)c(C)c1,True,0.4807692307692308
template_augmentation,intramolecular_P_B_alkyl,P,cyclohexyl,isopropyl,mesityl,pentachlorophenyl,C4,P(C1CCCCC1)(C(C)C)CCCCB(c1c(C)cc(C)cc1C)(c1c(Cl)c(Cl)c(Cl)c(Cl)c1Cl),Cc1cc(C)c(B(CCCCP(C(C)C)C2CCCCC2)c2c(Cl)c(Cl)c(Cl)c(Cl)c2Cl)c(C)c1,True,0.5294117647058824
template_augmentation,intramolecular_P_B_alkyl,P,cyclohexyl,isopropyl,mesityl,pentachlorophenyl,C5,P(C1CCCCC1)(C(C)C)CCCCCB(c1c(C)cc(C)cc1C)(c1c(Cl)c(Cl)c(Cl)c(Cl)c1Cl),Cc1cc(C)c(B(CCCCCP(C(C)C)C2CCCCC2)c2c(Cl)c(Cl)c(Cl)c(Cl)c2Cl)c(C)c1,True,0.5192307692307693
template_augmentation,intramolecular_P_B_alkyl,P,cyclohexyl,isopropyl,mesityl,pentachlorophenyl,C6,P(C1CCCCC1)(C(C)C)CCCCCCB(c1c(C)cc(C)cc1C)(c1c(Cl)c(Cl)c(Cl)c(Cl)c1Cl),Cc1cc(C)c(B(CCCCCCP(C(C)C)C2CCCCC2)c2c(Cl)c(Cl)c(Cl)c(Cl)c2Cl)c(C)c1,True,0.5192307692307693
template_augmentation,intramolecular_P_B_alkyl,P,cyclohexyl,isopropyl,mesityl,bis_cf3_phenyl,C1,P(C1CCCCC1)(C(C)C)CB(c1c(C)cc(C)cc1C)(c1cc(C(F)(F)F)cc(C(F)(F)F)c1),Cc1cc(C)c(B(CP(C(C)C)C2CCCCC2)c2cc(C(F)(F)F)cc(C(F)(F)F)c2)c(C)c1,True,0.4117647058823529
template_augmentation,intramolecular_P_B_alkyl,P,cyclohexyl,isopropyl,mesityl,bis_cf3_phenyl,C2,P(C1CCCCC1)(C(C)C)CCB(c1c(C)cc(C)cc1C)(c1cc(C(F)(F)F)cc(C(F)(F)F)c1),Cc1cc(C)c(B(CCP(C(C)C)C2CCCCC2)c2cc(C(F)(F)F)cc(C(F)(F)F)c2)c(C)c1,True,0.37037037037037035
template_augmentation,intramolecular_P_B_alkyl,P,cyclohexyl,isopropyl,mesityl,bis_cf3_phenyl,C3,P(C1CCCCC1)(C(C)C)CCCB(c1c(C)cc(C)cc1C)(c1cc(C(F)(F)F)cc(C(F)(F)F)c1),Cc1cc(C)c(B(CCCP(C(C)C)C2CCCCC2)c2cc(C(F)(F)F)cc(C(F)(F)F)c2)c(C)c1,True,0.35714285714285715
template_augmentation,intramolecular_P_B_alkyl,P,cyclohexyl,isopropyl,mesityl,bis_cf3_phenyl,C4,P(C1CCCCC1)(C(C)C)CCCCB(c1c(C)cc(C)cc1C)(c1cc(C(F)(F)F)cc(C(F)(F)F)c1),Cc1cc(C)c(B(CCCCP(C(C)C)C2CCCCC2)c2cc(C(F)(F)F)cc(C(F)(F)F)c2)c(C)c1,True,0.36065573770491804
template_augmentation,intramolecular_P_B_alkyl,P,cyclohexyl,isopropyl,mesityl,bis_cf3_phenyl,C5,P(C1CCCCC1)(C(C)C)CCCCCB(c1c(C)cc(C)cc1C)(c1cc(C(F)(F)F)cc(C(F)(F)F)c1),Cc1cc(C)c(B(CCCCCP(C(C)C)C2CCCCC2)c2cc(C(F)(F)F)cc(C(F)(F)F)c2)c(C)c1,True,0.3548387096774194
template_augmentation,intramolecular_P_B_alkyl,P,cyclohexyl,isopropyl,mesityl,bis_cf3_phenyl,C6,P(C1CCCCC1)(C(C)C)CCCCCCB(c1c(C)cc(C)cc1C)(c1cc(C(F)(F)F)cc(C(F)(F)F)c1),Cc1cc(C)c(B(CCCCCCP(C(C)C)C2CCCCC2)c2cc(C(F)(F)F)cc(C(F)(F)F)c2)c(C)c1,True,0.3548387096774194
template_augmentation,intramolecular_P_B_alkyl,P,cyclohexyl,isopropyl,pentafluorophenyl,pentafluorophenyl,C1,P(C1CCCCC1)(C(C)C)CB(c1c(F)c(F)c(F)c(F)c1F)(c1c(F)c(F)c(F)c(F)c1F),CC(C)P(CB(c1c(F)c(F)c(F)c(F)c1F)c1c(F)c(F)c(F)c(F)c1F)C1CCCCC1,True,0.4594594594594595
template_augmentation,intramolecular_P_B_alkyl,P,cyclohexyl,isopropyl,pentafluorophenyl,pentafluorophenyl,C2,P(C1CCCCC1)(C(C)C)CCB(c1c(F)c(F)c(F)c(F)c1F)(c1c(F)c(F)c(F)c(F)c1F),CC(C)P(CCB(c1c(F)c(F)c(F)c(F)c1F)c1c(F)c(F)c(F)c(F)c1F)C1CCCCC1,True,0.4444444444444444
template_augmentation,intramolecular_P_B_alkyl,P,cyclohexyl,isopropyl,pentafluorophenyl,pentafluorophenyl,C3,P(C1CCCCC1)(C(C)C)CCCB(c1c(F)c(F)c(F)c(F)c1F)(c1c(F)c(F)c(F)c(F)c1F),CC(C)P(CCCB(c1c(F)c(F)c(F)c(F)c1F)c1c(F)c(F)c(F)c(F)c1F)C1CCCCC1,True,0.43478260869565216
template_augmentation,intramolecular_P_B_alkyl,P,cyclohexyl,isopropyl,pentafluorophenyl,pentafluorophenyl,C4,P(C1CCCCC1)(C(C)C)CCCCB(c1c(F)c(F)c(F)c(F)c1F)(c1c(F)c(F)c(F)c(F)c1F),CC(C)P(CCCCB(c1c(F)c(F)c(F)c(F)c1F)c1c(F)c(F)c(F)c(F)c1F)C1CCCCC1,True,0.425531914893617
template_augmentation,intramolecular_P_B_alkyl,P,cyclohexyl,isopropyl,pentafluorophenyl,pentafluorophenyl,C5,P(C1CCCCC1)(C(C)C)CCCCCB(c1c(F)c(F)c(F)c(F)c1F)(c1c(F)c(F)c(F)c(F)c1F),CC(C)P(CCCCCB(c1c(F)c(F)c(F)c(F)c1F)c1c(F)c(F)c(F)c(F)c1F)C1CCCCC1,True,0.4166666666666667
template_augmentation,intramolecular_P_B_alkyl,P,cyclohexyl,isopropyl,pentafluorophenyl,pentafluorophenyl,C6,P(C1CCCCC1)(C(C)C)CCCCCCB(c1c(F)c(F)c(F)c(F)c1F)(c1c(F)c(F)c(F)c(F)c1F),CC(C)P(CCCCCCB(c1c(F)c(F)c(F)c(F)c1F)c1c(F)c(F)c(F)c(F)c1F)C1CCCCC1,True,0.4166666666666667
template_augmentation,intramolecular_P_B_alkyl,P,cyclohexyl,isopropyl,pentafluorophenyl,pentachlorophenyl,C1,P(C1CCCCC1)(C(C)C)CB(c1c(F)c(F)c(F)c(F)c1F)(c1c(Cl)c(Cl)c(Cl)c(Cl)c1Cl),CC(C)P(CB(c1c(F)c(F)c(F)c(F)c1F)c1c(Cl)c(Cl)c(Cl)c(Cl)c1Cl)C1CCCCC1,True,0.3953488372093023
template_augmentation,intramolecular_P_B_alkyl,P,cyclohexyl,isopropyl,pentafluorophenyl,pentachlorophenyl,C2,P(C1CCCCC1)(C(C)C)CCB(c1c(F)c(F)c(F)c(F)c1F)(c1c(Cl)c(Cl)c(Cl)c(Cl)c1Cl),CC(C)P(CCB(c1c(F)c(F)c(F)c(F)c1F)c1c(Cl)c(Cl)c(Cl)c(Cl)c1Cl)C1CCCCC1,True,0.39215686274509803
template_augmentation,intramolecular_P_B_alkyl,P,cyclohexyl,isopropyl,pentafluorophenyl,pentachlorophenyl,C3,P(C1CCCCC1)(C(C)C)CCCB(c1c(F)c(F)c(F)c(F)c1F)(c1c(Cl)c(Cl)c(Cl)c(Cl)c1Cl),CC(C)P(CCCB(c1c(F)c(F)c(F)c(F)c1F)c1c(Cl)c(Cl)c(Cl)c(Cl)c1Cl)C1CCCCC1,True,0.38461538461538464
template_augmentation,intramolecular_P_B_alkyl,P,cyclohexyl,isopropyl,pentafluorophenyl,pentachlorophenyl,C4,P(C1CCCCC1)(C(C)C)CCCCB(c1c(F)c(F)c(F)c(F)c1F)(c1c(Cl)c(Cl)c(Cl)c(Cl)c1Cl),CC(C)P(CCCCB(c1c(F)c(F)c(F)c(F)c1F)c1c(Cl)c(Cl)c(Cl)c(Cl)c1Cl)C1CCCCC1,True,0.38461538461538464
template_augmentation,intramolecular_P_B_alkyl,P,cyclohexyl,isopropyl,pentafluorophenyl,pentachlorophenyl,C5,P(C1CCCCC1)(C(C)C)CCCCCB(c1c(F)c(F)c(F)c(F)c1F)(c1c(Cl)c(Cl)c(Cl)c(Cl)c1Cl),CC(C)P(CCCCCB(c1c(F)c(F)c(F)c(F)c1F)c1c(Cl)c(Cl)c(Cl)c(Cl)c1Cl)C1CCCCC1,True,0.37735849056603776
template_augmentation,intramolecular_P_B_alkyl,P,cyclohexyl,isopropyl,pentafluorophenyl,pentachlorophenyl,C6,P(C1CCCCC1)(C(C)C)CCCCCCB(c1c(F)c(F)c(F)c(F)c1F)(c1c(Cl)c(Cl)c(Cl)c(Cl)c1Cl),CC(C)P(CCCCCCB(c1c(F)c(F)c(F)c(F)c1F)c1c(Cl)c(Cl)c(Cl)c(Cl)c1Cl)C1CCCCC1,True,0.37735849056603776
template_augmentation,intramolecular_P_B_alkyl,P,cyclohexyl,isopropyl,pentafluorophenyl,bis_cf3_phenyl,C1,P(C1CCCCC1)(C(C)C)CB(c1c(F)c(F)c(F)c(F)c1F)(c1cc(C(F)(F)F)cc(C(F)(F)F)c1),CC(C)P(CB(c1cc(C(F)(F)F)cc(C(F)(F)F)c1)c1c(F)c(F)c(F)c(F)c1F)C1CCCCC1,True,0.42857142857142855
template_augmentation,intramolecular_P_B_alkyl,P,cyclohexyl,isopropyl,pentafluorophenyl,bis_cf3_phenyl,C2,P(C1CCCCC1)(C(C)C)CCB(c1c(F)c(F)c(F)c(F)c1F)(c1cc(C(F)(F)F)cc(C(F)(F)F)c1),CC(C)P(CCB(c1cc(C(F)(F)F)cc(C(F)(F)F)c1)c1c(F)c(F)c(F)c(F)c1F)C1CCCCC1,True,0.38461538461538464
template_augmentation,intramolecular_P_B_alkyl,P,cyclohexyl,isopropyl,pentafluorophenyl,bis_cf3_phenyl,C3,P(C1CCCCC1)(C(C)C)CCCB(c1c(F)c(F)c(F)c(F)c1F)(c1cc(C(F)(F)F)cc(C(F)(F)F)c1),CC(C)P(CCCB(c1cc(C(F)(F)F)cc(C(F)(F)F)c1)c1c(F)c(F)c(F)c(F)c1F)C1CCCCC1,True,0.37037037037037035
template_augmentation,intramolecular_P_B_alkyl,P,cyclohexyl,isopropyl,pentafluorophenyl,bis_cf3_phenyl,C4,P(C1CCCCC1)(C(C)C)CCCCB(c1c(F)c(F)c(F)c(F)c1F)(c1cc(C(F)(F)F)cc(C(F)(F)F)c1),CC(C)P(CCCCB(c1cc(C(F)(F)F)cc(C(F)(F)F)c1)c1c(F)c(F)c(F)c(F)c1F)C1CCCCC1,True,0.3728813559322034
template_augmentation,intramolecular_P_B_alkyl,P,cyclohexyl,isopropyl,pentafluorophenyl,bis_cf3_phenyl,C5,P(C1CCCCC1)(C(C)C)CCCCCB(c1c(F)c(F)c(F)c(F)c1F)(c1cc(C(F)(F)F)cc(C(F)(F)F)c1),CC(C)P(CCCCCB(c1cc(C(F)(F)F)cc(C(F)(F)F)c1)c1c(F)c(F)c(F)c(F)c1F)C1CCCCC1,True,0.36666666666666664
template_augmentation,intramolecular_P_B_alkyl,P,cyclohexyl,isopropyl,pentafluorophenyl,bis_cf3_phenyl,C6,P(C1CCCCC1)(C(C)C)CCCCCCB(c1c(F)c(F)c(F)c(F)c1F)(c1cc(C(F)(F)F)cc(C(F)(F)F)c1),CC(C)P(CCCCCCB(c1cc(C(F)(F)F)cc(C(F)(F)F)c1)c1c(F)c(F)c(F)c(F)c1F)C1CCCCC1,True,0.36666666666666664
template_augmentation,intramolecular_P_B_alkyl,P,cyclohexyl,isopropyl,pentachlorophenyl,pentachlorophenyl,C1,P(C1CCCCC1)(C(C)C)CB(c1c(Cl)c(Cl)c(Cl)c(Cl)c1Cl)(c1c(Cl)c(Cl)c(Cl)c(Cl)c1Cl),CC(C)P(CB(c1c(Cl)c(Cl)c(Cl)c(Cl)c1Cl)c1c(Cl)c(Cl)c(Cl)c(Cl)c1Cl)C1CCCCC1,True,0.4594594594594595
template_augmentation,intramolecular_P_B_alkyl,P,cyclohexyl,isopropyl,pentachlorophenyl,pentachlorophenyl,C2,P(C1CCCCC1)(C(C)C)CCB(c1c(Cl)c(Cl)c(Cl)c(Cl)c1Cl)(c1c(Cl)c(Cl)c(Cl)c(Cl)c1Cl),CC(C)P(CCB(c1c(Cl)c(Cl)c(Cl)c(Cl)c1Cl)c1c(Cl)c(Cl)c(Cl)c(Cl)c1Cl)C1CCCCC1,True,0.4444444444444444
template_augmentation,intramolecular_P_B_alkyl,P,cyclohexyl,isopropyl,pentachlorophenyl,pentachlorophenyl,C3,P(C1CCCCC1)(C(C)C)CCCB(c1c(Cl)c(Cl)c(Cl)c(Cl)c1Cl)(c1c(Cl)c(Cl)c(Cl)c(Cl)c1Cl),CC(C)P(CCCB(c1c(Cl)c(Cl)c(Cl)c(Cl)c1Cl)c1c(Cl)c(Cl)c(Cl)c(Cl)c1Cl)C1CCCCC1,True,0.43478260869565216
template_augmentation,intramolecular_P_B_alkyl,P,cyclohexyl,isopropyl,pentachlorophenyl,pentachlorophenyl,C4,P(C1CCCCC1)(C(C)C)CCCCB(c1c(Cl)c(Cl)c(Cl)c(Cl)c1Cl)(c1c(Cl)c(Cl)c(Cl)c(Cl)c1Cl),CC(C)P(CCCCB(c1c(Cl)c(Cl)c(Cl)c(Cl)c1Cl)c1c(Cl)c(Cl)c(Cl)c(Cl)c1Cl)C1CCCCC1,True,0.425531914893617
template_augmentation,intramolecular_P_B_alkyl,P,cyclohexyl,isopropyl,pentachlorophenyl,pentachlorophenyl,C5,P(C1CCCCC1)(C(C)C)CCCCCB(c1c(Cl)c(Cl)c(Cl)c(Cl)c1Cl)(c1c(Cl)c(Cl)c(Cl)c(Cl)c1Cl),CC(C)P(CCCCCB(c1c(Cl)c(Cl)c(Cl)c(Cl)c1Cl)c1c(Cl)c(Cl)c(Cl)c(Cl)c1Cl)C1CCCCC1,True,0.4166666666666667
template_augmentation,intramolecular_P_B_alkyl,P,cyclohexyl,isopropyl,pentachlorophenyl,pentachlorophenyl,C6,P(C1CCCCC1)(C(C)C)CCCCCCB(c1c(Cl)c(Cl)c(Cl)c(Cl)c1Cl)(c1c(Cl)c(Cl)c(Cl)c(Cl)c1Cl),CC(C)P(CCCCCCB(c1c(Cl)c(Cl)c(Cl)c(Cl)c1Cl)c1c(Cl)c(Cl)c(Cl)c(Cl)c1Cl)C1CCCCC1,True,0.4166666666666667
template_augmentation,intramolecular_P_B_alkyl,P,cyclohexyl,isopropyl,pentachlorophenyl,bis_cf3_phenyl,C1,P(C1CCCCC1)(C(C)C)CB(c1c(Cl)c(Cl)c(Cl)c(Cl)c1Cl)(c1cc(C(F)(F)F)cc(C(F)(F)F)c1),CC(C)P(CB(c1cc(C(F)(F)F)cc(C(F)(F)F)c1)c1c(Cl)c(Cl)c(Cl)c(Cl)c1Cl)C1CCCCC1,True,0.42
template_augmentation,intramolecular_P_B_alkyl,P,cyclohexyl,isopropyl,pentachlorophenyl,bis_cf3_phenyl,C2,P(C1CCCCC1)(C(C)C)CCB(c1c(Cl)c(Cl)c(Cl)c(Cl)c1Cl)(c1cc(C(F)(F)F)cc(C(F)(F)F)c1),CC(C)P(CCB(c1cc(C(F)(F)F)cc(C(F)(F)F)c1)c1c(Cl)c(Cl)c(Cl)c(Cl)c1Cl)C1CCCCC1,True,0.37735849056603776
template_augmentation,intramolecular_P_B_alkyl,P,cyclohexyl,isopropyl,pentachlorophenyl,bis_cf3_phenyl,C3,P(C1CCCCC1)(C(C)C)CCCB(c1c(Cl)c(Cl)c(Cl)c(Cl)c1Cl)(c1cc(C(F)(F)F)cc(C(F)(F)F)c1),CC(C)P(CCCB(c1cc(C(F)(F)F)cc(C(F)(F)F)c1)c1c(Cl)c(Cl)c(Cl)c(Cl)c1Cl)C1CCCCC1,True,0.36363636363636365
template_augmentation,intramolecular_P_B_alkyl,P,cyclohexyl,isopropyl,pentachlorophenyl,bis_cf3_phenyl,C4,P(C1CCCCC1)(C(C)C)CCCCB(c1c(Cl)c(Cl)c(Cl)c(Cl)c1Cl)(c1cc(C(F)(F)F)cc(C(F)(F)F)c1),CC(C)P(CCCCB(c1cc(C(F)(F)F)cc(C(F)(F)F)c1)c1c(Cl)c(Cl)c(Cl)c(Cl)c1Cl)C1CCCCC1,True,0.36666666666666664
template_augmentation,intramolecular_P_B_alkyl,P,cyclohexyl,isopropyl,pentachlorophenyl,bis_cf3_phenyl,C5,P(C1CCCCC1)(C(C)C)CCCCCB(c1c(Cl)c(Cl)c(Cl)c(Cl)c1Cl)(c1cc(C(F)(F)F)cc(C(F)(F)F)c1),CC(C)P(CCCCCB(c1cc(C(F)(F)F)cc(C(F)(F)F)c1)c1c(Cl)c(Cl)c(Cl)c(Cl)c1Cl)C1CCCCC1,True,0.36065573770491804
template_augmentation,intramolecular_P_B_alkyl,P,cyclohexyl,isopropyl,pentachlorophenyl,bis_cf3_phenyl,C6,P(C1CCCCC1)(C(C)C)CCCCCCB(c1c(Cl)c(Cl)c(Cl)c(Cl)c1Cl)(c1cc(C(F)(F)F)cc(C(F)(F)F)c1),CC(C)P(CCCCCCB(c1cc(C(F)(F)F)cc(C(F)(F)F)c1)c1c(Cl)c(Cl)c(Cl)c(Cl)c1Cl)C1CCCCC1,True,0.36065573770491804
template_augmentation,intramolecular_P_B_alkyl,P,cyclohexyl,isopropyl,bis_cf3_phenyl,bis_cf3_phenyl,C1,P(C1CCCCC1)(C(C)C)CB(c1cc(C(F)(F)F)cc(C(F)(F)F)c1)(c1cc(C(F)(F)F)cc(C(F)(F)F)c1),CC(C)P(CB(c1cc(C(F)(F)F)cc(C(F)(F)F)c1)c1cc(C(F)(F)F)cc(C(F)(F)F)c1)C1CCCCC1,True,0.5
template_augmentation,intramolecular_P_B_alkyl,P,cyclohexyl,isopropyl,bis_cf3_phenyl,bis_cf3_phenyl,C2,P(C1CCCCC1)(C(C)C)CCB(c1cc(C(F)(F)F)cc(C(F)(F)F)c1)(c1cc(C(F)(F)F)cc(C(F)(F)F)c1),CC(C)P(CCB(c1cc(C(F)(F)F)cc(C(F)(F)F)c1)c1cc(C(F)(F)F)cc(C(F)(F)F)c1)C1CCCCC1,True,0.43478260869565216
template_augmentation,intramolecular_P_B_alkyl,P,cyclohexyl,isopropyl,bis_cf3_phenyl,bis_cf3_phenyl,C3,P(C1CCCCC1)(C(C)C)CCCB(c1cc(C(F)(F)F)cc(C(F)(F)F)c1)(c1cc(C(F)(F)F)cc(C(F)(F)F)c1),CC(C)P(CCCB(c1cc(C(F)(F)F)cc(C(F)(F)F)c1)c1cc(C(F)(F)F)cc(C(F)(F)F)c1)C1CCCCC1,True,0.4166666666666667
template_augmentation,intramolecular_P_B_alkyl,P,cyclohexyl,isopropyl,bis_cf3_phenyl,bis_cf3_phenyl,C4,P(C1CCCCC1)(C(C)C)CCCCB(c1cc(C(F)(F)F)cc(C(F)(F)F)c1)(c1cc(C(F)(F)F)cc(C(F)(F)F)c1),CC(C)P(CCCCB(c1cc(C(F)(F)F)cc(C(F)(F)F)c1)c1cc(C(F)(F)F)cc(C(F)(F)F)c1)C1CCCCC1,True,0.40816326530612246
template_augmentation,intramolecular_P_B_alkyl,P,cyclohexyl,isopropyl,bis_cf3_phenyl,bis_cf3_phenyl,C5,P(C1CCCCC1)(C(C)C)CCCCCB(c1cc(C(F)(F)F)cc(C(F)(F)F)c1)(c1cc(C(F)(F)F)cc(C(F)(F)F)c1),CC(C)P(CCCCCB(c1cc(C(F)(F)F)cc(C(F)(F)F)c1)c1cc(C(F)(F)F)cc(C(F)(F)F)c1)C1CCCCC1,True,0.4
template_augmentation,intramolecular_P_B_alkyl,P,cyclohexyl,isopropyl,bis_cf3_phenyl,bis_cf3_phenyl,C6,P(C1CCCCC1)(C(C)C)CCCCCCB(c1cc(C(F)(F)F)cc(C(F)(F)F)c1)(c1cc(C(F)(F)F)cc(C(F)(F)F)c1),CC(C)P(CCCCCCB(c1cc(C(F)(F)F)cc(C(F)(F)F)c1)c1cc(C(F)(F)F)cc(C(F)(F)F)c1)C1CCCCC1,True,0.4
template_augmentation,intramolecular_P_B_alkyl,P,isopropyl,isopropyl,phenyl,phenyl,C1,P(C(C)C)(C(C)C)CB(c1ccccc1)(c1ccccc1),CC(C)P(CB(c1ccccc1)c1ccccc1)C(C)C,True,0.35
template_augmentation,intramolecular_P_B_alkyl,P,isopropyl,isopropyl,phenyl,phenyl,C2,P(C(C)C)(C(C)C)CCB(c1ccccc1)(c1ccccc1),CC(C)P(CCB(c1ccccc1)c1ccccc1)C(C)C,True,0.34210526315789475
template_augmentation,intramolecular_P_B_alkyl,P,isopropyl,isopropyl,phenyl,phenyl,C3,P(C(C)C)(C(C)C)CCCB(c1ccccc1)(c1ccccc1),CC(C)P(CCCB(c1ccccc1)c1ccccc1)C(C)C,True,0.3333333333333333
template_augmentation,intramolecular_P_B_alkyl,P,isopropyl,isopropyl,phenyl,phenyl,C4,P(C(C)C)(C(C)C)CCCCB(c1ccccc1)(c1ccccc1),CC(C)P(CCCCB(c1ccccc1)c1ccccc1)C(C)C,True,0.3902439024390244
template_augmentation,intramolecular_P_B_alkyl,P,isopropyl,isopropyl,phenyl,phenyl,C5,P(C(C)C)(C(C)C)CCCCCB(c1ccccc1)(c1ccccc1),CC(C)P(CCCCCB(c1ccccc1)c1ccccc1)C(C)C,True,0.38095238095238093
template_augmentation,intramolecular_P_B_alkyl,P,isopropyl,isopropyl,phenyl,phenyl,C6,P(C(C)C)(C(C)C)CCCCCCB(c1ccccc1)(c1ccccc1),CC(C)P(CCCCCCB(c1ccccc1)c1ccccc1)C(C)C,True,0.38095238095238093
template_augmentation,intramolecular_P_B_alkyl,P,isopropyl,isopropyl,phenyl,p_tolyl,C1,P(C(C)C)(C(C)C)CB(c1ccccc1)(c1ccc(C)cc1),Cc1ccc(B(CP(C(C)C)C(C)C)c2ccccc2)cc1,True,0.3111111111111111
template_augmentation,intramolecular_P_B_alkyl,P,isopropyl,isopropyl,phenyl,p_tolyl,C2,P(C(C)C)(C(C)C)CCB(c1ccccc1)(c1ccc(C)cc1),Cc1ccc(B(CCP(C(C)C)C(C)C)c2ccccc2)cc1,True,0.30434782608695654
template_augmentation,intramolecular_P_B_alkyl,P,isopropyl,isopropyl,phenyl,p_tolyl,C3,P(C(C)C)(C(C)C)CCCB(c1ccccc1)(c1ccc(C)cc1),Cc1ccc(B(CCCP(C(C)C)C(C)C)c2ccccc2)cc1,True,0.3
template_augmentation,intramolecular_P_B_alkyl,P,isopropyl,isopropyl,phenyl,p_tolyl,C4,P(C(C)C)(C(C)C)CCCCB(c1ccccc1)(c1ccc(C)cc1),Cc1ccc(B(CCCCP(C(C)C)C(C)C)c2ccccc2)cc1,True,0.34782608695652173
template_augmentation,intramolecular_P_B_alkyl,P,isopropyl,isopropyl,phenyl,p_tolyl,C5,P(C(C)C)(C(C)C)CCCCCB(c1ccccc1)(c1ccc(C)cc1),Cc1ccc(B(CCCCCP(C(C)C)C(C)C)c2ccccc2)cc1,True,0.3404255319148936
template_augmentation,intramolecular_P_B_alkyl,P,isopropyl,isopropyl,phenyl,p_tolyl,C6,P(C(C)C)(C(C)C)CCCCCCB(c1ccccc1)(c1ccc(C)cc1),Cc1ccc(B(CCCCCCP(C(C)C)C(C)C)c2ccccc2)cc1,True,0.3404255319148936
template_augmentation,intramolecular_P_B_alkyl,P,isopropyl,isopropyl,phenyl,mesityl,C1,P(C(C)C)(C(C)C)CB(c1ccccc1)(c1c(C)cc(C)cc1C),Cc1cc(C)c(B(CP(C(C)C)C(C)C)c2ccccc2)c(C)c1,True,0.375
template_augmentation,intramolecular_P_B_alkyl,P,isopropyl,isopropyl,phenyl,mesityl,C2,P(C(C)C)(C(C)C)CCB(c1ccccc1)(c1c(C)cc(C)cc1C),Cc1cc(C)c(B(CCP(C(C)C)C(C)C)c2ccccc2)c(C)c1,True,0.4222222222222222
template_augmentation,intramolecular_P_B_alkyl,P,isopropyl,isopropyl,phenyl,mesityl,C3,P(C(C)C)(C(C)C)CCCB(c1ccccc1)(c1c(C)cc(C)cc1C),Cc1cc(C)c(B(CCCP(C(C)C)C(C)C)c2ccccc2)c(C)c1,True,0.40816326530612246
template_augmentation,intramolecular_P_B_alkyl,P,isopropyl,isopropyl,phenyl,mesityl,C4,P(C(C)C)(C(C)C)CCCCB(c1ccccc1)(c1c(C)cc(C)cc1C),Cc1cc(C)c(B(CCCCP(C(C)C)C(C)C)c2ccccc2)c(C)c1,True,0.4583333333333333
template_augmentation,intramolecular_P_B_alkyl,P,isopropyl,isopropyl,phenyl,mesityl,C5,P(C(C)C)(C(C)C)CCCCCB(c1ccccc1)(c1c(C)cc(C)cc1C),Cc1cc(C)c(B(CCCCCP(C(C)C)C(C)C)c2ccccc2)c(C)c1,True,0.4489795918367347
template_augmentation,intramolecular_P_B_alkyl,P,isopropyl,isopropyl,phenyl,mesityl,C6,P(C(C)C)(C(C)C)CCCCCCB(c1ccccc1)(c1c(C)cc(C)cc1C),Cc1cc(C)c(B(CCCCCCP(C(C)C)C(C)C)c2ccccc2)c(C)c1,True,0.4489795918367347
template_augmentation,intramolecular_P_B_alkyl,P,isopropyl,isopropyl,phenyl,pentafluorophenyl,C1,P(C(C)C)(C(C)C)CB(c1ccccc1)(c1c(F)c(F)c(F)c(F)c1F),CC(C)P(CB(c1ccccc1)c1c(F)c(F)c(F)c(F)c1F)C(C)C,True,0.47619047619047616
template_augmentation,intramolecular_P_B_alkyl,P,isopropyl,isopropyl,phenyl,pentafluorophenyl,C2,P(C(C)C)(C(C)C)CCB(c1ccccc1)(c1c(F)c(F)c(F)c(F)c1F),CC(C)P(CCB(c1ccccc1)c1c(F)c(F)c(F)c(F)c1F)C(C)C,True,0.5128205128205128
template_augmentation,intramolecular_P_B_alkyl,P,isopropyl,isopropyl,phenyl,pentafluorophenyl,C3,P(C(C)C)(C(C)C)CCCB(c1ccccc1)(c1c(F)c(F)c(F)c(F)c1F),CC(C)P(CCCB(c1ccccc1)c1c(F)c(F)c(F)c(F)c1F)C(C)C,True,0.4883720930232558
template_augmentation,intramolecular_P_B_alkyl,P,isopropyl,isopropyl,phenyl,pentafluorophenyl,C4,P(C(C)C)(C(C)C)CCCCB(c1ccccc1)(c1c(F)c(F)c(F)c(F)c1F),CC(C)P(CCCCB(c1ccccc1)c1c(F)c(F)c(F)c(F)c1F)C(C)C,True,0.5476190476190477
template_augmentation,intramolecular_P_B_alkyl,P,isopropyl,isopropyl,phenyl,pentafluorophenyl,C5,P(C(C)C)(C(C)C)CCCCCB(c1ccccc1)(c1c(F)c(F)c(F)c(F)c1F),CC(C)P(CCCCCB(c1ccccc1)c1c(F)c(F)c(F)c(F)c1F)C(C)C,True,0.5348837209302325
template_augmentation,intramolecular_P_B_alkyl,P,isopropyl,isopropyl,phenyl,pentafluorophenyl,C6,P(C(C)C)(C(C)C)CCCCCCB(c1ccccc1)(c1c(F)c(F)c(F)c(F)c1F),CC(C)P(CCCCCCB(c1ccccc1)c1c(F)c(F)c(F)c(F)c1F)C(C)C,True,0.5348837209302325
template_augmentation,intramolecular_P_B_alkyl,P,isopropyl,isopropyl,phenyl,pentachlorophenyl,C1,P(C(C)C)(C(C)C)CB(c1ccccc1)(c1c(Cl)c(Cl)c(Cl)c(Cl)c1Cl),CC(C)P(CB(c1ccccc1)c1c(Cl)c(Cl)c(Cl)c(Cl)c1Cl)C(C)C,True,0.4634146341463415
template_augmentation,intramolecular_P_B_alkyl,P,isopropyl,isopropyl,phenyl,pentachlorophenyl,C2,P(C(C)C)(C(C)C)CCB(c1ccccc1)(c1c(Cl)c(Cl)c(Cl)c(Cl)c1Cl),CC(C)P(CCB(c1ccccc1)c1c(Cl)c(Cl)c(Cl)c(Cl)c1Cl)C(C)C,True,0.5
template_augmentation,intramolecular_P_B_alkyl,P,isopropyl,isopropyl,phenyl,pentachlorophenyl,C3,P(C(C)C)(C(C)C)CCCB(c1ccccc1)(c1c(Cl)c(Cl)c(Cl)c(Cl)c1Cl),CC(C)P(CCCB(c1ccccc1)c1c(Cl)c(Cl)c(Cl)c(Cl)c1Cl)C(C)C,True,0.47619047619047616
template_augmentation,intramolecular_P_B_alkyl,P,isopropyl,isopropyl,phenyl,pentachlorophenyl,C4,P(C(C)C)(C(C)C)CCCCB(c1ccccc1)(c1c(Cl)c(Cl)c(Cl)c(Cl)c1Cl),CC(C)P(CCCCB(c1ccccc1)c1c(Cl)c(Cl)c(Cl)c(Cl)c1Cl)C(C)C,True,0.5365853658536586
template_augmentation,intramolecular_P_B_alkyl,P,isopropyl,isopropyl,phenyl,pentachlorophenyl,C5,P(C(C)C)(C(C)C)CCCCCB(c1ccccc1)(c1c(Cl)c(Cl)c(Cl)c(Cl)c1Cl),CC(C)P(CCCCCB(c1ccccc1)c1c(Cl)c(Cl)c(Cl)c(Cl)c1Cl)C(C)C,True,0.5238095238095238
template_augmentation,intramolecular_P_B_alkyl,P,isopropyl,isopropyl,phenyl,pentachlorophenyl,C6,P(C(C)C)(C(C)C)CCCCCCB(c1ccccc1)(c1c(Cl)c(Cl)c(Cl)c(Cl)c1Cl),CC(C)P(CCCCCCB(c1ccccc1)c1c(Cl)c(Cl)c(Cl)c(Cl)c1Cl)C(C)C,True,0.5238095238095238
template_augmentation,intramolecular_P_B_alkyl,P,isopropyl,isopropyl,phenyl,bis_cf3_phenyl,C1,P(C(C)C)(C(C)C)CB(c1ccccc1)(c1cc(C(F)(F)F)cc(C(F)(F)F)c1),CC(C)P(CB(c1ccccc1)c1cc(C(F)(F)F)cc(C(F)(F)F)c1)C(C)C,True,0.5384615384615384
template_augmentation,intramolecular_P_B_alkyl,P,isopropyl,isopropyl,phenyl,bis_cf3_phenyl,C2,P(C(C)C)(C(C)C)CCB(c1ccccc1)(c1cc(C(F)(F)F)cc(C(F)(F)F)c1),CC(C)P(CCB(c1ccccc1)c1cc(C(F)(F)F)cc(C(F)(F)F)c1)C(C)C,True,0.46511627906976744
template_augmentation,intramolecular_P_B_alkyl,P,isopropyl,isopropyl,phenyl,bis_cf3_phenyl,C3,P(C(C)C)(C(C)C)CCCB(c1ccccc1)(c1cc(C(F)(F)F)cc(C(F)(F)F)c1),CC(C)P(CCCB(c1ccccc1)c1cc(C(F)(F)F)cc(C(F)(F)F)c1)C(C)C,True,0.4444444444444444
template_augmentation,intramolecular_P_B_alkyl,P,isopropyl,isopropyl,phenyl,bis_cf3_phenyl,C4,P(C(C)C)(C(C)C)CCCCB(c1ccccc1)(c1cc(C(F)(F)F)cc(C(F)(F)F)c1),CC(C)P(CCCCB(c1ccccc1)c1cc(C(F)(F)F)cc(C(F)(F)F)c1)C(C)C,True,0.43478260869565216
template_augmentation,intramolecular_P_B_alkyl,P,isopropyl,isopropyl,phenyl,bis_cf3_phenyl,C5,P(C(C)C)(C(C)C)CCCCCB(c1ccccc1)(c1cc(C(F)(F)F)cc(C(F)(F)F)c1),CC(C)P(CCCCCB(c1ccccc1)c1cc(C(F)(F)F)cc(C(F)(F)F)c1)C(C)C,True,0.425531914893617
template_augmentation,intramolecular_P_B_alkyl,P,isopropyl,isopropyl,phenyl,bis_cf3_phenyl,C6,P(C(C)C)(C(C)C)CCCCCCB(c1ccccc1)(c1cc(C(F)(F)F)cc(C(F)(F)F)c1),CC(C)P(CCCCCCB(c1ccccc1)c1cc(C(F)(F)F)cc(C(F)(F)F)c1)C(C)C,True,0.425531914893617
template_augmentation,intramolecular_P_B_alkyl,P,isopropyl,isopropyl,p_tolyl,p_tolyl,C1,P(C(C)C)(C(C)C)CB(c1ccc(C)cc1)(c1ccc(C)cc1),Cc1ccc(B(CP(C(C)C)C(C)C)c2ccc(C)cc2)cc1,True,0.26666666666666666
template_augmentation,intramolecular_P_B_alkyl,P,isopropyl,isopropyl,p_tolyl,p_tolyl,C2,P(C(C)C)(C(C)C)CCB(c1ccc(C)cc1)(c1ccc(C)cc1),Cc1ccc(B(CCP(C(C)C)C(C)C)c2ccc(C)cc2)cc1,True,0.3023255813953488
template_augmentation,intramolecular_P_B_alkyl,P,isopropyl,isopropyl,p_tolyl,p_tolyl,C3,P(C(C)C)(C(C)C)CCCB(c1ccc(C)cc1)(c1ccc(C)cc1),Cc1ccc(B(CCCP(C(C)C)C(C)C)c2ccc(C)cc2)cc1,True,0.2978723404255319
template_augmentation,intramolecular_P_B_alkyl,P,isopropyl,isopropyl,p_tolyl,p_tolyl,C4,P(C(C)C)(C(C)C)CCCCB(c1ccc(C)cc1)(c1ccc(C)cc1),Cc1ccc(B(CCCCP(C(C)C)C(C)C)c2ccc(C)cc2)cc1,True,0.34782608695652173
template_augmentation,intramolecular_P_B_alkyl,P,isopropyl,isopropyl,p_tolyl,p_tolyl,C5,P(C(C)C)(C(C)C)CCCCCB(c1ccc(C)cc1)(c1ccc(C)cc1),Cc1ccc(B(CCCCCP(C(C)C)C(C)C)c2ccc(C)cc2)cc1,True,0.3404255319148936
template_augmentation,intramolecular_P_B_alkyl,P,isopropyl,isopropyl,p_tolyl,p_tolyl,C6,P(C(C)C)(C(C)C)CCCCCCB(c1ccc(C)cc1)(c1ccc(C)cc1),Cc1ccc(B(CCCCCCP(C(C)C)C(C)C)c2ccc(C)cc2)cc1,True,0.3404255319148936
template_augmentation,intramolecular_P_B_alkyl,P,isopropyl,isopropyl,p_tolyl,mesityl,C1,P(C(C)C)(C(C)C)CB(c1ccc(C)cc1)(c1c(C)cc(C)cc1C),Cc1ccc(B(CP(C(C)C)C(C)C)c2c(C)cc(C)cc2C)cc1,True,0.3541666666666667
template_augmentation,intramolecular_P_B_alkyl,P,isopropyl,isopropyl,p_tolyl,mesityl,C2,P(C(C)C)(C(C)C)CCB(c1ccc(C)cc1)(c1c(C)cc(C)cc1C),Cc1ccc(B(CCP(C(C)C)C(C)C)c2c(C)cc(C)cc2C)cc1,True,0.4
template_augmentation,intramolecular_P_B_alkyl,P,isopropyl,isopropyl,p_tolyl,mesityl,C3,P(C(C)C)(C(C)C)CCCB(c1ccc(C)cc1)(c1c(C)cc(C)cc1C),Cc1ccc(B(CCCP(C(C)C)C(C)C)c2c(C)cc(C)cc2C)cc1,True,0.3877551020408163
template_augmentation,intramolecular_P_B_alkyl,P,isopropyl,isopropyl,p_tolyl,mesityl,C4,P(C(C)C)(C(C)C)CCCCB(c1ccc(C)cc1)(c1c(C)cc(C)cc1C),Cc1ccc(B(CCCCP(C(C)C)C(C)C)c2c(C)cc(C)cc2C)cc1,True,0.4375
template_augmentation,intramolecular_P_B_alkyl,P,isopropyl,isopropyl,p_tolyl,mesityl,C5,P(C(C)C)(C(C)C)CCCCCB(c1ccc(C)cc1)(c1c(C)cc(C)cc1C),Cc1ccc(B(CCCCCP(C(C)C)C(C)C)c2c(C)cc(C)cc2C)cc1,True,0.42857142857142855
template_augmentation,intramolecular_P_B_alkyl,P,isopropyl,isopropyl,p_tolyl,mesityl,C6,P(C(C)C)(C(C)C)CCCCCCB(c1ccc(C)cc1)(c1c(C)cc(C)cc1C),Cc1ccc(B(CCCCCCP(C(C)C)C(C)C)c2c(C)cc(C)cc2C)cc1,True,0.42857142857142855
template_augmentation,intramolecular_P_B_alkyl,P,isopropyl,isopropyl,p_tolyl,pentafluorophenyl,C1,P(C(C)C)(C(C)C)CB(c1ccc(C)cc1)(c1c(F)c(F)c(F)c(F)c1F),Cc1ccc(B(CP(C(C)C)C(C)C)c2c(F)c(F)c(F)c(F)c2F)cc1,True,0.41304347826086957
template_augmentation,intramolecular_P_B_alkyl,P,isopropyl,isopropyl,p_tolyl,pentafluorophenyl,C2,P(C(C)C)(C(C)C)CCB(c1ccc(C)cc1)(c1c(F)c(F)c(F)c(F)c1F),Cc1ccc(B(CCP(C(C)C)C(C)C)c2c(F)c(F)c(F)c(F)c2F)cc1,True,0.46511627906976744
template_augmentation,intramolecular_P_B_alkyl,P,isopropyl,isopropyl,p_tolyl,pentafluorophenyl,C3,P(C(C)C)(C(C)C)CCCB(c1ccc(C)cc1)(c1c(F)c(F)c(F)c(F)c1F),Cc1ccc(B(CCCP(C(C)C)C(C)C)c2c(F)c(F)c(F)c(F)c2F)cc1,True,0.44680851063829785
template_augmentation,intramolecular_P_B_alkyl,P,isopropyl,isopropyl,p_tolyl,pentafluorophenyl,C4,P(C(C)C)(C(C)C)CCCCB(c1ccc(C)cc1)(c1c(F)c(F)c(F)c(F)c1F),Cc1ccc(B(CCCCP(C(C)C)C(C)C)c2c(F)c(F)c(F)c(F)c2F)cc1,True,0.5
template_augmentation,intramolecular_P_B_alkyl,P,isopropyl,isopropyl,p_tolyl,pentafluorophenyl,C5,P(C(C)C)(C(C)C)CCCCCB(c1ccc(C)cc1)(c1c(F)c(F)c(F)c(F)c1F),Cc1ccc(B(CCCCCP(C(C)C)C(C)C)c2c(F)c(F)c(F)c(F)c2F)cc1,True,0.48936170212765956
template_augmentation,intramolecular_P_B_alkyl,P,isopropyl,isopropyl,p_tolyl,pentafluorophenyl,C6,P(C(C)C)(C(C)C)CCCCCCB(c1ccc(C)cc1)(c1c(F)c(F)c(F)c(F)c1F),Cc1ccc(B(CCCCCCP(C(C)C)C(C)C)c2c(F)c(F)c(F)c(F)c2F)cc1,True,0.48936170212765956
template_augmentation,intramolecular_P_B_alkyl,P,isopropyl,isopropyl,p_tolyl,pentachlorophenyl,C1,P(C(C)C)(C(C)C)CB(c1ccc(C)cc1)(c1c(Cl)c(Cl)c(Cl)c(Cl)c1Cl),Cc1ccc(B(CP(C(C)C)C(C)C)c2c(Cl)c(Cl)c(Cl)c(Cl)c2Cl)cc1,True,0.41304347826086957
template_augmentation,intramolecular_P_B_alkyl,P,isopropyl,isopropyl,p_tolyl,pentachlorophenyl,C2,P(C(C)C)(C(C)C)CCB(c1ccc(C)cc1)(c1c(Cl)c(Cl)c(Cl)c(Cl)c1Cl),Cc1ccc(B(CCP(C(C)C)C(C)C)c2c(Cl)c(Cl)c(Cl)c(Cl)c2Cl)cc1,True,0.46511627906976744
template_augmentation,intramolecular_P_B_alkyl,P,isopropyl,isopropyl,p_tolyl,pentachlorophenyl,C3,P(C(C)C)(C(C)C)CCCB(c1ccc(C)cc1)(c1c(Cl)c(Cl)c(Cl)c(Cl)c1Cl),Cc1ccc(B(CCCP(C(C)C)C(C)C)c2c(Cl)c(Cl)c(Cl)c(Cl)c2Cl)cc1,True,0.44680851063829785
template_augmentation,intramolecular_P_B_alkyl,P,isopropyl,isopropyl,p_tolyl,pentachlorophenyl,C4,P(C(C)C)(C(C)C)CCCCB(c1ccc(C)cc1)(c1c(Cl)c(Cl)c(Cl)c(Cl)c1Cl),Cc1ccc(B(CCCCP(C(C)C)C(C)C)c2c(Cl)c(Cl)c(Cl)c(Cl)c2Cl)cc1,True,0.5
template_augmentation,intramolecular_P_B_alkyl,P,isopropyl,isopropyl,p_tolyl,pentachlorophenyl,C5,P(C(C)C)(C(C)C)CCCCCB(c1ccc(C)cc1)(c1c(Cl)c(Cl)c(Cl)c(Cl)c1Cl),Cc1ccc(B(CCCCCP(C(C)C)C(C)C)c2c(Cl)c(Cl)c(Cl)c(Cl)c2Cl)cc1,True,0.48936170212765956
template_augmentation,intramolecular_P_B_alkyl,P,isopropyl,isopropyl,p_tolyl,pentachlorophenyl,C6,P(C(C)C)(C(C)C)CCCCCCB(c1ccc(C)cc1)(c1c(Cl)c(Cl)c(Cl)c(Cl)c1Cl),Cc1ccc(B(CCCCCCP(C(C)C)C(C)C)c2c(Cl)c(Cl)c(Cl)c(Cl)c2Cl)cc1,True,0.48936170212765956
template_augmentation,intramolecular_P_B_alkyl,P,isopropyl,isopropyl,p_tolyl,bis_cf3_phenyl,C1,P(C(C)C)(C(C)C)CB(c1ccc(C)cc1)(c1cc(C(F)(F)F)cc(C(F)(F)F)c1),Cc1ccc(B(CP(C(C)C)C(C)C)c2cc(C(F)(F)F)cc(C(F)(F)F)c2)cc1,True,0.525
template_augmentation,intramolecular_P_B_alkyl,P,isopropyl,isopropyl,p_tolyl,bis_cf3_phenyl,C2,P(C(C)C)(C(C)C)CCB(c1ccc(C)cc1)(c1cc(C(F)(F)F)cc(C(F)(F)F)c1),Cc1ccc(B(CCP(C(C)C)C(C)C)c2cc(C(F)(F)F)cc(C(F)(F)F)c2)cc1,True,0.45454545454545453
template_augmentation,intramolecular_P_B_alkyl,P,isopropyl,isopropyl,p_tolyl,bis_cf3_phenyl,C3,P(C(C)C)(C(C)C)CCCB(c1ccc(C)cc1)(c1cc(C(F)(F)F)cc(C(F)(F)F)c1),Cc1ccc(B(CCCP(C(C)C)C(C)C)c2cc(C(F)(F)F)cc(C(F)(F)F)c2)cc1,True,0.43478260869565216
template_augmentation,intramolecular_P_B_alkyl,P,isopropyl,isopropyl,p_tolyl,bis_cf3_phenyl,C4,P(C(C)C)(C(C)C)CCCCB(c1ccc(C)cc1)(c1cc(C(F)(F)F)cc(C(F)(F)F)c1),Cc1ccc(B(CCCCP(C(C)C)C(C)C)c2cc(C(F)(F)F)cc(C(F)(F)F)c2)cc1,True,0.425531914893617
template_augmentation,intramolecular_P_B_alkyl,P,isopropyl,isopropyl,p_tolyl,bis_cf3_phenyl,C5,P(C(C)C)(C(C)C)CCCCCB(c1ccc(C)cc1)(c1cc(C(F)(F)F)cc(C(F)(F)F)c1),Cc1ccc(B(CCCCCP(C(C)C)C(C)C)c2cc(C(F)(F)F)cc(C(F)(F)F)c2)cc1,True,0.4166666666666667
template_augmentation,intramolecular_P_B_alkyl,P,isopropyl,isopropyl,p_tolyl,bis_cf3_phenyl,C6,P(C(C)C)(C(C)C)CCCCCCB(c1ccc(C)cc1)(c1cc(C(F)(F)F)cc(C(F)(F)F)c1),Cc1ccc(B(CCCCCCP(C(C)C)C(C)C)c2cc(C(F)(F)F)cc(C(F)(F)F)c2)cc1,True,0.4166666666666667
template_augmentation,intramolecular_P_B_alkyl,P,isopropyl,isopropyl,mesityl,mesityl,C1,P(C(C)C)(C(C)C)CB(c1c(C)cc(C)cc1C)(c1c(C)cc(C)cc1C),Cc1cc(C)c(B(CP(C(C)C)C(C)C)c2c(C)cc(C)cc2C)c(C)c1,True,0.37209302325581395
template_augmentation,intramolecular_P_B_alkyl,P,isopropyl,isopropyl,mesityl,mesityl,C2,P(C(C)C)(C(C)C)CCB(c1c(C)cc(C)cc1C)(c1c(C)cc(C)cc1C),Cc1cc(C)c(B(CCP(C(C)C)C(C)C)c2c(C)cc(C)cc2C)c(C)c1,True,0.46153846153846156
template_augmentation,intramolecular_P_B_alkyl,P,isopropyl,isopropyl,mesityl,mesityl,C3,P(C(C)C)(C(C)C)CCCB(c1c(C)cc(C)cc1C)(c1c(C)cc(C)cc1C),Cc1cc(C)c(B(CCCP(C(C)C)C(C)C)c2c(C)cc(C)cc2C)c(C)c1,True,0.4418604651162791
template_augmentation,intramolecular_P_B_alkyl,P,isopropyl,isopropyl,mesityl,mesityl,C4,P(C(C)C)(C(C)C)CCCCB(c1c(C)cc(C)cc1C)(c1c(C)cc(C)cc1C),Cc1cc(C)c(B(CCCCP(C(C)C)C(C)C)c2c(C)cc(C)cc2C)c(C)c1,True,0.5
template_augmentation,intramolecular_P_B_alkyl,P,isopropyl,isopropyl,mesityl,mesityl,C5,P(C(C)C)(C(C)C)CCCCCB(c1c(C)cc(C)cc1C)(c1c(C)cc(C)cc1C),Cc1cc(C)c(B(CCCCCP(C(C)C)C(C)C)c2c(C)cc(C)cc2C)c(C)c1,True,0.4883720930232558
template_augmentation,intramolecular_P_B_alkyl,P,isopropyl,isopropyl,mesityl,mesityl,C6,P(C(C)C)(C(C)C)CCCCCCB(c1c(C)cc(C)cc1C)(c1c(C)cc(C)cc1C),Cc1cc(C)c(B(CCCCCCP(C(C)C)C(C)C)c2c(C)cc(C)cc2C)c(C)c1,True,0.4883720930232558
template_augmentation,intramolecular_P_B_alkyl,P,isopropyl,isopropyl,mesityl,pentafluorophenyl,C1,P(C(C)C)(C(C)C)CB(c1c(C)cc(C)cc1C)(c1c(F)c(F)c(F)c(F)c1F),Cc1cc(C)c(B(CP(C(C)C)C(C)C)c2c(F)c(F)c(F)c(F)c2F)c(C)c1,True,0.5116279069767442
template_augmentation,intramolecular_P_B_alkyl,P,isopropyl,isopropyl,mesityl,pentafluorophenyl,C2,P(C(C)C)(C(C)C)CCB(c1c(C)cc(C)cc1C)(c1c(F)c(F)c(F)c(F)c1F),Cc1cc(C)c(B(CCP(C(C)C)C(C)C)c2c(F)c(F)c(F)c(F)c2F)c(C)c1,True,0.6153846153846154
template_augmentation,intramolecular_P_B_alkyl,P,isopropyl,isopropyl,mesityl,pentafluorophenyl,C3,P(C(C)C)(C(C)C)CCCB(c1c(C)cc(C)cc1C)(c1c(F)c(F)c(F)c(F)c1F),Cc1cc(C)c(B(CCCP(C(C)C)C(C)C)c2c(F)c(F)c(F)c(F)c2F)c(C)c1,True,0.5813953488372093
template_augmentation,intramolecular_P_B_alkyl,P,isopropyl,isopropyl,mesityl,pentafluorophenyl,C4,P(C(C)C)(C(C)C)CCCCB(c1c(C)cc(C)cc1C)(c1c(F)c(F)c(F)c(F)c1F),Cc1cc(C)c(B(CCCCP(C(C)C)C(C)C)c2c(F)c(F)c(F)c(F)c2F)c(C)c1,True,0.6428571428571429
template_augmentation,intramolecular_P_B_alkyl,P,isopropyl,isopropyl,mesityl,pentafluorophenyl,C5,P(C(C)C)(C(C)C)CCCCCB(c1c(C)cc(C)cc1C)(c1c(F)c(F)c(F)c(F)c1F),Cc1cc(C)c(B(CCCCCP(C(C)C)C(C)C)c2c(F)c(F)c(F)c(F)c2F)c(C)c1,True,0.627906976744186
template_augmentation,intramolecular_P_B_alkyl,P,isopropyl,isopropyl,mesityl,pentafluorophenyl,C6,P(C(C)C)(C(C)C)CCCCCCB(c1c(C)cc(C)cc1C)(c1c(F)c(F)c(F)c(F)c1F),Cc1cc(C)c(B(CCCCCCP(C(C)C)C(C)C)c2c(F)c(F)c(F)c(F)c2F)c(C)c1,True,0.627906976744186
template_augmentation,intramolecular_P_B_alkyl,P,isopropyl,isopropyl,mesityl,pentachlorophenyl,C1,P(C(C)C)(C(C)C)CB(c1c(C)cc(C)cc1C)(c1c(Cl)c(Cl)c(Cl)c(Cl)c1Cl),Cc1cc(C)c(B(CP(C(C)C)C(C)C)c2c(Cl)c(Cl)c(Cl)c(Cl)c2Cl)c(C)c1,True,0.5116279069767442
template_augmentation,intramolecular_P_B_alkyl,P,isopropyl,isopropyl,mesityl,pentachlorophenyl,C2,P(C(C)C)(C(C)C)CCB(c1c(C)cc(C)cc1C)(c1c(Cl)c(Cl)c(Cl)c(Cl)c1Cl),Cc1cc(C)c(B(CCP(C(C)C)C(C)C)c2c(Cl)c(Cl)c(Cl)c(Cl)c2Cl)c(C)c1,True,0.6153846153846154
template_augmentation,intramolecular_P_B_alkyl,P,isopropyl,isopropyl,mesityl,pentachlorophenyl,C3,P(C(C)C)(C(C)C)CCCB(c1c(C)cc(C)cc1C)(c1c(Cl)c(Cl)c(Cl)c(Cl)c1Cl),Cc1cc(C)c(B(CCCP(C(C)C)C(C)C)c2c(Cl)c(Cl)c(Cl)c(Cl)c2Cl)c(C)c1,True,0.5813953488372093
template_augmentation,intramolecular_P_B_alkyl,P,isopropyl,isopropyl,mesityl,pentachlorophenyl,C4,P(C(C)C)(C(C)C)CCCCB(c1c(C)cc(C)cc1C)(c1c(Cl)c(Cl)c(Cl)c(Cl)c1Cl),Cc1cc(C)c(B(CCCCP(C(C)C)C(C)C)c2c(Cl)c(Cl)c(Cl)c(Cl)c2Cl)c(C)c1,True,0.6428571428571429
template_augmentation,intramolecular_P_B_alkyl,P,isopropyl,isopropyl,mesityl,pentachlorophenyl,C5,P(C(C)C)(C(C)C)CCCCCB(c1c(C)cc(C)cc1C)(c1c(Cl)c(Cl)c(Cl)c(Cl)c1Cl),Cc1cc(C)c(B(CCCCCP(C(C)C)C(C)C)c2c(Cl)c(Cl)c(Cl)c(Cl)c2Cl)c(C)c1,True,0.627906976744186
template_augmentation,intramolecular_P_B_alkyl,P,isopropyl,isopropyl,mesityl,pentachlorophenyl,C6,P(C(C)C)(C(C)C)CCCCCCB(c1c(C)cc(C)cc1C)(c1c(Cl)c(Cl)c(Cl)c(Cl)c1Cl),Cc1cc(C)c(B(CCCCCCP(C(C)C)C(C)C)c2c(Cl)c(Cl)c(Cl)c(Cl)c2Cl)c(C)c1,True,0.627906976744186
template_augmentation,intramolecular_P_B_alkyl,P,isopropyl,isopropyl,mesityl,bis_cf3_phenyl,C1,P(C(C)C)(C(C)C)CB(c1c(C)cc(C)cc1C)(c1cc(C(F)(F)F)cc(C(F)(F)F)c1),Cc1cc(C)c(B(CP(C(C)C)C(C)C)c2cc(C(F)(F)F)cc(C(F)(F)F)c2)c(C)c1,True,0.5
template_augmentation,intramolecular_P_B_alkyl,P,isopropyl,isopropyl,mesityl,bis_cf3_phenyl,C2,P(C(C)C)(C(C)C)CCB(c1c(C)cc(C)cc1C)(c1cc(C(F)(F)F)cc(C(F)(F)F)c1),Cc1cc(C)c(B(CCP(C(C)C)C(C)C)c2cc(C(F)(F)F)cc(C(F)(F)F)c2)c(C)c1,True,0.4444444444444444
template_augmentation,intramolecular_P_B_alkyl,P,isopropyl,isopropyl,mesityl,bis_cf3_phenyl,C3,P(C(C)C)(C(C)C)CCCB(c1c(C)cc(C)cc1C)(c1cc(C(F)(F)F)cc(C(F)(F)F)c1),Cc1cc(C)c(B(CCCP(C(C)C)C(C)C)c2cc(C(F)(F)F)cc(C(F)(F)F)c2)c(C)c1,True,0.425531914893617
template_augmentation,intramolecular_P_B_alkyl,P,isopropyl,isopropyl,mesityl,bis_cf3_phenyl,C4,P(C(C)C)(C(C)C)CCCCB(c1c(C)cc(C)cc1C)(c1cc(C(F)(F)F)cc(C(F)(F)F)c1),Cc1cc(C)c(B(CCCCP(C(C)C)C(C)C)c2cc(C(F)(F)F)cc(C(F)(F)F)c2)c(C)c1,True,0.4230769230769231
template_augmentation,intramolecular_P_B_alkyl,P,isopropyl,isopropyl,mesityl,bis_cf3_phenyl,C5,P(C(C)C)(C(C)C)CCCCCB(c1c(C)cc(C)cc1C)(c1cc(C(F)(F)F)cc(C(F)(F)F)c1),Cc1cc(C)c(B(CCCCCP(C(C)C)C(C)C)c2cc(C(F)(F)F)cc(C(F)(F)F)c2)c(C)c1,True,0.41509433962264153
template_augmentation,intramolecular_P_B_alkyl,P,isopropyl,isopropyl,mesityl,bis_cf3_phenyl,C6,P(C(C)C)(C(C)C)CCCCCCB(c1c(C)cc(C)cc1C)(c1cc(C(F)(F)F)cc(C(F)(F)F)c1),Cc1cc(C)c(B(CCCCCCP(C(C)C)C(C)C)c2cc(C(F)(F)F)cc(C(F)(F)F)c2)c(C)c1,True,0.41509433962264153
template_augmentation,intramolecular_P_B_alkyl,P,isopropyl,isopropyl,pentafluorophenyl,pentafluorophenyl,C1,P(C(C)C)(C(C)C)CB(c1c(F)c(F)c(F)c(F)c1F)(c1c(F)c(F)c(F)c(F)c1F),CC(C)P(CB(c1c(F)c(F)c(F)c(F)c1F)c1c(F)c(F)c(F)c(F)c1F)C(C)C,True,0.5172413793103449
template_augmentation,intramolecular_P_B_alkyl,P,isopropyl,isopropyl,pentafluorophenyl,pentafluorophenyl,C2,P(C(C)C)(C(C)C)CCB(c1c(F)c(F)c(F)c(F)c1F)(c1c(F)c(F)c(F)c(F)c1F),CC(C)P(CCB(c1c(F)c(F)c(F)c(F)c1F)c1c(F)c(F)c(F)c(F)c1F)C(C)C,True,0.4594594594594595
template_augmentation,intramolecular_P_B_alkyl,P,isopropyl,isopropyl,pentafluorophenyl,pentafluorophenyl,C3,P(C(C)C)(C(C)C)CCCB(c1c(F)c(F)c(F)c(F)c1F)(c1c(F)c(F)c(F)c(F)c1F),CC(C)P(CCCB(c1c(F)c(F)c(F)c(F)c1F)c1c(F)c(F)c(F)c(F)c1F)C(C)C,True,0.43902439024390244
template_augmentation,intramolecular_P_B_alkyl,P,isopropyl,isopropyl,pentafluorophenyl,pentafluorophenyl,C4,P(C(C)C)(C(C)C)CCCCB(c1c(F)c(F)c(F)c(F)c1F)(c1c(F)c(F)c(F)c(F)c1F),CC(C)P(CCCCB(c1c(F)c(F)c(F)c(F)c1F)c1c(F)c(F)c(F)c(F)c1F)C(C)C,True,0.5
template_augmentation,intramolecular_P_B_alkyl,P,isopropyl,isopropyl,pentafluorophenyl,pentafluorophenyl,C5,P(C(C)C)(C(C)C)CCCCCB(c1c(F)c(F)c(F)c(F)c1F)(c1c(F)c(F)c(F)c(F)c1F),CC(C)P(CCCCCB(c1c(F)c(F)c(F)c(F)c1F)c1c(F)c(F)c(F)c(F)c1F)C(C)C,True,0.4878048780487805
template_augmentation,intramolecular_P_B_alkyl,P,isopropyl,isopropyl,pentafluorophenyl,pentafluorophenyl,C6,P(C(C)C)(C(C)C)CCCCCCB(c1c(F)c(F)c(F)c(F)c1F)(c1c(F)c(F)c(F)c(F)c1F),CC(C)P(CCCCCCB(c1c(F)c(F)c(F)c(F)c1F)c1c(F)c(F)c(F)c(F)c1F)C(C)C,True,0.4878048780487805
template_augmentation,intramolecular_P_B_alkyl,P,isopropyl,isopropyl,pentafluorophenyl,pentachlorophenyl,C1,P(C(C)C)(C(C)C)CB(c1c(F)c(F)c(F)c(F)c1F)(c1c(Cl)c(Cl)c(Cl)c(Cl)c1Cl),CC(C)P(CB(c1c(F)c(F)c(F)c(F)c1F)c1c(Cl)c(Cl)c(Cl)c(Cl)c1Cl)C(C)C,True,0.42857142857142855
template_augmentation,intramolecular_P_B_alkyl,P,isopropyl,isopropyl,pentafluorophenyl,pentachlorophenyl,C2,P(C(C)C)(C(C)C)CCB(c1c(F)c(F)c(F)c(F)c1F)(c1c(Cl)c(Cl)c(Cl)c(Cl)c1Cl),CC(C)P(CCB(c1c(F)c(F)c(F)c(F)c1F)c1c(Cl)c(Cl)c(Cl)c(Cl)c1Cl)C(C)C,True,0.425
template_augmentation,intramolecular_P_B_alkyl,P,isopropyl,isopropyl,pentafluorophenyl,pentachlorophenyl,C3,P(C(C)C)(C(C)C)CCCB(c1c(F)c(F)c(F)c(F)c1F)(c1c(Cl)c(Cl)c(Cl)c(Cl)c1Cl),CC(C)P(CCCB(c1c(F)c(F)c(F)c(F)c1F)c1c(Cl)c(Cl)c(Cl)c(Cl)c1Cl)C(C)C,True,0.4090909090909091
template_augmentation,intramolecular_P_B_alkyl,P,isopropyl,isopropyl,pentafluorophenyl,pentachlorophenyl,C4,P(C(C)C)(C(C)C)CCCCB(c1c(F)c(F)c(F)c(F)c1F)(c1c(Cl)c(Cl)c(Cl)c(Cl)c1Cl),CC(C)P(CCCCB(c1c(F)c(F)c(F)c(F)c1F)c1c(Cl)c(Cl)c(Cl)c(Cl)c1Cl)C(C)C,True,0.46511627906976744
template_augmentation,intramolecular_P_B_alkyl,P,isopropyl,isopropyl,pentafluorophenyl,pentachlorophenyl,C5,P(C(C)C)(C(C)C)CCCCCB(c1c(F)c(F)c(F)c(F)c1F)(c1c(Cl)c(Cl)c(Cl)c(Cl)c1Cl),CC(C)P(CCCCCB(c1c(F)c(F)c(F)c(F)c1F)c1c(Cl)c(Cl)c(Cl)c(Cl)c1Cl)C(C)C,True,0.45454545454545453
template_augmentation,intramolecular_P_B_alkyl,P,isopropyl,isopropyl,pentafluorophenyl,pentachlorophenyl,C6,P(C(C)C)(C(C)C)CCCCCCB(c1c(F)c(F)c(F)c(F)c1F)(c1c(Cl)c(Cl)c(Cl)c(Cl)c1Cl),CC(C)P(CCCCCCB(c1c(F)c(F)c(F)c(F)c1F)c1c(Cl)c(Cl)c(Cl)c(Cl)c1Cl)C(C)C,True,0.45454545454545453
template_augmentation,intramolecular_P_B_alkyl,P,isopropyl,isopropyl,pentafluorophenyl,bis_cf3_phenyl,C1,P(C(C)C)(C(C)C)CB(c1c(F)c(F)c(F)c(F)c1F)(c1cc(C(F)(F)F)cc(C(F)(F)F)c1),CC(C)P(CB(c1cc(C(F)(F)F)cc(C(F)(F)F)c1)c1c(F)c(F)c(F)c(F)c1F)C(C)C,True,0.525
template_augmentation,intramolecular_P_B_alkyl,P,isopropyl,isopropyl,pentafluorophenyl,bis_cf3_phenyl,C2,P(C(C)C)(C(C)C)CCB(c1c(F)c(F)c(F)c(F)c1F)(c1cc(C(F)(F)F)cc(C(F)(F)F)c1),CC(C)P(CCB(c1cc(C(F)(F)F)cc(C(F)(F)F)c1)c1c(F)c(F)c(F)c(F)c1F)C(C)C,True,0.46511627906976744
template_augmentation,intramolecular_P_B_alkyl,P,isopropyl,isopropyl,pentafluorophenyl,bis_cf3_phenyl,C3,P(C(C)C)(C(C)C)CCCB(c1c(F)c(F)c(F)c(F)c1F)(c1cc(C(F)(F)F)cc(C(F)(F)F)c1),CC(C)P(CCCB(c1cc(C(F)(F)F)cc(C(F)(F)F)c1)c1c(F)c(F)c(F)c(F)c1F)C(C)C,True,0.4444444444444444
template_augmentation,intramolecular_P_B_alkyl,P,isopropyl,isopropyl,pentafluorophenyl,bis_cf3_phenyl,C4,P(C(C)C)(C(C)C)CCCCB(c1c(F)c(F)c(F)c(F)c1F)(c1cc(C(F)(F)F)cc(C(F)(F)F)c1),CC(C)P(CCCCB(c1cc(C(F)(F)F)cc(C(F)(F)F)c1)c1c(F)c(F)c(F)c(F)c1F)C(C)C,True,0.44
template_augmentation,intramolecular_P_B_alkyl,P,isopropyl,isopropyl,pentafluorophenyl,bis_cf3_phenyl,C5,P(C(C)C)(C(C)C)CCCCCB(c1c(F)c(F)c(F)c(F)c1F)(c1cc(C(F)(F)F)cc(C(F)(F)F)c1),CC(C)P(CCCCCB(c1cc(C(F)(F)F)cc(C(F)(F)F)c1)c1c(F)c(F)c(F)c(F)c1F)C(C)C,True,0.43137254901960786
template_augmentation,intramolecular_P_B_alkyl,P,isopropyl,isopropyl,pentafluorophenyl,bis_cf3_phenyl,C6,P(C(C)C)(C(C)C)CCCCCCB(c1c(F)c(F)c(F)c(F)c1F)(c1cc(C(F)(F)F)cc(C(F)(F)F)c1),CC(C)P(CCCCCCB(c1cc(C(F)(F)F)cc(C(F)(F)F)c1)c1c(F)c(F)c(F)c(F)c1F)C(C)C,True,0.43137254901960786
template_augmentation,intramolecular_P_B_alkyl,P,isopropyl,isopropyl,pentachlorophenyl,pentachlorophenyl,C1,P(C(C)C)(C(C)C)CB(c1c(Cl)c(Cl)c(Cl)c(Cl)c1Cl)(c1c(Cl)c(Cl)c(Cl)c(Cl)c1Cl),CC(C)P(CB(c1c(Cl)c(Cl)c(Cl)c(Cl)c1Cl)c1c(Cl)c(Cl)c(Cl)c(Cl)c1Cl)C(C)C,True,0.5172413793103449
template_augmentation,intramolecular_P_B_alkyl,P,isopropyl,isopropyl,pentachlorophenyl,pentachlorophenyl,C2,P(C(C)C)(C(C)C)CCB(c1c(Cl)c(Cl)c(Cl)c(Cl)c1Cl)(c1c(Cl)c(Cl)c(Cl)c(Cl)c1Cl),CC(C)P(CCB(c1c(Cl)c(Cl)c(Cl)c(Cl)c1Cl)c1c(Cl)c(Cl)c(Cl)c(Cl)c1Cl)C(C)C,True,0.47058823529411764
template_augmentation,intramolecular_P_B_alkyl,P,isopropyl,isopropyl,pentachlorophenyl,pentachlorophenyl,C3,P(C(C)C)(C(C)C)CCCB(c1c(Cl)c(Cl)c(Cl)c(Cl)c1Cl)(c1c(Cl)c(Cl)c(Cl)c(Cl)c1Cl),CC(C)P(CCCB(c1c(Cl)c(Cl)c(Cl)c(Cl)c1Cl)c1c(Cl)c(Cl)c(Cl)c(Cl)c1Cl)C(C)C,True,0.4473684210526316
template_augmentation,intramolecular_P_B_alkyl,P,isopropyl,isopropyl,pentachlorophenyl,pentachlorophenyl,C4,P(C(C)C)(C(C)C)CCCCB(c1c(Cl)c(Cl)c(Cl)c(Cl)c1Cl)(c1c(Cl)c(Cl)c(Cl)c(Cl)c1Cl),CC(C)P(CCCCB(c1c(Cl)c(Cl)c(Cl)c(Cl)c1Cl)c1c(Cl)c(Cl)c(Cl)c(Cl)c1Cl)C(C)C,True,0.5135135135135135
template_augmentation,intramolecular_P_B_alkyl,P,isopropyl,isopropyl,pentachlorophenyl,pentachlorophenyl,C5,P(C(C)C)(C(C)C)CCCCCB(c1c(Cl)c(Cl)c(Cl)c(Cl)c1Cl)(c1c(Cl)c(Cl)c(Cl)c(Cl)c1Cl),CC(C)P(CCCCCB(c1c(Cl)c(Cl)c(Cl)c(Cl)c1Cl)c1c(Cl)c(Cl)c(Cl)c(Cl)c1Cl)C(C)C,True,0.5
template_augmentation,intramolecular_P_B_alkyl,P,isopropyl,isopropyl,pentachlorophenyl,pentachlorophenyl,C6,P(C(C)C)(C(C)C)CCCCCCB(c1c(Cl)c(Cl)c(Cl)c(Cl)c1Cl)(c1c(Cl)c(Cl)c(Cl)c(Cl)c1Cl),CC(C)P(CCCCCCB(c1c(Cl)c(Cl)c(Cl)c(Cl)c1Cl)c1c(Cl)c(Cl)c(Cl)c(Cl)c1Cl)C(C)C,True,0.5
template_augmentation,intramolecular_P_B_alkyl,P,isopropyl,isopropyl,pentachlorophenyl,bis_cf3_phenyl,C1,P(C(C)C)(C(C)C)CB(c1c(Cl)c(Cl)c(Cl)c(Cl)c1Cl)(c1cc(C(F)(F)F)cc(C(F)(F)F)c1),CC(C)P(CB(c1cc(C(F)(F)F)cc(C(F)(F)F)c1)c1c(Cl)c(Cl)c(Cl)c(Cl)c1Cl)C(C)C,True,0.5121951219512195
template_augmentation,intramolecular_P_B_alkyl,P,isopropyl,isopropyl,pentachlorophenyl,bis_cf3_phenyl,C2,P(C(C)C)(C(C)C)CCB(c1c(Cl)c(Cl)c(Cl)c(Cl)c1Cl)(c1cc(C(F)(F)F)cc(C(F)(F)F)c1),CC(C)P(CCB(c1cc(C(F)(F)F)cc(C(F)(F)F)c1)c1c(Cl)c(Cl)c(Cl)c(Cl)c1Cl)C(C)C,True,0.45454545454545453
template_augmentation,intramolecular_P_B_alkyl,P,isopropyl,isopropyl,pentachlorophenyl,bis_cf3_phenyl,C3,P(C(C)C)(C(C)C)CCCB(c1c(Cl)c(Cl)c(Cl)c(Cl)c1Cl)(c1cc(C(F)(F)F)cc(C(F)(F)F)c1),CC(C)P(CCCB(c1cc(C(F)(F)F)cc(C(F)(F)F)c1)c1c(Cl)c(Cl)c(Cl)c(Cl)c1Cl)C(C)C,True,0.43478260869565216
template_augmentation,intramolecular_P_B_alkyl,P,isopropyl,isopropyl,pentachlorophenyl,bis_cf3_phenyl,C4,P(C(C)C)(C(C)C)CCCCB(c1c(Cl)c(Cl)c(Cl)c(Cl)c1Cl)(c1cc(C(F)(F)F)cc(C(F)(F)F)c1),CC(C)P(CCCCB(c1cc(C(F)(F)F)cc(C(F)(F)F)c1)c1c(Cl)c(Cl)c(Cl)c(Cl)c1Cl)C(C)C,True,0.43137254901960786
template_augmentation,intramolecular_P_B_alkyl,P,isopropyl,isopropyl,pentachlorophenyl,bis_cf3_phenyl,C5,P(C(C)C)(C(C)C)CCCCCB(c1c(Cl)c(Cl)c(Cl)c(Cl)c1Cl)(c1cc(C(F)(F)F)cc(C(F)(F)F)c1),CC(C)P(CCCCCB(c1cc(C(F)(F)F)cc(C(F)(F)F)c1)c1c(Cl)c(Cl)c(Cl)c(Cl)c1Cl)C(C)C,True,0.4230769230769231
template_augmentation,intramolecular_P_B_alkyl,P,isopropyl,isopropyl,pentachlorophenyl,bis_cf3_phenyl,C6,P(C(C)C)(C(C)C)CCCCCCB(c1c(Cl)c(Cl)c(Cl)c(Cl)c1Cl)(c1cc(C(F)(F)F)cc(C(F)(F)F)c1),CC(C)P(CCCCCCB(c1cc(C(F)(F)F)cc(C(F)(F)F)c1)c1c(Cl)c(Cl)c(Cl)c(Cl)c1Cl)C(C)C,True,0.4230769230769231
template_augmentation,intramolecular_P_B_alkyl,P,isopropyl,isopropyl,bis_cf3_phenyl,bis_cf3_phenyl,C1,P(C(C)C)(C(C)C)CB(c1cc(C(F)(F)F)cc(C(F)(F)F)c1)(c1cc(C(F)(F)F)cc(C(F)(F)F)c1),CC(C)P(CB(c1cc(C(F)(F)F)cc(C(F)(F)F)c1)c1cc(C(F)(F)F)cc(C(F)(F)F)c1)C(C)C,True,0.6363636363636364
template_augmentation,intramolecular_P_B_alkyl,P,isopropyl,isopropyl,bis_cf3_phenyl,bis_cf3_phenyl,C2,P(C(C)C)(C(C)C)CCB(c1cc(C(F)(F)F)cc(C(F)(F)F)c1)(c1cc(C(F)(F)F)cc(C(F)(F)F)c1),CC(C)P(CCB(c1cc(C(F)(F)F)cc(C(F)(F)F)c1)c1cc(C(F)(F)F)cc(C(F)(F)F)c1)C(C)C,True,0.5405405405405406
template_augmentation,intramolecular_P_B_alkyl,P,isopropyl,isopropyl,bis_cf3_phenyl,bis_cf3_phenyl,C3,P(C(C)C)(C(C)C)CCCB(c1cc(C(F)(F)F)cc(C(F)(F)F)c1)(c1cc(C(F)(F)F)cc(C(F)(F)F)c1),CC(C)P(CCCB(c1cc(C(F)(F)F)cc(C(F)(F)F)c1)c1cc(C(F)(F)F)cc(C(F)(F)F)c1)C(C)C,True,0.5128205128205128
template_augmentation,intramolecular_P_B_alkyl,P,isopropyl,isopropyl,bis_cf3_phenyl,bis_cf3_phenyl,C4,P(C(C)C)(C(C)C)CCCCB(c1cc(C(F)(F)F)cc(C(F)(F)F)c1)(c1cc(C(F)(F)F)cc(C(F)(F)F)c1),CC(C)P(CCCCB(c1cc(C(F)(F)F)cc(C(F)(F)F)c1)c1cc(C(F)(F)F)cc(C(F)(F)F)c1)C(C)C,True,0.5
template_augmentation,intramolecular_P_B_alkyl,P,isopropyl,isopropyl,bis_cf3_phenyl,bis_cf3_phenyl,C5,P(C(C)C)(C(C)C)CCCCCB(c1cc(C(F)(F)F)cc(C(F)(F)F)c1)(c1cc(C(F)(F)F)cc(C(F)(F)F)c1),CC(C)P(CCCCCB(c1cc(C(F)(F)F)cc(C(F)(F)F)c1)c1cc(C(F)(F)F)cc(C(F)(F)F)c1)C(C)C,True,0.4878048780487805
template_augmentation,intramolecular_P_B_alkyl,P,isopropyl,isopropyl,bis_cf3_phenyl,bis_cf3_phenyl,C6,P(C(C)C)(C(C)C)CCCCCCB(c1cc(C(F)(F)F)cc(C(F)(F)F)c1)(c1cc(C(F)(F)F)cc(C(F)(F)F)c1),CC(C)P(CCCCCCB(c1cc(C(F)(F)F)cc(C(F)(F)F)c1)c1cc(C(F)(F)F)cc(C(F)(F)F)c1)C(C)C,True,0.4878048780487805
template_augmentation,intramolecular_N_B_alkyl,N,methyl,methyl,phenyl,phenyl,C1,N(C)(C)CB(c1ccccc1)(c1ccccc1),CN(C)CB(c1ccccc1)c1ccccc1,True,0.29411764705882354
template_augmentation,intramolecular_N_B_alkyl,N,methyl,methyl,phenyl,phenyl,C2,N(C)(C)CCB(c1ccccc1)(c1ccccc1),CN(C)CCB(c1ccccc1)c1ccccc1,True,0.2777777777777778
template_augmentation,intramolecular_N_B_alkyl,N,methyl,methyl,phenyl,phenyl,C3,N(C)(C)CCCB(c1ccccc1)(c1ccccc1),CN(C)CCCB(c1ccccc1)c1ccccc1,True,0.2926829268292683
template_augmentation,intramolecular_N_B_alkyl,N,methyl,methyl,phenyl,phenyl,C4,N(C)(C)CCCCB(c1ccccc1)(c1ccccc1),CN(C)CCCCB(c1ccccc1)c1ccccc1,True,0.3170731707317073
template_augmentation,intramolecular_N_B_alkyl,N,methyl,methyl,phenyl,phenyl,C5,N(C)(C)CCCCCB(c1ccccc1)(c1ccccc1),CN(C)CCCCCB(c1ccccc1)c1ccccc1,True,0.30952380952380953
template_augmentation,intramolecular_N_B_alkyl,N,methyl,methyl,phenyl,phenyl,C6,N(C)(C)CCCCCCB(c1ccccc1)(c1ccccc1),CN(C)CCCCCCB(c1ccccc1)c1ccccc1,True,0.30952380952380953
template_augmentation,intramolecular_N_B_alkyl,N,methyl,methyl,phenyl,p_tolyl,C1,N(C)(C)CB(c1ccccc1)(c1ccc(C)cc1),Cc1ccc(B(CN(C)C)c2ccccc2)cc1,True,0.26
template_augmentation,intramolecular_N_B_alkyl,N,methyl,methyl,phenyl,p_tolyl,C2,N(C)(C)CCB(c1ccccc1)(c1ccc(C)cc1),Cc1ccc(B(CCN(C)C)c2ccccc2)cc1,True,0.24390243902439024
template_augmentation,intramolecular_N_B_alkyl,N,methyl,methyl,phenyl,p_tolyl,C3,N(C)(C)CCCB(c1ccccc1)(c1ccc(C)cc1),Cc1ccc(B(CCCN(C)C)c2ccccc2)cc1,True,0.2692307692307692
template_augmentation,intramolecular_N_B_alkyl,N,methyl,methyl,phenyl,p_tolyl,C4,N(C)(C)CCCCB(c1ccccc1)(c1ccc(C)cc1),Cc1ccc(B(CCCCN(C)C)c2ccccc2)cc1,True,0.28846153846153844
template_augmentation,intramolecular_N_B_alkyl,N,methyl,methyl,phenyl,p_tolyl,C5,N(C)(C)CCCCCB(c1ccccc1)(c1ccc(C)cc1),Cc1ccc(B(CCCCCN(C)C)c2ccccc2)cc1,True,0.2830188679245283
template_augmentation,intramolecular_N_B_alkyl,N,methyl,methyl,phenyl,p_tolyl,C6,N(C)(C)CCCCCCB(c1ccccc1)(c1ccc(C)cc1),Cc1ccc(B(CCCCCCN(C)C)c2ccccc2)cc1,True,0.2830188679245283
template_augmentation,intramolecular_N_B_alkyl,N,methyl,methyl,phenyl,mesityl,C1,N(C)(C)CB(c1ccccc1)(c1c(C)cc(C)cc1C),Cc1cc(C)c(B(CN(C)C)c2ccccc2)c(C)c1,True,0.38095238095238093
template_augmentation,intramolecular_N_B_alkyl,N,methyl,methyl,phenyl,mesityl,C2,N(C)(C)CCB(c1ccccc1)(c1c(C)cc(C)cc1C),Cc1cc(C)c(B(CCN(C)C)c2ccccc2)c(C)c1,True,0.36363636363636365
template_augmentation,intramolecular_N_B_alkyl,N,methyl,methyl,phenyl,mesityl,C3,N(C)(C)CCCB(c1ccccc1)(c1c(C)cc(C)cc1C),Cc1cc(C)c(B(CCCN(C)C)c2ccccc2)c(C)c1,True,0.375
template_augmentation,intramolecular_N_B_alkyl,N,methyl,methyl,phenyl,mesityl,C4,N(C)(C)CCCCB(c1ccccc1)(c1c(C)cc(C)cc1C),Cc1cc(C)c(B(CCCCN(C)C)c2ccccc2)c(C)c1,True,0.3958333333333333
template_augmentation,intramolecular_N_B_alkyl,N,methyl,methyl,phenyl,mesityl,C5,N(C)(C)CCCCCB(c1ccccc1)(c1c(C)cc(C)cc1C),Cc1cc(C)c(B(CCCCCN(C)C)c2ccccc2)c(C)c1,True,0.3877551020408163
template_augmentation,intramolecular_N_B_alkyl,N,methyl,methyl,phenyl,mesityl,C6,N(C)(C)CCCCCCB(c1ccccc1)(c1c(C)cc(C)cc1C),Cc1cc(C)c(B(CCCCCCN(C)C)c2ccccc2)c(C)c1,True,0.3877551020408163
template_augmentation,intramolecular_N_B_alkyl,N,methyl,methyl,phenyl,pentafluorophenyl,C1,N(C)(C)CB(c1ccccc1)(c1c(F)c(F)c(F)c(F)c1F),CN(C)CB(c1ccccc1)c1c(F)c(F)c(F)c(F)c1F,True,0.43902439024390244
template_augmentation,intramolecular_N_B_alkyl,N,methyl,methyl,phenyl,pentafluorophenyl,C2,N(C)(C)CCB(c1ccccc1)(c1c(F)c(F)c(F)c(F)c1F),CN(C)CCB(c1ccccc1)c1c(F)c(F)c(F)c(F)c1F,True,0.4358974358974359
template_augmentation,intramolecular_N_B_alkyl,N,methyl,methyl,phenyl,pentafluorophenyl,C3,N(C)(C)CCCB(c1ccccc1)(c1c(F)c(F)c(F)c(F)c1F),CN(C)CCCB(c1ccccc1)c1c(F)c(F)c(F)c(F)c1F,True,0.4523809523809524
template_augmentation,intramolecular_N_B_alkyl,N,methyl,methyl,phenyl,pentafluorophenyl,C4,N(C)(C)CCCCB(c1ccccc1)(c1c(F)c(F)c(F)c(F)c1F),CN(C)CCCCB(c1ccccc1)c1c(F)c(F)c(F)c(F)c1F,True,0.47619047619047616
template_augmentation,intramolecular_N_B_alkyl,N,methyl,methyl,phenyl,pentafluorophenyl,C5,N(C)(C)CCCCCB(c1ccccc1)(c1c(F)c(F)c(F)c(F)c1F),CN(C)CCCCCB(c1ccccc1)c1c(F)c(F)c(F)c(F)c1F,True,0.46511627906976744
template_augmentation,intramolecular_N_B_alkyl,N,methyl,methyl,phenyl,pentafluorophenyl,C6,N(C)(C)CCCCCCB(c1ccccc1)(c1c(F)c(F)c(F)c(F)c1F),CN(C)CCCCCCB(c1ccccc1)c1c(F)c(F)c(F)c(F)c1F,True,0.46511627906976744
template_augmentation,intramolecular_N_B_alkyl,N,methyl,methyl,phenyl,pentachlorophenyl,C1,N(C)(C)CB(c1ccccc1)(c1c(Cl)c(Cl)c(Cl)c(Cl)c1Cl),CN(C)CB(c1ccccc1)c1c(Cl)c(Cl)c(Cl)c(Cl)c1Cl,True,0.425
template_augmentation,intramolecular_N_B_alkyl,N,methyl,methyl,phenyl,pentachlorophenyl,C2,N(C)(C)CCB(c1ccccc1)(c1c(Cl)c(Cl)c(Cl)c(Cl)c1Cl),CN(C)CCB(c1ccccc1)c1c(Cl)c(Cl)c(Cl)c(Cl)c1Cl,True,0.42105263157894735
template_augmentation,intramolecular_N_B_alkyl,N,methyl,methyl,phenyl,pentachlorophenyl,C3,N(C)(C)CCCB(c1ccccc1)(c1c(Cl)c(Cl)c(Cl)c(Cl)c1Cl),CN(C)CCCB(c1ccccc1)c1c(Cl)c(Cl)c(Cl)c(Cl)c1Cl,True,0.43902439024390244
template_augmentation,intramolecular_N_B_alkyl,N,methyl,methyl,phenyl,pentachlorophenyl,C4,N(C)(C)CCCCB(c1ccccc1)(c1c(Cl)c(Cl)c(Cl)c(Cl)c1Cl),CN(C)CCCCB(c1ccccc1)c1c(Cl)c(Cl)c(Cl)c(Cl)c1Cl,True,0.4634146341463415
template_augmentation,intramolecular_N_B_alkyl,N,methyl,methyl,phenyl,pentachlorophenyl,C5,N(C)(C)CCCCCB(c1ccccc1)(c1c(Cl)c(Cl)c(Cl)c(Cl)c1Cl),CN(C)CCCCCB(c1ccccc1)c1c(Cl)c(Cl)c(Cl)c(Cl)c1Cl,True,0.4523809523809524
template_augmentation,intramolecular_N_B_alkyl,N,methyl,methyl,phenyl,pentachlorophenyl,C6,N(C)(C)CCCCCCB(c1ccccc1)(c1c(Cl)c(Cl)c(Cl)c(Cl)c1Cl),CN(C)CCCCCCB(c1ccccc1)c1c(Cl)c(Cl)c(Cl)c(Cl)c1Cl,True,0.4523809523809524
template_augmentation,intramolecular_N_B_alkyl,N,methyl,methyl,phenyl,bis_cf3_phenyl,C1,N(C)(C)CB(c1ccccc1)(c1cc(C(F)(F)F)cc(C(F)(F)F)c1),CN(C)CB(c1ccccc1)c1cc(C(F)(F)F)cc(C(F)(F)F)c1,True,0.45
template_augmentation,intramolecular_N_B_alkyl,N,methyl,methyl,phenyl,bis_cf3_phenyl,C2,N(C)(C)CCB(c1ccccc1)(c1cc(C(F)(F)F)cc(C(F)(F)F)c1),CN(C)CCB(c1ccccc1)c1cc(C(F)(F)F)cc(C(F)(F)F)c1,True,0.42857142857142855
template_augmentation,intramolecular_N_B_alkyl,N,methyl,methyl,phenyl,bis_cf3_phenyl,C3,N(C)(C)CCCB(c1ccccc1)(c1cc(C(F)(F)F)cc(C(F)(F)F)c1),CN(C)CCCB(c1ccccc1)c1cc(C(F)(F)F)cc(C(F)(F)F)c1,True,0.4090909090909091
template_augmentation,intramolecular_N_B_alkyl,N,methyl,methyl,phenyl,bis_cf3_phenyl,C4,N(C)(C)CCCCB(c1ccccc1)(c1cc(C(F)(F)F)cc(C(F)(F)F)c1),CN(C)CCCCB(c1ccccc1)c1cc(C(F)(F)F)cc(C(F)(F)F)c1,True,0.4
template_augmentation,intramolecular_N_B_alkyl,N,methyl,methyl,phenyl,bis_cf3_phenyl,C5,N(C)(C)CCCCCB(c1ccccc1)(c1cc(C(F)(F)F)cc(C(F)(F)F)c1),CN(C)CCCCCB(c1ccccc1)c1cc(C(F)(F)F)cc(C(F)(F)F)c1,True,0.391304347826087
template_augmentation,intramolecular_N_B_alkyl,N,methyl,methyl,phenyl,bis_cf3_phenyl,C6,N(C)(C)CCCCCCB(c1ccccc1)(c1cc(C(F)(F)F)cc(C(F)(F)F)c1),CN(C)CCCCCCB(c1ccccc1)c1cc(C(F)(F)F)cc(C(F)(F)F)c1,True,0.391304347826087
template_augmentation,intramolecular_N_B_alkyl,N,methyl,methyl,p_tolyl,p_tolyl,C1,N(C)(C)CB(c1ccc(C)cc1)(c1ccc(C)cc1),Cc1ccc(B(CN(C)C)c2ccc(C)cc2)cc1,True,0.22916666666666666
template_augmentation,intramolecular_N_B_alkyl,N,methyl,methyl,p_tolyl,p_tolyl,C2,N(C)(C)CCB(c1ccc(C)cc1)(c1ccc(C)cc1),Cc1ccc(B(CCN(C)C)c2ccc(C)cc2)cc1,True,0.23255813953488372
template_augmentation,intramolecular_N_B_alkyl,N,methyl,methyl,p_tolyl,p_tolyl,C3,N(C)(C)CCCB(c1ccc(C)cc1)(c1ccc(C)cc1),Cc1ccc(B(CCCN(C)C)c2ccc(C)cc2)cc1,True,0.2608695652173913
template_augmentation,intramolecular_N_B_alkyl,N,methyl,methyl,p_tolyl,p_tolyl,C4,N(C)(C)CCCCB(c1ccc(C)cc1)(c1ccc(C)cc1),Cc1ccc(B(CCCCN(C)C)c2ccc(C)cc2)cc1,True,0.2826086956521739
template_augmentation,intramolecular_N_B_alkyl,N,methyl,methyl,p_tolyl,p_tolyl,C5,N(C)(C)CCCCCB(c1ccc(C)cc1)(c1ccc(C)cc1),Cc1ccc(B(CCCCCN(C)C)c2ccc(C)cc2)cc1,True,0.2765957446808511
template_augmentation,intramolecular_N_B_alkyl,N,methyl,methyl,p_tolyl,p_tolyl,C6,N(C)(C)CCCCCCB(c1ccc(C)cc1)(c1ccc(C)cc1),Cc1ccc(B(CCCCCCN(C)C)c2ccc(C)cc2)cc1,True,0.2765957446808511
template_augmentation,intramolecular_N_B_alkyl,N,methyl,methyl,p_tolyl,mesityl,C1,N(C)(C)CB(c1ccc(C)cc1)(c1c(C)cc(C)cc1C),Cc1ccc(B(CN(C)C)c2c(C)cc(C)cc2C)cc1,True,0.32558139534883723
template_augmentation,intramolecular_N_B_alkyl,N,methyl,methyl,p_tolyl,mesityl,C2,N(C)(C)CCB(c1ccc(C)cc1)(c1c(C)cc(C)cc1C),Cc1ccc(B(CCN(C)C)c2c(C)cc(C)cc2C)cc1,True,0.3333333333333333
template_augmentation,intramolecular_N_B_alkyl,N,methyl,methyl,p_tolyl,mesityl,C3,N(C)(C)CCCB(c1ccc(C)cc1)(c1c(C)cc(C)cc1C),Cc1ccc(B(CCCN(C)C)c2c(C)cc(C)cc2C)cc1,True,0.3541666666666667
template_augmentation,intramolecular_N_B_alkyl,N,methyl,methyl,p_tolyl,mesityl,C4,N(C)(C)CCCCB(c1ccc(C)cc1)(c1c(C)cc(C)cc1C),Cc1ccc(B(CCCCN(C)C)c2c(C)cc(C)cc2C)cc1,True,0.375
template_augmentation,intramolecular_N_B_alkyl,N,methyl,methyl,p_tolyl,mesityl,C5,N(C)(C)CCCCCB(c1ccc(C)cc1)(c1c(C)cc(C)cc1C),Cc1ccc(B(CCCCCN(C)C)c2c(C)cc(C)cc2C)cc1,True,0.3673469387755102
template_augmentation,intramolecular_N_B_alkyl,N,methyl,methyl,p_tolyl,mesityl,C6,N(C)(C)CCCCCCB(c1ccc(C)cc1)(c1c(C)cc(C)cc1C),Cc1ccc(B(CCCCCCN(C)C)c2c(C)cc(C)cc2C)cc1,True,0.3673469387755102
template_augmentation,intramolecular_N_B_alkyl,N,methyl,methyl,p_tolyl,pentafluorophenyl,C1,N(C)(C)CB(c1ccc(C)cc1)(c1c(F)c(F)c(F)c(F)c1F),Cc1ccc(B(CN(C)C)c2c(F)c(F)c(F)c(F)c2F)cc1,True,0.38095238095238093
template_augmentation,intramolecular_N_B_alkyl,N,methyl,methyl,p_tolyl,pentafluorophenyl,C2,N(C)(C)CCB(c1ccc(C)cc1)(c1c(F)c(F)c(F)c(F)c1F),Cc1ccc(B(CCN(C)C)c2c(F)c(F)c(F)c(F)c2F)cc1,True,0.3953488372093023
template_augmentation,intramolecular_N_B_alkyl,N,methyl,methyl,p_tolyl,pentafluorophenyl,C3,N(C)(C)CCCB(c1ccc(C)cc1)(c1c(F)c(F)c(F)c(F)c1F),Cc1ccc(B(CCCN(C)C)c2c(F)c(F)c(F)c(F)c2F)cc1,True,0.41304347826086957
template_augmentation,intramolecular_N_B_alkyl,N,methyl,methyl,p_tolyl,pentafluorophenyl,C4,N(C)(C)CCCCB(c1ccc(C)cc1)(c1c(F)c(F)c(F)c(F)c1F),Cc1ccc(B(CCCCN(C)C)c2c(F)c(F)c(F)c(F)c2F)cc1,True,0.43478260869565216
template_augmentation,intramolecular_N_B_alkyl,N,methyl,methyl,p_tolyl,pentafluorophenyl,C5,N(C)(C)CCCCCB(c1ccc(C)cc1)(c1c(F)c(F)c(F)c(F)c1F),Cc1ccc(B(CCCCCN(C)C)c2c(F)c(F)c(F)c(F)c2F)cc1,True,0.425531914893617
template_augmentation,intramolecular_N_B_alkyl,N,methyl,methyl,p_tolyl,pentafluorophenyl,C6,N(C)(C)CCCCCCB(c1ccc(C)cc1)(c1c(F)c(F)c(F)c(F)c1F),Cc1ccc(B(CCCCCCN(C)C)c2c(F)c(F)c(F)c(F)c2F)cc1,True,0.425531914893617
template_augmentation,intramolecular_N_B_alkyl,N,methyl,methyl,p_tolyl,pentachlorophenyl,C1,N(C)(C)CB(c1ccc(C)cc1)(c1c(Cl)c(Cl)c(Cl)c(Cl)c1Cl),Cc1ccc(B(CN(C)C)c2c(Cl)c(Cl)c(Cl)c(Cl)c2Cl)cc1,True,0.38095238095238093
template_augmentation,intramolecular_N_B_alkyl,N,methyl,methyl,p_tolyl,pentachlorophenyl,C2,N(C)(C)CCB(c1ccc(C)cc1)(c1c(Cl)c(Cl)c(Cl)c(Cl)c1Cl),Cc1ccc(B(CCN(C)C)c2c(Cl)c(Cl)c(Cl)c(Cl)c2Cl)cc1,True,0.3953488372093023
template_augmentation,intramolecular_N_B_alkyl,N,methyl,methyl,p_tolyl,pentachlorophenyl,C3,N(C)(C)CCCB(c1ccc(C)cc1)(c1c(Cl)c(Cl)c(Cl)c(Cl)c1Cl),Cc1ccc(B(CCCN(C)C)c2c(Cl)c(Cl)c(Cl)c(Cl)c2Cl)cc1,True,0.41304347826086957
template_augmentation,intramolecular_N_B_alkyl,N,methyl,methyl,p_tolyl,pentachlorophenyl,C4,N(C)(C)CCCCB(c1ccc(C)cc1)(c1c(Cl)c(Cl)c(Cl)c(Cl)c1Cl),Cc1ccc(B(CCCCN(C)C)c2c(Cl)c(Cl)c(Cl)c(Cl)c2Cl)cc1,True,0.43478260869565216
template_augmentation,intramolecular_N_B_alkyl,N,methyl,methyl,p_tolyl,pentachlorophenyl,C5,N(C)(C)CCCCCB(c1ccc(C)cc1)(c1c(Cl)c(Cl)c(Cl)c(Cl)c1Cl),Cc1ccc(B(CCCCCN(C)C)c2c(Cl)c(Cl)c(Cl)c(Cl)c2Cl)cc1,True,0.425531914893617
template_augmentation,intramolecular_N_B_alkyl,N,methyl,methyl,p_tolyl,pentachlorophenyl,C6,N(C)(C)CCCCCCB(c1ccc(C)cc1)(c1c(Cl)c(Cl)c(Cl)c(Cl)c1Cl),Cc1ccc(B(CCCCCCN(C)C)c2c(Cl)c(Cl)c(Cl)c(Cl)c2Cl)cc1,True,0.425531914893617
template_augmentation,intramolecular_N_B_alkyl,N,methyl,methyl,p_tolyl,bis_cf3_phenyl,C1,N(C)(C)CB(c1ccc(C)cc1)(c1cc(C(F)(F)F)cc(C(F)(F)F)c1),Cc1ccc(B(CN(C)C)c2cc(C(F)(F)F)cc(C(F)(F)F)c2)cc1,True,0.43902439024390244
template_augmentation,intramolecular_N_B_alkyl,N,methyl,methyl,p_tolyl,bis_cf3_phenyl,C2,N(C)(C)CCB(c1ccc(C)cc1)(c1cc(C(F)(F)F)cc(C(F)(F)F)c1),Cc1ccc(B(CCN(C)C)c2cc(C(F)(F)F)cc(C(F)(F)F)c2)cc1,True,0.4186046511627907
template_augmentation,intramolecular_N_B_alkyl,N,methyl,methyl,p_tolyl,bis_cf3_phenyl,C3,N(C)(C)CCCB(c1ccc(C)cc1)(c1cc(C(F)(F)F)cc(C(F)(F)F)c1),Cc1ccc(B(CCCN(C)C)c2cc(C(F)(F)F)cc(C(F)(F)F)c2)cc1,True,0.4
template_augmentation,intramolecular_N_B_alkyl,N,methyl,methyl,p_tolyl,bis_cf3_phenyl,C4,N(C)(C)CCCCB(c1ccc(C)cc1)(c1cc(C(F)(F)F)cc(C(F)(F)F)c1),Cc1ccc(B(CCCCN(C)C)c2cc(C(F)(F)F)cc(C(F)(F)F)c2)cc1,True,0.391304347826087
template_augmentation,intramolecular_N_B_alkyl,N,methyl,methyl,p_tolyl,bis_cf3_phenyl,C5,N(C)(C)CCCCCB(c1ccc(C)cc1)(c1cc(C(F)(F)F)cc(C(F)(F)F)c1),Cc1ccc(B(CCCCCN(C)C)c2cc(C(F)(F)F)cc(C(F)(F)F)c2)cc1,True,0.3829787234042553
template_augmentation,intramolecular_N_B_alkyl,N,methyl,methyl,p_tolyl,bis_cf3_phenyl,C6,N(C)(C)CCCCCCB(c1ccc(C)cc1)(c1cc(C(F)(F)F)cc(C(F)(F)F)c1),Cc1ccc(B(CCCCCCN(C)C)c2cc(C(F)(F)F)cc(C(F)(F)F)c2)cc1,True,0.3829787234042553
template_augmentation,intramolecular_N_B_alkyl,N,methyl,methyl,mesityl,mesityl,C1,N(C)(C)CB(c1c(C)cc(C)cc1C)(c1c(C)cc(C)cc1C),Cc1cc(C)c(B(CN(C)C)c2c(C)cc(C)cc2C)c(C)c1,True,0.34210526315789475
template_augmentation,intramolecular_N_B_alkyl,N,methyl,methyl,mesityl,mesityl,C2,N(C)(C)CCB(c1c(C)cc(C)cc1C)(c1c(C)cc(C)cc1C),Cc1cc(C)c(B(CCN(C)C)c2c(C)cc(C)cc2C)c(C)c1,True,0.38461538461538464
template_augmentation,intramolecular_N_B_alkyl,N,methyl,methyl,mesityl,mesityl,C3,N(C)(C)CCCB(c1c(C)cc(C)cc1C)(c1c(C)cc(C)cc1C),Cc1cc(C)c(B(CCCN(C)C)c2c(C)cc(C)cc2C)c(C)c1,True,0.40476190476190477
template_augmentation,intramolecular_N_B_alkyl,N,methyl,methyl,mesityl,mesityl,C4,N(C)(C)CCCCB(c1c(C)cc(C)cc1C)(c1c(C)cc(C)cc1C),Cc1cc(C)c(B(CCCCN(C)C)c2c(C)cc(C)cc2C)c(C)c1,True,0.42857142857142855
template_augmentation,intramolecular_N_B_alkyl,N,methyl,methyl,mesityl,mesityl,C5,N(C)(C)CCCCCB(c1c(C)cc(C)cc1C)(c1c(C)cc(C)cc1C),Cc1cc(C)c(B(CCCCCN(C)C)c2c(C)cc(C)cc2C)c(C)c1,True,0.4186046511627907
template_augmentation,intramolecular_N_B_alkyl,N,methyl,methyl,mesityl,mesityl,C6,N(C)(C)CCCCCCB(c1c(C)cc(C)cc1C)(c1c(C)cc(C)cc1C),Cc1cc(C)c(B(CCCCCCN(C)C)c2c(C)cc(C)cc2C)c(C)c1,True,0.4186046511627907
template_augmentation,intramolecular_N_B_alkyl,N,methyl,methyl,mesityl,pentafluorophenyl,C1,N(C)(C)CB(c1c(C)cc(C)cc1C)(c1c(F)c(F)c(F)c(F)c1F),Cc1cc(C)c(B(CN(C)C)c2c(F)c(F)c(F)c(F)c2F)c(C)c1,True,0.48717948717948717
template_augmentation,intramolecular_N_B_alkyl,N,methyl,methyl,mesityl,pentafluorophenyl,C2,N(C)(C)CCB(c1c(C)cc(C)cc1C)(c1c(F)c(F)c(F)c(F)c1F),Cc1cc(C)c(B(CCN(C)C)c2c(F)c(F)c(F)c(F)c2F)c(C)c1,True,0.5384615384615384
template_augmentation,intramolecular_N_B_alkyl,N,methyl,methyl,mesityl,pentafluorophenyl,C3,N(C)(C)CCCB(c1c(C)cc(C)cc1C)(c1c(F)c(F)c(F)c(F)c1F),Cc1cc(C)c(B(CCCN(C)C)c2c(F)c(F)c(F)c(F)c2F)c(C)c1,True,0.5476190476190477
template_augmentation,intramolecular_N_B_alkyl,N,methyl,methyl,mesityl,pentafluorophenyl,C4,N(C)(C)CCCCB(c1c(C)cc(C)cc1C)(c1c(F)c(F)c(F)c(F)c1F),Cc1cc(C)c(B(CCCCN(C)C)c2c(F)c(F)c(F)c(F)c2F)c(C)c1,True,0.5714285714285714
template_augmentation,intramolecular_N_B_alkyl,N,methyl,methyl,mesityl,pentafluorophenyl,C5,N(C)(C)CCCCCB(c1c(C)cc(C)cc1C)(c1c(F)c(F)c(F)c(F)c1F),Cc1cc(C)c(B(CCCCCN(C)C)c2c(F)c(F)c(F)c(F)c2F)c(C)c1,True,0.5581395348837209
template_augmentation,intramolecular_N_B_alkyl,N,methyl,methyl,mesityl,pentafluorophenyl,C6,N(C)(C)CCCCCCB(c1c(C)cc(C)cc1C)(c1c(F)c(F)c(F)c(F)c1F),Cc1cc(C)c(B(CCCCCCN(C)C)c2c(F)c(F)c(F)c(F)c2F)c(C)c1,True,0.5581395348837209
template_augmentation,intramolecular_N_B_alkyl,N,methyl,methyl,mesityl,pentachlorophenyl,C1,N(C)(C)CB(c1c(C)cc(C)cc1C)(c1c(Cl)c(Cl)c(Cl)c(Cl)c1Cl),Cc1cc(C)c(B(CN(C)C)c2c(Cl)c(Cl)c(Cl)c(Cl)c2Cl)c(C)c1,True,0.48717948717948717
template_augmentation,intramolecular_N_B_alkyl,N,methyl,methyl,mesityl,pentachlorophenyl,C2,N(C)(C)CCB(c1c(C)cc(C)cc1C)(c1c(Cl)c(Cl)c(Cl)c(Cl)c1Cl),Cc1cc(C)c(B(CCN(C)C)c2c(Cl)c(Cl)c(Cl)c(Cl)c2Cl)c(C)c1,True,0.5384615384615384
template_augmentation,intramolecular_N_B_alkyl,N,methyl,methyl,mesityl,pentachlorophenyl,C3,N(C)(C)CCCB(c1c(C)cc(C)cc1C)(c1c(Cl)c(Cl)c(Cl)c(Cl)c1Cl),Cc1cc(C)c(B(CCCN(C)C)c2c(Cl)c(Cl)c(Cl)c(Cl)c2Cl)c(C)c1,True,0.5476190476190477
template_augmentation,intramolecular_N_B_alkyl,N,methyl,methyl,mesityl,pentachlorophenyl,C4,N(C)(C)CCCCB(c1c(C)cc(C)cc1C)(c1c(Cl)c(Cl)c(Cl)c(Cl)c1Cl),Cc1cc(C)c(B(CCCCN(C)C)c2c(Cl)c(Cl)c(Cl)c(Cl)c2Cl)c(C)c1,True,0.5714285714285714
template_augmentation,intramolecular_N_B_alkyl,N,methyl,methyl,mesityl,pentachlorophenyl,C5,N(C)(C)CCCCCB(c1c(C)cc(C)cc1C)(c1c(Cl)c(Cl)c(Cl)c(Cl)c1Cl),Cc1cc(C)c(B(CCCCCN(C)C)c2c(Cl)c(Cl)c(Cl)c(Cl)c2Cl)c(C)c1,True,0.5581395348837209
template_augmentation,intramolecular_N_B_alkyl,N,methyl,methyl,mesityl,pentachlorophenyl,C6,N(C)(C)CCCCCCB(c1c(C)cc(C)cc1C)(c1c(Cl)c(Cl)c(Cl)c(Cl)c1Cl),Cc1cc(C)c(B(CCCCCCN(C)C)c2c(Cl)c(Cl)c(Cl)c(Cl)c2Cl)c(C)c1,True,0.5581395348837209
template_augmentation,intramolecular_N_B_alkyl,N,methyl,methyl,mesityl,bis_cf3_phenyl,C1,N(C)(C)CB(c1c(C)cc(C)cc1C)(c1cc(C(F)(F)F)cc(C(F)(F)F)c1),Cc1cc(C)c(B(CN(C)C)c2cc(C(F)(F)F)cc(C(F)(F)F)c2)c(C)c1,True,0.42857142857142855
template_augmentation,intramolecular_N_B_alkyl,N,methyl,methyl,mesityl,bis_cf3_phenyl,C2,N(C)(C)CCB(c1c(C)cc(C)cc1C)(c1cc(C(F)(F)F)cc(C(F)(F)F)c1),Cc1cc(C)c(B(CCN(C)C)c2cc(C(F)(F)F)cc(C(F)(F)F)c2)c(C)c1,True,0.4090909090909091
template_augmentation,intramolecular_N_B_alkyl,N,methyl,methyl,mesityl,bis_cf3_phenyl,C3,N(C)(C)CCCB(c1c(C)cc(C)cc1C)(c1cc(C(F)(F)F)cc(C(F)(F)F)c1),Cc1cc(C)c(B(CCCN(C)C)c2cc(C(F)(F)F)cc(C(F)(F)F)c2)c(C)c1,True,0.391304347826087
template_augmentation,intramolecular_N_B_alkyl,N,methyl,methyl,mesityl,bis_cf3_phenyl,C4,N(C)(C)CCCCB(c1c(C)cc(C)cc1C)(c1cc(C(F)(F)F)cc(C(F)(F)F)c1),Cc1cc(C)c(B(CCCCN(C)C)c2cc(C(F)(F)F)cc(C(F)(F)F)c2)c(C)c1,True,0.3829787234042553
template_augmentation,intramolecular_N_B_alkyl,N,methyl,methyl,mesityl,bis_cf3_phenyl,C5,N(C)(C)CCCCCB(c1c(C)cc(C)cc1C)(c1cc(C(F)(F)F)cc(C(F)(F)F)c1),Cc1cc(C)c(B(CCCCCN(C)C)c2cc(C(F)(F)F)cc(C(F)(F)F)c2)c(C)c1,True,0.375
template_augmentation,intramolecular_N_B_alkyl,N,methyl,methyl,mesityl,bis_cf3_phenyl,C6,N(C)(C)CCCCCCB(c1c(C)cc(C)cc1C)(c1cc(C(F)(F)F)cc(C(F)(F)F)c1),Cc1cc(C)c(B(CCCCCCN(C)C)c2cc(C(F)(F)F)cc(C(F)(F)F)c2)c(C)c1,True,0.375
template_augmentation,intramolecular_N_B_alkyl,N,methyl,methyl,pentafluorophenyl,pentafluorophenyl,C1,N(C)(C)CB(c1c(F)c(F)c(F)c(F)c1F)(c1c(F)c(F)c(F)c(F)c1F),CN(C)CB(c1c(F)c(F)c(F)c(F)c1F)c1c(F)c(F)c(F)c(F)c1F,True,0.41379310344827586
template_augmentation,intramolecular_N_B_alkyl,N,methyl,methyl,pentafluorophenyl,pentafluorophenyl,C2,N(C)(C)CCB(c1c(F)c(F)c(F)c(F)c1F)(c1c(F)c(F)c(F)c(F)c1F),CN(C)CCB(c1c(F)c(F)c(F)c(F)c1F)c1c(F)c(F)c(F)c(F)c1F,True,0.3870967741935484
template_augmentation,intramolecular_N_B_alkyl,N,methyl,methyl,pentafluorophenyl,pentafluorophenyl,C3,N(C)(C)CCCB(c1c(F)c(F)c(F)c(F)c1F)(c1c(F)c(F)c(F)c(F)c1F),CN(C)CCCB(c1c(F)c(F)c(F)c(F)c1F)c1c(F)c(F)c(F)c(F)c1F,True,0.42105263157894735
template_augmentation,intramolecular_N_B_alkyl,N,methyl,methyl,pentafluorophenyl,pentafluorophenyl,C4,N(C)(C)CCCCB(c1c(F)c(F)c(F)c(F)c1F)(c1c(F)c(F)c(F)c(F)c1F),CN(C)CCCCB(c1c(F)c(F)c(F)c(F)c1F)c1c(F)c(F)c(F)c(F)c1F,True,0.425
template_augmentation,intramolecular_N_B_alkyl,N,methyl,methyl,pentafluorophenyl,pentafluorophenyl,C5,N(C)(C)CCCCCB(c1c(F)c(F)c(F)c(F)c1F)(c1c(F)c(F)c(F)c(F)c1F),CN(C)CCCCCB(c1c(F)c(F)c(F)c(F)c1F)c1c(F)c(F)c(F)c(F)c1F,True,0.4146341463414634
template_augmentation,intramolecular_N_B_alkyl,N,methyl,methyl,pentafluorophenyl,pentafluorophenyl,C6,N(C)(C)CCCCCCB(c1c(F)c(F)c(F)c(F)c1F)(c1c(F)c(F)c(F)c(F)c1F),CN(C)CCCCCCB(c1c(F)c(F)c(F)c(F)c1F)c1c(F)c(F)c(F)c(F)c1F,True,0.4146341463414634
template_augmentation,intramolecular_N_B_alkyl,N,methyl,methyl,pentafluorophenyl,pentachlorophenyl,C1,N(C)(C)CB(c1c(F)c(F)c(F)c(F)c1F)(c1c(Cl)c(Cl)c(Cl)c(Cl)c1Cl),CN(C)CB(c1c(F)c(F)c(F)c(F)c1F)c1c(Cl)c(Cl)c(Cl)c(Cl)c1Cl,True,0.34285714285714286
template_augmentation,intramolecular_N_B_alkyl,N,methyl,methyl,pentafluorophenyl,pentachlorophenyl,C2,N(C)(C)CCB(c1c(F)c(F)c(F)c(F)c1F)(c1c(Cl)c(Cl)c(Cl)c(Cl)c1Cl),CN(C)CCB(c1c(F)c(F)c(F)c(F)c1F)c1c(Cl)c(Cl)c(Cl)c(Cl)c1Cl,True,0.35
template_augmentation,intramolecular_N_B_alkyl,N,methyl,methyl,pentafluorophenyl,pentachlorophenyl,C3,N(C)(C)CCCB(c1c(F)c(F)c(F)c(F)c1F)(c1c(Cl)c(Cl)c(Cl)c(Cl)c1Cl),CN(C)CCCB(c1c(F)c(F)c(F)c(F)c1F)c1c(Cl)c(Cl)c(Cl)c(Cl)c1Cl,True,0.37209302325581395
template_augmentation,intramolecular_N_B_alkyl,N,methyl,methyl,pentafluorophenyl,pentachlorophenyl,C4,N(C)(C)CCCCB(c1c(F)c(F)c(F)c(F)c1F)(c1c(Cl)c(Cl)c(Cl)c(Cl)c1Cl),CN(C)CCCCB(c1c(F)c(F)c(F)c(F)c1F)c1c(Cl)c(Cl)c(Cl)c(Cl)c1Cl,True,0.3953488372093023
template_augmentation,intramolecular_N_B_alkyl,N,methyl,methyl,pentafluorophenyl,pentachlorophenyl,C5,N(C)(C)CCCCCB(c1c(F)c(F)c(F)c(F)c1F)(c1c(Cl)c(Cl)c(Cl)c(Cl)c1Cl),CN(C)CCCCCB(c1c(F)c(F)c(F)c(F)c1F)c1c(Cl)c(Cl)c(Cl)c(Cl)c1Cl,True,0.38636363636363635
template_augmentation,intramolecular_N_B_alkyl,N,methyl,methyl,pentafluorophenyl,pentachlorophenyl,C6,N(C)(C)CCCCCCB(c1c(F)c(F)c(F)c(F)c1F)(c1c(Cl)c(Cl)c(Cl)c(Cl)c1Cl),CN(C)CCCCCCB(c1c(F)c(F)c(F)c(F)c1F)c1c(Cl)c(Cl)c(Cl)c(Cl)c1Cl,True,0.38636363636363635
template_augmentation,intramolecular_N_B_alkyl,N,methyl,methyl,pentafluorophenyl,bis_cf3_phenyl,C1,N(C)(C)CB(c1c(F)c(F)c(F)c(F)c1F)(c1cc(C(F)(F)F)cc(C(F)(F)F)c1),CN(C)CB(c1cc(C(F)(F)F)cc(C(F)(F)F)c1)c1c(F)c(F)c(F)c(F)c1F,True,0.45
template_augmentation,intramolecular_N_B_alkyl,N,methyl,methyl,pentafluorophenyl,bis_cf3_phenyl,C2,N(C)(C)CCB(c1c(F)c(F)c(F)c(F)c1F)(c1cc(C(F)(F)F)cc(C(F)(F)F)c1),CN(C)CCB(c1cc(C(F)(F)F)cc(C(F)(F)F)c1)c1c(F)c(F)c(F)c(F)c1F,True,0.42857142857142855
template_augmentation,intramolecular_N_B_alkyl,N,methyl,methyl,pentafluorophenyl,bis_cf3_phenyl,C3,N(C)(C)CCCB(c1c(F)c(F)c(F)c(F)c1F)(c1cc(C(F)(F)F)cc(C(F)(F)F)c1),CN(C)CCCB(c1cc(C(F)(F)F)cc(C(F)(F)F)c1)c1c(F)c(F)c(F)c(F)c1F,True,0.4090909090909091
template_augmentation,intramolecular_N_B_alkyl,N,methyl,methyl,pentafluorophenyl,bis_cf3_phenyl,C4,N(C)(C)CCCCB(c1c(F)c(F)c(F)c(F)c1F)(c1cc(C(F)(F)F)cc(C(F)(F)F)c1),CN(C)CCCCB(c1cc(C(F)(F)F)cc(C(F)(F)F)c1)c1c(F)c(F)c(F)c(F)c1F,True,0.4
template_augmentation,intramolecular_N_B_alkyl,N,methyl,methyl,pentafluorophenyl,bis_cf3_phenyl,C5,N(C)(C)CCCCCB(c1c(F)c(F)c(F)c(F)c1F)(c1cc(C(F)(F)F)cc(C(F)(F)F)c1),CN(C)CCCCCB(c1cc(C(F)(F)F)cc(C(F)(F)F)c1)c1c(F)c(F)c(F)c(F)c1F,True,0.391304347826087
template_augmentation,intramolecular_N_B_alkyl,N,methyl,methyl,pentafluorophenyl,bis_cf3_phenyl,C6,N(C)(C)CCCCCCB(c1c(F)c(F)c(F)c(F)c1F)(c1cc(C(F)(F)F)cc(C(F)(F)F)c1),CN(C)CCCCCCB(c1cc(C(F)(F)F)cc(C(F)(F)F)c1)c1c(F)c(F)c(F)c(F)c1F,True,0.391304347826087
template_augmentation,intramolecular_N_B_alkyl,N,methyl,methyl,pentachlorophenyl,pentachlorophenyl,C1,N(C)(C)CB(c1c(Cl)c(Cl)c(Cl)c(Cl)c1Cl)(c1c(Cl)c(Cl)c(Cl)c(Cl)c1Cl),CN(C)CB(c1c(Cl)c(Cl)c(Cl)c(Cl)c1Cl)c1c(Cl)c(Cl)c(Cl)c(Cl)c1Cl,True,0.41379310344827586
template_augmentation,intramolecular_N_B_alkyl,N,methyl,methyl,pentachlorophenyl,pentachlorophenyl,C2,N(C)(C)CCB(c1c(Cl)c(Cl)c(Cl)c(Cl)c1Cl)(c1c(Cl)c(Cl)c(Cl)c(Cl)c1Cl),CN(C)CCB(c1c(Cl)c(Cl)c(Cl)c(Cl)c1Cl)c1c(Cl)c(Cl)c(Cl)c(Cl)c1Cl,True,0.3870967741935484
template_augmentation,intramolecular_N_B_alkyl,N,methyl,methyl,pentachlorophenyl,pentachlorophenyl,C3,N(C)(C)CCCB(c1c(Cl)c(Cl)c(Cl)c(Cl)c1Cl)(c1c(Cl)c(Cl)c(Cl)c(Cl)c1Cl),CN(C)CCCB(c1c(Cl)c(Cl)c(Cl)c(Cl)c1Cl)c1c(Cl)c(Cl)c(Cl)c(Cl)c1Cl,True,0.42105263157894735
template_augmentation,intramolecular_N_B_alkyl,N,methyl,methyl,pentachlorophenyl,pentachlorophenyl,C4,N(C)(C)CCCCB(c1c(Cl)c(Cl)c(Cl)c(Cl)c1Cl)(c1c(Cl)c(Cl)c(Cl)c(Cl)c1Cl),CN(C)CCCCB(c1c(Cl)c(Cl)c(Cl)c(Cl)c1Cl)c1c(Cl)c(Cl)c(Cl)c(Cl)c1Cl,True,0.43243243243243246
template_augmentation,intramolecular_N_B_alkyl,N,methyl,methyl,pentachlorophenyl,pentachlorophenyl,C5,N(C)(C)CCCCCB(c1c(Cl)c(Cl)c(Cl)c(Cl)c1Cl)(c1c(Cl)c(Cl)c(Cl)c(Cl)c1Cl),CN(C)CCCCCB(c1c(Cl)c(Cl)c(Cl)c(Cl)c1Cl)c1c(Cl)c(Cl)c(Cl)c(Cl)c1Cl,True,0.42105263157894735
template_augmentation,intramolecular_N_B_alkyl,N,methyl,methyl,pentachlorophenyl,pentachlorophenyl,C6,N(C)(C)CCCCCCB(c1c(Cl)c(Cl)c(Cl)c(Cl)c1Cl)(c1c(Cl)c(Cl)c(Cl)c(Cl)c1Cl),CN(C)CCCCCCB(c1c(Cl)c(Cl)c(Cl)c(Cl)c1Cl)c1c(Cl)c(Cl)c(Cl)c(Cl)c1Cl,True,0.42105263157894735
template_augmentation,intramolecular_N_B_alkyl,N,methyl,methyl,pentachlorophenyl,bis_cf3_phenyl,C1,N(C)(C)CB(c1c(Cl)c(Cl)c(Cl)c(Cl)c1Cl)(c1cc(C(F)(F)F)cc(C(F)(F)F)c1),CN(C)CB(c1cc(C(F)(F)F)cc(C(F)(F)F)c1)c1c(Cl)c(Cl)c(Cl)c(Cl)c1Cl,True,0.43902439024390244
template_augmentation,intramolecular_N_B_alkyl,N,methyl,methyl,pentachlorophenyl,bis_cf3_phenyl,C2,N(C)(C)CCB(c1c(Cl)c(Cl)c(Cl)c(Cl)c1Cl)(c1cc(C(F)(F)F)cc(C(F)(F)F)c1),CN(C)CCB(c1cc(C(F)(F)F)cc(C(F)(F)F)c1)c1c(Cl)c(Cl)c(Cl)c(Cl)c1Cl,True,0.4186046511627907
template_augmentation,intramolecular_N_B_alkyl,N,methyl,methyl,pentachlorophenyl,bis_cf3_phenyl,C3,N(C)(C)CCCB(c1c(Cl)c(Cl)c(Cl)c(Cl)c1Cl)(c1cc(C(F)(F)F)cc(C(F)(F)F)c1),CN(C)CCCB(c1cc(C(F)(F)F)cc(C(F)(F)F)c1)c1c(Cl)c(Cl)c(Cl)c(Cl)c1Cl,True,0.4
template_augmentation,intramolecular_N_B_alkyl,N,methyl,methyl,pentachlorophenyl,bis_cf3_phenyl,C4,N(C)(C)CCCCB(c1c(Cl)c(Cl)c(Cl)c(Cl)c1Cl)(c1cc(C(F)(F)F)cc(C(F)(F)F)c1),CN(C)CCCCB(c1cc(C(F)(F)F)cc(C(F)(F)F)c1)c1c(Cl)c(Cl)c(Cl)c(Cl)c1Cl,True,0.391304347826087
template_augmentation,intramolecular_N_B_alkyl,N,methyl,methyl,pentachlorophenyl,bis_cf3_phenyl,C5,N(C)(C)CCCCCB(c1c(Cl)c(Cl)c(Cl)c(Cl)c1Cl)(c1cc(C(F)(F)F)cc(C(F)(F)F)c1),CN(C)CCCCCB(c1cc(C(F)(F)F)cc(C(F)(F)F)c1)c1c(Cl)c(Cl)c(Cl)c(Cl)c1Cl,True,0.3829787234042553
template_augmentation,intramolecular_N_B_alkyl,N,methyl,methyl,pentachlorophenyl,bis_cf3_phenyl,C6,N(C)(C)CCCCCCB(c1c(Cl)c(Cl)c(Cl)c(Cl)c1Cl)(c1cc(C(F)(F)F)cc(C(F)(F)F)c1),CN(C)CCCCCCB(c1cc(C(F)(F)F)cc(C(F)(F)F)c1)c1c(Cl)c(Cl)c(Cl)c(Cl)c1Cl,True,0.3829787234042553
template_augmentation,intramolecular_N_B_alkyl,N,methyl,methyl,bis_cf3_phenyl,bis_cf3_phenyl,C1,N(C)(C)CB(c1cc(C(F)(F)F)cc(C(F)(F)F)c1)(c1cc(C(F)(F)F)cc(C(F)(F)F)c1),CN(C)CB(c1cc(C(F)(F)F)cc(C(F)(F)F)c1)c1cc(C(F)(F)F)cc(C(F)(F)F)c1,True,0.5294117647058824
template_augmentation,intramolecular_N_B_alkyl,N,methyl,methyl,bis_cf3_phenyl,bis_cf3_phenyl,C2,N(C)(C)CCB(c1cc(C(F)(F)F)cc(C(F)(F)F)c1)(c1cc(C(F)(F)F)cc(C(F)(F)F)c1),CN(C)CCB(c1cc(C(F)(F)F)cc(C(F)(F)F)c1)c1cc(C(F)(F)F)cc(C(F)(F)F)c1,True,0.5
template_augmentation,intramolecular_N_B_alkyl,N,methyl,methyl,bis_cf3_phenyl,bis_cf3_phenyl,C3,N(C)(C)CCCB(c1cc(C(F)(F)F)cc(C(F)(F)F)c1)(c1cc(C(F)(F)F)cc(C(F)(F)F)c1),CN(C)CCCB(c1cc(C(F)(F)F)cc(C(F)(F)F)c1)c1cc(C(F)(F)F)cc(C(F)(F)F)c1,True,0.47368421052631576
template_augmentation,intramolecular_N_B_alkyl,N,methyl,methyl,bis_cf3_phenyl,bis_cf3_phenyl,C4,N(C)(C)CCCCB(c1cc(C(F)(F)F)cc(C(F)(F)F)c1)(c1cc(C(F)(F)F)cc(C(F)(F)F)c1),CN(C)CCCCB(c1cc(C(F)(F)F)cc(C(F)(F)F)c1)c1cc(C(F)(F)F)cc(C(F)(F)F)c1,True,0.46153846153846156
template_augmentation,intramolecular_N_B_alkyl,N,methyl,methyl,bis_cf3_phenyl,bis_cf3_phenyl,C5,N(C)(C)CCCCCB(c1cc(C(F)(F)F)cc(C(F)(F)F)c1)(c1cc(C(F)(F)F)cc(C(F)(F)F)c1),CN(C)CCCCCB(c1cc(C(F)(F)F)cc(C(F)(F)F)c1)c1cc(C(F)(F)F)cc(C(F)(F)F)c1,True,0.45
template_augmentation,intramolecular_N_B_alkyl,N,methyl,methyl,bis_cf3_phenyl,bis_cf3_phenyl,C6,N(C)(C)CCCCCCB(c1cc(C(F)(F)F)cc(C(F)(F)F)c1)(c1cc(C(F)(F)F)cc(C(F)(F)F)c1),CN(C)CCCCCCB(c1cc(C(F)(F)F)cc(C(F)(F)F)c1)c1cc(C(F)(F)F)cc(C(F)(F)F)c1,True,0.45
template_augmentation,intramolecular_N_B_alkyl,N,methyl,ethyl,phenyl,phenyl,C1,N(C)(CC)CB(c1ccccc1)(c1ccccc1),CCN(C)CB(c1ccccc1)c1ccccc1,True,0.3170731707317073
template_augmentation,intramolecular_N_B_alkyl,N,methyl,ethyl,phenyl,phenyl,C2,N(C)(CC)CCB(c1ccccc1)(c1ccccc1),CCN(C)CCB(c1ccccc1)c1ccccc1,True,0.3023255813953488
template_augmentation,intramolecular_N_B_alkyl,N,methyl,ethyl,phenyl,phenyl,C3,N(C)(CC)CCCB(c1ccccc1)(c1ccccc1),CCN(C)CCCB(c1ccccc1)c1ccccc1,True,0.28888888888888886
template_augmentation,intramolecular_N_B_alkyl,N,methyl,ethyl,phenyl,phenyl,C4,N(C)(CC)CCCCB(c1ccccc1)(c1ccccc1),CCN(C)CCCCB(c1ccccc1)c1ccccc1,True,0.29545454545454547
template_augmentation,intramolecular_N_B_alkyl,N,methyl,ethyl,phenyl,phenyl,C5,N(C)(CC)CCCCCB(c1ccccc1)(c1ccccc1),CCN(C)CCCCCB(c1ccccc1)c1ccccc1,True,0.28888888888888886
template_augmentation,intramolecular_N_B_alkyl,N,methyl,ethyl,phenyl,phenyl,C6,N(C)(CC)CCCCCCB(c1ccccc1)(c1ccccc1),CCN(C)CCCCCCB(c1ccccc1)c1ccccc1,True,0.28888888888888886
template_augmentation,intramolecular_N_B_alkyl,N,methyl,ethyl,phenyl,p_tolyl,C1,N(C)(CC)CB(c1ccccc1)(c1ccc(C)cc1),CCN(C)CB(c1ccccc1)c1ccc(C)cc1,True,0.2826086956521739
template_augmentation,intramolecular_N_B_alkyl,N,methyl,ethyl,phenyl,p_tolyl,C2,N(C)(CC)CCB(c1ccccc1)(c1ccc(C)cc1),CCN(C)CCB(c1ccccc1)c1ccc(C)cc1,True,0.2708333333333333
template_augmentation,intramolecular_N_B_alkyl,N,methyl,ethyl,phenyl,p_tolyl,C3,N(C)(CC)CCCB(c1ccccc1)(c1ccc(C)cc1),CCN(C)CCCB(c1ccccc1)c1ccc(C)cc1,True,0.26
template_augmentation,intramolecular_N_B_alkyl,N,methyl,ethyl,phenyl,p_tolyl,C4,N(C)(CC)CCCCB(c1ccccc1)(c1ccc(C)cc1),CCN(C)CCCCB(c1ccccc1)c1ccc(C)cc1,True,0.2727272727272727
template_augmentation,intramolecular_N_B_alkyl,N,methyl,ethyl,phenyl,p_tolyl,C5,N(C)(CC)CCCCCB(c1ccccc1)(c1ccc(C)cc1),CCN(C)CCCCCB(c1ccccc1)c1ccc(C)cc1,True,0.26785714285714285
template_augmentation,intramolecular_N_B_alkyl,N,methyl,ethyl,phenyl,p_tolyl,C6,N(C)(CC)CCCCCCB(c1ccccc1)(c1ccc(C)cc1),CCN(C)CCCCCCB(c1ccccc1)c1ccc(C)cc1,True,0.26785714285714285
template_augmentation,intramolecular_N_B_alkyl,N,methyl,ethyl,phenyl,mesityl,C1,N(C)(CC)CB(c1ccccc1)(c1c(C)cc(C)cc1C),CCN(C)CB(c1ccccc1)c1c(C)cc(C)cc1C,True,0.375
template_augmentation,intramolecular_N_B_alkyl,N,methyl,ethyl,phenyl,mesityl,C2,N(C)(CC)CCB(c1ccccc1)(c1c(C)cc(C)cc1C),CCN(C)CCB(c1ccccc1)c1c(C)cc(C)cc1C,True,0.3404255319148936
template_augmentation,intramolecular_N_B_alkyl,N,methyl,ethyl,phenyl,mesityl,C3,N(C)(CC)CCCB(c1ccccc1)(c1c(C)cc(C)cc1C),CCN(C)CCCB(c1ccccc1)c1c(C)cc(C)cc1C,True,0.35294117647058826
template_augmentation,intramolecular_N_B_alkyl,N,methyl,ethyl,phenyl,mesityl,C4,N(C)(CC)CCCCB(c1ccccc1)(c1c(C)cc(C)cc1C),CCN(C)CCCCB(c1ccccc1)c1c(C)cc(C)cc1C,True,0.37254901960784315
template_augmentation,intramolecular_N_B_alkyl,N,methyl,ethyl,phenyl,mesityl,C5,N(C)(CC)CCCCCB(c1ccccc1)(c1c(C)cc(C)cc1C),CCN(C)CCCCCB(c1ccccc1)c1c(C)cc(C)cc1C,True,0.36538461538461536
template_augmentation,intramolecular_N_B_alkyl,N,methyl,ethyl,phenyl,mesityl,C6,N(C)(CC)CCCCCCB(c1ccccc1)(c1c(C)cc(C)cc1C),CCN(C)CCCCCCB(c1ccccc1)c1c(C)cc(C)cc1C,True,0.36538461538461536
template_augmentation,intramolecular_N_B_alkyl,N,methyl,ethyl,phenyl,pentafluorophenyl,C1,N(C)(CC)CB(c1ccccc1)(c1c(F)c(F)c(F)c(F)c1F),CCN(C)CB(c1ccccc1)c1c(F)c(F)c(F)c(F)c1F,True,0.47619047619047616
template_augmentation,intramolecular_N_B_alkyl,N,methyl,ethyl,phenyl,pentafluorophenyl,C2,N(C)(CC)CCB(c1ccccc1)(c1c(F)c(F)c(F)c(F)c1F),CCN(C)CCB(c1ccccc1)c1c(F)c(F)c(F)c(F)c1F,True,0.45454545454545453
template_augmentation,intramolecular_N_B_alkyl,N,methyl,ethyl,phenyl,pentafluorophenyl,C3,N(C)(CC)CCCB(c1ccccc1)(c1c(F)c(F)c(F)c(F)c1F),CCN(C)CCCB(c1ccccc1)c1c(F)c(F)c(F)c(F)c1F,True,0.43478260869565216
template_augmentation,intramolecular_N_B_alkyl,N,methyl,ethyl,phenyl,pentafluorophenyl,C4,N(C)(CC)CCCCB(c1ccccc1)(c1c(F)c(F)c(F)c(F)c1F),CCN(C)CCCCB(c1ccccc1)c1c(F)c(F)c(F)c(F)c1F,True,0.4444444444444444
template_augmentation,intramolecular_N_B_alkyl,N,methyl,ethyl,phenyl,pentafluorophenyl,C5,N(C)(CC)CCCCCB(c1ccccc1)(c1c(F)c(F)c(F)c(F)c1F),CCN(C)CCCCCB(c1ccccc1)c1c(F)c(F)c(F)c(F)c1F,True,0.43478260869565216
template_augmentation,intramolecular_N_B_alkyl,N,methyl,ethyl,phenyl,pentafluorophenyl,C6,N(C)(CC)CCCCCCB(c1ccccc1)(c1c(F)c(F)c(F)c(F)c1F),CCN(C)CCCCCCB(c1ccccc1)c1c(F)c(F)c(F)c(F)c1F,True,0.43478260869565216
template_augmentation,intramolecular_N_B_alkyl,N,methyl,ethyl,phenyl,pentachlorophenyl,C1,N(C)(CC)CB(c1ccccc1)(c1c(Cl)c(Cl)c(Cl)c(Cl)c1Cl),CCN(C)CB(c1ccccc1)c1c(Cl)c(Cl)c(Cl)c(Cl)c1Cl,True,0.4634146341463415
template_augmentation,intramolecular_N_B_alkyl,N,methyl,ethyl,phenyl,pentachlorophenyl,C2,N(C)(CC)CCB(c1ccccc1)(c1c(Cl)c(Cl)c(Cl)c(Cl)c1Cl),CCN(C)CCB(c1ccccc1)c1c(Cl)c(Cl)c(Cl)c(Cl)c1Cl,True,0.4418604651162791
template_augmentation,intramolecular_N_B_alkyl,N,methyl,ethyl,phenyl,pentachlorophenyl,C3,N(C)(CC)CCCB(c1ccccc1)(c1c(Cl)c(Cl)c(Cl)c(Cl)c1Cl),CCN(C)CCCB(c1ccccc1)c1c(Cl)c(Cl)c(Cl)c(Cl)c1Cl,True,0.4222222222222222
template_augmentation,intramolecular_N_B_alkyl,N,methyl,ethyl,phenyl,pentachlorophenyl,C4,N(C)(CC)CCCCB(c1ccccc1)(c1c(Cl)c(Cl)c(Cl)c(Cl)c1Cl),CCN(C)CCCCB(c1ccccc1)c1c(Cl)c(Cl)c(Cl)c(Cl)c1Cl,True,0.4318181818181818
template_augmentation,intramolecular_N_B_alkyl,N,methyl,ethyl,phenyl,pentachlorophenyl,C5,N(C)(CC)CCCCCB(c1ccccc1)(c1c(Cl)c(Cl)c(Cl)c(Cl)c1Cl),CCN(C)CCCCCB(c1ccccc1)c1c(Cl)c(Cl)c(Cl)c(Cl)c1Cl,True,0.4222222222222222
template_augmentation,intramolecular_N_B_alkyl,N,methyl,ethyl,phenyl,pentachlorophenyl,C6,N(C)(CC)CCCCCCB(c1ccccc1)(c1c(Cl)c(Cl)c(Cl)c(Cl)c1Cl),CCN(C)CCCCCCB(c1ccccc1)c1c(Cl)c(Cl)c(Cl)c(Cl)c1Cl,True,0.4222222222222222
template_augmentation,intramolecular_N_B_alkyl,N,methyl,ethyl,phenyl,bis_cf3_phenyl,C1,N(C)(CC)CB(c1ccccc1)(c1cc(C(F)(F)F)cc(C(F)(F)F)c1),CCN(C)CB(c1ccccc1)c1cc(C(F)(F)F)cc(C(F)(F)F)c1,True,0.4186046511627907
template_augmentation,intramolecular_N_B_alkyl,N,methyl,ethyl,phenyl,bis_cf3_phenyl,C2,N(C)(CC)CCB(c1ccccc1)(c1cc(C(F)(F)F)cc(C(F)(F)F)c1),CCN(C)CCB(c1ccccc1)c1cc(C(F)(F)F)cc(C(F)(F)F)c1,True,0.4
template_augmentation,intramolecular_N_B_alkyl,N,methyl,ethyl,phenyl,bis_cf3_phenyl,C3,N(C)(CC)CCCB(c1ccccc1)(c1cc(C(F)(F)F)cc(C(F)(F)F)c1),CCN(C)CCCB(c1ccccc1)c1cc(C(F)(F)F)cc(C(F)(F)F)c1,True,0.3829787234042553
template_augmentation,intramolecular_N_B_alkyl,N,methyl,ethyl,phenyl,bis_cf3_phenyl,C4,N(C)(CC)CCCCB(c1ccccc1)(c1cc(C(F)(F)F)cc(C(F)(F)F)c1),CCN(C)CCCCB(c1ccccc1)c1cc(C(F)(F)F)cc(C(F)(F)F)c1,True,0.375
template_augmentation,intramolecular_N_B_alkyl,N,methyl,ethyl,phenyl,bis_cf3_phenyl,C5,N(C)(CC)CCCCCB(c1ccccc1)(c1cc(C(F)(F)F)cc(C(F)(F)F)c1),CCN(C)CCCCCB(c1ccccc1)c1cc(C(F)(F)F)cc(C(F)(F)F)c1,True,0.3673469387755102
template_augmentation,intramolecular_N_B_alkyl,N,methyl,ethyl,phenyl,bis_cf3_phenyl,C6,N(C)(CC)CCCCCCB(c1ccccc1)(c1cc(C(F)(F)F)cc(C(F)(F)F)c1),CCN(C)CCCCCCB(c1ccccc1)c1cc(C(F)(F)F)cc(C(F)(F)F)c1,True,0.3673469387755102
template_augmentation,intramolecular_N_B_alkyl,N,methyl,ethyl,p_tolyl,p_tolyl,C1,N(C)(CC)CB(c1ccc(C)cc1)(c1ccc(C)cc1),CCN(C)CB(c1ccc(C)cc1)c1ccc(C)cc1,True,0.2608695652173913
template_augmentation,intramolecular_N_B_alkyl,N,methyl,ethyl,p_tolyl,p_tolyl,C2,N(C)(CC)CCB(c1ccc(C)cc1)(c1ccc(C)cc1),CCN(C)CCB(c1ccc(C)cc1)c1ccc(C)cc1,True,0.22448979591836735
template_augmentation,intramolecular_N_B_alkyl,N,methyl,ethyl,p_tolyl,p_tolyl,C3,N(C)(CC)CCCB(c1ccc(C)cc1)(c1ccc(C)cc1),CCN(C)CCCB(c1ccc(C)cc1)c1ccc(C)cc1,True,0.24489795918367346
template_augmentation,intramolecular_N_B_alkyl,N,methyl,ethyl,p_tolyl,p_tolyl,C4,N(C)(CC)CCCCB(c1ccc(C)cc1)(c1ccc(C)cc1),CCN(C)CCCCB(c1ccc(C)cc1)c1ccc(C)cc1,True,0.2653061224489796
template_augmentation,intramolecular_N_B_alkyl,N,methyl,ethyl,p_tolyl,p_tolyl,C5,N(C)(CC)CCCCCB(c1ccc(C)cc1)(c1ccc(C)cc1),CCN(C)CCCCCB(c1ccc(C)cc1)c1ccc(C)cc1,True,0.26
template_augmentation,intramolecular_N_B_alkyl,N,methyl,ethyl,p_tolyl,p_tolyl,C6,N(C)(CC)CCCCCCB(c1ccc(C)cc1)(c1ccc(C)cc1),CCN(C)CCCCCCB(c1ccc(C)cc1)c1ccc(C)cc1,True,0.26
template_augmentation,intramolecular_N_B_alkyl,N,methyl,ethyl,p_tolyl,mesityl,C1,N(C)(CC)CB(c1ccc(C)cc1)(c1c(C)cc(C)cc1C),CCN(C)CB(c1ccc(C)cc1)c1c(C)cc(C)cc1C,True,0.3541666666666667
template_augmentation,intramolecular_N_B_alkyl,N,methyl,ethyl,p_tolyl,mesityl,C2,N(C)(CC)CCB(c1ccc(C)cc1)(c1c(C)cc(C)cc1C),CCN(C)CCB(c1ccc(C)cc1)c1c(C)cc(C)cc1C,True,0.3137254901960784
template_augmentation,intramolecular_N_B_alkyl,N,methyl,ethyl,p_tolyl,mesityl,C3,N(C)(CC)CCCB(c1ccc(C)cc1)(c1c(C)cc(C)cc1C),CCN(C)CCCB(c1ccc(C)cc1)c1c(C)cc(C)cc1C,True,0.3333333333333333
template_augmentation,intramolecular_N_B_alkyl,N,methyl,ethyl,p_tolyl,mesityl,C4,N(C)(CC)CCCCB(c1ccc(C)cc1)(c1c(C)cc(C)cc1C),CCN(C)CCCCB(c1ccc(C)cc1)c1c(C)cc(C)cc1C,True,0.35294117647058826
template_augmentation,intramolecular_N_B_alkyl,N,methyl,ethyl,p_tolyl,mesityl,C5,N(C)(CC)CCCCCB(c1ccc(C)cc1)(c1c(C)cc(C)cc1C),CCN(C)CCCCCB(c1ccc(C)cc1)c1c(C)cc(C)cc1C,True,0.34615384615384615
template_augmentation,intramolecular_N_B_alkyl,N,methyl,ethyl,p_tolyl,mesityl,C6,N(C)(CC)CCCCCCB(c1ccc(C)cc1)(c1c(C)cc(C)cc1C),CCN(C)CCCCCCB(c1ccc(C)cc1)c1c(C)cc(C)cc1C,True,0.34615384615384615
template_augmentation,intramolecular_N_B_alkyl,N,methyl,ethyl,p_tolyl,pentafluorophenyl,C1,N(C)(CC)CB(c1ccc(C)cc1)(c1c(F)c(F)c(F)c(F)c1F),CCN(C)CB(c1ccc(C)cc1)c1c(F)c(F)c(F)c(F)c1F,True,0.41304347826086957
template_augmentation,intramolecular_N_B_alkyl,N,methyl,ethyl,p_tolyl,pentafluorophenyl,C2,N(C)(CC)CCB(c1ccc(C)cc1)(c1c(F)c(F)c(F)c(F)c1F),CCN(C)CCB(c1ccc(C)cc1)c1c(F)c(F)c(F)c(F)c1F,True,0.3695652173913043
template_augmentation,intramolecular_N_B_alkyl,N,methyl,ethyl,p_tolyl,pentafluorophenyl,C3,N(C)(CC)CCCB(c1ccc(C)cc1)(c1c(F)c(F)c(F)c(F)c1F),CCN(C)CCCB(c1ccc(C)cc1)c1c(F)c(F)c(F)c(F)c1F,True,0.3877551020408163
template_augmentation,intramolecular_N_B_alkyl,N,methyl,ethyl,p_tolyl,pentafluorophenyl,C4,N(C)(CC)CCCCB(c1ccc(C)cc1)(c1c(F)c(F)c(F)c(F)c1F),CCN(C)CCCCB(c1ccc(C)cc1)c1c(F)c(F)c(F)c(F)c1F,True,0.40816326530612246
template_augmentation,intramolecular_N_B_alkyl,N,methyl,ethyl,p_tolyl,pentafluorophenyl,C5,N(C)(CC)CCCCCB(c1ccc(C)cc1)(c1c(F)c(F)c(F)c(F)c1F),CCN(C)CCCCCB(c1ccc(C)cc1)c1c(F)c(F)c(F)c(F)c1F,True,0.4
template_augmentation,intramolecular_N_B_alkyl,N,methyl,ethyl,p_tolyl,pentafluorophenyl,C6,N(C)(CC)CCCCCCB(c1ccc(C)cc1)(c1c(F)c(F)c(F)c(F)c1F),CCN(C)CCCCCCB(c1ccc(C)cc1)c1c(F)c(F)c(F)c(F)c1F,True,0.4
template_augmentation,intramolecular_N_B_alkyl,N,methyl,ethyl,p_tolyl,pentachlorophenyl,C1,N(C)(CC)CB(c1ccc(C)cc1)(c1c(Cl)c(Cl)c(Cl)c(Cl)c1Cl),CCN(C)CB(c1ccc(C)cc1)c1c(Cl)c(Cl)c(Cl)c(Cl)c1Cl,True,0.41304347826086957
template_augmentation,intramolecular_N_B_alkyl,N,methyl,ethyl,p_tolyl,pentachlorophenyl,C2,N(C)(CC)CCB(c1ccc(C)cc1)(c1c(Cl)c(Cl)c(Cl)c(Cl)c1Cl),CCN(C)CCB(c1ccc(C)cc1)c1c(Cl)c(Cl)c(Cl)c(Cl)c1Cl,True,0.3695652173913043
template_augmentation,intramolecular_N_B_alkyl,N,methyl,ethyl,p_tolyl,pentachlorophenyl,C3,N(C)(CC)CCCB(c1ccc(C)cc1)(c1c(Cl)c(Cl)c(Cl)c(Cl)c1Cl),CCN(C)CCCB(c1ccc(C)cc1)c1c(Cl)c(Cl)c(Cl)c(Cl)c1Cl,True,0.3877551020408163
template_augmentation,intramolecular_N_B_alkyl,N,methyl,ethyl,p_tolyl,pentachlorophenyl,C4,N(C)(CC)CCCCB(c1ccc(C)cc1)(c1c(Cl)c(Cl)c(Cl)c(Cl)c1Cl),CCN(C)CCCCB(c1ccc(C)cc1)c1c(Cl)c(Cl)c(Cl)c(Cl)c1Cl,True,0.40816326530612246
template_augmentation,intramolecular_N_B_alkyl,N,methyl,ethyl,p_tolyl,pentachlorophenyl,C5,N(C)(CC)CCCCCB(c1ccc(C)cc1)(c1c(Cl)c(Cl)c(Cl)c(Cl)c1Cl),CCN(C)CCCCCB(c1ccc(C)cc1)c1c(Cl)c(Cl)c(Cl)c(Cl)c1Cl,True,0.4
template_augmentation,intramolecular_N_B_alkyl,N,methyl,ethyl,p_tolyl,pentachlorophenyl,C6,N(C)(CC)CCCCCCB(c1ccc(C)cc1)(c1c(Cl)c(Cl)c(Cl)c(Cl)c1Cl),CCN(C)CCCCCCB(c1ccc(C)cc1)c1c(Cl)c(Cl)c(Cl)c(Cl)c1Cl,True,0.4
template_augmentation,intramolecular_N_B_alkyl,N,methyl,ethyl,p_tolyl,bis_cf3_phenyl,C1,N(C)(CC)CB(c1ccc(C)cc1)(c1cc(C(F)(F)F)cc(C(F)(F)F)c1),CCN(C)CB(c1ccc(C)cc1)c1cc(C(F)(F)F)cc(C(F)(F)F)c1,True,0.4090909090909091
template_augmentation,intramolecular_N_B_alkyl,N,methyl,ethyl,p_tolyl,bis_cf3_phenyl,C2,N(C)(CC)CCB(c1ccc(C)cc1)(c1cc(C(F)(F)F)cc(C(F)(F)F)c1),CCN(C)CCB(c1ccc(C)cc1)c1cc(C(F)(F)F)cc(C(F)(F)F)c1,True,0.391304347826087
template_augmentation,intramolecular_N_B_alkyl,N,methyl,ethyl,p_tolyl,bis_cf3_phenyl,C3,N(C)(CC)CCCB(c1ccc(C)cc1)(c1cc(C(F)(F)F)cc(C(F)(F)F)c1),CCN(C)CCCB(c1ccc(C)cc1)c1cc(C(F)(F)F)cc(C(F)(F)F)c1,True,0.375
template_augmentation,intramolecular_N_B_alkyl,N,methyl,ethyl,p_tolyl,bis_cf3_phenyl,C4,N(C)(CC)CCCCB(c1ccc(C)cc1)(c1cc(C(F)(F)F)cc(C(F)(F)F)c1),CCN(C)CCCCB(c1ccc(C)cc1)c1cc(C(F)(F)F)cc(C(F)(F)F)c1,True,0.3673469387755102
template_augmentation,intramolecular_N_B_alkyl,N,methyl,ethyl,p_tolyl,bis_cf3_phenyl,C5,N(C)(CC)CCCCCB(c1ccc(C)cc1)(c1cc(C(F)(F)F)cc(C(F)(F)F)c1),CCN(C)CCCCCB(c1ccc(C)cc1)c1cc(C(F)(F)F)cc(C(F)(F)F)c1,True,0.36
template_augmentation,intramolecular_N_B_alkyl,N,methyl,ethyl,p_tolyl,bis_cf3_phenyl,C6,N(C)(CC)CCCCCCB(c1ccc(C)cc1)(c1cc(C(F)(F)F)cc(C(F)(F)F)c1),CCN(C)CCCCCCB(c1ccc(C)cc1)c1cc(C(F)(F)F)cc(C(F)(F)F)c1,True,0.36
template_augmentation,intramolecular_N_B_alkyl,N,methyl,ethyl,mesityl,mesityl,C1,N(C)(CC)CB(c1c(C)cc(C)cc1C)(c1c(C)cc(C)cc1C),CCN(C)CB(c1c(C)cc(C)cc1C)c1c(C)cc(C)cc1C,True,0.40476190476190477
template_augmentation,intramolecular_N_B_alkyl,N,methyl,ethyl,mesityl,mesityl,C2,N(C)(CC)CCB(c1c(C)cc(C)cc1C)(c1c(C)cc(C)cc1C),CCN(C)CCB(c1c(C)cc(C)cc1C)c1c(C)cc(C)cc1C,True,0.35714285714285715
template_augmentation,intramolecular_N_B_alkyl,N,methyl,ethyl,mesityl,mesityl,C3,N(C)(CC)CCCB(c1c(C)cc(C)cc1C)(c1c(C)cc(C)cc1C),CCN(C)CCCB(c1c(C)cc(C)cc1C)c1c(C)cc(C)cc1C,True,0.37777777777777777
template_augmentation,intramolecular_N_B_alkyl,N,methyl,ethyl,mesityl,mesityl,C4,N(C)(CC)CCCCB(c1c(C)cc(C)cc1C)(c1c(C)cc(C)cc1C),CCN(C)CCCCB(c1c(C)cc(C)cc1C)c1c(C)cc(C)cc1C,True,0.4
template_augmentation,intramolecular_N_B_alkyl,N,methyl,ethyl,mesityl,mesityl,C5,N(C)(CC)CCCCCB(c1c(C)cc(C)cc1C)(c1c(C)cc(C)cc1C),CCN(C)CCCCCB(c1c(C)cc(C)cc1C)c1c(C)cc(C)cc1C,True,0.391304347826087
template_augmentation,intramolecular_N_B_alkyl,N,methyl,ethyl,mesityl,mesityl,C6,N(C)(CC)CCCCCCB(c1c(C)cc(C)cc1C)(c1c(C)cc(C)cc1C),CCN(C)CCCCCCB(c1c(C)cc(C)cc1C)c1c(C)cc(C)cc1C,True,0.391304347826087
template_augmentation,intramolecular_N_B_alkyl,N,methyl,ethyl,mesityl,pentafluorophenyl,C1,N(C)(CC)CB(c1c(C)cc(C)cc1C)(c1c(F)c(F)c(F)c(F)c1F),CCN(C)CB(c1c(C)cc(C)cc1C)c1c(F)c(F)c(F)c(F)c1F,True,0.5476190476190477
template_augmentation,intramolecular_N_B_alkyl,N,methyl,ethyl,mesityl,pentafluorophenyl,C2,N(C)(CC)CCB(c1c(C)cc(C)cc1C)(c1c(F)c(F)c(F)c(F)c1F),CCN(C)CCB(c1c(C)cc(C)cc1C)c1c(F)c(F)c(F)c(F)c1F,True,0.5
template_augmentation,intramolecular_N_B_alkyl,N,methyl,ethyl,mesityl,pentafluorophenyl,C3,N(C)(CC)CCCB(c1c(C)cc(C)cc1C)(c1c(F)c(F)c(F)c(F)c1F),CCN(C)CCCB(c1c(C)cc(C)cc1C)c1c(F)c(F)c(F)c(F)c1F,True,0.5111111111111111
template_augmentation,intramolecular_N_B_alkyl,N,methyl,ethyl,mesityl,pentafluorophenyl,C4,N(C)(CC)CCCCB(c1c(C)cc(C)cc1C)(c1c(F)c(F)c(F)c(F)c1F),CCN(C)CCCCB(c1c(C)cc(C)cc1C)c1c(F)c(F)c(F)c(F)c1F,True,0.5333333333333333
template_augmentation,intramolecular_N_B_alkyl,N,methyl,ethyl,mesityl,pentafluorophenyl,C5,N(C)(CC)CCCCCB(c1c(C)cc(C)cc1C)(c1c(F)c(F)c(F)c(F)c1F),CCN(C)CCCCCB(c1c(C)cc(C)cc1C)c1c(F)c(F)c(F)c(F)c1F,True,0.5217391304347826
template_augmentation,intramolecular_N_B_alkyl,N,methyl,ethyl,mesityl,pentafluorophenyl,C6,N(C)(CC)CCCCCCB(c1c(C)cc(C)cc1C)(c1c(F)c(F)c(F)c(F)c1F),CCN(C)CCCCCCB(c1c(C)cc(C)cc1C)c1c(F)c(F)c(F)c(F)c1F,True,0.5217391304347826
template_augmentation,intramolecular_N_B_alkyl,N,methyl,ethyl,mesityl,pentachlorophenyl,C1,N(C)(CC)CB(c1c(C)cc(C)cc1C)(c1c(Cl)c(Cl)c(Cl)c(Cl)c1Cl),CCN(C)CB(c1c(C)cc(C)cc1C)c1c(Cl)c(Cl)c(Cl)c(Cl)c1Cl,True,0.5476190476190477
template_augmentation,intramolecular_N_B_alkyl,N,methyl,ethyl,mesityl,pentachlorophenyl,C2,N(C)(CC)CCB(c1c(C)cc(C)cc1C)(c1c(Cl)c(Cl)c(Cl)c(Cl)c1Cl),CCN(C)CCB(c1c(C)cc(C)cc1C)c1c(Cl)c(Cl)c(Cl)c(Cl)c1Cl,True,0.5
template_augmentation,intramolecular_N_B_alkyl,N,methyl,ethyl,mesityl,pentachlorophenyl,C3,N(C)(CC)CCCB(c1c(C)cc(C)cc1C)(c1c(Cl)c(Cl)c(Cl)c(Cl)c1Cl),CCN(C)CCCB(c1c(C)cc(C)cc1C)c1c(Cl)c(Cl)c(Cl)c(Cl)c1Cl,True,0.5111111111111111
template_augmentation,intramolecular_N_B_alkyl,N,methyl,ethyl,mesityl,pentachlorophenyl,C4,N(C)(CC)CCCCB(c1c(C)cc(C)cc1C)(c1c(Cl)c(Cl)c(Cl)c(Cl)c1Cl),CCN(C)CCCCB(c1c(C)cc(C)cc1C)c1c(Cl)c(Cl)c(Cl)c(Cl)c1Cl,True,0.5333333333333333
template_augmentation,intramolecular_N_B_alkyl,N,methyl,ethyl,mesityl,pentachlorophenyl,C5,N(C)(CC)CCCCCB(c1c(C)cc(C)cc1C)(c1c(Cl)c(Cl)c(Cl)c(Cl)c1Cl),CCN(C)CCCCCB(c1c(C)cc(C)cc1C)c1c(Cl)c(Cl)c(Cl)c(Cl)c1Cl,True,0.5217391304347826
template_augmentation,intramolecular_N_B_alkyl,N,methyl,ethyl,mesityl,pentachlorophenyl,C6,N(C)(CC)CCCCCCB(c1c(C)cc(C)cc1C)(c1c(Cl)c(Cl)c(Cl)c(Cl)c1Cl),CCN(C)CCCCCCB(c1c(C)cc(C)cc1C)c1c(Cl)c(Cl)c(Cl)c(Cl)c1Cl,True,0.5217391304347826
template_augmentation,intramolecular_N_B_alkyl,N,methyl,ethyl,mesityl,bis_cf3_phenyl,C1,N(C)(CC)CB(c1c(C)cc(C)cc1C)(c1cc(C(F)(F)F)cc(C(F)(F)F)c1),CCN(C)CB(c1cc(C(F)(F)F)cc(C(F)(F)F)c1)c1c(C)cc(C)cc1C,True,0.4
template_augmentation,intramolecular_N_B_alkyl,N,methyl,ethyl,mesityl,bis_cf3_phenyl,C2,N(C)(CC)CCB(c1c(C)cc(C)cc1C)(c1cc(C(F)(F)F)cc(C(F)(F)F)c1),CCN(C)CCB(c1cc(C(F)(F)F)cc(C(F)(F)F)c1)c1c(C)cc(C)cc1C,True,0.3829787234042553
template_augmentation,intramolecular_N_B_alkyl,N,methyl,ethyl,mesityl,bis_cf3_phenyl,C3,N(C)(CC)CCCB(c1c(C)cc(C)cc1C)(c1cc(C(F)(F)F)cc(C(F)(F)F)c1),CCN(C)CCCB(c1cc(C(F)(F)F)cc(C(F)(F)F)c1)c1c(C)cc(C)cc1C,True,0.3673469387755102
template_augmentation,intramolecular_N_B_alkyl,N,methyl,ethyl,mesityl,bis_cf3_phenyl,C4,N(C)(CC)CCCCB(c1c(C)cc(C)cc1C)(c1cc(C(F)(F)F)cc(C(F)(F)F)c1),CCN(C)CCCCB(c1cc(C(F)(F)F)cc(C(F)(F)F)c1)c1c(C)cc(C)cc1C,True,0.36
template_augmentation,intramolecular_N_B_alkyl,N,methyl,ethyl,mesityl,bis_cf3_phenyl,C5,N(C)(CC)CCCCCB(c1c(C)cc(C)cc1C)(c1cc(C(F)(F)F)cc(C(F)(F)F)c1),CCN(C)CCCCCB(c1cc(C(F)(F)F)cc(C(F)(F)F)c1)c1c(C)cc(C)cc1C,True,0.35294117647058826
template_augmentation,intramolecular_N_B_alkyl,N,methyl,ethyl,mesityl,bis_cf3_phenyl,C6,N(C)(CC)CCCCCCB(c1c(C)cc(C)cc1C)(c1cc(C(F)(F)F)cc(C(F)(F)F)c1),CCN(C)CCCCCCB(c1cc(C(F)(F)F)cc(C(F)(F)F)c1)c1c(C)cc(C)cc1C,True,0.35294117647058826
template_augmentation,intramolecular_N_B_alkyl,N,methyl,ethyl,pentafluorophenyl,pentafluorophenyl,C1,N(C)(CC)CB(c1c(F)c(F)c(F)c(F)c1F)(c1c(F)c(F)c(F)c(F)c1F),CCN(C)CB(c1c(F)c(F)c(F)c(F)c1F)c1c(F)c(F)c(F)c(F)c1F,True,0.4
template_augmentation,intramolecular_N_B_alkyl,N,methyl,ethyl,pentafluorophenyl,pentafluorophenyl,C2,N(C)(CC)CCB(c1c(F)c(F)c(F)c(F)c1F)(c1c(F)c(F)c(F)c(F)c1F),CCN(C)CCB(c1c(F)c(F)c(F)c(F)c1F)c1c(F)c(F)c(F)c(F)c1F,True,0.36585365853658536
template_augmentation,intramolecular_N_B_alkyl,N,methyl,ethyl,pentafluorophenyl,pentafluorophenyl,C3,N(C)(CC)CCCB(c1c(F)c(F)c(F)c(F)c1F)(c1c(F)c(F)c(F)c(F)c1F),CCN(C)CCCB(c1c(F)c(F)c(F)c(F)c1F)c1c(F)c(F)c(F)c(F)c1F,True,0.3902439024390244
template_augmentation,intramolecular_N_B_alkyl,N,methyl,ethyl,pentafluorophenyl,pentafluorophenyl,C4,N(C)(CC)CCCCB(c1c(F)c(F)c(F)c(F)c1F)(c1c(F)c(F)c(F)c(F)c1F),CCN(C)CCCCB(c1c(F)c(F)c(F)c(F)c1F)c1c(F)c(F)c(F)c(F)c1F,True,0.3953488372093023
template_augmentation,intramolecular_N_B_alkyl,N,methyl,ethyl,pentafluorophenyl,pentafluorophenyl,C5,N(C)(CC)CCCCCB(c1c(F)c(F)c(F)c(F)c1F)(c1c(F)c(F)c(F)c(F)c1F),CCN(C)CCCCCB(c1c(F)c(F)c(F)c(F)c1F)c1c(F)c(F)c(F)c(F)c1F,True,0.38636363636363635
template_augmentation,intramolecular_N_B_alkyl,N,methyl,ethyl,pentafluorophenyl,pentafluorophenyl,C6,N(C)(CC)CCCCCCB(c1c(F)c(F)c(F)c(F)c1F)(c1c(F)c(F)c(F)c(F)c1F),CCN(C)CCCCCCB(c1c(F)c(F)c(F)c(F)c1F)c1c(F)c(F)c(F)c(F)c1F,True,0.38636363636363635
template_augmentation,intramolecular_N_B_alkyl,N,methyl,ethyl,pentafluorophenyl,pentachlorophenyl,C1,N(C)(CC)CB(c1c(F)c(F)c(F)c(F)c1F)(c1c(Cl)c(Cl)c(Cl)c(Cl)c1Cl),CCN(C)CB(c1c(F)c(F)c(F)c(F)c1F)c1c(Cl)c(Cl)c(Cl)c(Cl)c1Cl,True,0.36363636363636365
template_augmentation,intramolecular_N_B_alkyl,N,methyl,ethyl,pentafluorophenyl,pentachlorophenyl,C2,N(C)(CC)CCB(c1c(F)c(F)c(F)c(F)c1F)(c1c(Cl)c(Cl)c(Cl)c(Cl)c1Cl),CCN(C)CCB(c1c(F)c(F)c(F)c(F)c1F)c1c(Cl)c(Cl)c(Cl)c(Cl)c1Cl,True,0.34782608695652173
template_augmentation,intramolecular_N_B_alkyl,N,methyl,ethyl,pentafluorophenyl,pentachlorophenyl,C3,N(C)(CC)CCCB(c1c(F)c(F)c(F)c(F)c1F)(c1c(Cl)c(Cl)c(Cl)c(Cl)c1Cl),CCN(C)CCCB(c1c(F)c(F)c(F)c(F)c1F)c1c(Cl)c(Cl)c(Cl)c(Cl)c1Cl,True,0.34782608695652173
template_augmentation,intramolecular_N_B_alkyl,N,methyl,ethyl,pentafluorophenyl,pentachlorophenyl,C4,N(C)(CC)CCCCB(c1c(F)c(F)c(F)c(F)c1F)(c1c(Cl)c(Cl)c(Cl)c(Cl)c1Cl),CCN(C)CCCCB(c1c(F)c(F)c(F)c(F)c1F)c1c(Cl)c(Cl)c(Cl)c(Cl)c1Cl,True,0.3695652173913043
template_augmentation,intramolecular_N_B_alkyl,N,methyl,ethyl,pentafluorophenyl,pentachlorophenyl,C5,N(C)(CC)CCCCCB(c1c(F)c(F)c(F)c(F)c1F)(c1c(Cl)c(Cl)c(Cl)c(Cl)c1Cl),CCN(C)CCCCCB(c1c(F)c(F)c(F)c(F)c1F)c1c(Cl)c(Cl)c(Cl)c(Cl)c1Cl,True,0.3617021276595745
template_augmentation,intramolecular_N_B_alkyl,N,methyl,ethyl,pentafluorophenyl,pentachlorophenyl,C6,N(C)(CC)CCCCCCB(c1c(F)c(F)c(F)c(F)c1F)(c1c(Cl)c(Cl)c(Cl)c(Cl)c1Cl),CCN(C)CCCCCCB(c1c(F)c(F)c(F)c(F)c1F)c1c(Cl)c(Cl)c(Cl)c(Cl)c1Cl,True,0.3617021276595745
template_augmentation,intramolecular_N_B_alkyl,N,methyl,ethyl,pentafluorophenyl,bis_cf3_phenyl,C1,N(C)(CC)CB(c1c(F)c(F)c(F)c(F)c1F)(c1cc(C(F)(F)F)cc(C(F)(F)F)c1),CCN(C)CB(c1cc(C(F)(F)F)cc(C(F)(F)F)c1)c1c(F)c(F)c(F)c(F)c1F,True,0.4186046511627907
template_augmentation,intramolecular_N_B_alkyl,N,methyl,ethyl,pentafluorophenyl,bis_cf3_phenyl,C2,N(C)(CC)CCB(c1c(F)c(F)c(F)c(F)c1F)(c1cc(C(F)(F)F)cc(C(F)(F)F)c1),CCN(C)CCB(c1cc(C(F)(F)F)cc(C(F)(F)F)c1)c1c(F)c(F)c(F)c(F)c1F,True,0.4
template_augmentation,intramolecular_N_B_alkyl,N,methyl,ethyl,pentafluorophenyl,bis_cf3_phenyl,C3,N(C)(CC)CCCB(c1c(F)c(F)c(F)c(F)c1F)(c1cc(C(F)(F)F)cc(C(F)(F)F)c1),CCN(C)CCCB(c1cc(C(F)(F)F)cc(C(F)(F)F)c1)c1c(F)c(F)c(F)c(F)c1F,True,0.3829787234042553
template_augmentation,intramolecular_N_B_alkyl,N,methyl,ethyl,pentafluorophenyl,bis_cf3_phenyl,C4,N(C)(CC)CCCCB(c1c(F)c(F)c(F)c(F)c1F)(c1cc(C(F)(F)F)cc(C(F)(F)F)c1),CCN(C)CCCCB(c1cc(C(F)(F)F)cc(C(F)(F)F)c1)c1c(F)c(F)c(F)c(F)c1F,True,0.375
template_augmentation,intramolecular_N_B_alkyl,N,methyl,ethyl,pentafluorophenyl,bis_cf3_phenyl,C5,N(C)(CC)CCCCCB(c1c(F)c(F)c(F)c(F)c1F)(c1cc(C(F)(F)F)cc(C(F)(F)F)c1),CCN(C)CCCCCB(c1cc(C(F)(F)F)cc(C(F)(F)F)c1)c1c(F)c(F)c(F)c(F)c1F,True,0.3673469387755102
template_augmentation,intramolecular_N_B_alkyl,N,methyl,ethyl,pentafluorophenyl,bis_cf3_phenyl,C6,N(C)(CC)CCCCCCB(c1c(F)c(F)c(F)c(F)c1F)(c1cc(C(F)(F)F)cc(C(F)(F)F)c1),CCN(C)CCCCCCB(c1cc(C(F)(F)F)cc(C(F)(F)F)c1)c1c(F)c(F)c(F)c(F)c1F,True,0.3673469387755102
template_augmentation,intramolecular_N_B_alkyl,N,methyl,ethyl,pentachlorophenyl,pentachlorophenyl,C1,N(C)(CC)CB(c1c(Cl)c(Cl)c(Cl)c(Cl)c1Cl)(c1c(Cl)c(Cl)c(Cl)c(Cl)c1Cl),CCN(C)CB(c1c(Cl)c(Cl)c(Cl)c(Cl)c1Cl)c1c(Cl)c(Cl)c(Cl)c(Cl)c1Cl,True,0.4
template_augmentation,intramolecular_N_B_alkyl,N,methyl,ethyl,pentachlorophenyl,pentachlorophenyl,C2,N(C)(CC)CCB(c1c(Cl)c(Cl)c(Cl)c(Cl)c1Cl)(c1c(Cl)c(Cl)c(Cl)c(Cl)c1Cl),CCN(C)CCB(c1c(Cl)c(Cl)c(Cl)c(Cl)c1Cl)c1c(Cl)c(Cl)c(Cl)c(Cl)c1Cl,True,0.375
template_augmentation,intramolecular_N_B_alkyl,N,methyl,ethyl,pentachlorophenyl,pentachlorophenyl,C3,N(C)(CC)CCCB(c1c(Cl)c(Cl)c(Cl)c(Cl)c1Cl)(c1c(Cl)c(Cl)c(Cl)c(Cl)c1Cl),CCN(C)CCCB(c1c(Cl)c(Cl)c(Cl)c(Cl)c1Cl)c1c(Cl)c(Cl)c(Cl)c(Cl)c1Cl,True,0.3902439024390244
template_augmentation,intramolecular_N_B_alkyl,N,methyl,ethyl,pentachlorophenyl,pentachlorophenyl,C4,N(C)(CC)CCCCB(c1c(Cl)c(Cl)c(Cl)c(Cl)c1Cl)(c1c(Cl)c(Cl)c(Cl)c(Cl)c1Cl),CCN(C)CCCCB(c1c(Cl)c(Cl)c(Cl)c(Cl)c1Cl)c1c(Cl)c(Cl)c(Cl)c(Cl)c1Cl,True,0.4
template_augmentation,intramolecular_N_B_alkyl,N,methyl,ethyl,pentachlorophenyl,pentachlorophenyl,C5,N(C)(CC)CCCCCB(c1c(Cl)c(Cl)c(Cl)c(Cl)c1Cl)(c1c(Cl)c(Cl)c(Cl)c(Cl)c1Cl),CCN(C)CCCCCB(c1c(Cl)c(Cl)c(Cl)c(Cl)c1Cl)c1c(Cl)c(Cl)c(Cl)c(Cl)c1Cl,True,0.3902439024390244
template_augmentation,intramolecular_N_B_alkyl,N,methyl,ethyl,pentachlorophenyl,pentachlorophenyl,C6,N(C)(CC)CCCCCCB(c1c(Cl)c(Cl)c(Cl)c(Cl)c1Cl)(c1c(Cl)c(Cl)c(Cl)c(Cl)c1Cl),CCN(C)CCCCCCB(c1c(Cl)c(Cl)c(Cl)c(Cl)c1Cl)c1c(Cl)c(Cl)c(Cl)c(Cl)c1Cl,True,0.3902439024390244
template_augmentation,intramolecular_N_B_alkyl,N,methyl,ethyl,pentachlorophenyl,bis_cf3_phenyl,C1,N(C)(CC)CB(c1c(Cl)c(Cl)c(Cl)c(Cl)c1Cl)(c1cc(C(F)(F)F)cc(C(F)(F)F)c1),CCN(C)CB(c1cc(C(F)(F)F)cc(C(F)(F)F)c1)c1c(Cl)c(Cl)c(Cl)c(Cl)c1Cl,True,0.4090909090909091
template_augmentation,intramolecular_N_B_alkyl,N,methyl,ethyl,pentachlorophenyl,bis_cf3_phenyl,C2,N(C)(CC)CCB(c1c(Cl)c(Cl)c(Cl)c(Cl)c1Cl)(c1cc(C(F)(F)F)cc(C(F)(F)F)c1),CCN(C)CCB(c1cc(C(F)(F)F)cc(C(F)(F)F)c1)c1c(Cl)c(Cl)c(Cl)c(Cl)c1Cl,True,0.391304347826087
template_augmentation,intramolecular_N_B_alkyl,N,methyl,ethyl,pentachlorophenyl,bis_cf3_phenyl,C3,N(C)(CC)CCCB(c1c(Cl)c(Cl)c(Cl)c(Cl)c1Cl)(c1cc(C(F)(F)F)cc(C(F)(F)F)c1),CCN(C)CCCB(c1cc(C(F)(F)F)cc(C(F)(F)F)c1)c1c(Cl)c(Cl)c(Cl)c(Cl)c1Cl,True,0.375
template_augmentation,intramolecular_N_B_alkyl,N,methyl,ethyl,pentachlorophenyl,bis_cf3_phenyl,C4,N(C)(CC)CCCCB(c1c(Cl)c(Cl)c(Cl)c(Cl)c1Cl)(c1cc(C(F)(F)F)cc(C(F)(F)F)c1),CCN(C)CCCCB(c1cc(C(F)(F)F)cc(C(F)(F)F)c1)c1c(Cl)c(Cl)c(Cl)c(Cl)c1Cl,True,0.3673469387755102
template_augmentation,intramolecular_N_B_alkyl,N,methyl,ethyl,pentachlorophenyl,bis_cf3_phenyl,C5,N(C)(CC)CCCCCB(c1c(Cl)c(Cl)c(Cl)c(Cl)c1Cl)(c1cc(C(F)(F)F)cc(C(F)(F)F)c1),CCN(C)CCCCCB(c1cc(C(F)(F)F)cc(C(F)(F)F)c1)c1c(Cl)c(Cl)c(Cl)c(Cl)c1Cl,True,0.36
template_augmentation,intramolecular_N_B_alkyl,N,methyl,ethyl,pentachlorophenyl,bis_cf3_phenyl,C6,N(C)(CC)CCCCCCB(c1c(Cl)c(Cl)c(Cl)c(Cl)c1Cl)(c1cc(C(F)(F)F)cc(C(F)(F)F)c1),CCN(C)CCCCCCB(c1cc(C(F)(F)F)cc(C(F)(F)F)c1)c1c(Cl)c(Cl)c(Cl)c(Cl)c1Cl,True,0.36
template_augmentation,intramolecular_N_B_alkyl,N,methyl,ethyl,bis_cf3_phenyl,bis_cf3_phenyl,C1,N(C)(CC)CB(c1cc(C(F)(F)F)cc(C(F)(F)F)c1)(c1cc(C(F)(F)F)cc(C(F)(F)F)c1),CCN(C)CB(c1cc(C(F)(F)F)cc(C(F)(F)F)c1)c1cc(C(F)(F)F)cc(C(F)(F)F)c1,True,0.4864864864864865
template_augmentation,intramolecular_N_B_alkyl,N,methyl,ethyl,bis_cf3_phenyl,bis_cf3_phenyl,C2,N(C)(CC)CCB(c1cc(C(F)(F)F)cc(C(F)(F)F)c1)(c1cc(C(F)(F)F)cc(C(F)(F)F)c1),CCN(C)CCB(c1cc(C(F)(F)F)cc(C(F)(F)F)c1)c1cc(C(F)(F)F)cc(C(F)(F)F)c1,True,0.46153846153846156
template_augmentation,intramolecular_N_B_alkyl,N,methyl,ethyl,bis_cf3_phenyl,bis_cf3_phenyl,C3,N(C)(CC)CCCB(c1cc(C(F)(F)F)cc(C(F)(F)F)c1)(c1cc(C(F)(F)F)cc(C(F)(F)F)c1),CCN(C)CCCB(c1cc(C(F)(F)F)cc(C(F)(F)F)c1)c1cc(C(F)(F)F)cc(C(F)(F)F)c1,True,0.43902439024390244
template_augmentation,intramolecular_N_B_alkyl,N,methyl,ethyl,bis_cf3_phenyl,bis_cf3_phenyl,C4,N(C)(CC)CCCCB(c1cc(C(F)(F)F)cc(C(F)(F)F)c1)(c1cc(C(F)(F)F)cc(C(F)(F)F)c1),CCN(C)CCCCB(c1cc(C(F)(F)F)cc(C(F)(F)F)c1)c1cc(C(F)(F)F)cc(C(F)(F)F)c1,True,0.42857142857142855
template_augmentation,intramolecular_N_B_alkyl,N,methyl,ethyl,bis_cf3_phenyl,bis_cf3_phenyl,C5,N(C)(CC)CCCCCB(c1cc(C(F)(F)F)cc(C(F)(F)F)c1)(c1cc(C(F)(F)F)cc(C(F)(F)F)c1),CCN(C)CCCCCB(c1cc(C(F)(F)F)cc(C(F)(F)F)c1)c1cc(C(F)(F)F)cc(C(F)(F)F)c1,True,0.4186046511627907
template_augmentation,intramolecular_N_B_alkyl,N,methyl,ethyl,bis_cf3_phenyl,bis_cf3_phenyl,C6,N(C)(CC)CCCCCCB(c1cc(C(F)(F)F)cc(C(F)(F)F)c1)(c1cc(C(F)(F)F)cc(C(F)(F)F)c1),CCN(C)CCCCCCB(c1cc(C(F)(F)F)cc(C(F)(F)F)c1)c1cc(C(F)(F)F)cc(C(F)(F)F)c1,True,0.4186046511627907
template_augmentation,intramolecular_N_B_alkyl,N,methyl,isopropyl,phenyl,phenyl,C1,N(C)(C(C)C)CB(c1ccccc1)(c1ccccc1),CC(C)N(C)CB(c1ccccc1)c1ccccc1,True,0.27906976744186046
template_augmentation,intramolecular_N_B_alkyl,N,methyl,isopropyl,phenyl,phenyl,C2,N(C)(C(C)C)CCB(c1ccccc1)(c1ccccc1),CC(C)N(C)CCB(c1ccccc1)c1ccccc1,True,0.26666666666666666
template_augmentation,intramolecular_N_B_alkyl,N,methyl,isopropyl,phenyl,phenyl,C3,N(C)(C(C)C)CCCB(c1ccccc1)(c1ccccc1),CC(C)N(C)CCCB(c1ccccc1)c1ccccc1,True,0.26666666666666666
template_augmentation,intramolecular_N_B_alkyl,N,methyl,isopropyl,phenyl,phenyl,C4,N(C)(C(C)C)CCCCB(c1ccccc1)(c1ccccc1),CC(C)N(C)CCCCB(c1ccccc1)c1ccccc1,True,0.28888888888888886
template_augmentation,intramolecular_N_B_alkyl,N,methyl,isopropyl,phenyl,phenyl,C5,N(C)(C(C)C)CCCCCB(c1ccccc1)(c1ccccc1),CC(C)N(C)CCCCCB(c1ccccc1)c1ccccc1,True,0.2826086956521739
template_augmentation,intramolecular_N_B_alkyl,N,methyl,isopropyl,phenyl,phenyl,C6,N(C)(C(C)C)CCCCCCB(c1ccccc1)(c1ccccc1),CC(C)N(C)CCCCCCB(c1ccccc1)c1ccccc1,True,0.2826086956521739
template_augmentation,intramolecular_N_B_alkyl,N,methyl,isopropyl,phenyl,p_tolyl,C1,N(C)(C(C)C)CB(c1ccccc1)(c1ccc(C)cc1),Cc1ccc(B(CN(C)C(C)C)c2ccccc2)cc1,True,0.25
template_augmentation,intramolecular_N_B_alkyl,N,methyl,isopropyl,phenyl,p_tolyl,C2,N(C)(C(C)C)CCB(c1ccccc1)(c1ccc(C)cc1),Cc1ccc(B(CCN(C)C(C)C)c2ccccc2)cc1,True,0.24
template_augmentation,intramolecular_N_B_alkyl,N,methyl,isopropyl,phenyl,p_tolyl,C3,N(C)(C(C)C)CCCB(c1ccccc1)(c1ccc(C)cc1),Cc1ccc(B(CCCN(C)C(C)C)c2ccccc2)cc1,True,0.25
template_augmentation,intramolecular_N_B_alkyl,N,methyl,isopropyl,phenyl,p_tolyl,C4,N(C)(C(C)C)CCCCB(c1ccccc1)(c1ccc(C)cc1),Cc1ccc(B(CCCCN(C)C(C)C)c2ccccc2)cc1,True,0.26785714285714285
template_augmentation,intramolecular_N_B_alkyl,N,methyl,isopropyl,phenyl,p_tolyl,C5,N(C)(C(C)C)CCCCCB(c1ccccc1)(c1ccc(C)cc1),Cc1ccc(B(CCCCCN(C)C(C)C)c2ccccc2)cc1,True,0.2631578947368421
template_augmentation,intramolecular_N_B_alkyl,N,methyl,isopropyl,phenyl,p_tolyl,C6,N(C)(C(C)C)CCCCCCB(c1ccccc1)(c1ccc(C)cc1),Cc1ccc(B(CCCCCCN(C)C(C)C)c2ccccc2)cc1,True,0.2631578947368421
template_augmentation,intramolecular_N_B_alkyl,N,methyl,isopropyl,phenyl,mesityl,C1,N(C)(C(C)C)CB(c1ccccc1)(c1c(C)cc(C)cc1C),Cc1cc(C)c(B(CN(C)C(C)C)c2ccccc2)c(C)c1,True,0.34782608695652173
template_augmentation,intramolecular_N_B_alkyl,N,methyl,isopropyl,phenyl,mesityl,C2,N(C)(C(C)C)CCB(c1ccccc1)(c1c(C)cc(C)cc1C),Cc1cc(C)c(B(CCN(C)C(C)C)c2ccccc2)c(C)c1,True,0.3333333333333333
template_augmentation,intramolecular_N_B_alkyl,N,methyl,isopropyl,phenyl,mesityl,C3,N(C)(C(C)C)CCCB(c1ccccc1)(c1c(C)cc(C)cc1C),Cc1cc(C)c(B(CCCN(C)C(C)C)c2ccccc2)c(C)c1,True,0.34615384615384615
template_augmentation,intramolecular_N_B_alkyl,N,methyl,isopropyl,phenyl,mesityl,C4,N(C)(C(C)C)CCCCB(c1ccccc1)(c1c(C)cc(C)cc1C),Cc1cc(C)c(B(CCCCN(C)C(C)C)c2ccccc2)c(C)c1,True,0.36538461538461536
template_augmentation,intramolecular_N_B_alkyl,N,methyl,isopropyl,phenyl,mesityl,C5,N(C)(C(C)C)CCCCCB(c1ccccc1)(c1c(C)cc(C)cc1C),Cc1cc(C)c(B(CCCCCN(C)C(C)C)c2ccccc2)c(C)c1,True,0.3584905660377358
template_augmentation,intramolecular_N_B_alkyl,N,methyl,isopropyl,phenyl,mesityl,C6,N(C)(C(C)C)CCCCCCB(c1ccccc1)(c1c(C)cc(C)cc1C),Cc1cc(C)c(B(CCCCCCN(C)C(C)C)c2ccccc2)c(C)c1,True,0.3584905660377358
template_augmentation,intramolecular_N_B_alkyl,N,methyl,isopropyl,phenyl,pentafluorophenyl,C1,N(C)(C(C)C)CB(c1ccccc1)(c1c(F)c(F)c(F)c(F)c1F),CC(C)N(C)CB(c1ccccc1)c1c(F)c(F)c(F)c(F)c1F,True,0.4318181818181818
template_augmentation,intramolecular_N_B_alkyl,N,methyl,isopropyl,phenyl,pentafluorophenyl,C2,N(C)(C(C)C)CCB(c1ccccc1)(c1c(F)c(F)c(F)c(F)c1F),CC(C)N(C)CCB(c1ccccc1)c1c(F)c(F)c(F)c(F)c1F,True,0.41304347826086957
template_augmentation,intramolecular_N_B_alkyl,N,methyl,isopropyl,phenyl,pentafluorophenyl,C3,N(C)(C(C)C)CCCB(c1ccccc1)(c1c(F)c(F)c(F)c(F)c1F),CC(C)N(C)CCCB(c1ccccc1)c1c(F)c(F)c(F)c(F)c1F,True,0.41304347826086957
template_augmentation,intramolecular_N_B_alkyl,N,methyl,isopropyl,phenyl,pentafluorophenyl,C4,N(C)(C(C)C)CCCCB(c1ccccc1)(c1c(F)c(F)c(F)c(F)c1F),CC(C)N(C)CCCCB(c1ccccc1)c1c(F)c(F)c(F)c(F)c1F,True,0.43478260869565216
template_augmentation,intramolecular_N_B_alkyl,N,methyl,isopropyl,phenyl,pentafluorophenyl,C5,N(C)(C(C)C)CCCCCB(c1ccccc1)(c1c(F)c(F)c(F)c(F)c1F),CC(C)N(C)CCCCCB(c1ccccc1)c1c(F)c(F)c(F)c(F)c1F,True,0.425531914893617
template_augmentation,intramolecular_N_B_alkyl,N,methyl,isopropyl,phenyl,pentafluorophenyl,C6,N(C)(C(C)C)CCCCCCB(c1ccccc1)(c1c(F)c(F)c(F)c(F)c1F),CC(C)N(C)CCCCCCB(c1ccccc1)c1c(F)c(F)c(F)c(F)c1F,True,0.425531914893617
template_augmentation,intramolecular_N_B_alkyl,N,methyl,isopropyl,phenyl,pentachlorophenyl,C1,N(C)(C(C)C)CB(c1ccccc1)(c1c(Cl)c(Cl)c(Cl)c(Cl)c1Cl),CC(C)N(C)CB(c1ccccc1)c1c(Cl)c(Cl)c(Cl)c(Cl)c1Cl,True,0.4186046511627907
template_augmentation,intramolecular_N_B_alkyl,N,methyl,isopropyl,phenyl,pentachlorophenyl,C2,N(C)(C(C)C)CCB(c1ccccc1)(c1c(Cl)c(Cl)c(Cl)c(Cl)c1Cl),CC(C)N(C)CCB(c1ccccc1)c1c(Cl)c(Cl)c(Cl)c(Cl)c1Cl,True,0.4
template_augmentation,intramolecular_N_B_alkyl,N,methyl,isopropyl,phenyl,pentachlorophenyl,C3,N(C)(C(C)C)CCCB(c1ccccc1)(c1c(Cl)c(Cl)c(Cl)c(Cl)c1Cl),CC(C)N(C)CCCB(c1ccccc1)c1c(Cl)c(Cl)c(Cl)c(Cl)c1Cl,True,0.4
template_augmentation,intramolecular_N_B_alkyl,N,methyl,isopropyl,phenyl,pentachlorophenyl,C4,N(C)(C(C)C)CCCCB(c1ccccc1)(c1c(Cl)c(Cl)c(Cl)c(Cl)c1Cl),CC(C)N(C)CCCCB(c1ccccc1)c1c(Cl)c(Cl)c(Cl)c(Cl)c1Cl,True,0.4222222222222222
template_augmentation,intramolecular_N_B_alkyl,N,methyl,isopropyl,phenyl,pentachlorophenyl,C5,N(C)(C(C)C)CCCCCB(c1ccccc1)(c1c(Cl)c(Cl)c(Cl)c(Cl)c1Cl),CC(C)N(C)CCCCCB(c1ccccc1)c1c(Cl)c(Cl)c(Cl)c(Cl)c1Cl,True,0.41304347826086957
template_augmentation,intramolecular_N_B_alkyl,N,methyl,isopropyl,phenyl,pentachlorophenyl,C6,N(C)(C(C)C)CCCCCCB(c1ccccc1)(c1c(Cl)c(Cl)c(Cl)c(Cl)c1Cl),CC(C)N(C)CCCCCCB(c1ccccc1)c1c(Cl)c(Cl)c(Cl)c(Cl)c1Cl,True,0.41304347826086957
template_augmentation,intramolecular_N_B_alkyl,N,methyl,isopropyl,phenyl,bis_cf3_phenyl,C1,N(C)(C(C)C)CB(c1ccccc1)(c1cc(C(F)(F)F)cc(C(F)(F)F)c1),CC(C)N(C)CB(c1ccccc1)c1cc(C(F)(F)F)cc(C(F)(F)F)c1,True,0.4418604651162791
template_augmentation,intramolecular_N_B_alkyl,N,methyl,isopropyl,phenyl,bis_cf3_phenyl,C2,N(C)(C(C)C)CCB(c1ccccc1)(c1cc(C(F)(F)F)cc(C(F)(F)F)c1),CC(C)N(C)CCB(c1ccccc1)c1cc(C(F)(F)F)cc(C(F)(F)F)c1,True,0.4222222222222222
template_augmentation,intramolecular_N_B_alkyl,N,methyl,isopropyl,phenyl,bis_cf3_phenyl,C3,N(C)(C(C)C)CCCB(c1ccccc1)(c1cc(C(F)(F)F)cc(C(F)(F)F)c1),CC(C)N(C)CCCB(c1ccccc1)c1cc(C(F)(F)F)cc(C(F)(F)F)c1,True,0.40425531914893614
template_augmentation,intramolecular_N_B_alkyl,N,methyl,isopropyl,phenyl,bis_cf3_phenyl,C4,N(C)(C(C)C)CCCCB(c1ccccc1)(c1cc(C(F)(F)F)cc(C(F)(F)F)c1),CC(C)N(C)CCCCB(c1ccccc1)c1cc(C(F)(F)F)cc(C(F)(F)F)c1,True,0.3958333333333333
template_augmentation,intramolecular_N_B_alkyl,N,methyl,isopropyl,phenyl,bis_cf3_phenyl,C5,N(C)(C(C)C)CCCCCB(c1ccccc1)(c1cc(C(F)(F)F)cc(C(F)(F)F)c1),CC(C)N(C)CCCCCB(c1ccccc1)c1cc(C(F)(F)F)cc(C(F)(F)F)c1,True,0.3877551020408163
template_augmentation,intramolecular_N_B_alkyl,N,methyl,isopropyl,phenyl,bis_cf3_phenyl,C6,N(C)(C(C)C)CCCCCCB(c1ccccc1)(c1cc(C(F)(F)F)cc(C(F)(F)F)c1),CC(C)N(C)CCCCCCB(c1ccccc1)c1cc(C(F)(F)F)cc(C(F)(F)F)c1,True,0.3877551020408163
template_augmentation,intramolecular_N_B_alkyl,N,methyl,isopropyl,p_tolyl,p_tolyl,C1,N(C)(C(C)C)CB(c1ccc(C)cc1)(c1ccc(C)cc1),Cc1ccc(B(CN(C)C(C)C)c2ccc(C)cc2)cc1,True,0.22916666666666666
template_augmentation,intramolecular_N_B_alkyl,N,methyl,isopropyl,p_tolyl,p_tolyl,C2,N(C)(C(C)C)CCB(c1ccc(C)cc1)(c1ccc(C)cc1),Cc1ccc(B(CCN(C)C(C)C)c2ccc(C)cc2)cc1,True,0.22
template_augmentation,intramolecular_N_B_alkyl,N,methyl,isopropyl,p_tolyl,p_tolyl,C3,N(C)(C(C)C)CCCB(c1ccc(C)cc1)(c1ccc(C)cc1),Cc1ccc(B(CCCN(C)C(C)C)c2ccc(C)cc2)cc1,True,0.24
template_augmentation,intramolecular_N_B_alkyl,N,methyl,isopropyl,p_tolyl,p_tolyl,C4,N(C)(C(C)C)CCCCB(c1ccc(C)cc1)(c1ccc(C)cc1),Cc1ccc(B(CCCCN(C)C(C)C)c2ccc(C)cc2)cc1,True,0.26
template_augmentation,intramolecular_N_B_alkyl,N,methyl,isopropyl,p_tolyl,p_tolyl,C5,N(C)(C(C)C)CCCCCB(c1ccc(C)cc1)(c1ccc(C)cc1),Cc1ccc(B(CCCCCN(C)C(C)C)c2ccc(C)cc2)cc1,True,0.2549019607843137
template_augmentation,intramolecular_N_B_alkyl,N,methyl,isopropyl,p_tolyl,p_tolyl,C6,N(C)(C(C)C)CCCCCCB(c1ccc(C)cc1)(c1ccc(C)cc1),Cc1ccc(B(CCCCCCN(C)C(C)C)c2ccc(C)cc2)cc1,True,0.2549019607843137
template_augmentation,intramolecular_N_B_alkyl,N,methyl,isopropyl,p_tolyl,mesityl,C1,N(C)(C(C)C)CB(c1ccc(C)cc1)(c1c(C)cc(C)cc1C),Cc1ccc(B(CN(C)C(C)C)c2c(C)cc(C)cc2C)cc1,True,0.32
template_augmentation,intramolecular_N_B_alkyl,N,methyl,isopropyl,p_tolyl,mesityl,C2,N(C)(C(C)C)CCB(c1ccc(C)cc1)(c1c(C)cc(C)cc1C),Cc1ccc(B(CCN(C)C(C)C)c2c(C)cc(C)cc2C)cc1,True,0.3076923076923077
template_augmentation,intramolecular_N_B_alkyl,N,methyl,isopropyl,p_tolyl,mesityl,C3,N(C)(C(C)C)CCCB(c1ccc(C)cc1)(c1c(C)cc(C)cc1C),Cc1ccc(B(CCCN(C)C(C)C)c2c(C)cc(C)cc2C)cc1,True,0.3269230769230769
template_augmentation,intramolecular_N_B_alkyl,N,methyl,isopropyl,p_tolyl,mesityl,C4,N(C)(C(C)C)CCCCB(c1ccc(C)cc1)(c1c(C)cc(C)cc1C),Cc1ccc(B(CCCCN(C)C(C)C)c2c(C)cc(C)cc2C)cc1,True,0.34615384615384615
template_augmentation,intramolecular_N_B_alkyl,N,methyl,isopropyl,p_tolyl,mesityl,C5,N(C)(C(C)C)CCCCCB(c1ccc(C)cc1)(c1c(C)cc(C)cc1C),Cc1ccc(B(CCCCCN(C)C(C)C)c2c(C)cc(C)cc2C)cc1,True,0.33962264150943394
template_augmentation,intramolecular_N_B_alkyl,N,methyl,isopropyl,p_tolyl,mesityl,C6,N(C)(C(C)C)CCCCCCB(c1ccc(C)cc1)(c1c(C)cc(C)cc1C),Cc1ccc(B(CCCCCCN(C)C(C)C)c2c(C)cc(C)cc2C)cc1,True,0.33962264150943394
template_augmentation,intramolecular_N_B_alkyl,N,methyl,isopropyl,p_tolyl,pentafluorophenyl,C1,N(C)(C(C)C)CB(c1ccc(C)cc1)(c1c(F)c(F)c(F)c(F)c1F),Cc1ccc(B(CN(C)C(C)C)c2c(F)c(F)c(F)c(F)c2F)cc1,True,0.37777777777777777
template_augmentation,intramolecular_N_B_alkyl,N,methyl,isopropyl,p_tolyl,pentafluorophenyl,C2,N(C)(C(C)C)CCB(c1ccc(C)cc1)(c1c(F)c(F)c(F)c(F)c1F),Cc1ccc(B(CCN(C)C(C)C)c2c(F)c(F)c(F)c(F)c2F)cc1,True,0.3617021276595745
template_augmentation,intramolecular_N_B_alkyl,N,methyl,isopropyl,p_tolyl,pentafluorophenyl,C3,N(C)(C(C)C)CCCB(c1ccc(C)cc1)(c1c(F)c(F)c(F)c(F)c1F),Cc1ccc(B(CCCN(C)C(C)C)c2c(F)c(F)c(F)c(F)c2F)cc1,True,0.38
template_augmentation,intramolecular_N_B_alkyl,N,methyl,isopropyl,p_tolyl,pentafluorophenyl,C4,N(C)(C(C)C)CCCCB(c1ccc(C)cc1)(c1c(F)c(F)c(F)c(F)c1F),Cc1ccc(B(CCCCN(C)C(C)C)c2c(F)c(F)c(F)c(F)c2F)cc1,True,0.4
template_augmentation,intramolecular_N_B_alkyl,N,methyl,isopropyl,p_tolyl,pentafluorophenyl,C5,N(C)(C(C)C)CCCCCB(c1ccc(C)cc1)(c1c(F)c(F)c(F)c(F)c1F),Cc1ccc(B(CCCCCN(C)C(C)C)c2c(F)c(F)c(F)c(F)c2F)cc1,True,0.39215686274509803
template_augmentation,intramolecular_N_B_alkyl,N,methyl,isopropyl,p_tolyl,pentafluorophenyl,C6,N(C)(C(C)C)CCCCCCB(c1ccc(C)cc1)(c1c(F)c(F)c(F)c(F)c1F),Cc1ccc(B(CCCCCCN(C)C(C)C)c2c(F)c(F)c(F)c(F)c2F)cc1,True,0.39215686274509803
template_augmentation,intramolecular_N_B_alkyl,N,methyl,isopropyl,p_tolyl,pentachlorophenyl,C1,N(C)(C(C)C)CB(c1ccc(C)cc1)(c1c(Cl)c(Cl)c(Cl)c(Cl)c1Cl),Cc1ccc(B(CN(C)C(C)C)c2c(Cl)c(Cl)c(Cl)c(Cl)c2Cl)cc1,True,0.37777777777777777
template_augmentation,intramolecular_N_B_alkyl,N,methyl,isopropyl,p_tolyl,pentachlorophenyl,C2,N(C)(C(C)C)CCB(c1ccc(C)cc1)(c1c(Cl)c(Cl)c(Cl)c(Cl)c1Cl),Cc1ccc(B(CCN(C)C(C)C)c2c(Cl)c(Cl)c(Cl)c(Cl)c2Cl)cc1,True,0.3617021276595745
template_augmentation,intramolecular_N_B_alkyl,N,methyl,isopropyl,p_tolyl,pentachlorophenyl,C3,N(C)(C(C)C)CCCB(c1ccc(C)cc1)(c1c(Cl)c(Cl)c(Cl)c(Cl)c1Cl),Cc1ccc(B(CCCN(C)C(C)C)c2c(Cl)c(Cl)c(Cl)c(Cl)c2Cl)cc1,True,0.38
template_augmentation,intramolecular_N_B_alkyl,N,methyl,isopropyl,p_tolyl,pentachlorophenyl,C4,N(C)(C(C)C)CCCCB(c1ccc(C)cc1)(c1c(Cl)c(Cl)c(Cl)c(Cl)c1Cl),Cc1ccc(B(CCCCN(C)C(C)C)c2c(Cl)c(Cl)c(Cl)c(Cl)c2Cl)cc1,True,0.4
template_augmentation,intramolecular_N_B_alkyl,N,methyl,isopropyl,p_tolyl,pentachlorophenyl,C5,N(C)(C(C)C)CCCCCB(c1ccc(C)cc1)(c1c(Cl)c(Cl)c(Cl)c(Cl)c1Cl),Cc1ccc(B(CCCCCN(C)C(C)C)c2c(Cl)c(Cl)c(Cl)c(Cl)c2Cl)cc1,True,0.39215686274509803
template_augmentation,intramolecular_N_B_alkyl,N,methyl,isopropyl,p_tolyl,pentachlorophenyl,C6,N(C)(C(C)C)CCCCCCB(c1ccc(C)cc1)(c1c(Cl)c(Cl)c(Cl)c(Cl)c1Cl),Cc1ccc(B(CCCCCCN(C)C(C)C)c2c(Cl)c(Cl)c(Cl)c(Cl)c2Cl)cc1,True,0.39215686274509803
template_augmentation,intramolecular_N_B_alkyl,N,methyl,isopropyl,p_tolyl,bis_cf3_phenyl,C1,N(C)(C(C)C)CB(c1ccc(C)cc1)(c1cc(C(F)(F)F)cc(C(F)(F)F)c1),Cc1ccc(B(CN(C)C(C)C)c2cc(C(F)(F)F)cc(C(F)(F)F)c2)cc1,True,0.4318181818181818
template_augmentation,intramolecular_N_B_alkyl,N,methyl,isopropyl,p_tolyl,bis_cf3_phenyl,C2,N(C)(C(C)C)CCB(c1ccc(C)cc1)(c1cc(C(F)(F)F)cc(C(F)(F)F)c1),Cc1ccc(B(CCN(C)C(C)C)c2cc(C(F)(F)F)cc(C(F)(F)F)c2)cc1,True,0.41304347826086957
template_augmentation,intramolecular_N_B_alkyl,N,methyl,isopropyl,p_tolyl,bis_cf3_phenyl,C3,N(C)(C(C)C)CCCB(c1ccc(C)cc1)(c1cc(C(F)(F)F)cc(C(F)(F)F)c1),Cc1ccc(B(CCCN(C)C(C)C)c2cc(C(F)(F)F)cc(C(F)(F)F)c2)cc1,True,0.3958333333333333
template_augmentation,intramolecular_N_B_alkyl,N,methyl,isopropyl,p_tolyl,bis_cf3_phenyl,C4,N(C)(C(C)C)CCCCB(c1ccc(C)cc1)(c1cc(C(F)(F)F)cc(C(F)(F)F)c1),Cc1ccc(B(CCCCN(C)C(C)C)c2cc(C(F)(F)F)cc(C(F)(F)F)c2)cc1,True,0.3877551020408163
template_augmentation,intramolecular_N_B_alkyl,N,methyl,isopropyl,p_tolyl,bis_cf3_phenyl,C5,N(C)(C(C)C)CCCCCB(c1ccc(C)cc1)(c1cc(C(F)(F)F)cc(C(F)(F)F)c1),Cc1ccc(B(CCCCCN(C)C(C)C)c2cc(C(F)(F)F)cc(C(F)(F)F)c2)cc1,True,0.38
template_augmentation,intramolecular_N_B_alkyl,N,methyl,isopropyl,p_tolyl,bis_cf3_phenyl,C6,N(C)(C(C)C)CCCCCCB(c1ccc(C)cc1)(c1cc(C(F)(F)F)cc(C(F)(F)F)c1),Cc1ccc(B(CCCCCCN(C)C(C)C)c2cc(C(F)(F)F)cc(C(F)(F)F)c2)cc1,True,0.38
template_augmentation,intramolecular_N_B_alkyl,N,methyl,isopropyl,mesityl,mesityl,C1,N(C)(C(C)C)CB(c1c(C)cc(C)cc1C)(c1c(C)cc(C)cc1C),Cc1cc(C)c(B(CN(C)C(C)C)c2c(C)cc(C)cc2C)c(C)c1,True,0.3333333333333333
template_augmentation,intramolecular_N_B_alkyl,N,methyl,isopropyl,mesityl,mesityl,C2,N(C)(C(C)C)CCB(c1c(C)cc(C)cc1C)(c1c(C)cc(C)cc1C),Cc1cc(C)c(B(CCN(C)C(C)C)c2c(C)cc(C)cc2C)c(C)c1,True,0.3488372093023256
template_augmentation,intramolecular_N_B_alkyl,N,methyl,isopropyl,mesityl,mesityl,C3,N(C)(C(C)C)CCCB(c1c(C)cc(C)cc1C)(c1c(C)cc(C)cc1C),Cc1cc(C)c(B(CCCN(C)C(C)C)c2c(C)cc(C)cc2C)c(C)c1,True,0.3695652173913043
template_augmentation,intramolecular_N_B_alkyl,N,methyl,isopropyl,mesityl,mesityl,C4,N(C)(C(C)C)CCCCB(c1c(C)cc(C)cc1C)(c1c(C)cc(C)cc1C),Cc1cc(C)c(B(CCCCN(C)C(C)C)c2c(C)cc(C)cc2C)c(C)c1,True,0.391304347826087
template_augmentation,intramolecular_N_B_alkyl,N,methyl,isopropyl,mesityl,mesityl,C5,N(C)(C(C)C)CCCCCB(c1c(C)cc(C)cc1C)(c1c(C)cc(C)cc1C),Cc1cc(C)c(B(CCCCCN(C)C(C)C)c2c(C)cc(C)cc2C)c(C)c1,True,0.3829787234042553
template_augmentation,intramolecular_N_B_alkyl,N,methyl,isopropyl,mesityl,mesityl,C6,N(C)(C(C)C)CCCCCCB(c1c(C)cc(C)cc1C)(c1c(C)cc(C)cc1C),Cc1cc(C)c(B(CCCCCCN(C)C(C)C)c2c(C)cc(C)cc2C)c(C)c1,True,0.3829787234042553
template_augmentation,intramolecular_N_B_alkyl,N,methyl,isopropyl,mesityl,pentafluorophenyl,C1,N(C)(C(C)C)CB(c1c(C)cc(C)cc1C)(c1c(F)c(F)c(F)c(F)c1F),Cc1cc(C)c(B(CN(C)C(C)C)c2c(F)c(F)c(F)c(F)c2F)c(C)c1,True,0.47619047619047616
template_augmentation,intramolecular_N_B_alkyl,N,methyl,isopropyl,mesityl,pentafluorophenyl,C2,N(C)(C(C)C)CCB(c1c(C)cc(C)cc1C)(c1c(F)c(F)c(F)c(F)c1F),Cc1cc(C)c(B(CCN(C)C(C)C)c2c(F)c(F)c(F)c(F)c2F)c(C)c1,True,0.4883720930232558
template_augmentation,intramolecular_N_B_alkyl,N,methyl,isopropyl,mesityl,pentafluorophenyl,C3,N(C)(C(C)C)CCCB(c1c(C)cc(C)cc1C)(c1c(F)c(F)c(F)c(F)c1F),Cc1cc(C)c(B(CCCN(C)C(C)C)c2c(F)c(F)c(F)c(F)c2F)c(C)c1,True,0.5
template_augmentation,intramolecular_N_B_alkyl,N,methyl,isopropyl,mesityl,pentafluorophenyl,C4,N(C)(C(C)C)CCCCB(c1c(C)cc(C)cc1C)(c1c(F)c(F)c(F)c(F)c1F),Cc1cc(C)c(B(CCCCN(C)C(C)C)c2c(F)c(F)c(F)c(F)c2F)c(C)c1,True,0.5217391304347826
template_augmentation,intramolecular_N_B_alkyl,N,methyl,isopropyl,mesityl,pentafluorophenyl,C5,N(C)(C(C)C)CCCCCB(c1c(C)cc(C)cc1C)(c1c(F)c(F)c(F)c(F)c1F),Cc1cc(C)c(B(CCCCCN(C)C(C)C)c2c(F)c(F)c(F)c(F)c2F)c(C)c1,True,0.5106382978723404
template_augmentation,intramolecular_N_B_alkyl,N,methyl,isopropyl,mesityl,pentafluorophenyl,C6,N(C)(C(C)C)CCCCCCB(c1c(C)cc(C)cc1C)(c1c(F)c(F)c(F)c(F)c1F),Cc1cc(C)c(B(CCCCCCN(C)C(C)C)c2c(F)c(F)c(F)c(F)c2F)c(C)c1,True,0.5106382978723404
template_augmentation,intramolecular_N_B_alkyl,N,methyl,isopropyl,mesityl,pentachlorophenyl,C1,N(C)(C(C)C)CB(c1c(C)cc(C)cc1C)(c1c(Cl)c(Cl)c(Cl)c(Cl)c1Cl),Cc1cc(C)c(B(CN(C)C(C)C)c2c(Cl)c(Cl)c(Cl)c(Cl)c2Cl)c(C)c1,True,0.47619047619047616
template_augmentation,intramolecular_N_B_alkyl,N,methyl,isopropyl,mesityl,pentachlorophenyl,C2,N(C)(C(C)C)CCB(c1c(C)cc(C)cc1C)(c1c(Cl)c(Cl)c(Cl)c(Cl)c1Cl),Cc1cc(C)c(B(CCN(C)C(C)C)c2c(Cl)c(Cl)c(Cl)c(Cl)c2Cl)c(C)c1,True,0.4883720930232558
template_augmentation,intramolecular_N_B_alkyl,N,methyl,isopropyl,mesityl,pentachlorophenyl,C3,N(C)(C(C)C)CCCB(c1c(C)cc(C)cc1C)(c1c(Cl)c(Cl)c(Cl)c(Cl)c1Cl),Cc1cc(C)c(B(CCCN(C)C(C)C)c2c(Cl)c(Cl)c(Cl)c(Cl)c2Cl)c(C)c1,True,0.5
template_augmentation,intramolecular_N_B_alkyl,N,methyl,isopropyl,mesityl,pentachlorophenyl,C4,N(C)(C(C)C)CCCCB(c1c(C)cc(C)cc1C)(c1c(Cl)c(Cl)c(Cl)c(Cl)c1Cl),Cc1cc(C)c(B(CCCCN(C)C(C)C)c2c(Cl)c(Cl)c(Cl)c(Cl)c2Cl)c(C)c1,True,0.5217391304347826
template_augmentation,intramolecular_N_B_alkyl,N,methyl,isopropyl,mesityl,pentachlorophenyl,C5,N(C)(C(C)C)CCCCCB(c1c(C)cc(C)cc1C)(c1c(Cl)c(Cl)c(Cl)c(Cl)c1Cl),Cc1cc(C)c(B(CCCCCN(C)C(C)C)c2c(Cl)c(Cl)c(Cl)c(Cl)c2Cl)c(C)c1,True,0.5106382978723404
template_augmentation,intramolecular_N_B_alkyl,N,methyl,isopropyl,mesityl,pentachlorophenyl,C6,N(C)(C(C)C)CCCCCCB(c1c(C)cc(C)cc1C)(c1c(Cl)c(Cl)c(Cl)c(Cl)c1Cl),Cc1cc(C)c(B(CCCCCCN(C)C(C)C)c2c(Cl)c(Cl)c(Cl)c(Cl)c2Cl)c(C)c1,True,0.5106382978723404
template_augmentation,intramolecular_N_B_alkyl,N,methyl,isopropyl,mesityl,bis_cf3_phenyl,C1,N(C)(C(C)C)CB(c1c(C)cc(C)cc1C)(c1cc(C(F)(F)F)cc(C(F)(F)F)c1),Cc1cc(C)c(B(CN(C)C(C)C)c2cc(C(F)(F)F)cc(C(F)(F)F)c2)c(C)c1,True,0.4222222222222222
template_augmentation,intramolecular_N_B_alkyl,N,methyl,isopropyl,mesityl,bis_cf3_phenyl,C2,N(C)(C(C)C)CCB(c1c(C)cc(C)cc1C)(c1cc(C(F)(F)F)cc(C(F)(F)F)c1),Cc1cc(C)c(B(CCN(C)C(C)C)c2cc(C(F)(F)F)cc(C(F)(F)F)c2)c(C)c1,True,0.40425531914893614
template_augmentation,intramolecular_N_B_alkyl,N,methyl,isopropyl,mesityl,bis_cf3_phenyl,C3,N(C)(C(C)C)CCCB(c1c(C)cc(C)cc1C)(c1cc(C(F)(F)F)cc(C(F)(F)F)c1),Cc1cc(C)c(B(CCCN(C)C(C)C)c2cc(C(F)(F)F)cc(C(F)(F)F)c2)c(C)c1,True,0.3877551020408163
template_augmentation,intramolecular_N_B_alkyl,N,methyl,isopropyl,mesityl,bis_cf3_phenyl,C4,N(C)(C(C)C)CCCCB(c1c(C)cc(C)cc1C)(c1cc(C(F)(F)F)cc(C(F)(F)F)c1),Cc1cc(C)c(B(CCCCN(C)C(C)C)c2cc(C(F)(F)F)cc(C(F)(F)F)c2)c(C)c1,True,0.38
template_augmentation,intramolecular_N_B_alkyl,N,methyl,isopropyl,mesityl,bis_cf3_phenyl,C5,N(C)(C(C)C)CCCCCB(c1c(C)cc(C)cc1C)(c1cc(C(F)(F)F)cc(C(F)(F)F)c1),Cc1cc(C)c(B(CCCCCN(C)C(C)C)c2cc(C(F)(F)F)cc(C(F)(F)F)c2)c(C)c1,True,0.37254901960784315
template_augmentation,intramolecular_N_B_alkyl,N,methyl,isopropyl,mesityl,bis_cf3_phenyl,C6,N(C)(C(C)C)CCCCCCB(c1c(C)cc(C)cc1C)(c1cc(C(F)(F)F)cc(C(F)(F)F)c1),Cc1cc(C)c(B(CCCCCCN(C)C(C)C)c2cc(C(F)(F)F)cc(C(F)(F)F)c2)c(C)c1,True,0.37254901960784315
template_augmentation,intramolecular_N_B_alkyl,N,methyl,isopropyl,pentafluorophenyl,pentafluorophenyl,C1,N(C)(C(C)C)CB(c1c(F)c(F)c(F)c(F)c1F)(c1c(F)c(F)c(F)c(F)c1F),CC(C)N(C)CB(c1c(F)c(F)c(F)c(F)c1F)c1c(F)c(F)c(F)c(F)c1F,True,0.4117647058823529
template_augmentation,intramolecular_N_B_alkyl,N,methyl,isopropyl,pentafluorophenyl,pentafluorophenyl,C2,N(C)(C(C)C)CCB(c1c(F)c(F)c(F)c(F)c1F)(c1c(F)c(F)c(F)c(F)c1F),CC(C)N(C)CCB(c1c(F)c(F)c(F)c(F)c1F)c1c(F)c(F)c(F)c(F)c1F,True,0.3902439024390244
template_augmentation,intramolecular_N_B_alkyl,N,methyl,isopropyl,pentafluorophenyl,pentafluorophenyl,C3,N(C)(C(C)C)CCCB(c1c(F)c(F)c(F)c(F)c1F)(c1c(F)c(F)c(F)c(F)c1F),CC(C)N(C)CCCB(c1c(F)c(F)c(F)c(F)c1F)c1c(F)c(F)c(F)c(F)c1F,True,0.38095238095238093
template_augmentation,intramolecular_N_B_alkyl,N,methyl,isopropyl,pentafluorophenyl,pentafluorophenyl,C4,N(C)(C(C)C)CCCCB(c1c(F)c(F)c(F)c(F)c1F)(c1c(F)c(F)c(F)c(F)c1F),CC(C)N(C)CCCCB(c1c(F)c(F)c(F)c(F)c1F)c1c(F)c(F)c(F)c(F)c1F,True,0.38636363636363635
template_augmentation,intramolecular_N_B_alkyl,N,methyl,isopropyl,pentafluorophenyl,pentafluorophenyl,C5,N(C)(C(C)C)CCCCCB(c1c(F)c(F)c(F)c(F)c1F)(c1c(F)c(F)c(F)c(F)c1F),CC(C)N(C)CCCCCB(c1c(F)c(F)c(F)c(F)c1F)c1c(F)c(F)c(F)c(F)c1F,True,0.37777777777777777
template_augmentation,intramolecular_N_B_alkyl,N,methyl,isopropyl,pentafluorophenyl,pentafluorophenyl,C6,N(C)(C(C)C)CCCCCCB(c1c(F)c(F)c(F)c(F)c1F)(c1c(F)c(F)c(F)c(F)c1F),CC(C)N(C)CCCCCCB(c1c(F)c(F)c(F)c(F)c1F)c1c(F)c(F)c(F)c(F)c1F,True,0.37777777777777777
template_augmentation,intramolecular_N_B_alkyl,N,methyl,isopropyl,pentafluorophenyl,pentachlorophenyl,C1,N(C)(C(C)C)CB(c1c(F)c(F)c(F)c(F)c1F)(c1c(Cl)c(Cl)c(Cl)c(Cl)c1Cl),CC(C)N(C)CB(c1c(F)c(F)c(F)c(F)c1F)c1c(Cl)c(Cl)c(Cl)c(Cl)c1Cl,True,0.35
template_augmentation,intramolecular_N_B_alkyl,N,methyl,isopropyl,pentafluorophenyl,pentachlorophenyl,C2,N(C)(C(C)C)CCB(c1c(F)c(F)c(F)c(F)c1F)(c1c(Cl)c(Cl)c(Cl)c(Cl)c1Cl),CC(C)N(C)CCB(c1c(F)c(F)c(F)c(F)c1F)c1c(Cl)c(Cl)c(Cl)c(Cl)c1Cl,True,0.3404255319148936
template_augmentation,intramolecular_N_B_alkyl,N,methyl,isopropyl,pentafluorophenyl,pentachlorophenyl,C3,N(C)(C(C)C)CCCB(c1c(F)c(F)c(F)c(F)c1F)(c1c(Cl)c(Cl)c(Cl)c(Cl)c1Cl),CC(C)N(C)CCCB(c1c(F)c(F)c(F)c(F)c1F)c1c(Cl)c(Cl)c(Cl)c(Cl)c1Cl,True,0.3404255319148936
template_augmentation,intramolecular_N_B_alkyl,N,methyl,isopropyl,pentafluorophenyl,pentachlorophenyl,C4,N(C)(C(C)C)CCCCB(c1c(F)c(F)c(F)c(F)c1F)(c1c(Cl)c(Cl)c(Cl)c(Cl)c1Cl),CC(C)N(C)CCCCB(c1c(F)c(F)c(F)c(F)c1F)c1c(Cl)c(Cl)c(Cl)c(Cl)c1Cl,True,0.3617021276595745
template_augmentation,intramolecular_N_B_alkyl,N,methyl,isopropyl,pentafluorophenyl,pentachlorophenyl,C5,N(C)(C(C)C)CCCCCB(c1c(F)c(F)c(F)c(F)c1F)(c1c(Cl)c(Cl)c(Cl)c(Cl)c1Cl),CC(C)N(C)CCCCCB(c1c(F)c(F)c(F)c(F)c1F)c1c(Cl)c(Cl)c(Cl)c(Cl)c1Cl,True,0.3541666666666667
template_augmentation,intramolecular_N_B_alkyl,N,methyl,isopropyl,pentafluorophenyl,pentachlorophenyl,C6,N(C)(C(C)C)CCCCCCB(c1c(F)c(F)c(F)c(F)c1F)(c1c(Cl)c(Cl)c(Cl)c(Cl)c1Cl),CC(C)N(C)CCCCCCB(c1c(F)c(F)c(F)c(F)c1F)c1c(Cl)c(Cl)c(Cl)c(Cl)c1Cl,True,0.3541666666666667
template_augmentation,intramolecular_N_B_alkyl,N,methyl,isopropyl,pentafluorophenyl,bis_cf3_phenyl,C1,N(C)(C(C)C)CB(c1c(F)c(F)c(F)c(F)c1F)(c1cc(C(F)(F)F)cc(C(F)(F)F)c1),CC(C)N(C)CB(c1cc(C(F)(F)F)cc(C(F)(F)F)c1)c1c(F)c(F)c(F)c(F)c1F,True,0.4418604651162791
template_augmentation,intramolecular_N_B_alkyl,N,methyl,isopropyl,pentafluorophenyl,bis_cf3_phenyl,C2,N(C)(C(C)C)CCB(c1c(F)c(F)c(F)c(F)c1F)(c1cc(C(F)(F)F)cc(C(F)(F)F)c1),CC(C)N(C)CCB(c1cc(C(F)(F)F)cc(C(F)(F)F)c1)c1c(F)c(F)c(F)c(F)c1F,True,0.4222222222222222
template_augmentation,intramolecular_N_B_alkyl,N,methyl,isopropyl,pentafluorophenyl,bis_cf3_phenyl,C3,N(C)(C(C)C)CCCB(c1c(F)c(F)c(F)c(F)c1F)(c1cc(C(F)(F)F)cc(C(F)(F)F)c1),CC(C)N(C)CCCB(c1cc(C(F)(F)F)cc(C(F)(F)F)c1)c1c(F)c(F)c(F)c(F)c1F,True,0.40425531914893614
template_augmentation,intramolecular_N_B_alkyl,N,methyl,isopropyl,pentafluorophenyl,bis_cf3_phenyl,C4,N(C)(C(C)C)CCCCB(c1c(F)c(F)c(F)c(F)c1F)(c1cc(C(F)(F)F)cc(C(F)(F)F)c1),CC(C)N(C)CCCCB(c1cc(C(F)(F)F)cc(C(F)(F)F)c1)c1c(F)c(F)c(F)c(F)c1F,True,0.3958333333333333
template_augmentation,intramolecular_N_B_alkyl,N,methyl,isopropyl,pentafluorophenyl,bis_cf3_phenyl,C5,N(C)(C(C)C)CCCCCB(c1c(F)c(F)c(F)c(F)c1F)(c1cc(C(F)(F)F)cc(C(F)(F)F)c1),CC(C)N(C)CCCCCB(c1cc(C(F)(F)F)cc(C(F)(F)F)c1)c1c(F)c(F)c(F)c(F)c1F,True,0.3877551020408163
template_augmentation,intramolecular_N_B_alkyl,N,methyl,isopropyl,pentafluorophenyl,bis_cf3_phenyl,C6,N(C)(C(C)C)CCCCCCB(c1c(F)c(F)c(F)c(F)c1F)(c1cc(C(F)(F)F)cc(C(F)(F)F)c1),CC(C)N(C)CCCCCCB(c1cc(C(F)(F)F)cc(C(F)(F)F)c1)c1c(F)c(F)c(F)c(F)c1F,True,0.3877551020408163
template_augmentation,intramolecular_N_B_alkyl,N,methyl,isopropyl,pentachlorophenyl,pentachlorophenyl,C1,N(C)(C(C)C)CB(c1c(Cl)c(Cl)c(Cl)c(Cl)c1Cl)(c1c(Cl)c(Cl)c(Cl)c(Cl)c1Cl),CC(C)N(C)CB(c1c(Cl)c(Cl)c(Cl)c(Cl)c1Cl)c1c(Cl)c(Cl)c(Cl)c(Cl)c1Cl,True,0.4117647058823529
template_augmentation,intramolecular_N_B_alkyl,N,methyl,isopropyl,pentachlorophenyl,pentachlorophenyl,C2,N(C)(C(C)C)CCB(c1c(Cl)c(Cl)c(Cl)c(Cl)c1Cl)(c1c(Cl)c(Cl)c(Cl)c(Cl)c1Cl),CC(C)N(C)CCB(c1c(Cl)c(Cl)c(Cl)c(Cl)c1Cl)c1c(Cl)c(Cl)c(Cl)c(Cl)c1Cl,True,0.3902439024390244
template_augmentation,intramolecular_N_B_alkyl,N,methyl,isopropyl,pentachlorophenyl,pentachlorophenyl,C3,N(C)(C(C)C)CCCB(c1c(Cl)c(Cl)c(Cl)c(Cl)c1Cl)(c1c(Cl)c(Cl)c(Cl)c(Cl)c1Cl),CC(C)N(C)CCCB(c1c(Cl)c(Cl)c(Cl)c(Cl)c1Cl)c1c(Cl)c(Cl)c(Cl)c(Cl)c1Cl,True,0.38095238095238093
template_augmentation,intramolecular_N_B_alkyl,N,methyl,isopropyl,pentachlorophenyl,pentachlorophenyl,C4,N(C)(C(C)C)CCCCB(c1c(Cl)c(Cl)c(Cl)c(Cl)c1Cl)(c1c(Cl)c(Cl)c(Cl)c(Cl)c1Cl),CC(C)N(C)CCCCB(c1c(Cl)c(Cl)c(Cl)c(Cl)c1Cl)c1c(Cl)c(Cl)c(Cl)c(Cl)c1Cl,True,0.3902439024390244
template_augmentation,intramolecular_N_B_alkyl,N,methyl,isopropyl,pentachlorophenyl,pentachlorophenyl,C5,N(C)(C(C)C)CCCCCB(c1c(Cl)c(Cl)c(Cl)c(Cl)c1Cl)(c1c(Cl)c(Cl)c(Cl)c(Cl)c1Cl),CC(C)N(C)CCCCCB(c1c(Cl)c(Cl)c(Cl)c(Cl)c1Cl)c1c(Cl)c(Cl)c(Cl)c(Cl)c1Cl,True,0.38095238095238093
template_augmentation,intramolecular_N_B_alkyl,N,methyl,isopropyl,pentachlorophenyl,pentachlorophenyl,C6,N(C)(C(C)C)CCCCCCB(c1c(Cl)c(Cl)c(Cl)c(Cl)c1Cl)(c1c(Cl)c(Cl)c(Cl)c(Cl)c1Cl),CC(C)N(C)CCCCCCB(c1c(Cl)c(Cl)c(Cl)c(Cl)c1Cl)c1c(Cl)c(Cl)c(Cl)c(Cl)c1Cl,True,0.38095238095238093
template_augmentation,intramolecular_N_B_alkyl,N,methyl,isopropyl,pentachlorophenyl,bis_cf3_phenyl,C1,N(C)(C(C)C)CB(c1c(Cl)c(Cl)c(Cl)c(Cl)c1Cl)(c1cc(C(F)(F)F)cc(C(F)(F)F)c1),CC(C)N(C)CB(c1cc(C(F)(F)F)cc(C(F)(F)F)c1)c1c(Cl)c(Cl)c(Cl)c(Cl)c1Cl,True,0.4318181818181818
template_augmentation,intramolecular_N_B_alkyl,N,methyl,isopropyl,pentachlorophenyl,bis_cf3_phenyl,C2,N(C)(C(C)C)CCB(c1c(Cl)c(Cl)c(Cl)c(Cl)c1Cl)(c1cc(C(F)(F)F)cc(C(F)(F)F)c1),CC(C)N(C)CCB(c1cc(C(F)(F)F)cc(C(F)(F)F)c1)c1c(Cl)c(Cl)c(Cl)c(Cl)c1Cl,True,0.41304347826086957
template_augmentation,intramolecular_N_B_alkyl,N,methyl,isopropyl,pentachlorophenyl,bis_cf3_phenyl,C3,N(C)(C(C)C)CCCB(c1c(Cl)c(Cl)c(Cl)c(Cl)c1Cl)(c1cc(C(F)(F)F)cc(C(F)(F)F)c1),CC(C)N(C)CCCB(c1cc(C(F)(F)F)cc(C(F)(F)F)c1)c1c(Cl)c(Cl)c(Cl)c(Cl)c1Cl,True,0.3958333333333333
template_augmentation,intramolecular_N_B_alkyl,N,methyl,isopropyl,pentachlorophenyl,bis_cf3_phenyl,C4,N(C)(C(C)C)CCCCB(c1c(Cl)c(Cl)c(Cl)c(Cl)c1Cl)(c1cc(C(F)(F)F)cc(C(F)(F)F)c1),CC(C)N(C)CCCCB(c1cc(C(F)(F)F)cc(C(F)(F)F)c1)c1c(Cl)c(Cl)c(Cl)c(Cl)c1Cl,True,0.3877551020408163
template_augmentation,intramolecular_N_B_alkyl,N,methyl,isopropyl,pentachlorophenyl,bis_cf3_phenyl,C5,N(C)(C(C)C)CCCCCB(c1c(Cl)c(Cl)c(Cl)c(Cl)c1Cl)(c1cc(C(F)(F)F)cc(C(F)(F)F)c1),CC(C)N(C)CCCCCB(c1cc(C(F)(F)F)cc(C(F)(F)F)c1)c1c(Cl)c(Cl)c(Cl)c(Cl)c1Cl,True,0.38
template_augmentation,intramolecular_N_B_alkyl,N,methyl,isopropyl,pentachlorophenyl,bis_cf3_phenyl,C6,N(C)(C(C)C)CCCCCCB(c1c(Cl)c(Cl)c(Cl)c(Cl)c1Cl)(c1cc(C(F)(F)F)cc(C(F)(F)F)c1),CC(C)N(C)CCCCCCB(c1cc(C(F)(F)F)cc(C(F)(F)F)c1)c1c(Cl)c(Cl)c(Cl)c(Cl)c1Cl,True,0.38
template_augmentation,intramolecular_N_B_alkyl,N,methyl,isopropyl,bis_cf3_phenyl,bis_cf3_phenyl,C1,N(C)(C(C)C)CB(c1cc(C(F)(F)F)cc(C(F)(F)F)c1)(c1cc(C(F)(F)F)cc(C(F)(F)F)c1),CC(C)N(C)CB(c1cc(C(F)(F)F)cc(C(F)(F)F)c1)c1cc(C(F)(F)F)cc(C(F)(F)F)c1,True,0.5135135135135135
template_augmentation,intramolecular_N_B_alkyl,N,methyl,isopropyl,bis_cf3_phenyl,bis_cf3_phenyl,C2,N(C)(C(C)C)CCB(c1cc(C(F)(F)F)cc(C(F)(F)F)c1)(c1cc(C(F)(F)F)cc(C(F)(F)F)c1),CC(C)N(C)CCB(c1cc(C(F)(F)F)cc(C(F)(F)F)c1)c1cc(C(F)(F)F)cc(C(F)(F)F)c1,True,0.48717948717948717
template_augmentation,intramolecular_N_B_alkyl,N,methyl,isopropyl,bis_cf3_phenyl,bis_cf3_phenyl,C3,N(C)(C(C)C)CCCB(c1cc(C(F)(F)F)cc(C(F)(F)F)c1)(c1cc(C(F)(F)F)cc(C(F)(F)F)c1),CC(C)N(C)CCCB(c1cc(C(F)(F)F)cc(C(F)(F)F)c1)c1cc(C(F)(F)F)cc(C(F)(F)F)c1,True,0.4634146341463415
template_augmentation,intramolecular_N_B_alkyl,N,methyl,isopropyl,bis_cf3_phenyl,bis_cf3_phenyl,C4,N(C)(C(C)C)CCCCB(c1cc(C(F)(F)F)cc(C(F)(F)F)c1)(c1cc(C(F)(F)F)cc(C(F)(F)F)c1),CC(C)N(C)CCCCB(c1cc(C(F)(F)F)cc(C(F)(F)F)c1)c1cc(C(F)(F)F)cc(C(F)(F)F)c1,True,0.4523809523809524
template_augmentation,intramolecular_N_B_alkyl,N,methyl,isopropyl,bis_cf3_phenyl,bis_cf3_phenyl,C5,N(C)(C(C)C)CCCCCB(c1cc(C(F)(F)F)cc(C(F)(F)F)c1)(c1cc(C(F)(F)F)cc(C(F)(F)F)c1),CC(C)N(C)CCCCCB(c1cc(C(F)(F)F)cc(C(F)(F)F)c1)c1cc(C(F)(F)F)cc(C(F)(F)F)c1,True,0.4418604651162791
template_augmentation,intramolecular_N_B_alkyl,N,methyl,isopropyl,bis_cf3_phenyl,bis_cf3_phenyl,C6,N(C)(C(C)C)CCCCCCB(c1cc(C(F)(F)F)cc(C(F)(F)F)c1)(c1cc(C(F)(F)F)cc(C(F)(F)F)c1),CC(C)N(C)CCCCCCB(c1cc(C(F)(F)F)cc(C(F)(F)F)c1)c1cc(C(F)(F)F)cc(C(F)(F)F)c1,True,0.4418604651162791
template_augmentation,intramolecular_N_B_alkyl,N,methyl,cyclohexyl,phenyl,phenyl,C1,N(C)(C1CCCCC1)CB(c1ccccc1)(c1ccccc1),CN(CB(c1ccccc1)c1ccccc1)C1CCCCC1,True,0.3409090909090909
template_augmentation,intramolecular_N_B_alkyl,N,methyl,cyclohexyl,phenyl,phenyl,C2,N(C)(C1CCCCC1)CCB(c1ccccc1)(c1ccccc1),CN(CCB(c1ccccc1)c1ccccc1)C1CCCCC1,True,0.32608695652173914
template_augmentation,intramolecular_N_B_alkyl,N,methyl,cyclohexyl,phenyl,phenyl,C3,N(C)(C1CCCCC1)CCCB(c1ccccc1)(c1ccccc1),CN(CCCB(c1ccccc1)c1ccccc1)C1CCCCC1,True,0.3125
template_augmentation,intramolecular_N_B_alkyl,N,methyl,cyclohexyl,phenyl,phenyl,C4,N(C)(C1CCCCC1)CCCCB(c1ccccc1)(c1ccccc1),CN(CCCCB(c1ccccc1)c1ccccc1)C1CCCCC1,True,0.30612244897959184
template_augmentation,intramolecular_N_B_alkyl,N,methyl,cyclohexyl,phenyl,phenyl,C5,N(C)(C1CCCCC1)CCCCCB(c1ccccc1)(c1ccccc1),CN(CCCCCB(c1ccccc1)c1ccccc1)C1CCCCC1,True,0.3
template_augmentation,intramolecular_N_B_alkyl,N,methyl,cyclohexyl,phenyl,phenyl,C6,N(C)(C1CCCCC1)CCCCCCB(c1ccccc1)(c1ccccc1),CN(CCCCCCB(c1ccccc1)c1ccccc1)C1CCCCC1,True,0.3
template_augmentation,intramolecular_N_B_alkyl,N,methyl,cyclohexyl,phenyl,p_tolyl,C1,N(C)(C1CCCCC1)CB(c1ccccc1)(c1ccc(C)cc1),Cc1ccc(B(CN(C)C2CCCCC2)c2ccccc2)cc1,True,0.30612244897959184
template_augmentation,intramolecular_N_B_alkyl,N,methyl,cyclohexyl,phenyl,p_tolyl,C2,N(C)(C1CCCCC1)CCB(c1ccccc1)(c1ccc(C)cc1),Cc1ccc(B(CCN(C)C2CCCCC2)c2ccccc2)cc1,True,0.29411764705882354
template_augmentation,intramolecular_N_B_alkyl,N,methyl,cyclohexyl,phenyl,p_tolyl,C3,N(C)(C1CCCCC1)CCCB(c1ccccc1)(c1ccc(C)cc1),Cc1ccc(B(CCCN(C)C2CCCCC2)c2ccccc2)cc1,True,0.2830188679245283
template_augmentation,intramolecular_N_B_alkyl,N,methyl,cyclohexyl,phenyl,p_tolyl,C4,N(C)(C1CCCCC1)CCCCB(c1ccccc1)(c1ccc(C)cc1),Cc1ccc(B(CCCCN(C)C2CCCCC2)c2ccccc2)cc1,True,0.2777777777777778
template_augmentation,intramolecular_N_B_alkyl,N,methyl,cyclohexyl,phenyl,p_tolyl,C5,N(C)(C1CCCCC1)CCCCCB(c1ccccc1)(c1ccc(C)cc1),Cc1ccc(B(CCCCCN(C)C2CCCCC2)c2ccccc2)cc1,True,0.2727272727272727
template_augmentation,intramolecular_N_B_alkyl,N,methyl,cyclohexyl,phenyl,p_tolyl,C6,N(C)(C1CCCCC1)CCCCCCB(c1ccccc1)(c1ccc(C)cc1),Cc1ccc(B(CCCCCCN(C)C2CCCCC2)c2ccccc2)cc1,True,0.2727272727272727
template_augmentation,intramolecular_N_B_alkyl,N,methyl,cyclohexyl,phenyl,mesityl,C1,N(C)(C1CCCCC1)CB(c1ccccc1)(c1c(C)cc(C)cc1C),Cc1cc(C)c(B(CN(C)C2CCCCC2)c2ccccc2)c(C)c1,True,0.39622641509433965
template_augmentation,intramolecular_N_B_alkyl,N,methyl,cyclohexyl,phenyl,mesityl,C2,N(C)(C1CCCCC1)CCB(c1ccccc1)(c1c(C)cc(C)cc1C),Cc1cc(C)c(B(CCN(C)C2CCCCC2)c2ccccc2)c(C)c1,True,0.38181818181818183
template_augmentation,intramolecular_N_B_alkyl,N,methyl,cyclohexyl,phenyl,mesityl,C3,N(C)(C1CCCCC1)CCCB(c1ccccc1)(c1c(C)cc(C)cc1C),Cc1cc(C)c(B(CCCN(C)C2CCCCC2)c2ccccc2)c(C)c1,True,0.3684210526315789
template_augmentation,intramolecular_N_B_alkyl,N,methyl,cyclohexyl,phenyl,mesityl,C4,N(C)(C1CCCCC1)CCCCB(c1ccccc1)(c1c(C)cc(C)cc1C),Cc1cc(C)c(B(CCCCN(C)C2CCCCC2)c2ccccc2)c(C)c1,True,0.3620689655172414
template_augmentation,intramolecular_N_B_alkyl,N,methyl,cyclohexyl,phenyl,mesityl,C5,N(C)(C1CCCCC1)CCCCCB(c1ccccc1)(c1c(C)cc(C)cc1C),Cc1cc(C)c(B(CCCCCN(C)C2CCCCC2)c2ccccc2)c(C)c1,True,0.3559322033898305
template_augmentation,intramolecular_N_B_alkyl,N,methyl,cyclohexyl,phenyl,mesityl,C6,N(C)(C1CCCCC1)CCCCCCB(c1ccccc1)(c1c(C)cc(C)cc1C),Cc1cc(C)c(B(CCCCCCN(C)C2CCCCC2)c2ccccc2)c(C)c1,True,0.3559322033898305
template_augmentation,intramolecular_N_B_alkyl,N,methyl,cyclohexyl,phenyl,pentafluorophenyl,C1,N(C)(C1CCCCC1)CB(c1ccccc1)(c1c(F)c(F)c(F)c(F)c1F),CN(CB(c1ccccc1)c1c(F)c(F)c(F)c(F)c1F)C1CCCCC1,True,0.37254901960784315
template_augmentation,intramolecular_N_B_alkyl,N,methyl,cyclohexyl,phenyl,pentafluorophenyl,C2,N(C)(C1CCCCC1)CCB(c1ccccc1)(c1c(F)c(F)c(F)c(F)c1F),CN(CCB(c1ccccc1)c1c(F)c(F)c(F)c(F)c1F)C1CCCCC1,True,0.3584905660377358
template_augmentation,intramolecular_N_B_alkyl,N,methyl,cyclohexyl,phenyl,pentafluorophenyl,C3,N(C)(C1CCCCC1)CCCB(c1ccccc1)(c1c(F)c(F)c(F)c(F)c1F),CN(CCCB(c1ccccc1)c1c(F)c(F)c(F)c(F)c1F)C1CCCCC1,True,0.39215686274509803
template_augmentation,intramolecular_N_B_alkyl,N,methyl,cyclohexyl,phenyl,pentafluorophenyl,C4,N(C)(C1CCCCC1)CCCCB(c1ccccc1)(c1c(F)c(F)c(F)c(F)c1F),CN(CCCCB(c1ccccc1)c1c(F)c(F)c(F)c(F)c1F)C1CCCCC1,True,0.39215686274509803
template_augmentation,intramolecular_N_B_alkyl,N,methyl,cyclohexyl,phenyl,pentafluorophenyl,C5,N(C)(C1CCCCC1)CCCCCB(c1ccccc1)(c1c(F)c(F)c(F)c(F)c1F),CN(CCCCCB(c1ccccc1)c1c(F)c(F)c(F)c(F)c1F)C1CCCCC1,True,0.38461538461538464
template_augmentation,intramolecular_N_B_alkyl,N,methyl,cyclohexyl,phenyl,pentafluorophenyl,C6,N(C)(C1CCCCC1)CCCCCCB(c1ccccc1)(c1c(F)c(F)c(F)c(F)c1F),CN(CCCCCCB(c1ccccc1)c1c(F)c(F)c(F)c(F)c1F)C1CCCCC1,True,0.38461538461538464
template_augmentation,intramolecular_N_B_alkyl,N,methyl,cyclohexyl,phenyl,pentachlorophenyl,C1,N(C)(C1CCCCC1)CB(c1ccccc1)(c1c(Cl)c(Cl)c(Cl)c(Cl)c1Cl),CN(CB(c1ccccc1)c1c(Cl)c(Cl)c(Cl)c(Cl)c1Cl)C1CCCCC1,True,0.3877551020408163
template_augmentation,intramolecular_N_B_alkyl,N,methyl,cyclohexyl,phenyl,pentachlorophenyl,C2,N(C)(C1CCCCC1)CCB(c1ccccc1)(c1c(Cl)c(Cl)c(Cl)c(Cl)c1Cl),CN(CCB(c1ccccc1)c1c(Cl)c(Cl)c(Cl)c(Cl)c1Cl)C1CCCCC1,True,0.37254901960784315
template_augmentation,intramolecular_N_B_alkyl,N,methyl,cyclohexyl,phenyl,pentachlorophenyl,C3,N(C)(C1CCCCC1)CCCB(c1ccccc1)(c1c(Cl)c(Cl)c(Cl)c(Cl)c1Cl),CN(CCCB(c1ccccc1)c1c(Cl)c(Cl)c(Cl)c(Cl)c1Cl)C1CCCCC1,True,0.4
template_augmentation,intramolecular_N_B_alkyl,N,methyl,cyclohexyl,phenyl,pentachlorophenyl,C4,N(C)(C1CCCCC1)CCCCB(c1ccccc1)(c1c(Cl)c(Cl)c(Cl)c(Cl)c1Cl),CN(CCCCB(c1ccccc1)c1c(Cl)c(Cl)c(Cl)c(Cl)c1Cl)C1CCCCC1,True,0.39215686274509803
template_augmentation,intramolecular_N_B_alkyl,N,methyl,cyclohexyl,phenyl,pentachlorophenyl,C5,N(C)(C1CCCCC1)CCCCCB(c1ccccc1)(c1c(Cl)c(Cl)c(Cl)c(Cl)c1Cl),CN(CCCCCB(c1ccccc1)c1c(Cl)c(Cl)c(Cl)c(Cl)c1Cl)C1CCCCC1,True,0.38461538461538464
template_augmentation,intramolecular_N_B_alkyl,N,methyl,cyclohexyl,phenyl,pentachlorophenyl,C6,N(C)(C1CCCCC1)CCCCCCB(c1ccccc1)(c1c(Cl)c(Cl)c(Cl)c(Cl)c1Cl),CN(CCCCCCB(c1ccccc1)c1c(Cl)c(Cl)c(Cl)c(Cl)c1Cl)C1CCCCC1,True,0.38461538461538464
template_augmentation,intramolecular_N_B_alkyl,N,methyl,cyclohexyl,phenyl,bis_cf3_phenyl,C1,N(C)(C1CCCCC1)CB(c1ccccc1)(c1cc(C(F)(F)F)cc(C(F)(F)F)c1),CN(CB(c1ccccc1)c1cc(C(F)(F)F)cc(C(F)(F)F)c1)C1CCCCC1,True,0.375
template_augmentation,intramolecular_N_B_alkyl,N,methyl,cyclohexyl,phenyl,bis_cf3_phenyl,C2,N(C)(C1CCCCC1)CCB(c1ccccc1)(c1cc(C(F)(F)F)cc(C(F)(F)F)c1),CN(CCB(c1ccccc1)c1cc(C(F)(F)F)cc(C(F)(F)F)c1)C1CCCCC1,True,0.36
template_augmentation,intramolecular_N_B_alkyl,N,methyl,cyclohexyl,phenyl,bis_cf3_phenyl,C3,N(C)(C1CCCCC1)CCCB(c1ccccc1)(c1cc(C(F)(F)F)cc(C(F)(F)F)c1),CN(CCCB(c1ccccc1)c1cc(C(F)(F)F)cc(C(F)(F)F)c1)C1CCCCC1,True,0.34615384615384615
template_augmentation,intramolecular_N_B_alkyl,N,methyl,cyclohexyl,phenyl,bis_cf3_phenyl,C4,N(C)(C1CCCCC1)CCCCB(c1ccccc1)(c1cc(C(F)(F)F)cc(C(F)(F)F)c1),CN(CCCCB(c1ccccc1)c1cc(C(F)(F)F)cc(C(F)(F)F)c1)C1CCCCC1,True,0.33962264150943394
template_augmentation,intramolecular_N_B_alkyl,N,methyl,cyclohexyl,phenyl,bis_cf3_phenyl,C5,N(C)(C1CCCCC1)CCCCCB(c1ccccc1)(c1cc(C(F)(F)F)cc(C(F)(F)F)c1),CN(CCCCCB(c1ccccc1)c1cc(C(F)(F)F)cc(C(F)(F)F)c1)C1CCCCC1,True,0.3333333333333333
template_augmentation,intramolecular_N_B_alkyl,N,methyl,cyclohexyl,phenyl,bis_cf3_phenyl,C6,N(C)(C1CCCCC1)CCCCCCB(c1ccccc1)(c1cc(C(F)(F)F)cc(C(F)(F)F)c1),CN(CCCCCCB(c1ccccc1)c1cc(C(F)(F)F)cc(C(F)(F)F)c1)C1CCCCC1,True,0.3333333333333333
template_augmentation,intramolecular_N_B_alkyl,N,methyl,cyclohexyl,p_tolyl,p_tolyl,C1,N(C)(C1CCCCC1)CB(c1ccc(C)cc1)(c1ccc(C)cc1),Cc1ccc(B(CN(C)C2CCCCC2)c2ccc(C)cc2)cc1,True,0.24528301886792453
template_augmentation,intramolecular_N_B_alkyl,N,methyl,cyclohexyl,p_tolyl,p_tolyl,C2,N(C)(C1CCCCC1)CCB(c1ccc(C)cc1)(c1ccc(C)cc1),Cc1ccc(B(CCN(C)C2CCCCC2)c2ccc(C)cc2)cc1,True,0.24489795918367346
template_augmentation,intramolecular_N_B_alkyl,N,methyl,cyclohexyl,p_tolyl,p_tolyl,C3,N(C)(C1CCCCC1)CCCB(c1ccc(C)cc1)(c1ccc(C)cc1),Cc1ccc(B(CCCN(C)C2CCCCC2)c2ccc(C)cc2)cc1,True,0.25
template_augmentation,intramolecular_N_B_alkyl,N,methyl,cyclohexyl,p_tolyl,p_tolyl,C4,N(C)(C1CCCCC1)CCCCB(c1ccc(C)cc1)(c1ccc(C)cc1),Cc1ccc(B(CCCCN(C)C2CCCCC2)c2ccc(C)cc2)cc1,True,0.24528301886792453
template_augmentation,intramolecular_N_B_alkyl,N,methyl,cyclohexyl,p_tolyl,p_tolyl,C5,N(C)(C1CCCCC1)CCCCCB(c1ccc(C)cc1)(c1ccc(C)cc1),Cc1ccc(B(CCCCCN(C)C2CCCCC2)c2ccc(C)cc2)cc1,True,0.24074074074074073
template_augmentation,intramolecular_N_B_alkyl,N,methyl,cyclohexyl,p_tolyl,p_tolyl,C6,N(C)(C1CCCCC1)CCCCCCB(c1ccc(C)cc1)(c1ccc(C)cc1),Cc1ccc(B(CCCCCCN(C)C2CCCCC2)c2ccc(C)cc2)cc1,True,0.24074074074074073
template_augmentation,intramolecular_N_B_alkyl,N,methyl,cyclohexyl,p_tolyl,mesityl,C1,N(C)(C1CCCCC1)CB(c1ccc(C)cc1)(c1c(C)cc(C)cc1C),Cc1ccc(B(CN(C)C2CCCCC2)c2c(C)cc(C)cc2C)cc1,True,0.35185185185185186
template_augmentation,intramolecular_N_B_alkyl,N,methyl,cyclohexyl,p_tolyl,mesityl,C2,N(C)(C1CCCCC1)CCB(c1ccc(C)cc1)(c1c(C)cc(C)cc1C),Cc1ccc(B(CCN(C)C2CCCCC2)c2c(C)cc(C)cc2C)cc1,True,0.3392857142857143
template_augmentation,intramolecular_N_B_alkyl,N,methyl,cyclohexyl,p_tolyl,mesityl,C3,N(C)(C1CCCCC1)CCCB(c1ccc(C)cc1)(c1c(C)cc(C)cc1C),Cc1ccc(B(CCCN(C)C2CCCCC2)c2c(C)cc(C)cc2C)cc1,True,0.3275862068965517
template_augmentation,intramolecular_N_B_alkyl,N,methyl,cyclohexyl,p_tolyl,mesityl,C4,N(C)(C1CCCCC1)CCCCB(c1ccc(C)cc1)(c1c(C)cc(C)cc1C),Cc1ccc(B(CCCCN(C)C2CCCCC2)c2c(C)cc(C)cc2C)cc1,True,0.3220338983050847
template_augmentation,intramolecular_N_B_alkyl,N,methyl,cyclohexyl,p_tolyl,mesityl,C5,N(C)(C1CCCCC1)CCCCCB(c1ccc(C)cc1)(c1c(C)cc(C)cc1C),Cc1ccc(B(CCCCCN(C)C2CCCCC2)c2c(C)cc(C)cc2C)cc1,True,0.31666666666666665
template_augmentation,intramolecular_N_B_alkyl,N,methyl,cyclohexyl,p_tolyl,mesityl,C6,N(C)(C1CCCCC1)CCCCCCB(c1ccc(C)cc1)(c1c(C)cc(C)cc1C),Cc1ccc(B(CCCCCCN(C)C2CCCCC2)c2c(C)cc(C)cc2C)cc1,True,0.31666666666666665
template_augmentation,intramolecular_N_B_alkyl,N,methyl,cyclohexyl,p_tolyl,pentafluorophenyl,C1,N(C)(C1CCCCC1)CB(c1ccc(C)cc1)(c1c(F)c(F)c(F)c(F)c1F),Cc1ccc(B(CN(C)C2CCCCC2)c2c(F)c(F)c(F)c(F)c2F)cc1,True,0.3333333333333333
template_augmentation,intramolecular_N_B_alkyl,N,methyl,cyclohexyl,p_tolyl,pentafluorophenyl,C2,N(C)(C1CCCCC1)CCB(c1ccc(C)cc1)(c1c(F)c(F)c(F)c(F)c1F),Cc1ccc(B(CCN(C)C2CCCCC2)c2c(F)c(F)c(F)c(F)c2F)cc1,True,0.34615384615384615
template_augmentation,intramolecular_N_B_alkyl,N,methyl,cyclohexyl,p_tolyl,pentafluorophenyl,C3,N(C)(C1CCCCC1)CCCB(c1ccc(C)cc1)(c1c(F)c(F)c(F)c(F)c1F),Cc1ccc(B(CCCN(C)C2CCCCC2)c2c(F)c(F)c(F)c(F)c2F)cc1,True,0.38461538461538464
template_augmentation,intramolecular_N_B_alkyl,N,methyl,cyclohexyl,p_tolyl,pentafluorophenyl,C4,N(C)(C1CCCCC1)CCCCB(c1ccc(C)cc1)(c1c(F)c(F)c(F)c(F)c1F),Cc1ccc(B(CCCCN(C)C2CCCCC2)c2c(F)c(F)c(F)c(F)c2F)cc1,True,0.37735849056603776
template_augmentation,intramolecular_N_B_alkyl,N,methyl,cyclohexyl,p_tolyl,pentafluorophenyl,C5,N(C)(C1CCCCC1)CCCCCB(c1ccc(C)cc1)(c1c(F)c(F)c(F)c(F)c1F),Cc1ccc(B(CCCCCN(C)C2CCCCC2)c2c(F)c(F)c(F)c(F)c2F)cc1,True,0.37037037037037035
template_augmentation,intramolecular_N_B_alkyl,N,methyl,cyclohexyl,p_tolyl,pentafluorophenyl,C6,N(C)(C1CCCCC1)CCCCCCB(c1ccc(C)cc1)(c1c(F)c(F)c(F)c(F)c1F),Cc1ccc(B(CCCCCCN(C)C2CCCCC2)c2c(F)c(F)c(F)c(F)c2F)cc1,True,0.37037037037037035
template_augmentation,intramolecular_N_B_alkyl,N,methyl,cyclohexyl,p_tolyl,pentachlorophenyl,C1,N(C)(C1CCCCC1)CB(c1ccc(C)cc1)(c1c(Cl)c(Cl)c(Cl)c(Cl)c1Cl),Cc1ccc(B(CN(C)C2CCCCC2)c2c(Cl)c(Cl)c(Cl)c(Cl)c2Cl)cc1,True,0.35185185185185186
template_augmentation,intramolecular_N_B_alkyl,N,methyl,cyclohexyl,p_tolyl,pentachlorophenyl,C2,N(C)(C1CCCCC1)CCB(c1ccc(C)cc1)(c1c(Cl)c(Cl)c(Cl)c(Cl)c1Cl),Cc1ccc(B(CCN(C)C2CCCCC2)c2c(Cl)c(Cl)c(Cl)c(Cl)c2Cl)cc1,True,0.34615384615384615
template_augmentation,intramolecular_N_B_alkyl,N,methyl,cyclohexyl,p_tolyl,pentachlorophenyl,C3,N(C)(C1CCCCC1)CCCB(c1ccc(C)cc1)(c1c(Cl)c(Cl)c(Cl)c(Cl)c1Cl),Cc1ccc(B(CCCN(C)C2CCCCC2)c2c(Cl)c(Cl)c(Cl)c(Cl)c2Cl)cc1,True,0.38461538461538464
template_augmentation,intramolecular_N_B_alkyl,N,methyl,cyclohexyl,p_tolyl,pentachlorophenyl,C4,N(C)(C1CCCCC1)CCCCB(c1ccc(C)cc1)(c1c(Cl)c(Cl)c(Cl)c(Cl)c1Cl),Cc1ccc(B(CCCCN(C)C2CCCCC2)c2c(Cl)c(Cl)c(Cl)c(Cl)c2Cl)cc1,True,0.37735849056603776
template_augmentation,intramolecular_N_B_alkyl,N,methyl,cyclohexyl,p_tolyl,pentachlorophenyl,C5,N(C)(C1CCCCC1)CCCCCB(c1ccc(C)cc1)(c1c(Cl)c(Cl)c(Cl)c(Cl)c1Cl),Cc1ccc(B(CCCCCN(C)C2CCCCC2)c2c(Cl)c(Cl)c(Cl)c(Cl)c2Cl)cc1,True,0.37037037037037035
template_augmentation,intramolecular_N_B_alkyl,N,methyl,cyclohexyl,p_tolyl,pentachlorophenyl,C6,N(C)(C1CCCCC1)CCCCCCB(c1ccc(C)cc1)(c1c(Cl)c(Cl)c(Cl)c(Cl)c1Cl),Cc1ccc(B(CCCCCCN(C)C2CCCCC2)c2c(Cl)c(Cl)c(Cl)c(Cl)c2Cl)cc1,True,0.37037037037037035
template_augmentation,intramolecular_N_B_alkyl,N,methyl,cyclohexyl,p_tolyl,bis_cf3_phenyl,C1,N(C)(C1CCCCC1)CB(c1ccc(C)cc1)(c1cc(C(F)(F)F)cc(C(F)(F)F)c1),Cc1ccc(B(CN(C)C2CCCCC2)c2cc(C(F)(F)F)cc(C(F)(F)F)c2)cc1,True,0.3673469387755102
template_augmentation,intramolecular_N_B_alkyl,N,methyl,cyclohexyl,p_tolyl,bis_cf3_phenyl,C2,N(C)(C1CCCCC1)CCB(c1ccc(C)cc1)(c1cc(C(F)(F)F)cc(C(F)(F)F)c1),Cc1ccc(B(CCN(C)C2CCCCC2)c2cc(C(F)(F)F)cc(C(F)(F)F)c2)cc1,True,0.35294117647058826
template_augmentation,intramolecular_N_B_alkyl,N,methyl,cyclohexyl,p_tolyl,bis_cf3_phenyl,C3,N(C)(C1CCCCC1)CCCB(c1ccc(C)cc1)(c1cc(C(F)(F)F)cc(C(F)(F)F)c1),Cc1ccc(B(CCCN(C)C2CCCCC2)c2cc(C(F)(F)F)cc(C(F)(F)F)c2)cc1,True,0.33962264150943394
template_augmentation,intramolecular_N_B_alkyl,N,methyl,cyclohexyl,p_tolyl,bis_cf3_phenyl,C4,N(C)(C1CCCCC1)CCCCB(c1ccc(C)cc1)(c1cc(C(F)(F)F)cc(C(F)(F)F)c1),Cc1ccc(B(CCCCN(C)C2CCCCC2)c2cc(C(F)(F)F)cc(C(F)(F)F)c2)cc1,True,0.3333333333333333
template_augmentation,intramolecular_N_B_alkyl,N,methyl,cyclohexyl,p_tolyl,bis_cf3_phenyl,C5,N(C)(C1CCCCC1)CCCCCB(c1ccc(C)cc1)(c1cc(C(F)(F)F)cc(C(F)(F)F)c1),Cc1ccc(B(CCCCCN(C)C2CCCCC2)c2cc(C(F)(F)F)cc(C(F)(F)F)c2)cc1,True,0.32727272727272727
template_augmentation,intramolecular_N_B_alkyl,N,methyl,cyclohexyl,p_tolyl,bis_cf3_phenyl,C6,N(C)(C1CCCCC1)CCCCCCB(c1ccc(C)cc1)(c1cc(C(F)(F)F)cc(C(F)(F)F)c1),Cc1ccc(B(CCCCCCN(C)C2CCCCC2)c2cc(C(F)(F)F)cc(C(F)(F)F)c2)cc1,True,0.32727272727272727
template_augmentation,intramolecular_N_B_alkyl,N,methyl,cyclohexyl,mesityl,mesityl,C1,N(C)(C1CCCCC1)CB(c1c(C)cc(C)cc1C)(c1c(C)cc(C)cc1C),Cc1cc(C)c(B(CN(C)C2CCCCC2)c2c(C)cc(C)cc2C)c(C)c1,True,0.3673469387755102
template_augmentation,intramolecular_N_B_alkyl,N,methyl,cyclohexyl,mesityl,mesityl,C2,N(C)(C1CCCCC1)CCB(c1c(C)cc(C)cc1C)(c1c(C)cc(C)cc1C),Cc1cc(C)c(B(CCN(C)C2CCCCC2)c2c(C)cc(C)cc2C)c(C)c1,True,0.35294117647058826
template_augmentation,intramolecular_N_B_alkyl,N,methyl,cyclohexyl,mesityl,mesityl,C3,N(C)(C1CCCCC1)CCCB(c1c(C)cc(C)cc1C)(c1c(C)cc(C)cc1C),Cc1cc(C)c(B(CCCN(C)C2CCCCC2)c2c(C)cc(C)cc2C)c(C)c1,True,0.33962264150943394
template_augmentation,intramolecular_N_B_alkyl,N,methyl,cyclohexyl,mesityl,mesityl,C4,N(C)(C1CCCCC1)CCCCB(c1c(C)cc(C)cc1C)(c1c(C)cc(C)cc1C),Cc1cc(C)c(B(CCCCN(C)C2CCCCC2)c2c(C)cc(C)cc2C)c(C)c1,True,0.35294117647058826
template_augmentation,intramolecular_N_B_alkyl,N,methyl,cyclohexyl,mesityl,mesityl,C5,N(C)(C1CCCCC1)CCCCCB(c1c(C)cc(C)cc1C)(c1c(C)cc(C)cc1C),Cc1cc(C)c(B(CCCCCN(C)C2CCCCC2)c2c(C)cc(C)cc2C)c(C)c1,True,0.34615384615384615
template_augmentation,intramolecular_N_B_alkyl,N,methyl,cyclohexyl,mesityl,mesityl,C6,N(C)(C1CCCCC1)CCCCCCB(c1c(C)cc(C)cc1C)(c1c(C)cc(C)cc1C),Cc1cc(C)c(B(CCCCCCN(C)C2CCCCC2)c2c(C)cc(C)cc2C)c(C)c1,True,0.34615384615384615
template_augmentation,intramolecular_N_B_alkyl,N,methyl,cyclohexyl,mesityl,pentafluorophenyl,C1,N(C)(C1CCCCC1)CB(c1c(C)cc(C)cc1C)(c1c(F)c(F)c(F)c(F)c1F),Cc1cc(C)c(B(CN(C)C2CCCCC2)c2c(F)c(F)c(F)c(F)c2F)c(C)c1,True,0.4230769230769231
template_augmentation,intramolecular_N_B_alkyl,N,methyl,cyclohexyl,mesityl,pentafluorophenyl,C2,N(C)(C1CCCCC1)CCB(c1c(C)cc(C)cc1C)(c1c(F)c(F)c(F)c(F)c1F),Cc1cc(C)c(B(CCN(C)C2CCCCC2)c2c(F)c(F)c(F)c(F)c2F)c(C)c1,True,0.4375
template_augmentation,intramolecular_N_B_alkyl,N,methyl,cyclohexyl,mesityl,pentafluorophenyl,C3,N(C)(C1CCCCC1)CCCB(c1c(C)cc(C)cc1C)(c1c(F)c(F)c(F)c(F)c1F),Cc1cc(C)c(B(CCCN(C)C2CCCCC2)c2c(F)c(F)c(F)c(F)c2F)c(C)c1,True,0.45098039215686275
template_augmentation,intramolecular_N_B_alkyl,N,methyl,cyclohexyl,mesityl,pentafluorophenyl,C4,N(C)(C1CCCCC1)CCCCB(c1c(C)cc(C)cc1C)(c1c(F)c(F)c(F)c(F)c1F),Cc1cc(C)c(B(CCCCN(C)C2CCCCC2)c2c(F)c(F)c(F)c(F)c2F)c(C)c1,True,0.47058823529411764
template_augmentation,intramolecular_N_B_alkyl,N,methyl,cyclohexyl,mesityl,pentafluorophenyl,C5,N(C)(C1CCCCC1)CCCCCB(c1c(C)cc(C)cc1C)(c1c(F)c(F)c(F)c(F)c1F),Cc1cc(C)c(B(CCCCCN(C)C2CCCCC2)c2c(F)c(F)c(F)c(F)c2F)c(C)c1,True,0.46153846153846156
template_augmentation,intramolecular_N_B_alkyl,N,methyl,cyclohexyl,mesityl,pentafluorophenyl,C6,N(C)(C1CCCCC1)CCCCCCB(c1c(C)cc(C)cc1C)(c1c(F)c(F)c(F)c(F)c1F),Cc1cc(C)c(B(CCCCCCN(C)C2CCCCC2)c2c(F)c(F)c(F)c(F)c2F)c(C)c1,True,0.46153846153846156
template_augmentation,intramolecular_N_B_alkyl,N,methyl,cyclohexyl,mesityl,pentachlorophenyl,C1,N(C)(C1CCCCC1)CB(c1c(C)cc(C)cc1C)(c1c(Cl)c(Cl)c(Cl)c(Cl)c1Cl),Cc1cc(C)c(B(CN(C)C2CCCCC2)c2c(Cl)c(Cl)c(Cl)c(Cl)c2Cl)c(C)c1,True,0.43137254901960786
template_augmentation,intramolecular_N_B_alkyl,N,methyl,cyclohexyl,mesityl,pentachlorophenyl,C2,N(C)(C1CCCCC1)CCB(c1c(C)cc(C)cc1C)(c1c(Cl)c(Cl)c(Cl)c(Cl)c1Cl),Cc1cc(C)c(B(CCN(C)C2CCCCC2)c2c(Cl)c(Cl)c(Cl)c(Cl)c2Cl)c(C)c1,True,0.4375
template_augmentation,intramolecular_N_B_alkyl,N,methyl,cyclohexyl,mesityl,pentachlorophenyl,C3,N(C)(C1CCCCC1)CCCB(c1c(C)cc(C)cc1C)(c1c(Cl)c(Cl)c(Cl)c(Cl)c1Cl),Cc1cc(C)c(B(CCCN(C)C2CCCCC2)c2c(Cl)c(Cl)c(Cl)c(Cl)c2Cl)c(C)c1,True,0.45098039215686275
template_augmentation,intramolecular_N_B_alkyl,N,methyl,cyclohexyl,mesityl,pentachlorophenyl,C4,N(C)(C1CCCCC1)CCCCB(c1c(C)cc(C)cc1C)(c1c(Cl)c(Cl)c(Cl)c(Cl)c1Cl),Cc1cc(C)c(B(CCCCN(C)C2CCCCC2)c2c(Cl)c(Cl)c(Cl)c(Cl)c2Cl)c(C)c1,True,0.47058823529411764
template_augmentation,intramolecular_N_B_alkyl,N,methyl,cyclohexyl,mesityl,pentachlorophenyl,C5,N(C)(C1CCCCC1)CCCCCB(c1c(C)cc(C)cc1C)(c1c(Cl)c(Cl)c(Cl)c(Cl)c1Cl),Cc1cc(C)c(B(CCCCCN(C)C2CCCCC2)c2c(Cl)c(Cl)c(Cl)c(Cl)c2Cl)c(C)c1,True,0.46153846153846156
template_augmentation,intramolecular_N_B_alkyl,N,methyl,cyclohexyl,mesityl,pentachlorophenyl,C6,N(C)(C1CCCCC1)CCCCCCB(c1c(C)cc(C)cc1C)(c1c(Cl)c(Cl)c(Cl)c(Cl)c1Cl),Cc1cc(C)c(B(CCCCCCN(C)C2CCCCC2)c2c(Cl)c(Cl)c(Cl)c(Cl)c2Cl)c(C)c1,True,0.46153846153846156
template_augmentation,intramolecular_N_B_alkyl,N,methyl,cyclohexyl,mesityl,bis_cf3_phenyl,C1,N(C)(C1CCCCC1)CB(c1c(C)cc(C)cc1C)(c1cc(C(F)(F)F)cc(C(F)(F)F)c1),Cc1cc(C)c(B(CN(C)C2CCCCC2)c2cc(C(F)(F)F)cc(C(F)(F)F)c2)c(C)c1,True,0.36
template_augmentation,intramolecular_N_B_alkyl,N,methyl,cyclohexyl,mesityl,bis_cf3_phenyl,C2,N(C)(C1CCCCC1)CCB(c1c(C)cc(C)cc1C)(c1cc(C(F)(F)F)cc(C(F)(F)F)c1),Cc1cc(C)c(B(CCN(C)C2CCCCC2)c2cc(C(F)(F)F)cc(C(F)(F)F)c2)c(C)c1,True,0.34615384615384615
template_augmentation,intramolecular_N_B_alkyl,N,methyl,cyclohexyl,mesityl,bis_cf3_phenyl,C3,N(C)(C1CCCCC1)CCCB(c1c(C)cc(C)cc1C)(c1cc(C(F)(F)F)cc(C(F)(F)F)c1),Cc1cc(C)c(B(CCCN(C)C2CCCCC2)c2cc(C(F)(F)F)cc(C(F)(F)F)c2)c(C)c1,True,0.3333333333333333
template_augmentation,intramolecular_N_B_alkyl,N,methyl,cyclohexyl,mesityl,bis_cf3_phenyl,C4,N(C)(C1CCCCC1)CCCCB(c1c(C)cc(C)cc1C)(c1cc(C(F)(F)F)cc(C(F)(F)F)c1),Cc1cc(C)c(B(CCCCN(C)C2CCCCC2)c2cc(C(F)(F)F)cc(C(F)(F)F)c2)c(C)c1,True,0.32727272727272727
template_augmentation,intramolecular_N_B_alkyl,N,methyl,cyclohexyl,mesityl,bis_cf3_phenyl,C5,N(C)(C1CCCCC1)CCCCCB(c1c(C)cc(C)cc1C)(c1cc(C(F)(F)F)cc(C(F)(F)F)c1),Cc1cc(C)c(B(CCCCCN(C)C2CCCCC2)c2cc(C(F)(F)F)cc(C(F)(F)F)c2)c(C)c1,True,0.32142857142857145
template_augmentation,intramolecular_N_B_alkyl,N,methyl,cyclohexyl,mesityl,bis_cf3_phenyl,C6,N(C)(C1CCCCC1)CCCCCCB(c1c(C)cc(C)cc1C)(c1cc(C(F)(F)F)cc(C(F)(F)F)c1),Cc1cc(C)c(B(CCCCCCN(C)C2CCCCC2)c2cc(C(F)(F)F)cc(C(F)(F)F)c2)c(C)c1,True,0.32142857142857145
template_augmentation,intramolecular_N_B_alkyl,N,methyl,cyclohexyl,pentafluorophenyl,pentafluorophenyl,C1,N(C)(C1CCCCC1)CB(c1c(F)c(F)c(F)c(F)c1F)(c1c(F)c(F)c(F)c(F)c1F),CN(CB(c1c(F)c(F)c(F)c(F)c1F)c1c(F)c(F)c(F)c(F)c1F)C1CCCCC1,True,0.40476190476190477
template_augmentation,intramolecular_N_B_alkyl,N,methyl,cyclohexyl,pentafluorophenyl,pentafluorophenyl,C2,N(C)(C1CCCCC1)CCB(c1c(F)c(F)c(F)c(F)c1F)(c1c(F)c(F)c(F)c(F)c1F),CN(CCB(c1c(F)c(F)c(F)c(F)c1F)c1c(F)c(F)c(F)c(F)c1F)C1CCCCC1,True,0.4523809523809524
template_augmentation,intramolecular_N_B_alkyl,N,methyl,cyclohexyl,pentafluorophenyl,pentafluorophenyl,C3,N(C)(C1CCCCC1)CCCB(c1c(F)c(F)c(F)c(F)c1F)(c1c(F)c(F)c(F)c(F)c1F),CN(CCCB(c1c(F)c(F)c(F)c(F)c1F)c1c(F)c(F)c(F)c(F)c1F)C1CCCCC1,True,0.5
template_augmentation,intramolecular_N_B_alkyl,N,methyl,cyclohexyl,pentafluorophenyl,pentafluorophenyl,C4,N(C)(C1CCCCC1)CCCCB(c1c(F)c(F)c(F)c(F)c1F)(c1c(F)c(F)c(F)c(F)c1F),CN(CCCCB(c1c(F)c(F)c(F)c(F)c1F)c1c(F)c(F)c(F)c(F)c1F)C1CCCCC1,True,0.4883720930232558
template_augmentation,intramolecular_N_B_alkyl,N,methyl,cyclohexyl,pentafluorophenyl,pentafluorophenyl,C5,N(C)(C1CCCCC1)CCCCCB(c1c(F)c(F)c(F)c(F)c1F)(c1c(F)c(F)c(F)c(F)c1F),CN(CCCCCB(c1c(F)c(F)c(F)c(F)c1F)c1c(F)c(F)c(F)c(F)c1F)C1CCCCC1,True,0.4772727272727273
template_augmentation,intramolecular_N_B_alkyl,N,methyl,cyclohexyl,pentafluorophenyl,pentafluorophenyl,C6,N(C)(C1CCCCC1)CCCCCCB(c1c(F)c(F)c(F)c(F)c1F)(c1c(F)c(F)c(F)c(F)c1F),CN(CCCCCCB(c1c(F)c(F)c(F)c(F)c1F)c1c(F)c(F)c(F)c(F)c1F)C1CCCCC1,True,0.4772727272727273
template_augmentation,intramolecular_N_B_alkyl,N,methyl,cyclohexyl,pentafluorophenyl,pentachlorophenyl,C1,N(C)(C1CCCCC1)CB(c1c(F)c(F)c(F)c(F)c1F)(c1c(Cl)c(Cl)c(Cl)c(Cl)c1Cl),CN(CB(c1c(F)c(F)c(F)c(F)c1F)c1c(Cl)c(Cl)c(Cl)c(Cl)c1Cl)C1CCCCC1,True,0.3541666666666667
template_augmentation,intramolecular_N_B_alkyl,N,methyl,cyclohexyl,pentafluorophenyl,pentachlorophenyl,C2,N(C)(C1CCCCC1)CCB(c1c(F)c(F)c(F)c(F)c1F)(c1c(Cl)c(Cl)c(Cl)c(Cl)c1Cl),CN(CCB(c1c(F)c(F)c(F)c(F)c1F)c1c(Cl)c(Cl)c(Cl)c(Cl)c1Cl)C1CCCCC1,True,0.3958333333333333
template_augmentation,intramolecular_N_B_alkyl,N,methyl,cyclohexyl,pentafluorophenyl,pentachlorophenyl,C3,N(C)(C1CCCCC1)CCCB(c1c(F)c(F)c(F)c(F)c1F)(c1c(Cl)c(Cl)c(Cl)c(Cl)c1Cl),CN(CCCB(c1c(F)c(F)c(F)c(F)c1F)c1c(Cl)c(Cl)c(Cl)c(Cl)c1Cl)C1CCCCC1,True,0.4375
template_augmentation,intramolecular_N_B_alkyl,N,methyl,cyclohexyl,pentafluorophenyl,pentachlorophenyl,C4,N(C)(C1CCCCC1)CCCCB(c1c(F)c(F)c(F)c(F)c1F)(c1c(Cl)c(Cl)c(Cl)c(Cl)c1Cl),CN(CCCCB(c1c(F)c(F)c(F)c(F)c1F)c1c(Cl)c(Cl)c(Cl)c(Cl)c1Cl)C1CCCCC1,True,0.42857142857142855
template_augmentation,intramolecular_N_B_alkyl,N,methyl,cyclohexyl,pentafluorophenyl,pentachlorophenyl,C5,N(C)(C1CCCCC1)CCCCCB(c1c(F)c(F)c(F)c(F)c1F)(c1c(Cl)c(Cl)c(Cl)c(Cl)c1Cl),CN(CCCCCB(c1c(F)c(F)c(F)c(F)c1F)c1c(Cl)c(Cl)c(Cl)c(Cl)c1Cl)C1CCCCC1,True,0.42
template_augmentation,intramolecular_N_B_alkyl,N,methyl,cyclohexyl,pentafluorophenyl,pentachlorophenyl,C6,N(C)(C1CCCCC1)CCCCCCB(c1c(F)c(F)c(F)c(F)c1F)(c1c(Cl)c(Cl)c(Cl)c(Cl)c1Cl),CN(CCCCCCB(c1c(F)c(F)c(F)c(F)c1F)c1c(Cl)c(Cl)c(Cl)c(Cl)c1Cl)C1CCCCC1,True,0.42
template_augmentation,intramolecular_N_B_alkyl,N,methyl,cyclohexyl,pentafluorophenyl,bis_cf3_phenyl,C1,N(C)(C1CCCCC1)CB(c1c(F)c(F)c(F)c(F)c1F)(c1cc(C(F)(F)F)cc(C(F)(F)F)c1),CN(CB(c1cc(C(F)(F)F)cc(C(F)(F)F)c1)c1c(F)c(F)c(F)c(F)c1F)C1CCCCC1,True,0.375
template_augmentation,intramolecular_N_B_alkyl,N,methyl,cyclohexyl,pentafluorophenyl,bis_cf3_phenyl,C2,N(C)(C1CCCCC1)CCB(c1c(F)c(F)c(F)c(F)c1F)(c1cc(C(F)(F)F)cc(C(F)(F)F)c1),CN(CCB(c1cc(C(F)(F)F)cc(C(F)(F)F)c1)c1c(F)c(F)c(F)c(F)c1F)C1CCCCC1,True,0.36
template_augmentation,intramolecular_N_B_alkyl,N,methyl,cyclohexyl,pentafluorophenyl,bis_cf3_phenyl,C3,N(C)(C1CCCCC1)CCCB(c1c(F)c(F)c(F)c(F)c1F)(c1cc(C(F)(F)F)cc(C(F)(F)F)c1),CN(CCCB(c1cc(C(F)(F)F)cc(C(F)(F)F)c1)c1c(F)c(F)c(F)c(F)c1F)C1CCCCC1,True,0.37037037037037035
template_augmentation,intramolecular_N_B_alkyl,N,methyl,cyclohexyl,pentafluorophenyl,bis_cf3_phenyl,C4,N(C)(C1CCCCC1)CCCCB(c1c(F)c(F)c(F)c(F)c1F)(c1cc(C(F)(F)F)cc(C(F)(F)F)c1),CN(CCCCB(c1cc(C(F)(F)F)cc(C(F)(F)F)c1)c1c(F)c(F)c(F)c(F)c1F)C1CCCCC1,True,0.36363636363636365
template_augmentation,intramolecular_N_B_alkyl,N,methyl,cyclohexyl,pentafluorophenyl,bis_cf3_phenyl,C5,N(C)(C1CCCCC1)CCCCCB(c1c(F)c(F)c(F)c(F)c1F)(c1cc(C(F)(F)F)cc(C(F)(F)F)c1),CN(CCCCCB(c1cc(C(F)(F)F)cc(C(F)(F)F)c1)c1c(F)c(F)c(F)c(F)c1F)C1CCCCC1,True,0.35714285714285715
template_augmentation,intramolecular_N_B_alkyl,N,methyl,cyclohexyl,pentafluorophenyl,bis_cf3_phenyl,C6,N(C)(C1CCCCC1)CCCCCCB(c1c(F)c(F)c(F)c(F)c1F)(c1cc(C(F)(F)F)cc(C(F)(F)F)c1),CN(CCCCCCB(c1cc(C(F)(F)F)cc(C(F)(F)F)c1)c1c(F)c(F)c(F)c(F)c1F)C1CCCCC1,True,0.35714285714285715
template_augmentation,intramolecular_N_B_alkyl,N,methyl,cyclohexyl,pentachlorophenyl,pentachlorophenyl,C1,N(C)(C1CCCCC1)CB(c1c(Cl)c(Cl)c(Cl)c(Cl)c1Cl)(c1c(Cl)c(Cl)c(Cl)c(Cl)c1Cl),CN(CB(c1c(Cl)c(Cl)c(Cl)c(Cl)c1Cl)c1c(Cl)c(Cl)c(Cl)c(Cl)c1Cl)C1CCCCC1,True,0.40476190476190477
template_augmentation,intramolecular_N_B_alkyl,N,methyl,cyclohexyl,pentachlorophenyl,pentachlorophenyl,C2,N(C)(C1CCCCC1)CCB(c1c(Cl)c(Cl)c(Cl)c(Cl)c1Cl)(c1c(Cl)c(Cl)c(Cl)c(Cl)c1Cl),CN(CCB(c1c(Cl)c(Cl)c(Cl)c(Cl)c1Cl)c1c(Cl)c(Cl)c(Cl)c(Cl)c1Cl)C1CCCCC1,True,0.4523809523809524
template_augmentation,intramolecular_N_B_alkyl,N,methyl,cyclohexyl,pentachlorophenyl,pentachlorophenyl,C3,N(C)(C1CCCCC1)CCCB(c1c(Cl)c(Cl)c(Cl)c(Cl)c1Cl)(c1c(Cl)c(Cl)c(Cl)c(Cl)c1Cl),CN(CCCB(c1c(Cl)c(Cl)c(Cl)c(Cl)c1Cl)c1c(Cl)c(Cl)c(Cl)c(Cl)c1Cl)C1CCCCC1,True,0.5
template_augmentation,intramolecular_N_B_alkyl,N,methyl,cyclohexyl,pentachlorophenyl,pentachlorophenyl,C4,N(C)(C1CCCCC1)CCCCB(c1c(Cl)c(Cl)c(Cl)c(Cl)c1Cl)(c1c(Cl)c(Cl)c(Cl)c(Cl)c1Cl),CN(CCCCB(c1c(Cl)c(Cl)c(Cl)c(Cl)c1Cl)c1c(Cl)c(Cl)c(Cl)c(Cl)c1Cl)C1CCCCC1,True,0.4883720930232558
template_augmentation,intramolecular_N_B_alkyl,N,methyl,cyclohexyl,pentachlorophenyl,pentachlorophenyl,C5,N(C)(C1CCCCC1)CCCCCB(c1c(Cl)c(Cl)c(Cl)c(Cl)c1Cl)(c1c(Cl)c(Cl)c(Cl)c(Cl)c1Cl),CN(CCCCCB(c1c(Cl)c(Cl)c(Cl)c(Cl)c1Cl)c1c(Cl)c(Cl)c(Cl)c(Cl)c1Cl)C1CCCCC1,True,0.4772727272727273
template_augmentation,intramolecular_N_B_alkyl,N,methyl,cyclohexyl,pentachlorophenyl,pentachlorophenyl,C6,N(C)(C1CCCCC1)CCCCCCB(c1c(Cl)c(Cl)c(Cl)c(Cl)c1Cl)(c1c(Cl)c(Cl)c(Cl)c(Cl)c1Cl),CN(CCCCCCB(c1c(Cl)c(Cl)c(Cl)c(Cl)c1Cl)c1c(Cl)c(Cl)c(Cl)c(Cl)c1Cl)C1CCCCC1,True,0.4772727272727273
template_augmentation,intramolecular_N_B_alkyl,N,methyl,cyclohexyl,pentachlorophenyl,bis_cf3_phenyl,C1,N(C)(C1CCCCC1)CB(c1c(Cl)c(Cl)c(Cl)c(Cl)c1Cl)(c1cc(C(F)(F)F)cc(C(F)(F)F)c1),CN(CB(c1cc(C(F)(F)F)cc(C(F)(F)F)c1)c1c(Cl)c(Cl)c(Cl)c(Cl)c1Cl)C1CCCCC1,True,0.3673469387755102
template_augmentation,intramolecular_N_B_alkyl,N,methyl,cyclohexyl,pentachlorophenyl,bis_cf3_phenyl,C2,N(C)(C1CCCCC1)CCB(c1c(Cl)c(Cl)c(Cl)c(Cl)c1Cl)(c1cc(C(F)(F)F)cc(C(F)(F)F)c1),CN(CCB(c1cc(C(F)(F)F)cc(C(F)(F)F)c1)c1c(Cl)c(Cl)c(Cl)c(Cl)c1Cl)C1CCCCC1,True,0.35294117647058826
template_augmentation,intramolecular_N_B_alkyl,N,methyl,cyclohexyl,pentachlorophenyl,bis_cf3_phenyl,C3,N(C)(C1CCCCC1)CCCB(c1c(Cl)c(Cl)c(Cl)c(Cl)c1Cl)(c1cc(C(F)(F)F)cc(C(F)(F)F)c1),CN(CCCB(c1cc(C(F)(F)F)cc(C(F)(F)F)c1)c1c(Cl)c(Cl)c(Cl)c(Cl)c1Cl)C1CCCCC1,True,0.36363636363636365
template_augmentation,intramolecular_N_B_alkyl,N,methyl,cyclohexyl,pentachlorophenyl,bis_cf3_phenyl,C4,N(C)(C1CCCCC1)CCCCB(c1c(Cl)c(Cl)c(Cl)c(Cl)c1Cl)(c1cc(C(F)(F)F)cc(C(F)(F)F)c1),CN(CCCCB(c1cc(C(F)(F)F)cc(C(F)(F)F)c1)c1c(Cl)c(Cl)c(Cl)c(Cl)c1Cl)C1CCCCC1,True,0.35714285714285715
template_augmentation,intramolecular_N_B_alkyl,N,methyl,cyclohexyl,pentachlorophenyl,bis_cf3_phenyl,C5,N(C)(C1CCCCC1)CCCCCB(c1c(Cl)c(Cl)c(Cl)c(Cl)c1Cl)(c1cc(C(F)(F)F)cc(C(F)(F)F)c1),CN(CCCCCB(c1cc(C(F)(F)F)cc(C(F)(F)F)c1)c1c(Cl)c(Cl)c(Cl)c(Cl)c1Cl)C1CCCCC1,True,0.3508771929824561
template_augmentation,intramolecular_N_B_alkyl,N,methyl,cyclohexyl,pentachlorophenyl,bis_cf3_phenyl,C6,N(C)(C1CCCCC1)CCCCCCB(c1c(Cl)c(Cl)c(Cl)c(Cl)c1Cl)(c1cc(C(F)(F)F)cc(C(F)(F)F)c1),CN(CCCCCCB(c1cc(C(F)(F)F)cc(C(F)(F)F)c1)c1c(Cl)c(Cl)c(Cl)c(Cl)c1Cl)C1CCCCC1,True,0.3508771929824561
template_augmentation,intramolecular_N_B_alkyl,N,methyl,cyclohexyl,bis_cf3_phenyl,bis_cf3_phenyl,C1,N(C)(C1CCCCC1)CB(c1cc(C(F)(F)F)cc(C(F)(F)F)c1)(c1cc(C(F)(F)F)cc(C(F)(F)F)c1),CN(CB(c1cc(C(F)(F)F)cc(C(F)(F)F)c1)c1cc(C(F)(F)F)cc(C(F)(F)F)c1)C1CCCCC1,True,0.42857142857142855
template_augmentation,intramolecular_N_B_alkyl,N,methyl,cyclohexyl,bis_cf3_phenyl,bis_cf3_phenyl,C2,N(C)(C1CCCCC1)CCB(c1cc(C(F)(F)F)cc(C(F)(F)F)c1)(c1cc(C(F)(F)F)cc(C(F)(F)F)c1),CN(CCB(c1cc(C(F)(F)F)cc(C(F)(F)F)c1)c1cc(C(F)(F)F)cc(C(F)(F)F)c1)C1CCCCC1,True,0.4090909090909091
template_augmentation,intramolecular_N_B_alkyl,N,methyl,cyclohexyl,bis_cf3_phenyl,bis_cf3_phenyl,C3,N(C)(C1CCCCC1)CCCB(c1cc(C(F)(F)F)cc(C(F)(F)F)c1)(c1cc(C(F)(F)F)cc(C(F)(F)F)c1),CN(CCCB(c1cc(C(F)(F)F)cc(C(F)(F)F)c1)c1cc(C(F)(F)F)cc(C(F)(F)F)c1)C1CCCCC1,True,0.391304347826087
template_augmentation,intramolecular_N_B_alkyl,N,methyl,cyclohexyl,bis_cf3_phenyl,bis_cf3_phenyl,C4,N(C)(C1CCCCC1)CCCCB(c1cc(C(F)(F)F)cc(C(F)(F)F)c1)(c1cc(C(F)(F)F)cc(C(F)(F)F)c1),CN(CCCCB(c1cc(C(F)(F)F)cc(C(F)(F)F)c1)c1cc(C(F)(F)F)cc(C(F)(F)F)c1)C1CCCCC1,True,0.3829787234042553
template_augmentation,intramolecular_N_B_alkyl,N,methyl,cyclohexyl,bis_cf3_phenyl,bis_cf3_phenyl,C5,N(C)(C1CCCCC1)CCCCCB(c1cc(C(F)(F)F)cc(C(F)(F)F)c1)(c1cc(C(F)(F)F)cc(C(F)(F)F)c1),CN(CCCCCB(c1cc(C(F)(F)F)cc(C(F)(F)F)c1)c1cc(C(F)(F)F)cc(C(F)(F)F)c1)C1CCCCC1,True,0.375
template_augmentation,intramolecular_N_B_alkyl,N,methyl,cyclohexyl,bis_cf3_phenyl,bis_cf3_phenyl,C6,N(C)(C1CCCCC1)CCCCCCB(c1cc(C(F)(F)F)cc(C(F)(F)F)c1)(c1cc(C(F)(F)F)cc(C(F)(F)F)c1),CN(CCCCCCB(c1cc(C(F)(F)F)cc(C(F)(F)F)c1)c1cc(C(F)(F)F)cc(C(F)(F)F)c1)C1CCCCC1,True,0.375
template_augmentation,intramolecular_N_B_alkyl,N,methyl,phenyl,phenyl,phenyl,C1,N(C)(c1ccccc1)CB(c1ccccc1)(c1ccccc1),CN(CB(c1ccccc1)c1ccccc1)c1ccccc1,True,0.34285714285714286
template_augmentation,intramolecular_N_B_alkyl,N,methyl,phenyl,phenyl,phenyl,C2,N(C)(c1ccccc1)CCB(c1ccccc1)(c1ccccc1),CN(CCB(c1ccccc1)c1ccccc1)c1ccccc1,True,0.32432432432432434
template_augmentation,intramolecular_N_B_alkyl,N,methyl,phenyl,phenyl,phenyl,C3,N(C)(c1ccccc1)CCCB(c1ccccc1)(c1ccccc1),CN(CCCB(c1ccccc1)c1ccccc1)c1ccccc1,True,0.3076923076923077
template_augmentation,intramolecular_N_B_alkyl,N,methyl,phenyl,phenyl,phenyl,C4,N(C)(c1ccccc1)CCCCB(c1ccccc1)(c1ccccc1),CN(CCCCB(c1ccccc1)c1ccccc1)c1ccccc1,True,0.3
template_augmentation,intramolecular_N_B_alkyl,N,methyl,phenyl,phenyl,phenyl,C5,N(C)(c1ccccc1)CCCCCB(c1ccccc1)(c1ccccc1),CN(CCCCCB(c1ccccc1)c1ccccc1)c1ccccc1,True,0.2926829268292683
template_augmentation,intramolecular_N_B_alkyl,N,methyl,phenyl,phenyl,phenyl,C6,N(C)(c1ccccc1)CCCCCCB(c1ccccc1)(c1ccccc1),CN(CCCCCCB(c1ccccc1)c1ccccc1)c1ccccc1,True,0.2926829268292683
template_augmentation,intramolecular_N_B_alkyl,N,methyl,phenyl,phenyl,p_tolyl,C1,N(C)(c1ccccc1)CB(c1ccccc1)(c1ccc(C)cc1),Cc1ccc(B(CN(C)c2ccccc2)c2ccccc2)cc1,True,0.3
template_augmentation,intramolecular_N_B_alkyl,N,methyl,phenyl,phenyl,p_tolyl,C2,N(C)(c1ccccc1)CCB(c1ccccc1)(c1ccc(C)cc1),Cc1ccc(B(CCN(C)c2ccccc2)c2ccccc2)cc1,True,0.2857142857142857
template_augmentation,intramolecular_N_B_alkyl,N,methyl,phenyl,phenyl,p_tolyl,C3,N(C)(c1ccccc1)CCCB(c1ccccc1)(c1ccc(C)cc1),Cc1ccc(B(CCCN(C)c2ccccc2)c2ccccc2)cc1,True,0.2727272727272727
template_augmentation,intramolecular_N_B_alkyl,N,methyl,phenyl,phenyl,p_tolyl,C4,N(C)(c1ccccc1)CCCCB(c1ccccc1)(c1ccc(C)cc1),Cc1ccc(B(CCCCN(C)c2ccccc2)c2ccccc2)cc1,True,0.2727272727272727
template_augmentation,intramolecular_N_B_alkyl,N,methyl,phenyl,phenyl,p_tolyl,C5,N(C)(c1ccccc1)CCCCCB(c1ccccc1)(c1ccc(C)cc1),Cc1ccc(B(CCCCCN(C)c2ccccc2)c2ccccc2)cc1,True,0.26785714285714285
template_augmentation,intramolecular_N_B_alkyl,N,methyl,phenyl,phenyl,p_tolyl,C6,N(C)(c1ccccc1)CCCCCCB(c1ccccc1)(c1ccc(C)cc1),Cc1ccc(B(CCCCCCN(C)c2ccccc2)c2ccccc2)cc1,True,0.26785714285714285
template_augmentation,intramolecular_N_B_alkyl,N,methyl,phenyl,phenyl,mesityl,C1,N(C)(c1ccccc1)CB(c1ccccc1)(c1c(C)cc(C)cc1C),Cc1cc(C)c(B(CN(C)c2ccccc2)c2ccccc2)c(C)c1,True,0.35555555555555557
template_augmentation,intramolecular_N_B_alkyl,N,methyl,phenyl,phenyl,mesityl,C2,N(C)(c1ccccc1)CCB(c1ccccc1)(c1c(C)cc(C)cc1C),Cc1cc(C)c(B(CCN(C)c2ccccc2)c2ccccc2)c(C)c1,True,0.3404255319148936
template_augmentation,intramolecular_N_B_alkyl,N,methyl,phenyl,phenyl,mesityl,C3,N(C)(c1ccccc1)CCCB(c1ccccc1)(c1c(C)cc(C)cc1C),Cc1cc(C)c(B(CCCN(C)c2ccccc2)c2ccccc2)c(C)c1,True,0.35294117647058826
template_augmentation,intramolecular_N_B_alkyl,N,methyl,phenyl,phenyl,mesityl,C4,N(C)(c1ccccc1)CCCCB(c1ccccc1)(c1c(C)cc(C)cc1C),Cc1cc(C)c(B(CCCCN(C)c2ccccc2)c2ccccc2)c(C)c1,True,0.37254901960784315
template_augmentation,intramolecular_N_B_alkyl,N,methyl,phenyl,phenyl,mesityl,C5,N(C)(c1ccccc1)CCCCCB(c1ccccc1)(c1c(C)cc(C)cc1C),Cc1cc(C)c(B(CCCCCN(C)c2ccccc2)c2ccccc2)c(C)c1,True,0.36538461538461536
template_augmentation,intramolecular_N_B_alkyl,N,methyl,phenyl,phenyl,mesityl,C6,N(C)(c1ccccc1)CCCCCCB(c1ccccc1)(c1c(C)cc(C)cc1C),Cc1cc(C)c(B(CCCCCCN(C)c2ccccc2)c2ccccc2)c(C)c1,True,0.36538461538461536
template_augmentation,intramolecular_N_B_alkyl,N,methyl,phenyl,phenyl,pentafluorophenyl,C1,N(C)(c1ccccc1)CB(c1ccccc1)(c1c(F)c(F)c(F)c(F)c1F),CN(CB(c1ccccc1)c1c(F)c(F)c(F)c(F)c1F)c1ccccc1,True,0.4090909090909091
template_augmentation,intramolecular_N_B_alkyl,N,methyl,phenyl,phenyl,pentafluorophenyl,C2,N(C)(c1ccccc1)CCB(c1ccccc1)(c1c(F)c(F)c(F)c(F)c1F),CN(CCB(c1ccccc1)c1c(F)c(F)c(F)c(F)c1F)c1ccccc1,True,0.4090909090909091
template_augmentation,intramolecular_N_B_alkyl,N,methyl,phenyl,phenyl,pentafluorophenyl,C3,N(C)(c1ccccc1)CCCB(c1ccccc1)(c1c(F)c(F)c(F)c(F)c1F),CN(CCCB(c1ccccc1)c1c(F)c(F)c(F)c(F)c1F)c1ccccc1,True,0.4222222222222222
template_augmentation,intramolecular_N_B_alkyl,N,methyl,phenyl,phenyl,pentafluorophenyl,C4,N(C)(c1ccccc1)CCCCB(c1ccccc1)(c1c(F)c(F)c(F)c(F)c1F),CN(CCCCB(c1ccccc1)c1c(F)c(F)c(F)c(F)c1F)c1ccccc1,True,0.4444444444444444
template_augmentation,intramolecular_N_B_alkyl,N,methyl,phenyl,phenyl,pentafluorophenyl,C5,N(C)(c1ccccc1)CCCCCB(c1ccccc1)(c1c(F)c(F)c(F)c(F)c1F),CN(CCCCCB(c1ccccc1)c1c(F)c(F)c(F)c(F)c1F)c1ccccc1,True,0.43478260869565216
template_augmentation,intramolecular_N_B_alkyl,N,methyl,phenyl,phenyl,pentafluorophenyl,C6,N(C)(c1ccccc1)CCCCCCB(c1ccccc1)(c1c(F)c(F)c(F)c(F)c1F),CN(CCCCCCB(c1ccccc1)c1c(F)c(F)c(F)c(F)c1F)c1ccccc1,True,0.43478260869565216
template_augmentation,intramolecular_N_B_alkyl,N,methyl,phenyl,phenyl,pentachlorophenyl,C1,N(C)(c1ccccc1)CB(c1ccccc1)(c1c(Cl)c(Cl)c(Cl)c(Cl)c1Cl),CN(CB(c1ccccc1)c1c(Cl)c(Cl)c(Cl)c(Cl)c1Cl)c1ccccc1,True,0.3953488372093023
template_augmentation,intramolecular_N_B_alkyl,N,methyl,phenyl,phenyl,pentachlorophenyl,C2,N(C)(c1ccccc1)CCB(c1ccccc1)(c1c(Cl)c(Cl)c(Cl)c(Cl)c1Cl),CN(CCB(c1ccccc1)c1c(Cl)c(Cl)c(Cl)c(Cl)c1Cl)c1ccccc1,True,0.3953488372093023
template_augmentation,intramolecular_N_B_alkyl,N,methyl,phenyl,phenyl,pentachlorophenyl,C3,N(C)(c1ccccc1)CCCB(c1ccccc1)(c1c(Cl)c(Cl)c(Cl)c(Cl)c1Cl),CN(CCCB(c1ccccc1)c1c(Cl)c(Cl)c(Cl)c(Cl)c1Cl)c1ccccc1,True,0.4090909090909091
template_augmentation,intramolecular_N_B_alkyl,N,methyl,phenyl,phenyl,pentachlorophenyl,C4,N(C)(c1ccccc1)CCCCB(c1ccccc1)(c1c(Cl)c(Cl)c(Cl)c(Cl)c1Cl),CN(CCCCB(c1ccccc1)c1c(Cl)c(Cl)c(Cl)c(Cl)c1Cl)c1ccccc1,True,0.4318181818181818
template_augmentation,intramolecular_N_B_alkyl,N,methyl,phenyl,phenyl,pentachlorophenyl,C5,N(C)(c1ccccc1)CCCCCB(c1ccccc1)(c1c(Cl)c(Cl)c(Cl)c(Cl)c1Cl),CN(CCCCCB(c1ccccc1)c1c(Cl)c(Cl)c(Cl)c(Cl)c1Cl)c1ccccc1,True,0.4222222222222222
template_augmentation,intramolecular_N_B_alkyl,N,methyl,phenyl,phenyl,pentachlorophenyl,C6,N(C)(c1ccccc1)CCCCCCB(c1ccccc1)(c1c(Cl)c(Cl)c(Cl)c(Cl)c1Cl),CN(CCCCCCB(c1ccccc1)c1c(Cl)c(Cl)c(Cl)c(Cl)c1Cl)c1ccccc1,True,0.4222222222222222
template_augmentation,intramolecular_N_B_alkyl,N,methyl,phenyl,phenyl,bis_cf3_phenyl,C1,N(C)(c1ccccc1)CB(c1ccccc1)(c1cc(C(F)(F)F)cc(C(F)(F)F)c1),CN(CB(c1ccccc1)c1cc(C(F)(F)F)cc(C(F)(F)F)c1)c1ccccc1,True,0.4186046511627907
template_augmentation,intramolecular_N_B_alkyl,N,methyl,phenyl,phenyl,bis_cf3_phenyl,C2,N(C)(c1ccccc1)CCB(c1ccccc1)(c1cc(C(F)(F)F)cc(C(F)(F)F)c1),CN(CCB(c1ccccc1)c1cc(C(F)(F)F)cc(C(F)(F)F)c1)c1ccccc1,True,0.4
template_augmentation,intramolecular_N_B_alkyl,N,methyl,phenyl,phenyl,bis_cf3_phenyl,C3,N(C)(c1ccccc1)CCCB(c1ccccc1)(c1cc(C(F)(F)F)cc(C(F)(F)F)c1),CN(CCCB(c1ccccc1)c1cc(C(F)(F)F)cc(C(F)(F)F)c1)c1ccccc1,True,0.3829787234042553
template_augmentation,intramolecular_N_B_alkyl,N,methyl,phenyl,phenyl,bis_cf3_phenyl,C4,N(C)(c1ccccc1)CCCCB(c1ccccc1)(c1cc(C(F)(F)F)cc(C(F)(F)F)c1),CN(CCCCB(c1ccccc1)c1cc(C(F)(F)F)cc(C(F)(F)F)c1)c1ccccc1,True,0.375
template_augmentation,intramolecular_N_B_alkyl,N,methyl,phenyl,phenyl,bis_cf3_phenyl,C5,N(C)(c1ccccc1)CCCCCB(c1ccccc1)(c1cc(C(F)(F)F)cc(C(F)(F)F)c1),CN(CCCCCB(c1ccccc1)c1cc(C(F)(F)F)cc(C(F)(F)F)c1)c1ccccc1,True,0.3673469387755102
template_augmentation,intramolecular_N_B_alkyl,N,methyl,phenyl,phenyl,bis_cf3_phenyl,C6,N(C)(c1ccccc1)CCCCCCB(c1ccccc1)(c1cc(C(F)(F)F)cc(C(F)(F)F)c1),CN(CCCCCCB(c1ccccc1)c1cc(C(F)(F)F)cc(C(F)(F)F)c1)c1ccccc1,True,0.3673469387755102
template_augmentation,intramolecular_N_B_alkyl,N,methyl,phenyl,p_tolyl,p_tolyl,C1,N(C)(c1ccccc1)CB(c1ccc(C)cc1)(c1ccc(C)cc1),Cc1ccc(B(CN(C)c2ccccc2)c2ccc(C)cc2)cc1,True,0.275
template_augmentation,intramolecular_N_B_alkyl,N,methyl,phenyl,p_tolyl,p_tolyl,C2,N(C)(c1ccccc1)CCB(c1ccc(C)cc1)(c1ccc(C)cc1),Cc1ccc(B(CCN(C)c2ccccc2)c2ccc(C)cc2)cc1,True,0.2619047619047619
template_augmentation,intramolecular_N_B_alkyl,N,methyl,phenyl,p_tolyl,p_tolyl,C3,N(C)(c1ccccc1)CCCB(c1ccc(C)cc1)(c1ccc(C)cc1),Cc1ccc(B(CCCN(C)c2ccccc2)c2ccc(C)cc2)cc1,True,0.25925925925925924
template_augmentation,intramolecular_N_B_alkyl,N,methyl,phenyl,p_tolyl,p_tolyl,C4,N(C)(c1ccccc1)CCCCB(c1ccc(C)cc1)(c1ccc(C)cc1),Cc1ccc(B(CCCCN(C)c2ccccc2)c2ccc(C)cc2)cc1,True,0.2777777777777778
template_augmentation,intramolecular_N_B_alkyl,N,methyl,phenyl,p_tolyl,p_tolyl,C5,N(C)(c1ccccc1)CCCCCB(c1ccc(C)cc1)(c1ccc(C)cc1),Cc1ccc(B(CCCCCN(C)c2ccccc2)c2ccc(C)cc2)cc1,True,0.2727272727272727
template_augmentation,intramolecular_N_B_alkyl,N,methyl,phenyl,p_tolyl,p_tolyl,C6,N(C)(c1ccccc1)CCCCCCB(c1ccc(C)cc1)(c1ccc(C)cc1),Cc1ccc(B(CCCCCCN(C)c2ccccc2)c2ccc(C)cc2)cc1,True,0.2727272727272727
template_augmentation,intramolecular_N_B_alkyl,N,methyl,phenyl,p_tolyl,mesityl,C1,N(C)(c1ccccc1)CB(c1ccc(C)cc1)(c1c(C)cc(C)cc1C),Cc1ccc(B(CN(C)c2ccccc2)c2c(C)cc(C)cc2C)cc1,True,0.3404255319148936
template_augmentation,intramolecular_N_B_alkyl,N,methyl,phenyl,p_tolyl,mesityl,C2,N(C)(c1ccccc1)CCB(c1ccc(C)cc1)(c1c(C)cc(C)cc1C),Cc1ccc(B(CCN(C)c2ccccc2)c2c(C)cc(C)cc2C)cc1,True,0.3269230769230769
template_augmentation,intramolecular_N_B_alkyl,N,methyl,phenyl,p_tolyl,mesityl,C3,N(C)(c1ccccc1)CCCB(c1ccc(C)cc1)(c1c(C)cc(C)cc1C),Cc1ccc(B(CCCN(C)c2ccccc2)c2c(C)cc(C)cc2C)cc1,True,0.33962264150943394
template_augmentation,intramolecular_N_B_alkyl,N,methyl,phenyl,p_tolyl,mesityl,C4,N(C)(c1ccccc1)CCCCB(c1ccc(C)cc1)(c1c(C)cc(C)cc1C),Cc1ccc(B(CCCCN(C)c2ccccc2)c2c(C)cc(C)cc2C)cc1,True,0.3584905660377358
template_augmentation,intramolecular_N_B_alkyl,N,methyl,phenyl,p_tolyl,mesityl,C5,N(C)(c1ccccc1)CCCCCB(c1ccc(C)cc1)(c1c(C)cc(C)cc1C),Cc1ccc(B(CCCCCN(C)c2ccccc2)c2c(C)cc(C)cc2C)cc1,True,0.35185185185185186
template_augmentation,intramolecular_N_B_alkyl,N,methyl,phenyl,p_tolyl,mesityl,C6,N(C)(c1ccccc1)CCCCCCB(c1ccc(C)cc1)(c1c(C)cc(C)cc1C),Cc1ccc(B(CCCCCCN(C)c2ccccc2)c2c(C)cc(C)cc2C)cc1,True,0.35185185185185186
template_augmentation,intramolecular_N_B_alkyl,N,methyl,phenyl,p_tolyl,pentafluorophenyl,C1,N(C)(c1ccccc1)CB(c1ccc(C)cc1)(c1c(F)c(F)c(F)c(F)c1F),Cc1ccc(B(CN(C)c2ccccc2)c2c(F)c(F)c(F)c(F)c2F)cc1,True,0.375
template_augmentation,intramolecular_N_B_alkyl,N,methyl,phenyl,p_tolyl,pentafluorophenyl,C2,N(C)(c1ccccc1)CCB(c1ccc(C)cc1)(c1c(F)c(F)c(F)c(F)c1F),Cc1ccc(B(CCN(C)c2ccccc2)c2c(F)c(F)c(F)c(F)c2F)cc1,True,0.375
template_augmentation,intramolecular_N_B_alkyl,N,methyl,phenyl,p_tolyl,pentafluorophenyl,C3,N(C)(c1ccccc1)CCCB(c1ccc(C)cc1)(c1c(F)c(F)c(F)c(F)c1F),Cc1ccc(B(CCCN(C)c2ccccc2)c2c(F)c(F)c(F)c(F)c2F)cc1,True,0.3877551020408163
template_augmentation,intramolecular_N_B_alkyl,N,methyl,phenyl,p_tolyl,pentafluorophenyl,C4,N(C)(c1ccccc1)CCCCB(c1ccc(C)cc1)(c1c(F)c(F)c(F)c(F)c1F),Cc1ccc(B(CCCCN(C)c2ccccc2)c2c(F)c(F)c(F)c(F)c2F)cc1,True,0.40816326530612246
template_augmentation,intramolecular_N_B_alkyl,N,methyl,phenyl,p_tolyl,pentafluorophenyl,C5,N(C)(c1ccccc1)CCCCCB(c1ccc(C)cc1)(c1c(F)c(F)c(F)c(F)c1F),Cc1ccc(B(CCCCCN(C)c2ccccc2)c2c(F)c(F)c(F)c(F)c2F)cc1,True,0.4
template_augmentation,intramolecular_N_B_alkyl,N,methyl,phenyl,p_tolyl,pentafluorophenyl,C6,N(C)(c1ccccc1)CCCCCCB(c1ccc(C)cc1)(c1c(F)c(F)c(F)c(F)c1F),Cc1ccc(B(CCCCCCN(C)c2ccccc2)c2c(F)c(F)c(F)c(F)c2F)cc1,True,0.4
template_augmentation,intramolecular_N_B_alkyl,N,methyl,phenyl,p_tolyl,pentachlorophenyl,C1,N(C)(c1ccccc1)CB(c1ccc(C)cc1)(c1c(Cl)c(Cl)c(Cl)c(Cl)c1Cl),Cc1ccc(B(CN(C)c2ccccc2)c2c(Cl)c(Cl)c(Cl)c(Cl)c2Cl)cc1,True,0.3617021276595745
template_augmentation,intramolecular_N_B_alkyl,N,methyl,phenyl,p_tolyl,pentachlorophenyl,C2,N(C)(c1ccccc1)CCB(c1ccc(C)cc1)(c1c(Cl)c(Cl)c(Cl)c(Cl)c1Cl),Cc1ccc(B(CCN(C)c2ccccc2)c2c(Cl)c(Cl)c(Cl)c(Cl)c2Cl)cc1,True,0.3617021276595745
template_augmentation,intramolecular_N_B_alkyl,N,methyl,phenyl,p_tolyl,pentachlorophenyl,C3,N(C)(c1ccccc1)CCCB(c1ccc(C)cc1)(c1c(Cl)c(Cl)c(Cl)c(Cl)c1Cl),Cc1ccc(B(CCCN(C)c2ccccc2)c2c(Cl)c(Cl)c(Cl)c(Cl)c2Cl)cc1,True,0.375
template_augmentation,intramolecular_N_B_alkyl,N,methyl,phenyl,p_tolyl,pentachlorophenyl,C4,N(C)(c1ccccc1)CCCCB(c1ccc(C)cc1)(c1c(Cl)c(Cl)c(Cl)c(Cl)c1Cl),Cc1ccc(B(CCCCN(C)c2ccccc2)c2c(Cl)c(Cl)c(Cl)c(Cl)c2Cl)cc1,True,0.3958333333333333
template_augmentation,intramolecular_N_B_alkyl,N,methyl,phenyl,p_tolyl,pentachlorophenyl,C5,N(C)(c1ccccc1)CCCCCB(c1ccc(C)cc1)(c1c(Cl)c(Cl)c(Cl)c(Cl)c1Cl),Cc1ccc(B(CCCCCN(C)c2ccccc2)c2c(Cl)c(Cl)c(Cl)c(Cl)c2Cl)cc1,True,0.3877551020408163
template_augmentation,intramolecular_N_B_alkyl,N,methyl,phenyl,p_tolyl,pentachlorophenyl,C6,N(C)(c1ccccc1)CCCCCCB(c1ccc(C)cc1)(c1c(Cl)c(Cl)c(Cl)c(Cl)c1Cl),Cc1ccc(B(CCCCCCN(C)c2ccccc2)c2c(Cl)c(Cl)c(Cl)c(Cl)c2Cl)cc1,True,0.3877551020408163
template_augmentation,intramolecular_N_B_alkyl,N,methyl,phenyl,p_tolyl,bis_cf3_phenyl,C1,N(C)(c1ccccc1)CB(c1ccc(C)cc1)(c1cc(C(F)(F)F)cc(C(F)(F)F)c1),Cc1ccc(B(CN(C)c2ccccc2)c2cc(C(F)(F)F)cc(C(F)(F)F)c2)cc1,True,0.3829787234042553
template_augmentation,intramolecular_N_B_alkyl,N,methyl,phenyl,p_tolyl,bis_cf3_phenyl,C2,N(C)(c1ccccc1)CCB(c1ccc(C)cc1)(c1cc(C(F)(F)F)cc(C(F)(F)F)c1),Cc1ccc(B(CCN(C)c2ccccc2)c2cc(C(F)(F)F)cc(C(F)(F)F)c2)cc1,True,0.3673469387755102
template_augmentation,intramolecular_N_B_alkyl,N,methyl,phenyl,p_tolyl,bis_cf3_phenyl,C3,N(C)(c1ccccc1)CCCB(c1ccc(C)cc1)(c1cc(C(F)(F)F)cc(C(F)(F)F)c1),Cc1ccc(B(CCCN(C)c2ccccc2)c2cc(C(F)(F)F)cc(C(F)(F)F)c2)cc1,True,0.35294117647058826
template_augmentation,intramolecular_N_B_alkyl,N,methyl,phenyl,p_tolyl,bis_cf3_phenyl,C4,N(C)(c1ccccc1)CCCCB(c1ccc(C)cc1)(c1cc(C(F)(F)F)cc(C(F)(F)F)c1),Cc1ccc(B(CCCCN(C)c2ccccc2)c2cc(C(F)(F)F)cc(C(F)(F)F)c2)cc1,True,0.34615384615384615
template_augmentation,intramolecular_N_B_alkyl,N,methyl,phenyl,p_tolyl,bis_cf3_phenyl,C5,N(C)(c1ccccc1)CCCCCB(c1ccc(C)cc1)(c1cc(C(F)(F)F)cc(C(F)(F)F)c1),Cc1ccc(B(CCCCCN(C)c2ccccc2)c2cc(C(F)(F)F)cc(C(F)(F)F)c2)cc1,True,0.33962264150943394
template_augmentation,intramolecular_N_B_alkyl,N,methyl,phenyl,p_tolyl,bis_cf3_phenyl,C6,N(C)(c1ccccc1)CCCCCCB(c1ccc(C)cc1)(c1cc(C(F)(F)F)cc(C(F)(F)F)c1),Cc1ccc(B(CCCCCCN(C)c2ccccc2)c2cc(C(F)(F)F)cc(C(F)(F)F)c2)cc1,True,0.33962264150943394
template_augmentation,intramolecular_N_B_alkyl,N,methyl,phenyl,mesityl,mesityl,C1,N(C)(c1ccccc1)CB(c1c(C)cc(C)cc1C)(c1c(C)cc(C)cc1C),Cc1cc(C)c(B(CN(C)c2ccccc2)c2c(C)cc(C)cc2C)c(C)c1,True,0.38095238095238093
template_augmentation,intramolecular_N_B_alkyl,N,methyl,phenyl,mesityl,mesityl,C2,N(C)(c1ccccc1)CCB(c1c(C)cc(C)cc1C)(c1c(C)cc(C)cc1C),Cc1cc(C)c(B(CCN(C)c2ccccc2)c2c(C)cc(C)cc2C)c(C)c1,True,0.36363636363636365
template_augmentation,intramolecular_N_B_alkyl,N,methyl,phenyl,mesityl,mesityl,C3,N(C)(c1ccccc1)CCCB(c1c(C)cc(C)cc1C)(c1c(C)cc(C)cc1C),Cc1cc(C)c(B(CCCN(C)c2ccccc2)c2c(C)cc(C)cc2C)c(C)c1,True,0.375
template_augmentation,intramolecular_N_B_alkyl,N,methyl,phenyl,mesityl,mesityl,C4,N(C)(c1ccccc1)CCCCB(c1c(C)cc(C)cc1C)(c1c(C)cc(C)cc1C),Cc1cc(C)c(B(CCCCN(C)c2ccccc2)c2c(C)cc(C)cc2C)c(C)c1,True,0.3958333333333333
template_augmentation,intramolecular_N_B_alkyl,N,methyl,phenyl,mesityl,mesityl,C5,N(C)(c1ccccc1)CCCCCB(c1c(C)cc(C)cc1C)(c1c(C)cc(C)cc1C),Cc1cc(C)c(B(CCCCCN(C)c2ccccc2)c2c(C)cc(C)cc2C)c(C)c1,True,0.3877551020408163
template_augmentation,intramolecular_N_B_alkyl,N,methyl,phenyl,mesityl,mesityl,C6,N(C)(c1ccccc1)CCCCCCB(c1c(C)cc(C)cc1C)(c1c(C)cc(C)cc1C),Cc1cc(C)c(B(CCCCCCN(C)c2ccccc2)c2c(C)cc(C)cc2C)c(C)c1,True,0.3877551020408163
template_augmentation,intramolecular_N_B_alkyl,N,methyl,phenyl,mesityl,pentafluorophenyl,C1,N(C)(c1ccccc1)CB(c1c(C)cc(C)cc1C)(c1c(F)c(F)c(F)c(F)c1F),Cc1cc(C)c(B(CN(C)c2ccccc2)c2c(F)c(F)c(F)c(F)c2F)c(C)c1,True,0.4166666666666667
template_augmentation,intramolecular_N_B_alkyl,N,methyl,phenyl,mesityl,pentafluorophenyl,C2,N(C)(c1ccccc1)CCB(c1c(C)cc(C)cc1C)(c1c(F)c(F)c(F)c(F)c1F),Cc1cc(C)c(B(CCN(C)c2ccccc2)c2c(F)c(F)c(F)c(F)c2F)c(C)c1,True,0.4583333333333333
template_augmentation,intramolecular_N_B_alkyl,N,methyl,phenyl,mesityl,pentafluorophenyl,C3,N(C)(c1ccccc1)CCCB(c1c(C)cc(C)cc1C)(c1c(F)c(F)c(F)c(F)c1F),Cc1cc(C)c(B(CCCN(C)c2ccccc2)c2c(F)c(F)c(F)c(F)c2F)c(C)c1,True,0.46938775510204084
template_augmentation,intramolecular_N_B_alkyl,N,methyl,phenyl,mesityl,pentafluorophenyl,C4,N(C)(c1ccccc1)CCCCB(c1c(C)cc(C)cc1C)(c1c(F)c(F)c(F)c(F)c1F),Cc1cc(C)c(B(CCCCN(C)c2ccccc2)c2c(F)c(F)c(F)c(F)c2F)c(C)c1,True,0.4897959183673469
template_augmentation,intramolecular_N_B_alkyl,N,methyl,phenyl,mesityl,pentafluorophenyl,C5,N(C)(c1ccccc1)CCCCCB(c1c(C)cc(C)cc1C)(c1c(F)c(F)c(F)c(F)c1F),Cc1cc(C)c(B(CCCCCN(C)c2ccccc2)c2c(F)c(F)c(F)c(F)c2F)c(C)c1,True,0.48
template_augmentation,intramolecular_N_B_alkyl,N,methyl,phenyl,mesityl,pentafluorophenyl,C6,N(C)(c1ccccc1)CCCCCCB(c1c(C)cc(C)cc1C)(c1c(F)c(F)c(F)c(F)c1F),Cc1cc(C)c(B(CCCCCCN(C)c2ccccc2)c2c(F)c(F)c(F)c(F)c2F)c(C)c1,True,0.48
template_augmentation,intramolecular_N_B_alkyl,N,methyl,phenyl,mesityl,pentachlorophenyl,C1,N(C)(c1ccccc1)CB(c1c(C)cc(C)cc1C)(c1c(Cl)c(Cl)c(Cl)c(Cl)c1Cl),Cc1cc(C)c(B(CN(C)c2ccccc2)c2c(Cl)c(Cl)c(Cl)c(Cl)c2Cl)c(C)c1,True,0.425531914893617
template_augmentation,intramolecular_N_B_alkyl,N,methyl,phenyl,mesityl,pentachlorophenyl,C2,N(C)(c1ccccc1)CCB(c1c(C)cc(C)cc1C)(c1c(Cl)c(Cl)c(Cl)c(Cl)c1Cl),Cc1cc(C)c(B(CCN(C)c2ccccc2)c2c(Cl)c(Cl)c(Cl)c(Cl)c2Cl)c(C)c1,True,0.46808510638297873
template_augmentation,intramolecular_N_B_alkyl,N,methyl,phenyl,mesityl,pentachlorophenyl,C3,N(C)(c1ccccc1)CCCB(c1c(C)cc(C)cc1C)(c1c(Cl)c(Cl)c(Cl)c(Cl)c1Cl),Cc1cc(C)c(B(CCCN(C)c2ccccc2)c2c(Cl)c(Cl)c(Cl)c(Cl)c2Cl)c(C)c1,True,0.4791666666666667
template_augmentation,intramolecular_N_B_alkyl,N,methyl,phenyl,mesityl,pentachlorophenyl,C4,N(C)(c1ccccc1)CCCCB(c1c(C)cc(C)cc1C)(c1c(Cl)c(Cl)c(Cl)c(Cl)c1Cl),Cc1cc(C)c(B(CCCCN(C)c2ccccc2)c2c(Cl)c(Cl)c(Cl)c(Cl)c2Cl)c(C)c1,True,0.5
template_augmentation,intramolecular_N_B_alkyl,N,methyl,phenyl,mesityl,pentachlorophenyl,C5,N(C)(c1ccccc1)CCCCCB(c1c(C)cc(C)cc1C)(c1c(Cl)c(Cl)c(Cl)c(Cl)c1Cl),Cc1cc(C)c(B(CCCCCN(C)c2ccccc2)c2c(Cl)c(Cl)c(Cl)c(Cl)c2Cl)c(C)c1,True,0.4897959183673469
template_augmentation,intramolecular_N_B_alkyl,N,methyl,phenyl,mesityl,pentachlorophenyl,C6,N(C)(c1ccccc1)CCCCCCB(c1c(C)cc(C)cc1C)(c1c(Cl)c(Cl)c(Cl)c(Cl)c1Cl),Cc1cc(C)c(B(CCCCCCN(C)c2ccccc2)c2c(Cl)c(Cl)c(Cl)c(Cl)c2Cl)c(C)c1,True,0.4897959183673469
template_augmentation,intramolecular_N_B_alkyl,N,methyl,phenyl,mesityl,bis_cf3_phenyl,C1,N(C)(c1ccccc1)CB(c1c(C)cc(C)cc1C)(c1cc(C(F)(F)F)cc(C(F)(F)F)c1),Cc1cc(C)c(B(CN(C)c2ccccc2)c2cc(C(F)(F)F)cc(C(F)(F)F)c2)c(C)c1,True,0.3673469387755102
template_augmentation,intramolecular_N_B_alkyl,N,methyl,phenyl,mesityl,bis_cf3_phenyl,C2,N(C)(c1ccccc1)CCB(c1c(C)cc(C)cc1C)(c1cc(C(F)(F)F)cc(C(F)(F)F)c1),Cc1cc(C)c(B(CCN(C)c2ccccc2)c2cc(C(F)(F)F)cc(C(F)(F)F)c2)c(C)c1,True,0.35294117647058826
template_augmentation,intramolecular_N_B_alkyl,N,methyl,phenyl,mesityl,bis_cf3_phenyl,C3,N(C)(c1ccccc1)CCCB(c1c(C)cc(C)cc1C)(c1cc(C(F)(F)F)cc(C(F)(F)F)c1),Cc1cc(C)c(B(CCCN(C)c2ccccc2)c2cc(C(F)(F)F)cc(C(F)(F)F)c2)c(C)c1,True,0.33962264150943394
template_augmentation,intramolecular_N_B_alkyl,N,methyl,phenyl,mesityl,bis_cf3_phenyl,C4,N(C)(c1ccccc1)CCCCB(c1c(C)cc(C)cc1C)(c1cc(C(F)(F)F)cc(C(F)(F)F)c1),Cc1cc(C)c(B(CCCCN(C)c2ccccc2)c2cc(C(F)(F)F)cc(C(F)(F)F)c2)c(C)c1,True,0.3333333333333333
template_augmentation,intramolecular_N_B_alkyl,N,methyl,phenyl,mesityl,bis_cf3_phenyl,C5,N(C)(c1ccccc1)CCCCCB(c1c(C)cc(C)cc1C)(c1cc(C(F)(F)F)cc(C(F)(F)F)c1),Cc1cc(C)c(B(CCCCCN(C)c2ccccc2)c2cc(C(F)(F)F)cc(C(F)(F)F)c2)c(C)c1,True,0.32727272727272727
template_augmentation,intramolecular_N_B_alkyl,N,methyl,phenyl,mesityl,bis_cf3_phenyl,C6,N(C)(c1ccccc1)CCCCCCB(c1c(C)cc(C)cc1C)(c1cc(C(F)(F)F)cc(C(F)(F)F)c1),Cc1cc(C)c(B(CCCCCCN(C)c2ccccc2)c2cc(C(F)(F)F)cc(C(F)(F)F)c2)c(C)c1,True,0.32727272727272727
template_augmentation,intramolecular_N_B_alkyl,N,methyl,phenyl,pentafluorophenyl,pentafluorophenyl,C1,N(C)(c1ccccc1)CB(c1c(F)c(F)c(F)c(F)c1F)(c1c(F)c(F)c(F)c(F)c1F),CN(CB(c1c(F)c(F)c(F)c(F)c1F)c1c(F)c(F)c(F)c(F)c1F)c1ccccc1,True,0.43902439024390244
template_augmentation,intramolecular_N_B_alkyl,N,methyl,phenyl,pentafluorophenyl,pentafluorophenyl,C2,N(C)(c1ccccc1)CCB(c1c(F)c(F)c(F)c(F)c1F)(c1c(F)c(F)c(F)c(F)c1F),CN(CCB(c1c(F)c(F)c(F)c(F)c1F)c1c(F)c(F)c(F)c(F)c1F)c1ccccc1,True,0.475
template_augmentation,intramolecular_N_B_alkyl,N,methyl,phenyl,pentafluorophenyl,pentafluorophenyl,C3,N(C)(c1ccccc1)CCCB(c1c(F)c(F)c(F)c(F)c1F)(c1c(F)c(F)c(F)c(F)c1F),CN(CCCB(c1c(F)c(F)c(F)c(F)c1F)c1c(F)c(F)c(F)c(F)c1F)c1ccccc1,True,0.4878048780487805
template_augmentation,intramolecular_N_B_alkyl,N,methyl,phenyl,pentafluorophenyl,pentafluorophenyl,C4,N(C)(c1ccccc1)CCCCB(c1c(F)c(F)c(F)c(F)c1F)(c1c(F)c(F)c(F)c(F)c1F),CN(CCCCB(c1c(F)c(F)c(F)c(F)c1F)c1c(F)c(F)c(F)c(F)c1F)c1ccccc1,True,0.5121951219512195
template_augmentation,intramolecular_N_B_alkyl,N,methyl,phenyl,pentafluorophenyl,pentafluorophenyl,C5,N(C)(c1ccccc1)CCCCCB(c1c(F)c(F)c(F)c(F)c1F)(c1c(F)c(F)c(F)c(F)c1F),CN(CCCCCB(c1c(F)c(F)c(F)c(F)c1F)c1c(F)c(F)c(F)c(F)c1F)c1ccccc1,True,0.5
template_augmentation,intramolecular_N_B_alkyl,N,methyl,phenyl,pentafluorophenyl,pentafluorophenyl,C6,N(C)(c1ccccc1)CCCCCCB(c1c(F)c(F)c(F)c(F)c1F)(c1c(F)c(F)c(F)c(F)c1F),CN(CCCCCCB(c1c(F)c(F)c(F)c(F)c1F)c1c(F)c(F)c(F)c(F)c1F)c1ccccc1,True,0.5
template_augmentation,intramolecular_N_B_alkyl,N,methyl,phenyl,pentafluorophenyl,pentachlorophenyl,C1,N(C)(c1ccccc1)CB(c1c(F)c(F)c(F)c(F)c1F)(c1c(Cl)c(Cl)c(Cl)c(Cl)c1Cl),CN(CB(c1c(F)c(F)c(F)c(F)c1F)c1c(Cl)c(Cl)c(Cl)c(Cl)c1Cl)c1ccccc1,True,0.391304347826087
template_augmentation,intramolecular_N_B_alkyl,N,methyl,phenyl,pentafluorophenyl,pentachlorophenyl,C2,N(C)(c1ccccc1)CCB(c1c(F)c(F)c(F)c(F)c1F)(c1c(Cl)c(Cl)c(Cl)c(Cl)c1Cl),CN(CCB(c1c(F)c(F)c(F)c(F)c1F)c1c(Cl)c(Cl)c(Cl)c(Cl)c1Cl)c1ccccc1,True,0.4222222222222222
template_augmentation,intramolecular_N_B_alkyl,N,methyl,phenyl,pentafluorophenyl,pentachlorophenyl,C3,N(C)(c1ccccc1)CCCB(c1c(F)c(F)c(F)c(F)c1F)(c1c(Cl)c(Cl)c(Cl)c(Cl)c1Cl),CN(CCCB(c1c(F)c(F)c(F)c(F)c1F)c1c(Cl)c(Cl)c(Cl)c(Cl)c1Cl)c1ccccc1,True,0.43478260869565216
template_augmentation,intramolecular_N_B_alkyl,N,methyl,phenyl,pentafluorophenyl,pentachlorophenyl,C4,N(C)(c1ccccc1)CCCCB(c1c(F)c(F)c(F)c(F)c1F)(c1c(Cl)c(Cl)c(Cl)c(Cl)c1Cl),CN(CCCCB(c1c(F)c(F)c(F)c(F)c1F)c1c(Cl)c(Cl)c(Cl)c(Cl)c1Cl)c1ccccc1,True,0.45652173913043476
template_augmentation,intramolecular_N_B_alkyl,N,methyl,phenyl,pentafluorophenyl,pentachlorophenyl,C5,N(C)(c1ccccc1)CCCCCB(c1c(F)c(F)c(F)c(F)c1F)(c1c(Cl)c(Cl)c(Cl)c(Cl)c1Cl),CN(CCCCCB(c1c(F)c(F)c(F)c(F)c1F)c1c(Cl)c(Cl)c(Cl)c(Cl)c1Cl)c1ccccc1,True,0.44680851063829785
template_augmentation,intramolecular_N_B_alkyl,N,methyl,phenyl,pentafluorophenyl,pentachlorophenyl,C6,N(C)(c1ccccc1)CCCCCCB(c1c(F)c(F)c(F)c(F)c1F)(c1c(Cl)c(Cl)c(Cl)c(Cl)c1Cl),CN(CCCCCCB(c1c(F)c(F)c(F)c(F)c1F)c1c(Cl)c(Cl)c(Cl)c(Cl)c1Cl)c1ccccc1,True,0.44680851063829785
template_augmentation,intramolecular_N_B_alkyl,N,methyl,phenyl,pentafluorophenyl,bis_cf3_phenyl,C1,N(C)(c1ccccc1)CB(c1c(F)c(F)c(F)c(F)c1F)(c1cc(C(F)(F)F)cc(C(F)(F)F)c1),CN(CB(c1cc(C(F)(F)F)cc(C(F)(F)F)c1)c1c(F)c(F)c(F)c(F)c1F)c1ccccc1,True,0.3829787234042553
template_augmentation,intramolecular_N_B_alkyl,N,methyl,phenyl,pentafluorophenyl,bis_cf3_phenyl,C2,N(C)(c1ccccc1)CCB(c1c(F)c(F)c(F)c(F)c1F)(c1cc(C(F)(F)F)cc(C(F)(F)F)c1),CN(CCB(c1cc(C(F)(F)F)cc(C(F)(F)F)c1)c1c(F)c(F)c(F)c(F)c1F)c1ccccc1,True,0.3673469387755102
template_augmentation,intramolecular_N_B_alkyl,N,methyl,phenyl,pentafluorophenyl,bis_cf3_phenyl,C3,N(C)(c1ccccc1)CCCB(c1c(F)c(F)c(F)c(F)c1F)(c1cc(C(F)(F)F)cc(C(F)(F)F)c1),CN(CCCB(c1cc(C(F)(F)F)cc(C(F)(F)F)c1)c1c(F)c(F)c(F)c(F)c1F)c1ccccc1,True,0.3584905660377358
template_augmentation,intramolecular_N_B_alkyl,N,methyl,phenyl,pentafluorophenyl,bis_cf3_phenyl,C4,N(C)(c1ccccc1)CCCCB(c1c(F)c(F)c(F)c(F)c1F)(c1cc(C(F)(F)F)cc(C(F)(F)F)c1),CN(CCCCB(c1cc(C(F)(F)F)cc(C(F)(F)F)c1)c1c(F)c(F)c(F)c(F)c1F)c1ccccc1,True,0.37735849056603776
template_augmentation,intramolecular_N_B_alkyl,N,methyl,phenyl,pentafluorophenyl,bis_cf3_phenyl,C5,N(C)(c1ccccc1)CCCCCB(c1c(F)c(F)c(F)c(F)c1F)(c1cc(C(F)(F)F)cc(C(F)(F)F)c1),CN(CCCCCB(c1cc(C(F)(F)F)cc(C(F)(F)F)c1)c1c(F)c(F)c(F)c(F)c1F)c1ccccc1,True,0.37037037037037035
template_augmentation,intramolecular_N_B_alkyl,N,methyl,phenyl,pentafluorophenyl,bis_cf3_phenyl,C6,N(C)(c1ccccc1)CCCCCCB(c1c(F)c(F)c(F)c(F)c1F)(c1cc(C(F)(F)F)cc(C(F)(F)F)c1),CN(CCCCCCB(c1cc(C(F)(F)F)cc(C(F)(F)F)c1)c1c(F)c(F)c(F)c(F)c1F)c1ccccc1,True,0.37037037037037035
template_augmentation,intramolecular_N_B_alkyl,N,methyl,phenyl,pentachlorophenyl,pentachlorophenyl,C1,N(C)(c1ccccc1)CB(c1c(Cl)c(Cl)c(Cl)c(Cl)c1Cl)(c1c(Cl)c(Cl)c(Cl)c(Cl)c1Cl),CN(CB(c1c(Cl)c(Cl)c(Cl)c(Cl)c1Cl)c1c(Cl)c(Cl)c(Cl)c(Cl)c1Cl)c1ccccc1,True,0.425
template_augmentation,intramolecular_N_B_alkyl,N,methyl,phenyl,pentachlorophenyl,pentachlorophenyl,C2,N(C)(c1ccccc1)CCB(c1c(Cl)c(Cl)c(Cl)c(Cl)c1Cl)(c1c(Cl)c(Cl)c(Cl)c(Cl)c1Cl),CN(CCB(c1c(Cl)c(Cl)c(Cl)c(Cl)c1Cl)c1c(Cl)c(Cl)c(Cl)c(Cl)c1Cl)c1ccccc1,True,0.46153846153846156
template_augmentation,intramolecular_N_B_alkyl,N,methyl,phenyl,pentachlorophenyl,pentachlorophenyl,C3,N(C)(c1ccccc1)CCCB(c1c(Cl)c(Cl)c(Cl)c(Cl)c1Cl)(c1c(Cl)c(Cl)c(Cl)c(Cl)c1Cl),CN(CCCB(c1c(Cl)c(Cl)c(Cl)c(Cl)c1Cl)c1c(Cl)c(Cl)c(Cl)c(Cl)c1Cl)c1ccccc1,True,0.475
template_augmentation,intramolecular_N_B_alkyl,N,methyl,phenyl,pentachlorophenyl,pentachlorophenyl,C4,N(C)(c1ccccc1)CCCCB(c1c(Cl)c(Cl)c(Cl)c(Cl)c1Cl)(c1c(Cl)c(Cl)c(Cl)c(Cl)c1Cl),CN(CCCCB(c1c(Cl)c(Cl)c(Cl)c(Cl)c1Cl)c1c(Cl)c(Cl)c(Cl)c(Cl)c1Cl)c1ccccc1,True,0.5
template_augmentation,intramolecular_N_B_alkyl,N,methyl,phenyl,pentachlorophenyl,pentachlorophenyl,C5,N(C)(c1ccccc1)CCCCCB(c1c(Cl)c(Cl)c(Cl)c(Cl)c1Cl)(c1c(Cl)c(Cl)c(Cl)c(Cl)c1Cl),CN(CCCCCB(c1c(Cl)c(Cl)c(Cl)c(Cl)c1Cl)c1c(Cl)c(Cl)c(Cl)c(Cl)c1Cl)c1ccccc1,True,0.4878048780487805
template_augmentation,intramolecular_N_B_alkyl,N,methyl,phenyl,pentachlorophenyl,pentachlorophenyl,C6,N(C)(c1ccccc1)CCCCCCB(c1c(Cl)c(Cl)c(Cl)c(Cl)c1Cl)(c1c(Cl)c(Cl)c(Cl)c(Cl)c1Cl),CN(CCCCCCB(c1c(Cl)c(Cl)c(Cl)c(Cl)c1Cl)c1c(Cl)c(Cl)c(Cl)c(Cl)c1Cl)c1ccccc1,True,0.4878048780487805
template_augmentation,intramolecular_N_B_alkyl,N,methyl,phenyl,pentachlorophenyl,bis_cf3_phenyl,C1,N(C)(c1ccccc1)CB(c1c(Cl)c(Cl)c(Cl)c(Cl)c1Cl)(c1cc(C(F)(F)F)cc(C(F)(F)F)c1),CN(CB(c1cc(C(F)(F)F)cc(C(F)(F)F)c1)c1c(Cl)c(Cl)c(Cl)c(Cl)c1Cl)c1ccccc1,True,0.3829787234042553
template_augmentation,intramolecular_N_B_alkyl,N,methyl,phenyl,pentachlorophenyl,bis_cf3_phenyl,C2,N(C)(c1ccccc1)CCB(c1c(Cl)c(Cl)c(Cl)c(Cl)c1Cl)(c1cc(C(F)(F)F)cc(C(F)(F)F)c1),CN(CCB(c1cc(C(F)(F)F)cc(C(F)(F)F)c1)c1c(Cl)c(Cl)c(Cl)c(Cl)c1Cl)c1ccccc1,True,0.3673469387755102
template_augmentation,intramolecular_N_B_alkyl,N,methyl,phenyl,pentachlorophenyl,bis_cf3_phenyl,C3,N(C)(c1ccccc1)CCCB(c1c(Cl)c(Cl)c(Cl)c(Cl)c1Cl)(c1cc(C(F)(F)F)cc(C(F)(F)F)c1),CN(CCCB(c1cc(C(F)(F)F)cc(C(F)(F)F)c1)c1c(Cl)c(Cl)c(Cl)c(Cl)c1Cl)c1ccccc1,True,0.35294117647058826
template_augmentation,intramolecular_N_B_alkyl,N,methyl,phenyl,pentachlorophenyl,bis_cf3_phenyl,C4,N(C)(c1ccccc1)CCCCB(c1c(Cl)c(Cl)c(Cl)c(Cl)c1Cl)(c1cc(C(F)(F)F)cc(C(F)(F)F)c1),CN(CCCCB(c1cc(C(F)(F)F)cc(C(F)(F)F)c1)c1c(Cl)c(Cl)c(Cl)c(Cl)c1Cl)c1ccccc1,True,0.3584905660377358
template_augmentation,intramolecular_N_B_alkyl,N,methyl,phenyl,pentachlorophenyl,bis_cf3_phenyl,C5,N(C)(c1ccccc1)CCCCCB(c1c(Cl)c(Cl)c(Cl)c(Cl)c1Cl)(c1cc(C(F)(F)F)cc(C(F)(F)F)c1),CN(CCCCCB(c1cc(C(F)(F)F)cc(C(F)(F)F)c1)c1c(Cl)c(Cl)c(Cl)c(Cl)c1Cl)c1ccccc1,True,0.35185185185185186
template_augmentation,intramolecular_N_B_alkyl,N,methyl,phenyl,pentachlorophenyl,bis_cf3_phenyl,C6,N(C)(c1ccccc1)CCCCCCB(c1c(Cl)c(Cl)c(Cl)c(Cl)c1Cl)(c1cc(C(F)(F)F)cc(C(F)(F)F)c1),CN(CCCCCCB(c1cc(C(F)(F)F)cc(C(F)(F)F)c1)c1c(Cl)c(Cl)c(Cl)c(Cl)c1Cl)c1ccccc1,True,0.35185185185185186
template_augmentation,intramolecular_N_B_alkyl,N,methyl,phenyl,bis_cf3_phenyl,bis_cf3_phenyl,C1,N(C)(c1ccccc1)CB(c1cc(C(F)(F)F)cc(C(F)(F)F)c1)(c1cc(C(F)(F)F)cc(C(F)(F)F)c1),CN(CB(c1cc(C(F)(F)F)cc(C(F)(F)F)c1)c1cc(C(F)(F)F)cc(C(F)(F)F)c1)c1ccccc1,True,0.43902439024390244
template_augmentation,intramolecular_N_B_alkyl,N,methyl,phenyl,bis_cf3_phenyl,bis_cf3_phenyl,C2,N(C)(c1ccccc1)CCB(c1cc(C(F)(F)F)cc(C(F)(F)F)c1)(c1cc(C(F)(F)F)cc(C(F)(F)F)c1),CN(CCB(c1cc(C(F)(F)F)cc(C(F)(F)F)c1)c1cc(C(F)(F)F)cc(C(F)(F)F)c1)c1ccccc1,True,0.4186046511627907
template_augmentation,intramolecular_N_B_alkyl,N,methyl,phenyl,bis_cf3_phenyl,bis_cf3_phenyl,C3,N(C)(c1ccccc1)CCCB(c1cc(C(F)(F)F)cc(C(F)(F)F)c1)(c1cc(C(F)(F)F)cc(C(F)(F)F)c1),CN(CCCB(c1cc(C(F)(F)F)cc(C(F)(F)F)c1)c1cc(C(F)(F)F)cc(C(F)(F)F)c1)c1ccccc1,True,0.4
template_augmentation,intramolecular_N_B_alkyl,N,methyl,phenyl,bis_cf3_phenyl,bis_cf3_phenyl,C4,N(C)(c1ccccc1)CCCCB(c1cc(C(F)(F)F)cc(C(F)(F)F)c1)(c1cc(C(F)(F)F)cc(C(F)(F)F)c1),CN(CCCCB(c1cc(C(F)(F)F)cc(C(F)(F)F)c1)c1cc(C(F)(F)F)cc(C(F)(F)F)c1)c1ccccc1,True,0.391304347826087
template_augmentation,intramolecular_N_B_alkyl,N,methyl,phenyl,bis_cf3_phenyl,bis_cf3_phenyl,C5,N(C)(c1ccccc1)CCCCCB(c1cc(C(F)(F)F)cc(C(F)(F)F)c1)(c1cc(C(F)(F)F)cc(C(F)(F)F)c1),CN(CCCCCB(c1cc(C(F)(F)F)cc(C(F)(F)F)c1)c1cc(C(F)(F)F)cc(C(F)(F)F)c1)c1ccccc1,True,0.3829787234042553
template_augmentation,intramolecular_N_B_alkyl,N,methyl,phenyl,bis_cf3_phenyl,bis_cf3_phenyl,C6,N(C)(c1ccccc1)CCCCCCB(c1cc(C(F)(F)F)cc(C(F)(F)F)c1)(c1cc(C(F)(F)F)cc(C(F)(F)F)c1),CN(CCCCCCB(c1cc(C(F)(F)F)cc(C(F)(F)F)c1)c1cc(C(F)(F)F)cc(C(F)(F)F)c1)c1ccccc1,True,0.3829787234042553
template_augmentation,intramolecular_N_B_alkyl,N,ethyl,ethyl,phenyl,phenyl,C1,N(CC)(CC)CB(c1ccccc1)(c1ccccc1),CCN(CC)CB(c1ccccc1)c1ccccc1,True,0.325
template_augmentation,intramolecular_N_B_alkyl,N,ethyl,ethyl,phenyl,phenyl,C2,N(CC)(CC)CCB(c1ccccc1)(c1ccccc1),CCN(CC)CCB(c1ccccc1)c1ccccc1,True,0.30952380952380953
template_augmentation,intramolecular_N_B_alkyl,N,ethyl,ethyl,phenyl,phenyl,C3,N(CC)(CC)CCCB(c1ccccc1)(c1ccccc1),CCN(CC)CCCB(c1ccccc1)c1ccccc1,True,0.32558139534883723
template_augmentation,intramolecular_N_B_alkyl,N,ethyl,ethyl,phenyl,phenyl,C4,N(CC)(CC)CCCCB(c1ccccc1)(c1ccccc1),CCN(CC)CCCCB(c1ccccc1)c1ccccc1,True,0.3181818181818182
template_augmentation,intramolecular_N_B_alkyl,N,ethyl,ethyl,phenyl,phenyl,C5,N(CC)(CC)CCCCCB(c1ccccc1)(c1ccccc1),CCN(CC)CCCCCB(c1ccccc1)c1ccccc1,True,0.3111111111111111
template_augmentation,intramolecular_N_B_alkyl,N,ethyl,ethyl,phenyl,phenyl,C6,N(CC)(CC)CCCCCCB(c1ccccc1)(c1ccccc1),CCN(CC)CCCCCCB(c1ccccc1)c1ccccc1,True,0.3111111111111111
template_augmentation,intramolecular_N_B_alkyl,N,ethyl,ethyl,phenyl,p_tolyl,C1,N(CC)(CC)CB(c1ccccc1)(c1ccc(C)cc1),CCN(CC)CB(c1ccccc1)c1ccc(C)cc1,True,0.28888888888888886
template_augmentation,intramolecular_N_B_alkyl,N,ethyl,ethyl,phenyl,p_tolyl,C2,N(CC)(CC)CCB(c1ccccc1)(c1ccc(C)cc1),CCN(CC)CCB(c1ccccc1)c1ccc(C)cc1,True,0.2765957446808511
template_augmentation,intramolecular_N_B_alkyl,N,ethyl,ethyl,phenyl,p_tolyl,C3,N(CC)(CC)CCCB(c1ccccc1)(c1ccc(C)cc1),CCN(CC)CCCB(c1ccccc1)c1ccc(C)cc1,True,0.2916666666666667
template_augmentation,intramolecular_N_B_alkyl,N,ethyl,ethyl,phenyl,p_tolyl,C4,N(CC)(CC)CCCCB(c1ccccc1)(c1ccc(C)cc1),CCN(CC)CCCCB(c1ccccc1)c1ccc(C)cc1,True,0.2857142857142857
template_augmentation,intramolecular_N_B_alkyl,N,ethyl,ethyl,phenyl,p_tolyl,C5,N(CC)(CC)CCCCCB(c1ccccc1)(c1ccc(C)cc1),CCN(CC)CCCCCB(c1ccccc1)c1ccc(C)cc1,True,0.28
template_augmentation,intramolecular_N_B_alkyl,N,ethyl,ethyl,phenyl,p_tolyl,C6,N(CC)(CC)CCCCCCB(c1ccccc1)(c1ccc(C)cc1),CCN(CC)CCCCCCB(c1ccccc1)c1ccc(C)cc1,True,0.28
template_augmentation,intramolecular_N_B_alkyl,N,ethyl,ethyl,phenyl,mesityl,C1,N(CC)(CC)CB(c1ccccc1)(c1c(C)cc(C)cc1C),CCN(CC)CB(c1ccccc1)c1c(C)cc(C)cc1C,True,0.36363636363636365
template_augmentation,intramolecular_N_B_alkyl,N,ethyl,ethyl,phenyl,mesityl,C2,N(CC)(CC)CCB(c1ccccc1)(c1c(C)cc(C)cc1C),CCN(CC)CCB(c1ccccc1)c1c(C)cc(C)cc1C,True,0.34782608695652173
template_augmentation,intramolecular_N_B_alkyl,N,ethyl,ethyl,phenyl,mesityl,C3,N(CC)(CC)CCCB(c1ccccc1)(c1c(C)cc(C)cc1C),CCN(CC)CCCB(c1ccccc1)c1c(C)cc(C)cc1C,True,0.36
template_augmentation,intramolecular_N_B_alkyl,N,ethyl,ethyl,phenyl,mesityl,C4,N(CC)(CC)CCCCB(c1ccccc1)(c1c(C)cc(C)cc1C),CCN(CC)CCCCB(c1ccccc1)c1c(C)cc(C)cc1C,True,0.38
template_augmentation,intramolecular_N_B_alkyl,N,ethyl,ethyl,phenyl,mesityl,C5,N(CC)(CC)CCCCCB(c1ccccc1)(c1c(C)cc(C)cc1C),CCN(CC)CCCCCB(c1ccccc1)c1c(C)cc(C)cc1C,True,0.37254901960784315
template_augmentation,intramolecular_N_B_alkyl,N,ethyl,ethyl,phenyl,mesityl,C6,N(CC)(CC)CCCCCCB(c1ccccc1)(c1c(C)cc(C)cc1C),CCN(CC)CCCCCCB(c1ccccc1)c1c(C)cc(C)cc1C,True,0.37254901960784315
template_augmentation,intramolecular_N_B_alkyl,N,ethyl,ethyl,phenyl,pentafluorophenyl,C1,N(CC)(CC)CB(c1ccccc1)(c1c(F)c(F)c(F)c(F)c1F),CCN(CC)CB(c1ccccc1)c1c(F)c(F)c(F)c(F)c1F,True,0.4878048780487805
template_augmentation,intramolecular_N_B_alkyl,N,ethyl,ethyl,phenyl,pentafluorophenyl,C2,N(CC)(CC)CCB(c1ccccc1)(c1c(F)c(F)c(F)c(F)c1F),CCN(CC)CCB(c1ccccc1)c1c(F)c(F)c(F)c(F)c1F,True,0.46511627906976744
template_augmentation,intramolecular_N_B_alkyl,N,ethyl,ethyl,phenyl,pentafluorophenyl,C3,N(CC)(CC)CCCB(c1ccccc1)(c1c(F)c(F)c(F)c(F)c1F),CCN(CC)CCCB(c1ccccc1)c1c(F)c(F)c(F)c(F)c1F,True,0.4772727272727273
template_augmentation,intramolecular_N_B_alkyl,N,ethyl,ethyl,phenyl,pentafluorophenyl,C4,N(CC)(CC)CCCCB(c1ccccc1)(c1c(F)c(F)c(F)c(F)c1F),CCN(CC)CCCCB(c1ccccc1)c1c(F)c(F)c(F)c(F)c1F,True,0.4666666666666667
template_augmentation,intramolecular_N_B_alkyl,N,ethyl,ethyl,phenyl,pentafluorophenyl,C5,N(CC)(CC)CCCCCB(c1ccccc1)(c1c(F)c(F)c(F)c(F)c1F),CCN(CC)CCCCCB(c1ccccc1)c1c(F)c(F)c(F)c(F)c1F,True,0.45652173913043476
template_augmentation,intramolecular_N_B_alkyl,N,ethyl,ethyl,phenyl,pentafluorophenyl,C6,N(CC)(CC)CCCCCCB(c1ccccc1)(c1c(F)c(F)c(F)c(F)c1F),CCN(CC)CCCCCCB(c1ccccc1)c1c(F)c(F)c(F)c(F)c1F,True,0.45652173913043476
template_augmentation,intramolecular_N_B_alkyl,N,ethyl,ethyl,phenyl,pentachlorophenyl,C1,N(CC)(CC)CB(c1ccccc1)(c1c(Cl)c(Cl)c(Cl)c(Cl)c1Cl),CCN(CC)CB(c1ccccc1)c1c(Cl)c(Cl)c(Cl)c(Cl)c1Cl,True,0.475
template_augmentation,intramolecular_N_B_alkyl,N,ethyl,ethyl,phenyl,pentachlorophenyl,C2,N(CC)(CC)CCB(c1ccccc1)(c1c(Cl)c(Cl)c(Cl)c(Cl)c1Cl),CCN(CC)CCB(c1ccccc1)c1c(Cl)c(Cl)c(Cl)c(Cl)c1Cl,True,0.4523809523809524
template_augmentation,intramolecular_N_B_alkyl,N,ethyl,ethyl,phenyl,pentachlorophenyl,C3,N(CC)(CC)CCCB(c1ccccc1)(c1c(Cl)c(Cl)c(Cl)c(Cl)c1Cl),CCN(CC)CCCB(c1ccccc1)c1c(Cl)c(Cl)c(Cl)c(Cl)c1Cl,True,0.46511627906976744
template_augmentation,intramolecular_N_B_alkyl,N,ethyl,ethyl,phenyl,pentachlorophenyl,C4,N(CC)(CC)CCCCB(c1ccccc1)(c1c(Cl)c(Cl)c(Cl)c(Cl)c1Cl),CCN(CC)CCCCB(c1ccccc1)c1c(Cl)c(Cl)c(Cl)c(Cl)c1Cl,True,0.45454545454545453
template_augmentation,intramolecular_N_B_alkyl,N,ethyl,ethyl,phenyl,pentachlorophenyl,C5,N(CC)(CC)CCCCCB(c1ccccc1)(c1c(Cl)c(Cl)c(Cl)c(Cl)c1Cl),CCN(CC)CCCCCB(c1ccccc1)c1c(Cl)c(Cl)c(Cl)c(Cl)c1Cl,True,0.4444444444444444
template_augmentation,intramolecular_N_B_alkyl,N,ethyl,ethyl,phenyl,pentachlorophenyl,C6,N(CC)(CC)CCCCCCB(c1ccccc1)(c1c(Cl)c(Cl)c(Cl)c(Cl)c1Cl),CCN(CC)CCCCCCB(c1ccccc1)c1c(Cl)c(Cl)c(Cl)c(Cl)c1Cl,True,0.4444444444444444
template_augmentation,intramolecular_N_B_alkyl,N,ethyl,ethyl,phenyl,bis_cf3_phenyl,C1,N(CC)(CC)CB(c1ccccc1)(c1cc(C(F)(F)F)cc(C(F)(F)F)c1),CCN(CC)CB(c1ccccc1)c1cc(C(F)(F)F)cc(C(F)(F)F)c1,True,0.42857142857142855
template_augmentation,intramolecular_N_B_alkyl,N,ethyl,ethyl,phenyl,bis_cf3_phenyl,C2,N(CC)(CC)CCB(c1ccccc1)(c1cc(C(F)(F)F)cc(C(F)(F)F)c1),CCN(CC)CCB(c1ccccc1)c1cc(C(F)(F)F)cc(C(F)(F)F)c1,True,0.4090909090909091
template_augmentation,intramolecular_N_B_alkyl,N,ethyl,ethyl,phenyl,bis_cf3_phenyl,C3,N(CC)(CC)CCCB(c1ccccc1)(c1cc(C(F)(F)F)cc(C(F)(F)F)c1),CCN(CC)CCCB(c1ccccc1)c1cc(C(F)(F)F)cc(C(F)(F)F)c1,True,0.391304347826087
template_augmentation,intramolecular_N_B_alkyl,N,ethyl,ethyl,phenyl,bis_cf3_phenyl,C4,N(CC)(CC)CCCCB(c1ccccc1)(c1cc(C(F)(F)F)cc(C(F)(F)F)c1),CCN(CC)CCCCB(c1ccccc1)c1cc(C(F)(F)F)cc(C(F)(F)F)c1,True,0.3829787234042553
template_augmentation,intramolecular_N_B_alkyl,N,ethyl,ethyl,phenyl,bis_cf3_phenyl,C5,N(CC)(CC)CCCCCB(c1ccccc1)(c1cc(C(F)(F)F)cc(C(F)(F)F)c1),CCN(CC)CCCCCB(c1ccccc1)c1cc(C(F)(F)F)cc(C(F)(F)F)c1,True,0.375
template_augmentation,intramolecular_N_B_alkyl,N,ethyl,ethyl,phenyl,bis_cf3_phenyl,C6,N(CC)(CC)CCCCCCB(c1ccccc1)(c1cc(C(F)(F)F)cc(C(F)(F)F)c1),CCN(CC)CCCCCCB(c1ccccc1)c1cc(C(F)(F)F)cc(C(F)(F)F)c1,True,0.375
template_augmentation,intramolecular_N_B_alkyl,N,ethyl,ethyl,p_tolyl,p_tolyl,C1,N(CC)(CC)CB(c1ccc(C)cc1)(c1ccc(C)cc1),CCN(CC)CB(c1ccc(C)cc1)c1ccc(C)cc1,True,0.2391304347826087
template_augmentation,intramolecular_N_B_alkyl,N,ethyl,ethyl,p_tolyl,p_tolyl,C2,N(CC)(CC)CCB(c1ccc(C)cc1)(c1ccc(C)cc1),CCN(CC)CCB(c1ccc(C)cc1)c1ccc(C)cc1,True,0.22916666666666666
template_augmentation,intramolecular_N_B_alkyl,N,ethyl,ethyl,p_tolyl,p_tolyl,C3,N(CC)(CC)CCCB(c1ccc(C)cc1)(c1ccc(C)cc1),CCN(CC)CCCB(c1ccc(C)cc1)c1ccc(C)cc1,True,0.25
template_augmentation,intramolecular_N_B_alkyl,N,ethyl,ethyl,p_tolyl,p_tolyl,C4,N(CC)(CC)CCCCB(c1ccc(C)cc1)(c1ccc(C)cc1),CCN(CC)CCCCB(c1ccc(C)cc1)c1ccc(C)cc1,True,0.2708333333333333
template_augmentation,intramolecular_N_B_alkyl,N,ethyl,ethyl,p_tolyl,p_tolyl,C5,N(CC)(CC)CCCCCB(c1ccc(C)cc1)(c1ccc(C)cc1),CCN(CC)CCCCCB(c1ccc(C)cc1)c1ccc(C)cc1,True,0.2653061224489796
template_augmentation,intramolecular_N_B_alkyl,N,ethyl,ethyl,p_tolyl,p_tolyl,C6,N(CC)(CC)CCCCCCB(c1ccc(C)cc1)(c1ccc(C)cc1),CCN(CC)CCCCCCB(c1ccc(C)cc1)c1ccc(C)cc1,True,0.2653061224489796
template_augmentation,intramolecular_N_B_alkyl,N,ethyl,ethyl,p_tolyl,mesityl,C1,N(CC)(CC)CB(c1ccc(C)cc1)(c1c(C)cc(C)cc1C),CCN(CC)CB(c1ccc(C)cc1)c1c(C)cc(C)cc1C,True,0.3333333333333333
template_augmentation,intramolecular_N_B_alkyl,N,ethyl,ethyl,p_tolyl,mesityl,C2,N(CC)(CC)CCB(c1ccc(C)cc1)(c1c(C)cc(C)cc1C),CCN(CC)CCB(c1ccc(C)cc1)c1c(C)cc(C)cc1C,True,0.32
template_augmentation,intramolecular_N_B_alkyl,N,ethyl,ethyl,p_tolyl,mesityl,C3,N(CC)(CC)CCCB(c1ccc(C)cc1)(c1c(C)cc(C)cc1C),CCN(CC)CCCB(c1ccc(C)cc1)c1c(C)cc(C)cc1C,True,0.34
template_augmentation,intramolecular_N_B_alkyl,N,ethyl,ethyl,p_tolyl,mesityl,C4,N(CC)(CC)CCCCB(c1ccc(C)cc1)(c1c(C)cc(C)cc1C),CCN(CC)CCCCB(c1ccc(C)cc1)c1c(C)cc(C)cc1C,True,0.36
template_augmentation,intramolecular_N_B_alkyl,N,ethyl,ethyl,p_tolyl,mesityl,C5,N(CC)(CC)CCCCCB(c1ccc(C)cc1)(c1c(C)cc(C)cc1C),CCN(CC)CCCCCB(c1ccc(C)cc1)c1c(C)cc(C)cc1C,True,0.35294117647058826
template_augmentation,intramolecular_N_B_alkyl,N,ethyl,ethyl,p_tolyl,mesityl,C6,N(CC)(CC)CCCCCCB(c1ccc(C)cc1)(c1c(C)cc(C)cc1C),CCN(CC)CCCCCCB(c1ccc(C)cc1)c1c(C)cc(C)cc1C,True,0.35294117647058826
template_augmentation,intramolecular_N_B_alkyl,N,ethyl,ethyl,p_tolyl,pentafluorophenyl,C1,N(CC)(CC)CB(c1ccc(C)cc1)(c1c(F)c(F)c(F)c(F)c1F),CCN(CC)CB(c1ccc(C)cc1)c1c(F)c(F)c(F)c(F)c1F,True,0.391304347826087
template_augmentation,intramolecular_N_B_alkyl,N,ethyl,ethyl,p_tolyl,pentafluorophenyl,C2,N(CC)(CC)CCB(c1ccc(C)cc1)(c1c(F)c(F)c(F)c(F)c1F),CCN(CC)CCB(c1ccc(C)cc1)c1c(F)c(F)c(F)c(F)c1F,True,0.37777777777777777
template_augmentation,intramolecular_N_B_alkyl,N,ethyl,ethyl,p_tolyl,pentafluorophenyl,C3,N(CC)(CC)CCCB(c1ccc(C)cc1)(c1c(F)c(F)c(F)c(F)c1F),CCN(CC)CCCB(c1ccc(C)cc1)c1c(F)c(F)c(F)c(F)c1F,True,0.3958333333333333
template_augmentation,intramolecular_N_B_alkyl,N,ethyl,ethyl,p_tolyl,pentafluorophenyl,C4,N(CC)(CC)CCCCB(c1ccc(C)cc1)(c1c(F)c(F)c(F)c(F)c1F),CCN(CC)CCCCB(c1ccc(C)cc1)c1c(F)c(F)c(F)c(F)c1F,True,0.4166666666666667
template_augmentation,intramolecular_N_B_alkyl,N,ethyl,ethyl,p_tolyl,pentafluorophenyl,C5,N(CC)(CC)CCCCCB(c1ccc(C)cc1)(c1c(F)c(F)c(F)c(F)c1F),CCN(CC)CCCCCB(c1ccc(C)cc1)c1c(F)c(F)c(F)c(F)c1F,True,0.40816326530612246
template_augmentation,intramolecular_N_B_alkyl,N,ethyl,ethyl,p_tolyl,pentafluorophenyl,C6,N(CC)(CC)CCCCCCB(c1ccc(C)cc1)(c1c(F)c(F)c(F)c(F)c1F),CCN(CC)CCCCCCB(c1ccc(C)cc1)c1c(F)c(F)c(F)c(F)c1F,True,0.40816326530612246
template_augmentation,intramolecular_N_B_alkyl,N,ethyl,ethyl,p_tolyl,pentachlorophenyl,C1,N(CC)(CC)CB(c1ccc(C)cc1)(c1c(Cl)c(Cl)c(Cl)c(Cl)c1Cl),CCN(CC)CB(c1ccc(C)cc1)c1c(Cl)c(Cl)c(Cl)c(Cl)c1Cl,True,0.391304347826087
template_augmentation,intramolecular_N_B_alkyl,N,ethyl,ethyl,p_tolyl,pentachlorophenyl,C2,N(CC)(CC)CCB(c1ccc(C)cc1)(c1c(Cl)c(Cl)c(Cl)c(Cl)c1Cl),CCN(CC)CCB(c1ccc(C)cc1)c1c(Cl)c(Cl)c(Cl)c(Cl)c1Cl,True,0.37777777777777777
template_augmentation,intramolecular_N_B_alkyl,N,ethyl,ethyl,p_tolyl,pentachlorophenyl,C3,N(CC)(CC)CCCB(c1ccc(C)cc1)(c1c(Cl)c(Cl)c(Cl)c(Cl)c1Cl),CCN(CC)CCCB(c1ccc(C)cc1)c1c(Cl)c(Cl)c(Cl)c(Cl)c1Cl,True,0.3958333333333333
template_augmentation,intramolecular_N_B_alkyl,N,ethyl,ethyl,p_tolyl,pentachlorophenyl,C4,N(CC)(CC)CCCCB(c1ccc(C)cc1)(c1c(Cl)c(Cl)c(Cl)c(Cl)c1Cl),CCN(CC)CCCCB(c1ccc(C)cc1)c1c(Cl)c(Cl)c(Cl)c(Cl)c1Cl,True,0.4166666666666667
template_augmentation,intramolecular_N_B_alkyl,N,ethyl,ethyl,p_tolyl,pentachlorophenyl,C5,N(CC)(CC)CCCCCB(c1ccc(C)cc1)(c1c(Cl)c(Cl)c(Cl)c(Cl)c1Cl),CCN(CC)CCCCCB(c1ccc(C)cc1)c1c(Cl)c(Cl)c(Cl)c(Cl)c1Cl,True,0.40816326530612246
template_augmentation,intramolecular_N_B_alkyl,N,ethyl,ethyl,p_tolyl,pentachlorophenyl,C6,N(CC)(CC)CCCCCCB(c1ccc(C)cc1)(c1c(Cl)c(Cl)c(Cl)c(Cl)c1Cl),CCN(CC)CCCCCCB(c1ccc(C)cc1)c1c(Cl)c(Cl)c(Cl)c(Cl)c1Cl,True,0.40816326530612246
template_augmentation,intramolecular_N_B_alkyl,N,ethyl,ethyl,p_tolyl,bis_cf3_phenyl,C1,N(CC)(CC)CB(c1ccc(C)cc1)(c1cc(C(F)(F)F)cc(C(F)(F)F)c1),CCN(CC)CB(c1ccc(C)cc1)c1cc(C(F)(F)F)cc(C(F)(F)F)c1,True,0.4186046511627907
template_augmentation,intramolecular_N_B_alkyl,N,ethyl,ethyl,p_tolyl,bis_cf3_phenyl,C2,N(CC)(CC)CCB(c1ccc(C)cc1)(c1cc(C(F)(F)F)cc(C(F)(F)F)c1),CCN(CC)CCB(c1ccc(C)cc1)c1cc(C(F)(F)F)cc(C(F)(F)F)c1,True,0.4
template_augmentation,intramolecular_N_B_alkyl,N,ethyl,ethyl,p_tolyl,bis_cf3_phenyl,C3,N(CC)(CC)CCCB(c1ccc(C)cc1)(c1cc(C(F)(F)F)cc(C(F)(F)F)c1),CCN(CC)CCCB(c1ccc(C)cc1)c1cc(C(F)(F)F)cc(C(F)(F)F)c1,True,0.3829787234042553
template_augmentation,intramolecular_N_B_alkyl,N,ethyl,ethyl,p_tolyl,bis_cf3_phenyl,C4,N(CC)(CC)CCCCB(c1ccc(C)cc1)(c1cc(C(F)(F)F)cc(C(F)(F)F)c1),CCN(CC)CCCCB(c1ccc(C)cc1)c1cc(C(F)(F)F)cc(C(F)(F)F)c1,True,0.375
template_augmentation,intramolecular_N_B_alkyl,N,ethyl,ethyl,p_tolyl,bis_cf3_phenyl,C5,N(CC)(CC)CCCCCB(c1ccc(C)cc1)(c1cc(C(F)(F)F)cc(C(F)(F)F)c1),CCN(CC)CCCCCB(c1ccc(C)cc1)c1cc(C(F)(F)F)cc(C(F)(F)F)c1,True,0.3673469387755102
template_augmentation,intramolecular_N_B_alkyl,N,ethyl,ethyl,p_tolyl,bis_cf3_phenyl,C6,N(CC)(CC)CCCCCCB(c1ccc(C)cc1)(c1cc(C(F)(F)F)cc(C(F)(F)F)c1),CCN(CC)CCCCCCB(c1ccc(C)cc1)c1cc(C(F)(F)F)cc(C(F)(F)F)c1,True,0.3673469387755102
template_augmentation,intramolecular_N_B_alkyl,N,ethyl,ethyl,mesityl,mesityl,C1,N(CC)(CC)CB(c1c(C)cc(C)cc1C)(c1c(C)cc(C)cc1C),CCN(CC)CB(c1c(C)cc(C)cc1C)c1c(C)cc(C)cc1C,True,0.38095238095238093
template_augmentation,intramolecular_N_B_alkyl,N,ethyl,ethyl,mesityl,mesityl,C2,N(CC)(CC)CCB(c1c(C)cc(C)cc1C)(c1c(C)cc(C)cc1C),CCN(CC)CCB(c1c(C)cc(C)cc1C)c1c(C)cc(C)cc1C,True,0.36585365853658536
template_augmentation,intramolecular_N_B_alkyl,N,ethyl,ethyl,mesityl,mesityl,C3,N(CC)(CC)CCCB(c1c(C)cc(C)cc1C)(c1c(C)cc(C)cc1C),CCN(CC)CCCB(c1c(C)cc(C)cc1C)c1c(C)cc(C)cc1C,True,0.38636363636363635
template_augmentation,intramolecular_N_B_alkyl,N,ethyl,ethyl,mesityl,mesityl,C4,N(CC)(CC)CCCCB(c1c(C)cc(C)cc1C)(c1c(C)cc(C)cc1C),CCN(CC)CCCCB(c1c(C)cc(C)cc1C)c1c(C)cc(C)cc1C,True,0.4090909090909091
template_augmentation,intramolecular_N_B_alkyl,N,ethyl,ethyl,mesityl,mesityl,C5,N(CC)(CC)CCCCCB(c1c(C)cc(C)cc1C)(c1c(C)cc(C)cc1C),CCN(CC)CCCCCB(c1c(C)cc(C)cc1C)c1c(C)cc(C)cc1C,True,0.4
template_augmentation,intramolecular_N_B_alkyl,N,ethyl,ethyl,mesityl,mesityl,C6,N(CC)(CC)CCCCCCB(c1c(C)cc(C)cc1C)(c1c(C)cc(C)cc1C),CCN(CC)CCCCCCB(c1c(C)cc(C)cc1C)c1c(C)cc(C)cc1C,True,0.4
template_augmentation,intramolecular_N_B_alkyl,N,ethyl,ethyl,mesityl,pentafluorophenyl,C1,N(CC)(CC)CB(c1c(C)cc(C)cc1C)(c1c(F)c(F)c(F)c(F)c1F),CCN(CC)CB(c1c(C)cc(C)cc1C)c1c(F)c(F)c(F)c(F)c1F,True,0.5238095238095238
template_augmentation,intramolecular_N_B_alkyl,N,ethyl,ethyl,mesityl,pentafluorophenyl,C2,N(CC)(CC)CCB(c1c(C)cc(C)cc1C)(c1c(F)c(F)c(F)c(F)c1F),CCN(CC)CCB(c1c(C)cc(C)cc1C)c1c(F)c(F)c(F)c(F)c1F,True,0.5121951219512195
template_augmentation,intramolecular_N_B_alkyl,N,ethyl,ethyl,mesityl,pentafluorophenyl,C3,N(CC)(CC)CCCB(c1c(C)cc(C)cc1C)(c1c(F)c(F)c(F)c(F)c1F),CCN(CC)CCCB(c1c(C)cc(C)cc1C)c1c(F)c(F)c(F)c(F)c1F,True,0.5227272727272727
template_augmentation,intramolecular_N_B_alkyl,N,ethyl,ethyl,mesityl,pentafluorophenyl,C4,N(CC)(CC)CCCCB(c1c(C)cc(C)cc1C)(c1c(F)c(F)c(F)c(F)c1F),CCN(CC)CCCCB(c1c(C)cc(C)cc1C)c1c(F)c(F)c(F)c(F)c1F,True,0.5454545454545454
template_augmentation,intramolecular_N_B_alkyl,N,ethyl,ethyl,mesityl,pentafluorophenyl,C5,N(CC)(CC)CCCCCB(c1c(C)cc(C)cc1C)(c1c(F)c(F)c(F)c(F)c1F),CCN(CC)CCCCCB(c1c(C)cc(C)cc1C)c1c(F)c(F)c(F)c(F)c1F,True,0.5333333333333333
template_augmentation,intramolecular_N_B_alkyl,N,ethyl,ethyl,mesityl,pentafluorophenyl,C6,N(CC)(CC)CCCCCCB(c1c(C)cc(C)cc1C)(c1c(F)c(F)c(F)c(F)c1F),CCN(CC)CCCCCCB(c1c(C)cc(C)cc1C)c1c(F)c(F)c(F)c(F)c1F,True,0.5333333333333333
template_augmentation,intramolecular_N_B_alkyl,N,ethyl,ethyl,mesityl,pentachlorophenyl,C1,N(CC)(CC)CB(c1c(C)cc(C)cc1C)(c1c(Cl)c(Cl)c(Cl)c(Cl)c1Cl),CCN(CC)CB(c1c(C)cc(C)cc1C)c1c(Cl)c(Cl)c(Cl)c(Cl)c1Cl,True,0.5238095238095238
template_augmentation,intramolecular_N_B_alkyl,N,ethyl,ethyl,mesityl,pentachlorophenyl,C2,N(CC)(CC)CCB(c1c(C)cc(C)cc1C)(c1c(Cl)c(Cl)c(Cl)c(Cl)c1Cl),CCN(CC)CCB(c1c(C)cc(C)cc1C)c1c(Cl)c(Cl)c(Cl)c(Cl)c1Cl,True,0.5121951219512195
template_augmentation,intramolecular_N_B_alkyl,N,ethyl,ethyl,mesityl,pentachlorophenyl,C3,N(CC)(CC)CCCB(c1c(C)cc(C)cc1C)(c1c(Cl)c(Cl)c(Cl)c(Cl)c1Cl),CCN(CC)CCCB(c1c(C)cc(C)cc1C)c1c(Cl)c(Cl)c(Cl)c(Cl)c1Cl,True,0.5227272727272727
template_augmentation,intramolecular_N_B_alkyl,N,ethyl,ethyl,mesityl,pentachlorophenyl,C4,N(CC)(CC)CCCCB(c1c(C)cc(C)cc1C)(c1c(Cl)c(Cl)c(Cl)c(Cl)c1Cl),CCN(CC)CCCCB(c1c(C)cc(C)cc1C)c1c(Cl)c(Cl)c(Cl)c(Cl)c1Cl,True,0.5454545454545454
template_augmentation,intramolecular_N_B_alkyl,N,ethyl,ethyl,mesityl,pentachlorophenyl,C5,N(CC)(CC)CCCCCB(c1c(C)cc(C)cc1C)(c1c(Cl)c(Cl)c(Cl)c(Cl)c1Cl),CCN(CC)CCCCCB(c1c(C)cc(C)cc1C)c1c(Cl)c(Cl)c(Cl)c(Cl)c1Cl,True,0.5333333333333333
template_augmentation,intramolecular_N_B_alkyl,N,ethyl,ethyl,mesityl,pentachlorophenyl,C6,N(CC)(CC)CCCCCCB(c1c(C)cc(C)cc1C)(c1c(Cl)c(Cl)c(Cl)c(Cl)c1Cl),CCN(CC)CCCCCCB(c1c(C)cc(C)cc1C)c1c(Cl)c(Cl)c(Cl)c(Cl)c1Cl,True,0.5333333333333333
template_augmentation,intramolecular_N_B_alkyl,N,ethyl,ethyl,mesityl,bis_cf3_phenyl,C1,N(CC)(CC)CB(c1c(C)cc(C)cc1C)(c1cc(C(F)(F)F)cc(C(F)(F)F)c1),CCN(CC)CB(c1cc(C(F)(F)F)cc(C(F)(F)F)c1)c1c(C)cc(C)cc1C,True,0.4090909090909091
template_augmentation,intramolecular_N_B_alkyl,N,ethyl,ethyl,mesityl,bis_cf3_phenyl,C2,N(CC)(CC)CCB(c1c(C)cc(C)cc1C)(c1cc(C(F)(F)F)cc(C(F)(F)F)c1),CCN(CC)CCB(c1cc(C(F)(F)F)cc(C(F)(F)F)c1)c1c(C)cc(C)cc1C,True,0.391304347826087
template_augmentation,intramolecular_N_B_alkyl,N,ethyl,ethyl,mesityl,bis_cf3_phenyl,C3,N(CC)(CC)CCCB(c1c(C)cc(C)cc1C)(c1cc(C(F)(F)F)cc(C(F)(F)F)c1),CCN(CC)CCCB(c1cc(C(F)(F)F)cc(C(F)(F)F)c1)c1c(C)cc(C)cc1C,True,0.375
template_augmentation,intramolecular_N_B_alkyl,N,ethyl,ethyl,mesityl,bis_cf3_phenyl,C4,N(CC)(CC)CCCCB(c1c(C)cc(C)cc1C)(c1cc(C(F)(F)F)cc(C(F)(F)F)c1),CCN(CC)CCCCB(c1cc(C(F)(F)F)cc(C(F)(F)F)c1)c1c(C)cc(C)cc1C,True,0.3673469387755102
template_augmentation,intramolecular_N_B_alkyl,N,ethyl,ethyl,mesityl,bis_cf3_phenyl,C5,N(CC)(CC)CCCCCB(c1c(C)cc(C)cc1C)(c1cc(C(F)(F)F)cc(C(F)(F)F)c1),CCN(CC)CCCCCB(c1cc(C(F)(F)F)cc(C(F)(F)F)c1)c1c(C)cc(C)cc1C,True,0.36
template_augmentation,intramolecular_N_B_alkyl,N,ethyl,ethyl,mesityl,bis_cf3_phenyl,C6,N(CC)(CC)CCCCCCB(c1c(C)cc(C)cc1C)(c1cc(C(F)(F)F)cc(C(F)(F)F)c1),CCN(CC)CCCCCCB(c1cc(C(F)(F)F)cc(C(F)(F)F)c1)c1c(C)cc(C)cc1C,True,0.36
template_augmentation,intramolecular_N_B_alkyl,N,ethyl,ethyl,pentafluorophenyl,pentafluorophenyl,C1,N(CC)(CC)CB(c1c(F)c(F)c(F)c(F)c1F)(c1c(F)c(F)c(F)c(F)c1F),CCN(CC)CB(c1c(F)c(F)c(F)c(F)c1F)c1c(F)c(F)c(F)c(F)c1F,True,0.39473684210526316
template_augmentation,intramolecular_N_B_alkyl,N,ethyl,ethyl,pentafluorophenyl,pentafluorophenyl,C2,N(CC)(CC)CCB(c1c(F)c(F)c(F)c(F)c1F)(c1c(F)c(F)c(F)c(F)c1F),CCN(CC)CCB(c1c(F)c(F)c(F)c(F)c1F)c1c(F)c(F)c(F)c(F)c1F,True,0.375
template_augmentation,intramolecular_N_B_alkyl,N,ethyl,ethyl,pentafluorophenyl,pentafluorophenyl,C3,N(CC)(CC)CCCB(c1c(F)c(F)c(F)c(F)c1F)(c1c(F)c(F)c(F)c(F)c1F),CCN(CC)CCCB(c1c(F)c(F)c(F)c(F)c1F)c1c(F)c(F)c(F)c(F)c1F,True,0.4
template_augmentation,intramolecular_N_B_alkyl,N,ethyl,ethyl,pentafluorophenyl,pentafluorophenyl,C4,N(CC)(CC)CCCCB(c1c(F)c(F)c(F)c(F)c1F)(c1c(F)c(F)c(F)c(F)c1F),CCN(CC)CCCCB(c1c(F)c(F)c(F)c(F)c1F)c1c(F)c(F)c(F)c(F)c1F,True,0.40476190476190477
template_augmentation,intramolecular_N_B_alkyl,N,ethyl,ethyl,pentafluorophenyl,pentafluorophenyl,C5,N(CC)(CC)CCCCCB(c1c(F)c(F)c(F)c(F)c1F)(c1c(F)c(F)c(F)c(F)c1F),CCN(CC)CCCCCB(c1c(F)c(F)c(F)c(F)c1F)c1c(F)c(F)c(F)c(F)c1F,True,0.3953488372093023
template_augmentation,intramolecular_N_B_alkyl,N,ethyl,ethyl,pentafluorophenyl,pentafluorophenyl,C6,N(CC)(CC)CCCCCCB(c1c(F)c(F)c(F)c(F)c1F)(c1c(F)c(F)c(F)c(F)c1F),CCN(CC)CCCCCCB(c1c(F)c(F)c(F)c(F)c1F)c1c(F)c(F)c(F)c(F)c1F,True,0.3953488372093023
template_augmentation,intramolecular_N_B_alkyl,N,ethyl,ethyl,pentafluorophenyl,pentachlorophenyl,C1,N(CC)(CC)CB(c1c(F)c(F)c(F)c(F)c1F)(c1c(Cl)c(Cl)c(Cl)c(Cl)c1Cl),CCN(CC)CB(c1c(F)c(F)c(F)c(F)c1F)c1c(Cl)c(Cl)c(Cl)c(Cl)c1Cl,True,0.37209302325581395
template_augmentation,intramolecular_N_B_alkyl,N,ethyl,ethyl,pentafluorophenyl,pentachlorophenyl,C2,N(CC)(CC)CCB(c1c(F)c(F)c(F)c(F)c1F)(c1c(Cl)c(Cl)c(Cl)c(Cl)c1Cl),CCN(CC)CCB(c1c(F)c(F)c(F)c(F)c1F)c1c(Cl)c(Cl)c(Cl)c(Cl)c1Cl,True,0.35555555555555557
template_augmentation,intramolecular_N_B_alkyl,N,ethyl,ethyl,pentafluorophenyl,pentachlorophenyl,C3,N(CC)(CC)CCCB(c1c(F)c(F)c(F)c(F)c1F)(c1c(Cl)c(Cl)c(Cl)c(Cl)c1Cl),CCN(CC)CCCB(c1c(F)c(F)c(F)c(F)c1F)c1c(Cl)c(Cl)c(Cl)c(Cl)c1Cl,True,0.3695652173913043
template_augmentation,intramolecular_N_B_alkyl,N,ethyl,ethyl,pentafluorophenyl,pentachlorophenyl,C4,N(CC)(CC)CCCCB(c1c(F)c(F)c(F)c(F)c1F)(c1c(Cl)c(Cl)c(Cl)c(Cl)c1Cl),CCN(CC)CCCCB(c1c(F)c(F)c(F)c(F)c1F)c1c(Cl)c(Cl)c(Cl)c(Cl)c1Cl,True,0.37777777777777777
template_augmentation,intramolecular_N_B_alkyl,N,ethyl,ethyl,pentafluorophenyl,pentachlorophenyl,C5,N(CC)(CC)CCCCCB(c1c(F)c(F)c(F)c(F)c1F)(c1c(Cl)c(Cl)c(Cl)c(Cl)c1Cl),CCN(CC)CCCCCB(c1c(F)c(F)c(F)c(F)c1F)c1c(Cl)c(Cl)c(Cl)c(Cl)c1Cl,True,0.3695652173913043
template_augmentation,intramolecular_N_B_alkyl,N,ethyl,ethyl,pentafluorophenyl,pentachlorophenyl,C6,N(CC)(CC)CCCCCCB(c1c(F)c(F)c(F)c(F)c1F)(c1c(Cl)c(Cl)c(Cl)c(Cl)c1Cl),CCN(CC)CCCCCCB(c1c(F)c(F)c(F)c(F)c1F)c1c(Cl)c(Cl)c(Cl)c(Cl)c1Cl,True,0.3695652173913043
template_augmentation,intramolecular_N_B_alkyl,N,ethyl,ethyl,pentafluorophenyl,bis_cf3_phenyl,C1,N(CC)(CC)CB(c1c(F)c(F)c(F)c(F)c1F)(c1cc(C(F)(F)F)cc(C(F)(F)F)c1),CCN(CC)CB(c1cc(C(F)(F)F)cc(C(F)(F)F)c1)c1c(F)c(F)c(F)c(F)c1F,True,0.42857142857142855
template_augmentation,intramolecular_N_B_alkyl,N,ethyl,ethyl,pentafluorophenyl,bis_cf3_phenyl,C2,N(CC)(CC)CCB(c1c(F)c(F)c(F)c(F)c1F)(c1cc(C(F)(F)F)cc(C(F)(F)F)c1),CCN(CC)CCB(c1cc(C(F)(F)F)cc(C(F)(F)F)c1)c1c(F)c(F)c(F)c(F)c1F,True,0.4090909090909091
template_augmentation,intramolecular_N_B_alkyl,N,ethyl,ethyl,pentafluorophenyl,bis_cf3_phenyl,C3,N(CC)(CC)CCCB(c1c(F)c(F)c(F)c(F)c1F)(c1cc(C(F)(F)F)cc(C(F)(F)F)c1),CCN(CC)CCCB(c1cc(C(F)(F)F)cc(C(F)(F)F)c1)c1c(F)c(F)c(F)c(F)c1F,True,0.391304347826087
template_augmentation,intramolecular_N_B_alkyl,N,ethyl,ethyl,pentafluorophenyl,bis_cf3_phenyl,C4,N(CC)(CC)CCCCB(c1c(F)c(F)c(F)c(F)c1F)(c1cc(C(F)(F)F)cc(C(F)(F)F)c1),CCN(CC)CCCCB(c1cc(C(F)(F)F)cc(C(F)(F)F)c1)c1c(F)c(F)c(F)c(F)c1F,True,0.3829787234042553
template_augmentation,intramolecular_N_B_alkyl,N,ethyl,ethyl,pentafluorophenyl,bis_cf3_phenyl,C5,N(CC)(CC)CCCCCB(c1c(F)c(F)c(F)c(F)c1F)(c1cc(C(F)(F)F)cc(C(F)(F)F)c1),CCN(CC)CCCCCB(c1cc(C(F)(F)F)cc(C(F)(F)F)c1)c1c(F)c(F)c(F)c(F)c1F,True,0.375
template_augmentation,intramolecular_N_B_alkyl,N,ethyl,ethyl,pentafluorophenyl,bis_cf3_phenyl,C6,N(CC)(CC)CCCCCCB(c1c(F)c(F)c(F)c(F)c1F)(c1cc(C(F)(F)F)cc(C(F)(F)F)c1),CCN(CC)CCCCCCB(c1cc(C(F)(F)F)cc(C(F)(F)F)c1)c1c(F)c(F)c(F)c(F)c1F,True,0.375
template_augmentation,intramolecular_N_B_alkyl,N,ethyl,ethyl,pentachlorophenyl,pentachlorophenyl,C1,N(CC)(CC)CB(c1c(Cl)c(Cl)c(Cl)c(Cl)c1Cl)(c1c(Cl)c(Cl)c(Cl)c(Cl)c1Cl),CCN(CC)CB(c1c(Cl)c(Cl)c(Cl)c(Cl)c1Cl)c1c(Cl)c(Cl)c(Cl)c(Cl)c1Cl,True,0.40540540540540543
template_augmentation,intramolecular_N_B_alkyl,N,ethyl,ethyl,pentachlorophenyl,pentachlorophenyl,C2,N(CC)(CC)CCB(c1c(Cl)c(Cl)c(Cl)c(Cl)c1Cl)(c1c(Cl)c(Cl)c(Cl)c(Cl)c1Cl),CCN(CC)CCB(c1c(Cl)c(Cl)c(Cl)c(Cl)c1Cl)c1c(Cl)c(Cl)c(Cl)c(Cl)c1Cl,True,0.38461538461538464
template_augmentation,intramolecular_N_B_alkyl,N,ethyl,ethyl,pentachlorophenyl,pentachlorophenyl,C3,N(CC)(CC)CCCB(c1c(Cl)c(Cl)c(Cl)c(Cl)c1Cl)(c1c(Cl)c(Cl)c(Cl)c(Cl)c1Cl),CCN(CC)CCCB(c1c(Cl)c(Cl)c(Cl)c(Cl)c1Cl)c1c(Cl)c(Cl)c(Cl)c(Cl)c1Cl,True,0.4
template_augmentation,intramolecular_N_B_alkyl,N,ethyl,ethyl,pentachlorophenyl,pentachlorophenyl,C4,N(CC)(CC)CCCCB(c1c(Cl)c(Cl)c(Cl)c(Cl)c1Cl)(c1c(Cl)c(Cl)c(Cl)c(Cl)c1Cl),CCN(CC)CCCCB(c1c(Cl)c(Cl)c(Cl)c(Cl)c1Cl)c1c(Cl)c(Cl)c(Cl)c(Cl)c1Cl,True,0.41025641025641024
template_augmentation,intramolecular_N_B_alkyl,N,ethyl,ethyl,pentachlorophenyl,pentachlorophenyl,C5,N(CC)(CC)CCCCCB(c1c(Cl)c(Cl)c(Cl)c(Cl)c1Cl)(c1c(Cl)c(Cl)c(Cl)c(Cl)c1Cl),CCN(CC)CCCCCB(c1c(Cl)c(Cl)c(Cl)c(Cl)c1Cl)c1c(Cl)c(Cl)c(Cl)c(Cl)c1Cl,True,0.4
template_augmentation,intramolecular_N_B_alkyl,N,ethyl,ethyl,pentachlorophenyl,pentachlorophenyl,C6,N(CC)(CC)CCCCCCB(c1c(Cl)c(Cl)c(Cl)c(Cl)c1Cl)(c1c(Cl)c(Cl)c(Cl)c(Cl)c1Cl),CCN(CC)CCCCCCB(c1c(Cl)c(Cl)c(Cl)c(Cl)c1Cl)c1c(Cl)c(Cl)c(Cl)c(Cl)c1Cl,True,0.4
template_augmentation,intramolecular_N_B_alkyl,N,ethyl,ethyl,pentachlorophenyl,bis_cf3_phenyl,C1,N(CC)(CC)CB(c1c(Cl)c(Cl)c(Cl)c(Cl)c1Cl)(c1cc(C(F)(F)F)cc(C(F)(F)F)c1),CCN(CC)CB(c1cc(C(F)(F)F)cc(C(F)(F)F)c1)c1c(Cl)c(Cl)c(Cl)c(Cl)c1Cl,True,0.4186046511627907
template_augmentation,intramolecular_N_B_alkyl,N,ethyl,ethyl,pentachlorophenyl,bis_cf3_phenyl,C2,N(CC)(CC)CCB(c1c(Cl)c(Cl)c(Cl)c(Cl)c1Cl)(c1cc(C(F)(F)F)cc(C(F)(F)F)c1),CCN(CC)CCB(c1cc(C(F)(F)F)cc(C(F)(F)F)c1)c1c(Cl)c(Cl)c(Cl)c(Cl)c1Cl,True,0.4
template_augmentation,intramolecular_N_B_alkyl,N,ethyl,ethyl,pentachlorophenyl,bis_cf3_phenyl,C3,N(CC)(CC)CCCB(c1c(Cl)c(Cl)c(Cl)c(Cl)c1Cl)(c1cc(C(F)(F)F)cc(C(F)(F)F)c1),CCN(CC)CCCB(c1cc(C(F)(F)F)cc(C(F)(F)F)c1)c1c(Cl)c(Cl)c(Cl)c(Cl)c1Cl,True,0.3829787234042553
template_augmentation,intramolecular_N_B_alkyl,N,ethyl,ethyl,pentachlorophenyl,bis_cf3_phenyl,C4,N(CC)(CC)CCCCB(c1c(Cl)c(Cl)c(Cl)c(Cl)c1Cl)(c1cc(C(F)(F)F)cc(C(F)(F)F)c1),CCN(CC)CCCCB(c1cc(C(F)(F)F)cc(C(F)(F)F)c1)c1c(Cl)c(Cl)c(Cl)c(Cl)c1Cl,True,0.375
template_augmentation,intramolecular_N_B_alkyl,N,ethyl,ethyl,pentachlorophenyl,bis_cf3_phenyl,C5,N(CC)(CC)CCCCCB(c1c(Cl)c(Cl)c(Cl)c(Cl)c1Cl)(c1cc(C(F)(F)F)cc(C(F)(F)F)c1),CCN(CC)CCCCCB(c1cc(C(F)(F)F)cc(C(F)(F)F)c1)c1c(Cl)c(Cl)c(Cl)c(Cl)c1Cl,True,0.3673469387755102
template_augmentation,intramolecular_N_B_alkyl,N,ethyl,ethyl,pentachlorophenyl,bis_cf3_phenyl,C6,N(CC)(CC)CCCCCCB(c1c(Cl)c(Cl)c(Cl)c(Cl)c1Cl)(c1cc(C(F)(F)F)cc(C(F)(F)F)c1),CCN(CC)CCCCCCB(c1cc(C(F)(F)F)cc(C(F)(F)F)c1)c1c(Cl)c(Cl)c(Cl)c(Cl)c1Cl,True,0.3673469387755102
template_augmentation,intramolecular_N_B_alkyl,N,ethyl,ethyl,bis_cf3_phenyl,bis_cf3_phenyl,C1,N(CC)(CC)CB(c1cc(C(F)(F)F)cc(C(F)(F)F)c1)(c1cc(C(F)(F)F)cc(C(F)(F)F)c1),CCN(CC)CB(c1cc(C(F)(F)F)cc(C(F)(F)F)c1)c1cc(C(F)(F)F)cc(C(F)(F)F)c1,True,0.5
template_augmentation,intramolecular_N_B_alkyl,N,ethyl,ethyl,bis_cf3_phenyl,bis_cf3_phenyl,C2,N(CC)(CC)CCB(c1cc(C(F)(F)F)cc(C(F)(F)F)c1)(c1cc(C(F)(F)F)cc(C(F)(F)F)c1),CCN(CC)CCB(c1cc(C(F)(F)F)cc(C(F)(F)F)c1)c1cc(C(F)(F)F)cc(C(F)(F)F)c1,True,0.47368421052631576
template_augmentation,intramolecular_N_B_alkyl,N,ethyl,ethyl,bis_cf3_phenyl,bis_cf3_phenyl,C3,N(CC)(CC)CCCB(c1cc(C(F)(F)F)cc(C(F)(F)F)c1)(c1cc(C(F)(F)F)cc(C(F)(F)F)c1),CCN(CC)CCCB(c1cc(C(F)(F)F)cc(C(F)(F)F)c1)c1cc(C(F)(F)F)cc(C(F)(F)F)c1,True,0.45
template_augmentation,intramolecular_N_B_alkyl,N,ethyl,ethyl,bis_cf3_phenyl,bis_cf3_phenyl,C4,N(CC)(CC)CCCCB(c1cc(C(F)(F)F)cc(C(F)(F)F)c1)(c1cc(C(F)(F)F)cc(C(F)(F)F)c1),CCN(CC)CCCCB(c1cc(C(F)(F)F)cc(C(F)(F)F)c1)c1cc(C(F)(F)F)cc(C(F)(F)F)c1,True,0.43902439024390244
template_augmentation,intramolecular_N_B_alkyl,N,ethyl,ethyl,bis_cf3_phenyl,bis_cf3_phenyl,C5,N(CC)(CC)CCCCCB(c1cc(C(F)(F)F)cc(C(F)(F)F)c1)(c1cc(C(F)(F)F)cc(C(F)(F)F)c1),CCN(CC)CCCCCB(c1cc(C(F)(F)F)cc(C(F)(F)F)c1)c1cc(C(F)(F)F)cc(C(F)(F)F)c1,True,0.42857142857142855
template_augmentation,intramolecular_N_B_alkyl,N,ethyl,ethyl,bis_cf3_phenyl,bis_cf3_phenyl,C6,N(CC)(CC)CCCCCCB(c1cc(C(F)(F)F)cc(C(F)(F)F)c1)(c1cc(C(F)(F)F)cc(C(F)(F)F)c1),CCN(CC)CCCCCCB(c1cc(C(F)(F)F)cc(C(F)(F)F)c1)c1cc(C(F)(F)F)cc(C(F)(F)F)c1,True,0.42857142857142855
template_augmentation,intramolecular_N_B_alkyl,N,ethyl,isopropyl,phenyl,phenyl,C1,N(CC)(C(C)C)CB(c1ccccc1)(c1ccccc1),CCN(CB(c1ccccc1)c1ccccc1)C(C)C,True,0.3902439024390244
template_augmentation,intramolecular_N_B_alkyl,N,ethyl,isopropyl,phenyl,phenyl,C2,N(CC)(C(C)C)CCB(c1ccccc1)(c1ccccc1),CCN(CCB(c1ccccc1)c1ccccc1)C(C)C,True,0.37209302325581395
template_augmentation,intramolecular_N_B_alkyl,N,ethyl,isopropyl,phenyl,phenyl,C3,N(CC)(C(C)C)CCCB(c1ccccc1)(c1ccccc1),CCN(CCCB(c1ccccc1)c1ccccc1)C(C)C,True,0.35555555555555557
template_augmentation,intramolecular_N_B_alkyl,N,ethyl,isopropyl,phenyl,phenyl,C4,N(CC)(C(C)C)CCCCB(c1ccccc1)(c1ccccc1),CCN(CCCCB(c1ccccc1)c1ccccc1)C(C)C,True,0.34782608695652173
template_augmentation,intramolecular_N_B_alkyl,N,ethyl,isopropyl,phenyl,phenyl,C5,N(CC)(C(C)C)CCCCCB(c1ccccc1)(c1ccccc1),CCN(CCCCCB(c1ccccc1)c1ccccc1)C(C)C,True,0.3404255319148936
template_augmentation,intramolecular_N_B_alkyl,N,ethyl,isopropyl,phenyl,phenyl,C6,N(CC)(C(C)C)CCCCCCB(c1ccccc1)(c1ccccc1),CCN(CCCCCCB(c1ccccc1)c1ccccc1)C(C)C,True,0.3404255319148936
template_augmentation,intramolecular_N_B_alkyl,N,ethyl,isopropyl,phenyl,p_tolyl,C1,N(CC)(C(C)C)CB(c1ccccc1)(c1ccc(C)cc1),CCN(CB(c1ccccc1)c1ccc(C)cc1)C(C)C,True,0.34782608695652173
template_augmentation,intramolecular_N_B_alkyl,N,ethyl,isopropyl,phenyl,p_tolyl,C2,N(CC)(C(C)C)CCB(c1ccccc1)(c1ccc(C)cc1),CCN(CCB(c1ccccc1)c1ccc(C)cc1)C(C)C,True,0.3333333333333333
template_augmentation,intramolecular_N_B_alkyl,N,ethyl,isopropyl,phenyl,p_tolyl,C3,N(CC)(C(C)C)CCCB(c1ccccc1)(c1ccc(C)cc1),CCN(CCCB(c1ccccc1)c1ccc(C)cc1)C(C)C,True,0.32
template_augmentation,intramolecular_N_B_alkyl,N,ethyl,isopropyl,phenyl,p_tolyl,C4,N(CC)(C(C)C)CCCCB(c1ccccc1)(c1ccc(C)cc1),CCN(CCCCB(c1ccccc1)c1ccc(C)cc1)C(C)C,True,0.3137254901960784
template_augmentation,intramolecular_N_B_alkyl,N,ethyl,isopropyl,phenyl,p_tolyl,C5,N(CC)(C(C)C)CCCCCB(c1ccccc1)(c1ccc(C)cc1),CCN(CCCCCB(c1ccccc1)c1ccc(C)cc1)C(C)C,True,0.3076923076923077
template_augmentation,intramolecular_N_B_alkyl,N,ethyl,isopropyl,phenyl,p_tolyl,C6,N(CC)(C(C)C)CCCCCCB(c1ccccc1)(c1ccc(C)cc1),CCN(CCCCCCB(c1ccccc1)c1ccc(C)cc1)C(C)C,True,0.3076923076923077
template_augmentation,intramolecular_N_B_alkyl,N,ethyl,isopropyl,phenyl,mesityl,C1,N(CC)(C(C)C)CB(c1ccccc1)(c1c(C)cc(C)cc1C),CCN(CB(c1ccccc1)c1c(C)cc(C)cc1C)C(C)C,True,0.40816326530612246
template_augmentation,intramolecular_N_B_alkyl,N,ethyl,isopropyl,phenyl,mesityl,C2,N(CC)(C(C)C)CCB(c1ccccc1)(c1c(C)cc(C)cc1C),CCN(CCB(c1ccccc1)c1c(C)cc(C)cc1C)C(C)C,True,0.39215686274509803
template_augmentation,intramolecular_N_B_alkyl,N,ethyl,isopropyl,phenyl,mesityl,C3,N(CC)(C(C)C)CCCB(c1ccccc1)(c1c(C)cc(C)cc1C),CCN(CCCB(c1ccccc1)c1c(C)cc(C)cc1C)C(C)C,True,0.37735849056603776
template_augmentation,intramolecular_N_B_alkyl,N,ethyl,isopropyl,phenyl,mesityl,C4,N(CC)(C(C)C)CCCCB(c1ccccc1)(c1c(C)cc(C)cc1C),CCN(CCCCB(c1ccccc1)c1c(C)cc(C)cc1C)C(C)C,True,0.37037037037037035
template_augmentation,intramolecular_N_B_alkyl,N,ethyl,isopropyl,phenyl,mesityl,C5,N(CC)(C(C)C)CCCCCB(c1ccccc1)(c1c(C)cc(C)cc1C),CCN(CCCCCB(c1ccccc1)c1c(C)cc(C)cc1C)C(C)C,True,0.36363636363636365
template_augmentation,intramolecular_N_B_alkyl,N,ethyl,isopropyl,phenyl,mesityl,C6,N(CC)(C(C)C)CCCCCCB(c1ccccc1)(c1c(C)cc(C)cc1C),CCN(CCCCCCB(c1ccccc1)c1c(C)cc(C)cc1C)C(C)C,True,0.36363636363636365
template_augmentation,intramolecular_N_B_alkyl,N,ethyl,isopropyl,phenyl,pentafluorophenyl,C1,N(CC)(C(C)C)CB(c1ccccc1)(c1c(F)c(F)c(F)c(F)c1F),CCN(CB(c1ccccc1)c1c(F)c(F)c(F)c(F)c1F)C(C)C,True,0.5476190476190477
template_augmentation,intramolecular_N_B_alkyl,N,ethyl,isopropyl,phenyl,pentafluorophenyl,C2,N(CC)(C(C)C)CCB(c1ccccc1)(c1c(F)c(F)c(F)c(F)c1F),CCN(CCB(c1ccccc1)c1c(F)c(F)c(F)c(F)c1F)C(C)C,True,0.5227272727272727
template_augmentation,intramolecular_N_B_alkyl,N,ethyl,isopropyl,phenyl,pentafluorophenyl,C3,N(CC)(C(C)C)CCCB(c1ccccc1)(c1c(F)c(F)c(F)c(F)c1F),CCN(CCCB(c1ccccc1)c1c(F)c(F)c(F)c(F)c1F)C(C)C,True,0.5
template_augmentation,intramolecular_N_B_alkyl,N,ethyl,isopropyl,phenyl,pentafluorophenyl,C4,N(CC)(C(C)C)CCCCB(c1ccccc1)(c1c(F)c(F)c(F)c(F)c1F),CCN(CCCCB(c1ccccc1)c1c(F)c(F)c(F)c(F)c1F)C(C)C,True,0.48936170212765956
template_augmentation,intramolecular_N_B_alkyl,N,ethyl,isopropyl,phenyl,pentafluorophenyl,C5,N(CC)(C(C)C)CCCCCB(c1ccccc1)(c1c(F)c(F)c(F)c(F)c1F),CCN(CCCCCB(c1ccccc1)c1c(F)c(F)c(F)c(F)c1F)C(C)C,True,0.4791666666666667
template_augmentation,intramolecular_N_B_alkyl,N,ethyl,isopropyl,phenyl,pentafluorophenyl,C6,N(CC)(C(C)C)CCCCCCB(c1ccccc1)(c1c(F)c(F)c(F)c(F)c1F),CCN(CCCCCCB(c1ccccc1)c1c(F)c(F)c(F)c(F)c1F)C(C)C,True,0.4791666666666667
template_augmentation,intramolecular_N_B_alkyl,N,ethyl,isopropyl,phenyl,pentachlorophenyl,C1,N(CC)(C(C)C)CB(c1ccccc1)(c1c(Cl)c(Cl)c(Cl)c(Cl)c1Cl),CCN(CB(c1ccccc1)c1c(Cl)c(Cl)c(Cl)c(Cl)c1Cl)C(C)C,True,0.5365853658536586
template_augmentation,intramolecular_N_B_alkyl,N,ethyl,isopropyl,phenyl,pentachlorophenyl,C2,N(CC)(C(C)C)CCB(c1ccccc1)(c1c(Cl)c(Cl)c(Cl)c(Cl)c1Cl),CCN(CCB(c1ccccc1)c1c(Cl)c(Cl)c(Cl)c(Cl)c1Cl)C(C)C,True,0.5116279069767442
template_augmentation,intramolecular_N_B_alkyl,N,ethyl,isopropyl,phenyl,pentachlorophenyl,C3,N(CC)(C(C)C)CCCB(c1ccccc1)(c1c(Cl)c(Cl)c(Cl)c(Cl)c1Cl),CCN(CCCB(c1ccccc1)c1c(Cl)c(Cl)c(Cl)c(Cl)c1Cl)C(C)C,True,0.4888888888888889
template_augmentation,intramolecular_N_B_alkyl,N,ethyl,isopropyl,phenyl,pentachlorophenyl,C4,N(CC)(C(C)C)CCCCB(c1ccccc1)(c1c(Cl)c(Cl)c(Cl)c(Cl)c1Cl),CCN(CCCCB(c1ccccc1)c1c(Cl)c(Cl)c(Cl)c(Cl)c1Cl)C(C)C,True,0.4782608695652174
template_augmentation,intramolecular_N_B_alkyl,N,ethyl,isopropyl,phenyl,pentachlorophenyl,C5,N(CC)(C(C)C)CCCCCB(c1ccccc1)(c1c(Cl)c(Cl)c(Cl)c(Cl)c1Cl),CCN(CCCCCB(c1ccccc1)c1c(Cl)c(Cl)c(Cl)c(Cl)c1Cl)C(C)C,True,0.46808510638297873
template_augmentation,intramolecular_N_B_alkyl,N,ethyl,isopropyl,phenyl,pentachlorophenyl,C6,N(CC)(C(C)C)CCCCCCB(c1ccccc1)(c1c(Cl)c(Cl)c(Cl)c(Cl)c1Cl),CCN(CCCCCCB(c1ccccc1)c1c(Cl)c(Cl)c(Cl)c(Cl)c1Cl)C(C)C,True,0.46808510638297873
template_augmentation,intramolecular_N_B_alkyl,N,ethyl,isopropyl,phenyl,bis_cf3_phenyl,C1,N(CC)(C(C)C)CB(c1ccccc1)(c1cc(C(F)(F)F)cc(C(F)(F)F)c1),CCN(CB(c1ccccc1)c1cc(C(F)(F)F)cc(C(F)(F)F)c1)C(C)C,True,0.4222222222222222
template_augmentation,intramolecular_N_B_alkyl,N,ethyl,isopropyl,phenyl,bis_cf3_phenyl,C2,N(CC)(C(C)C)CCB(c1ccccc1)(c1cc(C(F)(F)F)cc(C(F)(F)F)c1),CCN(CCB(c1ccccc1)c1cc(C(F)(F)F)cc(C(F)(F)F)c1)C(C)C,True,0.40425531914893614
template_augmentation,intramolecular_N_B_alkyl,N,ethyl,isopropyl,phenyl,bis_cf3_phenyl,C3,N(CC)(C(C)C)CCCB(c1ccccc1)(c1cc(C(F)(F)F)cc(C(F)(F)F)c1),CCN(CCCB(c1ccccc1)c1cc(C(F)(F)F)cc(C(F)(F)F)c1)C(C)C,True,0.3877551020408163
template_augmentation,intramolecular_N_B_alkyl,N,ethyl,isopropyl,phenyl,bis_cf3_phenyl,C4,N(CC)(C(C)C)CCCCB(c1ccccc1)(c1cc(C(F)(F)F)cc(C(F)(F)F)c1),CCN(CCCCB(c1ccccc1)c1cc(C(F)(F)F)cc(C(F)(F)F)c1)C(C)C,True,0.38
template_augmentation,intramolecular_N_B_alkyl,N,ethyl,isopropyl,phenyl,bis_cf3_phenyl,C5,N(CC)(C(C)C)CCCCCB(c1ccccc1)(c1cc(C(F)(F)F)cc(C(F)(F)F)c1),CCN(CCCCCB(c1ccccc1)c1cc(C(F)(F)F)cc(C(F)(F)F)c1)C(C)C,True,0.37254901960784315
template_augmentation,intramolecular_N_B_alkyl,N,ethyl,isopropyl,phenyl,bis_cf3_phenyl,C6,N(CC)(C(C)C)CCCCCCB(c1ccccc1)(c1cc(C(F)(F)F)cc(C(F)(F)F)c1),CCN(CCCCCCB(c1ccccc1)c1cc(C(F)(F)F)cc(C(F)(F)F)c1)C(C)C,True,0.37254901960784315
template_augmentation,intramolecular_N_B_alkyl,N,ethyl,isopropyl,p_tolyl,p_tolyl,C1,N(CC)(C(C)C)CB(c1ccc(C)cc1)(c1ccc(C)cc1),CCN(CB(c1ccc(C)cc1)c1ccc(C)cc1)C(C)C,True,0.2978723404255319
template_augmentation,intramolecular_N_B_alkyl,N,ethyl,isopropyl,p_tolyl,p_tolyl,C2,N(CC)(C(C)C)CCB(c1ccc(C)cc1)(c1ccc(C)cc1),CCN(CCB(c1ccc(C)cc1)c1ccc(C)cc1)C(C)C,True,0.2857142857142857
template_augmentation,intramolecular_N_B_alkyl,N,ethyl,isopropyl,p_tolyl,p_tolyl,C3,N(CC)(C(C)C)CCCB(c1ccc(C)cc1)(c1ccc(C)cc1),CCN(CCCB(c1ccc(C)cc1)c1ccc(C)cc1)C(C)C,True,0.27450980392156865
template_augmentation,intramolecular_N_B_alkyl,N,ethyl,isopropyl,p_tolyl,p_tolyl,C4,N(CC)(C(C)C)CCCCB(c1ccc(C)cc1)(c1ccc(C)cc1),CCN(CCCCB(c1ccc(C)cc1)c1ccc(C)cc1)C(C)C,True,0.2692307692307692
template_augmentation,intramolecular_N_B_alkyl,N,ethyl,isopropyl,p_tolyl,p_tolyl,C5,N(CC)(C(C)C)CCCCCB(c1ccc(C)cc1)(c1ccc(C)cc1),CCN(CCCCCB(c1ccc(C)cc1)c1ccc(C)cc1)C(C)C,True,0.2641509433962264
template_augmentation,intramolecular_N_B_alkyl,N,ethyl,isopropyl,p_tolyl,p_tolyl,C6,N(CC)(C(C)C)CCCCCCB(c1ccc(C)cc1)(c1ccc(C)cc1),CCN(CCCCCCB(c1ccc(C)cc1)c1ccc(C)cc1)C(C)C,True,0.2641509433962264
template_augmentation,intramolecular_N_B_alkyl,N,ethyl,isopropyl,p_tolyl,mesityl,C1,N(CC)(C(C)C)CB(c1ccc(C)cc1)(c1c(C)cc(C)cc1C),CCN(CB(c1ccc(C)cc1)c1c(C)cc(C)cc1C)C(C)C,True,0.3877551020408163
template_augmentation,intramolecular_N_B_alkyl,N,ethyl,isopropyl,p_tolyl,mesityl,C2,N(CC)(C(C)C)CCB(c1ccc(C)cc1)(c1c(C)cc(C)cc1C),CCN(CCB(c1ccc(C)cc1)c1c(C)cc(C)cc1C)C(C)C,True,0.37254901960784315
template_augmentation,intramolecular_N_B_alkyl,N,ethyl,isopropyl,p_tolyl,mesityl,C3,N(CC)(C(C)C)CCCB(c1ccc(C)cc1)(c1c(C)cc(C)cc1C),CCN(CCCB(c1ccc(C)cc1)c1c(C)cc(C)cc1C)C(C)C,True,0.3584905660377358
template_augmentation,intramolecular_N_B_alkyl,N,ethyl,isopropyl,p_tolyl,mesityl,C4,N(CC)(C(C)C)CCCCB(c1ccc(C)cc1)(c1c(C)cc(C)cc1C),CCN(CCCCB(c1ccc(C)cc1)c1c(C)cc(C)cc1C)C(C)C,True,0.35185185185185186
template_augmentation,intramolecular_N_B_alkyl,N,ethyl,isopropyl,p_tolyl,mesityl,C5,N(CC)(C(C)C)CCCCCB(c1ccc(C)cc1)(c1c(C)cc(C)cc1C),CCN(CCCCCB(c1ccc(C)cc1)c1c(C)cc(C)cc1C)C(C)C,True,0.34545454545454546
template_augmentation,intramolecular_N_B_alkyl,N,ethyl,isopropyl,p_tolyl,mesityl,C6,N(CC)(C(C)C)CCCCCCB(c1ccc(C)cc1)(c1c(C)cc(C)cc1C),CCN(CCCCCCB(c1ccc(C)cc1)c1c(C)cc(C)cc1C)C(C)C,True,0.34545454545454546
template_augmentation,intramolecular_N_B_alkyl,N,ethyl,isopropyl,p_tolyl,pentafluorophenyl,C1,N(CC)(C(C)C)CB(c1ccc(C)cc1)(c1c(F)c(F)c(F)c(F)c1F),CCN(CB(c1ccc(C)cc1)c1c(F)c(F)c(F)c(F)c1F)C(C)C,True,0.44680851063829785
template_augmentation,intramolecular_N_B_alkyl,N,ethyl,isopropyl,p_tolyl,pentafluorophenyl,C2,N(CC)(C(C)C)CCB(c1ccc(C)cc1)(c1c(F)c(F)c(F)c(F)c1F),CCN(CCB(c1ccc(C)cc1)c1c(F)c(F)c(F)c(F)c1F)C(C)C,True,0.42857142857142855
template_augmentation,intramolecular_N_B_alkyl,N,ethyl,isopropyl,p_tolyl,pentafluorophenyl,C3,N(CC)(C(C)C)CCCB(c1ccc(C)cc1)(c1c(F)c(F)c(F)c(F)c1F),CCN(CCCB(c1ccc(C)cc1)c1c(F)c(F)c(F)c(F)c1F)C(C)C,True,0.4117647058823529
template_augmentation,intramolecular_N_B_alkyl,N,ethyl,isopropyl,p_tolyl,pentafluorophenyl,C4,N(CC)(C(C)C)CCCCB(c1ccc(C)cc1)(c1c(F)c(F)c(F)c(F)c1F),CCN(CCCCB(c1ccc(C)cc1)c1c(F)c(F)c(F)c(F)c1F)C(C)C,True,0.40384615384615385
template_augmentation,intramolecular_N_B_alkyl,N,ethyl,isopropyl,p_tolyl,pentafluorophenyl,C5,N(CC)(C(C)C)CCCCCB(c1ccc(C)cc1)(c1c(F)c(F)c(F)c(F)c1F),CCN(CCCCCB(c1ccc(C)cc1)c1c(F)c(F)c(F)c(F)c1F)C(C)C,True,0.39622641509433965
template_augmentation,intramolecular_N_B_alkyl,N,ethyl,isopropyl,p_tolyl,pentafluorophenyl,C6,N(CC)(C(C)C)CCCCCCB(c1ccc(C)cc1)(c1c(F)c(F)c(F)c(F)c1F),CCN(CCCCCCB(c1ccc(C)cc1)c1c(F)c(F)c(F)c(F)c1F)C(C)C,True,0.39622641509433965
template_augmentation,intramolecular_N_B_alkyl,N,ethyl,isopropyl,p_tolyl,pentachlorophenyl,C1,N(CC)(C(C)C)CB(c1ccc(C)cc1)(c1c(Cl)c(Cl)c(Cl)c(Cl)c1Cl),CCN(CB(c1ccc(C)cc1)c1c(Cl)c(Cl)c(Cl)c(Cl)c1Cl)C(C)C,True,0.44680851063829785
template_augmentation,intramolecular_N_B_alkyl,N,ethyl,isopropyl,p_tolyl,pentachlorophenyl,C2,N(CC)(C(C)C)CCB(c1ccc(C)cc1)(c1c(Cl)c(Cl)c(Cl)c(Cl)c1Cl),CCN(CCB(c1ccc(C)cc1)c1c(Cl)c(Cl)c(Cl)c(Cl)c1Cl)C(C)C,True,0.42857142857142855
template_augmentation,intramolecular_N_B_alkyl,N,ethyl,isopropyl,p_tolyl,pentachlorophenyl,C3,N(CC)(C(C)C)CCCB(c1ccc(C)cc1)(c1c(Cl)c(Cl)c(Cl)c(Cl)c1Cl),CCN(CCCB(c1ccc(C)cc1)c1c(Cl)c(Cl)c(Cl)c(Cl)c1Cl)C(C)C,True,0.4117647058823529
template_augmentation,intramolecular_N_B_alkyl,N,ethyl,isopropyl,p_tolyl,pentachlorophenyl,C4,N(CC)(C(C)C)CCCCB(c1ccc(C)cc1)(c1c(Cl)c(Cl)c(Cl)c(Cl)c1Cl),CCN(CCCCB(c1ccc(C)cc1)c1c(Cl)c(Cl)c(Cl)c(Cl)c1Cl)C(C)C,True,0.40384615384615385
template_augmentation,intramolecular_N_B_alkyl,N,ethyl,isopropyl,p_tolyl,pentachlorophenyl,C5,N(CC)(C(C)C)CCCCCB(c1ccc(C)cc1)(c1c(Cl)c(Cl)c(Cl)c(Cl)c1Cl),CCN(CCCCCB(c1ccc(C)cc1)c1c(Cl)c(Cl)c(Cl)c(Cl)c1Cl)C(C)C,True,0.39622641509433965
template_augmentation,intramolecular_N_B_alkyl,N,ethyl,isopropyl,p_tolyl,pentachlorophenyl,C6,N(CC)(C(C)C)CCCCCCB(c1ccc(C)cc1)(c1c(Cl)c(Cl)c(Cl)c(Cl)c1Cl),CCN(CCCCCCB(c1ccc(C)cc1)c1c(Cl)c(Cl)c(Cl)c(Cl)c1Cl)C(C)C,True,0.39622641509433965
template_augmentation,intramolecular_N_B_alkyl,N,ethyl,isopropyl,p_tolyl,bis_cf3_phenyl,C1,N(CC)(C(C)C)CB(c1ccc(C)cc1)(c1cc(C(F)(F)F)cc(C(F)(F)F)c1),CCN(CB(c1ccc(C)cc1)c1cc(C(F)(F)F)cc(C(F)(F)F)c1)C(C)C,True,0.41304347826086957
template_augmentation,intramolecular_N_B_alkyl,N,ethyl,isopropyl,p_tolyl,bis_cf3_phenyl,C2,N(CC)(C(C)C)CCB(c1ccc(C)cc1)(c1cc(C(F)(F)F)cc(C(F)(F)F)c1),CCN(CCB(c1ccc(C)cc1)c1cc(C(F)(F)F)cc(C(F)(F)F)c1)C(C)C,True,0.3958333333333333
template_augmentation,intramolecular_N_B_alkyl,N,ethyl,isopropyl,p_tolyl,bis_cf3_phenyl,C3,N(CC)(C(C)C)CCCB(c1ccc(C)cc1)(c1cc(C(F)(F)F)cc(C(F)(F)F)c1),CCN(CCCB(c1ccc(C)cc1)c1cc(C(F)(F)F)cc(C(F)(F)F)c1)C(C)C,True,0.38
template_augmentation,intramolecular_N_B_alkyl,N,ethyl,isopropyl,p_tolyl,bis_cf3_phenyl,C4,N(CC)(C(C)C)CCCCB(c1ccc(C)cc1)(c1cc(C(F)(F)F)cc(C(F)(F)F)c1),CCN(CCCCB(c1ccc(C)cc1)c1cc(C(F)(F)F)cc(C(F)(F)F)c1)C(C)C,True,0.37254901960784315
template_augmentation,intramolecular_N_B_alkyl,N,ethyl,isopropyl,p_tolyl,bis_cf3_phenyl,C5,N(CC)(C(C)C)CCCCCB(c1ccc(C)cc1)(c1cc(C(F)(F)F)cc(C(F)(F)F)c1),CCN(CCCCCB(c1ccc(C)cc1)c1cc(C(F)(F)F)cc(C(F)(F)F)c1)C(C)C,True,0.36538461538461536
template_augmentation,intramolecular_N_B_alkyl,N,ethyl,isopropyl,p_tolyl,bis_cf3_phenyl,C6,N(CC)(C(C)C)CCCCCCB(c1ccc(C)cc1)(c1cc(C(F)(F)F)cc(C(F)(F)F)c1),CCN(CCCCCCB(c1ccc(C)cc1)c1cc(C(F)(F)F)cc(C(F)(F)F)c1)C(C)C,True,0.36538461538461536
template_augmentation,intramolecular_N_B_alkyl,N,ethyl,isopropyl,mesityl,mesityl,C1,N(CC)(C(C)C)CB(c1c(C)cc(C)cc1C)(c1c(C)cc(C)cc1C),CCN(CB(c1c(C)cc(C)cc1C)c1c(C)cc(C)cc1C)C(C)C,True,0.4418604651162791
template_augmentation,intramolecular_N_B_alkyl,N,ethyl,isopropyl,mesityl,mesityl,C2,N(CC)(C(C)C)CCB(c1c(C)cc(C)cc1C)(c1c(C)cc(C)cc1C),CCN(CCB(c1c(C)cc(C)cc1C)c1c(C)cc(C)cc1C)C(C)C,True,0.4222222222222222
template_augmentation,intramolecular_N_B_alkyl,N,ethyl,isopropyl,mesityl,mesityl,C3,N(CC)(C(C)C)CCCB(c1c(C)cc(C)cc1C)(c1c(C)cc(C)cc1C),CCN(CCCB(c1c(C)cc(C)cc1C)c1c(C)cc(C)cc1C)C(C)C,True,0.40425531914893614
template_augmentation,intramolecular_N_B_alkyl,N,ethyl,isopropyl,mesityl,mesityl,C4,N(CC)(C(C)C)CCCCB(c1c(C)cc(C)cc1C)(c1c(C)cc(C)cc1C),CCN(CCCCB(c1c(C)cc(C)cc1C)c1c(C)cc(C)cc1C)C(C)C,True,0.3958333333333333
template_augmentation,intramolecular_N_B_alkyl,N,ethyl,isopropyl,mesityl,mesityl,C5,N(CC)(C(C)C)CCCCCB(c1c(C)cc(C)cc1C)(c1c(C)cc(C)cc1C),CCN(CCCCCB(c1c(C)cc(C)cc1C)c1c(C)cc(C)cc1C)C(C)C,True,0.3877551020408163
template_augmentation,intramolecular_N_B_alkyl,N,ethyl,isopropyl,mesityl,mesityl,C6,N(CC)(C(C)C)CCCCCCB(c1c(C)cc(C)cc1C)(c1c(C)cc(C)cc1C),CCN(CCCCCCB(c1c(C)cc(C)cc1C)c1c(C)cc(C)cc1C)C(C)C,True,0.3877551020408163
template_augmentation,intramolecular_N_B_alkyl,N,ethyl,isopropyl,mesityl,pentafluorophenyl,C1,N(CC)(C(C)C)CB(c1c(C)cc(C)cc1C)(c1c(F)c(F)c(F)c(F)c1F),CCN(CB(c1c(C)cc(C)cc1C)c1c(F)c(F)c(F)c(F)c1F)C(C)C,True,0.5813953488372093
template_augmentation,intramolecular_N_B_alkyl,N,ethyl,isopropyl,mesityl,pentafluorophenyl,C2,N(CC)(C(C)C)CCB(c1c(C)cc(C)cc1C)(c1c(F)c(F)c(F)c(F)c1F),CCN(CCB(c1c(C)cc(C)cc1C)c1c(F)c(F)c(F)c(F)c1F)C(C)C,True,0.5555555555555556
template_augmentation,intramolecular_N_B_alkyl,N,ethyl,isopropyl,mesityl,pentafluorophenyl,C3,N(CC)(C(C)C)CCCB(c1c(C)cc(C)cc1C)(c1c(F)c(F)c(F)c(F)c1F),CCN(CCCB(c1c(C)cc(C)cc1C)c1c(F)c(F)c(F)c(F)c1F)C(C)C,True,0.5319148936170213
template_augmentation,intramolecular_N_B_alkyl,N,ethyl,isopropyl,mesityl,pentafluorophenyl,C4,N(CC)(C(C)C)CCCCB(c1c(C)cc(C)cc1C)(c1c(F)c(F)c(F)c(F)c1F),CCN(CCCCB(c1c(C)cc(C)cc1C)c1c(F)c(F)c(F)c(F)c1F)C(C)C,True,0.5208333333333334
template_augmentation,intramolecular_N_B_alkyl,N,ethyl,isopropyl,mesityl,pentafluorophenyl,C5,N(CC)(C(C)C)CCCCCB(c1c(C)cc(C)cc1C)(c1c(F)c(F)c(F)c(F)c1F),CCN(CCCCCB(c1c(C)cc(C)cc1C)c1c(F)c(F)c(F)c(F)c1F)C(C)C,True,0.5102040816326531
template_augmentation,intramolecular_N_B_alkyl,N,ethyl,isopropyl,mesityl,pentafluorophenyl,C6,N(CC)(C(C)C)CCCCCCB(c1c(C)cc(C)cc1C)(c1c(F)c(F)c(F)c(F)c1F),CCN(CCCCCCB(c1c(C)cc(C)cc1C)c1c(F)c(F)c(F)c(F)c1F)C(C)C,True,0.5102040816326531
template_augmentation,intramolecular_N_B_alkyl,N,ethyl,isopropyl,mesityl,pentachlorophenyl,C1,N(CC)(C(C)C)CB(c1c(C)cc(C)cc1C)(c1c(Cl)c(Cl)c(Cl)c(Cl)c1Cl),CCN(CB(c1c(C)cc(C)cc1C)c1c(Cl)c(Cl)c(Cl)c(Cl)c1Cl)C(C)C,True,0.5813953488372093
template_augmentation,intramolecular_N_B_alkyl,N,ethyl,isopropyl,mesityl,pentachlorophenyl,C2,N(CC)(C(C)C)CCB(c1c(C)cc(C)cc1C)(c1c(Cl)c(Cl)c(Cl)c(Cl)c1Cl),CCN(CCB(c1c(C)cc(C)cc1C)c1c(Cl)c(Cl)c(Cl)c(Cl)c1Cl)C(C)C,True,0.5555555555555556
template_augmentation,intramolecular_N_B_alkyl,N,ethyl,isopropyl,mesityl,pentachlorophenyl,C3,N(CC)(C(C)C)CCCB(c1c(C)cc(C)cc1C)(c1c(Cl)c(Cl)c(Cl)c(Cl)c1Cl),CCN(CCCB(c1c(C)cc(C)cc1C)c1c(Cl)c(Cl)c(Cl)c(Cl)c1Cl)C(C)C,True,0.5319148936170213
template_augmentation,intramolecular_N_B_alkyl,N,ethyl,isopropyl,mesityl,pentachlorophenyl,C4,N(CC)(C(C)C)CCCCB(c1c(C)cc(C)cc1C)(c1c(Cl)c(Cl)c(Cl)c(Cl)c1Cl),CCN(CCCCB(c1c(C)cc(C)cc1C)c1c(Cl)c(Cl)c(Cl)c(Cl)c1Cl)C(C)C,True,0.5208333333333334
template_augmentation,intramolecular_N_B_alkyl,N,ethyl,isopropyl,mesityl,pentachlorophenyl,C5,N(CC)(C(C)C)CCCCCB(c1c(C)cc(C)cc1C)(c1c(Cl)c(Cl)c(Cl)c(Cl)c1Cl),CCN(CCCCCB(c1c(C)cc(C)cc1C)c1c(Cl)c(Cl)c(Cl)c(Cl)c1Cl)C(C)C,True,0.5102040816326531
template_augmentation,intramolecular_N_B_alkyl,N,ethyl,isopropyl,mesityl,pentachlorophenyl,C6,N(CC)(C(C)C)CCCCCCB(c1c(C)cc(C)cc1C)(c1c(Cl)c(Cl)c(Cl)c(Cl)c1Cl),CCN(CCCCCCB(c1c(C)cc(C)cc1C)c1c(Cl)c(Cl)c(Cl)c(Cl)c1Cl)C(C)C,True,0.5102040816326531
template_augmentation,intramolecular_N_B_alkyl,N,ethyl,isopropyl,mesityl,bis_cf3_phenyl,C1,N(CC)(C(C)C)CB(c1c(C)cc(C)cc1C)(c1cc(C(F)(F)F)cc(C(F)(F)F)c1),CCN(CB(c1cc(C(F)(F)F)cc(C(F)(F)F)c1)c1c(C)cc(C)cc1C)C(C)C,True,0.40425531914893614
template_augmentation,intramolecular_N_B_alkyl,N,ethyl,isopropyl,mesityl,bis_cf3_phenyl,C2,N(CC)(C(C)C)CCB(c1c(C)cc(C)cc1C)(c1cc(C(F)(F)F)cc(C(F)(F)F)c1),CCN(CCB(c1cc(C(F)(F)F)cc(C(F)(F)F)c1)c1c(C)cc(C)cc1C)C(C)C,True,0.3877551020408163
template_augmentation,intramolecular_N_B_alkyl,N,ethyl,isopropyl,mesityl,bis_cf3_phenyl,C3,N(CC)(C(C)C)CCCB(c1c(C)cc(C)cc1C)(c1cc(C(F)(F)F)cc(C(F)(F)F)c1),CCN(CCCB(c1cc(C(F)(F)F)cc(C(F)(F)F)c1)c1c(C)cc(C)cc1C)C(C)C,True,0.37254901960784315
template_augmentation,intramolecular_N_B_alkyl,N,ethyl,isopropyl,mesityl,bis_cf3_phenyl,C4,N(CC)(C(C)C)CCCCB(c1c(C)cc(C)cc1C)(c1cc(C(F)(F)F)cc(C(F)(F)F)c1),CCN(CCCCB(c1cc(C(F)(F)F)cc(C(F)(F)F)c1)c1c(C)cc(C)cc1C)C(C)C,True,0.36538461538461536
template_augmentation,intramolecular_N_B_alkyl,N,ethyl,isopropyl,mesityl,bis_cf3_phenyl,C5,N(CC)(C(C)C)CCCCCB(c1c(C)cc(C)cc1C)(c1cc(C(F)(F)F)cc(C(F)(F)F)c1),CCN(CCCCCB(c1cc(C(F)(F)F)cc(C(F)(F)F)c1)c1c(C)cc(C)cc1C)C(C)C,True,0.3584905660377358
template_augmentation,intramolecular_N_B_alkyl,N,ethyl,isopropyl,mesityl,bis_cf3_phenyl,C6,N(CC)(C(C)C)CCCCCCB(c1c(C)cc(C)cc1C)(c1cc(C(F)(F)F)cc(C(F)(F)F)c1),CCN(CCCCCCB(c1cc(C(F)(F)F)cc(C(F)(F)F)c1)c1c(C)cc(C)cc1C)C(C)C,True,0.3584905660377358
template_augmentation,intramolecular_N_B_alkyl,N,ethyl,isopropyl,pentafluorophenyl,pentafluorophenyl,C1,N(CC)(C(C)C)CB(c1c(F)c(F)c(F)c(F)c1F)(c1c(F)c(F)c(F)c(F)c1F),CCN(CB(c1c(F)c(F)c(F)c(F)c1F)c1c(F)c(F)c(F)c(F)c1F)C(C)C,True,0.46153846153846156
template_augmentation,intramolecular_N_B_alkyl,N,ethyl,isopropyl,pentafluorophenyl,pentafluorophenyl,C2,N(CC)(C(C)C)CCB(c1c(F)c(F)c(F)c(F)c1F)(c1c(F)c(F)c(F)c(F)c1F),CCN(CCB(c1c(F)c(F)c(F)c(F)c1F)c1c(F)c(F)c(F)c(F)c1F)C(C)C,True,0.43902439024390244
template_augmentation,intramolecular_N_B_alkyl,N,ethyl,isopropyl,pentafluorophenyl,pentafluorophenyl,C3,N(CC)(C(C)C)CCCB(c1c(F)c(F)c(F)c(F)c1F)(c1c(F)c(F)c(F)c(F)c1F),CCN(CCCB(c1c(F)c(F)c(F)c(F)c1F)c1c(F)c(F)c(F)c(F)c1F)C(C)C,True,0.4186046511627907
template_augmentation,intramolecular_N_B_alkyl,N,ethyl,isopropyl,pentafluorophenyl,pentafluorophenyl,C4,N(CC)(C(C)C)CCCCB(c1c(F)c(F)c(F)c(F)c1F)(c1c(F)c(F)c(F)c(F)c1F),CCN(CCCCB(c1c(F)c(F)c(F)c(F)c1F)c1c(F)c(F)c(F)c(F)c1F)C(C)C,True,0.4090909090909091
template_augmentation,intramolecular_N_B_alkyl,N,ethyl,isopropyl,pentafluorophenyl,pentafluorophenyl,C5,N(CC)(C(C)C)CCCCCB(c1c(F)c(F)c(F)c(F)c1F)(c1c(F)c(F)c(F)c(F)c1F),CCN(CCCCCB(c1c(F)c(F)c(F)c(F)c1F)c1c(F)c(F)c(F)c(F)c1F)C(C)C,True,0.4
template_augmentation,intramolecular_N_B_alkyl,N,ethyl,isopropyl,pentafluorophenyl,pentafluorophenyl,C6,N(CC)(C(C)C)CCCCCCB(c1c(F)c(F)c(F)c(F)c1F)(c1c(F)c(F)c(F)c(F)c1F),CCN(CCCCCCB(c1c(F)c(F)c(F)c(F)c1F)c1c(F)c(F)c(F)c(F)c1F)C(C)C,True,0.4
template_augmentation,intramolecular_N_B_alkyl,N,ethyl,isopropyl,pentafluorophenyl,pentachlorophenyl,C1,N(CC)(C(C)C)CB(c1c(F)c(F)c(F)c(F)c1F)(c1c(Cl)c(Cl)c(Cl)c(Cl)c1Cl),CCN(CB(c1c(F)c(F)c(F)c(F)c1F)c1c(Cl)c(Cl)c(Cl)c(Cl)c1Cl)C(C)C,True,0.4318181818181818
template_augmentation,intramolecular_N_B_alkyl,N,ethyl,isopropyl,pentafluorophenyl,pentachlorophenyl,C2,N(CC)(C(C)C)CCB(c1c(F)c(F)c(F)c(F)c1F)(c1c(Cl)c(Cl)c(Cl)c(Cl)c1Cl),CCN(CCB(c1c(F)c(F)c(F)c(F)c1F)c1c(Cl)c(Cl)c(Cl)c(Cl)c1Cl)C(C)C,True,0.41304347826086957
template_augmentation,intramolecular_N_B_alkyl,N,ethyl,isopropyl,pentafluorophenyl,pentachlorophenyl,C3,N(CC)(C(C)C)CCCB(c1c(F)c(F)c(F)c(F)c1F)(c1c(Cl)c(Cl)c(Cl)c(Cl)c1Cl),CCN(CCCB(c1c(F)c(F)c(F)c(F)c1F)c1c(Cl)c(Cl)c(Cl)c(Cl)c1Cl)C(C)C,True,0.3958333333333333
template_augmentation,intramolecular_N_B_alkyl,N,ethyl,isopropyl,pentafluorophenyl,pentachlorophenyl,C4,N(CC)(C(C)C)CCCCB(c1c(F)c(F)c(F)c(F)c1F)(c1c(Cl)c(Cl)c(Cl)c(Cl)c1Cl),CCN(CCCCB(c1c(F)c(F)c(F)c(F)c1F)c1c(Cl)c(Cl)c(Cl)c(Cl)c1Cl)C(C)C,True,0.3877551020408163
template_augmentation,intramolecular_N_B_alkyl,N,ethyl,isopropyl,pentafluorophenyl,pentachlorophenyl,C5,N(CC)(C(C)C)CCCCCB(c1c(F)c(F)c(F)c(F)c1F)(c1c(Cl)c(Cl)c(Cl)c(Cl)c1Cl),CCN(CCCCCB(c1c(F)c(F)c(F)c(F)c1F)c1c(Cl)c(Cl)c(Cl)c(Cl)c1Cl)C(C)C,True,0.38
template_augmentation,intramolecular_N_B_alkyl,N,ethyl,isopropyl,pentafluorophenyl,pentachlorophenyl,C6,N(CC)(C(C)C)CCCCCCB(c1c(F)c(F)c(F)c(F)c1F)(c1c(Cl)c(Cl)c(Cl)c(Cl)c1Cl),CCN(CCCCCCB(c1c(F)c(F)c(F)c(F)c1F)c1c(Cl)c(Cl)c(Cl)c(Cl)c1Cl)C(C)C,True,0.38
template_augmentation,intramolecular_N_B_alkyl,N,ethyl,isopropyl,pentafluorophenyl,bis_cf3_phenyl,C1,N(CC)(C(C)C)CB(c1c(F)c(F)c(F)c(F)c1F)(c1cc(C(F)(F)F)cc(C(F)(F)F)c1),CCN(CB(c1cc(C(F)(F)F)cc(C(F)(F)F)c1)c1c(F)c(F)c(F)c(F)c1F)C(C)C,True,0.4222222222222222
template_augmentation,intramolecular_N_B_alkyl,N,ethyl,isopropyl,pentafluorophenyl,bis_cf3_phenyl,C2,N(CC)(C(C)C)CCB(c1c(F)c(F)c(F)c(F)c1F)(c1cc(C(F)(F)F)cc(C(F)(F)F)c1),CCN(CCB(c1cc(C(F)(F)F)cc(C(F)(F)F)c1)c1c(F)c(F)c(F)c(F)c1F)C(C)C,True,0.40425531914893614
template_augmentation,intramolecular_N_B_alkyl,N,ethyl,isopropyl,pentafluorophenyl,bis_cf3_phenyl,C3,N(CC)(C(C)C)CCCB(c1c(F)c(F)c(F)c(F)c1F)(c1cc(C(F)(F)F)cc(C(F)(F)F)c1),CCN(CCCB(c1cc(C(F)(F)F)cc(C(F)(F)F)c1)c1c(F)c(F)c(F)c(F)c1F)C(C)C,True,0.3877551020408163
template_augmentation,intramolecular_N_B_alkyl,N,ethyl,isopropyl,pentafluorophenyl,bis_cf3_phenyl,C4,N(CC)(C(C)C)CCCCB(c1c(F)c(F)c(F)c(F)c1F)(c1cc(C(F)(F)F)cc(C(F)(F)F)c1),CCN(CCCCB(c1cc(C(F)(F)F)cc(C(F)(F)F)c1)c1c(F)c(F)c(F)c(F)c1F)C(C)C,True,0.38
template_augmentation,intramolecular_N_B_alkyl,N,ethyl,isopropyl,pentafluorophenyl,bis_cf3_phenyl,C5,N(CC)(C(C)C)CCCCCB(c1c(F)c(F)c(F)c(F)c1F)(c1cc(C(F)(F)F)cc(C(F)(F)F)c1),CCN(CCCCCB(c1cc(C(F)(F)F)cc(C(F)(F)F)c1)c1c(F)c(F)c(F)c(F)c1F)C(C)C,True,0.37254901960784315
template_augmentation,intramolecular_N_B_alkyl,N,ethyl,isopropyl,pentafluorophenyl,bis_cf3_phenyl,C6,N(CC)(C(C)C)CCCCCCB(c1c(F)c(F)c(F)c(F)c1F)(c1cc(C(F)(F)F)cc(C(F)(F)F)c1),CCN(CCCCCCB(c1cc(C(F)(F)F)cc(C(F)(F)F)c1)c1c(F)c(F)c(F)c(F)c1F)C(C)C,True,0.37254901960784315
template_augmentation,intramolecular_N_B_alkyl,N,ethyl,isopropyl,pentachlorophenyl,pentachlorophenyl,C1,N(CC)(C(C)C)CB(c1c(Cl)c(Cl)c(Cl)c(Cl)c1Cl)(c1c(Cl)c(Cl)c(Cl)c(Cl)c1Cl),CCN(CB(c1c(Cl)c(Cl)c(Cl)c(Cl)c1Cl)c1c(Cl)c(Cl)c(Cl)c(Cl)c1Cl)C(C)C,True,0.47368421052631576
template_augmentation,intramolecular_N_B_alkyl,N,ethyl,isopropyl,pentachlorophenyl,pentachlorophenyl,C2,N(CC)(C(C)C)CCB(c1c(Cl)c(Cl)c(Cl)c(Cl)c1Cl)(c1c(Cl)c(Cl)c(Cl)c(Cl)c1Cl),CCN(CCB(c1c(Cl)c(Cl)c(Cl)c(Cl)c1Cl)c1c(Cl)c(Cl)c(Cl)c(Cl)c1Cl)C(C)C,True,0.45
template_augmentation,intramolecular_N_B_alkyl,N,ethyl,isopropyl,pentachlorophenyl,pentachlorophenyl,C3,N(CC)(C(C)C)CCCB(c1c(Cl)c(Cl)c(Cl)c(Cl)c1Cl)(c1c(Cl)c(Cl)c(Cl)c(Cl)c1Cl),CCN(CCCB(c1c(Cl)c(Cl)c(Cl)c(Cl)c1Cl)c1c(Cl)c(Cl)c(Cl)c(Cl)c1Cl)C(C)C,True,0.42857142857142855
template_augmentation,intramolecular_N_B_alkyl,N,ethyl,isopropyl,pentachlorophenyl,pentachlorophenyl,C4,N(CC)(C(C)C)CCCCB(c1c(Cl)c(Cl)c(Cl)c(Cl)c1Cl)(c1c(Cl)c(Cl)c(Cl)c(Cl)c1Cl),CCN(CCCCB(c1c(Cl)c(Cl)c(Cl)c(Cl)c1Cl)c1c(Cl)c(Cl)c(Cl)c(Cl)c1Cl)C(C)C,True,0.4186046511627907
template_augmentation,intramolecular_N_B_alkyl,N,ethyl,isopropyl,pentachlorophenyl,pentachlorophenyl,C5,N(CC)(C(C)C)CCCCCB(c1c(Cl)c(Cl)c(Cl)c(Cl)c1Cl)(c1c(Cl)c(Cl)c(Cl)c(Cl)c1Cl),CCN(CCCCCB(c1c(Cl)c(Cl)c(Cl)c(Cl)c1Cl)c1c(Cl)c(Cl)c(Cl)c(Cl)c1Cl)C(C)C,True,0.4090909090909091
template_augmentation,intramolecular_N_B_alkyl,N,ethyl,isopropyl,pentachlorophenyl,pentachlorophenyl,C6,N(CC)(C(C)C)CCCCCCB(c1c(Cl)c(Cl)c(Cl)c(Cl)c1Cl)(c1c(Cl)c(Cl)c(Cl)c(Cl)c1Cl),CCN(CCCCCCB(c1c(Cl)c(Cl)c(Cl)c(Cl)c1Cl)c1c(Cl)c(Cl)c(Cl)c(Cl)c1Cl)C(C)C,True,0.4090909090909091
template_augmentation,intramolecular_N_B_alkyl,N,ethyl,isopropyl,pentachlorophenyl,bis_cf3_phenyl,C1,N(CC)(C(C)C)CB(c1c(Cl)c(Cl)c(Cl)c(Cl)c1Cl)(c1cc(C(F)(F)F)cc(C(F)(F)F)c1),CCN(CB(c1cc(C(F)(F)F)cc(C(F)(F)F)c1)c1c(Cl)c(Cl)c(Cl)c(Cl)c1Cl)C(C)C,True,0.41304347826086957
template_augmentation,intramolecular_N_B_alkyl,N,ethyl,isopropyl,pentachlorophenyl,bis_cf3_phenyl,C2,N(CC)(C(C)C)CCB(c1c(Cl)c(Cl)c(Cl)c(Cl)c1Cl)(c1cc(C(F)(F)F)cc(C(F)(F)F)c1),CCN(CCB(c1cc(C(F)(F)F)cc(C(F)(F)F)c1)c1c(Cl)c(Cl)c(Cl)c(Cl)c1Cl)C(C)C,True,0.3958333333333333
template_augmentation,intramolecular_N_B_alkyl,N,ethyl,isopropyl,pentachlorophenyl,bis_cf3_phenyl,C3,N(CC)(C(C)C)CCCB(c1c(Cl)c(Cl)c(Cl)c(Cl)c1Cl)(c1cc(C(F)(F)F)cc(C(F)(F)F)c1),CCN(CCCB(c1cc(C(F)(F)F)cc(C(F)(F)F)c1)c1c(Cl)c(Cl)c(Cl)c(Cl)c1Cl)C(C)C,True,0.38
template_augmentation,intramolecular_N_B_alkyl,N,ethyl,isopropyl,pentachlorophenyl,bis_cf3_phenyl,C4,N(CC)(C(C)C)CCCCB(c1c(Cl)c(Cl)c(Cl)c(Cl)c1Cl)(c1cc(C(F)(F)F)cc(C(F)(F)F)c1),CCN(CCCCB(c1cc(C(F)(F)F)cc(C(F)(F)F)c1)c1c(Cl)c(Cl)c(Cl)c(Cl)c1Cl)C(C)C,True,0.37254901960784315
template_augmentation,intramolecular_N_B_alkyl,N,ethyl,isopropyl,pentachlorophenyl,bis_cf3_phenyl,C5,N(CC)(C(C)C)CCCCCB(c1c(Cl)c(Cl)c(Cl)c(Cl)c1Cl)(c1cc(C(F)(F)F)cc(C(F)(F)F)c1),CCN(CCCCCB(c1cc(C(F)(F)F)cc(C(F)(F)F)c1)c1c(Cl)c(Cl)c(Cl)c(Cl)c1Cl)C(C)C,True,0.36538461538461536
template_augmentation,intramolecular_N_B_alkyl,N,ethyl,isopropyl,pentachlorophenyl,bis_cf3_phenyl,C6,N(CC)(C(C)C)CCCCCCB(c1c(Cl)c(Cl)c(Cl)c(Cl)c1Cl)(c1cc(C(F)(F)F)cc(C(F)(F)F)c1),CCN(CCCCCCB(c1cc(C(F)(F)F)cc(C(F)(F)F)c1)c1c(Cl)c(Cl)c(Cl)c(Cl)c1Cl)C(C)C,True,0.36538461538461536
template_augmentation,intramolecular_N_B_alkyl,N,ethyl,isopropyl,bis_cf3_phenyl,bis_cf3_phenyl,C1,N(CC)(C(C)C)CB(c1cc(C(F)(F)F)cc(C(F)(F)F)c1)(c1cc(C(F)(F)F)cc(C(F)(F)F)c1),CCN(CB(c1cc(C(F)(F)F)cc(C(F)(F)F)c1)c1cc(C(F)(F)F)cc(C(F)(F)F)c1)C(C)C,True,0.48717948717948717
template_augmentation,intramolecular_N_B_alkyl,N,ethyl,isopropyl,bis_cf3_phenyl,bis_cf3_phenyl,C2,N(CC)(C(C)C)CCB(c1cc(C(F)(F)F)cc(C(F)(F)F)c1)(c1cc(C(F)(F)F)cc(C(F)(F)F)c1),CCN(CCB(c1cc(C(F)(F)F)cc(C(F)(F)F)c1)c1cc(C(F)(F)F)cc(C(F)(F)F)c1)C(C)C,True,0.4634146341463415
template_augmentation,intramolecular_N_B_alkyl,N,ethyl,isopropyl,bis_cf3_phenyl,bis_cf3_phenyl,C3,N(CC)(C(C)C)CCCB(c1cc(C(F)(F)F)cc(C(F)(F)F)c1)(c1cc(C(F)(F)F)cc(C(F)(F)F)c1),CCN(CCCB(c1cc(C(F)(F)F)cc(C(F)(F)F)c1)c1cc(C(F)(F)F)cc(C(F)(F)F)c1)C(C)C,True,0.4418604651162791
template_augmentation,intramolecular_N_B_alkyl,N,ethyl,isopropyl,bis_cf3_phenyl,bis_cf3_phenyl,C4,N(CC)(C(C)C)CCCCB(c1cc(C(F)(F)F)cc(C(F)(F)F)c1)(c1cc(C(F)(F)F)cc(C(F)(F)F)c1),CCN(CCCCB(c1cc(C(F)(F)F)cc(C(F)(F)F)c1)c1cc(C(F)(F)F)cc(C(F)(F)F)c1)C(C)C,True,0.4318181818181818
template_augmentation,intramolecular_N_B_alkyl,N,ethyl,isopropyl,bis_cf3_phenyl,bis_cf3_phenyl,C5,N(CC)(C(C)C)CCCCCB(c1cc(C(F)(F)F)cc(C(F)(F)F)c1)(c1cc(C(F)(F)F)cc(C(F)(F)F)c1),CCN(CCCCCB(c1cc(C(F)(F)F)cc(C(F)(F)F)c1)c1cc(C(F)(F)F)cc(C(F)(F)F)c1)C(C)C,True,0.4222222222222222
template_augmentation,intramolecular_N_B_alkyl,N,ethyl,isopropyl,bis_cf3_phenyl,bis_cf3_phenyl,C6,N(CC)(C(C)C)CCCCCCB(c1cc(C(F)(F)F)cc(C(F)(F)F)c1)(c1cc(C(F)(F)F)cc(C(F)(F)F)c1),CCN(CCCCCCB(c1cc(C(F)(F)F)cc(C(F)(F)F)c1)c1cc(C(F)(F)F)cc(C(F)(F)F)c1)C(C)C,True,0.4222222222222222
template_augmentation,intramolecular_N_B_alkyl,N,ethyl,cyclohexyl,phenyl,phenyl,C1,N(CC)(C1CCCCC1)CB(c1ccccc1)(c1ccccc1),CCN(CB(c1ccccc1)c1ccccc1)C1CCCCC1,True,0.32608695652173914
template_augmentation,intramolecular_N_B_alkyl,N,ethyl,cyclohexyl,phenyl,phenyl,C2,N(CC)(C1CCCCC1)CCB(c1ccccc1)(c1ccccc1),CCN(CCB(c1ccccc1)c1ccccc1)C1CCCCC1,True,0.3125
template_augmentation,intramolecular_N_B_alkyl,N,ethyl,cyclohexyl,phenyl,phenyl,C3,N(CC)(C1CCCCC1)CCCB(c1ccccc1)(c1ccccc1),CCN(CCCB(c1ccccc1)c1ccccc1)C1CCCCC1,True,0.3
template_augmentation,intramolecular_N_B_alkyl,N,ethyl,cyclohexyl,phenyl,phenyl,C4,N(CC)(C1CCCCC1)CCCCB(c1ccccc1)(c1ccccc1),CCN(CCCCB(c1ccccc1)c1ccccc1)C1CCCCC1,True,0.29411764705882354
template_augmentation,intramolecular_N_B_alkyl,N,ethyl,cyclohexyl,phenyl,phenyl,C5,N(CC)(C1CCCCC1)CCCCCB(c1ccccc1)(c1ccccc1),CCN(CCCCCB(c1ccccc1)c1ccccc1)C1CCCCC1,True,0.28846153846153844
template_augmentation,intramolecular_N_B_alkyl,N,ethyl,cyclohexyl,phenyl,phenyl,C6,N(CC)(C1CCCCC1)CCCCCCB(c1ccccc1)(c1ccccc1),CCN(CCCCCCB(c1ccccc1)c1ccccc1)C1CCCCC1,True,0.28846153846153844
template_augmentation,intramolecular_N_B_alkyl,N,ethyl,cyclohexyl,phenyl,p_tolyl,C1,N(CC)(C1CCCCC1)CB(c1ccccc1)(c1ccc(C)cc1),CCN(CB(c1ccccc1)c1ccc(C)cc1)C1CCCCC1,True,0.29411764705882354
template_augmentation,intramolecular_N_B_alkyl,N,ethyl,cyclohexyl,phenyl,p_tolyl,C2,N(CC)(C1CCCCC1)CCB(c1ccccc1)(c1ccc(C)cc1),CCN(CCB(c1ccccc1)c1ccc(C)cc1)C1CCCCC1,True,0.2830188679245283
template_augmentation,intramolecular_N_B_alkyl,N,ethyl,cyclohexyl,phenyl,p_tolyl,C3,N(CC)(C1CCCCC1)CCCB(c1ccccc1)(c1ccc(C)cc1),CCN(CCCB(c1ccccc1)c1ccc(C)cc1)C1CCCCC1,True,0.2727272727272727
template_augmentation,intramolecular_N_B_alkyl,N,ethyl,cyclohexyl,phenyl,p_tolyl,C4,N(CC)(C1CCCCC1)CCCCB(c1ccccc1)(c1ccc(C)cc1),CCN(CCCCB(c1ccccc1)c1ccc(C)cc1)C1CCCCC1,True,0.26785714285714285
template_augmentation,intramolecular_N_B_alkyl,N,ethyl,cyclohexyl,phenyl,p_tolyl,C5,N(CC)(C1CCCCC1)CCCCCB(c1ccccc1)(c1ccc(C)cc1),CCN(CCCCCB(c1ccccc1)c1ccc(C)cc1)C1CCCCC1,True,0.2631578947368421
template_augmentation,intramolecular_N_B_alkyl,N,ethyl,cyclohexyl,phenyl,p_tolyl,C6,N(CC)(C1CCCCC1)CCCCCCB(c1ccccc1)(c1ccc(C)cc1),CCN(CCCCCCB(c1ccccc1)c1ccc(C)cc1)C1CCCCC1,True,0.2631578947368421
template_augmentation,intramolecular_N_B_alkyl,N,ethyl,cyclohexyl,phenyl,mesityl,C1,N(CC)(C1CCCCC1)CB(c1ccccc1)(c1c(C)cc(C)cc1C),CCN(CB(c1ccccc1)c1c(C)cc(C)cc1C)C1CCCCC1,True,0.38181818181818183
template_augmentation,intramolecular_N_B_alkyl,N,ethyl,cyclohexyl,phenyl,mesityl,C2,N(CC)(C1CCCCC1)CCB(c1ccccc1)(c1c(C)cc(C)cc1C),CCN(CCB(c1ccccc1)c1c(C)cc(C)cc1C)C1CCCCC1,True,0.3684210526315789
template_augmentation,intramolecular_N_B_alkyl,N,ethyl,cyclohexyl,phenyl,mesityl,C3,N(CC)(C1CCCCC1)CCCB(c1ccccc1)(c1c(C)cc(C)cc1C),CCN(CCCB(c1ccccc1)c1c(C)cc(C)cc1C)C1CCCCC1,True,0.3559322033898305
template_augmentation,intramolecular_N_B_alkyl,N,ethyl,cyclohexyl,phenyl,mesityl,C4,N(CC)(C1CCCCC1)CCCCB(c1ccccc1)(c1c(C)cc(C)cc1C),CCN(CCCCB(c1ccccc1)c1c(C)cc(C)cc1C)C1CCCCC1,True,0.35
template_augmentation,intramolecular_N_B_alkyl,N,ethyl,cyclohexyl,phenyl,mesityl,C5,N(CC)(C1CCCCC1)CCCCCB(c1ccccc1)(c1c(C)cc(C)cc1C),CCN(CCCCCB(c1ccccc1)c1c(C)cc(C)cc1C)C1CCCCC1,True,0.3442622950819672
template_augmentation,intramolecular_N_B_alkyl,N,ethyl,cyclohexyl,phenyl,mesityl,C6,N(CC)(C1CCCCC1)CCCCCCB(c1ccccc1)(c1c(C)cc(C)cc1C),CCN(CCCCCCB(c1ccccc1)c1c(C)cc(C)cc1C)C1CCCCC1,True,0.3442622950819672
template_augmentation,intramolecular_N_B_alkyl,N,ethyl,cyclohexyl,phenyl,pentafluorophenyl,C1,N(CC)(C1CCCCC1)CB(c1ccccc1)(c1c(F)c(F)c(F)c(F)c1F),CCN(CB(c1ccccc1)c1c(F)c(F)c(F)c(F)c1F)C1CCCCC1,True,0.4
template_augmentation,intramolecular_N_B_alkyl,N,ethyl,cyclohexyl,phenyl,pentafluorophenyl,C2,N(CC)(C1CCCCC1)CCB(c1ccccc1)(c1c(F)c(F)c(F)c(F)c1F),CCN(CCB(c1ccccc1)c1c(F)c(F)c(F)c(F)c1F)C1CCCCC1,True,0.38461538461538464
template_augmentation,intramolecular_N_B_alkyl,N,ethyl,cyclohexyl,phenyl,pentafluorophenyl,C3,N(CC)(C1CCCCC1)CCCB(c1ccccc1)(c1c(F)c(F)c(F)c(F)c1F),CCN(CCCB(c1ccccc1)c1c(F)c(F)c(F)c(F)c1F)C1CCCCC1,True,0.37735849056603776
template_augmentation,intramolecular_N_B_alkyl,N,ethyl,cyclohexyl,phenyl,pentafluorophenyl,C4,N(CC)(C1CCCCC1)CCCCB(c1ccccc1)(c1c(F)c(F)c(F)c(F)c1F),CCN(CCCCB(c1ccccc1)c1c(F)c(F)c(F)c(F)c1F)C1CCCCC1,True,0.37735849056603776
template_augmentation,intramolecular_N_B_alkyl,N,ethyl,cyclohexyl,phenyl,pentafluorophenyl,C5,N(CC)(C1CCCCC1)CCCCCB(c1ccccc1)(c1c(F)c(F)c(F)c(F)c1F),CCN(CCCCCB(c1ccccc1)c1c(F)c(F)c(F)c(F)c1F)C1CCCCC1,True,0.37037037037037035
template_augmentation,intramolecular_N_B_alkyl,N,ethyl,cyclohexyl,phenyl,pentafluorophenyl,C6,N(CC)(C1CCCCC1)CCCCCCB(c1ccccc1)(c1c(F)c(F)c(F)c(F)c1F),CCN(CCCCCCB(c1ccccc1)c1c(F)c(F)c(F)c(F)c1F)C1CCCCC1,True,0.37037037037037035
template_augmentation,intramolecular_N_B_alkyl,N,ethyl,cyclohexyl,phenyl,pentachlorophenyl,C1,N(CC)(C1CCCCC1)CB(c1ccccc1)(c1c(Cl)c(Cl)c(Cl)c(Cl)c1Cl),CCN(CB(c1ccccc1)c1c(Cl)c(Cl)c(Cl)c(Cl)c1Cl)C1CCCCC1,True,0.3877551020408163
template_augmentation,intramolecular_N_B_alkyl,N,ethyl,cyclohexyl,phenyl,pentachlorophenyl,C2,N(CC)(C1CCCCC1)CCB(c1ccccc1)(c1c(Cl)c(Cl)c(Cl)c(Cl)c1Cl),CCN(CCB(c1ccccc1)c1c(Cl)c(Cl)c(Cl)c(Cl)c1Cl)C1CCCCC1,True,0.37254901960784315
template_augmentation,intramolecular_N_B_alkyl,N,ethyl,cyclohexyl,phenyl,pentachlorophenyl,C3,N(CC)(C1CCCCC1)CCCB(c1ccccc1)(c1c(Cl)c(Cl)c(Cl)c(Cl)c1Cl),CCN(CCCB(c1ccccc1)c1c(Cl)c(Cl)c(Cl)c(Cl)c1Cl)C1CCCCC1,True,0.38461538461538464
template_augmentation,intramolecular_N_B_alkyl,N,ethyl,cyclohexyl,phenyl,pentachlorophenyl,C4,N(CC)(C1CCCCC1)CCCCB(c1ccccc1)(c1c(Cl)c(Cl)c(Cl)c(Cl)c1Cl),CCN(CCCCB(c1ccccc1)c1c(Cl)c(Cl)c(Cl)c(Cl)c1Cl)C1CCCCC1,True,0.37735849056603776
template_augmentation,intramolecular_N_B_alkyl,N,ethyl,cyclohexyl,phenyl,pentachlorophenyl,C5,N(CC)(C1CCCCC1)CCCCCB(c1ccccc1)(c1c(Cl)c(Cl)c(Cl)c(Cl)c1Cl),CCN(CCCCCB(c1ccccc1)c1c(Cl)c(Cl)c(Cl)c(Cl)c1Cl)C1CCCCC1,True,0.37037037037037035
template_augmentation,intramolecular_N_B_alkyl,N,ethyl,cyclohexyl,phenyl,pentachlorophenyl,C6,N(CC)(C1CCCCC1)CCCCCCB(c1ccccc1)(c1c(Cl)c(Cl)c(Cl)c(Cl)c1Cl),CCN(CCCCCCB(c1ccccc1)c1c(Cl)c(Cl)c(Cl)c(Cl)c1Cl)C1CCCCC1,True,0.37037037037037035
template_augmentation,intramolecular_N_B_alkyl,N,ethyl,cyclohexyl,phenyl,bis_cf3_phenyl,C1,N(CC)(C1CCCCC1)CB(c1ccccc1)(c1cc(C(F)(F)F)cc(C(F)(F)F)c1),CCN(CB(c1ccccc1)c1cc(C(F)(F)F)cc(C(F)(F)F)c1)C1CCCCC1,True,0.36
template_augmentation,intramolecular_N_B_alkyl,N,ethyl,cyclohexyl,phenyl,bis_cf3_phenyl,C2,N(CC)(C1CCCCC1)CCB(c1ccccc1)(c1cc(C(F)(F)F)cc(C(F)(F)F)c1),CCN(CCB(c1ccccc1)c1cc(C(F)(F)F)cc(C(F)(F)F)c1)C1CCCCC1,True,0.34615384615384615
template_augmentation,intramolecular_N_B_alkyl,N,ethyl,cyclohexyl,phenyl,bis_cf3_phenyl,C3,N(CC)(C1CCCCC1)CCCB(c1ccccc1)(c1cc(C(F)(F)F)cc(C(F)(F)F)c1),CCN(CCCB(c1ccccc1)c1cc(C(F)(F)F)cc(C(F)(F)F)c1)C1CCCCC1,True,0.3333333333333333
template_augmentation,intramolecular_N_B_alkyl,N,ethyl,cyclohexyl,phenyl,bis_cf3_phenyl,C4,N(CC)(C1CCCCC1)CCCCB(c1ccccc1)(c1cc(C(F)(F)F)cc(C(F)(F)F)c1),CCN(CCCCB(c1ccccc1)c1cc(C(F)(F)F)cc(C(F)(F)F)c1)C1CCCCC1,True,0.32727272727272727
template_augmentation,intramolecular_N_B_alkyl,N,ethyl,cyclohexyl,phenyl,bis_cf3_phenyl,C5,N(CC)(C1CCCCC1)CCCCCB(c1ccccc1)(c1cc(C(F)(F)F)cc(C(F)(F)F)c1),CCN(CCCCCB(c1ccccc1)c1cc(C(F)(F)F)cc(C(F)(F)F)c1)C1CCCCC1,True,0.32142857142857145
template_augmentation,intramolecular_N_B_alkyl,N,ethyl,cyclohexyl,phenyl,bis_cf3_phenyl,C6,N(CC)(C1CCCCC1)CCCCCCB(c1ccccc1)(c1cc(C(F)(F)F)cc(C(F)(F)F)c1),CCN(CCCCCCB(c1ccccc1)c1cc(C(F)(F)F)cc(C(F)(F)F)c1)C1CCCCC1,True,0.32142857142857145
template_augmentation,intramolecular_N_B_alkyl,N,ethyl,cyclohexyl,p_tolyl,p_tolyl,C1,N(CC)(C1CCCCC1)CB(c1ccc(C)cc1)(c1ccc(C)cc1),CCN(CB(c1ccc(C)cc1)c1ccc(C)cc1)C1CCCCC1,True,0.25925925925925924
template_augmentation,intramolecular_N_B_alkyl,N,ethyl,cyclohexyl,p_tolyl,p_tolyl,C2,N(CC)(C1CCCCC1)CCB(c1ccc(C)cc1)(c1ccc(C)cc1),CCN(CCB(c1ccc(C)cc1)c1ccc(C)cc1)C1CCCCC1,True,0.22807017543859648
template_augmentation,intramolecular_N_B_alkyl,N,ethyl,cyclohexyl,p_tolyl,p_tolyl,C3,N(CC)(C1CCCCC1)CCCB(c1ccc(C)cc1)(c1ccc(C)cc1),CCN(CCCB(c1ccc(C)cc1)c1ccc(C)cc1)C1CCCCC1,True,0.24074074074074073
template_augmentation,intramolecular_N_B_alkyl,N,ethyl,cyclohexyl,p_tolyl,p_tolyl,C4,N(CC)(C1CCCCC1)CCCCB(c1ccc(C)cc1)(c1ccc(C)cc1),CCN(CCCCB(c1ccc(C)cc1)c1ccc(C)cc1)C1CCCCC1,True,0.23636363636363636
template_augmentation,intramolecular_N_B_alkyl,N,ethyl,cyclohexyl,p_tolyl,p_tolyl,C5,N(CC)(C1CCCCC1)CCCCCB(c1ccc(C)cc1)(c1ccc(C)cc1),CCN(CCCCCB(c1ccc(C)cc1)c1ccc(C)cc1)C1CCCCC1,True,0.23214285714285715
template_augmentation,intramolecular_N_B_alkyl,N,ethyl,cyclohexyl,p_tolyl,p_tolyl,C6,N(CC)(C1CCCCC1)CCCCCCB(c1ccc(C)cc1)(c1ccc(C)cc1),CCN(CCCCCCB(c1ccc(C)cc1)c1ccc(C)cc1)C1CCCCC1,True,0.23214285714285715
template_augmentation,intramolecular_N_B_alkyl,N,ethyl,cyclohexyl,p_tolyl,mesityl,C1,N(CC)(C1CCCCC1)CB(c1ccc(C)cc1)(c1c(C)cc(C)cc1C),CCN(CB(c1ccc(C)cc1)c1c(C)cc(C)cc1C)C1CCCCC1,True,0.3392857142857143
template_augmentation,intramolecular_N_B_alkyl,N,ethyl,cyclohexyl,p_tolyl,mesityl,C2,N(CC)(C1CCCCC1)CCB(c1ccc(C)cc1)(c1c(C)cc(C)cc1C),CCN(CCB(c1ccc(C)cc1)c1c(C)cc(C)cc1C)C1CCCCC1,True,0.3275862068965517
template_augmentation,intramolecular_N_B_alkyl,N,ethyl,cyclohexyl,p_tolyl,mesityl,C3,N(CC)(C1CCCCC1)CCCB(c1ccc(C)cc1)(c1c(C)cc(C)cc1C),CCN(CCCB(c1ccc(C)cc1)c1c(C)cc(C)cc1C)C1CCCCC1,True,0.31666666666666665
template_augmentation,intramolecular_N_B_alkyl,N,ethyl,cyclohexyl,p_tolyl,mesityl,C4,N(CC)(C1CCCCC1)CCCCB(c1ccc(C)cc1)(c1c(C)cc(C)cc1C),CCN(CCCCB(c1ccc(C)cc1)c1c(C)cc(C)cc1C)C1CCCCC1,True,0.3114754098360656
template_augmentation,intramolecular_N_B_alkyl,N,ethyl,cyclohexyl,p_tolyl,mesityl,C5,N(CC)(C1CCCCC1)CCCCCB(c1ccc(C)cc1)(c1c(C)cc(C)cc1C),CCN(CCCCCB(c1ccc(C)cc1)c1c(C)cc(C)cc1C)C1CCCCC1,True,0.3064516129032258
template_augmentation,intramolecular_N_B_alkyl,N,ethyl,cyclohexyl,p_tolyl,mesityl,C6,N(CC)(C1CCCCC1)CCCCCCB(c1ccc(C)cc1)(c1c(C)cc(C)cc1C),CCN(CCCCCCB(c1ccc(C)cc1)c1c(C)cc(C)cc1C)C1CCCCC1,True,0.3064516129032258
template_augmentation,intramolecular_N_B_alkyl,N,ethyl,cyclohexyl,p_tolyl,pentafluorophenyl,C1,N(CC)(C1CCCCC1)CB(c1ccc(C)cc1)(c1c(F)c(F)c(F)c(F)c1F),CCN(CB(c1ccc(C)cc1)c1c(F)c(F)c(F)c(F)c1F)C1CCCCC1,True,0.3392857142857143
template_augmentation,intramolecular_N_B_alkyl,N,ethyl,cyclohexyl,p_tolyl,pentafluorophenyl,C2,N(CC)(C1CCCCC1)CCB(c1ccc(C)cc1)(c1c(F)c(F)c(F)c(F)c1F),CCN(CCB(c1ccc(C)cc1)c1c(F)c(F)c(F)c(F)c1F)C1CCCCC1,True,0.3333333333333333
template_augmentation,intramolecular_N_B_alkyl,N,ethyl,cyclohexyl,p_tolyl,pentafluorophenyl,C3,N(CC)(C1CCCCC1)CCCB(c1ccc(C)cc1)(c1c(F)c(F)c(F)c(F)c1F),CCN(CCCB(c1ccc(C)cc1)c1c(F)c(F)c(F)c(F)c1F)C1CCCCC1,True,0.37037037037037035
template_augmentation,intramolecular_N_B_alkyl,N,ethyl,cyclohexyl,p_tolyl,pentafluorophenyl,C4,N(CC)(C1CCCCC1)CCCCB(c1ccc(C)cc1)(c1c(F)c(F)c(F)c(F)c1F),CCN(CCCCB(c1ccc(C)cc1)c1c(F)c(F)c(F)c(F)c1F)C1CCCCC1,True,0.36363636363636365
template_augmentation,intramolecular_N_B_alkyl,N,ethyl,cyclohexyl,p_tolyl,pentafluorophenyl,C5,N(CC)(C1CCCCC1)CCCCCB(c1ccc(C)cc1)(c1c(F)c(F)c(F)c(F)c1F),CCN(CCCCCB(c1ccc(C)cc1)c1c(F)c(F)c(F)c(F)c1F)C1CCCCC1,True,0.35714285714285715
template_augmentation,intramolecular_N_B_alkyl,N,ethyl,cyclohexyl,p_tolyl,pentafluorophenyl,C6,N(CC)(C1CCCCC1)CCCCCCB(c1ccc(C)cc1)(c1c(F)c(F)c(F)c(F)c1F),CCN(CCCCCCB(c1ccc(C)cc1)c1c(F)c(F)c(F)c(F)c1F)C1CCCCC1,True,0.35714285714285715
template_augmentation,intramolecular_N_B_alkyl,N,ethyl,cyclohexyl,p_tolyl,pentachlorophenyl,C1,N(CC)(C1CCCCC1)CB(c1ccc(C)cc1)(c1c(Cl)c(Cl)c(Cl)c(Cl)c1Cl),CCN(CB(c1ccc(C)cc1)c1c(Cl)c(Cl)c(Cl)c(Cl)c1Cl)C1CCCCC1,True,0.36363636363636365
template_augmentation,intramolecular_N_B_alkyl,N,ethyl,cyclohexyl,p_tolyl,pentachlorophenyl,C2,N(CC)(C1CCCCC1)CCB(c1ccc(C)cc1)(c1c(Cl)c(Cl)c(Cl)c(Cl)c1Cl),CCN(CCB(c1ccc(C)cc1)c1c(Cl)c(Cl)c(Cl)c(Cl)c1Cl)C1CCCCC1,True,0.3333333333333333
template_augmentation,intramolecular_N_B_alkyl,N,ethyl,cyclohexyl,p_tolyl,pentachlorophenyl,C3,N(CC)(C1CCCCC1)CCCB(c1ccc(C)cc1)(c1c(Cl)c(Cl)c(Cl)c(Cl)c1Cl),CCN(CCCB(c1ccc(C)cc1)c1c(Cl)c(Cl)c(Cl)c(Cl)c1Cl)C1CCCCC1,True,0.37037037037037035
template_augmentation,intramolecular_N_B_alkyl,N,ethyl,cyclohexyl,p_tolyl,pentachlorophenyl,C4,N(CC)(C1CCCCC1)CCCCB(c1ccc(C)cc1)(c1c(Cl)c(Cl)c(Cl)c(Cl)c1Cl),CCN(CCCCB(c1ccc(C)cc1)c1c(Cl)c(Cl)c(Cl)c(Cl)c1Cl)C1CCCCC1,True,0.36363636363636365
template_augmentation,intramolecular_N_B_alkyl,N,ethyl,cyclohexyl,p_tolyl,pentachlorophenyl,C5,N(CC)(C1CCCCC1)CCCCCB(c1ccc(C)cc1)(c1c(Cl)c(Cl)c(Cl)c(Cl)c1Cl),CCN(CCCCCB(c1ccc(C)cc1)c1c(Cl)c(Cl)c(Cl)c(Cl)c1Cl)C1CCCCC1,True,0.35714285714285715
template_augmentation,intramolecular_N_B_alkyl,N,ethyl,cyclohexyl,p_tolyl,pentachlorophenyl,C6,N(CC)(C1CCCCC1)CCCCCCB(c1ccc(C)cc1)(c1c(Cl)c(Cl)c(Cl)c(Cl)c1Cl),CCN(CCCCCCB(c1ccc(C)cc1)c1c(Cl)c(Cl)c(Cl)c(Cl)c1Cl)C1CCCCC1,True,0.35714285714285715
template_augmentation,intramolecular_N_B_alkyl,N,ethyl,cyclohexyl,p_tolyl,bis_cf3_phenyl,C1,N(CC)(C1CCCCC1)CB(c1ccc(C)cc1)(c1cc(C(F)(F)F)cc(C(F)(F)F)c1),CCN(CB(c1ccc(C)cc1)c1cc(C(F)(F)F)cc(C(F)(F)F)c1)C1CCCCC1,True,0.35294117647058826
template_augmentation,intramolecular_N_B_alkyl,N,ethyl,cyclohexyl,p_tolyl,bis_cf3_phenyl,C2,N(CC)(C1CCCCC1)CCB(c1ccc(C)cc1)(c1cc(C(F)(F)F)cc(C(F)(F)F)c1),CCN(CCB(c1ccc(C)cc1)c1cc(C(F)(F)F)cc(C(F)(F)F)c1)C1CCCCC1,True,0.33962264150943394
template_augmentation,intramolecular_N_B_alkyl,N,ethyl,cyclohexyl,p_tolyl,bis_cf3_phenyl,C3,N(CC)(C1CCCCC1)CCCB(c1ccc(C)cc1)(c1cc(C(F)(F)F)cc(C(F)(F)F)c1),CCN(CCCB(c1ccc(C)cc1)c1cc(C(F)(F)F)cc(C(F)(F)F)c1)C1CCCCC1,True,0.32727272727272727
template_augmentation,intramolecular_N_B_alkyl,N,ethyl,cyclohexyl,p_tolyl,bis_cf3_phenyl,C4,N(CC)(C1CCCCC1)CCCCB(c1ccc(C)cc1)(c1cc(C(F)(F)F)cc(C(F)(F)F)c1),CCN(CCCCB(c1ccc(C)cc1)c1cc(C(F)(F)F)cc(C(F)(F)F)c1)C1CCCCC1,True,0.32142857142857145
template_augmentation,intramolecular_N_B_alkyl,N,ethyl,cyclohexyl,p_tolyl,bis_cf3_phenyl,C5,N(CC)(C1CCCCC1)CCCCCB(c1ccc(C)cc1)(c1cc(C(F)(F)F)cc(C(F)(F)F)c1),CCN(CCCCCB(c1ccc(C)cc1)c1cc(C(F)(F)F)cc(C(F)(F)F)c1)C1CCCCC1,True,0.3157894736842105
template_augmentation,intramolecular_N_B_alkyl,N,ethyl,cyclohexyl,p_tolyl,bis_cf3_phenyl,C6,N(CC)(C1CCCCC1)CCCCCCB(c1ccc(C)cc1)(c1cc(C(F)(F)F)cc(C(F)(F)F)c1),CCN(CCCCCCB(c1ccc(C)cc1)c1cc(C(F)(F)F)cc(C(F)(F)F)c1)C1CCCCC1,True,0.3157894736842105
template_augmentation,intramolecular_N_B_alkyl,N,ethyl,cyclohexyl,mesityl,mesityl,C1,N(CC)(C1CCCCC1)CB(c1c(C)cc(C)cc1C)(c1c(C)cc(C)cc1C),CCN(CB(c1c(C)cc(C)cc1C)c1c(C)cc(C)cc1C)C1CCCCC1,True,0.35294117647058826
template_augmentation,intramolecular_N_B_alkyl,N,ethyl,cyclohexyl,mesityl,mesityl,C2,N(CC)(C1CCCCC1)CCB(c1c(C)cc(C)cc1C)(c1c(C)cc(C)cc1C),CCN(CCB(c1c(C)cc(C)cc1C)c1c(C)cc(C)cc1C)C1CCCCC1,True,0.33962264150943394
template_augmentation,intramolecular_N_B_alkyl,N,ethyl,cyclohexyl,mesityl,mesityl,C3,N(CC)(C1CCCCC1)CCCB(c1c(C)cc(C)cc1C)(c1c(C)cc(C)cc1C),CCN(CCCB(c1c(C)cc(C)cc1C)c1c(C)cc(C)cc1C)C1CCCCC1,True,0.32727272727272727
template_augmentation,intramolecular_N_B_alkyl,N,ethyl,cyclohexyl,mesityl,mesityl,C4,N(CC)(C1CCCCC1)CCCCB(c1c(C)cc(C)cc1C)(c1c(C)cc(C)cc1C),CCN(CCCCB(c1c(C)cc(C)cc1C)c1c(C)cc(C)cc1C)C1CCCCC1,True,0.33962264150943394
template_augmentation,intramolecular_N_B_alkyl,N,ethyl,cyclohexyl,mesityl,mesityl,C5,N(CC)(C1CCCCC1)CCCCCB(c1c(C)cc(C)cc1C)(c1c(C)cc(C)cc1C),CCN(CCCCCB(c1c(C)cc(C)cc1C)c1c(C)cc(C)cc1C)C1CCCCC1,True,0.3333333333333333
template_augmentation,intramolecular_N_B_alkyl,N,ethyl,cyclohexyl,mesityl,mesityl,C6,N(CC)(C1CCCCC1)CCCCCCB(c1c(C)cc(C)cc1C)(c1c(C)cc(C)cc1C),CCN(CCCCCCB(c1c(C)cc(C)cc1C)c1c(C)cc(C)cc1C)C1CCCCC1,True,0.3333333333333333
template_augmentation,intramolecular_N_B_alkyl,N,ethyl,cyclohexyl,mesityl,pentafluorophenyl,C1,N(CC)(C1CCCCC1)CB(c1c(C)cc(C)cc1C)(c1c(F)c(F)c(F)c(F)c1F),CCN(CB(c1c(C)cc(C)cc1C)c1c(F)c(F)c(F)c(F)c1F)C1CCCCC1,True,0.43137254901960786
template_augmentation,intramolecular_N_B_alkyl,N,ethyl,cyclohexyl,mesityl,pentafluorophenyl,C2,N(CC)(C1CCCCC1)CCB(c1c(C)cc(C)cc1C)(c1c(F)c(F)c(F)c(F)c1F),CCN(CCB(c1c(C)cc(C)cc1C)c1c(F)c(F)c(F)c(F)c1F)C1CCCCC1,True,0.42
template_augmentation,intramolecular_N_B_alkyl,N,ethyl,cyclohexyl,mesityl,pentafluorophenyl,C3,N(CC)(C1CCCCC1)CCCB(c1c(C)cc(C)cc1C)(c1c(F)c(F)c(F)c(F)c1F),CCN(CCCB(c1c(C)cc(C)cc1C)c1c(F)c(F)c(F)c(F)c1F)C1CCCCC1,True,0.4339622641509434
template_augmentation,intramolecular_N_B_alkyl,N,ethyl,cyclohexyl,mesityl,pentafluorophenyl,C4,N(CC)(C1CCCCC1)CCCCB(c1c(C)cc(C)cc1C)(c1c(F)c(F)c(F)c(F)c1F),CCN(CCCCB(c1c(C)cc(C)cc1C)c1c(F)c(F)c(F)c(F)c1F)C1CCCCC1,True,0.4528301886792453
template_augmentation,intramolecular_N_B_alkyl,N,ethyl,cyclohexyl,mesityl,pentafluorophenyl,C5,N(CC)(C1CCCCC1)CCCCCB(c1c(C)cc(C)cc1C)(c1c(F)c(F)c(F)c(F)c1F),CCN(CCCCCB(c1c(C)cc(C)cc1C)c1c(F)c(F)c(F)c(F)c1F)C1CCCCC1,True,0.4444444444444444
template_augmentation,intramolecular_N_B_alkyl,N,ethyl,cyclohexyl,mesityl,pentafluorophenyl,C6,N(CC)(C1CCCCC1)CCCCCCB(c1c(C)cc(C)cc1C)(c1c(F)c(F)c(F)c(F)c1F),CCN(CCCCCCB(c1c(C)cc(C)cc1C)c1c(F)c(F)c(F)c(F)c1F)C1CCCCC1,True,0.4444444444444444
template_augmentation,intramolecular_N_B_alkyl,N,ethyl,cyclohexyl,mesityl,pentachlorophenyl,C1,N(CC)(C1CCCCC1)CB(c1c(C)cc(C)cc1C)(c1c(Cl)c(Cl)c(Cl)c(Cl)c1Cl),CCN(CB(c1c(C)cc(C)cc1C)c1c(Cl)c(Cl)c(Cl)c(Cl)c1Cl)C1CCCCC1,True,0.4423076923076923
template_augmentation,intramolecular_N_B_alkyl,N,ethyl,cyclohexyl,mesityl,pentachlorophenyl,C2,N(CC)(C1CCCCC1)CCB(c1c(C)cc(C)cc1C)(c1c(Cl)c(Cl)c(Cl)c(Cl)c1Cl),CCN(CCB(c1c(C)cc(C)cc1C)c1c(Cl)c(Cl)c(Cl)c(Cl)c1Cl)C1CCCCC1,True,0.42
template_augmentation,intramolecular_N_B_alkyl,N,ethyl,cyclohexyl,mesityl,pentachlorophenyl,C3,N(CC)(C1CCCCC1)CCCB(c1c(C)cc(C)cc1C)(c1c(Cl)c(Cl)c(Cl)c(Cl)c1Cl),CCN(CCCB(c1c(C)cc(C)cc1C)c1c(Cl)c(Cl)c(Cl)c(Cl)c1Cl)C1CCCCC1,True,0.4339622641509434
template_augmentation,intramolecular_N_B_alkyl,N,ethyl,cyclohexyl,mesityl,pentachlorophenyl,C4,N(CC)(C1CCCCC1)CCCCB(c1c(C)cc(C)cc1C)(c1c(Cl)c(Cl)c(Cl)c(Cl)c1Cl),CCN(CCCCB(c1c(C)cc(C)cc1C)c1c(Cl)c(Cl)c(Cl)c(Cl)c1Cl)C1CCCCC1,True,0.4528301886792453
template_augmentation,intramolecular_N_B_alkyl,N,ethyl,cyclohexyl,mesityl,pentachlorophenyl,C5,N(CC)(C1CCCCC1)CCCCCB(c1c(C)cc(C)cc1C)(c1c(Cl)c(Cl)c(Cl)c(Cl)c1Cl),CCN(CCCCCB(c1c(C)cc(C)cc1C)c1c(Cl)c(Cl)c(Cl)c(Cl)c1Cl)C1CCCCC1,True,0.4444444444444444
template_augmentation,intramolecular_N_B_alkyl,N,ethyl,cyclohexyl,mesityl,pentachlorophenyl,C6,N(CC)(C1CCCCC1)CCCCCCB(c1c(C)cc(C)cc1C)(c1c(Cl)c(Cl)c(Cl)c(Cl)c1Cl),CCN(CCCCCCB(c1c(C)cc(C)cc1C)c1c(Cl)c(Cl)c(Cl)c(Cl)c1Cl)C1CCCCC1,True,0.4444444444444444
template_augmentation,intramolecular_N_B_alkyl,N,ethyl,cyclohexyl,mesityl,bis_cf3_phenyl,C1,N(CC)(C1CCCCC1)CB(c1c(C)cc(C)cc1C)(c1cc(C(F)(F)F)cc(C(F)(F)F)c1),CCN(CB(c1cc(C(F)(F)F)cc(C(F)(F)F)c1)c1c(C)cc(C)cc1C)C1CCCCC1,True,0.34615384615384615
template_augmentation,intramolecular_N_B_alkyl,N,ethyl,cyclohexyl,mesityl,bis_cf3_phenyl,C2,N(CC)(C1CCCCC1)CCB(c1c(C)cc(C)cc1C)(c1cc(C(F)(F)F)cc(C(F)(F)F)c1),CCN(CCB(c1cc(C(F)(F)F)cc(C(F)(F)F)c1)c1c(C)cc(C)cc1C)C1CCCCC1,True,0.3333333333333333
template_augmentation,intramolecular_N_B_alkyl,N,ethyl,cyclohexyl,mesityl,bis_cf3_phenyl,C3,N(CC)(C1CCCCC1)CCCB(c1c(C)cc(C)cc1C)(c1cc(C(F)(F)F)cc(C(F)(F)F)c1),CCN(CCCB(c1cc(C(F)(F)F)cc(C(F)(F)F)c1)c1c(C)cc(C)cc1C)C1CCCCC1,True,0.32142857142857145
template_augmentation,intramolecular_N_B_alkyl,N,ethyl,cyclohexyl,mesityl,bis_cf3_phenyl,C4,N(CC)(C1CCCCC1)CCCCB(c1c(C)cc(C)cc1C)(c1cc(C(F)(F)F)cc(C(F)(F)F)c1),CCN(CCCCB(c1cc(C(F)(F)F)cc(C(F)(F)F)c1)c1c(C)cc(C)cc1C)C1CCCCC1,True,0.3157894736842105
template_augmentation,intramolecular_N_B_alkyl,N,ethyl,cyclohexyl,mesityl,bis_cf3_phenyl,C5,N(CC)(C1CCCCC1)CCCCCB(c1c(C)cc(C)cc1C)(c1cc(C(F)(F)F)cc(C(F)(F)F)c1),CCN(CCCCCB(c1cc(C(F)(F)F)cc(C(F)(F)F)c1)c1c(C)cc(C)cc1C)C1CCCCC1,True,0.3103448275862069
template_augmentation,intramolecular_N_B_alkyl,N,ethyl,cyclohexyl,mesityl,bis_cf3_phenyl,C6,N(CC)(C1CCCCC1)CCCCCCB(c1c(C)cc(C)cc1C)(c1cc(C(F)(F)F)cc(C(F)(F)F)c1),CCN(CCCCCCB(c1cc(C(F)(F)F)cc(C(F)(F)F)c1)c1c(C)cc(C)cc1C)C1CCCCC1,True,0.3103448275862069
template_augmentation,intramolecular_N_B_alkyl,N,ethyl,cyclohexyl,pentafluorophenyl,pentafluorophenyl,C1,N(CC)(C1CCCCC1)CB(c1c(F)c(F)c(F)c(F)c1F)(c1c(F)c(F)c(F)c(F)c1F),CCN(CB(c1c(F)c(F)c(F)c(F)c1F)c1c(F)c(F)c(F)c(F)c1F)C1CCCCC1,True,0.38636363636363635
template_augmentation,intramolecular_N_B_alkyl,N,ethyl,cyclohexyl,pentafluorophenyl,pentafluorophenyl,C2,N(CC)(C1CCCCC1)CCB(c1c(F)c(F)c(F)c(F)c1F)(c1c(F)c(F)c(F)c(F)c1F),CCN(CCB(c1c(F)c(F)c(F)c(F)c1F)c1c(F)c(F)c(F)c(F)c1F)C1CCCCC1,True,0.4318181818181818
template_augmentation,intramolecular_N_B_alkyl,N,ethyl,cyclohexyl,pentafluorophenyl,pentafluorophenyl,C3,N(CC)(C1CCCCC1)CCCB(c1c(F)c(F)c(F)c(F)c1F)(c1c(F)c(F)c(F)c(F)c1F),CCN(CCCB(c1c(F)c(F)c(F)c(F)c1F)c1c(F)c(F)c(F)c(F)c1F)C1CCCCC1,True,0.4772727272727273
template_augmentation,intramolecular_N_B_alkyl,N,ethyl,cyclohexyl,pentafluorophenyl,pentafluorophenyl,C4,N(CC)(C1CCCCC1)CCCCB(c1c(F)c(F)c(F)c(F)c1F)(c1c(F)c(F)c(F)c(F)c1F),CCN(CCCCB(c1c(F)c(F)c(F)c(F)c1F)c1c(F)c(F)c(F)c(F)c1F)C1CCCCC1,True,0.4666666666666667
template_augmentation,intramolecular_N_B_alkyl,N,ethyl,cyclohexyl,pentafluorophenyl,pentafluorophenyl,C5,N(CC)(C1CCCCC1)CCCCCB(c1c(F)c(F)c(F)c(F)c1F)(c1c(F)c(F)c(F)c(F)c1F),CCN(CCCCCB(c1c(F)c(F)c(F)c(F)c1F)c1c(F)c(F)c(F)c(F)c1F)C1CCCCC1,True,0.45652173913043476
template_augmentation,intramolecular_N_B_alkyl,N,ethyl,cyclohexyl,pentafluorophenyl,pentafluorophenyl,C6,N(CC)(C1CCCCC1)CCCCCCB(c1c(F)c(F)c(F)c(F)c1F)(c1c(F)c(F)c(F)c(F)c1F),CCN(CCCCCCB(c1c(F)c(F)c(F)c(F)c1F)c1c(F)c(F)c(F)c(F)c1F)C1CCCCC1,True,0.45652173913043476
template_augmentation,intramolecular_N_B_alkyl,N,ethyl,cyclohexyl,pentafluorophenyl,pentachlorophenyl,C1,N(CC)(C1CCCCC1)CB(c1c(F)c(F)c(F)c(F)c1F)(c1c(Cl)c(Cl)c(Cl)c(Cl)c1Cl),CCN(CB(c1c(F)c(F)c(F)c(F)c1F)c1c(Cl)c(Cl)c(Cl)c(Cl)c1Cl)C1CCCCC1,True,0.34
template_augmentation,intramolecular_N_B_alkyl,N,ethyl,cyclohexyl,pentafluorophenyl,pentachlorophenyl,C2,N(CC)(C1CCCCC1)CCB(c1c(F)c(F)c(F)c(F)c1F)(c1c(Cl)c(Cl)c(Cl)c(Cl)c1Cl),CCN(CCB(c1c(F)c(F)c(F)c(F)c1F)c1c(Cl)c(Cl)c(Cl)c(Cl)c1Cl)C1CCCCC1,True,0.38
template_augmentation,intramolecular_N_B_alkyl,N,ethyl,cyclohexyl,pentafluorophenyl,pentachlorophenyl,C3,N(CC)(C1CCCCC1)CCCB(c1c(F)c(F)c(F)c(F)c1F)(c1c(Cl)c(Cl)c(Cl)c(Cl)c1Cl),CCN(CCCB(c1c(F)c(F)c(F)c(F)c1F)c1c(Cl)c(Cl)c(Cl)c(Cl)c1Cl)C1CCCCC1,True,0.42
template_augmentation,intramolecular_N_B_alkyl,N,ethyl,cyclohexyl,pentafluorophenyl,pentachlorophenyl,C4,N(CC)(C1CCCCC1)CCCCB(c1c(F)c(F)c(F)c(F)c1F)(c1c(Cl)c(Cl)c(Cl)c(Cl)c1Cl),CCN(CCCCB(c1c(F)c(F)c(F)c(F)c1F)c1c(Cl)c(Cl)c(Cl)c(Cl)c1Cl)C1CCCCC1,True,0.4117647058823529
template_augmentation,intramolecular_N_B_alkyl,N,ethyl,cyclohexyl,pentafluorophenyl,pentachlorophenyl,C5,N(CC)(C1CCCCC1)CCCCCB(c1c(F)c(F)c(F)c(F)c1F)(c1c(Cl)c(Cl)c(Cl)c(Cl)c1Cl),CCN(CCCCCB(c1c(F)c(F)c(F)c(F)c1F)c1c(Cl)c(Cl)c(Cl)c(Cl)c1Cl)C1CCCCC1,True,0.40384615384615385
template_augmentation,intramolecular_N_B_alkyl,N,ethyl,cyclohexyl,pentafluorophenyl,pentachlorophenyl,C6,N(CC)(C1CCCCC1)CCCCCCB(c1c(F)c(F)c(F)c(F)c1F)(c1c(Cl)c(Cl)c(Cl)c(Cl)c1Cl),CCN(CCCCCCB(c1c(F)c(F)c(F)c(F)c1F)c1c(Cl)c(Cl)c(Cl)c(Cl)c1Cl)C1CCCCC1,True,0.40384615384615385
template_augmentation,intramolecular_N_B_alkyl,N,ethyl,cyclohexyl,pentafluorophenyl,bis_cf3_phenyl,C1,N(CC)(C1CCCCC1)CB(c1c(F)c(F)c(F)c(F)c1F)(c1cc(C(F)(F)F)cc(C(F)(F)F)c1),CCN(CB(c1cc(C(F)(F)F)cc(C(F)(F)F)c1)c1c(F)c(F)c(F)c(F)c1F)C1CCCCC1,True,0.36
template_augmentation,intramolecular_N_B_alkyl,N,ethyl,cyclohexyl,pentafluorophenyl,bis_cf3_phenyl,C2,N(CC)(C1CCCCC1)CCB(c1c(F)c(F)c(F)c(F)c1F)(c1cc(C(F)(F)F)cc(C(F)(F)F)c1),CCN(CCB(c1cc(C(F)(F)F)cc(C(F)(F)F)c1)c1c(F)c(F)c(F)c(F)c1F)C1CCCCC1,True,0.34615384615384615
template_augmentation,intramolecular_N_B_alkyl,N,ethyl,cyclohexyl,pentafluorophenyl,bis_cf3_phenyl,C3,N(CC)(C1CCCCC1)CCCB(c1c(F)c(F)c(F)c(F)c1F)(c1cc(C(F)(F)F)cc(C(F)(F)F)c1),CCN(CCCB(c1cc(C(F)(F)F)cc(C(F)(F)F)c1)c1c(F)c(F)c(F)c(F)c1F)C1CCCCC1,True,0.35714285714285715
template_augmentation,intramolecular_N_B_alkyl,N,ethyl,cyclohexyl,pentafluorophenyl,bis_cf3_phenyl,C4,N(CC)(C1CCCCC1)CCCCB(c1c(F)c(F)c(F)c(F)c1F)(c1cc(C(F)(F)F)cc(C(F)(F)F)c1),CCN(CCCCB(c1cc(C(F)(F)F)cc(C(F)(F)F)c1)c1c(F)c(F)c(F)c(F)c1F)C1CCCCC1,True,0.3508771929824561
template_augmentation,intramolecular_N_B_alkyl,N,ethyl,cyclohexyl,pentafluorophenyl,bis_cf3_phenyl,C5,N(CC)(C1CCCCC1)CCCCCB(c1c(F)c(F)c(F)c(F)c1F)(c1cc(C(F)(F)F)cc(C(F)(F)F)c1),CCN(CCCCCB(c1cc(C(F)(F)F)cc(C(F)(F)F)c1)c1c(F)c(F)c(F)c(F)c1F)C1CCCCC1,True,0.3448275862068966
template_augmentation,intramolecular_N_B_alkyl,N,ethyl,cyclohexyl,pentafluorophenyl,bis_cf3_phenyl,C6,N(CC)(C1CCCCC1)CCCCCCB(c1c(F)c(F)c(F)c(F)c1F)(c1cc(C(F)(F)F)cc(C(F)(F)F)c1),CCN(CCCCCCB(c1cc(C(F)(F)F)cc(C(F)(F)F)c1)c1c(F)c(F)c(F)c(F)c1F)C1CCCCC1,True,0.3448275862068966
template_augmentation,intramolecular_N_B_alkyl,N,ethyl,cyclohexyl,pentachlorophenyl,pentachlorophenyl,C1,N(CC)(C1CCCCC1)CB(c1c(Cl)c(Cl)c(Cl)c(Cl)c1Cl)(c1c(Cl)c(Cl)c(Cl)c(Cl)c1Cl),CCN(CB(c1c(Cl)c(Cl)c(Cl)c(Cl)c1Cl)c1c(Cl)c(Cl)c(Cl)c(Cl)c1Cl)C1CCCCC1,True,0.38636363636363635
template_augmentation,intramolecular_N_B_alkyl,N,ethyl,cyclohexyl,pentachlorophenyl,pentachlorophenyl,C2,N(CC)(C1CCCCC1)CCB(c1c(Cl)c(Cl)c(Cl)c(Cl)c1Cl)(c1c(Cl)c(Cl)c(Cl)c(Cl)c1Cl),CCN(CCB(c1c(Cl)c(Cl)c(Cl)c(Cl)c1Cl)c1c(Cl)c(Cl)c(Cl)c(Cl)c1Cl)C1CCCCC1,True,0.4318181818181818
template_augmentation,intramolecular_N_B_alkyl,N,ethyl,cyclohexyl,pentachlorophenyl,pentachlorophenyl,C3,N(CC)(C1CCCCC1)CCCB(c1c(Cl)c(Cl)c(Cl)c(Cl)c1Cl)(c1c(Cl)c(Cl)c(Cl)c(Cl)c1Cl),CCN(CCCB(c1c(Cl)c(Cl)c(Cl)c(Cl)c1Cl)c1c(Cl)c(Cl)c(Cl)c(Cl)c1Cl)C1CCCCC1,True,0.4772727272727273
template_augmentation,intramolecular_N_B_alkyl,N,ethyl,cyclohexyl,pentachlorophenyl,pentachlorophenyl,C4,N(CC)(C1CCCCC1)CCCCB(c1c(Cl)c(Cl)c(Cl)c(Cl)c1Cl)(c1c(Cl)c(Cl)c(Cl)c(Cl)c1Cl),CCN(CCCCB(c1c(Cl)c(Cl)c(Cl)c(Cl)c1Cl)c1c(Cl)c(Cl)c(Cl)c(Cl)c1Cl)C1CCCCC1,True,0.4666666666666667
template_augmentation,intramolecular_N_B_alkyl,N,ethyl,cyclohexyl,pentachlorophenyl,pentachlorophenyl,C5,N(CC)(C1CCCCC1)CCCCCB(c1c(Cl)c(Cl)c(Cl)c(Cl)c1Cl)(c1c(Cl)c(Cl)c(Cl)c(Cl)c1Cl),CCN(CCCCCB(c1c(Cl)c(Cl)c(Cl)c(Cl)c1Cl)c1c(Cl)c(Cl)c(Cl)c(Cl)c1Cl)C1CCCCC1,True,0.45652173913043476
template_augmentation,intramolecular_N_B_alkyl,N,ethyl,cyclohexyl,pentachlorophenyl,pentachlorophenyl,C6,N(CC)(C1CCCCC1)CCCCCCB(c1c(Cl)c(Cl)c(Cl)c(Cl)c1Cl)(c1c(Cl)c(Cl)c(Cl)c(Cl)c1Cl),CCN(CCCCCCB(c1c(Cl)c(Cl)c(Cl)c(Cl)c1Cl)c1c(Cl)c(Cl)c(Cl)c(Cl)c1Cl)C1CCCCC1,True,0.45652173913043476
template_augmentation,intramolecular_N_B_alkyl,N,ethyl,cyclohexyl,pentachlorophenyl,bis_cf3_phenyl,C1,N(CC)(C1CCCCC1)CB(c1c(Cl)c(Cl)c(Cl)c(Cl)c1Cl)(c1cc(C(F)(F)F)cc(C(F)(F)F)c1),CCN(CB(c1cc(C(F)(F)F)cc(C(F)(F)F)c1)c1c(Cl)c(Cl)c(Cl)c(Cl)c1Cl)C1CCCCC1,True,0.35294117647058826
template_augmentation,intramolecular_N_B_alkyl,N,ethyl,cyclohexyl,pentachlorophenyl,bis_cf3_phenyl,C2,N(CC)(C1CCCCC1)CCB(c1c(Cl)c(Cl)c(Cl)c(Cl)c1Cl)(c1cc(C(F)(F)F)cc(C(F)(F)F)c1),CCN(CCB(c1cc(C(F)(F)F)cc(C(F)(F)F)c1)c1c(Cl)c(Cl)c(Cl)c(Cl)c1Cl)C1CCCCC1,True,0.33962264150943394
template_augmentation,intramolecular_N_B_alkyl,N,ethyl,cyclohexyl,pentachlorophenyl,bis_cf3_phenyl,C3,N(CC)(C1CCCCC1)CCCB(c1c(Cl)c(Cl)c(Cl)c(Cl)c1Cl)(c1cc(C(F)(F)F)cc(C(F)(F)F)c1),CCN(CCCB(c1cc(C(F)(F)F)cc(C(F)(F)F)c1)c1c(Cl)c(Cl)c(Cl)c(Cl)c1Cl)C1CCCCC1,True,0.3508771929824561
template_augmentation,intramolecular_N_B_alkyl,N,ethyl,cyclohexyl,pentachlorophenyl,bis_cf3_phenyl,C4,N(CC)(C1CCCCC1)CCCCB(c1c(Cl)c(Cl)c(Cl)c(Cl)c1Cl)(c1cc(C(F)(F)F)cc(C(F)(F)F)c1),CCN(CCCCB(c1cc(C(F)(F)F)cc(C(F)(F)F)c1)c1c(Cl)c(Cl)c(Cl)c(Cl)c1Cl)C1CCCCC1,True,0.3448275862068966
template_augmentation,intramolecular_N_B_alkyl,N,ethyl,cyclohexyl,pentachlorophenyl,bis_cf3_phenyl,C5,N(CC)(C1CCCCC1)CCCCCB(c1c(Cl)c(Cl)c(Cl)c(Cl)c1Cl)(c1cc(C(F)(F)F)cc(C(F)(F)F)c1),CCN(CCCCCB(c1cc(C(F)(F)F)cc(C(F)(F)F)c1)c1c(Cl)c(Cl)c(Cl)c(Cl)c1Cl)C1CCCCC1,True,0.3389830508474576
template_augmentation,intramolecular_N_B_alkyl,N,ethyl,cyclohexyl,pentachlorophenyl,bis_cf3_phenyl,C6,N(CC)(C1CCCCC1)CCCCCCB(c1c(Cl)c(Cl)c(Cl)c(Cl)c1Cl)(c1cc(C(F)(F)F)cc(C(F)(F)F)c1),CCN(CCCCCCB(c1cc(C(F)(F)F)cc(C(F)(F)F)c1)c1c(Cl)c(Cl)c(Cl)c(Cl)c1Cl)C1CCCCC1,True,0.3389830508474576
template_augmentation,intramolecular_N_B_alkyl,N,ethyl,cyclohexyl,bis_cf3_phenyl,bis_cf3_phenyl,C1,N(CC)(C1CCCCC1)CB(c1cc(C(F)(F)F)cc(C(F)(F)F)c1)(c1cc(C(F)(F)F)cc(C(F)(F)F)c1),CCN(CB(c1cc(C(F)(F)F)cc(C(F)(F)F)c1)c1cc(C(F)(F)F)cc(C(F)(F)F)c1)C1CCCCC1,True,0.4090909090909091
template_augmentation,intramolecular_N_B_alkyl,N,ethyl,cyclohexyl,bis_cf3_phenyl,bis_cf3_phenyl,C2,N(CC)(C1CCCCC1)CCB(c1cc(C(F)(F)F)cc(C(F)(F)F)c1)(c1cc(C(F)(F)F)cc(C(F)(F)F)c1),CCN(CCB(c1cc(C(F)(F)F)cc(C(F)(F)F)c1)c1cc(C(F)(F)F)cc(C(F)(F)F)c1)C1CCCCC1,True,0.391304347826087
template_augmentation,intramolecular_N_B_alkyl,N,ethyl,cyclohexyl,bis_cf3_phenyl,bis_cf3_phenyl,C3,N(CC)(C1CCCCC1)CCCB(c1cc(C(F)(F)F)cc(C(F)(F)F)c1)(c1cc(C(F)(F)F)cc(C(F)(F)F)c1),CCN(CCCB(c1cc(C(F)(F)F)cc(C(F)(F)F)c1)c1cc(C(F)(F)F)cc(C(F)(F)F)c1)C1CCCCC1,True,0.375
template_augmentation,intramolecular_N_B_alkyl,N,ethyl,cyclohexyl,bis_cf3_phenyl,bis_cf3_phenyl,C4,N(CC)(C1CCCCC1)CCCCB(c1cc(C(F)(F)F)cc(C(F)(F)F)c1)(c1cc(C(F)(F)F)cc(C(F)(F)F)c1),CCN(CCCCB(c1cc(C(F)(F)F)cc(C(F)(F)F)c1)c1cc(C(F)(F)F)cc(C(F)(F)F)c1)C1CCCCC1,True,0.3673469387755102
template_augmentation,intramolecular_N_B_alkyl,N,ethyl,cyclohexyl,bis_cf3_phenyl,bis_cf3_phenyl,C5,N(CC)(C1CCCCC1)CCCCCB(c1cc(C(F)(F)F)cc(C(F)(F)F)c1)(c1cc(C(F)(F)F)cc(C(F)(F)F)c1),CCN(CCCCCB(c1cc(C(F)(F)F)cc(C(F)(F)F)c1)c1cc(C(F)(F)F)cc(C(F)(F)F)c1)C1CCCCC1,True,0.36
template_augmentation,intramolecular_N_B_alkyl,N,ethyl,cyclohexyl,bis_cf3_phenyl,bis_cf3_phenyl,C6,N(CC)(C1CCCCC1)CCCCCCB(c1cc(C(F)(F)F)cc(C(F)(F)F)c1)(c1cc(C(F)(F)F)cc(C(F)(F)F)c1),CCN(CCCCCCB(c1cc(C(F)(F)F)cc(C(F)(F)F)c1)c1cc(C(F)(F)F)cc(C(F)(F)F)c1)C1CCCCC1,True,0.36
template_augmentation,intramolecular_N_B_alkyl,N,ethyl,phenyl,phenyl,phenyl,C1,N(CC)(c1ccccc1)CB(c1ccccc1)(c1ccccc1),CCN(CB(c1ccccc1)c1ccccc1)c1ccccc1,True,0.3611111111111111
template_augmentation,intramolecular_N_B_alkyl,N,ethyl,phenyl,phenyl,phenyl,C2,N(CC)(c1ccccc1)CCB(c1ccccc1)(c1ccccc1),CCN(CCB(c1ccccc1)c1ccccc1)c1ccccc1,True,0.34210526315789475
template_augmentation,intramolecular_N_B_alkyl,N,ethyl,phenyl,phenyl,phenyl,C3,N(CC)(c1ccccc1)CCCB(c1ccccc1)(c1ccccc1),CCN(CCCB(c1ccccc1)c1ccccc1)c1ccccc1,True,0.325
template_augmentation,intramolecular_N_B_alkyl,N,ethyl,phenyl,phenyl,phenyl,C4,N(CC)(c1ccccc1)CCCCB(c1ccccc1)(c1ccccc1),CCN(CCCCB(c1ccccc1)c1ccccc1)c1ccccc1,True,0.3170731707317073
template_augmentation,intramolecular_N_B_alkyl,N,ethyl,phenyl,phenyl,phenyl,C5,N(CC)(c1ccccc1)CCCCCB(c1ccccc1)(c1ccccc1),CCN(CCCCCB(c1ccccc1)c1ccccc1)c1ccccc1,True,0.30952380952380953
template_augmentation,intramolecular_N_B_alkyl,N,ethyl,phenyl,phenyl,phenyl,C6,N(CC)(c1ccccc1)CCCCCCB(c1ccccc1)(c1ccccc1),CCN(CCCCCCB(c1ccccc1)c1ccccc1)c1ccccc1,True,0.30952380952380953
template_augmentation,intramolecular_N_B_alkyl,N,ethyl,phenyl,phenyl,p_tolyl,C1,N(CC)(c1ccccc1)CB(c1ccccc1)(c1ccc(C)cc1),CCN(CB(c1ccccc1)c1ccc(C)cc1)c1ccccc1,True,0.3170731707317073
template_augmentation,intramolecular_N_B_alkyl,N,ethyl,phenyl,phenyl,p_tolyl,C2,N(CC)(c1ccccc1)CCB(c1ccccc1)(c1ccc(C)cc1),CCN(CCB(c1ccccc1)c1ccc(C)cc1)c1ccccc1,True,0.3023255813953488
template_augmentation,intramolecular_N_B_alkyl,N,ethyl,phenyl,phenyl,p_tolyl,C3,N(CC)(c1ccccc1)CCCB(c1ccccc1)(c1ccc(C)cc1),CCN(CCCB(c1ccccc1)c1ccc(C)cc1)c1ccccc1,True,0.28888888888888886
template_augmentation,intramolecular_N_B_alkyl,N,ethyl,phenyl,phenyl,p_tolyl,C4,N(CC)(c1ccccc1)CCCCB(c1ccccc1)(c1ccc(C)cc1),CCN(CCCCB(c1ccccc1)c1ccc(C)cc1)c1ccccc1,True,0.2826086956521739
template_augmentation,intramolecular_N_B_alkyl,N,ethyl,phenyl,phenyl,p_tolyl,C5,N(CC)(c1ccccc1)CCCCCB(c1ccccc1)(c1ccc(C)cc1),CCN(CCCCCB(c1ccccc1)c1ccc(C)cc1)c1ccccc1,True,0.2765957446808511
template_augmentation,intramolecular_N_B_alkyl,N,ethyl,phenyl,phenyl,p_tolyl,C6,N(CC)(c1ccccc1)CCCCCCB(c1ccccc1)(c1ccc(C)cc1),CCN(CCCCCCB(c1ccccc1)c1ccc(C)cc1)c1ccccc1,True,0.2765957446808511
template_augmentation,intramolecular_N_B_alkyl,N,ethyl,phenyl,phenyl,mesityl,C1,N(CC)(c1ccccc1)CB(c1ccccc1)(c1c(C)cc(C)cc1C),CCN(CB(c1ccccc1)c1c(C)cc(C)cc1C)c1ccccc1,True,0.37037037037037035
template_augmentation,intramolecular_N_B_alkyl,N,ethyl,phenyl,phenyl,mesityl,C2,N(CC)(c1ccccc1)CCB(c1ccccc1)(c1c(C)cc(C)cc1C),CCN(CCB(c1ccccc1)c1c(C)cc(C)cc1C)c1ccccc1,True,0.32653061224489793
template_augmentation,intramolecular_N_B_alkyl,N,ethyl,phenyl,phenyl,mesityl,C3,N(CC)(c1ccccc1)CCCB(c1ccccc1)(c1c(C)cc(C)cc1C),CCN(CCCB(c1ccccc1)c1c(C)cc(C)cc1C)c1ccccc1,True,0.33962264150943394
template_augmentation,intramolecular_N_B_alkyl,N,ethyl,phenyl,phenyl,mesityl,C4,N(CC)(c1ccccc1)CCCCB(c1ccccc1)(c1c(C)cc(C)cc1C),CCN(CCCCB(c1ccccc1)c1c(C)cc(C)cc1C)c1ccccc1,True,0.3584905660377358
template_augmentation,intramolecular_N_B_alkyl,N,ethyl,phenyl,phenyl,mesityl,C5,N(CC)(c1ccccc1)CCCCCB(c1ccccc1)(c1c(C)cc(C)cc1C),CCN(CCCCCB(c1ccccc1)c1c(C)cc(C)cc1C)c1ccccc1,True,0.35185185185185186
template_augmentation,intramolecular_N_B_alkyl,N,ethyl,phenyl,phenyl,mesityl,C6,N(CC)(c1ccccc1)CCCCCCB(c1ccccc1)(c1c(C)cc(C)cc1C),CCN(CCCCCCB(c1ccccc1)c1c(C)cc(C)cc1C)c1ccccc1,True,0.35185185185185186
template_augmentation,intramolecular_N_B_alkyl,N,ethyl,phenyl,phenyl,pentafluorophenyl,C1,N(CC)(c1ccccc1)CB(c1ccccc1)(c1c(F)c(F)c(F)c(F)c1F),CCN(CB(c1ccccc1)c1c(F)c(F)c(F)c(F)c1F)c1ccccc1,True,0.45454545454545453
template_augmentation,intramolecular_N_B_alkyl,N,ethyl,phenyl,phenyl,pentafluorophenyl,C2,N(CC)(c1ccccc1)CCB(c1ccccc1)(c1c(F)c(F)c(F)c(F)c1F),CCN(CCB(c1ccccc1)c1c(F)c(F)c(F)c(F)c1F)c1ccccc1,True,0.43478260869565216
template_augmentation,intramolecular_N_B_alkyl,N,ethyl,phenyl,phenyl,pentafluorophenyl,C3,N(CC)(c1ccccc1)CCCB(c1ccccc1)(c1c(F)c(F)c(F)c(F)c1F),CCN(CCCB(c1ccccc1)c1c(F)c(F)c(F)c(F)c1F)c1ccccc1,True,0.4166666666666667
template_augmentation,intramolecular_N_B_alkyl,N,ethyl,phenyl,phenyl,pentafluorophenyl,C4,N(CC)(c1ccccc1)CCCCB(c1ccccc1)(c1c(F)c(F)c(F)c(F)c1F),CCN(CCCCB(c1ccccc1)c1c(F)c(F)c(F)c(F)c1F)c1ccccc1,True,0.425531914893617
template_augmentation,intramolecular_N_B_alkyl,N,ethyl,phenyl,phenyl,pentafluorophenyl,C5,N(CC)(c1ccccc1)CCCCCB(c1ccccc1)(c1c(F)c(F)c(F)c(F)c1F),CCN(CCCCCB(c1ccccc1)c1c(F)c(F)c(F)c(F)c1F)c1ccccc1,True,0.4166666666666667
template_augmentation,intramolecular_N_B_alkyl,N,ethyl,phenyl,phenyl,pentafluorophenyl,C6,N(CC)(c1ccccc1)CCCCCCB(c1ccccc1)(c1c(F)c(F)c(F)c(F)c1F),CCN(CCCCCCB(c1ccccc1)c1c(F)c(F)c(F)c(F)c1F)c1ccccc1,True,0.4166666666666667
template_augmentation,intramolecular_N_B_alkyl,N,ethyl,phenyl,phenyl,pentachlorophenyl,C1,N(CC)(c1ccccc1)CB(c1ccccc1)(c1c(Cl)c(Cl)c(Cl)c(Cl)c1Cl),CCN(CB(c1ccccc1)c1c(Cl)c(Cl)c(Cl)c(Cl)c1Cl)c1ccccc1,True,0.4418604651162791
template_augmentation,intramolecular_N_B_alkyl,N,ethyl,phenyl,phenyl,pentachlorophenyl,C2,N(CC)(c1ccccc1)CCB(c1ccccc1)(c1c(Cl)c(Cl)c(Cl)c(Cl)c1Cl),CCN(CCB(c1ccccc1)c1c(Cl)c(Cl)c(Cl)c(Cl)c1Cl)c1ccccc1,True,0.4222222222222222
template_augmentation,intramolecular_N_B_alkyl,N,ethyl,phenyl,phenyl,pentachlorophenyl,C3,N(CC)(c1ccccc1)CCCB(c1ccccc1)(c1c(Cl)c(Cl)c(Cl)c(Cl)c1Cl),CCN(CCCB(c1ccccc1)c1c(Cl)c(Cl)c(Cl)c(Cl)c1Cl)c1ccccc1,True,0.40425531914893614
template_augmentation,intramolecular_N_B_alkyl,N,ethyl,phenyl,phenyl,pentachlorophenyl,C4,N(CC)(c1ccccc1)CCCCB(c1ccccc1)(c1c(Cl)c(Cl)c(Cl)c(Cl)c1Cl),CCN(CCCCB(c1ccccc1)c1c(Cl)c(Cl)c(Cl)c(Cl)c1Cl)c1ccccc1,True,0.41304347826086957
template_augmentation,intramolecular_N_B_alkyl,N,ethyl,phenyl,phenyl,pentachlorophenyl,C5,N(CC)(c1ccccc1)CCCCCB(c1ccccc1)(c1c(Cl)c(Cl)c(Cl)c(Cl)c1Cl),CCN(CCCCCB(c1ccccc1)c1c(Cl)c(Cl)c(Cl)c(Cl)c1Cl)c1ccccc1,True,0.40425531914893614
template_augmentation,intramolecular_N_B_alkyl,N,ethyl,phenyl,phenyl,pentachlorophenyl,C6,N(CC)(c1ccccc1)CCCCCCB(c1ccccc1)(c1c(Cl)c(Cl)c(Cl)c(Cl)c1Cl),CCN(CCCCCCB(c1ccccc1)c1c(Cl)c(Cl)c(Cl)c(Cl)c1Cl)c1ccccc1,True,0.40425531914893614
template_augmentation,intramolecular_N_B_alkyl,N,ethyl,phenyl,phenyl,bis_cf3_phenyl,C1,N(CC)(c1ccccc1)CB(c1ccccc1)(c1cc(C(F)(F)F)cc(C(F)(F)F)c1),CCN(CB(c1ccccc1)c1cc(C(F)(F)F)cc(C(F)(F)F)c1)c1ccccc1,True,0.4
template_augmentation,intramolecular_N_B_alkyl,N,ethyl,phenyl,phenyl,bis_cf3_phenyl,C2,N(CC)(c1ccccc1)CCB(c1ccccc1)(c1cc(C(F)(F)F)cc(C(F)(F)F)c1),CCN(CCB(c1ccccc1)c1cc(C(F)(F)F)cc(C(F)(F)F)c1)c1ccccc1,True,0.3829787234042553
template_augmentation,intramolecular_N_B_alkyl,N,ethyl,phenyl,phenyl,bis_cf3_phenyl,C3,N(CC)(c1ccccc1)CCCB(c1ccccc1)(c1cc(C(F)(F)F)cc(C(F)(F)F)c1),CCN(CCCB(c1ccccc1)c1cc(C(F)(F)F)cc(C(F)(F)F)c1)c1ccccc1,True,0.3673469387755102
template_augmentation,intramolecular_N_B_alkyl,N,ethyl,phenyl,phenyl,bis_cf3_phenyl,C4,N(CC)(c1ccccc1)CCCCB(c1ccccc1)(c1cc(C(F)(F)F)cc(C(F)(F)F)c1),CCN(CCCCB(c1ccccc1)c1cc(C(F)(F)F)cc(C(F)(F)F)c1)c1ccccc1,True,0.36
template_augmentation,intramolecular_N_B_alkyl,N,ethyl,phenyl,phenyl,bis_cf3_phenyl,C5,N(CC)(c1ccccc1)CCCCCB(c1ccccc1)(c1cc(C(F)(F)F)cc(C(F)(F)F)c1),CCN(CCCCCB(c1ccccc1)c1cc(C(F)(F)F)cc(C(F)(F)F)c1)c1ccccc1,True,0.35294117647058826
template_augmentation,intramolecular_N_B_alkyl,N,ethyl,phenyl,phenyl,bis_cf3_phenyl,C6,N(CC)(c1ccccc1)CCCCCCB(c1ccccc1)(c1cc(C(F)(F)F)cc(C(F)(F)F)c1),CCN(CCCCCCB(c1ccccc1)c1cc(C(F)(F)F)cc(C(F)(F)F)c1)c1ccccc1,True,0.35294117647058826
template_augmentation,intramolecular_N_B_alkyl,N,ethyl,phenyl,p_tolyl,p_tolyl,C1,N(CC)(c1ccccc1)CB(c1ccc(C)cc1)(c1ccc(C)cc1),CCN(CB(c1ccc(C)cc1)c1ccc(C)cc1)c1ccccc1,True,0.2926829268292683
template_augmentation,intramolecular_N_B_alkyl,N,ethyl,phenyl,p_tolyl,p_tolyl,C2,N(CC)(c1ccccc1)CCB(c1ccc(C)cc1)(c1ccc(C)cc1),CCN(CCB(c1ccc(C)cc1)c1ccc(C)cc1)c1ccccc1,True,0.27906976744186046
template_augmentation,intramolecular_N_B_alkyl,N,ethyl,phenyl,p_tolyl,p_tolyl,C3,N(CC)(c1ccccc1)CCCB(c1ccc(C)cc1)(c1ccc(C)cc1),CCN(CCCB(c1ccc(C)cc1)c1ccc(C)cc1)c1ccccc1,True,0.26666666666666666
template_augmentation,intramolecular_N_B_alkyl,N,ethyl,phenyl,p_tolyl,p_tolyl,C4,N(CC)(c1ccccc1)CCCCB(c1ccc(C)cc1)(c1ccc(C)cc1),CCN(CCCCB(c1ccc(C)cc1)c1ccc(C)cc1)c1ccccc1,True,0.26785714285714285
template_augmentation,intramolecular_N_B_alkyl,N,ethyl,phenyl,p_tolyl,p_tolyl,C5,N(CC)(c1ccccc1)CCCCCB(c1ccc(C)cc1)(c1ccc(C)cc1),CCN(CCCCCB(c1ccc(C)cc1)c1ccc(C)cc1)c1ccccc1,True,0.2631578947368421
template_augmentation,intramolecular_N_B_alkyl,N,ethyl,phenyl,p_tolyl,p_tolyl,C6,N(CC)(c1ccccc1)CCCCCCB(c1ccc(C)cc1)(c1ccc(C)cc1),CCN(CCCCCCB(c1ccc(C)cc1)c1ccc(C)cc1)c1ccccc1,True,0.2631578947368421
template_augmentation,intramolecular_N_B_alkyl,N,ethyl,phenyl,p_tolyl,mesityl,C1,N(CC)(c1ccccc1)CB(c1ccc(C)cc1)(c1c(C)cc(C)cc1C),CCN(CB(c1ccc(C)cc1)c1c(C)cc(C)cc1C)c1ccccc1,True,0.35714285714285715
template_augmentation,intramolecular_N_B_alkyl,N,ethyl,phenyl,p_tolyl,mesityl,C2,N(CC)(c1ccccc1)CCB(c1ccc(C)cc1)(c1c(C)cc(C)cc1C),CCN(CCB(c1ccc(C)cc1)c1c(C)cc(C)cc1C)c1ccccc1,True,0.3137254901960784
template_augmentation,intramolecular_N_B_alkyl,N,ethyl,phenyl,p_tolyl,mesityl,C3,N(CC)(c1ccccc1)CCCB(c1ccc(C)cc1)(c1c(C)cc(C)cc1C),CCN(CCCB(c1ccc(C)cc1)c1c(C)cc(C)cc1C)c1ccccc1,True,0.32727272727272727
template_augmentation,intramolecular_N_B_alkyl,N,ethyl,phenyl,p_tolyl,mesityl,C4,N(CC)(c1ccccc1)CCCCB(c1ccc(C)cc1)(c1c(C)cc(C)cc1C),CCN(CCCCB(c1ccc(C)cc1)c1c(C)cc(C)cc1C)c1ccccc1,True,0.34545454545454546
template_augmentation,intramolecular_N_B_alkyl,N,ethyl,phenyl,p_tolyl,mesityl,C5,N(CC)(c1ccccc1)CCCCCB(c1ccc(C)cc1)(c1c(C)cc(C)cc1C),CCN(CCCCCB(c1ccc(C)cc1)c1c(C)cc(C)cc1C)c1ccccc1,True,0.3392857142857143
template_augmentation,intramolecular_N_B_alkyl,N,ethyl,phenyl,p_tolyl,mesityl,C6,N(CC)(c1ccccc1)CCCCCCB(c1ccc(C)cc1)(c1c(C)cc(C)cc1C),CCN(CCCCCCB(c1ccc(C)cc1)c1c(C)cc(C)cc1C)c1ccccc1,True,0.3392857142857143
template_augmentation,intramolecular_N_B_alkyl,N,ethyl,phenyl,p_tolyl,pentafluorophenyl,C1,N(CC)(c1ccccc1)CB(c1ccc(C)cc1)(c1c(F)c(F)c(F)c(F)c1F),CCN(CB(c1ccc(C)cc1)c1c(F)c(F)c(F)c(F)c1F)c1ccccc1,True,0.4166666666666667
template_augmentation,intramolecular_N_B_alkyl,N,ethyl,phenyl,p_tolyl,pentafluorophenyl,C2,N(CC)(c1ccccc1)CCB(c1ccc(C)cc1)(c1c(F)c(F)c(F)c(F)c1F),CCN(CCB(c1ccc(C)cc1)c1c(F)c(F)c(F)c(F)c1F)c1ccccc1,True,0.4
template_augmentation,intramolecular_N_B_alkyl,N,ethyl,phenyl,p_tolyl,pentafluorophenyl,C3,N(CC)(c1ccccc1)CCCB(c1ccc(C)cc1)(c1c(F)c(F)c(F)c(F)c1F),CCN(CCCB(c1ccc(C)cc1)c1c(F)c(F)c(F)c(F)c1F)c1ccccc1,True,0.38461538461538464
template_augmentation,intramolecular_N_B_alkyl,N,ethyl,phenyl,p_tolyl,pentafluorophenyl,C4,N(CC)(c1ccccc1)CCCCB(c1ccc(C)cc1)(c1c(F)c(F)c(F)c(F)c1F),CCN(CCCCB(c1ccc(C)cc1)c1c(F)c(F)c(F)c(F)c1F)c1ccccc1,True,0.39215686274509803
template_augmentation,intramolecular_N_B_alkyl,N,ethyl,phenyl,p_tolyl,pentafluorophenyl,C5,N(CC)(c1ccccc1)CCCCCB(c1ccc(C)cc1)(c1c(F)c(F)c(F)c(F)c1F),CCN(CCCCCB(c1ccc(C)cc1)c1c(F)c(F)c(F)c(F)c1F)c1ccccc1,True,0.38461538461538464
template_augmentation,intramolecular_N_B_alkyl,N,ethyl,phenyl,p_tolyl,pentafluorophenyl,C6,N(CC)(c1ccccc1)CCCCCCB(c1ccc(C)cc1)(c1c(F)c(F)c(F)c(F)c1F),CCN(CCCCCCB(c1ccc(C)cc1)c1c(F)c(F)c(F)c(F)c1F)c1ccccc1,True,0.38461538461538464
template_augmentation,intramolecular_N_B_alkyl,N,ethyl,phenyl,p_tolyl,pentachlorophenyl,C1,N(CC)(c1ccccc1)CB(c1ccc(C)cc1)(c1c(Cl)c(Cl)c(Cl)c(Cl)c1Cl),CCN(CB(c1ccc(C)cc1)c1c(Cl)c(Cl)c(Cl)c(Cl)c1Cl)c1ccccc1,True,0.40425531914893614
template_augmentation,intramolecular_N_B_alkyl,N,ethyl,phenyl,p_tolyl,pentachlorophenyl,C2,N(CC)(c1ccccc1)CCB(c1ccc(C)cc1)(c1c(Cl)c(Cl)c(Cl)c(Cl)c1Cl),CCN(CCB(c1ccc(C)cc1)c1c(Cl)c(Cl)c(Cl)c(Cl)c1Cl)c1ccccc1,True,0.3877551020408163
template_augmentation,intramolecular_N_B_alkyl,N,ethyl,phenyl,p_tolyl,pentachlorophenyl,C3,N(CC)(c1ccccc1)CCCB(c1ccc(C)cc1)(c1c(Cl)c(Cl)c(Cl)c(Cl)c1Cl),CCN(CCCB(c1ccc(C)cc1)c1c(Cl)c(Cl)c(Cl)c(Cl)c1Cl)c1ccccc1,True,0.37254901960784315
template_augmentation,intramolecular_N_B_alkyl,N,ethyl,phenyl,p_tolyl,pentachlorophenyl,C4,N(CC)(c1ccccc1)CCCCB(c1ccc(C)cc1)(c1c(Cl)c(Cl)c(Cl)c(Cl)c1Cl),CCN(CCCCB(c1ccc(C)cc1)c1c(Cl)c(Cl)c(Cl)c(Cl)c1Cl)c1ccccc1,True,0.38
template_augmentation,intramolecular_N_B_alkyl,N,ethyl,phenyl,p_tolyl,pentachlorophenyl,C5,N(CC)(c1ccccc1)CCCCCB(c1ccc(C)cc1)(c1c(Cl)c(Cl)c(Cl)c(Cl)c1Cl),CCN(CCCCCB(c1ccc(C)cc1)c1c(Cl)c(Cl)c(Cl)c(Cl)c1Cl)c1ccccc1,True,0.37254901960784315
template_augmentation,intramolecular_N_B_alkyl,N,ethyl,phenyl,p_tolyl,pentachlorophenyl,C6,N(CC)(c1ccccc1)CCCCCCB(c1ccc(C)cc1)(c1c(Cl)c(Cl)c(Cl)c(Cl)c1Cl),CCN(CCCCCCB(c1ccc(C)cc1)c1c(Cl)c(Cl)c(Cl)c(Cl)c1Cl)c1ccccc1,True,0.37254901960784315
template_augmentation,intramolecular_N_B_alkyl,N,ethyl,phenyl,p_tolyl,bis_cf3_phenyl,C1,N(CC)(c1ccccc1)CB(c1ccc(C)cc1)(c1cc(C(F)(F)F)cc(C(F)(F)F)c1),CCN(CB(c1ccc(C)cc1)c1cc(C(F)(F)F)cc(C(F)(F)F)c1)c1ccccc1,True,0.3673469387755102
template_augmentation,intramolecular_N_B_alkyl,N,ethyl,phenyl,p_tolyl,bis_cf3_phenyl,C2,N(CC)(c1ccccc1)CCB(c1ccc(C)cc1)(c1cc(C(F)(F)F)cc(C(F)(F)F)c1),CCN(CCB(c1ccc(C)cc1)c1cc(C(F)(F)F)cc(C(F)(F)F)c1)c1ccccc1,True,0.35294117647058826
template_augmentation,intramolecular_N_B_alkyl,N,ethyl,phenyl,p_tolyl,bis_cf3_phenyl,C3,N(CC)(c1ccccc1)CCCB(c1ccc(C)cc1)(c1cc(C(F)(F)F)cc(C(F)(F)F)c1),CCN(CCCB(c1ccc(C)cc1)c1cc(C(F)(F)F)cc(C(F)(F)F)c1)c1ccccc1,True,0.33962264150943394
template_augmentation,intramolecular_N_B_alkyl,N,ethyl,phenyl,p_tolyl,bis_cf3_phenyl,C4,N(CC)(c1ccccc1)CCCCB(c1ccc(C)cc1)(c1cc(C(F)(F)F)cc(C(F)(F)F)c1),CCN(CCCCB(c1ccc(C)cc1)c1cc(C(F)(F)F)cc(C(F)(F)F)c1)c1ccccc1,True,0.3333333333333333
template_augmentation,intramolecular_N_B_alkyl,N,ethyl,phenyl,p_tolyl,bis_cf3_phenyl,C5,N(CC)(c1ccccc1)CCCCCB(c1ccc(C)cc1)(c1cc(C(F)(F)F)cc(C(F)(F)F)c1),CCN(CCCCCB(c1ccc(C)cc1)c1cc(C(F)(F)F)cc(C(F)(F)F)c1)c1ccccc1,True,0.32727272727272727
template_augmentation,intramolecular_N_B_alkyl,N,ethyl,phenyl,p_tolyl,bis_cf3_phenyl,C6,N(CC)(c1ccccc1)CCCCCCB(c1ccc(C)cc1)(c1cc(C(F)(F)F)cc(C(F)(F)F)c1),CCN(CCCCCCB(c1ccc(C)cc1)c1cc(C(F)(F)F)cc(C(F)(F)F)c1)c1ccccc1,True,0.32727272727272727
template_augmentation,intramolecular_N_B_alkyl,N,ethyl,phenyl,mesityl,mesityl,C1,N(CC)(c1ccccc1)CB(c1c(C)cc(C)cc1C)(c1c(C)cc(C)cc1C),CCN(CB(c1c(C)cc(C)cc1C)c1c(C)cc(C)cc1C)c1ccccc1,True,0.3829787234042553
template_augmentation,intramolecular_N_B_alkyl,N,ethyl,phenyl,mesityl,mesityl,C2,N(CC)(c1ccccc1)CCB(c1c(C)cc(C)cc1C)(c1c(C)cc(C)cc1C),CCN(CCB(c1c(C)cc(C)cc1C)c1c(C)cc(C)cc1C)c1ccccc1,True,0.34782608695652173
template_augmentation,intramolecular_N_B_alkyl,N,ethyl,phenyl,mesityl,mesityl,C3,N(CC)(c1ccccc1)CCCB(c1c(C)cc(C)cc1C)(c1c(C)cc(C)cc1C),CCN(CCCB(c1c(C)cc(C)cc1C)c1c(C)cc(C)cc1C)c1ccccc1,True,0.36
template_augmentation,intramolecular_N_B_alkyl,N,ethyl,phenyl,mesityl,mesityl,C4,N(CC)(c1ccccc1)CCCCB(c1c(C)cc(C)cc1C)(c1c(C)cc(C)cc1C),CCN(CCCCB(c1c(C)cc(C)cc1C)c1c(C)cc(C)cc1C)c1ccccc1,True,0.38
template_augmentation,intramolecular_N_B_alkyl,N,ethyl,phenyl,mesityl,mesityl,C5,N(CC)(c1ccccc1)CCCCCB(c1c(C)cc(C)cc1C)(c1c(C)cc(C)cc1C),CCN(CCCCCB(c1c(C)cc(C)cc1C)c1c(C)cc(C)cc1C)c1ccccc1,True,0.37254901960784315
template_augmentation,intramolecular_N_B_alkyl,N,ethyl,phenyl,mesityl,mesityl,C6,N(CC)(c1ccccc1)CCCCCCB(c1c(C)cc(C)cc1C)(c1c(C)cc(C)cc1C),CCN(CCCCCCB(c1c(C)cc(C)cc1C)c1c(C)cc(C)cc1C)c1ccccc1,True,0.37254901960784315
template_augmentation,intramolecular_N_B_alkyl,N,ethyl,phenyl,mesityl,pentafluorophenyl,C1,N(CC)(c1ccccc1)CB(c1c(C)cc(C)cc1C)(c1c(F)c(F)c(F)c(F)c1F),CCN(CB(c1c(C)cc(C)cc1C)c1c(F)c(F)c(F)c(F)c1F)c1ccccc1,True,0.4791666666666667
template_augmentation,intramolecular_N_B_alkyl,N,ethyl,phenyl,mesityl,pentafluorophenyl,C2,N(CC)(c1ccccc1)CCB(c1c(C)cc(C)cc1C)(c1c(F)c(F)c(F)c(F)c1F),CCN(CCB(c1c(C)cc(C)cc1C)c1c(F)c(F)c(F)c(F)c1F)c1ccccc1,True,0.4375
template_augmentation,intramolecular_N_B_alkyl,N,ethyl,phenyl,mesityl,pentafluorophenyl,C3,N(CC)(c1ccccc1)CCCB(c1c(C)cc(C)cc1C)(c1c(F)c(F)c(F)c(F)c1F),CCN(CCCB(c1c(C)cc(C)cc1C)c1c(F)c(F)c(F)c(F)c1F)c1ccccc1,True,0.45098039215686275
template_augmentation,intramolecular_N_B_alkyl,N,ethyl,phenyl,mesityl,pentafluorophenyl,C4,N(CC)(c1ccccc1)CCCCB(c1c(C)cc(C)cc1C)(c1c(F)c(F)c(F)c(F)c1F),CCN(CCCCB(c1c(C)cc(C)cc1C)c1c(F)c(F)c(F)c(F)c1F)c1ccccc1,True,0.47058823529411764
template_augmentation,intramolecular_N_B_alkyl,N,ethyl,phenyl,mesityl,pentafluorophenyl,C5,N(CC)(c1ccccc1)CCCCCB(c1c(C)cc(C)cc1C)(c1c(F)c(F)c(F)c(F)c1F),CCN(CCCCCB(c1c(C)cc(C)cc1C)c1c(F)c(F)c(F)c(F)c1F)c1ccccc1,True,0.46153846153846156
template_augmentation,intramolecular_N_B_alkyl,N,ethyl,phenyl,mesityl,pentafluorophenyl,C6,N(CC)(c1ccccc1)CCCCCCB(c1c(C)cc(C)cc1C)(c1c(F)c(F)c(F)c(F)c1F),CCN(CCCCCCB(c1c(C)cc(C)cc1C)c1c(F)c(F)c(F)c(F)c1F)c1ccccc1,True,0.46153846153846156
template_augmentation,intramolecular_N_B_alkyl,N,ethyl,phenyl,mesityl,pentachlorophenyl,C1,N(CC)(c1ccccc1)CB(c1c(C)cc(C)cc1C)(c1c(Cl)c(Cl)c(Cl)c(Cl)c1Cl),CCN(CB(c1c(C)cc(C)cc1C)c1c(Cl)c(Cl)c(Cl)c(Cl)c1Cl)c1ccccc1,True,0.48936170212765956
template_augmentation,intramolecular_N_B_alkyl,N,ethyl,phenyl,mesityl,pentachlorophenyl,C2,N(CC)(c1ccccc1)CCB(c1c(C)cc(C)cc1C)(c1c(Cl)c(Cl)c(Cl)c(Cl)c1Cl),CCN(CCB(c1c(C)cc(C)cc1C)c1c(Cl)c(Cl)c(Cl)c(Cl)c1Cl)c1ccccc1,True,0.44680851063829785
template_augmentation,intramolecular_N_B_alkyl,N,ethyl,phenyl,mesityl,pentachlorophenyl,C3,N(CC)(c1ccccc1)CCCB(c1c(C)cc(C)cc1C)(c1c(Cl)c(Cl)c(Cl)c(Cl)c1Cl),CCN(CCCB(c1c(C)cc(C)cc1C)c1c(Cl)c(Cl)c(Cl)c(Cl)c1Cl)c1ccccc1,True,0.46
template_augmentation,intramolecular_N_B_alkyl,N,ethyl,phenyl,mesityl,pentachlorophenyl,C4,N(CC)(c1ccccc1)CCCCB(c1c(C)cc(C)cc1C)(c1c(Cl)c(Cl)c(Cl)c(Cl)c1Cl),CCN(CCCCB(c1c(C)cc(C)cc1C)c1c(Cl)c(Cl)c(Cl)c(Cl)c1Cl)c1ccccc1,True,0.48
template_augmentation,intramolecular_N_B_alkyl,N,ethyl,phenyl,mesityl,pentachlorophenyl,C5,N(CC)(c1ccccc1)CCCCCB(c1c(C)cc(C)cc1C)(c1c(Cl)c(Cl)c(Cl)c(Cl)c1Cl),CCN(CCCCCB(c1c(C)cc(C)cc1C)c1c(Cl)c(Cl)c(Cl)c(Cl)c1Cl)c1ccccc1,True,0.47058823529411764
template_augmentation,intramolecular_N_B_alkyl,N,ethyl,phenyl,mesityl,pentachlorophenyl,C6,N(CC)(c1ccccc1)CCCCCCB(c1c(C)cc(C)cc1C)(c1c(Cl)c(Cl)c(Cl)c(Cl)c1Cl),CCN(CCCCCCB(c1c(C)cc(C)cc1C)c1c(Cl)c(Cl)c(Cl)c(Cl)c1Cl)c1ccccc1,True,0.47058823529411764
template_augmentation,intramolecular_N_B_alkyl,N,ethyl,phenyl,mesityl,bis_cf3_phenyl,C1,N(CC)(c1ccccc1)CB(c1c(C)cc(C)cc1C)(c1cc(C(F)(F)F)cc(C(F)(F)F)c1),CCN(CB(c1cc(C(F)(F)F)cc(C(F)(F)F)c1)c1c(C)cc(C)cc1C)c1ccccc1,True,0.35294117647058826
template_augmentation,intramolecular_N_B_alkyl,N,ethyl,phenyl,mesityl,bis_cf3_phenyl,C2,N(CC)(c1ccccc1)CCB(c1c(C)cc(C)cc1C)(c1cc(C(F)(F)F)cc(C(F)(F)F)c1),CCN(CCB(c1cc(C(F)(F)F)cc(C(F)(F)F)c1)c1c(C)cc(C)cc1C)c1ccccc1,True,0.33962264150943394
template_augmentation,intramolecular_N_B_alkyl,N,ethyl,phenyl,mesityl,bis_cf3_phenyl,C3,N(CC)(c1ccccc1)CCCB(c1c(C)cc(C)cc1C)(c1cc(C(F)(F)F)cc(C(F)(F)F)c1),CCN(CCCB(c1cc(C(F)(F)F)cc(C(F)(F)F)c1)c1c(C)cc(C)cc1C)c1ccccc1,True,0.32727272727272727
template_augmentation,intramolecular_N_B_alkyl,N,ethyl,phenyl,mesityl,bis_cf3_phenyl,C4,N(CC)(c1ccccc1)CCCCB(c1c(C)cc(C)cc1C)(c1cc(C(F)(F)F)cc(C(F)(F)F)c1),CCN(CCCCB(c1cc(C(F)(F)F)cc(C(F)(F)F)c1)c1c(C)cc(C)cc1C)c1ccccc1,True,0.32142857142857145
template_augmentation,intramolecular_N_B_alkyl,N,ethyl,phenyl,mesityl,bis_cf3_phenyl,C5,N(CC)(c1ccccc1)CCCCCB(c1c(C)cc(C)cc1C)(c1cc(C(F)(F)F)cc(C(F)(F)F)c1),CCN(CCCCCB(c1cc(C(F)(F)F)cc(C(F)(F)F)c1)c1c(C)cc(C)cc1C)c1ccccc1,True,0.3157894736842105
template_augmentation,intramolecular_N_B_alkyl,N,ethyl,phenyl,mesityl,bis_cf3_phenyl,C6,N(CC)(c1ccccc1)CCCCCCB(c1c(C)cc(C)cc1C)(c1cc(C(F)(F)F)cc(C(F)(F)F)c1),CCN(CCCCCCB(c1cc(C(F)(F)F)cc(C(F)(F)F)c1)c1c(C)cc(C)cc1C)c1ccccc1,True,0.3157894736842105
template_augmentation,intramolecular_N_B_alkyl,N,ethyl,phenyl,pentafluorophenyl,pentafluorophenyl,C1,N(CC)(c1ccccc1)CB(c1c(F)c(F)c(F)c(F)c1F)(c1c(F)c(F)c(F)c(F)c1F),CCN(CB(c1c(F)c(F)c(F)c(F)c1F)c1c(F)c(F)c(F)c(F)c1F)c1ccccc1,True,0.4878048780487805
template_augmentation,intramolecular_N_B_alkyl,N,ethyl,phenyl,pentafluorophenyl,pentafluorophenyl,C2,N(CC)(c1ccccc1)CCB(c1c(F)c(F)c(F)c(F)c1F)(c1c(F)c(F)c(F)c(F)c1F),CCN(CCB(c1c(F)c(F)c(F)c(F)c1F)c1c(F)c(F)c(F)c(F)c1F)c1ccccc1,True,0.46511627906976744
template_augmentation,intramolecular_N_B_alkyl,N,ethyl,phenyl,pentafluorophenyl,pentafluorophenyl,C3,N(CC)(c1ccccc1)CCCB(c1c(F)c(F)c(F)c(F)c1F)(c1c(F)c(F)c(F)c(F)c1F),CCN(CCCB(c1c(F)c(F)c(F)c(F)c1F)c1c(F)c(F)c(F)c(F)c1F)c1ccccc1,True,0.46511627906976744
template_augmentation,intramolecular_N_B_alkyl,N,ethyl,phenyl,pentafluorophenyl,pentafluorophenyl,C4,N(CC)(c1ccccc1)CCCCB(c1c(F)c(F)c(F)c(F)c1F)(c1c(F)c(F)c(F)c(F)c1F),CCN(CCCCB(c1c(F)c(F)c(F)c(F)c1F)c1c(F)c(F)c(F)c(F)c1F)c1ccccc1,True,0.4883720930232558
template_augmentation,intramolecular_N_B_alkyl,N,ethyl,phenyl,pentafluorophenyl,pentafluorophenyl,C5,N(CC)(c1ccccc1)CCCCCB(c1c(F)c(F)c(F)c(F)c1F)(c1c(F)c(F)c(F)c(F)c1F),CCN(CCCCCB(c1c(F)c(F)c(F)c(F)c1F)c1c(F)c(F)c(F)c(F)c1F)c1ccccc1,True,0.4772727272727273
template_augmentation,intramolecular_N_B_alkyl,N,ethyl,phenyl,pentafluorophenyl,pentafluorophenyl,C6,N(CC)(c1ccccc1)CCCCCCB(c1c(F)c(F)c(F)c(F)c1F)(c1c(F)c(F)c(F)c(F)c1F),CCN(CCCCCCB(c1c(F)c(F)c(F)c(F)c1F)c1c(F)c(F)c(F)c(F)c1F)c1ccccc1,True,0.4772727272727273
template_augmentation,intramolecular_N_B_alkyl,N,ethyl,phenyl,pentafluorophenyl,pentachlorophenyl,C1,N(CC)(c1ccccc1)CB(c1c(F)c(F)c(F)c(F)c1F)(c1c(Cl)c(Cl)c(Cl)c(Cl)c1Cl),CCN(CB(c1c(F)c(F)c(F)c(F)c1F)c1c(Cl)c(Cl)c(Cl)c(Cl)c1Cl)c1ccccc1,True,0.43478260869565216
template_augmentation,intramolecular_N_B_alkyl,N,ethyl,phenyl,pentafluorophenyl,pentachlorophenyl,C2,N(CC)(c1ccccc1)CCB(c1c(F)c(F)c(F)c(F)c1F)(c1c(Cl)c(Cl)c(Cl)c(Cl)c1Cl),CCN(CCB(c1c(F)c(F)c(F)c(F)c1F)c1c(Cl)c(Cl)c(Cl)c(Cl)c1Cl)c1ccccc1,True,0.4166666666666667
template_augmentation,intramolecular_N_B_alkyl,N,ethyl,phenyl,pentafluorophenyl,pentachlorophenyl,C3,N(CC)(c1ccccc1)CCCB(c1c(F)c(F)c(F)c(F)c1F)(c1c(Cl)c(Cl)c(Cl)c(Cl)c1Cl),CCN(CCCB(c1c(F)c(F)c(F)c(F)c1F)c1c(Cl)c(Cl)c(Cl)c(Cl)c1Cl)c1ccccc1,True,0.4166666666666667
template_augmentation,intramolecular_N_B_alkyl,N,ethyl,phenyl,pentafluorophenyl,pentachlorophenyl,C4,N(CC)(c1ccccc1)CCCCB(c1c(F)c(F)c(F)c(F)c1F)(c1c(Cl)c(Cl)c(Cl)c(Cl)c1Cl),CCN(CCCCB(c1c(F)c(F)c(F)c(F)c1F)c1c(Cl)c(Cl)c(Cl)c(Cl)c1Cl)c1ccccc1,True,0.4375
template_augmentation,intramolecular_N_B_alkyl,N,ethyl,phenyl,pentafluorophenyl,pentachlorophenyl,C5,N(CC)(c1ccccc1)CCCCCB(c1c(F)c(F)c(F)c(F)c1F)(c1c(Cl)c(Cl)c(Cl)c(Cl)c1Cl),CCN(CCCCCB(c1c(F)c(F)c(F)c(F)c1F)c1c(Cl)c(Cl)c(Cl)c(Cl)c1Cl)c1ccccc1,True,0.42857142857142855
template_augmentation,intramolecular_N_B_alkyl,N,ethyl,phenyl,pentafluorophenyl,pentachlorophenyl,C6,N(CC)(c1ccccc1)CCCCCCB(c1c(F)c(F)c(F)c(F)c1F)(c1c(Cl)c(Cl)c(Cl)c(Cl)c1Cl),CCN(CCCCCCB(c1c(F)c(F)c(F)c(F)c1F)c1c(Cl)c(Cl)c(Cl)c(Cl)c1Cl)c1ccccc1,True,0.42857142857142855
template_augmentation,intramolecular_N_B_alkyl,N,ethyl,phenyl,pentafluorophenyl,bis_cf3_phenyl,C1,N(CC)(c1ccccc1)CB(c1c(F)c(F)c(F)c(F)c1F)(c1cc(C(F)(F)F)cc(C(F)(F)F)c1),CCN(CB(c1cc(C(F)(F)F)cc(C(F)(F)F)c1)c1c(F)c(F)c(F)c(F)c1F)c1ccccc1,True,0.38461538461538464
template_augmentation,intramolecular_N_B_alkyl,N,ethyl,phenyl,pentafluorophenyl,bis_cf3_phenyl,C2,N(CC)(c1ccccc1)CCB(c1c(F)c(F)c(F)c(F)c1F)(c1cc(C(F)(F)F)cc(C(F)(F)F)c1),CCN(CCB(c1cc(C(F)(F)F)cc(C(F)(F)F)c1)c1c(F)c(F)c(F)c(F)c1F)c1ccccc1,True,0.37037037037037035
template_augmentation,intramolecular_N_B_alkyl,N,ethyl,phenyl,pentafluorophenyl,bis_cf3_phenyl,C3,N(CC)(c1ccccc1)CCCB(c1c(F)c(F)c(F)c(F)c1F)(c1cc(C(F)(F)F)cc(C(F)(F)F)c1),CCN(CCCB(c1cc(C(F)(F)F)cc(C(F)(F)F)c1)c1c(F)c(F)c(F)c(F)c1F)c1ccccc1,True,0.35714285714285715
template_augmentation,intramolecular_N_B_alkyl,N,ethyl,phenyl,pentafluorophenyl,bis_cf3_phenyl,C4,N(CC)(c1ccccc1)CCCCB(c1c(F)c(F)c(F)c(F)c1F)(c1cc(C(F)(F)F)cc(C(F)(F)F)c1),CCN(CCCCB(c1cc(C(F)(F)F)cc(C(F)(F)F)c1)c1c(F)c(F)c(F)c(F)c1F)c1ccccc1,True,0.36363636363636365
template_augmentation,intramolecular_N_B_alkyl,N,ethyl,phenyl,pentafluorophenyl,bis_cf3_phenyl,C5,N(CC)(c1ccccc1)CCCCCB(c1c(F)c(F)c(F)c(F)c1F)(c1cc(C(F)(F)F)cc(C(F)(F)F)c1),CCN(CCCCCB(c1cc(C(F)(F)F)cc(C(F)(F)F)c1)c1c(F)c(F)c(F)c(F)c1F)c1ccccc1,True,0.35714285714285715
template_augmentation,intramolecular_N_B_alkyl,N,ethyl,phenyl,pentafluorophenyl,bis_cf3_phenyl,C6,N(CC)(c1ccccc1)CCCCCCB(c1c(F)c(F)c(F)c(F)c1F)(c1cc(C(F)(F)F)cc(C(F)(F)F)c1),CCN(CCCCCCB(c1cc(C(F)(F)F)cc(C(F)(F)F)c1)c1c(F)c(F)c(F)c(F)c1F)c1ccccc1,True,0.35714285714285715
template_augmentation,intramolecular_N_B_alkyl,N,ethyl,phenyl,pentachlorophenyl,pentachlorophenyl,C1,N(CC)(c1ccccc1)CB(c1c(Cl)c(Cl)c(Cl)c(Cl)c1Cl)(c1c(Cl)c(Cl)c(Cl)c(Cl)c1Cl),CCN(CB(c1c(Cl)c(Cl)c(Cl)c(Cl)c1Cl)c1c(Cl)c(Cl)c(Cl)c(Cl)c1Cl)c1ccccc1,True,0.475
template_augmentation,intramolecular_N_B_alkyl,N,ethyl,phenyl,pentachlorophenyl,pentachlorophenyl,C2,N(CC)(c1ccccc1)CCB(c1c(Cl)c(Cl)c(Cl)c(Cl)c1Cl)(c1c(Cl)c(Cl)c(Cl)c(Cl)c1Cl),CCN(CCB(c1c(Cl)c(Cl)c(Cl)c(Cl)c1Cl)c1c(Cl)c(Cl)c(Cl)c(Cl)c1Cl)c1ccccc1,True,0.4523809523809524
template_augmentation,intramolecular_N_B_alkyl,N,ethyl,phenyl,pentachlorophenyl,pentachlorophenyl,C3,N(CC)(c1ccccc1)CCCB(c1c(Cl)c(Cl)c(Cl)c(Cl)c1Cl)(c1c(Cl)c(Cl)c(Cl)c(Cl)c1Cl),CCN(CCCB(c1c(Cl)c(Cl)c(Cl)c(Cl)c1Cl)c1c(Cl)c(Cl)c(Cl)c(Cl)c1Cl)c1ccccc1,True,0.4523809523809524
template_augmentation,intramolecular_N_B_alkyl,N,ethyl,phenyl,pentachlorophenyl,pentachlorophenyl,C4,N(CC)(c1ccccc1)CCCCB(c1c(Cl)c(Cl)c(Cl)c(Cl)c1Cl)(c1c(Cl)c(Cl)c(Cl)c(Cl)c1Cl),CCN(CCCCB(c1c(Cl)c(Cl)c(Cl)c(Cl)c1Cl)c1c(Cl)c(Cl)c(Cl)c(Cl)c1Cl)c1ccccc1,True,0.47619047619047616
template_augmentation,intramolecular_N_B_alkyl,N,ethyl,phenyl,pentachlorophenyl,pentachlorophenyl,C5,N(CC)(c1ccccc1)CCCCCB(c1c(Cl)c(Cl)c(Cl)c(Cl)c1Cl)(c1c(Cl)c(Cl)c(Cl)c(Cl)c1Cl),CCN(CCCCCB(c1c(Cl)c(Cl)c(Cl)c(Cl)c1Cl)c1c(Cl)c(Cl)c(Cl)c(Cl)c1Cl)c1ccccc1,True,0.46511627906976744
template_augmentation,intramolecular_N_B_alkyl,N,ethyl,phenyl,pentachlorophenyl,pentachlorophenyl,C6,N(CC)(c1ccccc1)CCCCCCB(c1c(Cl)c(Cl)c(Cl)c(Cl)c1Cl)(c1c(Cl)c(Cl)c(Cl)c(Cl)c1Cl),CCN(CCCCCCB(c1c(Cl)c(Cl)c(Cl)c(Cl)c1Cl)c1c(Cl)c(Cl)c(Cl)c(Cl)c1Cl)c1ccccc1,True,0.46511627906976744
template_augmentation,intramolecular_N_B_alkyl,N,ethyl,phenyl,pentachlorophenyl,bis_cf3_phenyl,C1,N(CC)(c1ccccc1)CB(c1c(Cl)c(Cl)c(Cl)c(Cl)c1Cl)(c1cc(C(F)(F)F)cc(C(F)(F)F)c1),CCN(CB(c1cc(C(F)(F)F)cc(C(F)(F)F)c1)c1c(Cl)c(Cl)c(Cl)c(Cl)c1Cl)c1ccccc1,True,0.3673469387755102
template_augmentation,intramolecular_N_B_alkyl,N,ethyl,phenyl,pentachlorophenyl,bis_cf3_phenyl,C2,N(CC)(c1ccccc1)CCB(c1c(Cl)c(Cl)c(Cl)c(Cl)c1Cl)(c1cc(C(F)(F)F)cc(C(F)(F)F)c1),CCN(CCB(c1cc(C(F)(F)F)cc(C(F)(F)F)c1)c1c(Cl)c(Cl)c(Cl)c(Cl)c1Cl)c1ccccc1,True,0.35294117647058826
template_augmentation,intramolecular_N_B_alkyl,N,ethyl,phenyl,pentachlorophenyl,bis_cf3_phenyl,C3,N(CC)(c1ccccc1)CCCB(c1c(Cl)c(Cl)c(Cl)c(Cl)c1Cl)(c1cc(C(F)(F)F)cc(C(F)(F)F)c1),CCN(CCCB(c1cc(C(F)(F)F)cc(C(F)(F)F)c1)c1c(Cl)c(Cl)c(Cl)c(Cl)c1Cl)c1ccccc1,True,0.33962264150943394
template_augmentation,intramolecular_N_B_alkyl,N,ethyl,phenyl,pentachlorophenyl,bis_cf3_phenyl,C4,N(CC)(c1ccccc1)CCCCB(c1c(Cl)c(Cl)c(Cl)c(Cl)c1Cl)(c1cc(C(F)(F)F)cc(C(F)(F)F)c1),CCN(CCCCB(c1cc(C(F)(F)F)cc(C(F)(F)F)c1)c1c(Cl)c(Cl)c(Cl)c(Cl)c1Cl)c1ccccc1,True,0.34545454545454546
template_augmentation,intramolecular_N_B_alkyl,N,ethyl,phenyl,pentachlorophenyl,bis_cf3_phenyl,C5,N(CC)(c1ccccc1)CCCCCB(c1c(Cl)c(Cl)c(Cl)c(Cl)c1Cl)(c1cc(C(F)(F)F)cc(C(F)(F)F)c1),CCN(CCCCCB(c1cc(C(F)(F)F)cc(C(F)(F)F)c1)c1c(Cl)c(Cl)c(Cl)c(Cl)c1Cl)c1ccccc1,True,0.3392857142857143
template_augmentation,intramolecular_N_B_alkyl,N,ethyl,phenyl,pentachlorophenyl,bis_cf3_phenyl,C6,N(CC)(c1ccccc1)CCCCCCB(c1c(Cl)c(Cl)c(Cl)c(Cl)c1Cl)(c1cc(C(F)(F)F)cc(C(F)(F)F)c1),CCN(CCCCCCB(c1cc(C(F)(F)F)cc(C(F)(F)F)c1)c1c(Cl)c(Cl)c(Cl)c(Cl)c1Cl)c1ccccc1,True,0.3392857142857143
template_augmentation,intramolecular_N_B_alkyl,N,ethyl,phenyl,bis_cf3_phenyl,bis_cf3_phenyl,C1,N(CC)(c1ccccc1)CB(c1cc(C(F)(F)F)cc(C(F)(F)F)c1)(c1cc(C(F)(F)F)cc(C(F)(F)F)c1),CCN(CB(c1cc(C(F)(F)F)cc(C(F)(F)F)c1)c1cc(C(F)(F)F)cc(C(F)(F)F)c1)c1ccccc1,True,0.4186046511627907
template_augmentation,intramolecular_N_B_alkyl,N,ethyl,phenyl,bis_cf3_phenyl,bis_cf3_phenyl,C2,N(CC)(c1ccccc1)CCB(c1cc(C(F)(F)F)cc(C(F)(F)F)c1)(c1cc(C(F)(F)F)cc(C(F)(F)F)c1),CCN(CCB(c1cc(C(F)(F)F)cc(C(F)(F)F)c1)c1cc(C(F)(F)F)cc(C(F)(F)F)c1)c1ccccc1,True,0.4
template_augmentation,intramolecular_N_B_alkyl,N,ethyl,phenyl,bis_cf3_phenyl,bis_cf3_phenyl,C3,N(CC)(c1ccccc1)CCCB(c1cc(C(F)(F)F)cc(C(F)(F)F)c1)(c1cc(C(F)(F)F)cc(C(F)(F)F)c1),CCN(CCCB(c1cc(C(F)(F)F)cc(C(F)(F)F)c1)c1cc(C(F)(F)F)cc(C(F)(F)F)c1)c1ccccc1,True,0.3829787234042553
template_augmentation,intramolecular_N_B_alkyl,N,ethyl,phenyl,bis_cf3_phenyl,bis_cf3_phenyl,C4,N(CC)(c1ccccc1)CCCCB(c1cc(C(F)(F)F)cc(C(F)(F)F)c1)(c1cc(C(F)(F)F)cc(C(F)(F)F)c1),CCN(CCCCB(c1cc(C(F)(F)F)cc(C(F)(F)F)c1)c1cc(C(F)(F)F)cc(C(F)(F)F)c1)c1ccccc1,True,0.375
template_augmentation,intramolecular_N_B_alkyl,N,ethyl,phenyl,bis_cf3_phenyl,bis_cf3_phenyl,C5,N(CC)(c1ccccc1)CCCCCB(c1cc(C(F)(F)F)cc(C(F)(F)F)c1)(c1cc(C(F)(F)F)cc(C(F)(F)F)c1),CCN(CCCCCB(c1cc(C(F)(F)F)cc(C(F)(F)F)c1)c1cc(C(F)(F)F)cc(C(F)(F)F)c1)c1ccccc1,True,0.3673469387755102
template_augmentation,intramolecular_N_B_alkyl,N,ethyl,phenyl,bis_cf3_phenyl,bis_cf3_phenyl,C6,N(CC)(c1ccccc1)CCCCCCB(c1cc(C(F)(F)F)cc(C(F)(F)F)c1)(c1cc(C(F)(F)F)cc(C(F)(F)F)c1),CCN(CCCCCCB(c1cc(C(F)(F)F)cc(C(F)(F)F)c1)c1cc(C(F)(F)F)cc(C(F)(F)F)c1)c1ccccc1,True,0.3673469387755102
template_augmentation,intramolecular_N_B_alkyl,N,isopropyl,isopropyl,phenyl,phenyl,C1,N(C(C)C)(C(C)C)CB(c1ccccc1)(c1ccccc1),CC(C)N(CB(c1ccccc1)c1ccccc1)C(C)C,True,0.2857142857142857
template_augmentation,intramolecular_N_B_alkyl,N,isopropyl,isopropyl,phenyl,phenyl,C2,N(C(C)C)(C(C)C)CCB(c1ccccc1)(c1ccccc1),CC(C)N(CCB(c1ccccc1)c1ccccc1)C(C)C,True,0.2727272727272727
template_augmentation,intramolecular_N_B_alkyl,N,isopropyl,isopropyl,phenyl,phenyl,C3,N(C(C)C)(C(C)C)CCCB(c1ccccc1)(c1ccccc1),CC(C)N(CCCB(c1ccccc1)c1ccccc1)C(C)C,True,0.2727272727272727
template_augmentation,intramolecular_N_B_alkyl,N,isopropyl,isopropyl,phenyl,phenyl,C4,N(C(C)C)(C(C)C)CCCCB(c1ccccc1)(c1ccccc1),CC(C)N(CCCCB(c1ccccc1)c1ccccc1)C(C)C,True,0.29545454545454547
template_augmentation,intramolecular_N_B_alkyl,N,isopropyl,isopropyl,phenyl,phenyl,C5,N(C(C)C)(C(C)C)CCCCCB(c1ccccc1)(c1ccccc1),CC(C)N(CCCCCB(c1ccccc1)c1ccccc1)C(C)C,True,0.28888888888888886
template_augmentation,intramolecular_N_B_alkyl,N,isopropyl,isopropyl,phenyl,phenyl,C6,N(C(C)C)(C(C)C)CCCCCCB(c1ccccc1)(c1ccccc1),CC(C)N(CCCCCCB(c1ccccc1)c1ccccc1)C(C)C,True,0.28888888888888886
template_augmentation,intramolecular_N_B_alkyl,N,isopropyl,isopropyl,phenyl,p_tolyl,C1,N(C(C)C)(C(C)C)CB(c1ccccc1)(c1ccc(C)cc1),Cc1ccc(B(CN(C(C)C)C(C)C)c2ccccc2)cc1,True,0.2553191489361702
template_augmentation,intramolecular_N_B_alkyl,N,isopropyl,isopropyl,phenyl,p_tolyl,C2,N(C(C)C)(C(C)C)CCB(c1ccccc1)(c1ccc(C)cc1),Cc1ccc(B(CCN(C(C)C)C(C)C)c2ccccc2)cc1,True,0.24489795918367346
template_augmentation,intramolecular_N_B_alkyl,N,isopropyl,isopropyl,phenyl,p_tolyl,C3,N(C(C)C)(C(C)C)CCCB(c1ccccc1)(c1ccc(C)cc1),Cc1ccc(B(CCCN(C(C)C)C(C)C)c2ccccc2)cc1,True,0.2545454545454545
template_augmentation,intramolecular_N_B_alkyl,N,isopropyl,isopropyl,phenyl,p_tolyl,C4,N(C(C)C)(C(C)C)CCCCB(c1ccccc1)(c1ccc(C)cc1),Cc1ccc(B(CCCCN(C(C)C)C(C)C)c2ccccc2)cc1,True,0.2727272727272727
template_augmentation,intramolecular_N_B_alkyl,N,isopropyl,isopropyl,phenyl,p_tolyl,C5,N(C(C)C)(C(C)C)CCCCCB(c1ccccc1)(c1ccc(C)cc1),Cc1ccc(B(CCCCCN(C(C)C)C(C)C)c2ccccc2)cc1,True,0.26785714285714285
template_augmentation,intramolecular_N_B_alkyl,N,isopropyl,isopropyl,phenyl,p_tolyl,C6,N(C(C)C)(C(C)C)CCCCCCB(c1ccccc1)(c1ccc(C)cc1),Cc1ccc(B(CCCCCCN(C(C)C)C(C)C)c2ccccc2)cc1,True,0.26785714285714285
template_augmentation,intramolecular_N_B_alkyl,N,isopropyl,isopropyl,phenyl,mesityl,C1,N(C(C)C)(C(C)C)CB(c1ccccc1)(c1c(C)cc(C)cc1C),Cc1cc(C)c(B(CN(C(C)C)C(C)C)c2ccccc2)c(C)c1,True,0.35555555555555557
template_augmentation,intramolecular_N_B_alkyl,N,isopropyl,isopropyl,phenyl,mesityl,C2,N(C(C)C)(C(C)C)CCB(c1ccccc1)(c1c(C)cc(C)cc1C),Cc1cc(C)c(B(CCN(C(C)C)C(C)C)c2ccccc2)c(C)c1,True,0.3404255319148936
template_augmentation,intramolecular_N_B_alkyl,N,isopropyl,isopropyl,phenyl,mesityl,C3,N(C(C)C)(C(C)C)CCCB(c1ccccc1)(c1c(C)cc(C)cc1C),Cc1cc(C)c(B(CCCN(C(C)C)C(C)C)c2ccccc2)c(C)c1,True,0.35294117647058826
template_augmentation,intramolecular_N_B_alkyl,N,isopropyl,isopropyl,phenyl,mesityl,C4,N(C(C)C)(C(C)C)CCCCB(c1ccccc1)(c1c(C)cc(C)cc1C),Cc1cc(C)c(B(CCCCN(C(C)C)C(C)C)c2ccccc2)c(C)c1,True,0.37254901960784315
template_augmentation,intramolecular_N_B_alkyl,N,isopropyl,isopropyl,phenyl,mesityl,C5,N(C(C)C)(C(C)C)CCCCCB(c1ccccc1)(c1c(C)cc(C)cc1C),Cc1cc(C)c(B(CCCCCN(C(C)C)C(C)C)c2ccccc2)c(C)c1,True,0.36538461538461536
template_augmentation,intramolecular_N_B_alkyl,N,isopropyl,isopropyl,phenyl,mesityl,C6,N(C(C)C)(C(C)C)CCCCCCB(c1ccccc1)(c1c(C)cc(C)cc1C),Cc1cc(C)c(B(CCCCCCN(C(C)C)C(C)C)c2ccccc2)c(C)c1,True,0.36538461538461536
template_augmentation,intramolecular_N_B_alkyl,N,isopropyl,isopropyl,phenyl,pentafluorophenyl,C1,N(C(C)C)(C(C)C)CB(c1ccccc1)(c1c(F)c(F)c(F)c(F)c1F),CC(C)N(CB(c1ccccc1)c1c(F)c(F)c(F)c(F)c1F)C(C)C,True,0.4418604651162791
template_augmentation,intramolecular_N_B_alkyl,N,isopropyl,isopropyl,phenyl,pentafluorophenyl,C2,N(C(C)C)(C(C)C)CCB(c1ccccc1)(c1c(F)c(F)c(F)c(F)c1F),CC(C)N(CCB(c1ccccc1)c1c(F)c(F)c(F)c(F)c1F)C(C)C,True,0.4222222222222222
template_augmentation,intramolecular_N_B_alkyl,N,isopropyl,isopropyl,phenyl,pentafluorophenyl,C3,N(C(C)C)(C(C)C)CCCB(c1ccccc1)(c1c(F)c(F)c(F)c(F)c1F),CC(C)N(CCCB(c1ccccc1)c1c(F)c(F)c(F)c(F)c1F)C(C)C,True,0.4222222222222222
template_augmentation,intramolecular_N_B_alkyl,N,isopropyl,isopropyl,phenyl,pentafluorophenyl,C4,N(C(C)C)(C(C)C)CCCCB(c1ccccc1)(c1c(F)c(F)c(F)c(F)c1F),CC(C)N(CCCCB(c1ccccc1)c1c(F)c(F)c(F)c(F)c1F)C(C)C,True,0.4444444444444444
template_augmentation,intramolecular_N_B_alkyl,N,isopropyl,isopropyl,phenyl,pentafluorophenyl,C5,N(C(C)C)(C(C)C)CCCCCB(c1ccccc1)(c1c(F)c(F)c(F)c(F)c1F),CC(C)N(CCCCCB(c1ccccc1)c1c(F)c(F)c(F)c(F)c1F)C(C)C,True,0.43478260869565216
template_augmentation,intramolecular_N_B_alkyl,N,isopropyl,isopropyl,phenyl,pentafluorophenyl,C6,N(C(C)C)(C(C)C)CCCCCCB(c1ccccc1)(c1c(F)c(F)c(F)c(F)c1F),CC(C)N(CCCCCCB(c1ccccc1)c1c(F)c(F)c(F)c(F)c1F)C(C)C,True,0.43478260869565216
template_augmentation,intramolecular_N_B_alkyl,N,isopropyl,isopropyl,phenyl,pentachlorophenyl,C1,N(C(C)C)(C(C)C)CB(c1ccccc1)(c1c(Cl)c(Cl)c(Cl)c(Cl)c1Cl),CC(C)N(CB(c1ccccc1)c1c(Cl)c(Cl)c(Cl)c(Cl)c1Cl)C(C)C,True,0.42857142857142855
template_augmentation,intramolecular_N_B_alkyl,N,isopropyl,isopropyl,phenyl,pentachlorophenyl,C2,N(C(C)C)(C(C)C)CCB(c1ccccc1)(c1c(Cl)c(Cl)c(Cl)c(Cl)c1Cl),CC(C)N(CCB(c1ccccc1)c1c(Cl)c(Cl)c(Cl)c(Cl)c1Cl)C(C)C,True,0.4090909090909091
template_augmentation,intramolecular_N_B_alkyl,N,isopropyl,isopropyl,phenyl,pentachlorophenyl,C3,N(C(C)C)(C(C)C)CCCB(c1ccccc1)(c1c(Cl)c(Cl)c(Cl)c(Cl)c1Cl),CC(C)N(CCCB(c1ccccc1)c1c(Cl)c(Cl)c(Cl)c(Cl)c1Cl)C(C)C,True,0.4090909090909091
template_augmentation,intramolecular_N_B_alkyl,N,isopropyl,isopropyl,phenyl,pentachlorophenyl,C4,N(C(C)C)(C(C)C)CCCCB(c1ccccc1)(c1c(Cl)c(Cl)c(Cl)c(Cl)c1Cl),CC(C)N(CCCCB(c1ccccc1)c1c(Cl)c(Cl)c(Cl)c(Cl)c1Cl)C(C)C,True,0.4318181818181818
template_augmentation,intramolecular_N_B_alkyl,N,isopropyl,isopropyl,phenyl,pentachlorophenyl,C5,N(C(C)C)(C(C)C)CCCCCB(c1ccccc1)(c1c(Cl)c(Cl)c(Cl)c(Cl)c1Cl),CC(C)N(CCCCCB(c1ccccc1)c1c(Cl)c(Cl)c(Cl)c(Cl)c1Cl)C(C)C,True,0.4222222222222222
template_augmentation,intramolecular_N_B_alkyl,N,isopropyl,isopropyl,phenyl,pentachlorophenyl,C6,N(C(C)C)(C(C)C)CCCCCCB(c1ccccc1)(c1c(Cl)c(Cl)c(Cl)c(Cl)c1Cl),CC(C)N(CCCCCCB(c1ccccc1)c1c(Cl)c(Cl)c(Cl)c(Cl)c1Cl)C(C)C,True,0.4222222222222222
template_augmentation,intramolecular_N_B_alkyl,N,isopropyl,isopropyl,phenyl,bis_cf3_phenyl,C1,N(C(C)C)(C(C)C)CB(c1ccccc1)(c1cc(C(F)(F)F)cc(C(F)(F)F)c1),CC(C)N(CB(c1ccccc1)c1cc(C(F)(F)F)cc(C(F)(F)F)c1)C(C)C,True,0.4523809523809524
template_augmentation,intramolecular_N_B_alkyl,N,isopropyl,isopropyl,phenyl,bis_cf3_phenyl,C2,N(C(C)C)(C(C)C)CCB(c1ccccc1)(c1cc(C(F)(F)F)cc(C(F)(F)F)c1),CC(C)N(CCB(c1ccccc1)c1cc(C(F)(F)F)cc(C(F)(F)F)c1)C(C)C,True,0.4318181818181818
template_augmentation,intramolecular_N_B_alkyl,N,isopropyl,isopropyl,phenyl,bis_cf3_phenyl,C3,N(C(C)C)(C(C)C)CCCB(c1ccccc1)(c1cc(C(F)(F)F)cc(C(F)(F)F)c1),CC(C)N(CCCB(c1ccccc1)c1cc(C(F)(F)F)cc(C(F)(F)F)c1)C(C)C,True,0.41304347826086957
template_augmentation,intramolecular_N_B_alkyl,N,isopropyl,isopropyl,phenyl,bis_cf3_phenyl,C4,N(C(C)C)(C(C)C)CCCCB(c1ccccc1)(c1cc(C(F)(F)F)cc(C(F)(F)F)c1),CC(C)N(CCCCB(c1ccccc1)c1cc(C(F)(F)F)cc(C(F)(F)F)c1)C(C)C,True,0.40425531914893614
template_augmentation,intramolecular_N_B_alkyl,N,isopropyl,isopropyl,phenyl,bis_cf3_phenyl,C5,N(C(C)C)(C(C)C)CCCCCB(c1ccccc1)(c1cc(C(F)(F)F)cc(C(F)(F)F)c1),CC(C)N(CCCCCB(c1ccccc1)c1cc(C(F)(F)F)cc(C(F)(F)F)c1)C(C)C,True,0.3958333333333333
template_augmentation,intramolecular_N_B_alkyl,N,isopropyl,isopropyl,phenyl,bis_cf3_phenyl,C6,N(C(C)C)(C(C)C)CCCCCCB(c1ccccc1)(c1cc(C(F)(F)F)cc(C(F)(F)F)c1),CC(C)N(CCCCCCB(c1ccccc1)c1cc(C(F)(F)F)cc(C(F)(F)F)c1)C(C)C,True,0.3958333333333333
template_augmentation,intramolecular_N_B_alkyl,N,isopropyl,isopropyl,p_tolyl,p_tolyl,C1,N(C(C)C)(C(C)C)CB(c1ccc(C)cc1)(c1ccc(C)cc1),Cc1ccc(B(CN(C(C)C)C(C)C)c2ccc(C)cc2)cc1,True,0.23404255319148937
template_augmentation,intramolecular_N_B_alkyl,N,isopropyl,isopropyl,p_tolyl,p_tolyl,C2,N(C(C)C)(C(C)C)CCB(c1ccc(C)cc1)(c1ccc(C)cc1),Cc1ccc(B(CCN(C(C)C)C(C)C)c2ccc(C)cc2)cc1,True,0.22448979591836735
template_augmentation,intramolecular_N_B_alkyl,N,isopropyl,isopropyl,p_tolyl,p_tolyl,C3,N(C(C)C)(C(C)C)CCCB(c1ccc(C)cc1)(c1ccc(C)cc1),Cc1ccc(B(CCCN(C(C)C)C(C)C)c2ccc(C)cc2)cc1,True,0.24489795918367346
template_augmentation,intramolecular_N_B_alkyl,N,isopropyl,isopropyl,p_tolyl,p_tolyl,C4,N(C(C)C)(C(C)C)CCCCB(c1ccc(C)cc1)(c1ccc(C)cc1),Cc1ccc(B(CCCCN(C(C)C)C(C)C)c2ccc(C)cc2)cc1,True,0.2653061224489796
template_augmentation,intramolecular_N_B_alkyl,N,isopropyl,isopropyl,p_tolyl,p_tolyl,C5,N(C(C)C)(C(C)C)CCCCCB(c1ccc(C)cc1)(c1ccc(C)cc1),Cc1ccc(B(CCCCCN(C(C)C)C(C)C)c2ccc(C)cc2)cc1,True,0.26
template_augmentation,intramolecular_N_B_alkyl,N,isopropyl,isopropyl,p_tolyl,p_tolyl,C6,N(C(C)C)(C(C)C)CCCCCCB(c1ccc(C)cc1)(c1ccc(C)cc1),Cc1ccc(B(CCCCCCN(C(C)C)C(C)C)c2ccc(C)cc2)cc1,True,0.26
template_augmentation,intramolecular_N_B_alkyl,N,isopropyl,isopropyl,p_tolyl,mesityl,C1,N(C(C)C)(C(C)C)CB(c1ccc(C)cc1)(c1c(C)cc(C)cc1C),Cc1ccc(B(CN(C(C)C)C(C)C)c2c(C)cc(C)cc2C)cc1,True,0.32653061224489793
template_augmentation,intramolecular_N_B_alkyl,N,isopropyl,isopropyl,p_tolyl,mesityl,C2,N(C(C)C)(C(C)C)CCB(c1ccc(C)cc1)(c1c(C)cc(C)cc1C),Cc1ccc(B(CCN(C(C)C)C(C)C)c2c(C)cc(C)cc2C)cc1,True,0.3137254901960784
template_augmentation,intramolecular_N_B_alkyl,N,isopropyl,isopropyl,p_tolyl,mesityl,C3,N(C(C)C)(C(C)C)CCCB(c1ccc(C)cc1)(c1c(C)cc(C)cc1C),Cc1ccc(B(CCCN(C(C)C)C(C)C)c2c(C)cc(C)cc2C)cc1,True,0.3333333333333333
template_augmentation,intramolecular_N_B_alkyl,N,isopropyl,isopropyl,p_tolyl,mesityl,C4,N(C(C)C)(C(C)C)CCCCB(c1ccc(C)cc1)(c1c(C)cc(C)cc1C),Cc1ccc(B(CCCCN(C(C)C)C(C)C)c2c(C)cc(C)cc2C)cc1,True,0.35294117647058826
template_augmentation,intramolecular_N_B_alkyl,N,isopropyl,isopropyl,p_tolyl,mesityl,C5,N(C(C)C)(C(C)C)CCCCCB(c1ccc(C)cc1)(c1c(C)cc(C)cc1C),Cc1ccc(B(CCCCCN(C(C)C)C(C)C)c2c(C)cc(C)cc2C)cc1,True,0.34615384615384615
template_augmentation,intramolecular_N_B_alkyl,N,isopropyl,isopropyl,p_tolyl,mesityl,C6,N(C(C)C)(C(C)C)CCCCCCB(c1ccc(C)cc1)(c1c(C)cc(C)cc1C),Cc1ccc(B(CCCCCCN(C(C)C)C(C)C)c2c(C)cc(C)cc2C)cc1,True,0.34615384615384615
template_augmentation,intramolecular_N_B_alkyl,N,isopropyl,isopropyl,p_tolyl,pentafluorophenyl,C1,N(C(C)C)(C(C)C)CB(c1ccc(C)cc1)(c1c(F)c(F)c(F)c(F)c1F),Cc1ccc(B(CN(C(C)C)C(C)C)c2c(F)c(F)c(F)c(F)c2F)cc1,True,0.3829787234042553
template_augmentation,intramolecular_N_B_alkyl,N,isopropyl,isopropyl,p_tolyl,pentafluorophenyl,C2,N(C(C)C)(C(C)C)CCB(c1ccc(C)cc1)(c1c(F)c(F)c(F)c(F)c1F),Cc1ccc(B(CCN(C(C)C)C(C)C)c2c(F)c(F)c(F)c(F)c2F)cc1,True,0.3695652173913043
template_augmentation,intramolecular_N_B_alkyl,N,isopropyl,isopropyl,p_tolyl,pentafluorophenyl,C3,N(C(C)C)(C(C)C)CCCB(c1ccc(C)cc1)(c1c(F)c(F)c(F)c(F)c1F),Cc1ccc(B(CCCN(C(C)C)C(C)C)c2c(F)c(F)c(F)c(F)c2F)cc1,True,0.3877551020408163
template_augmentation,intramolecular_N_B_alkyl,N,isopropyl,isopropyl,p_tolyl,pentafluorophenyl,C4,N(C(C)C)(C(C)C)CCCCB(c1ccc(C)cc1)(c1c(F)c(F)c(F)c(F)c1F),Cc1ccc(B(CCCCN(C(C)C)C(C)C)c2c(F)c(F)c(F)c(F)c2F)cc1,True,0.40816326530612246
template_augmentation,intramolecular_N_B_alkyl,N,isopropyl,isopropyl,p_tolyl,pentafluorophenyl,C5,N(C(C)C)(C(C)C)CCCCCB(c1ccc(C)cc1)(c1c(F)c(F)c(F)c(F)c1F),Cc1ccc(B(CCCCCN(C(C)C)C(C)C)c2c(F)c(F)c(F)c(F)c2F)cc1,True,0.4
template_augmentation,intramolecular_N_B_alkyl,N,isopropyl,isopropyl,p_tolyl,pentafluorophenyl,C6,N(C(C)C)(C(C)C)CCCCCCB(c1ccc(C)cc1)(c1c(F)c(F)c(F)c(F)c1F),Cc1ccc(B(CCCCCCN(C(C)C)C(C)C)c2c(F)c(F)c(F)c(F)c2F)cc1,True,0.4
template_augmentation,intramolecular_N_B_alkyl,N,isopropyl,isopropyl,p_tolyl,pentachlorophenyl,C1,N(C(C)C)(C(C)C)CB(c1ccc(C)cc1)(c1c(Cl)c(Cl)c(Cl)c(Cl)c1Cl),Cc1ccc(B(CN(C(C)C)C(C)C)c2c(Cl)c(Cl)c(Cl)c(Cl)c2Cl)cc1,True,0.3829787234042553
template_augmentation,intramolecular_N_B_alkyl,N,isopropyl,isopropyl,p_tolyl,pentachlorophenyl,C2,N(C(C)C)(C(C)C)CCB(c1ccc(C)cc1)(c1c(Cl)c(Cl)c(Cl)c(Cl)c1Cl),Cc1ccc(B(CCN(C(C)C)C(C)C)c2c(Cl)c(Cl)c(Cl)c(Cl)c2Cl)cc1,True,0.3695652173913043
template_augmentation,intramolecular_N_B_alkyl,N,isopropyl,isopropyl,p_tolyl,pentachlorophenyl,C3,N(C(C)C)(C(C)C)CCCB(c1ccc(C)cc1)(c1c(Cl)c(Cl)c(Cl)c(Cl)c1Cl),Cc1ccc(B(CCCN(C(C)C)C(C)C)c2c(Cl)c(Cl)c(Cl)c(Cl)c2Cl)cc1,True,0.3877551020408163
template_augmentation,intramolecular_N_B_alkyl,N,isopropyl,isopropyl,p_tolyl,pentachlorophenyl,C4,N(C(C)C)(C(C)C)CCCCB(c1ccc(C)cc1)(c1c(Cl)c(Cl)c(Cl)c(Cl)c1Cl),Cc1ccc(B(CCCCN(C(C)C)C(C)C)c2c(Cl)c(Cl)c(Cl)c(Cl)c2Cl)cc1,True,0.40816326530612246
template_augmentation,intramolecular_N_B_alkyl,N,isopropyl,isopropyl,p_tolyl,pentachlorophenyl,C5,N(C(C)C)(C(C)C)CCCCCB(c1ccc(C)cc1)(c1c(Cl)c(Cl)c(Cl)c(Cl)c1Cl),Cc1ccc(B(CCCCCN(C(C)C)C(C)C)c2c(Cl)c(Cl)c(Cl)c(Cl)c2Cl)cc1,True,0.4
template_augmentation,intramolecular_N_B_alkyl,N,isopropyl,isopropyl,p_tolyl,pentachlorophenyl,C6,N(C(C)C)(C(C)C)CCCCCCB(c1ccc(C)cc1)(c1c(Cl)c(Cl)c(Cl)c(Cl)c1Cl),Cc1ccc(B(CCCCCCN(C(C)C)C(C)C)c2c(Cl)c(Cl)c(Cl)c(Cl)c2Cl)cc1,True,0.4
template_augmentation,intramolecular_N_B_alkyl,N,isopropyl,isopropyl,p_tolyl,bis_cf3_phenyl,C1,N(C(C)C)(C(C)C)CB(c1ccc(C)cc1)(c1cc(C(F)(F)F)cc(C(F)(F)F)c1),Cc1ccc(B(CN(C(C)C)C(C)C)c2cc(C(F)(F)F)cc(C(F)(F)F)c2)cc1,True,0.4418604651162791
template_augmentation,intramolecular_N_B_alkyl,N,isopropyl,isopropyl,p_tolyl,bis_cf3_phenyl,C2,N(C(C)C)(C(C)C)CCB(c1ccc(C)cc1)(c1cc(C(F)(F)F)cc(C(F)(F)F)c1),Cc1ccc(B(CCN(C(C)C)C(C)C)c2cc(C(F)(F)F)cc(C(F)(F)F)c2)cc1,True,0.4222222222222222
template_augmentation,intramolecular_N_B_alkyl,N,isopropyl,isopropyl,p_tolyl,bis_cf3_phenyl,C3,N(C(C)C)(C(C)C)CCCB(c1ccc(C)cc1)(c1cc(C(F)(F)F)cc(C(F)(F)F)c1),Cc1ccc(B(CCCN(C(C)C)C(C)C)c2cc(C(F)(F)F)cc(C(F)(F)F)c2)cc1,True,0.40425531914893614
template_augmentation,intramolecular_N_B_alkyl,N,isopropyl,isopropyl,p_tolyl,bis_cf3_phenyl,C4,N(C(C)C)(C(C)C)CCCCB(c1ccc(C)cc1)(c1cc(C(F)(F)F)cc(C(F)(F)F)c1),Cc1ccc(B(CCCCN(C(C)C)C(C)C)c2cc(C(F)(F)F)cc(C(F)(F)F)c2)cc1,True,0.3958333333333333
template_augmentation,intramolecular_N_B_alkyl,N,isopropyl,isopropyl,p_tolyl,bis_cf3_phenyl,C5,N(C(C)C)(C(C)C)CCCCCB(c1ccc(C)cc1)(c1cc(C(F)(F)F)cc(C(F)(F)F)c1),Cc1ccc(B(CCCCCN(C(C)C)C(C)C)c2cc(C(F)(F)F)cc(C(F)(F)F)c2)cc1,True,0.3877551020408163
template_augmentation,intramolecular_N_B_alkyl,N,isopropyl,isopropyl,p_tolyl,bis_cf3_phenyl,C6,N(C(C)C)(C(C)C)CCCCCCB(c1ccc(C)cc1)(c1cc(C(F)(F)F)cc(C(F)(F)F)c1),Cc1ccc(B(CCCCCCN(C(C)C)C(C)C)c2cc(C(F)(F)F)cc(C(F)(F)F)c2)cc1,True,0.3877551020408163
template_augmentation,intramolecular_N_B_alkyl,N,isopropyl,isopropyl,mesityl,mesityl,C1,N(C(C)C)(C(C)C)CB(c1c(C)cc(C)cc1C)(c1c(C)cc(C)cc1C),Cc1cc(C)c(B(CN(C(C)C)C(C)C)c2c(C)cc(C)cc2C)c(C)c1,True,0.3409090909090909
template_augmentation,intramolecular_N_B_alkyl,N,isopropyl,isopropyl,mesityl,mesityl,C2,N(C(C)C)(C(C)C)CCB(c1c(C)cc(C)cc1C)(c1c(C)cc(C)cc1C),Cc1cc(C)c(B(CCN(C(C)C)C(C)C)c2c(C)cc(C)cc2C)c(C)c1,True,0.35714285714285715
template_augmentation,intramolecular_N_B_alkyl,N,isopropyl,isopropyl,mesityl,mesityl,C3,N(C(C)C)(C(C)C)CCCB(c1c(C)cc(C)cc1C)(c1c(C)cc(C)cc1C),Cc1cc(C)c(B(CCCN(C(C)C)C(C)C)c2c(C)cc(C)cc2C)c(C)c1,True,0.37777777777777777
template_augmentation,intramolecular_N_B_alkyl,N,isopropyl,isopropyl,mesityl,mesityl,C4,N(C(C)C)(C(C)C)CCCCB(c1c(C)cc(C)cc1C)(c1c(C)cc(C)cc1C),Cc1cc(C)c(B(CCCCN(C(C)C)C(C)C)c2c(C)cc(C)cc2C)c(C)c1,True,0.4
template_augmentation,intramolecular_N_B_alkyl,N,isopropyl,isopropyl,mesityl,mesityl,C5,N(C(C)C)(C(C)C)CCCCCB(c1c(C)cc(C)cc1C)(c1c(C)cc(C)cc1C),Cc1cc(C)c(B(CCCCCN(C(C)C)C(C)C)c2c(C)cc(C)cc2C)c(C)c1,True,0.391304347826087
template_augmentation,intramolecular_N_B_alkyl,N,isopropyl,isopropyl,mesityl,mesityl,C6,N(C(C)C)(C(C)C)CCCCCCB(c1c(C)cc(C)cc1C)(c1c(C)cc(C)cc1C),Cc1cc(C)c(B(CCCCCCN(C(C)C)C(C)C)c2c(C)cc(C)cc2C)c(C)c1,True,0.391304347826087
template_augmentation,intramolecular_N_B_alkyl,N,isopropyl,isopropyl,mesityl,pentafluorophenyl,C1,N(C(C)C)(C(C)C)CB(c1c(C)cc(C)cc1C)(c1c(F)c(F)c(F)c(F)c1F),Cc1cc(C)c(B(CN(C(C)C)C(C)C)c2c(F)c(F)c(F)c(F)c2F)c(C)c1,True,0.4772727272727273
template_augmentation,intramolecular_N_B_alkyl,N,isopropyl,isopropyl,mesityl,pentafluorophenyl,C2,N(C(C)C)(C(C)C)CCB(c1c(C)cc(C)cc1C)(c1c(F)c(F)c(F)c(F)c1F),Cc1cc(C)c(B(CCN(C(C)C)C(C)C)c2c(F)c(F)c(F)c(F)c2F)c(C)c1,True,0.5
template_augmentation,intramolecular_N_B_alkyl,N,isopropyl,isopropyl,mesityl,pentafluorophenyl,C3,N(C(C)C)(C(C)C)CCCB(c1c(C)cc(C)cc1C)(c1c(F)c(F)c(F)c(F)c1F),Cc1cc(C)c(B(CCCN(C(C)C)C(C)C)c2c(F)c(F)c(F)c(F)c2F)c(C)c1,True,0.5111111111111111
template_augmentation,intramolecular_N_B_alkyl,N,isopropyl,isopropyl,mesityl,pentafluorophenyl,C4,N(C(C)C)(C(C)C)CCCCB(c1c(C)cc(C)cc1C)(c1c(F)c(F)c(F)c(F)c1F),Cc1cc(C)c(B(CCCCN(C(C)C)C(C)C)c2c(F)c(F)c(F)c(F)c2F)c(C)c1,True,0.5333333333333333
template_augmentation,intramolecular_N_B_alkyl,N,isopropyl,isopropyl,mesityl,pentafluorophenyl,C5,N(C(C)C)(C(C)C)CCCCCB(c1c(C)cc(C)cc1C)(c1c(F)c(F)c(F)c(F)c1F),Cc1cc(C)c(B(CCCCCN(C(C)C)C(C)C)c2c(F)c(F)c(F)c(F)c2F)c(C)c1,True,0.5217391304347826
template_augmentation,intramolecular_N_B_alkyl,N,isopropyl,isopropyl,mesityl,pentafluorophenyl,C6,N(C(C)C)(C(C)C)CCCCCCB(c1c(C)cc(C)cc1C)(c1c(F)c(F)c(F)c(F)c1F),Cc1cc(C)c(B(CCCCCCN(C(C)C)C(C)C)c2c(F)c(F)c(F)c(F)c2F)c(C)c1,True,0.5217391304347826
template_augmentation,intramolecular_N_B_alkyl,N,isopropyl,isopropyl,mesityl,pentachlorophenyl,C1,N(C(C)C)(C(C)C)CB(c1c(C)cc(C)cc1C)(c1c(Cl)c(Cl)c(Cl)c(Cl)c1Cl),Cc1cc(C)c(B(CN(C(C)C)C(C)C)c2c(Cl)c(Cl)c(Cl)c(Cl)c2Cl)c(C)c1,True,0.4772727272727273
template_augmentation,intramolecular_N_B_alkyl,N,isopropyl,isopropyl,mesityl,pentachlorophenyl,C2,N(C(C)C)(C(C)C)CCB(c1c(C)cc(C)cc1C)(c1c(Cl)c(Cl)c(Cl)c(Cl)c1Cl),Cc1cc(C)c(B(CCN(C(C)C)C(C)C)c2c(Cl)c(Cl)c(Cl)c(Cl)c2Cl)c(C)c1,True,0.5
template_augmentation,intramolecular_N_B_alkyl,N,isopropyl,isopropyl,mesityl,pentachlorophenyl,C3,N(C(C)C)(C(C)C)CCCB(c1c(C)cc(C)cc1C)(c1c(Cl)c(Cl)c(Cl)c(Cl)c1Cl),Cc1cc(C)c(B(CCCN(C(C)C)C(C)C)c2c(Cl)c(Cl)c(Cl)c(Cl)c2Cl)c(C)c1,True,0.5111111111111111
template_augmentation,intramolecular_N_B_alkyl,N,isopropyl,isopropyl,mesityl,pentachlorophenyl,C4,N(C(C)C)(C(C)C)CCCCB(c1c(C)cc(C)cc1C)(c1c(Cl)c(Cl)c(Cl)c(Cl)c1Cl),Cc1cc(C)c(B(CCCCN(C(C)C)C(C)C)c2c(Cl)c(Cl)c(Cl)c(Cl)c2Cl)c(C)c1,True,0.5333333333333333
template_augmentation,intramolecular_N_B_alkyl,N,isopropyl,isopropyl,mesityl,pentachlorophenyl,C5,N(C(C)C)(C(C)C)CCCCCB(c1c(C)cc(C)cc1C)(c1c(Cl)c(Cl)c(Cl)c(Cl)c1Cl),Cc1cc(C)c(B(CCCCCN(C(C)C)C(C)C)c2c(Cl)c(Cl)c(Cl)c(Cl)c2Cl)c(C)c1,True,0.5217391304347826
template_augmentation,intramolecular_N_B_alkyl,N,isopropyl,isopropyl,mesityl,pentachlorophenyl,C6,N(C(C)C)(C(C)C)CCCCCCB(c1c(C)cc(C)cc1C)(c1c(Cl)c(Cl)c(Cl)c(Cl)c1Cl),Cc1cc(C)c(B(CCCCCCN(C(C)C)C(C)C)c2c(Cl)c(Cl)c(Cl)c(Cl)c2Cl)c(C)c1,True,0.5217391304347826
template_augmentation,intramolecular_N_B_alkyl,N,isopropyl,isopropyl,mesityl,bis_cf3_phenyl,C1,N(C(C)C)(C(C)C)CB(c1c(C)cc(C)cc1C)(c1cc(C(F)(F)F)cc(C(F)(F)F)c1),Cc1cc(C)c(B(CN(C(C)C)C(C)C)c2cc(C(F)(F)F)cc(C(F)(F)F)c2)c(C)c1,True,0.4318181818181818
template_augmentation,intramolecular_N_B_alkyl,N,isopropyl,isopropyl,mesityl,bis_cf3_phenyl,C2,N(C(C)C)(C(C)C)CCB(c1c(C)cc(C)cc1C)(c1cc(C(F)(F)F)cc(C(F)(F)F)c1),Cc1cc(C)c(B(CCN(C(C)C)C(C)C)c2cc(C(F)(F)F)cc(C(F)(F)F)c2)c(C)c1,True,0.41304347826086957
template_augmentation,intramolecular_N_B_alkyl,N,isopropyl,isopropyl,mesityl,bis_cf3_phenyl,C3,N(C(C)C)(C(C)C)CCCB(c1c(C)cc(C)cc1C)(c1cc(C(F)(F)F)cc(C(F)(F)F)c1),Cc1cc(C)c(B(CCCN(C(C)C)C(C)C)c2cc(C(F)(F)F)cc(C(F)(F)F)c2)c(C)c1,True,0.3958333333333333
template_augmentation,intramolecular_N_B_alkyl,N,isopropyl,isopropyl,mesityl,bis_cf3_phenyl,C4,N(C(C)C)(C(C)C)CCCCB(c1c(C)cc(C)cc1C)(c1cc(C(F)(F)F)cc(C(F)(F)F)c1),Cc1cc(C)c(B(CCCCN(C(C)C)C(C)C)c2cc(C(F)(F)F)cc(C(F)(F)F)c2)c(C)c1,True,0.3877551020408163
template_augmentation,intramolecular_N_B_alkyl,N,isopropyl,isopropyl,mesityl,bis_cf3_phenyl,C5,N(C(C)C)(C(C)C)CCCCCB(c1c(C)cc(C)cc1C)(c1cc(C(F)(F)F)cc(C(F)(F)F)c1),Cc1cc(C)c(B(CCCCCN(C(C)C)C(C)C)c2cc(C(F)(F)F)cc(C(F)(F)F)c2)c(C)c1,True,0.38
template_augmentation,intramolecular_N_B_alkyl,N,isopropyl,isopropyl,mesityl,bis_cf3_phenyl,C6,N(C(C)C)(C(C)C)CCCCCCB(c1c(C)cc(C)cc1C)(c1cc(C(F)(F)F)cc(C(F)(F)F)c1),Cc1cc(C)c(B(CCCCCCN(C(C)C)C(C)C)c2cc(C(F)(F)F)cc(C(F)(F)F)c2)c(C)c1,True,0.38
template_augmentation,intramolecular_N_B_alkyl,N,isopropyl,isopropyl,pentafluorophenyl,pentafluorophenyl,C1,N(C(C)C)(C(C)C)CB(c1c(F)c(F)c(F)c(F)c1F)(c1c(F)c(F)c(F)c(F)c1F),CC(C)N(CB(c1c(F)c(F)c(F)c(F)c1F)c1c(F)c(F)c(F)c(F)c1F)C(C)C,True,0.42424242424242425
template_augmentation,intramolecular_N_B_alkyl,N,isopropyl,isopropyl,pentafluorophenyl,pentafluorophenyl,C2,N(C(C)C)(C(C)C)CCB(c1c(F)c(F)c(F)c(F)c1F)(c1c(F)c(F)c(F)c(F)c1F),CC(C)N(CCB(c1c(F)c(F)c(F)c(F)c1F)c1c(F)c(F)c(F)c(F)c1F)C(C)C,True,0.4
template_augmentation,intramolecular_N_B_alkyl,N,isopropyl,isopropyl,pentafluorophenyl,pentafluorophenyl,C3,N(C(C)C)(C(C)C)CCCB(c1c(F)c(F)c(F)c(F)c1F)(c1c(F)c(F)c(F)c(F)c1F),CC(C)N(CCCB(c1c(F)c(F)c(F)c(F)c1F)c1c(F)c(F)c(F)c(F)c1F)C(C)C,True,0.3902439024390244
template_augmentation,intramolecular_N_B_alkyl,N,isopropyl,isopropyl,pentafluorophenyl,pentafluorophenyl,C4,N(C(C)C)(C(C)C)CCCCB(c1c(F)c(F)c(F)c(F)c1F)(c1c(F)c(F)c(F)c(F)c1F),CC(C)N(CCCCB(c1c(F)c(F)c(F)c(F)c1F)c1c(F)c(F)c(F)c(F)c1F)C(C)C,True,0.3953488372093023
template_augmentation,intramolecular_N_B_alkyl,N,isopropyl,isopropyl,pentafluorophenyl,pentafluorophenyl,C5,N(C(C)C)(C(C)C)CCCCCB(c1c(F)c(F)c(F)c(F)c1F)(c1c(F)c(F)c(F)c(F)c1F),CC(C)N(CCCCCB(c1c(F)c(F)c(F)c(F)c1F)c1c(F)c(F)c(F)c(F)c1F)C(C)C,True,0.38636363636363635
template_augmentation,intramolecular_N_B_alkyl,N,isopropyl,isopropyl,pentafluorophenyl,pentafluorophenyl,C6,N(C(C)C)(C(C)C)CCCCCCB(c1c(F)c(F)c(F)c(F)c1F)(c1c(F)c(F)c(F)c(F)c1F),CC(C)N(CCCCCCB(c1c(F)c(F)c(F)c(F)c1F)c1c(F)c(F)c(F)c(F)c1F)C(C)C,True,0.38636363636363635
template_augmentation,intramolecular_N_B_alkyl,N,isopropyl,isopropyl,pentafluorophenyl,pentachlorophenyl,C1,N(C(C)C)(C(C)C)CB(c1c(F)c(F)c(F)c(F)c1F)(c1c(Cl)c(Cl)c(Cl)c(Cl)c1Cl),CC(C)N(CB(c1c(F)c(F)c(F)c(F)c1F)c1c(Cl)c(Cl)c(Cl)c(Cl)c1Cl)C(C)C,True,0.358974358974359
template_augmentation,intramolecular_N_B_alkyl,N,isopropyl,isopropyl,pentafluorophenyl,pentachlorophenyl,C2,N(C(C)C)(C(C)C)CCB(c1c(F)c(F)c(F)c(F)c1F)(c1c(Cl)c(Cl)c(Cl)c(Cl)c1Cl),CC(C)N(CCB(c1c(F)c(F)c(F)c(F)c1F)c1c(Cl)c(Cl)c(Cl)c(Cl)c1Cl)C(C)C,True,0.34782608695652173
template_augmentation,intramolecular_N_B_alkyl,N,isopropyl,isopropyl,pentafluorophenyl,pentachlorophenyl,C3,N(C(C)C)(C(C)C)CCCB(c1c(F)c(F)c(F)c(F)c1F)(c1c(Cl)c(Cl)c(Cl)c(Cl)c1Cl),CC(C)N(CCCB(c1c(F)c(F)c(F)c(F)c1F)c1c(Cl)c(Cl)c(Cl)c(Cl)c1Cl)C(C)C,True,0.34782608695652173
template_augmentation,intramolecular_N_B_alkyl,N,isopropyl,isopropyl,pentafluorophenyl,pentachlorophenyl,C4,N(C(C)C)(C(C)C)CCCCB(c1c(F)c(F)c(F)c(F)c1F)(c1c(Cl)c(Cl)c(Cl)c(Cl)c1Cl),CC(C)N(CCCCB(c1c(F)c(F)c(F)c(F)c1F)c1c(Cl)c(Cl)c(Cl)c(Cl)c1Cl)C(C)C,True,0.3695652173913043
template_augmentation,intramolecular_N_B_alkyl,N,isopropyl,isopropyl,pentafluorophenyl,pentachlorophenyl,C5,N(C(C)C)(C(C)C)CCCCCB(c1c(F)c(F)c(F)c(F)c1F)(c1c(Cl)c(Cl)c(Cl)c(Cl)c1Cl),CC(C)N(CCCCCB(c1c(F)c(F)c(F)c(F)c1F)c1c(Cl)c(Cl)c(Cl)c(Cl)c1Cl)C(C)C,True,0.3617021276595745
template_augmentation,intramolecular_N_B_alkyl,N,isopropyl,isopropyl,pentafluorophenyl,pentachlorophenyl,C6,N(C(C)C)(C(C)C)CCCCCCB(c1c(F)c(F)c(F)c(F)c1F)(c1c(Cl)c(Cl)c(Cl)c(Cl)c1Cl),CC(C)N(CCCCCCB(c1c(F)c(F)c(F)c(F)c1F)c1c(Cl)c(Cl)c(Cl)c(Cl)c1Cl)C(C)C,True,0.3617021276595745
template_augmentation,intramolecular_N_B_alkyl,N,isopropyl,isopropyl,pentafluorophenyl,bis_cf3_phenyl,C1,N(C(C)C)(C(C)C)CB(c1c(F)c(F)c(F)c(F)c1F)(c1cc(C(F)(F)F)cc(C(F)(F)F)c1),CC(C)N(CB(c1cc(C(F)(F)F)cc(C(F)(F)F)c1)c1c(F)c(F)c(F)c(F)c1F)C(C)C,True,0.4523809523809524
template_augmentation,intramolecular_N_B_alkyl,N,isopropyl,isopropyl,pentafluorophenyl,bis_cf3_phenyl,C2,N(C(C)C)(C(C)C)CCB(c1c(F)c(F)c(F)c(F)c1F)(c1cc(C(F)(F)F)cc(C(F)(F)F)c1),CC(C)N(CCB(c1cc(C(F)(F)F)cc(C(F)(F)F)c1)c1c(F)c(F)c(F)c(F)c1F)C(C)C,True,0.4318181818181818
template_augmentation,intramolecular_N_B_alkyl,N,isopropyl,isopropyl,pentafluorophenyl,bis_cf3_phenyl,C3,N(C(C)C)(C(C)C)CCCB(c1c(F)c(F)c(F)c(F)c1F)(c1cc(C(F)(F)F)cc(C(F)(F)F)c1),CC(C)N(CCCB(c1cc(C(F)(F)F)cc(C(F)(F)F)c1)c1c(F)c(F)c(F)c(F)c1F)C(C)C,True,0.41304347826086957
template_augmentation,intramolecular_N_B_alkyl,N,isopropyl,isopropyl,pentafluorophenyl,bis_cf3_phenyl,C4,N(C(C)C)(C(C)C)CCCCB(c1c(F)c(F)c(F)c(F)c1F)(c1cc(C(F)(F)F)cc(C(F)(F)F)c1),CC(C)N(CCCCB(c1cc(C(F)(F)F)cc(C(F)(F)F)c1)c1c(F)c(F)c(F)c(F)c1F)C(C)C,True,0.40425531914893614
template_augmentation,intramolecular_N_B_alkyl,N,isopropyl,isopropyl,pentafluorophenyl,bis_cf3_phenyl,C5,N(C(C)C)(C(C)C)CCCCCB(c1c(F)c(F)c(F)c(F)c1F)(c1cc(C(F)(F)F)cc(C(F)(F)F)c1),CC(C)N(CCCCCB(c1cc(C(F)(F)F)cc(C(F)(F)F)c1)c1c(F)c(F)c(F)c(F)c1F)C(C)C,True,0.3958333333333333
template_augmentation,intramolecular_N_B_alkyl,N,isopropyl,isopropyl,pentafluorophenyl,bis_cf3_phenyl,C6,N(C(C)C)(C(C)C)CCCCCCB(c1c(F)c(F)c(F)c(F)c1F)(c1cc(C(F)(F)F)cc(C(F)(F)F)c1),CC(C)N(CCCCCCB(c1cc(C(F)(F)F)cc(C(F)(F)F)c1)c1c(F)c(F)c(F)c(F)c1F)C(C)C,True,0.3958333333333333
template_augmentation,intramolecular_N_B_alkyl,N,isopropyl,isopropyl,pentachlorophenyl,pentachlorophenyl,C1,N(C(C)C)(C(C)C)CB(c1c(Cl)c(Cl)c(Cl)c(Cl)c1Cl)(c1c(Cl)c(Cl)c(Cl)c(Cl)c1Cl),CC(C)N(CB(c1c(Cl)c(Cl)c(Cl)c(Cl)c1Cl)c1c(Cl)c(Cl)c(Cl)c(Cl)c1Cl)C(C)C,True,0.42424242424242425
template_augmentation,intramolecular_N_B_alkyl,N,isopropyl,isopropyl,pentachlorophenyl,pentachlorophenyl,C2,N(C(C)C)(C(C)C)CCB(c1c(Cl)c(Cl)c(Cl)c(Cl)c1Cl)(c1c(Cl)c(Cl)c(Cl)c(Cl)c1Cl),CC(C)N(CCB(c1c(Cl)c(Cl)c(Cl)c(Cl)c1Cl)c1c(Cl)c(Cl)c(Cl)c(Cl)c1Cl)C(C)C,True,0.4
template_augmentation,intramolecular_N_B_alkyl,N,isopropyl,isopropyl,pentachlorophenyl,pentachlorophenyl,C3,N(C(C)C)(C(C)C)CCCB(c1c(Cl)c(Cl)c(Cl)c(Cl)c1Cl)(c1c(Cl)c(Cl)c(Cl)c(Cl)c1Cl),CC(C)N(CCCB(c1c(Cl)c(Cl)c(Cl)c(Cl)c1Cl)c1c(Cl)c(Cl)c(Cl)c(Cl)c1Cl)C(C)C,True,0.3902439024390244
template_augmentation,intramolecular_N_B_alkyl,N,isopropyl,isopropyl,pentachlorophenyl,pentachlorophenyl,C4,N(C(C)C)(C(C)C)CCCCB(c1c(Cl)c(Cl)c(Cl)c(Cl)c1Cl)(c1c(Cl)c(Cl)c(Cl)c(Cl)c1Cl),CC(C)N(CCCCB(c1c(Cl)c(Cl)c(Cl)c(Cl)c1Cl)c1c(Cl)c(Cl)c(Cl)c(Cl)c1Cl)C(C)C,True,0.4
template_augmentation,intramolecular_N_B_alkyl,N,isopropyl,isopropyl,pentachlorophenyl,pentachlorophenyl,C5,N(C(C)C)(C(C)C)CCCCCB(c1c(Cl)c(Cl)c(Cl)c(Cl)c1Cl)(c1c(Cl)c(Cl)c(Cl)c(Cl)c1Cl),CC(C)N(CCCCCB(c1c(Cl)c(Cl)c(Cl)c(Cl)c1Cl)c1c(Cl)c(Cl)c(Cl)c(Cl)c1Cl)C(C)C,True,0.3902439024390244
template_augmentation,intramolecular_N_B_alkyl,N,isopropyl,isopropyl,pentachlorophenyl,pentachlorophenyl,C6,N(C(C)C)(C(C)C)CCCCCCB(c1c(Cl)c(Cl)c(Cl)c(Cl)c1Cl)(c1c(Cl)c(Cl)c(Cl)c(Cl)c1Cl),CC(C)N(CCCCCCB(c1c(Cl)c(Cl)c(Cl)c(Cl)c1Cl)c1c(Cl)c(Cl)c(Cl)c(Cl)c1Cl)C(C)C,True,0.3902439024390244
template_augmentation,intramolecular_N_B_alkyl,N,isopropyl,isopropyl,pentachlorophenyl,bis_cf3_phenyl,C1,N(C(C)C)(C(C)C)CB(c1c(Cl)c(Cl)c(Cl)c(Cl)c1Cl)(c1cc(C(F)(F)F)cc(C(F)(F)F)c1),CC(C)N(CB(c1cc(C(F)(F)F)cc(C(F)(F)F)c1)c1c(Cl)c(Cl)c(Cl)c(Cl)c1Cl)C(C)C,True,0.4418604651162791
template_augmentation,intramolecular_N_B_alkyl,N,isopropyl,isopropyl,pentachlorophenyl,bis_cf3_phenyl,C2,N(C(C)C)(C(C)C)CCB(c1c(Cl)c(Cl)c(Cl)c(Cl)c1Cl)(c1cc(C(F)(F)F)cc(C(F)(F)F)c1),CC(C)N(CCB(c1cc(C(F)(F)F)cc(C(F)(F)F)c1)c1c(Cl)c(Cl)c(Cl)c(Cl)c1Cl)C(C)C,True,0.4222222222222222
template_augmentation,intramolecular_N_B_alkyl,N,isopropyl,isopropyl,pentachlorophenyl,bis_cf3_phenyl,C3,N(C(C)C)(C(C)C)CCCB(c1c(Cl)c(Cl)c(Cl)c(Cl)c1Cl)(c1cc(C(F)(F)F)cc(C(F)(F)F)c1),CC(C)N(CCCB(c1cc(C(F)(F)F)cc(C(F)(F)F)c1)c1c(Cl)c(Cl)c(Cl)c(Cl)c1Cl)C(C)C,True,0.40425531914893614
template_augmentation,intramolecular_N_B_alkyl,N,isopropyl,isopropyl,pentachlorophenyl,bis_cf3_phenyl,C4,N(C(C)C)(C(C)C)CCCCB(c1c(Cl)c(Cl)c(Cl)c(Cl)c1Cl)(c1cc(C(F)(F)F)cc(C(F)(F)F)c1),CC(C)N(CCCCB(c1cc(C(F)(F)F)cc(C(F)(F)F)c1)c1c(Cl)c(Cl)c(Cl)c(Cl)c1Cl)C(C)C,True,0.3958333333333333
template_augmentation,intramolecular_N_B_alkyl,N,isopropyl,isopropyl,pentachlorophenyl,bis_cf3_phenyl,C5,N(C(C)C)(C(C)C)CCCCCB(c1c(Cl)c(Cl)c(Cl)c(Cl)c1Cl)(c1cc(C(F)(F)F)cc(C(F)(F)F)c1),CC(C)N(CCCCCB(c1cc(C(F)(F)F)cc(C(F)(F)F)c1)c1c(Cl)c(Cl)c(Cl)c(Cl)c1Cl)C(C)C,True,0.3877551020408163
template_augmentation,intramolecular_N_B_alkyl,N,isopropyl,isopropyl,pentachlorophenyl,bis_cf3_phenyl,C6,N(C(C)C)(C(C)C)CCCCCCB(c1c(Cl)c(Cl)c(Cl)c(Cl)c1Cl)(c1cc(C(F)(F)F)cc(C(F)(F)F)c1),CC(C)N(CCCCCCB(c1cc(C(F)(F)F)cc(C(F)(F)F)c1)c1c(Cl)c(Cl)c(Cl)c(Cl)c1Cl)C(C)C,True,0.3877551020408163
template_augmentation,intramolecular_N_B_alkyl,N,isopropyl,isopropyl,bis_cf3_phenyl,bis_cf3_phenyl,C1,N(C(C)C)(C(C)C)CB(c1cc(C(F)(F)F)cc(C(F)(F)F)c1)(c1cc(C(F)(F)F)cc(C(F)(F)F)c1),CC(C)N(CB(c1cc(C(F)(F)F)cc(C(F)(F)F)c1)c1cc(C(F)(F)F)cc(C(F)(F)F)c1)C(C)C,True,0.5277777777777778
template_augmentation,intramolecular_N_B_alkyl,N,isopropyl,isopropyl,bis_cf3_phenyl,bis_cf3_phenyl,C2,N(C(C)C)(C(C)C)CCB(c1cc(C(F)(F)F)cc(C(F)(F)F)c1)(c1cc(C(F)(F)F)cc(C(F)(F)F)c1),CC(C)N(CCB(c1cc(C(F)(F)F)cc(C(F)(F)F)c1)c1cc(C(F)(F)F)cc(C(F)(F)F)c1)C(C)C,True,0.5
template_augmentation,intramolecular_N_B_alkyl,N,isopropyl,isopropyl,bis_cf3_phenyl,bis_cf3_phenyl,C3,N(C(C)C)(C(C)C)CCCB(c1cc(C(F)(F)F)cc(C(F)(F)F)c1)(c1cc(C(F)(F)F)cc(C(F)(F)F)c1),CC(C)N(CCCB(c1cc(C(F)(F)F)cc(C(F)(F)F)c1)c1cc(C(F)(F)F)cc(C(F)(F)F)c1)C(C)C,True,0.475
template_augmentation,intramolecular_N_B_alkyl,N,isopropyl,isopropyl,bis_cf3_phenyl,bis_cf3_phenyl,C4,N(C(C)C)(C(C)C)CCCCB(c1cc(C(F)(F)F)cc(C(F)(F)F)c1)(c1cc(C(F)(F)F)cc(C(F)(F)F)c1),CC(C)N(CCCCB(c1cc(C(F)(F)F)cc(C(F)(F)F)c1)c1cc(C(F)(F)F)cc(C(F)(F)F)c1)C(C)C,True,0.4634146341463415
template_augmentation,intramolecular_N_B_alkyl,N,isopropyl,isopropyl,bis_cf3_phenyl,bis_cf3_phenyl,C5,N(C(C)C)(C(C)C)CCCCCB(c1cc(C(F)(F)F)cc(C(F)(F)F)c1)(c1cc(C(F)(F)F)cc(C(F)(F)F)c1),CC(C)N(CCCCCB(c1cc(C(F)(F)F)cc(C(F)(F)F)c1)c1cc(C(F)(F)F)cc(C(F)(F)F)c1)C(C)C,True,0.4523809523809524
template_augmentation,intramolecular_N_B_alkyl,N,isopropyl,isopropyl,bis_cf3_phenyl,bis_cf3_phenyl,C6,N(C(C)C)(C(C)C)CCCCCCB(c1cc(C(F)(F)F)cc(C(F)(F)F)c1)(c1cc(C(F)(F)F)cc(C(F)(F)F)c1),CC(C)N(CCCCCCB(c1cc(C(F)(F)F)cc(C(F)(F)F)c1)c1cc(C(F)(F)F)cc(C(F)(F)F)c1)C(C)C,True,0.4523809523809524
template_augmentation,intramolecular_N_B_alkyl,N,isopropyl,cyclohexyl,phenyl,phenyl,C1,N(C(C)C)(C1CCCCC1)CB(c1ccccc1)(c1ccccc1),CC(C)N(CB(c1ccccc1)c1ccccc1)C1CCCCC1,True,0.3191489361702128
template_augmentation,intramolecular_N_B_alkyl,N,isopropyl,cyclohexyl,phenyl,phenyl,C2,N(C(C)C)(C1CCCCC1)CCB(c1ccccc1)(c1ccccc1),CC(C)N(CCB(c1ccccc1)c1ccccc1)C1CCCCC1,True,0.30612244897959184
template_augmentation,intramolecular_N_B_alkyl,N,isopropyl,cyclohexyl,phenyl,phenyl,C3,N(C(C)C)(C1CCCCC1)CCCB(c1ccccc1)(c1ccccc1),CC(C)N(CCCB(c1ccccc1)c1ccccc1)C1CCCCC1,True,0.29411764705882354
template_augmentation,intramolecular_N_B_alkyl,N,isopropyl,cyclohexyl,phenyl,phenyl,C4,N(C(C)C)(C1CCCCC1)CCCCB(c1ccccc1)(c1ccccc1),CC(C)N(CCCCB(c1ccccc1)c1ccccc1)C1CCCCC1,True,0.28846153846153844
template_augmentation,intramolecular_N_B_alkyl,N,isopropyl,cyclohexyl,phenyl,phenyl,C5,N(C(C)C)(C1CCCCC1)CCCCCB(c1ccccc1)(c1ccccc1),CC(C)N(CCCCCB(c1ccccc1)c1ccccc1)C1CCCCC1,True,0.2830188679245283
template_augmentation,intramolecular_N_B_alkyl,N,isopropyl,cyclohexyl,phenyl,phenyl,C6,N(C(C)C)(C1CCCCC1)CCCCCCB(c1ccccc1)(c1ccccc1),CC(C)N(CCCCCCB(c1ccccc1)c1ccccc1)C1CCCCC1,True,0.2830188679245283
template_augmentation,intramolecular_N_B_alkyl,N,isopropyl,cyclohexyl,phenyl,p_tolyl,C1,N(C(C)C)(C1CCCCC1)CB(c1ccccc1)(c1ccc(C)cc1),Cc1ccc(B(CN(C(C)C)C2CCCCC2)c2ccccc2)cc1,True,0.28846153846153844
template_augmentation,intramolecular_N_B_alkyl,N,isopropyl,cyclohexyl,phenyl,p_tolyl,C2,N(C(C)C)(C1CCCCC1)CCB(c1ccccc1)(c1ccc(C)cc1),Cc1ccc(B(CCN(C(C)C)C2CCCCC2)c2ccccc2)cc1,True,0.2777777777777778
template_augmentation,intramolecular_N_B_alkyl,N,isopropyl,cyclohexyl,phenyl,p_tolyl,C3,N(C(C)C)(C1CCCCC1)CCCB(c1ccccc1)(c1ccc(C)cc1),Cc1ccc(B(CCCN(C(C)C)C2CCCCC2)c2ccccc2)cc1,True,0.26785714285714285
template_augmentation,intramolecular_N_B_alkyl,N,isopropyl,cyclohexyl,phenyl,p_tolyl,C4,N(C(C)C)(C1CCCCC1)CCCCB(c1ccccc1)(c1ccc(C)cc1),Cc1ccc(B(CCCCN(C(C)C)C2CCCCC2)c2ccccc2)cc1,True,0.2631578947368421
template_augmentation,intramolecular_N_B_alkyl,N,isopropyl,cyclohexyl,phenyl,p_tolyl,C5,N(C(C)C)(C1CCCCC1)CCCCCB(c1ccccc1)(c1ccc(C)cc1),Cc1ccc(B(CCCCCN(C(C)C)C2CCCCC2)c2ccccc2)cc1,True,0.25862068965517243
template_augmentation,intramolecular_N_B_alkyl,N,isopropyl,cyclohexyl,phenyl,p_tolyl,C6,N(C(C)C)(C1CCCCC1)CCCCCCB(c1ccccc1)(c1ccc(C)cc1),Cc1ccc(B(CCCCCCN(C(C)C)C2CCCCC2)c2ccccc2)cc1,True,0.25862068965517243
template_augmentation,intramolecular_N_B_alkyl,N,isopropyl,cyclohexyl,phenyl,mesityl,C1,N(C(C)C)(C1CCCCC1)CB(c1ccccc1)(c1c(C)cc(C)cc1C),Cc1cc(C)c(B(CN(C(C)C)C2CCCCC2)c2ccccc2)c(C)c1,True,0.375
template_augmentation,intramolecular_N_B_alkyl,N,isopropyl,cyclohexyl,phenyl,mesityl,C2,N(C(C)C)(C1CCCCC1)CCB(c1ccccc1)(c1c(C)cc(C)cc1C),Cc1cc(C)c(B(CCN(C(C)C)C2CCCCC2)c2ccccc2)c(C)c1,True,0.3620689655172414
template_augmentation,intramolecular_N_B_alkyl,N,isopropyl,cyclohexyl,phenyl,mesityl,C3,N(C(C)C)(C1CCCCC1)CCCB(c1ccccc1)(c1c(C)cc(C)cc1C),Cc1cc(C)c(B(CCCN(C(C)C)C2CCCCC2)c2ccccc2)c(C)c1,True,0.35
template_augmentation,intramolecular_N_B_alkyl,N,isopropyl,cyclohexyl,phenyl,mesityl,C4,N(C(C)C)(C1CCCCC1)CCCCB(c1ccccc1)(c1c(C)cc(C)cc1C),Cc1cc(C)c(B(CCCCN(C(C)C)C2CCCCC2)c2ccccc2)c(C)c1,True,0.3442622950819672
template_augmentation,intramolecular_N_B_alkyl,N,isopropyl,cyclohexyl,phenyl,mesityl,C5,N(C(C)C)(C1CCCCC1)CCCCCB(c1ccccc1)(c1c(C)cc(C)cc1C),Cc1cc(C)c(B(CCCCCN(C(C)C)C2CCCCC2)c2ccccc2)c(C)c1,True,0.3387096774193548
template_augmentation,intramolecular_N_B_alkyl,N,isopropyl,cyclohexyl,phenyl,mesityl,C6,N(C(C)C)(C1CCCCC1)CCCCCCB(c1ccccc1)(c1c(C)cc(C)cc1C),Cc1cc(C)c(B(CCCCCCN(C(C)C)C2CCCCC2)c2ccccc2)c(C)c1,True,0.3387096774193548
template_augmentation,intramolecular_N_B_alkyl,N,isopropyl,cyclohexyl,phenyl,pentafluorophenyl,C1,N(C(C)C)(C1CCCCC1)CB(c1ccccc1)(c1c(F)c(F)c(F)c(F)c1F),CC(C)N(CB(c1ccccc1)c1c(F)c(F)c(F)c(F)c1F)C1CCCCC1,True,0.37735849056603776
template_augmentation,intramolecular_N_B_alkyl,N,isopropyl,cyclohexyl,phenyl,pentafluorophenyl,C2,N(C(C)C)(C1CCCCC1)CCB(c1ccccc1)(c1c(F)c(F)c(F)c(F)c1F),CC(C)N(CCB(c1ccccc1)c1c(F)c(F)c(F)c(F)c1F)C1CCCCC1,True,0.37735849056603776
template_augmentation,intramolecular_N_B_alkyl,N,isopropyl,cyclohexyl,phenyl,pentafluorophenyl,C3,N(C(C)C)(C1CCCCC1)CCCB(c1ccccc1)(c1c(F)c(F)c(F)c(F)c1F),CC(C)N(CCCB(c1ccccc1)c1c(F)c(F)c(F)c(F)c1F)C1CCCCC1,True,0.37037037037037035
template_augmentation,intramolecular_N_B_alkyl,N,isopropyl,cyclohexyl,phenyl,pentafluorophenyl,C4,N(C(C)C)(C1CCCCC1)CCCCB(c1ccccc1)(c1c(F)c(F)c(F)c(F)c1F),CC(C)N(CCCCB(c1ccccc1)c1c(F)c(F)c(F)c(F)c1F)C1CCCCC1,True,0.37037037037037035
template_augmentation,intramolecular_N_B_alkyl,N,isopropyl,cyclohexyl,phenyl,pentafluorophenyl,C5,N(C(C)C)(C1CCCCC1)CCCCCB(c1ccccc1)(c1c(F)c(F)c(F)c(F)c1F),CC(C)N(CCCCCB(c1ccccc1)c1c(F)c(F)c(F)c(F)c1F)C1CCCCC1,True,0.36363636363636365
template_augmentation,intramolecular_N_B_alkyl,N,isopropyl,cyclohexyl,phenyl,pentafluorophenyl,C6,N(C(C)C)(C1CCCCC1)CCCCCCB(c1ccccc1)(c1c(F)c(F)c(F)c(F)c1F),CC(C)N(CCCCCCB(c1ccccc1)c1c(F)c(F)c(F)c(F)c1F)C1CCCCC1,True,0.36363636363636365
template_augmentation,intramolecular_N_B_alkyl,N,isopropyl,cyclohexyl,phenyl,pentachlorophenyl,C1,N(C(C)C)(C1CCCCC1)CB(c1ccccc1)(c1c(Cl)c(Cl)c(Cl)c(Cl)c1Cl),CC(C)N(CB(c1ccccc1)c1c(Cl)c(Cl)c(Cl)c(Cl)c1Cl)C1CCCCC1,True,0.37254901960784315
template_augmentation,intramolecular_N_B_alkyl,N,isopropyl,cyclohexyl,phenyl,pentachlorophenyl,C2,N(C(C)C)(C1CCCCC1)CCB(c1ccccc1)(c1c(Cl)c(Cl)c(Cl)c(Cl)c1Cl),CC(C)N(CCB(c1ccccc1)c1c(Cl)c(Cl)c(Cl)c(Cl)c1Cl)C1CCCCC1,True,0.38461538461538464
template_augmentation,intramolecular_N_B_alkyl,N,isopropyl,cyclohexyl,phenyl,pentachlorophenyl,C3,N(C(C)C)(C1CCCCC1)CCCB(c1ccccc1)(c1c(Cl)c(Cl)c(Cl)c(Cl)c1Cl),CC(C)N(CCCB(c1ccccc1)c1c(Cl)c(Cl)c(Cl)c(Cl)c1Cl)C1CCCCC1,True,0.37735849056603776
template_augmentation,intramolecular_N_B_alkyl,N,isopropyl,cyclohexyl,phenyl,pentachlorophenyl,C4,N(C(C)C)(C1CCCCC1)CCCCB(c1ccccc1)(c1c(Cl)c(Cl)c(Cl)c(Cl)c1Cl),CC(C)N(CCCCB(c1ccccc1)c1c(Cl)c(Cl)c(Cl)c(Cl)c1Cl)C1CCCCC1,True,0.37037037037037035
template_augmentation,intramolecular_N_B_alkyl,N,isopropyl,cyclohexyl,phenyl,pentachlorophenyl,C5,N(C(C)C)(C1CCCCC1)CCCCCB(c1ccccc1)(c1c(Cl)c(Cl)c(Cl)c(Cl)c1Cl),CC(C)N(CCCCCB(c1ccccc1)c1c(Cl)c(Cl)c(Cl)c(Cl)c1Cl)C1CCCCC1,True,0.36363636363636365
template_augmentation,intramolecular_N_B_alkyl,N,isopropyl,cyclohexyl,phenyl,pentachlorophenyl,C6,N(C(C)C)(C1CCCCC1)CCCCCCB(c1ccccc1)(c1c(Cl)c(Cl)c(Cl)c(Cl)c1Cl),CC(C)N(CCCCCCB(c1ccccc1)c1c(Cl)c(Cl)c(Cl)c(Cl)c1Cl)C1CCCCC1,True,0.36363636363636365
template_augmentation,intramolecular_N_B_alkyl,N,isopropyl,cyclohexyl,phenyl,bis_cf3_phenyl,C1,N(C(C)C)(C1CCCCC1)CB(c1ccccc1)(c1cc(C(F)(F)F)cc(C(F)(F)F)c1),CC(C)N(CB(c1ccccc1)c1cc(C(F)(F)F)cc(C(F)(F)F)c1)C1CCCCC1,True,0.38
template_augmentation,intramolecular_N_B_alkyl,N,isopropyl,cyclohexyl,phenyl,bis_cf3_phenyl,C2,N(C(C)C)(C1CCCCC1)CCB(c1ccccc1)(c1cc(C(F)(F)F)cc(C(F)(F)F)c1),CC(C)N(CCB(c1ccccc1)c1cc(C(F)(F)F)cc(C(F)(F)F)c1)C1CCCCC1,True,0.36538461538461536
template_augmentation,intramolecular_N_B_alkyl,N,isopropyl,cyclohexyl,phenyl,bis_cf3_phenyl,C3,N(C(C)C)(C1CCCCC1)CCCB(c1ccccc1)(c1cc(C(F)(F)F)cc(C(F)(F)F)c1),CC(C)N(CCCB(c1ccccc1)c1cc(C(F)(F)F)cc(C(F)(F)F)c1)C1CCCCC1,True,0.35185185185185186
template_augmentation,intramolecular_N_B_alkyl,N,isopropyl,cyclohexyl,phenyl,bis_cf3_phenyl,C4,N(C(C)C)(C1CCCCC1)CCCCB(c1ccccc1)(c1cc(C(F)(F)F)cc(C(F)(F)F)c1),CC(C)N(CCCCB(c1ccccc1)c1cc(C(F)(F)F)cc(C(F)(F)F)c1)C1CCCCC1,True,0.34545454545454546
template_augmentation,intramolecular_N_B_alkyl,N,isopropyl,cyclohexyl,phenyl,bis_cf3_phenyl,C5,N(C(C)C)(C1CCCCC1)CCCCCB(c1ccccc1)(c1cc(C(F)(F)F)cc(C(F)(F)F)c1),CC(C)N(CCCCCB(c1ccccc1)c1cc(C(F)(F)F)cc(C(F)(F)F)c1)C1CCCCC1,True,0.3392857142857143
template_augmentation,intramolecular_N_B_alkyl,N,isopropyl,cyclohexyl,phenyl,bis_cf3_phenyl,C6,N(C(C)C)(C1CCCCC1)CCCCCCB(c1ccccc1)(c1cc(C(F)(F)F)cc(C(F)(F)F)c1),CC(C)N(CCCCCCB(c1ccccc1)c1cc(C(F)(F)F)cc(C(F)(F)F)c1)C1CCCCC1,True,0.3392857142857143
template_augmentation,intramolecular_N_B_alkyl,N,isopropyl,cyclohexyl,p_tolyl,p_tolyl,C1,N(C(C)C)(C1CCCCC1)CB(c1ccc(C)cc1)(c1ccc(C)cc1),Cc1ccc(B(CN(C(C)C)C2CCCCC2)c2ccc(C)cc2)cc1,True,0.23214285714285715
template_augmentation,intramolecular_N_B_alkyl,N,isopropyl,cyclohexyl,p_tolyl,p_tolyl,C2,N(C(C)C)(C1CCCCC1)CCB(c1ccc(C)cc1)(c1ccc(C)cc1),Cc1ccc(B(CCN(C(C)C)C2CCCCC2)c2ccc(C)cc2)cc1,True,0.24074074074074073
template_augmentation,intramolecular_N_B_alkyl,N,isopropyl,cyclohexyl,p_tolyl,p_tolyl,C3,N(C(C)C)(C1CCCCC1)CCCB(c1ccc(C)cc1)(c1ccc(C)cc1),Cc1ccc(B(CCCN(C(C)C)C2CCCCC2)c2ccc(C)cc2)cc1,True,0.23636363636363636
template_augmentation,intramolecular_N_B_alkyl,N,isopropyl,cyclohexyl,p_tolyl,p_tolyl,C4,N(C(C)C)(C1CCCCC1)CCCCB(c1ccc(C)cc1)(c1ccc(C)cc1),Cc1ccc(B(CCCCN(C(C)C)C2CCCCC2)c2ccc(C)cc2)cc1,True,0.23214285714285715
template_augmentation,intramolecular_N_B_alkyl,N,isopropyl,cyclohexyl,p_tolyl,p_tolyl,C5,N(C(C)C)(C1CCCCC1)CCCCCB(c1ccc(C)cc1)(c1ccc(C)cc1),Cc1ccc(B(CCCCCN(C(C)C)C2CCCCC2)c2ccc(C)cc2)cc1,True,0.22807017543859648
template_augmentation,intramolecular_N_B_alkyl,N,isopropyl,cyclohexyl,p_tolyl,p_tolyl,C6,N(C(C)C)(C1CCCCC1)CCCCCCB(c1ccc(C)cc1)(c1ccc(C)cc1),Cc1ccc(B(CCCCCCN(C(C)C)C2CCCCC2)c2ccc(C)cc2)cc1,True,0.22807017543859648
template_augmentation,intramolecular_N_B_alkyl,N,isopropyl,cyclohexyl,p_tolyl,mesityl,C1,N(C(C)C)(C1CCCCC1)CB(c1ccc(C)cc1)(c1c(C)cc(C)cc1C),Cc1ccc(B(CN(C(C)C)C2CCCCC2)c2c(C)cc(C)cc2C)cc1,True,0.3333333333333333
template_augmentation,intramolecular_N_B_alkyl,N,isopropyl,cyclohexyl,p_tolyl,mesityl,C2,N(C(C)C)(C1CCCCC1)CCB(c1ccc(C)cc1)(c1c(C)cc(C)cc1C),Cc1ccc(B(CCN(C(C)C)C2CCCCC2)c2c(C)cc(C)cc2C)cc1,True,0.3220338983050847
template_augmentation,intramolecular_N_B_alkyl,N,isopropyl,cyclohexyl,p_tolyl,mesityl,C3,N(C(C)C)(C1CCCCC1)CCCB(c1ccc(C)cc1)(c1c(C)cc(C)cc1C),Cc1ccc(B(CCCN(C(C)C)C2CCCCC2)c2c(C)cc(C)cc2C)cc1,True,0.3114754098360656
template_augmentation,intramolecular_N_B_alkyl,N,isopropyl,cyclohexyl,p_tolyl,mesityl,C4,N(C(C)C)(C1CCCCC1)CCCCB(c1ccc(C)cc1)(c1c(C)cc(C)cc1C),Cc1ccc(B(CCCCN(C(C)C)C2CCCCC2)c2c(C)cc(C)cc2C)cc1,True,0.3064516129032258
template_augmentation,intramolecular_N_B_alkyl,N,isopropyl,cyclohexyl,p_tolyl,mesityl,C5,N(C(C)C)(C1CCCCC1)CCCCCB(c1ccc(C)cc1)(c1c(C)cc(C)cc1C),Cc1ccc(B(CCCCCN(C(C)C)C2CCCCC2)c2c(C)cc(C)cc2C)cc1,True,0.30158730158730157
template_augmentation,intramolecular_N_B_alkyl,N,isopropyl,cyclohexyl,p_tolyl,mesityl,C6,N(C(C)C)(C1CCCCC1)CCCCCCB(c1ccc(C)cc1)(c1c(C)cc(C)cc1C),Cc1ccc(B(CCCCCCN(C(C)C)C2CCCCC2)c2c(C)cc(C)cc2C)cc1,True,0.30158730158730157
template_augmentation,intramolecular_N_B_alkyl,N,isopropyl,cyclohexyl,p_tolyl,pentafluorophenyl,C1,N(C(C)C)(C1CCCCC1)CB(c1ccc(C)cc1)(c1c(F)c(F)c(F)c(F)c1F),Cc1ccc(B(CN(C(C)C)C2CCCCC2)c2c(F)c(F)c(F)c(F)c2F)cc1,True,0.3584905660377358
template_augmentation,intramolecular_N_B_alkyl,N,isopropyl,cyclohexyl,p_tolyl,pentafluorophenyl,C2,N(C(C)C)(C1CCCCC1)CCB(c1ccc(C)cc1)(c1c(F)c(F)c(F)c(F)c1F),Cc1ccc(B(CCN(C(C)C)C2CCCCC2)c2c(F)c(F)c(F)c(F)c2F)cc1,True,0.37037037037037035
template_augmentation,intramolecular_N_B_alkyl,N,isopropyl,cyclohexyl,p_tolyl,pentafluorophenyl,C3,N(C(C)C)(C1CCCCC1)CCCB(c1ccc(C)cc1)(c1c(F)c(F)c(F)c(F)c1F),Cc1ccc(B(CCCN(C(C)C)C2CCCCC2)c2c(F)c(F)c(F)c(F)c2F)cc1,True,0.36363636363636365
template_augmentation,intramolecular_N_B_alkyl,N,isopropyl,cyclohexyl,p_tolyl,pentafluorophenyl,C4,N(C(C)C)(C1CCCCC1)CCCCB(c1ccc(C)cc1)(c1c(F)c(F)c(F)c(F)c1F),Cc1ccc(B(CCCCN(C(C)C)C2CCCCC2)c2c(F)c(F)c(F)c(F)c2F)cc1,True,0.35714285714285715
template_augmentation,intramolecular_N_B_alkyl,N,isopropyl,cyclohexyl,p_tolyl,pentafluorophenyl,C5,N(C(C)C)(C1CCCCC1)CCCCCB(c1ccc(C)cc1)(c1c(F)c(F)c(F)c(F)c1F),Cc1ccc(B(CCCCCN(C(C)C)C2CCCCC2)c2c(F)c(F)c(F)c(F)c2F)cc1,True,0.3508771929824561
template_augmentation,intramolecular_N_B_alkyl,N,isopropyl,cyclohexyl,p_tolyl,pentafluorophenyl,C6,N(C(C)C)(C1CCCCC1)CCCCCCB(c1ccc(C)cc1)(c1c(F)c(F)c(F)c(F)c1F),Cc1ccc(B(CCCCCCN(C(C)C)C2CCCCC2)c2c(F)c(F)c(F)c(F)c2F)cc1,True,0.3508771929824561
template_augmentation,intramolecular_N_B_alkyl,N,isopropyl,cyclohexyl,p_tolyl,pentachlorophenyl,C1,N(C(C)C)(C1CCCCC1)CB(c1ccc(C)cc1)(c1c(Cl)c(Cl)c(Cl)c(Cl)c1Cl),Cc1ccc(B(CN(C(C)C)C2CCCCC2)c2c(Cl)c(Cl)c(Cl)c(Cl)c2Cl)cc1,True,0.3584905660377358
template_augmentation,intramolecular_N_B_alkyl,N,isopropyl,cyclohexyl,p_tolyl,pentachlorophenyl,C2,N(C(C)C)(C1CCCCC1)CCB(c1ccc(C)cc1)(c1c(Cl)c(Cl)c(Cl)c(Cl)c1Cl),Cc1ccc(B(CCN(C(C)C)C2CCCCC2)c2c(Cl)c(Cl)c(Cl)c(Cl)c2Cl)cc1,True,0.37037037037037035
template_augmentation,intramolecular_N_B_alkyl,N,isopropyl,cyclohexyl,p_tolyl,pentachlorophenyl,C3,N(C(C)C)(C1CCCCC1)CCCB(c1ccc(C)cc1)(c1c(Cl)c(Cl)c(Cl)c(Cl)c1Cl),Cc1ccc(B(CCCN(C(C)C)C2CCCCC2)c2c(Cl)c(Cl)c(Cl)c(Cl)c2Cl)cc1,True,0.36363636363636365
template_augmentation,intramolecular_N_B_alkyl,N,isopropyl,cyclohexyl,p_tolyl,pentachlorophenyl,C4,N(C(C)C)(C1CCCCC1)CCCCB(c1ccc(C)cc1)(c1c(Cl)c(Cl)c(Cl)c(Cl)c1Cl),Cc1ccc(B(CCCCN(C(C)C)C2CCCCC2)c2c(Cl)c(Cl)c(Cl)c(Cl)c2Cl)cc1,True,0.35714285714285715
template_augmentation,intramolecular_N_B_alkyl,N,isopropyl,cyclohexyl,p_tolyl,pentachlorophenyl,C5,N(C(C)C)(C1CCCCC1)CCCCCB(c1ccc(C)cc1)(c1c(Cl)c(Cl)c(Cl)c(Cl)c1Cl),Cc1ccc(B(CCCCCN(C(C)C)C2CCCCC2)c2c(Cl)c(Cl)c(Cl)c(Cl)c2Cl)cc1,True,0.3508771929824561
template_augmentation,intramolecular_N_B_alkyl,N,isopropyl,cyclohexyl,p_tolyl,pentachlorophenyl,C6,N(C(C)C)(C1CCCCC1)CCCCCCB(c1ccc(C)cc1)(c1c(Cl)c(Cl)c(Cl)c(Cl)c1Cl),Cc1ccc(B(CCCCCCN(C(C)C)C2CCCCC2)c2c(Cl)c(Cl)c(Cl)c(Cl)c2Cl)cc1,True,0.3508771929824561
template_augmentation,intramolecular_N_B_alkyl,N,isopropyl,cyclohexyl,p_tolyl,bis_cf3_phenyl,C1,N(C(C)C)(C1CCCCC1)CB(c1ccc(C)cc1)(c1cc(C(F)(F)F)cc(C(F)(F)F)c1),Cc1ccc(B(CN(C(C)C)C2CCCCC2)c2cc(C(F)(F)F)cc(C(F)(F)F)c2)cc1,True,0.37254901960784315
template_augmentation,intramolecular_N_B_alkyl,N,isopropyl,cyclohexyl,p_tolyl,bis_cf3_phenyl,C2,N(C(C)C)(C1CCCCC1)CCB(c1ccc(C)cc1)(c1cc(C(F)(F)F)cc(C(F)(F)F)c1),Cc1ccc(B(CCN(C(C)C)C2CCCCC2)c2cc(C(F)(F)F)cc(C(F)(F)F)c2)cc1,True,0.3584905660377358
template_augmentation,intramolecular_N_B_alkyl,N,isopropyl,cyclohexyl,p_tolyl,bis_cf3_phenyl,C3,N(C(C)C)(C1CCCCC1)CCCB(c1ccc(C)cc1)(c1cc(C(F)(F)F)cc(C(F)(F)F)c1),Cc1ccc(B(CCCN(C(C)C)C2CCCCC2)c2cc(C(F)(F)F)cc(C(F)(F)F)c2)cc1,True,0.34545454545454546
template_augmentation,intramolecular_N_B_alkyl,N,isopropyl,cyclohexyl,p_tolyl,bis_cf3_phenyl,C4,N(C(C)C)(C1CCCCC1)CCCCB(c1ccc(C)cc1)(c1cc(C(F)(F)F)cc(C(F)(F)F)c1),Cc1ccc(B(CCCCN(C(C)C)C2CCCCC2)c2cc(C(F)(F)F)cc(C(F)(F)F)c2)cc1,True,0.3392857142857143
template_augmentation,intramolecular_N_B_alkyl,N,isopropyl,cyclohexyl,p_tolyl,bis_cf3_phenyl,C5,N(C(C)C)(C1CCCCC1)CCCCCB(c1ccc(C)cc1)(c1cc(C(F)(F)F)cc(C(F)(F)F)c1),Cc1ccc(B(CCCCCN(C(C)C)C2CCCCC2)c2cc(C(F)(F)F)cc(C(F)(F)F)c2)cc1,True,0.3333333333333333
template_augmentation,intramolecular_N_B_alkyl,N,isopropyl,cyclohexyl,p_tolyl,bis_cf3_phenyl,C6,N(C(C)C)(C1CCCCC1)CCCCCCB(c1ccc(C)cc1)(c1cc(C(F)(F)F)cc(C(F)(F)F)c1),Cc1ccc(B(CCCCCCN(C(C)C)C2CCCCC2)c2cc(C(F)(F)F)cc(C(F)(F)F)c2)cc1,True,0.3333333333333333
template_augmentation,intramolecular_N_B_alkyl,N,isopropyl,cyclohexyl,mesityl,mesityl,C1,N(C(C)C)(C1CCCCC1)CB(c1c(C)cc(C)cc1C)(c1c(C)cc(C)cc1C),Cc1cc(C)c(B(CN(C(C)C)C2CCCCC2)c2c(C)cc(C)cc2C)c(C)c1,True,0.34615384615384615
template_augmentation,intramolecular_N_B_alkyl,N,isopropyl,cyclohexyl,mesityl,mesityl,C2,N(C(C)C)(C1CCCCC1)CCB(c1c(C)cc(C)cc1C)(c1c(C)cc(C)cc1C),Cc1cc(C)c(B(CCN(C(C)C)C2CCCCC2)c2c(C)cc(C)cc2C)c(C)c1,True,0.3333333333333333
template_augmentation,intramolecular_N_B_alkyl,N,isopropyl,cyclohexyl,mesityl,mesityl,C3,N(C(C)C)(C1CCCCC1)CCCB(c1c(C)cc(C)cc1C)(c1c(C)cc(C)cc1C),Cc1cc(C)c(B(CCCN(C(C)C)C2CCCCC2)c2c(C)cc(C)cc2C)c(C)c1,True,0.32142857142857145
template_augmentation,intramolecular_N_B_alkyl,N,isopropyl,cyclohexyl,mesityl,mesityl,C4,N(C(C)C)(C1CCCCC1)CCCCB(c1c(C)cc(C)cc1C)(c1c(C)cc(C)cc1C),Cc1cc(C)c(B(CCCCN(C(C)C)C2CCCCC2)c2c(C)cc(C)cc2C)c(C)c1,True,0.3333333333333333
template_augmentation,intramolecular_N_B_alkyl,N,isopropyl,cyclohexyl,mesityl,mesityl,C5,N(C(C)C)(C1CCCCC1)CCCCCB(c1c(C)cc(C)cc1C)(c1c(C)cc(C)cc1C),Cc1cc(C)c(B(CCCCCN(C(C)C)C2CCCCC2)c2c(C)cc(C)cc2C)c(C)c1,True,0.32727272727272727
template_augmentation,intramolecular_N_B_alkyl,N,isopropyl,cyclohexyl,mesityl,mesityl,C6,N(C(C)C)(C1CCCCC1)CCCCCCB(c1c(C)cc(C)cc1C)(c1c(C)cc(C)cc1C),Cc1cc(C)c(B(CCCCCCN(C(C)C)C2CCCCC2)c2c(C)cc(C)cc2C)c(C)c1,True,0.32727272727272727
template_augmentation,intramolecular_N_B_alkyl,N,isopropyl,cyclohexyl,mesityl,pentafluorophenyl,C1,N(C(C)C)(C1CCCCC1)CB(c1c(C)cc(C)cc1C)(c1c(F)c(F)c(F)c(F)c1F),Cc1cc(C)c(B(CN(C(C)C)C2CCCCC2)c2c(F)c(F)c(F)c(F)c2F)c(C)c1,True,0.42592592592592593
template_augmentation,intramolecular_N_B_alkyl,N,isopropyl,cyclohexyl,mesityl,pentafluorophenyl,C2,N(C(C)C)(C1CCCCC1)CCB(c1c(C)cc(C)cc1C)(c1c(F)c(F)c(F)c(F)c1F),Cc1cc(C)c(B(CCN(C(C)C)C2CCCCC2)c2c(F)c(F)c(F)c(F)c2F)c(C)c1,True,0.4117647058823529
template_augmentation,intramolecular_N_B_alkyl,N,isopropyl,cyclohexyl,mesityl,pentafluorophenyl,C3,N(C(C)C)(C1CCCCC1)CCCB(c1c(C)cc(C)cc1C)(c1c(F)c(F)c(F)c(F)c1F),Cc1cc(C)c(B(CCCN(C(C)C)C2CCCCC2)c2c(F)c(F)c(F)c(F)c2F)c(C)c1,True,0.42592592592592593
template_augmentation,intramolecular_N_B_alkyl,N,isopropyl,cyclohexyl,mesityl,pentafluorophenyl,C4,N(C(C)C)(C1CCCCC1)CCCCB(c1c(C)cc(C)cc1C)(c1c(F)c(F)c(F)c(F)c1F),Cc1cc(C)c(B(CCCCN(C(C)C)C2CCCCC2)c2c(F)c(F)c(F)c(F)c2F)c(C)c1,True,0.4444444444444444
template_augmentation,intramolecular_N_B_alkyl,N,isopropyl,cyclohexyl,mesityl,pentafluorophenyl,C5,N(C(C)C)(C1CCCCC1)CCCCCB(c1c(C)cc(C)cc1C)(c1c(F)c(F)c(F)c(F)c1F),Cc1cc(C)c(B(CCCCCN(C(C)C)C2CCCCC2)c2c(F)c(F)c(F)c(F)c2F)c(C)c1,True,0.43636363636363634
template_augmentation,intramolecular_N_B_alkyl,N,isopropyl,cyclohexyl,mesityl,pentafluorophenyl,C6,N(C(C)C)(C1CCCCC1)CCCCCCB(c1c(C)cc(C)cc1C)(c1c(F)c(F)c(F)c(F)c1F),Cc1cc(C)c(B(CCCCCCN(C(C)C)C2CCCCC2)c2c(F)c(F)c(F)c(F)c2F)c(C)c1,True,0.43636363636363634
template_augmentation,intramolecular_N_B_alkyl,N,isopropyl,cyclohexyl,mesityl,pentachlorophenyl,C1,N(C(C)C)(C1CCCCC1)CB(c1c(C)cc(C)cc1C)(c1c(Cl)c(Cl)c(Cl)c(Cl)c1Cl),Cc1cc(C)c(B(CN(C(C)C)C2CCCCC2)c2c(Cl)c(Cl)c(Cl)c(Cl)c2Cl)c(C)c1,True,0.42592592592592593
template_augmentation,intramolecular_N_B_alkyl,N,isopropyl,cyclohexyl,mesityl,pentachlorophenyl,C2,N(C(C)C)(C1CCCCC1)CCB(c1c(C)cc(C)cc1C)(c1c(Cl)c(Cl)c(Cl)c(Cl)c1Cl),Cc1cc(C)c(B(CCN(C(C)C)C2CCCCC2)c2c(Cl)c(Cl)c(Cl)c(Cl)c2Cl)c(C)c1,True,0.4117647058823529
template_augmentation,intramolecular_N_B_alkyl,N,isopropyl,cyclohexyl,mesityl,pentachlorophenyl,C3,N(C(C)C)(C1CCCCC1)CCCB(c1c(C)cc(C)cc1C)(c1c(Cl)c(Cl)c(Cl)c(Cl)c1Cl),Cc1cc(C)c(B(CCCN(C(C)C)C2CCCCC2)c2c(Cl)c(Cl)c(Cl)c(Cl)c2Cl)c(C)c1,True,0.42592592592592593
template_augmentation,intramolecular_N_B_alkyl,N,isopropyl,cyclohexyl,mesityl,pentachlorophenyl,C4,N(C(C)C)(C1CCCCC1)CCCCB(c1c(C)cc(C)cc1C)(c1c(Cl)c(Cl)c(Cl)c(Cl)c1Cl),Cc1cc(C)c(B(CCCCN(C(C)C)C2CCCCC2)c2c(Cl)c(Cl)c(Cl)c(Cl)c2Cl)c(C)c1,True,0.4444444444444444
template_augmentation,intramolecular_N_B_alkyl,N,isopropyl,cyclohexyl,mesityl,pentachlorophenyl,C5,N(C(C)C)(C1CCCCC1)CCCCCB(c1c(C)cc(C)cc1C)(c1c(Cl)c(Cl)c(Cl)c(Cl)c1Cl),Cc1cc(C)c(B(CCCCCN(C(C)C)C2CCCCC2)c2c(Cl)c(Cl)c(Cl)c(Cl)c2Cl)c(C)c1,True,0.43636363636363634
template_augmentation,intramolecular_N_B_alkyl,N,isopropyl,cyclohexyl,mesityl,pentachlorophenyl,C6,N(C(C)C)(C1CCCCC1)CCCCCCB(c1c(C)cc(C)cc1C)(c1c(Cl)c(Cl)c(Cl)c(Cl)c1Cl),Cc1cc(C)c(B(CCCCCCN(C(C)C)C2CCCCC2)c2c(Cl)c(Cl)c(Cl)c(Cl)c2Cl)c(C)c1,True,0.43636363636363634
template_augmentation,intramolecular_N_B_alkyl,N,isopropyl,cyclohexyl,mesityl,bis_cf3_phenyl,C1,N(C(C)C)(C1CCCCC1)CB(c1c(C)cc(C)cc1C)(c1cc(C(F)(F)F)cc(C(F)(F)F)c1),Cc1cc(C)c(B(CN(C(C)C)C2CCCCC2)c2cc(C(F)(F)F)cc(C(F)(F)F)c2)c(C)c1,True,0.36538461538461536
template_augmentation,intramolecular_N_B_alkyl,N,isopropyl,cyclohexyl,mesityl,bis_cf3_phenyl,C2,N(C(C)C)(C1CCCCC1)CCB(c1c(C)cc(C)cc1C)(c1cc(C(F)(F)F)cc(C(F)(F)F)c1),Cc1cc(C)c(B(CCN(C(C)C)C2CCCCC2)c2cc(C(F)(F)F)cc(C(F)(F)F)c2)c(C)c1,True,0.35185185185185186
template_augmentation,intramolecular_N_B_alkyl,N,isopropyl,cyclohexyl,mesityl,bis_cf3_phenyl,C3,N(C(C)C)(C1CCCCC1)CCCB(c1c(C)cc(C)cc1C)(c1cc(C(F)(F)F)cc(C(F)(F)F)c1),Cc1cc(C)c(B(CCCN(C(C)C)C2CCCCC2)c2cc(C(F)(F)F)cc(C(F)(F)F)c2)c(C)c1,True,0.3392857142857143
template_augmentation,intramolecular_N_B_alkyl,N,isopropyl,cyclohexyl,mesityl,bis_cf3_phenyl,C4,N(C(C)C)(C1CCCCC1)CCCCB(c1c(C)cc(C)cc1C)(c1cc(C(F)(F)F)cc(C(F)(F)F)c1),Cc1cc(C)c(B(CCCCN(C(C)C)C2CCCCC2)c2cc(C(F)(F)F)cc(C(F)(F)F)c2)c(C)c1,True,0.3333333333333333
template_augmentation,intramolecular_N_B_alkyl,N,isopropyl,cyclohexyl,mesityl,bis_cf3_phenyl,C5,N(C(C)C)(C1CCCCC1)CCCCCB(c1c(C)cc(C)cc1C)(c1cc(C(F)(F)F)cc(C(F)(F)F)c1),Cc1cc(C)c(B(CCCCCN(C(C)C)C2CCCCC2)c2cc(C(F)(F)F)cc(C(F)(F)F)c2)c(C)c1,True,0.3275862068965517
template_augmentation,intramolecular_N_B_alkyl,N,isopropyl,cyclohexyl,mesityl,bis_cf3_phenyl,C6,N(C(C)C)(C1CCCCC1)CCCCCCB(c1c(C)cc(C)cc1C)(c1cc(C(F)(F)F)cc(C(F)(F)F)c1),Cc1cc(C)c(B(CCCCCCN(C(C)C)C2CCCCC2)c2cc(C(F)(F)F)cc(C(F)(F)F)c2)c(C)c1,True,0.3275862068965517
template_augmentation,intramolecular_N_B_alkyl,N,isopropyl,cyclohexyl,pentafluorophenyl,pentafluorophenyl,C1,N(C(C)C)(C1CCCCC1)CB(c1c(F)c(F)c(F)c(F)c1F)(c1c(F)c(F)c(F)c(F)c1F),CC(C)N(CB(c1c(F)c(F)c(F)c(F)c1F)c1c(F)c(F)c(F)c(F)c1F)C1CCCCC1,True,0.4318181818181818
template_augmentation,intramolecular_N_B_alkyl,N,isopropyl,cyclohexyl,pentafluorophenyl,pentafluorophenyl,C2,N(C(C)C)(C1CCCCC1)CCB(c1c(F)c(F)c(F)c(F)c1F)(c1c(F)c(F)c(F)c(F)c1F),CC(C)N(CCB(c1c(F)c(F)c(F)c(F)c1F)c1c(F)c(F)c(F)c(F)c1F)C1CCCCC1,True,0.4772727272727273
template_augmentation,intramolecular_N_B_alkyl,N,isopropyl,cyclohexyl,pentafluorophenyl,pentafluorophenyl,C3,N(C(C)C)(C1CCCCC1)CCCB(c1c(F)c(F)c(F)c(F)c1F)(c1c(F)c(F)c(F)c(F)c1F),CC(C)N(CCCB(c1c(F)c(F)c(F)c(F)c1F)c1c(F)c(F)c(F)c(F)c1F)C1CCCCC1,True,0.4666666666666667
template_augmentation,intramolecular_N_B_alkyl,N,isopropyl,cyclohexyl,pentafluorophenyl,pentafluorophenyl,C4,N(C(C)C)(C1CCCCC1)CCCCB(c1c(F)c(F)c(F)c(F)c1F)(c1c(F)c(F)c(F)c(F)c1F),CC(C)N(CCCCB(c1c(F)c(F)c(F)c(F)c1F)c1c(F)c(F)c(F)c(F)c1F)C1CCCCC1,True,0.45652173913043476
template_augmentation,intramolecular_N_B_alkyl,N,isopropyl,cyclohexyl,pentafluorophenyl,pentafluorophenyl,C5,N(C(C)C)(C1CCCCC1)CCCCCB(c1c(F)c(F)c(F)c(F)c1F)(c1c(F)c(F)c(F)c(F)c1F),CC(C)N(CCCCCB(c1c(F)c(F)c(F)c(F)c1F)c1c(F)c(F)c(F)c(F)c1F)C1CCCCC1,True,0.44680851063829785
template_augmentation,intramolecular_N_B_alkyl,N,isopropyl,cyclohexyl,pentafluorophenyl,pentafluorophenyl,C6,N(C(C)C)(C1CCCCC1)CCCCCCB(c1c(F)c(F)c(F)c(F)c1F)(c1c(F)c(F)c(F)c(F)c1F),CC(C)N(CCCCCCB(c1c(F)c(F)c(F)c(F)c1F)c1c(F)c(F)c(F)c(F)c1F)C1CCCCC1,True,0.44680851063829785
template_augmentation,intramolecular_N_B_alkyl,N,isopropyl,cyclohexyl,pentafluorophenyl,pentachlorophenyl,C1,N(C(C)C)(C1CCCCC1)CB(c1c(F)c(F)c(F)c(F)c1F)(c1c(Cl)c(Cl)c(Cl)c(Cl)c1Cl),CC(C)N(CB(c1c(F)c(F)c(F)c(F)c1F)c1c(Cl)c(Cl)c(Cl)c(Cl)c1Cl)C1CCCCC1,True,0.38
template_augmentation,intramolecular_N_B_alkyl,N,isopropyl,cyclohexyl,pentafluorophenyl,pentachlorophenyl,C2,N(C(C)C)(C1CCCCC1)CCB(c1c(F)c(F)c(F)c(F)c1F)(c1c(Cl)c(Cl)c(Cl)c(Cl)c1Cl),CC(C)N(CCB(c1c(F)c(F)c(F)c(F)c1F)c1c(Cl)c(Cl)c(Cl)c(Cl)c1Cl)C1CCCCC1,True,0.42
template_augmentation,intramolecular_N_B_alkyl,N,isopropyl,cyclohexyl,pentafluorophenyl,pentachlorophenyl,C3,N(C(C)C)(C1CCCCC1)CCCB(c1c(F)c(F)c(F)c(F)c1F)(c1c(Cl)c(Cl)c(Cl)c(Cl)c1Cl),CC(C)N(CCCB(c1c(F)c(F)c(F)c(F)c1F)c1c(Cl)c(Cl)c(Cl)c(Cl)c1Cl)C1CCCCC1,True,0.4117647058823529
template_augmentation,intramolecular_N_B_alkyl,N,isopropyl,cyclohexyl,pentafluorophenyl,pentachlorophenyl,C4,N(C(C)C)(C1CCCCC1)CCCCB(c1c(F)c(F)c(F)c(F)c1F)(c1c(Cl)c(Cl)c(Cl)c(Cl)c1Cl),CC(C)N(CCCCB(c1c(F)c(F)c(F)c(F)c1F)c1c(Cl)c(Cl)c(Cl)c(Cl)c1Cl)C1CCCCC1,True,0.40384615384615385
template_augmentation,intramolecular_N_B_alkyl,N,isopropyl,cyclohexyl,pentafluorophenyl,pentachlorophenyl,C5,N(C(C)C)(C1CCCCC1)CCCCCB(c1c(F)c(F)c(F)c(F)c1F)(c1c(Cl)c(Cl)c(Cl)c(Cl)c1Cl),CC(C)N(CCCCCB(c1c(F)c(F)c(F)c(F)c1F)c1c(Cl)c(Cl)c(Cl)c(Cl)c1Cl)C1CCCCC1,True,0.39622641509433965
template_augmentation,intramolecular_N_B_alkyl,N,isopropyl,cyclohexyl,pentafluorophenyl,pentachlorophenyl,C6,N(C(C)C)(C1CCCCC1)CCCCCCB(c1c(F)c(F)c(F)c(F)c1F)(c1c(Cl)c(Cl)c(Cl)c(Cl)c1Cl),CC(C)N(CCCCCCB(c1c(F)c(F)c(F)c(F)c1F)c1c(Cl)c(Cl)c(Cl)c(Cl)c1Cl)C1CCCCC1,True,0.39622641509433965
template_augmentation,intramolecular_N_B_alkyl,N,isopropyl,cyclohexyl,pentafluorophenyl,bis_cf3_phenyl,C1,N(C(C)C)(C1CCCCC1)CB(c1c(F)c(F)c(F)c(F)c1F)(c1cc(C(F)(F)F)cc(C(F)(F)F)c1),CC(C)N(CB(c1cc(C(F)(F)F)cc(C(F)(F)F)c1)c1c(F)c(F)c(F)c(F)c1F)C1CCCCC1,True,0.38
template_augmentation,intramolecular_N_B_alkyl,N,isopropyl,cyclohexyl,pentafluorophenyl,bis_cf3_phenyl,C2,N(C(C)C)(C1CCCCC1)CCB(c1c(F)c(F)c(F)c(F)c1F)(c1cc(C(F)(F)F)cc(C(F)(F)F)c1),CC(C)N(CCB(c1cc(C(F)(F)F)cc(C(F)(F)F)c1)c1c(F)c(F)c(F)c(F)c1F)C1CCCCC1,True,0.36538461538461536
template_augmentation,intramolecular_N_B_alkyl,N,isopropyl,cyclohexyl,pentafluorophenyl,bis_cf3_phenyl,C3,N(C(C)C)(C1CCCCC1)CCCB(c1c(F)c(F)c(F)c(F)c1F)(c1cc(C(F)(F)F)cc(C(F)(F)F)c1),CC(C)N(CCCB(c1cc(C(F)(F)F)cc(C(F)(F)F)c1)c1c(F)c(F)c(F)c(F)c1F)C1CCCCC1,True,0.35185185185185186
template_augmentation,intramolecular_N_B_alkyl,N,isopropyl,cyclohexyl,pentafluorophenyl,bis_cf3_phenyl,C4,N(C(C)C)(C1CCCCC1)CCCCB(c1c(F)c(F)c(F)c(F)c1F)(c1cc(C(F)(F)F)cc(C(F)(F)F)c1),CC(C)N(CCCCB(c1cc(C(F)(F)F)cc(C(F)(F)F)c1)c1c(F)c(F)c(F)c(F)c1F)C1CCCCC1,True,0.34545454545454546
template_augmentation,intramolecular_N_B_alkyl,N,isopropyl,cyclohexyl,pentafluorophenyl,bis_cf3_phenyl,C5,N(C(C)C)(C1CCCCC1)CCCCCB(c1c(F)c(F)c(F)c(F)c1F)(c1cc(C(F)(F)F)cc(C(F)(F)F)c1),CC(C)N(CCCCCB(c1cc(C(F)(F)F)cc(C(F)(F)F)c1)c1c(F)c(F)c(F)c(F)c1F)C1CCCCC1,True,0.3392857142857143
template_augmentation,intramolecular_N_B_alkyl,N,isopropyl,cyclohexyl,pentafluorophenyl,bis_cf3_phenyl,C6,N(C(C)C)(C1CCCCC1)CCCCCCB(c1c(F)c(F)c(F)c(F)c1F)(c1cc(C(F)(F)F)cc(C(F)(F)F)c1),CC(C)N(CCCCCCB(c1cc(C(F)(F)F)cc(C(F)(F)F)c1)c1c(F)c(F)c(F)c(F)c1F)C1CCCCC1,True,0.3392857142857143
template_augmentation,intramolecular_N_B_alkyl,N,isopropyl,cyclohexyl,pentachlorophenyl,pentachlorophenyl,C1,N(C(C)C)(C1CCCCC1)CB(c1c(Cl)c(Cl)c(Cl)c(Cl)c1Cl)(c1c(Cl)c(Cl)c(Cl)c(Cl)c1Cl),CC(C)N(CB(c1c(Cl)c(Cl)c(Cl)c(Cl)c1Cl)c1c(Cl)c(Cl)c(Cl)c(Cl)c1Cl)C1CCCCC1,True,0.4318181818181818
template_augmentation,intramolecular_N_B_alkyl,N,isopropyl,cyclohexyl,pentachlorophenyl,pentachlorophenyl,C2,N(C(C)C)(C1CCCCC1)CCB(c1c(Cl)c(Cl)c(Cl)c(Cl)c1Cl)(c1c(Cl)c(Cl)c(Cl)c(Cl)c1Cl),CC(C)N(CCB(c1c(Cl)c(Cl)c(Cl)c(Cl)c1Cl)c1c(Cl)c(Cl)c(Cl)c(Cl)c1Cl)C1CCCCC1,True,0.4772727272727273
template_augmentation,intramolecular_N_B_alkyl,N,isopropyl,cyclohexyl,pentachlorophenyl,pentachlorophenyl,C3,N(C(C)C)(C1CCCCC1)CCCB(c1c(Cl)c(Cl)c(Cl)c(Cl)c1Cl)(c1c(Cl)c(Cl)c(Cl)c(Cl)c1Cl),CC(C)N(CCCB(c1c(Cl)c(Cl)c(Cl)c(Cl)c1Cl)c1c(Cl)c(Cl)c(Cl)c(Cl)c1Cl)C1CCCCC1,True,0.4666666666666667
template_augmentation,intramolecular_N_B_alkyl,N,isopropyl,cyclohexyl,pentachlorophenyl,pentachlorophenyl,C4,N(C(C)C)(C1CCCCC1)CCCCB(c1c(Cl)c(Cl)c(Cl)c(Cl)c1Cl)(c1c(Cl)c(Cl)c(Cl)c(Cl)c1Cl),CC(C)N(CCCCB(c1c(Cl)c(Cl)c(Cl)c(Cl)c1Cl)c1c(Cl)c(Cl)c(Cl)c(Cl)c1Cl)C1CCCCC1,True,0.45652173913043476
template_augmentation,intramolecular_N_B_alkyl,N,isopropyl,cyclohexyl,pentachlorophenyl,pentachlorophenyl,C5,N(C(C)C)(C1CCCCC1)CCCCCB(c1c(Cl)c(Cl)c(Cl)c(Cl)c1Cl)(c1c(Cl)c(Cl)c(Cl)c(Cl)c1Cl),CC(C)N(CCCCCB(c1c(Cl)c(Cl)c(Cl)c(Cl)c1Cl)c1c(Cl)c(Cl)c(Cl)c(Cl)c1Cl)C1CCCCC1,True,0.44680851063829785
template_augmentation,intramolecular_N_B_alkyl,N,isopropyl,cyclohexyl,pentachlorophenyl,pentachlorophenyl,C6,N(C(C)C)(C1CCCCC1)CCCCCCB(c1c(Cl)c(Cl)c(Cl)c(Cl)c1Cl)(c1c(Cl)c(Cl)c(Cl)c(Cl)c1Cl),CC(C)N(CCCCCCB(c1c(Cl)c(Cl)c(Cl)c(Cl)c1Cl)c1c(Cl)c(Cl)c(Cl)c(Cl)c1Cl)C1CCCCC1,True,0.44680851063829785
template_augmentation,intramolecular_N_B_alkyl,N,isopropyl,cyclohexyl,pentachlorophenyl,bis_cf3_phenyl,C1,N(C(C)C)(C1CCCCC1)CB(c1c(Cl)c(Cl)c(Cl)c(Cl)c1Cl)(c1cc(C(F)(F)F)cc(C(F)(F)F)c1),CC(C)N(CB(c1cc(C(F)(F)F)cc(C(F)(F)F)c1)c1c(Cl)c(Cl)c(Cl)c(Cl)c1Cl)C1CCCCC1,True,0.37254901960784315
template_augmentation,intramolecular_N_B_alkyl,N,isopropyl,cyclohexyl,pentachlorophenyl,bis_cf3_phenyl,C2,N(C(C)C)(C1CCCCC1)CCB(c1c(Cl)c(Cl)c(Cl)c(Cl)c1Cl)(c1cc(C(F)(F)F)cc(C(F)(F)F)c1),CC(C)N(CCB(c1cc(C(F)(F)F)cc(C(F)(F)F)c1)c1c(Cl)c(Cl)c(Cl)c(Cl)c1Cl)C1CCCCC1,True,0.3584905660377358
template_augmentation,intramolecular_N_B_alkyl,N,isopropyl,cyclohexyl,pentachlorophenyl,bis_cf3_phenyl,C3,N(C(C)C)(C1CCCCC1)CCCB(c1c(Cl)c(Cl)c(Cl)c(Cl)c1Cl)(c1cc(C(F)(F)F)cc(C(F)(F)F)c1),CC(C)N(CCCB(c1cc(C(F)(F)F)cc(C(F)(F)F)c1)c1c(Cl)c(Cl)c(Cl)c(Cl)c1Cl)C1CCCCC1,True,0.34545454545454546
template_augmentation,intramolecular_N_B_alkyl,N,isopropyl,cyclohexyl,pentachlorophenyl,bis_cf3_phenyl,C4,N(C(C)C)(C1CCCCC1)CCCCB(c1c(Cl)c(Cl)c(Cl)c(Cl)c1Cl)(c1cc(C(F)(F)F)cc(C(F)(F)F)c1),CC(C)N(CCCCB(c1cc(C(F)(F)F)cc(C(F)(F)F)c1)c1c(Cl)c(Cl)c(Cl)c(Cl)c1Cl)C1CCCCC1,True,0.3392857142857143
template_augmentation,intramolecular_N_B_alkyl,N,isopropyl,cyclohexyl,pentachlorophenyl,bis_cf3_phenyl,C5,N(C(C)C)(C1CCCCC1)CCCCCB(c1c(Cl)c(Cl)c(Cl)c(Cl)c1Cl)(c1cc(C(F)(F)F)cc(C(F)(F)F)c1),CC(C)N(CCCCCB(c1cc(C(F)(F)F)cc(C(F)(F)F)c1)c1c(Cl)c(Cl)c(Cl)c(Cl)c1Cl)C1CCCCC1,True,0.3333333333333333
template_augmentation,intramolecular_N_B_alkyl,N,isopropyl,cyclohexyl,pentachlorophenyl,bis_cf3_phenyl,C6,N(C(C)C)(C1CCCCC1)CCCCCCB(c1c(Cl)c(Cl)c(Cl)c(Cl)c1Cl)(c1cc(C(F)(F)F)cc(C(F)(F)F)c1),CC(C)N(CCCCCCB(c1cc(C(F)(F)F)cc(C(F)(F)F)c1)c1c(Cl)c(Cl)c(Cl)c(Cl)c1Cl)C1CCCCC1,True,0.3333333333333333
template_augmentation,intramolecular_N_B_alkyl,N,isopropyl,cyclohexyl,bis_cf3_phenyl,bis_cf3_phenyl,C1,N(C(C)C)(C1CCCCC1)CB(c1cc(C(F)(F)F)cc(C(F)(F)F)c1)(c1cc(C(F)(F)F)cc(C(F)(F)F)c1),CC(C)N(CB(c1cc(C(F)(F)F)cc(C(F)(F)F)c1)c1cc(C(F)(F)F)cc(C(F)(F)F)c1)C1CCCCC1,True,0.4318181818181818
template_augmentation,intramolecular_N_B_alkyl,N,isopropyl,cyclohexyl,bis_cf3_phenyl,bis_cf3_phenyl,C2,N(C(C)C)(C1CCCCC1)CCB(c1cc(C(F)(F)F)cc(C(F)(F)F)c1)(c1cc(C(F)(F)F)cc(C(F)(F)F)c1),CC(C)N(CCB(c1cc(C(F)(F)F)cc(C(F)(F)F)c1)c1cc(C(F)(F)F)cc(C(F)(F)F)c1)C1CCCCC1,True,0.41304347826086957
template_augmentation,intramolecular_N_B_alkyl,N,isopropyl,cyclohexyl,bis_cf3_phenyl,bis_cf3_phenyl,C3,N(C(C)C)(C1CCCCC1)CCCB(c1cc(C(F)(F)F)cc(C(F)(F)F)c1)(c1cc(C(F)(F)F)cc(C(F)(F)F)c1),CC(C)N(CCCB(c1cc(C(F)(F)F)cc(C(F)(F)F)c1)c1cc(C(F)(F)F)cc(C(F)(F)F)c1)C1CCCCC1,True,0.3958333333333333
template_augmentation,intramolecular_N_B_alkyl,N,isopropyl,cyclohexyl,bis_cf3_phenyl,bis_cf3_phenyl,C4,N(C(C)C)(C1CCCCC1)CCCCB(c1cc(C(F)(F)F)cc(C(F)(F)F)c1)(c1cc(C(F)(F)F)cc(C(F)(F)F)c1),CC(C)N(CCCCB(c1cc(C(F)(F)F)cc(C(F)(F)F)c1)c1cc(C(F)(F)F)cc(C(F)(F)F)c1)C1CCCCC1,True,0.3877551020408163
template_augmentation,intramolecular_N_B_alkyl,N,isopropyl,cyclohexyl,bis_cf3_phenyl,bis_cf3_phenyl,C5,N(C(C)C)(C1CCCCC1)CCCCCB(c1cc(C(F)(F)F)cc(C(F)(F)F)c1)(c1cc(C(F)(F)F)cc(C(F)(F)F)c1),CC(C)N(CCCCCB(c1cc(C(F)(F)F)cc(C(F)(F)F)c1)c1cc(C(F)(F)F)cc(C(F)(F)F)c1)C1CCCCC1,True,0.38
template_augmentation,intramolecular_N_B_alkyl,N,isopropyl,cyclohexyl,bis_cf3_phenyl,bis_cf3_phenyl,C6,N(C(C)C)(C1CCCCC1)CCCCCCB(c1cc(C(F)(F)F)cc(C(F)(F)F)c1)(c1cc(C(F)(F)F)cc(C(F)(F)F)c1),CC(C)N(CCCCCCB(c1cc(C(F)(F)F)cc(C(F)(F)F)c1)c1cc(C(F)(F)F)cc(C(F)(F)F)c1)C1CCCCC1,True,0.38
template_augmentation,intramolecular_N_B_alkyl,N,isopropyl,phenyl,phenyl,phenyl,C1,N(C(C)C)(c1ccccc1)CB(c1ccccc1)(c1ccccc1),CC(C)N(CB(c1ccccc1)c1ccccc1)c1ccccc1,True,0.3157894736842105
template_augmentation,intramolecular_N_B_alkyl,N,isopropyl,phenyl,phenyl,phenyl,C2,N(C(C)C)(c1ccccc1)CCB(c1ccccc1)(c1ccccc1),CC(C)N(CCB(c1ccccc1)c1ccccc1)c1ccccc1,True,0.3
template_augmentation,intramolecular_N_B_alkyl,N,isopropyl,phenyl,phenyl,phenyl,C3,N(C(C)C)(c1ccccc1)CCCB(c1ccccc1)(c1ccccc1),CC(C)N(CCCB(c1ccccc1)c1ccccc1)c1ccccc1,True,0.2857142857142857
template_augmentation,intramolecular_N_B_alkyl,N,isopropyl,phenyl,phenyl,phenyl,C4,N(C(C)C)(c1ccccc1)CCCCB(c1ccccc1)(c1ccccc1),CC(C)N(CCCCB(c1ccccc1)c1ccccc1)c1ccccc1,True,0.27906976744186046
template_augmentation,intramolecular_N_B_alkyl,N,isopropyl,phenyl,phenyl,phenyl,C5,N(C(C)C)(c1ccccc1)CCCCCB(c1ccccc1)(c1ccccc1),CC(C)N(CCCCCB(c1ccccc1)c1ccccc1)c1ccccc1,True,0.2727272727272727
template_augmentation,intramolecular_N_B_alkyl,N,isopropyl,phenyl,phenyl,phenyl,C6,N(C(C)C)(c1ccccc1)CCCCCCB(c1ccccc1)(c1ccccc1),CC(C)N(CCCCCCB(c1ccccc1)c1ccccc1)c1ccccc1,True,0.2727272727272727
template_augmentation,intramolecular_N_B_alkyl,N,isopropyl,phenyl,phenyl,p_tolyl,C1,N(C(C)C)(c1ccccc1)CB(c1ccccc1)(c1ccc(C)cc1),Cc1ccc(B(CN(c2ccccc2)C(C)C)c2ccccc2)cc1,True,0.27906976744186046
template_augmentation,intramolecular_N_B_alkyl,N,isopropyl,phenyl,phenyl,p_tolyl,C2,N(C(C)C)(c1ccccc1)CCB(c1ccccc1)(c1ccc(C)cc1),Cc1ccc(B(CCN(c2ccccc2)C(C)C)c2ccccc2)cc1,True,0.26666666666666666
template_augmentation,intramolecular_N_B_alkyl,N,isopropyl,phenyl,phenyl,p_tolyl,C3,N(C(C)C)(c1ccccc1)CCCB(c1ccccc1)(c1ccc(C)cc1),Cc1ccc(B(CCCN(c2ccccc2)C(C)C)c2ccccc2)cc1,True,0.2553191489361702
template_augmentation,intramolecular_N_B_alkyl,N,isopropyl,phenyl,phenyl,p_tolyl,C4,N(C(C)C)(c1ccccc1)CCCCB(c1ccccc1)(c1ccc(C)cc1),Cc1ccc(B(CCCCN(c2ccccc2)C(C)C)c2ccccc2)cc1,True,0.25862068965517243
template_augmentation,intramolecular_N_B_alkyl,N,isopropyl,phenyl,phenyl,p_tolyl,C5,N(C(C)C)(c1ccccc1)CCCCCB(c1ccccc1)(c1ccc(C)cc1),Cc1ccc(B(CCCCCN(c2ccccc2)C(C)C)c2ccccc2)cc1,True,0.2542372881355932
template_augmentation,intramolecular_N_B_alkyl,N,isopropyl,phenyl,phenyl,p_tolyl,C6,N(C(C)C)(c1ccccc1)CCCCCCB(c1ccccc1)(c1ccc(C)cc1),Cc1ccc(B(CCCCCCN(c2ccccc2)C(C)C)c2ccccc2)cc1,True,0.2542372881355932
template_augmentation,intramolecular_N_B_alkyl,N,isopropyl,phenyl,phenyl,mesityl,C1,N(C(C)C)(c1ccccc1)CB(c1ccccc1)(c1c(C)cc(C)cc1C),Cc1cc(C)c(B(CN(c2ccccc2)C(C)C)c2ccccc2)c(C)c1,True,0.3333333333333333
template_augmentation,intramolecular_N_B_alkyl,N,isopropyl,phenyl,phenyl,mesityl,C2,N(C(C)C)(c1ccccc1)CCB(c1ccccc1)(c1c(C)cc(C)cc1C),Cc1cc(C)c(B(CCN(c2ccccc2)C(C)C)c2ccccc2)c(C)c1,True,0.32
template_augmentation,intramolecular_N_B_alkyl,N,isopropyl,phenyl,phenyl,mesityl,C3,N(C(C)C)(c1ccccc1)CCCB(c1ccccc1)(c1c(C)cc(C)cc1C),Cc1cc(C)c(B(CCCN(c2ccccc2)C(C)C)c2ccccc2)c(C)c1,True,0.3333333333333333
template_augmentation,intramolecular_N_B_alkyl,N,isopropyl,phenyl,phenyl,mesityl,C4,N(C(C)C)(c1ccccc1)CCCCB(c1ccccc1)(c1c(C)cc(C)cc1C),Cc1cc(C)c(B(CCCCN(c2ccccc2)C(C)C)c2ccccc2)c(C)c1,True,0.35185185185185186
template_augmentation,intramolecular_N_B_alkyl,N,isopropyl,phenyl,phenyl,mesityl,C5,N(C(C)C)(c1ccccc1)CCCCCB(c1ccccc1)(c1c(C)cc(C)cc1C),Cc1cc(C)c(B(CCCCCN(c2ccccc2)C(C)C)c2ccccc2)c(C)c1,True,0.34545454545454546
template_augmentation,intramolecular_N_B_alkyl,N,isopropyl,phenyl,phenyl,mesityl,C6,N(C(C)C)(c1ccccc1)CCCCCCB(c1ccccc1)(c1c(C)cc(C)cc1C),Cc1cc(C)c(B(CCCCCCN(c2ccccc2)C(C)C)c2ccccc2)c(C)c1,True,0.34545454545454546
template_augmentation,intramolecular_N_B_alkyl,N,isopropyl,phenyl,phenyl,pentafluorophenyl,C1,N(C(C)C)(c1ccccc1)CB(c1ccccc1)(c1c(F)c(F)c(F)c(F)c1F),CC(C)N(CB(c1ccccc1)c1c(F)c(F)c(F)c(F)c1F)c1ccccc1,True,0.41304347826086957
template_augmentation,intramolecular_N_B_alkyl,N,isopropyl,phenyl,phenyl,pentafluorophenyl,C2,N(C(C)C)(c1ccccc1)CCB(c1ccccc1)(c1c(F)c(F)c(F)c(F)c1F),CC(C)N(CCB(c1ccccc1)c1c(F)c(F)c(F)c(F)c1F)c1ccccc1,True,0.3958333333333333
template_augmentation,intramolecular_N_B_alkyl,N,isopropyl,phenyl,phenyl,pentafluorophenyl,C3,N(C(C)C)(c1ccccc1)CCCB(c1ccccc1)(c1c(F)c(F)c(F)c(F)c1F),CC(C)N(CCCB(c1ccccc1)c1c(F)c(F)c(F)c(F)c1F)c1ccccc1,True,0.3958333333333333
template_augmentation,intramolecular_N_B_alkyl,N,isopropyl,phenyl,phenyl,pentafluorophenyl,C4,N(C(C)C)(c1ccccc1)CCCCB(c1ccccc1)(c1c(F)c(F)c(F)c(F)c1F),CC(C)N(CCCCB(c1ccccc1)c1c(F)c(F)c(F)c(F)c1F)c1ccccc1,True,0.4166666666666667
template_augmentation,intramolecular_N_B_alkyl,N,isopropyl,phenyl,phenyl,pentafluorophenyl,C5,N(C(C)C)(c1ccccc1)CCCCCB(c1ccccc1)(c1c(F)c(F)c(F)c(F)c1F),CC(C)N(CCCCCB(c1ccccc1)c1c(F)c(F)c(F)c(F)c1F)c1ccccc1,True,0.40816326530612246
template_augmentation,intramolecular_N_B_alkyl,N,isopropyl,phenyl,phenyl,pentafluorophenyl,C6,N(C(C)C)(c1ccccc1)CCCCCCB(c1ccccc1)(c1c(F)c(F)c(F)c(F)c1F),CC(C)N(CCCCCCB(c1ccccc1)c1c(F)c(F)c(F)c(F)c1F)c1ccccc1,True,0.40816326530612246
template_augmentation,intramolecular_N_B_alkyl,N,isopropyl,phenyl,phenyl,pentachlorophenyl,C1,N(C(C)C)(c1ccccc1)CB(c1ccccc1)(c1c(Cl)c(Cl)c(Cl)c(Cl)c1Cl),CC(C)N(CB(c1ccccc1)c1c(Cl)c(Cl)c(Cl)c(Cl)c1Cl)c1ccccc1,True,0.4
template_augmentation,intramolecular_N_B_alkyl,N,isopropyl,phenyl,phenyl,pentachlorophenyl,C2,N(C(C)C)(c1ccccc1)CCB(c1ccccc1)(c1c(Cl)c(Cl)c(Cl)c(Cl)c1Cl),CC(C)N(CCB(c1ccccc1)c1c(Cl)c(Cl)c(Cl)c(Cl)c1Cl)c1ccccc1,True,0.3829787234042553
template_augmentation,intramolecular_N_B_alkyl,N,isopropyl,phenyl,phenyl,pentachlorophenyl,C3,N(C(C)C)(c1ccccc1)CCCB(c1ccccc1)(c1c(Cl)c(Cl)c(Cl)c(Cl)c1Cl),CC(C)N(CCCB(c1ccccc1)c1c(Cl)c(Cl)c(Cl)c(Cl)c1Cl)c1ccccc1,True,0.3829787234042553
template_augmentation,intramolecular_N_B_alkyl,N,isopropyl,phenyl,phenyl,pentachlorophenyl,C4,N(C(C)C)(c1ccccc1)CCCCB(c1ccccc1)(c1c(Cl)c(Cl)c(Cl)c(Cl)c1Cl),CC(C)N(CCCCB(c1ccccc1)c1c(Cl)c(Cl)c(Cl)c(Cl)c1Cl)c1ccccc1,True,0.40425531914893614
template_augmentation,intramolecular_N_B_alkyl,N,isopropyl,phenyl,phenyl,pentachlorophenyl,C5,N(C(C)C)(c1ccccc1)CCCCCB(c1ccccc1)(c1c(Cl)c(Cl)c(Cl)c(Cl)c1Cl),CC(C)N(CCCCCB(c1ccccc1)c1c(Cl)c(Cl)c(Cl)c(Cl)c1Cl)c1ccccc1,True,0.3958333333333333
template_augmentation,intramolecular_N_B_alkyl,N,isopropyl,phenyl,phenyl,pentachlorophenyl,C6,N(C(C)C)(c1ccccc1)CCCCCCB(c1ccccc1)(c1c(Cl)c(Cl)c(Cl)c(Cl)c1Cl),CC(C)N(CCCCCCB(c1ccccc1)c1c(Cl)c(Cl)c(Cl)c(Cl)c1Cl)c1ccccc1,True,0.3958333333333333
template_augmentation,intramolecular_N_B_alkyl,N,isopropyl,phenyl,phenyl,bis_cf3_phenyl,C1,N(C(C)C)(c1ccccc1)CB(c1ccccc1)(c1cc(C(F)(F)F)cc(C(F)(F)F)c1),CC(C)N(CB(c1ccccc1)c1cc(C(F)(F)F)cc(C(F)(F)F)c1)c1ccccc1,True,0.4222222222222222
template_augmentation,intramolecular_N_B_alkyl,N,isopropyl,phenyl,phenyl,bis_cf3_phenyl,C2,N(C(C)C)(c1ccccc1)CCB(c1ccccc1)(c1cc(C(F)(F)F)cc(C(F)(F)F)c1),CC(C)N(CCB(c1ccccc1)c1cc(C(F)(F)F)cc(C(F)(F)F)c1)c1ccccc1,True,0.40425531914893614
template_augmentation,intramolecular_N_B_alkyl,N,isopropyl,phenyl,phenyl,bis_cf3_phenyl,C3,N(C(C)C)(c1ccccc1)CCCB(c1ccccc1)(c1cc(C(F)(F)F)cc(C(F)(F)F)c1),CC(C)N(CCCB(c1ccccc1)c1cc(C(F)(F)F)cc(C(F)(F)F)c1)c1ccccc1,True,0.3877551020408163
template_augmentation,intramolecular_N_B_alkyl,N,isopropyl,phenyl,phenyl,bis_cf3_phenyl,C4,N(C(C)C)(c1ccccc1)CCCCB(c1ccccc1)(c1cc(C(F)(F)F)cc(C(F)(F)F)c1),CC(C)N(CCCCB(c1ccccc1)c1cc(C(F)(F)F)cc(C(F)(F)F)c1)c1ccccc1,True,0.38
template_augmentation,intramolecular_N_B_alkyl,N,isopropyl,phenyl,phenyl,bis_cf3_phenyl,C5,N(C(C)C)(c1ccccc1)CCCCCB(c1ccccc1)(c1cc(C(F)(F)F)cc(C(F)(F)F)c1),CC(C)N(CCCCCB(c1ccccc1)c1cc(C(F)(F)F)cc(C(F)(F)F)c1)c1ccccc1,True,0.37254901960784315
template_augmentation,intramolecular_N_B_alkyl,N,isopropyl,phenyl,phenyl,bis_cf3_phenyl,C6,N(C(C)C)(c1ccccc1)CCCCCCB(c1ccccc1)(c1cc(C(F)(F)F)cc(C(F)(F)F)c1),CC(C)N(CCCCCCB(c1ccccc1)c1cc(C(F)(F)F)cc(C(F)(F)F)c1)c1ccccc1,True,0.37254901960784315
template_augmentation,intramolecular_N_B_alkyl,N,isopropyl,phenyl,p_tolyl,p_tolyl,C1,N(C(C)C)(c1ccccc1)CB(c1ccc(C)cc1)(c1ccc(C)cc1),Cc1ccc(B(CN(c2ccccc2)C(C)C)c2ccc(C)cc2)cc1,True,0.2558139534883721
template_augmentation,intramolecular_N_B_alkyl,N,isopropyl,phenyl,p_tolyl,p_tolyl,C2,N(C(C)C)(c1ccccc1)CCB(c1ccc(C)cc1)(c1ccc(C)cc1),Cc1ccc(B(CCN(c2ccccc2)C(C)C)c2ccc(C)cc2)cc1,True,0.24444444444444444
template_augmentation,intramolecular_N_B_alkyl,N,isopropyl,phenyl,p_tolyl,p_tolyl,C3,N(C(C)C)(c1ccccc1)CCCB(c1ccc(C)cc1)(c1ccc(C)cc1),Cc1ccc(B(CCCN(c2ccccc2)C(C)C)c2ccc(C)cc2)cc1,True,0.24561403508771928
template_augmentation,intramolecular_N_B_alkyl,N,isopropyl,phenyl,p_tolyl,p_tolyl,C4,N(C(C)C)(c1ccccc1)CCCCB(c1ccc(C)cc1)(c1ccc(C)cc1),Cc1ccc(B(CCCCN(c2ccccc2)C(C)C)c2ccc(C)cc2)cc1,True,0.2631578947368421
template_augmentation,intramolecular_N_B_alkyl,N,isopropyl,phenyl,p_tolyl,p_tolyl,C5,N(C(C)C)(c1ccccc1)CCCCCB(c1ccc(C)cc1)(c1ccc(C)cc1),Cc1ccc(B(CCCCCN(c2ccccc2)C(C)C)c2ccc(C)cc2)cc1,True,0.25862068965517243
template_augmentation,intramolecular_N_B_alkyl,N,isopropyl,phenyl,p_tolyl,p_tolyl,C6,N(C(C)C)(c1ccccc1)CCCCCCB(c1ccc(C)cc1)(c1ccc(C)cc1),Cc1ccc(B(CCCCCCN(c2ccccc2)C(C)C)c2ccc(C)cc2)cc1,True,0.25862068965517243
template_augmentation,intramolecular_N_B_alkyl,N,isopropyl,phenyl,p_tolyl,mesityl,C1,N(C(C)C)(c1ccccc1)CB(c1ccc(C)cc1)(c1c(C)cc(C)cc1C),Cc1ccc(B(CN(c2ccccc2)C(C)C)c2c(C)cc(C)cc2C)cc1,True,0.32
template_augmentation,intramolecular_N_B_alkyl,N,isopropyl,phenyl,p_tolyl,mesityl,C2,N(C(C)C)(c1ccccc1)CCB(c1ccc(C)cc1)(c1c(C)cc(C)cc1C),Cc1ccc(B(CCN(c2ccccc2)C(C)C)c2c(C)cc(C)cc2C)cc1,True,0.3076923076923077
template_augmentation,intramolecular_N_B_alkyl,N,isopropyl,phenyl,p_tolyl,mesityl,C3,N(C(C)C)(c1ccccc1)CCCB(c1ccc(C)cc1)(c1c(C)cc(C)cc1C),Cc1ccc(B(CCCN(c2ccccc2)C(C)C)c2c(C)cc(C)cc2C)cc1,True,0.32142857142857145
template_augmentation,intramolecular_N_B_alkyl,N,isopropyl,phenyl,p_tolyl,mesityl,C4,N(C(C)C)(c1ccccc1)CCCCB(c1ccc(C)cc1)(c1c(C)cc(C)cc1C),Cc1ccc(B(CCCCN(c2ccccc2)C(C)C)c2c(C)cc(C)cc2C)cc1,True,0.3392857142857143
template_augmentation,intramolecular_N_B_alkyl,N,isopropyl,phenyl,p_tolyl,mesityl,C5,N(C(C)C)(c1ccccc1)CCCCCB(c1ccc(C)cc1)(c1c(C)cc(C)cc1C),Cc1ccc(B(CCCCCN(c2ccccc2)C(C)C)c2c(C)cc(C)cc2C)cc1,True,0.3333333333333333
template_augmentation,intramolecular_N_B_alkyl,N,isopropyl,phenyl,p_tolyl,mesityl,C6,N(C(C)C)(c1ccccc1)CCCCCCB(c1ccc(C)cc1)(c1c(C)cc(C)cc1C),Cc1ccc(B(CCCCCCN(c2ccccc2)C(C)C)c2c(C)cc(C)cc2C)cc1,True,0.3333333333333333
template_augmentation,intramolecular_N_B_alkyl,N,isopropyl,phenyl,p_tolyl,pentafluorophenyl,C1,N(C(C)C)(c1ccccc1)CB(c1ccc(C)cc1)(c1c(F)c(F)c(F)c(F)c1F),Cc1ccc(B(CN(c2ccccc2)C(C)C)c2c(F)c(F)c(F)c(F)c2F)cc1,True,0.38
template_augmentation,intramolecular_N_B_alkyl,N,isopropyl,phenyl,p_tolyl,pentafluorophenyl,C2,N(C(C)C)(c1ccccc1)CCB(c1ccc(C)cc1)(c1c(F)c(F)c(F)c(F)c1F),Cc1ccc(B(CCN(c2ccccc2)C(C)C)c2c(F)c(F)c(F)c(F)c2F)cc1,True,0.36538461538461536
template_augmentation,intramolecular_N_B_alkyl,N,isopropyl,phenyl,p_tolyl,pentafluorophenyl,C3,N(C(C)C)(c1ccccc1)CCCB(c1ccc(C)cc1)(c1c(F)c(F)c(F)c(F)c1F),Cc1ccc(B(CCCN(c2ccccc2)C(C)C)c2c(F)c(F)c(F)c(F)c2F)cc1,True,0.36538461538461536
template_augmentation,intramolecular_N_B_alkyl,N,isopropyl,phenyl,p_tolyl,pentafluorophenyl,C4,N(C(C)C)(c1ccccc1)CCCCB(c1ccc(C)cc1)(c1c(F)c(F)c(F)c(F)c1F),Cc1ccc(B(CCCCN(c2ccccc2)C(C)C)c2c(F)c(F)c(F)c(F)c2F)cc1,True,0.38461538461538464
template_augmentation,intramolecular_N_B_alkyl,N,isopropyl,phenyl,p_tolyl,pentafluorophenyl,C5,N(C(C)C)(c1ccccc1)CCCCCB(c1ccc(C)cc1)(c1c(F)c(F)c(F)c(F)c1F),Cc1ccc(B(CCCCCN(c2ccccc2)C(C)C)c2c(F)c(F)c(F)c(F)c2F)cc1,True,0.37735849056603776
template_augmentation,intramolecular_N_B_alkyl,N,isopropyl,phenyl,p_tolyl,pentafluorophenyl,C6,N(C(C)C)(c1ccccc1)CCCCCCB(c1ccc(C)cc1)(c1c(F)c(F)c(F)c(F)c1F),Cc1ccc(B(CCCCCCN(c2ccccc2)C(C)C)c2c(F)c(F)c(F)c(F)c2F)cc1,True,0.37735849056603776
template_augmentation,intramolecular_N_B_alkyl,N,isopropyl,phenyl,p_tolyl,pentachlorophenyl,C1,N(C(C)C)(c1ccccc1)CB(c1ccc(C)cc1)(c1c(Cl)c(Cl)c(Cl)c(Cl)c1Cl),Cc1ccc(B(CN(c2ccccc2)C(C)C)c2c(Cl)c(Cl)c(Cl)c(Cl)c2Cl)cc1,True,0.3673469387755102
template_augmentation,intramolecular_N_B_alkyl,N,isopropyl,phenyl,p_tolyl,pentachlorophenyl,C2,N(C(C)C)(c1ccccc1)CCB(c1ccc(C)cc1)(c1c(Cl)c(Cl)c(Cl)c(Cl)c1Cl),Cc1ccc(B(CCN(c2ccccc2)C(C)C)c2c(Cl)c(Cl)c(Cl)c(Cl)c2Cl)cc1,True,0.35294117647058826
template_augmentation,intramolecular_N_B_alkyl,N,isopropyl,phenyl,p_tolyl,pentachlorophenyl,C3,N(C(C)C)(c1ccccc1)CCCB(c1ccc(C)cc1)(c1c(Cl)c(Cl)c(Cl)c(Cl)c1Cl),Cc1ccc(B(CCCN(c2ccccc2)C(C)C)c2c(Cl)c(Cl)c(Cl)c(Cl)c2Cl)cc1,True,0.35294117647058826
template_augmentation,intramolecular_N_B_alkyl,N,isopropyl,phenyl,p_tolyl,pentachlorophenyl,C4,N(C(C)C)(c1ccccc1)CCCCB(c1ccc(C)cc1)(c1c(Cl)c(Cl)c(Cl)c(Cl)c1Cl),Cc1ccc(B(CCCCN(c2ccccc2)C(C)C)c2c(Cl)c(Cl)c(Cl)c(Cl)c2Cl)cc1,True,0.37254901960784315
template_augmentation,intramolecular_N_B_alkyl,N,isopropyl,phenyl,p_tolyl,pentachlorophenyl,C5,N(C(C)C)(c1ccccc1)CCCCCB(c1ccc(C)cc1)(c1c(Cl)c(Cl)c(Cl)c(Cl)c1Cl),Cc1ccc(B(CCCCCN(c2ccccc2)C(C)C)c2c(Cl)c(Cl)c(Cl)c(Cl)c2Cl)cc1,True,0.36538461538461536
template_augmentation,intramolecular_N_B_alkyl,N,isopropyl,phenyl,p_tolyl,pentachlorophenyl,C6,N(C(C)C)(c1ccccc1)CCCCCCB(c1ccc(C)cc1)(c1c(Cl)c(Cl)c(Cl)c(Cl)c1Cl),Cc1ccc(B(CCCCCCN(c2ccccc2)C(C)C)c2c(Cl)c(Cl)c(Cl)c(Cl)c2Cl)cc1,True,0.36538461538461536
template_augmentation,intramolecular_N_B_alkyl,N,isopropyl,phenyl,p_tolyl,bis_cf3_phenyl,C1,N(C(C)C)(c1ccccc1)CB(c1ccc(C)cc1)(c1cc(C(F)(F)F)cc(C(F)(F)F)c1),Cc1ccc(B(CN(c2ccccc2)C(C)C)c2cc(C(F)(F)F)cc(C(F)(F)F)c2)cc1,True,0.3877551020408163
template_augmentation,intramolecular_N_B_alkyl,N,isopropyl,phenyl,p_tolyl,bis_cf3_phenyl,C2,N(C(C)C)(c1ccccc1)CCB(c1ccc(C)cc1)(c1cc(C(F)(F)F)cc(C(F)(F)F)c1),Cc1ccc(B(CCN(c2ccccc2)C(C)C)c2cc(C(F)(F)F)cc(C(F)(F)F)c2)cc1,True,0.37254901960784315
template_augmentation,intramolecular_N_B_alkyl,N,isopropyl,phenyl,p_tolyl,bis_cf3_phenyl,C3,N(C(C)C)(c1ccccc1)CCCB(c1ccc(C)cc1)(c1cc(C(F)(F)F)cc(C(F)(F)F)c1),Cc1ccc(B(CCCN(c2ccccc2)C(C)C)c2cc(C(F)(F)F)cc(C(F)(F)F)c2)cc1,True,0.3584905660377358
template_augmentation,intramolecular_N_B_alkyl,N,isopropyl,phenyl,p_tolyl,bis_cf3_phenyl,C4,N(C(C)C)(c1ccccc1)CCCCB(c1ccc(C)cc1)(c1cc(C(F)(F)F)cc(C(F)(F)F)c1),Cc1ccc(B(CCCCN(c2ccccc2)C(C)C)c2cc(C(F)(F)F)cc(C(F)(F)F)c2)cc1,True,0.35185185185185186
template_augmentation,intramolecular_N_B_alkyl,N,isopropyl,phenyl,p_tolyl,bis_cf3_phenyl,C5,N(C(C)C)(c1ccccc1)CCCCCB(c1ccc(C)cc1)(c1cc(C(F)(F)F)cc(C(F)(F)F)c1),Cc1ccc(B(CCCCCN(c2ccccc2)C(C)C)c2cc(C(F)(F)F)cc(C(F)(F)F)c2)cc1,True,0.34545454545454546
template_augmentation,intramolecular_N_B_alkyl,N,isopropyl,phenyl,p_tolyl,bis_cf3_phenyl,C6,N(C(C)C)(c1ccccc1)CCCCCCB(c1ccc(C)cc1)(c1cc(C(F)(F)F)cc(C(F)(F)F)c1),Cc1ccc(B(CCCCCCN(c2ccccc2)C(C)C)c2cc(C(F)(F)F)cc(C(F)(F)F)c2)cc1,True,0.34545454545454546
template_augmentation,intramolecular_N_B_alkyl,N,isopropyl,phenyl,mesityl,mesityl,C1,N(C(C)C)(c1ccccc1)CB(c1c(C)cc(C)cc1C)(c1c(C)cc(C)cc1C),Cc1cc(C)c(B(CN(c2ccccc2)C(C)C)c2c(C)cc(C)cc2C)c(C)c1,True,0.35555555555555557
template_augmentation,intramolecular_N_B_alkyl,N,isopropyl,phenyl,mesityl,mesityl,C2,N(C(C)C)(c1ccccc1)CCB(c1c(C)cc(C)cc1C)(c1c(C)cc(C)cc1C),Cc1cc(C)c(B(CCN(c2ccccc2)C(C)C)c2c(C)cc(C)cc2C)c(C)c1,True,0.3404255319148936
template_augmentation,intramolecular_N_B_alkyl,N,isopropyl,phenyl,mesityl,mesityl,C3,N(C(C)C)(c1ccccc1)CCCB(c1c(C)cc(C)cc1C)(c1c(C)cc(C)cc1C),Cc1cc(C)c(B(CCCN(c2ccccc2)C(C)C)c2c(C)cc(C)cc2C)c(C)c1,True,0.35294117647058826
template_augmentation,intramolecular_N_B_alkyl,N,isopropyl,phenyl,mesityl,mesityl,C4,N(C(C)C)(c1ccccc1)CCCCB(c1c(C)cc(C)cc1C)(c1c(C)cc(C)cc1C),Cc1cc(C)c(B(CCCCN(c2ccccc2)C(C)C)c2c(C)cc(C)cc2C)c(C)c1,True,0.37254901960784315
template_augmentation,intramolecular_N_B_alkyl,N,isopropyl,phenyl,mesityl,mesityl,C5,N(C(C)C)(c1ccccc1)CCCCCB(c1c(C)cc(C)cc1C)(c1c(C)cc(C)cc1C),Cc1cc(C)c(B(CCCCCN(c2ccccc2)C(C)C)c2c(C)cc(C)cc2C)c(C)c1,True,0.36538461538461536
template_augmentation,intramolecular_N_B_alkyl,N,isopropyl,phenyl,mesityl,mesityl,C6,N(C(C)C)(c1ccccc1)CCCCCCB(c1c(C)cc(C)cc1C)(c1c(C)cc(C)cc1C),Cc1cc(C)c(B(CCCCCCN(c2ccccc2)C(C)C)c2c(C)cc(C)cc2C)c(C)c1,True,0.36538461538461536
template_augmentation,intramolecular_N_B_alkyl,N,isopropyl,phenyl,mesityl,pentafluorophenyl,C1,N(C(C)C)(c1ccccc1)CB(c1c(C)cc(C)cc1C)(c1c(F)c(F)c(F)c(F)c1F),Cc1cc(C)c(B(CN(c2ccccc2)C(C)C)c2c(F)c(F)c(F)c(F)c2F)c(C)c1,True,0.4117647058823529
template_augmentation,intramolecular_N_B_alkyl,N,isopropyl,phenyl,mesityl,pentafluorophenyl,C2,N(C(C)C)(c1ccccc1)CCB(c1c(C)cc(C)cc1C)(c1c(F)c(F)c(F)c(F)c1F),Cc1cc(C)c(B(CCN(c2ccccc2)C(C)C)c2c(F)c(F)c(F)c(F)c2F)c(C)c1,True,0.42857142857142855
template_augmentation,intramolecular_N_B_alkyl,N,isopropyl,phenyl,mesityl,pentafluorophenyl,C3,N(C(C)C)(c1ccccc1)CCCB(c1c(C)cc(C)cc1C)(c1c(F)c(F)c(F)c(F)c1F),Cc1cc(C)c(B(CCCN(c2ccccc2)C(C)C)c2c(F)c(F)c(F)c(F)c2F)c(C)c1,True,0.4423076923076923
template_augmentation,intramolecular_N_B_alkyl,N,isopropyl,phenyl,mesityl,pentafluorophenyl,C4,N(C(C)C)(c1ccccc1)CCCCB(c1c(C)cc(C)cc1C)(c1c(F)c(F)c(F)c(F)c1F),Cc1cc(C)c(B(CCCCN(c2ccccc2)C(C)C)c2c(F)c(F)c(F)c(F)c2F)c(C)c1,True,0.46153846153846156
template_augmentation,intramolecular_N_B_alkyl,N,isopropyl,phenyl,mesityl,pentafluorophenyl,C5,N(C(C)C)(c1ccccc1)CCCCCB(c1c(C)cc(C)cc1C)(c1c(F)c(F)c(F)c(F)c1F),Cc1cc(C)c(B(CCCCCN(c2ccccc2)C(C)C)c2c(F)c(F)c(F)c(F)c2F)c(C)c1,True,0.4528301886792453
template_augmentation,intramolecular_N_B_alkyl,N,isopropyl,phenyl,mesityl,pentafluorophenyl,C6,N(C(C)C)(c1ccccc1)CCCCCCB(c1c(C)cc(C)cc1C)(c1c(F)c(F)c(F)c(F)c1F),Cc1cc(C)c(B(CCCCCCN(c2ccccc2)C(C)C)c2c(F)c(F)c(F)c(F)c2F)c(C)c1,True,0.4528301886792453
template_augmentation,intramolecular_N_B_alkyl,N,isopropyl,phenyl,mesityl,pentachlorophenyl,C1,N(C(C)C)(c1ccccc1)CB(c1c(C)cc(C)cc1C)(c1c(Cl)c(Cl)c(Cl)c(Cl)c1Cl),Cc1cc(C)c(B(CN(c2ccccc2)C(C)C)c2c(Cl)c(Cl)c(Cl)c(Cl)c2Cl)c(C)c1,True,0.42
template_augmentation,intramolecular_N_B_alkyl,N,isopropyl,phenyl,mesityl,pentachlorophenyl,C2,N(C(C)C)(c1ccccc1)CCB(c1c(C)cc(C)cc1C)(c1c(Cl)c(Cl)c(Cl)c(Cl)c1Cl),Cc1cc(C)c(B(CCN(c2ccccc2)C(C)C)c2c(Cl)c(Cl)c(Cl)c(Cl)c2Cl)c(C)c1,True,0.4375
template_augmentation,intramolecular_N_B_alkyl,N,isopropyl,phenyl,mesityl,pentachlorophenyl,C3,N(C(C)C)(c1ccccc1)CCCB(c1c(C)cc(C)cc1C)(c1c(Cl)c(Cl)c(Cl)c(Cl)c1Cl),Cc1cc(C)c(B(CCCN(c2ccccc2)C(C)C)c2c(Cl)c(Cl)c(Cl)c(Cl)c2Cl)c(C)c1,True,0.45098039215686275
template_augmentation,intramolecular_N_B_alkyl,N,isopropyl,phenyl,mesityl,pentachlorophenyl,C4,N(C(C)C)(c1ccccc1)CCCCB(c1c(C)cc(C)cc1C)(c1c(Cl)c(Cl)c(Cl)c(Cl)c1Cl),Cc1cc(C)c(B(CCCCN(c2ccccc2)C(C)C)c2c(Cl)c(Cl)c(Cl)c(Cl)c2Cl)c(C)c1,True,0.47058823529411764
template_augmentation,intramolecular_N_B_alkyl,N,isopropyl,phenyl,mesityl,pentachlorophenyl,C5,N(C(C)C)(c1ccccc1)CCCCCB(c1c(C)cc(C)cc1C)(c1c(Cl)c(Cl)c(Cl)c(Cl)c1Cl),Cc1cc(C)c(B(CCCCCN(c2ccccc2)C(C)C)c2c(Cl)c(Cl)c(Cl)c(Cl)c2Cl)c(C)c1,True,0.46153846153846156
template_augmentation,intramolecular_N_B_alkyl,N,isopropyl,phenyl,mesityl,pentachlorophenyl,C6,N(C(C)C)(c1ccccc1)CCCCCCB(c1c(C)cc(C)cc1C)(c1c(Cl)c(Cl)c(Cl)c(Cl)c1Cl),Cc1cc(C)c(B(CCCCCCN(c2ccccc2)C(C)C)c2c(Cl)c(Cl)c(Cl)c(Cl)c2Cl)c(C)c1,True,0.46153846153846156
template_augmentation,intramolecular_N_B_alkyl,N,isopropyl,phenyl,mesityl,bis_cf3_phenyl,C1,N(C(C)C)(c1ccccc1)CB(c1c(C)cc(C)cc1C)(c1cc(C(F)(F)F)cc(C(F)(F)F)c1),Cc1cc(C)c(B(CN(c2ccccc2)C(C)C)c2cc(C(F)(F)F)cc(C(F)(F)F)c2)c(C)c1,True,0.37254901960784315
template_augmentation,intramolecular_N_B_alkyl,N,isopropyl,phenyl,mesityl,bis_cf3_phenyl,C2,N(C(C)C)(c1ccccc1)CCB(c1c(C)cc(C)cc1C)(c1cc(C(F)(F)F)cc(C(F)(F)F)c1),Cc1cc(C)c(B(CCN(c2ccccc2)C(C)C)c2cc(C(F)(F)F)cc(C(F)(F)F)c2)c(C)c1,True,0.3584905660377358
template_augmentation,intramolecular_N_B_alkyl,N,isopropyl,phenyl,mesityl,bis_cf3_phenyl,C3,N(C(C)C)(c1ccccc1)CCCB(c1c(C)cc(C)cc1C)(c1cc(C(F)(F)F)cc(C(F)(F)F)c1),Cc1cc(C)c(B(CCCN(c2ccccc2)C(C)C)c2cc(C(F)(F)F)cc(C(F)(F)F)c2)c(C)c1,True,0.34545454545454546
template_augmentation,intramolecular_N_B_alkyl,N,isopropyl,phenyl,mesityl,bis_cf3_phenyl,C4,N(C(C)C)(c1ccccc1)CCCCB(c1c(C)cc(C)cc1C)(c1cc(C(F)(F)F)cc(C(F)(F)F)c1),Cc1cc(C)c(B(CCCCN(c2ccccc2)C(C)C)c2cc(C(F)(F)F)cc(C(F)(F)F)c2)c(C)c1,True,0.3392857142857143
template_augmentation,intramolecular_N_B_alkyl,N,isopropyl,phenyl,mesityl,bis_cf3_phenyl,C5,N(C(C)C)(c1ccccc1)CCCCCB(c1c(C)cc(C)cc1C)(c1cc(C(F)(F)F)cc(C(F)(F)F)c1),Cc1cc(C)c(B(CCCCCN(c2ccccc2)C(C)C)c2cc(C(F)(F)F)cc(C(F)(F)F)c2)c(C)c1,True,0.3333333333333333
template_augmentation,intramolecular_N_B_alkyl,N,isopropyl,phenyl,mesityl,bis_cf3_phenyl,C6,N(C(C)C)(c1ccccc1)CCCCCCB(c1c(C)cc(C)cc1C)(c1cc(C(F)(F)F)cc(C(F)(F)F)c1),Cc1cc(C)c(B(CCCCCCN(c2ccccc2)C(C)C)c2cc(C(F)(F)F)cc(C(F)(F)F)c2)c(C)c1,True,0.3333333333333333
template_augmentation,intramolecular_N_B_alkyl,N,isopropyl,phenyl,pentafluorophenyl,pentafluorophenyl,C1,N(C(C)C)(c1ccccc1)CB(c1c(F)c(F)c(F)c(F)c1F)(c1c(F)c(F)c(F)c(F)c1F),CC(C)N(CB(c1c(F)c(F)c(F)c(F)c1F)c1c(F)c(F)c(F)c(F)c1F)c1ccccc1,True,0.4418604651162791
template_augmentation,intramolecular_N_B_alkyl,N,isopropyl,phenyl,pentafluorophenyl,pentafluorophenyl,C2,N(C(C)C)(c1ccccc1)CCB(c1c(F)c(F)c(F)c(F)c1F)(c1c(F)c(F)c(F)c(F)c1F),CC(C)N(CCB(c1c(F)c(F)c(F)c(F)c1F)c1c(F)c(F)c(F)c(F)c1F)c1ccccc1,True,0.43902439024390244
template_augmentation,intramolecular_N_B_alkyl,N,isopropyl,phenyl,pentafluorophenyl,pentafluorophenyl,C3,N(C(C)C)(c1ccccc1)CCCB(c1c(F)c(F)c(F)c(F)c1F)(c1c(F)c(F)c(F)c(F)c1F),CC(C)N(CCCB(c1c(F)c(F)c(F)c(F)c1F)c1c(F)c(F)c(F)c(F)c1F)c1ccccc1,True,0.45454545454545453
template_augmentation,intramolecular_N_B_alkyl,N,isopropyl,phenyl,pentafluorophenyl,pentafluorophenyl,C4,N(C(C)C)(c1ccccc1)CCCCB(c1c(F)c(F)c(F)c(F)c1F)(c1c(F)c(F)c(F)c(F)c1F),CC(C)N(CCCCB(c1c(F)c(F)c(F)c(F)c1F)c1c(F)c(F)c(F)c(F)c1F)c1ccccc1,True,0.4772727272727273
template_augmentation,intramolecular_N_B_alkyl,N,isopropyl,phenyl,pentafluorophenyl,pentafluorophenyl,C5,N(C(C)C)(c1ccccc1)CCCCCB(c1c(F)c(F)c(F)c(F)c1F)(c1c(F)c(F)c(F)c(F)c1F),CC(C)N(CCCCCB(c1c(F)c(F)c(F)c(F)c1F)c1c(F)c(F)c(F)c(F)c1F)c1ccccc1,True,0.4666666666666667
template_augmentation,intramolecular_N_B_alkyl,N,isopropyl,phenyl,pentafluorophenyl,pentafluorophenyl,C6,N(C(C)C)(c1ccccc1)CCCCCCB(c1c(F)c(F)c(F)c(F)c1F)(c1c(F)c(F)c(F)c(F)c1F),CC(C)N(CCCCCCB(c1c(F)c(F)c(F)c(F)c1F)c1c(F)c(F)c(F)c(F)c1F)c1ccccc1,True,0.4666666666666667
template_augmentation,intramolecular_N_B_alkyl,N,isopropyl,phenyl,pentafluorophenyl,pentachlorophenyl,C1,N(C(C)C)(c1ccccc1)CB(c1c(F)c(F)c(F)c(F)c1F)(c1c(Cl)c(Cl)c(Cl)c(Cl)c1Cl),CC(C)N(CB(c1c(F)c(F)c(F)c(F)c1F)c1c(Cl)c(Cl)c(Cl)c(Cl)c1Cl)c1ccccc1,True,0.3958333333333333
template_augmentation,intramolecular_N_B_alkyl,N,isopropyl,phenyl,pentafluorophenyl,pentachlorophenyl,C2,N(C(C)C)(c1ccccc1)CCB(c1c(F)c(F)c(F)c(F)c1F)(c1c(Cl)c(Cl)c(Cl)c(Cl)c1Cl),CC(C)N(CCB(c1c(F)c(F)c(F)c(F)c1F)c1c(Cl)c(Cl)c(Cl)c(Cl)c1Cl)c1ccccc1,True,0.391304347826087
template_augmentation,intramolecular_N_B_alkyl,N,isopropyl,phenyl,pentafluorophenyl,pentachlorophenyl,C3,N(C(C)C)(c1ccccc1)CCCB(c1c(F)c(F)c(F)c(F)c1F)(c1c(Cl)c(Cl)c(Cl)c(Cl)c1Cl),CC(C)N(CCCB(c1c(F)c(F)c(F)c(F)c1F)c1c(Cl)c(Cl)c(Cl)c(Cl)c1Cl)c1ccccc1,True,0.40816326530612246
template_augmentation,intramolecular_N_B_alkyl,N,isopropyl,phenyl,pentafluorophenyl,pentachlorophenyl,C4,N(C(C)C)(c1ccccc1)CCCCB(c1c(F)c(F)c(F)c(F)c1F)(c1c(Cl)c(Cl)c(Cl)c(Cl)c1Cl),CC(C)N(CCCCB(c1c(F)c(F)c(F)c(F)c1F)c1c(Cl)c(Cl)c(Cl)c(Cl)c1Cl)c1ccccc1,True,0.42857142857142855
template_augmentation,intramolecular_N_B_alkyl,N,isopropyl,phenyl,pentafluorophenyl,pentachlorophenyl,C5,N(C(C)C)(c1ccccc1)CCCCCB(c1c(F)c(F)c(F)c(F)c1F)(c1c(Cl)c(Cl)c(Cl)c(Cl)c1Cl),CC(C)N(CCCCCB(c1c(F)c(F)c(F)c(F)c1F)c1c(Cl)c(Cl)c(Cl)c(Cl)c1Cl)c1ccccc1,True,0.42
template_augmentation,intramolecular_N_B_alkyl,N,isopropyl,phenyl,pentafluorophenyl,pentachlorophenyl,C6,N(C(C)C)(c1ccccc1)CCCCCCB(c1c(F)c(F)c(F)c(F)c1F)(c1c(Cl)c(Cl)c(Cl)c(Cl)c1Cl),CC(C)N(CCCCCCB(c1c(F)c(F)c(F)c(F)c1F)c1c(Cl)c(Cl)c(Cl)c(Cl)c1Cl)c1ccccc1,True,0.42
template_augmentation,intramolecular_N_B_alkyl,N,isopropyl,phenyl,pentafluorophenyl,bis_cf3_phenyl,C1,N(C(C)C)(c1ccccc1)CB(c1c(F)c(F)c(F)c(F)c1F)(c1cc(C(F)(F)F)cc(C(F)(F)F)c1),CC(C)N(CB(c1cc(C(F)(F)F)cc(C(F)(F)F)c1)c1c(F)c(F)c(F)c(F)c1F)c1ccccc1,True,0.3877551020408163
template_augmentation,intramolecular_N_B_alkyl,N,isopropyl,phenyl,pentafluorophenyl,bis_cf3_phenyl,C2,N(C(C)C)(c1ccccc1)CCB(c1c(F)c(F)c(F)c(F)c1F)(c1cc(C(F)(F)F)cc(C(F)(F)F)c1),CC(C)N(CCB(c1cc(C(F)(F)F)cc(C(F)(F)F)c1)c1c(F)c(F)c(F)c(F)c1F)c1ccccc1,True,0.37254901960784315
template_augmentation,intramolecular_N_B_alkyl,N,isopropyl,phenyl,pentafluorophenyl,bis_cf3_phenyl,C3,N(C(C)C)(c1ccccc1)CCCB(c1c(F)c(F)c(F)c(F)c1F)(c1cc(C(F)(F)F)cc(C(F)(F)F)c1),CC(C)N(CCCB(c1cc(C(F)(F)F)cc(C(F)(F)F)c1)c1c(F)c(F)c(F)c(F)c1F)c1ccccc1,True,0.3584905660377358
template_augmentation,intramolecular_N_B_alkyl,N,isopropyl,phenyl,pentafluorophenyl,bis_cf3_phenyl,C4,N(C(C)C)(c1ccccc1)CCCCB(c1c(F)c(F)c(F)c(F)c1F)(c1cc(C(F)(F)F)cc(C(F)(F)F)c1),CC(C)N(CCCCB(c1cc(C(F)(F)F)cc(C(F)(F)F)c1)c1c(F)c(F)c(F)c(F)c1F)c1ccccc1,True,0.35714285714285715
template_augmentation,intramolecular_N_B_alkyl,N,isopropyl,phenyl,pentafluorophenyl,bis_cf3_phenyl,C5,N(C(C)C)(c1ccccc1)CCCCCB(c1c(F)c(F)c(F)c(F)c1F)(c1cc(C(F)(F)F)cc(C(F)(F)F)c1),CC(C)N(CCCCCB(c1cc(C(F)(F)F)cc(C(F)(F)F)c1)c1c(F)c(F)c(F)c(F)c1F)c1ccccc1,True,0.3508771929824561
template_augmentation,intramolecular_N_B_alkyl,N,isopropyl,phenyl,pentafluorophenyl,bis_cf3_phenyl,C6,N(C(C)C)(c1ccccc1)CCCCCCB(c1c(F)c(F)c(F)c(F)c1F)(c1cc(C(F)(F)F)cc(C(F)(F)F)c1),CC(C)N(CCCCCCB(c1cc(C(F)(F)F)cc(C(F)(F)F)c1)c1c(F)c(F)c(F)c(F)c1F)c1ccccc1,True,0.3508771929824561
template_augmentation,intramolecular_N_B_alkyl,N,isopropyl,phenyl,pentachlorophenyl,pentachlorophenyl,C1,N(C(C)C)(c1ccccc1)CB(c1c(Cl)c(Cl)c(Cl)c(Cl)c1Cl)(c1c(Cl)c(Cl)c(Cl)c(Cl)c1Cl),CC(C)N(CB(c1c(Cl)c(Cl)c(Cl)c(Cl)c1Cl)c1c(Cl)c(Cl)c(Cl)c(Cl)c1Cl)c1ccccc1,True,0.42857142857142855
template_augmentation,intramolecular_N_B_alkyl,N,isopropyl,phenyl,pentachlorophenyl,pentachlorophenyl,C2,N(C(C)C)(c1ccccc1)CCB(c1c(Cl)c(Cl)c(Cl)c(Cl)c1Cl)(c1c(Cl)c(Cl)c(Cl)c(Cl)c1Cl),CC(C)N(CCB(c1c(Cl)c(Cl)c(Cl)c(Cl)c1Cl)c1c(Cl)c(Cl)c(Cl)c(Cl)c1Cl)c1ccccc1,True,0.425
template_augmentation,intramolecular_N_B_alkyl,N,isopropyl,phenyl,pentachlorophenyl,pentachlorophenyl,C3,N(C(C)C)(c1ccccc1)CCCB(c1c(Cl)c(Cl)c(Cl)c(Cl)c1Cl)(c1c(Cl)c(Cl)c(Cl)c(Cl)c1Cl),CC(C)N(CCCB(c1c(Cl)c(Cl)c(Cl)c(Cl)c1Cl)c1c(Cl)c(Cl)c(Cl)c(Cl)c1Cl)c1ccccc1,True,0.4418604651162791
template_augmentation,intramolecular_N_B_alkyl,N,isopropyl,phenyl,pentachlorophenyl,pentachlorophenyl,C4,N(C(C)C)(c1ccccc1)CCCCB(c1c(Cl)c(Cl)c(Cl)c(Cl)c1Cl)(c1c(Cl)c(Cl)c(Cl)c(Cl)c1Cl),CC(C)N(CCCCB(c1c(Cl)c(Cl)c(Cl)c(Cl)c1Cl)c1c(Cl)c(Cl)c(Cl)c(Cl)c1Cl)c1ccccc1,True,0.46511627906976744
template_augmentation,intramolecular_N_B_alkyl,N,isopropyl,phenyl,pentachlorophenyl,pentachlorophenyl,C5,N(C(C)C)(c1ccccc1)CCCCCB(c1c(Cl)c(Cl)c(Cl)c(Cl)c1Cl)(c1c(Cl)c(Cl)c(Cl)c(Cl)c1Cl),CC(C)N(CCCCCB(c1c(Cl)c(Cl)c(Cl)c(Cl)c1Cl)c1c(Cl)c(Cl)c(Cl)c(Cl)c1Cl)c1ccccc1,True,0.45454545454545453
template_augmentation,intramolecular_N_B_alkyl,N,isopropyl,phenyl,pentachlorophenyl,pentachlorophenyl,C6,N(C(C)C)(c1ccccc1)CCCCCCB(c1c(Cl)c(Cl)c(Cl)c(Cl)c1Cl)(c1c(Cl)c(Cl)c(Cl)c(Cl)c1Cl),CC(C)N(CCCCCCB(c1c(Cl)c(Cl)c(Cl)c(Cl)c1Cl)c1c(Cl)c(Cl)c(Cl)c(Cl)c1Cl)c1ccccc1,True,0.45454545454545453
template_augmentation,intramolecular_N_B_alkyl,N,isopropyl,phenyl,pentachlorophenyl,bis_cf3_phenyl,C1,N(C(C)C)(c1ccccc1)CB(c1c(Cl)c(Cl)c(Cl)c(Cl)c1Cl)(c1cc(C(F)(F)F)cc(C(F)(F)F)c1),CC(C)N(CB(c1cc(C(F)(F)F)cc(C(F)(F)F)c1)c1c(Cl)c(Cl)c(Cl)c(Cl)c1Cl)c1ccccc1,True,0.3877551020408163
template_augmentation,intramolecular_N_B_alkyl,N,isopropyl,phenyl,pentachlorophenyl,bis_cf3_phenyl,C2,N(C(C)C)(c1ccccc1)CCB(c1c(Cl)c(Cl)c(Cl)c(Cl)c1Cl)(c1cc(C(F)(F)F)cc(C(F)(F)F)c1),CC(C)N(CCB(c1cc(C(F)(F)F)cc(C(F)(F)F)c1)c1c(Cl)c(Cl)c(Cl)c(Cl)c1Cl)c1ccccc1,True,0.37254901960784315
template_augmentation,intramolecular_N_B_alkyl,N,isopropyl,phenyl,pentachlorophenyl,bis_cf3_phenyl,C3,N(C(C)C)(c1ccccc1)CCCB(c1c(Cl)c(Cl)c(Cl)c(Cl)c1Cl)(c1cc(C(F)(F)F)cc(C(F)(F)F)c1),CC(C)N(CCCB(c1cc(C(F)(F)F)cc(C(F)(F)F)c1)c1c(Cl)c(Cl)c(Cl)c(Cl)c1Cl)c1ccccc1,True,0.3584905660377358
template_augmentation,intramolecular_N_B_alkyl,N,isopropyl,phenyl,pentachlorophenyl,bis_cf3_phenyl,C4,N(C(C)C)(c1ccccc1)CCCCB(c1c(Cl)c(Cl)c(Cl)c(Cl)c1Cl)(c1cc(C(F)(F)F)cc(C(F)(F)F)c1),CC(C)N(CCCCB(c1cc(C(F)(F)F)cc(C(F)(F)F)c1)c1c(Cl)c(Cl)c(Cl)c(Cl)c1Cl)c1ccccc1,True,0.35185185185185186
template_augmentation,intramolecular_N_B_alkyl,N,isopropyl,phenyl,pentachlorophenyl,bis_cf3_phenyl,C5,N(C(C)C)(c1ccccc1)CCCCCB(c1c(Cl)c(Cl)c(Cl)c(Cl)c1Cl)(c1cc(C(F)(F)F)cc(C(F)(F)F)c1),CC(C)N(CCCCCB(c1cc(C(F)(F)F)cc(C(F)(F)F)c1)c1c(Cl)c(Cl)c(Cl)c(Cl)c1Cl)c1ccccc1,True,0.34545454545454546
template_augmentation,intramolecular_N_B_alkyl,N,isopropyl,phenyl,pentachlorophenyl,bis_cf3_phenyl,C6,N(C(C)C)(c1ccccc1)CCCCCCB(c1c(Cl)c(Cl)c(Cl)c(Cl)c1Cl)(c1cc(C(F)(F)F)cc(C(F)(F)F)c1),CC(C)N(CCCCCCB(c1cc(C(F)(F)F)cc(C(F)(F)F)c1)c1c(Cl)c(Cl)c(Cl)c(Cl)c1Cl)c1ccccc1,True,0.34545454545454546
template_augmentation,intramolecular_N_B_alkyl,N,isopropyl,phenyl,bis_cf3_phenyl,bis_cf3_phenyl,C1,N(C(C)C)(c1ccccc1)CB(c1cc(C(F)(F)F)cc(C(F)(F)F)c1)(c1cc(C(F)(F)F)cc(C(F)(F)F)c1),CC(C)N(CB(c1cc(C(F)(F)F)cc(C(F)(F)F)c1)c1cc(C(F)(F)F)cc(C(F)(F)F)c1)c1ccccc1,True,0.4418604651162791
template_augmentation,intramolecular_N_B_alkyl,N,isopropyl,phenyl,bis_cf3_phenyl,bis_cf3_phenyl,C2,N(C(C)C)(c1ccccc1)CCB(c1cc(C(F)(F)F)cc(C(F)(F)F)c1)(c1cc(C(F)(F)F)cc(C(F)(F)F)c1),CC(C)N(CCB(c1cc(C(F)(F)F)cc(C(F)(F)F)c1)c1cc(C(F)(F)F)cc(C(F)(F)F)c1)c1ccccc1,True,0.4222222222222222
template_augmentation,intramolecular_N_B_alkyl,N,isopropyl,phenyl,bis_cf3_phenyl,bis_cf3_phenyl,C3,N(C(C)C)(c1ccccc1)CCCB(c1cc(C(F)(F)F)cc(C(F)(F)F)c1)(c1cc(C(F)(F)F)cc(C(F)(F)F)c1),CC(C)N(CCCB(c1cc(C(F)(F)F)cc(C(F)(F)F)c1)c1cc(C(F)(F)F)cc(C(F)(F)F)c1)c1ccccc1,True,0.40425531914893614
template_augmentation,intramolecular_N_B_alkyl,N,isopropyl,phenyl,bis_cf3_phenyl,bis_cf3_phenyl,C4,N(C(C)C)(c1ccccc1)CCCCB(c1cc(C(F)(F)F)cc(C(F)(F)F)c1)(c1cc(C(F)(F)F)cc(C(F)(F)F)c1),CC(C)N(CCCCB(c1cc(C(F)(F)F)cc(C(F)(F)F)c1)c1cc(C(F)(F)F)cc(C(F)(F)F)c1)c1ccccc1,True,0.3958333333333333
template_augmentation,intramolecular_N_B_alkyl,N,isopropyl,phenyl,bis_cf3_phenyl,bis_cf3_phenyl,C5,N(C(C)C)(c1ccccc1)CCCCCB(c1cc(C(F)(F)F)cc(C(F)(F)F)c1)(c1cc(C(F)(F)F)cc(C(F)(F)F)c1),CC(C)N(CCCCCB(c1cc(C(F)(F)F)cc(C(F)(F)F)c1)c1cc(C(F)(F)F)cc(C(F)(F)F)c1)c1ccccc1,True,0.3877551020408163
template_augmentation,intramolecular_N_B_alkyl,N,isopropyl,phenyl,bis_cf3_phenyl,bis_cf3_phenyl,C6,N(C(C)C)(c1ccccc1)CCCCCCB(c1cc(C(F)(F)F)cc(C(F)(F)F)c1)(c1cc(C(F)(F)F)cc(C(F)(F)F)c1),CC(C)N(CCCCCCB(c1cc(C(F)(F)F)cc(C(F)(F)F)c1)c1cc(C(F)(F)F)cc(C(F)(F)F)c1)c1ccccc1,True,0.3877551020408163
template_augmentation,intramolecular_N_B_alkyl,N,cyclohexyl,cyclohexyl,phenyl,phenyl,C1,N(C1CCCCC1)(C1CCCCC1)CB(c1ccccc1)(c1ccccc1),c1ccc(B(CN(C2CCCCC2)C2CCCCC2)c2ccccc2)cc1,True,0.35714285714285715
template_augmentation,intramolecular_N_B_alkyl,N,cyclohexyl,cyclohexyl,phenyl,phenyl,C2,N(C1CCCCC1)(C1CCCCC1)CCB(c1ccccc1)(c1ccccc1),c1ccc(B(CCN(C2CCCCC2)C2CCCCC2)c2ccccc2)cc1,True,0.3409090909090909
template_augmentation,intramolecular_N_B_alkyl,N,cyclohexyl,cyclohexyl,phenyl,phenyl,C3,N(C1CCCCC1)(C1CCCCC1)CCCB(c1ccccc1)(c1ccccc1),c1ccc(B(CCCN(C2CCCCC2)C2CCCCC2)c2ccccc2)cc1,True,0.32608695652173914
template_augmentation,intramolecular_N_B_alkyl,N,cyclohexyl,cyclohexyl,phenyl,phenyl,C4,N(C1CCCCC1)(C1CCCCC1)CCCCB(c1ccccc1)(c1ccccc1),c1ccc(B(CCCCN(C2CCCCC2)C2CCCCC2)c2ccccc2)cc1,True,0.3191489361702128
template_augmentation,intramolecular_N_B_alkyl,N,cyclohexyl,cyclohexyl,phenyl,phenyl,C5,N(C1CCCCC1)(C1CCCCC1)CCCCCB(c1ccccc1)(c1ccccc1),c1ccc(B(CCCCCN(C2CCCCC2)C2CCCCC2)c2ccccc2)cc1,True,0.3125
template_augmentation,intramolecular_N_B_alkyl,N,cyclohexyl,cyclohexyl,phenyl,phenyl,C6,N(C1CCCCC1)(C1CCCCC1)CCCCCCB(c1ccccc1)(c1ccccc1),c1ccc(B(CCCCCCN(C2CCCCC2)C2CCCCC2)c2ccccc2)cc1,True,0.3125
template_augmentation,intramolecular_N_B_alkyl,N,cyclohexyl,cyclohexyl,phenyl,p_tolyl,C1,N(C1CCCCC1)(C1CCCCC1)CB(c1ccccc1)(c1ccc(C)cc1),Cc1ccc(B(CN(C2CCCCC2)C2CCCCC2)c2ccccc2)cc1,True,0.3125
template_augmentation,intramolecular_N_B_alkyl,N,cyclohexyl,cyclohexyl,phenyl,p_tolyl,C2,N(C1CCCCC1)(C1CCCCC1)CCB(c1ccccc1)(c1ccc(C)cc1),Cc1ccc(B(CCN(C2CCCCC2)C2CCCCC2)c2ccccc2)cc1,True,0.3
template_augmentation,intramolecular_N_B_alkyl,N,cyclohexyl,cyclohexyl,phenyl,p_tolyl,C3,N(C1CCCCC1)(C1CCCCC1)CCCB(c1ccccc1)(c1ccc(C)cc1),Cc1ccc(B(CCCN(C2CCCCC2)C2CCCCC2)c2ccccc2)cc1,True,0.28846153846153844
template_augmentation,intramolecular_N_B_alkyl,N,cyclohexyl,cyclohexyl,phenyl,p_tolyl,C4,N(C1CCCCC1)(C1CCCCC1)CCCCB(c1ccccc1)(c1ccc(C)cc1),Cc1ccc(B(CCCCN(C2CCCCC2)C2CCCCC2)c2ccccc2)cc1,True,0.2830188679245283
template_augmentation,intramolecular_N_B_alkyl,N,cyclohexyl,cyclohexyl,phenyl,p_tolyl,C5,N(C1CCCCC1)(C1CCCCC1)CCCCCB(c1ccccc1)(c1ccc(C)cc1),Cc1ccc(B(CCCCCN(C2CCCCC2)C2CCCCC2)c2ccccc2)cc1,True,0.2777777777777778
template_augmentation,intramolecular_N_B_alkyl,N,cyclohexyl,cyclohexyl,phenyl,p_tolyl,C6,N(C1CCCCC1)(C1CCCCC1)CCCCCCB(c1ccccc1)(c1ccc(C)cc1),Cc1ccc(B(CCCCCCN(C2CCCCC2)C2CCCCC2)c2ccccc2)cc1,True,0.2777777777777778
template_augmentation,intramolecular_N_B_alkyl,N,cyclohexyl,cyclohexyl,phenyl,mesityl,C1,N(C1CCCCC1)(C1CCCCC1)CB(c1ccccc1)(c1c(C)cc(C)cc1C),Cc1cc(C)c(B(CN(C2CCCCC2)C2CCCCC2)c2ccccc2)c(C)c1,True,0.40384615384615385
template_augmentation,intramolecular_N_B_alkyl,N,cyclohexyl,cyclohexyl,phenyl,mesityl,C2,N(C1CCCCC1)(C1CCCCC1)CCB(c1ccccc1)(c1c(C)cc(C)cc1C),Cc1cc(C)c(B(CCN(C2CCCCC2)C2CCCCC2)c2ccccc2)c(C)c1,True,0.3888888888888889
template_augmentation,intramolecular_N_B_alkyl,N,cyclohexyl,cyclohexyl,phenyl,mesityl,C3,N(C1CCCCC1)(C1CCCCC1)CCCB(c1ccccc1)(c1c(C)cc(C)cc1C),Cc1cc(C)c(B(CCCN(C2CCCCC2)C2CCCCC2)c2ccccc2)c(C)c1,True,0.375
template_augmentation,intramolecular_N_B_alkyl,N,cyclohexyl,cyclohexyl,phenyl,mesityl,C4,N(C1CCCCC1)(C1CCCCC1)CCCCB(c1ccccc1)(c1c(C)cc(C)cc1C),Cc1cc(C)c(B(CCCCN(C2CCCCC2)C2CCCCC2)c2ccccc2)c(C)c1,True,0.3684210526315789
template_augmentation,intramolecular_N_B_alkyl,N,cyclohexyl,cyclohexyl,phenyl,mesityl,C5,N(C1CCCCC1)(C1CCCCC1)CCCCCB(c1ccccc1)(c1c(C)cc(C)cc1C),Cc1cc(C)c(B(CCCCCN(C2CCCCC2)C2CCCCC2)c2ccccc2)c(C)c1,True,0.3620689655172414
template_augmentation,intramolecular_N_B_alkyl,N,cyclohexyl,cyclohexyl,phenyl,mesityl,C6,N(C1CCCCC1)(C1CCCCC1)CCCCCCB(c1ccccc1)(c1c(C)cc(C)cc1C),Cc1cc(C)c(B(CCCCCCN(C2CCCCC2)C2CCCCC2)c2ccccc2)c(C)c1,True,0.3620689655172414
template_augmentation,intramolecular_N_B_alkyl,N,cyclohexyl,cyclohexyl,phenyl,pentafluorophenyl,C1,N(C1CCCCC1)(C1CCCCC1)CB(c1ccccc1)(c1c(F)c(F)c(F)c(F)c1F),Fc1c(F)c(F)c(B(CN(C2CCCCC2)C2CCCCC2)c2ccccc2)c(F)c1F,True,0.3877551020408163
template_augmentation,intramolecular_N_B_alkyl,N,cyclohexyl,cyclohexyl,phenyl,pentafluorophenyl,C2,N(C1CCCCC1)(C1CCCCC1)CCB(c1ccccc1)(c1c(F)c(F)c(F)c(F)c1F),Fc1c(F)c(F)c(B(CCN(C2CCCCC2)C2CCCCC2)c2ccccc2)c(F)c1F,True,0.37254901960784315
template_augmentation,intramolecular_N_B_alkyl,N,cyclohexyl,cyclohexyl,phenyl,pentafluorophenyl,C3,N(C1CCCCC1)(C1CCCCC1)CCCB(c1ccccc1)(c1c(F)c(F)c(F)c(F)c1F),Fc1c(F)c(F)c(B(CCCN(C2CCCCC2)C2CCCCC2)c2ccccc2)c(F)c1F,True,0.3877551020408163
template_augmentation,intramolecular_N_B_alkyl,N,cyclohexyl,cyclohexyl,phenyl,pentafluorophenyl,C4,N(C1CCCCC1)(C1CCCCC1)CCCCB(c1ccccc1)(c1c(F)c(F)c(F)c(F)c1F),Fc1c(F)c(F)c(B(CCCCN(C2CCCCC2)C2CCCCC2)c2ccccc2)c(F)c1F,True,0.40816326530612246
template_augmentation,intramolecular_N_B_alkyl,N,cyclohexyl,cyclohexyl,phenyl,pentafluorophenyl,C5,N(C1CCCCC1)(C1CCCCC1)CCCCCB(c1ccccc1)(c1c(F)c(F)c(F)c(F)c1F),Fc1c(F)c(F)c(B(CCCCCN(C2CCCCC2)C2CCCCC2)c2ccccc2)c(F)c1F,True,0.4
template_augmentation,intramolecular_N_B_alkyl,N,cyclohexyl,cyclohexyl,phenyl,pentafluorophenyl,C6,N(C1CCCCC1)(C1CCCCC1)CCCCCCB(c1ccccc1)(c1c(F)c(F)c(F)c(F)c1F),Fc1c(F)c(F)c(B(CCCCCCN(C2CCCCC2)C2CCCCC2)c2ccccc2)c(F)c1F,True,0.4
template_augmentation,intramolecular_N_B_alkyl,N,cyclohexyl,cyclohexyl,phenyl,pentachlorophenyl,C1,N(C1CCCCC1)(C1CCCCC1)CB(c1ccccc1)(c1c(Cl)c(Cl)c(Cl)c(Cl)c1Cl),Clc1c(Cl)c(Cl)c(B(CN(C2CCCCC2)C2CCCCC2)c2ccccc2)c(Cl)c1Cl,True,0.40425531914893614
template_augmentation,intramolecular_N_B_alkyl,N,cyclohexyl,cyclohexyl,phenyl,pentachlorophenyl,C2,N(C1CCCCC1)(C1CCCCC1)CCB(c1ccccc1)(c1c(Cl)c(Cl)c(Cl)c(Cl)c1Cl),Clc1c(Cl)c(Cl)c(B(CCN(C2CCCCC2)C2CCCCC2)c2ccccc2)c(Cl)c1Cl,True,0.3877551020408163
template_augmentation,intramolecular_N_B_alkyl,N,cyclohexyl,cyclohexyl,phenyl,pentachlorophenyl,C3,N(C1CCCCC1)(C1CCCCC1)CCCB(c1ccccc1)(c1c(Cl)c(Cl)c(Cl)c(Cl)c1Cl),Clc1c(Cl)c(Cl)c(B(CCCN(C2CCCCC2)C2CCCCC2)c2ccccc2)c(Cl)c1Cl,True,0.3877551020408163
template_augmentation,intramolecular_N_B_alkyl,N,cyclohexyl,cyclohexyl,phenyl,pentachlorophenyl,C4,N(C1CCCCC1)(C1CCCCC1)CCCCB(c1ccccc1)(c1c(Cl)c(Cl)c(Cl)c(Cl)c1Cl),Clc1c(Cl)c(Cl)c(B(CCCCN(C2CCCCC2)C2CCCCC2)c2ccccc2)c(Cl)c1Cl,True,0.3958333333333333
template_augmentation,intramolecular_N_B_alkyl,N,cyclohexyl,cyclohexyl,phenyl,pentachlorophenyl,C5,N(C1CCCCC1)(C1CCCCC1)CCCCCB(c1ccccc1)(c1c(Cl)c(Cl)c(Cl)c(Cl)c1Cl),Clc1c(Cl)c(Cl)c(B(CCCCCN(C2CCCCC2)C2CCCCC2)c2ccccc2)c(Cl)c1Cl,True,0.3877551020408163
template_augmentation,intramolecular_N_B_alkyl,N,cyclohexyl,cyclohexyl,phenyl,pentachlorophenyl,C6,N(C1CCCCC1)(C1CCCCC1)CCCCCCB(c1ccccc1)(c1c(Cl)c(Cl)c(Cl)c(Cl)c1Cl),Clc1c(Cl)c(Cl)c(B(CCCCCCN(C2CCCCC2)C2CCCCC2)c2ccccc2)c(Cl)c1Cl,True,0.3877551020408163
template_augmentation,intramolecular_N_B_alkyl,N,cyclohexyl,cyclohexyl,phenyl,bis_cf3_phenyl,C1,N(C1CCCCC1)(C1CCCCC1)CB(c1ccccc1)(c1cc(C(F)(F)F)cc(C(F)(F)F)c1),FC(F)(F)c1cc(B(CN(C2CCCCC2)C2CCCCC2)c2ccccc2)cc(C(F)(F)F)c1,True,0.3617021276595745
template_augmentation,intramolecular_N_B_alkyl,N,cyclohexyl,cyclohexyl,phenyl,bis_cf3_phenyl,C2,N(C1CCCCC1)(C1CCCCC1)CCB(c1ccccc1)(c1cc(C(F)(F)F)cc(C(F)(F)F)c1),FC(F)(F)c1cc(B(CCN(C2CCCCC2)C2CCCCC2)c2ccccc2)cc(C(F)(F)F)c1,True,0.3469387755102041
template_augmentation,intramolecular_N_B_alkyl,N,cyclohexyl,cyclohexyl,phenyl,bis_cf3_phenyl,C3,N(C1CCCCC1)(C1CCCCC1)CCCB(c1ccccc1)(c1cc(C(F)(F)F)cc(C(F)(F)F)c1),FC(F)(F)c1cc(B(CCCN(C2CCCCC2)C2CCCCC2)c2ccccc2)cc(C(F)(F)F)c1,True,0.3333333333333333
template_augmentation,intramolecular_N_B_alkyl,N,cyclohexyl,cyclohexyl,phenyl,bis_cf3_phenyl,C4,N(C1CCCCC1)(C1CCCCC1)CCCCB(c1ccccc1)(c1cc(C(F)(F)F)cc(C(F)(F)F)c1),FC(F)(F)c1cc(B(CCCCN(C2CCCCC2)C2CCCCC2)c2ccccc2)cc(C(F)(F)F)c1,True,0.3269230769230769
template_augmentation,intramolecular_N_B_alkyl,N,cyclohexyl,cyclohexyl,phenyl,bis_cf3_phenyl,C5,N(C1CCCCC1)(C1CCCCC1)CCCCCB(c1ccccc1)(c1cc(C(F)(F)F)cc(C(F)(F)F)c1),FC(F)(F)c1cc(B(CCCCCN(C2CCCCC2)C2CCCCC2)c2ccccc2)cc(C(F)(F)F)c1,True,0.32075471698113206
template_augmentation,intramolecular_N_B_alkyl,N,cyclohexyl,cyclohexyl,phenyl,bis_cf3_phenyl,C6,N(C1CCCCC1)(C1CCCCC1)CCCCCCB(c1ccccc1)(c1cc(C(F)(F)F)cc(C(F)(F)F)c1),FC(F)(F)c1cc(B(CCCCCCN(C2CCCCC2)C2CCCCC2)c2ccccc2)cc(C(F)(F)F)c1,True,0.32075471698113206
template_augmentation,intramolecular_N_B_alkyl,N,cyclohexyl,cyclohexyl,p_tolyl,p_tolyl,C1,N(C1CCCCC1)(C1CCCCC1)CB(c1ccc(C)cc1)(c1ccc(C)cc1),Cc1ccc(B(CN(C2CCCCC2)C2CCCCC2)c2ccc(C)cc2)cc1,True,0.25
template_augmentation,intramolecular_N_B_alkyl,N,cyclohexyl,cyclohexyl,p_tolyl,p_tolyl,C2,N(C1CCCCC1)(C1CCCCC1)CCB(c1ccc(C)cc1)(c1ccc(C)cc1),Cc1ccc(B(CCN(C2CCCCC2)C2CCCCC2)c2ccc(C)cc2)cc1,True,0.24074074074074073
template_augmentation,intramolecular_N_B_alkyl,N,cyclohexyl,cyclohexyl,p_tolyl,p_tolyl,C3,N(C1CCCCC1)(C1CCCCC1)CCCB(c1ccc(C)cc1)(c1ccc(C)cc1),Cc1ccc(B(CCCN(C2CCCCC2)C2CCCCC2)c2ccc(C)cc2)cc1,True,0.2549019607843137
template_augmentation,intramolecular_N_B_alkyl,N,cyclohexyl,cyclohexyl,p_tolyl,p_tolyl,C4,N(C1CCCCC1)(C1CCCCC1)CCCCB(c1ccc(C)cc1)(c1ccc(C)cc1),Cc1ccc(B(CCCCN(C2CCCCC2)C2CCCCC2)c2ccc(C)cc2)cc1,True,0.25
template_augmentation,intramolecular_N_B_alkyl,N,cyclohexyl,cyclohexyl,p_tolyl,p_tolyl,C5,N(C1CCCCC1)(C1CCCCC1)CCCCCB(c1ccc(C)cc1)(c1ccc(C)cc1),Cc1ccc(B(CCCCCN(C2CCCCC2)C2CCCCC2)c2ccc(C)cc2)cc1,True,0.24528301886792453
template_augmentation,intramolecular_N_B_alkyl,N,cyclohexyl,cyclohexyl,p_tolyl,p_tolyl,C6,N(C1CCCCC1)(C1CCCCC1)CCCCCCB(c1ccc(C)cc1)(c1ccc(C)cc1),Cc1ccc(B(CCCCCCN(C2CCCCC2)C2CCCCC2)c2ccc(C)cc2)cc1,True,0.24528301886792453
template_augmentation,intramolecular_N_B_alkyl,N,cyclohexyl,cyclohexyl,p_tolyl,mesityl,C1,N(C1CCCCC1)(C1CCCCC1)CB(c1ccc(C)cc1)(c1c(C)cc(C)cc1C),Cc1ccc(B(CN(C2CCCCC2)C2CCCCC2)c2c(C)cc(C)cc2C)cc1,True,0.3584905660377358
template_augmentation,intramolecular_N_B_alkyl,N,cyclohexyl,cyclohexyl,p_tolyl,mesityl,C2,N(C1CCCCC1)(C1CCCCC1)CCB(c1ccc(C)cc1)(c1c(C)cc(C)cc1C),Cc1ccc(B(CCN(C2CCCCC2)C2CCCCC2)c2c(C)cc(C)cc2C)cc1,True,0.34545454545454546
template_augmentation,intramolecular_N_B_alkyl,N,cyclohexyl,cyclohexyl,p_tolyl,mesityl,C3,N(C1CCCCC1)(C1CCCCC1)CCCB(c1ccc(C)cc1)(c1c(C)cc(C)cc1C),Cc1ccc(B(CCCN(C2CCCCC2)C2CCCCC2)c2c(C)cc(C)cc2C)cc1,True,0.3333333333333333
template_augmentation,intramolecular_N_B_alkyl,N,cyclohexyl,cyclohexyl,p_tolyl,mesityl,C4,N(C1CCCCC1)(C1CCCCC1)CCCCB(c1ccc(C)cc1)(c1c(C)cc(C)cc1C),Cc1ccc(B(CCCCN(C2CCCCC2)C2CCCCC2)c2c(C)cc(C)cc2C)cc1,True,0.3275862068965517
template_augmentation,intramolecular_N_B_alkyl,N,cyclohexyl,cyclohexyl,p_tolyl,mesityl,C5,N(C1CCCCC1)(C1CCCCC1)CCCCCB(c1ccc(C)cc1)(c1c(C)cc(C)cc1C),Cc1ccc(B(CCCCCN(C2CCCCC2)C2CCCCC2)c2c(C)cc(C)cc2C)cc1,True,0.3220338983050847
template_augmentation,intramolecular_N_B_alkyl,N,cyclohexyl,cyclohexyl,p_tolyl,mesityl,C6,N(C1CCCCC1)(C1CCCCC1)CCCCCCB(c1ccc(C)cc1)(c1c(C)cc(C)cc1C),Cc1ccc(B(CCCCCCN(C2CCCCC2)C2CCCCC2)c2c(C)cc(C)cc2C)cc1,True,0.3220338983050847
template_augmentation,intramolecular_N_B_alkyl,N,cyclohexyl,cyclohexyl,p_tolyl,pentafluorophenyl,C1,N(C1CCCCC1)(C1CCCCC1)CB(c1ccc(C)cc1)(c1c(F)c(F)c(F)c(F)c1F),Cc1ccc(B(CN(C2CCCCC2)C2CCCCC2)c2c(F)c(F)c(F)c(F)c2F)cc1,True,0.34
template_augmentation,intramolecular_N_B_alkyl,N,cyclohexyl,cyclohexyl,p_tolyl,pentafluorophenyl,C2,N(C1CCCCC1)(C1CCCCC1)CCB(c1ccc(C)cc1)(c1c(F)c(F)c(F)c(F)c1F),Cc1ccc(B(CCN(C2CCCCC2)C2CCCCC2)c2c(F)c(F)c(F)c(F)c2F)cc1,True,0.35294117647058826
template_augmentation,intramolecular_N_B_alkyl,N,cyclohexyl,cyclohexyl,p_tolyl,pentafluorophenyl,C3,N(C1CCCCC1)(C1CCCCC1)CCCB(c1ccc(C)cc1)(c1c(F)c(F)c(F)c(F)c1F),Cc1ccc(B(CCCN(C2CCCCC2)C2CCCCC2)c2c(F)c(F)c(F)c(F)c2F)cc1,True,0.39215686274509803
template_augmentation,intramolecular_N_B_alkyl,N,cyclohexyl,cyclohexyl,p_tolyl,pentafluorophenyl,C4,N(C1CCCCC1)(C1CCCCC1)CCCCB(c1ccc(C)cc1)(c1c(F)c(F)c(F)c(F)c1F),Cc1ccc(B(CCCCN(C2CCCCC2)C2CCCCC2)c2c(F)c(F)c(F)c(F)c2F)cc1,True,0.38461538461538464
template_augmentation,intramolecular_N_B_alkyl,N,cyclohexyl,cyclohexyl,p_tolyl,pentafluorophenyl,C5,N(C1CCCCC1)(C1CCCCC1)CCCCCB(c1ccc(C)cc1)(c1c(F)c(F)c(F)c(F)c1F),Cc1ccc(B(CCCCCN(C2CCCCC2)C2CCCCC2)c2c(F)c(F)c(F)c(F)c2F)cc1,True,0.37735849056603776
template_augmentation,intramolecular_N_B_alkyl,N,cyclohexyl,cyclohexyl,p_tolyl,pentafluorophenyl,C6,N(C1CCCCC1)(C1CCCCC1)CCCCCCB(c1ccc(C)cc1)(c1c(F)c(F)c(F)c(F)c1F),Cc1ccc(B(CCCCCCN(C2CCCCC2)C2CCCCC2)c2c(F)c(F)c(F)c(F)c2F)cc1,True,0.37735849056603776
template_augmentation,intramolecular_N_B_alkyl,N,cyclohexyl,cyclohexyl,p_tolyl,pentachlorophenyl,C1,N(C1CCCCC1)(C1CCCCC1)CB(c1ccc(C)cc1)(c1c(Cl)c(Cl)c(Cl)c(Cl)c1Cl),Cc1ccc(B(CN(C2CCCCC2)C2CCCCC2)c2c(Cl)c(Cl)c(Cl)c(Cl)c2Cl)cc1,True,0.3584905660377358
template_augmentation,intramolecular_N_B_alkyl,N,cyclohexyl,cyclohexyl,p_tolyl,pentachlorophenyl,C2,N(C1CCCCC1)(C1CCCCC1)CCB(c1ccc(C)cc1)(c1c(Cl)c(Cl)c(Cl)c(Cl)c1Cl),Cc1ccc(B(CCN(C2CCCCC2)C2CCCCC2)c2c(Cl)c(Cl)c(Cl)c(Cl)c2Cl)cc1,True,0.35294117647058826
template_augmentation,intramolecular_N_B_alkyl,N,cyclohexyl,cyclohexyl,p_tolyl,pentachlorophenyl,C3,N(C1CCCCC1)(C1CCCCC1)CCCB(c1ccc(C)cc1)(c1c(Cl)c(Cl)c(Cl)c(Cl)c1Cl),Cc1ccc(B(CCCN(C2CCCCC2)C2CCCCC2)c2c(Cl)c(Cl)c(Cl)c(Cl)c2Cl)cc1,True,0.39215686274509803
template_augmentation,intramolecular_N_B_alkyl,N,cyclohexyl,cyclohexyl,p_tolyl,pentachlorophenyl,C4,N(C1CCCCC1)(C1CCCCC1)CCCCB(c1ccc(C)cc1)(c1c(Cl)c(Cl)c(Cl)c(Cl)c1Cl),Cc1ccc(B(CCCCN(C2CCCCC2)C2CCCCC2)c2c(Cl)c(Cl)c(Cl)c(Cl)c2Cl)cc1,True,0.38461538461538464
template_augmentation,intramolecular_N_B_alkyl,N,cyclohexyl,cyclohexyl,p_tolyl,pentachlorophenyl,C5,N(C1CCCCC1)(C1CCCCC1)CCCCCB(c1ccc(C)cc1)(c1c(Cl)c(Cl)c(Cl)c(Cl)c1Cl),Cc1ccc(B(CCCCCN(C2CCCCC2)C2CCCCC2)c2c(Cl)c(Cl)c(Cl)c(Cl)c2Cl)cc1,True,0.37735849056603776
template_augmentation,intramolecular_N_B_alkyl,N,cyclohexyl,cyclohexyl,p_tolyl,pentachlorophenyl,C6,N(C1CCCCC1)(C1CCCCC1)CCCCCCB(c1ccc(C)cc1)(c1c(Cl)c(Cl)c(Cl)c(Cl)c1Cl),Cc1ccc(B(CCCCCCN(C2CCCCC2)C2CCCCC2)c2c(Cl)c(Cl)c(Cl)c(Cl)c2Cl)cc1,True,0.37735849056603776
template_augmentation,intramolecular_N_B_alkyl,N,cyclohexyl,cyclohexyl,p_tolyl,bis_cf3_phenyl,C1,N(C1CCCCC1)(C1CCCCC1)CB(c1ccc(C)cc1)(c1cc(C(F)(F)F)cc(C(F)(F)F)c1),Cc1ccc(B(CN(C2CCCCC2)C2CCCCC2)c2cc(C(F)(F)F)cc(C(F)(F)F)c2)cc1,True,0.375
template_augmentation,intramolecular_N_B_alkyl,N,cyclohexyl,cyclohexyl,p_tolyl,bis_cf3_phenyl,C2,N(C1CCCCC1)(C1CCCCC1)CCB(c1ccc(C)cc1)(c1cc(C(F)(F)F)cc(C(F)(F)F)c1),Cc1ccc(B(CCN(C2CCCCC2)C2CCCCC2)c2cc(C(F)(F)F)cc(C(F)(F)F)c2)cc1,True,0.36
template_augmentation,intramolecular_N_B_alkyl,N,cyclohexyl,cyclohexyl,p_tolyl,bis_cf3_phenyl,C3,N(C1CCCCC1)(C1CCCCC1)CCCB(c1ccc(C)cc1)(c1cc(C(F)(F)F)cc(C(F)(F)F)c1),Cc1ccc(B(CCCN(C2CCCCC2)C2CCCCC2)c2cc(C(F)(F)F)cc(C(F)(F)F)c2)cc1,True,0.34615384615384615
template_augmentation,intramolecular_N_B_alkyl,N,cyclohexyl,cyclohexyl,p_tolyl,bis_cf3_phenyl,C4,N(C1CCCCC1)(C1CCCCC1)CCCCB(c1ccc(C)cc1)(c1cc(C(F)(F)F)cc(C(F)(F)F)c1),Cc1ccc(B(CCCCN(C2CCCCC2)C2CCCCC2)c2cc(C(F)(F)F)cc(C(F)(F)F)c2)cc1,True,0.33962264150943394
template_augmentation,intramolecular_N_B_alkyl,N,cyclohexyl,cyclohexyl,p_tolyl,bis_cf3_phenyl,C5,N(C1CCCCC1)(C1CCCCC1)CCCCCB(c1ccc(C)cc1)(c1cc(C(F)(F)F)cc(C(F)(F)F)c1),Cc1ccc(B(CCCCCN(C2CCCCC2)C2CCCCC2)c2cc(C(F)(F)F)cc(C(F)(F)F)c2)cc1,True,0.3333333333333333
template_augmentation,intramolecular_N_B_alkyl,N,cyclohexyl,cyclohexyl,p_tolyl,bis_cf3_phenyl,C6,N(C1CCCCC1)(C1CCCCC1)CCCCCCB(c1ccc(C)cc1)(c1cc(C(F)(F)F)cc(C(F)(F)F)c1),Cc1ccc(B(CCCCCCN(C2CCCCC2)C2CCCCC2)c2cc(C(F)(F)F)cc(C(F)(F)F)c2)cc1,True,0.3333333333333333
template_augmentation,intramolecular_N_B_alkyl,N,cyclohexyl,cyclohexyl,mesityl,mesityl,C1,N(C1CCCCC1)(C1CCCCC1)CB(c1c(C)cc(C)cc1C)(c1c(C)cc(C)cc1C),Cc1cc(C)c(B(CN(C2CCCCC2)C2CCCCC2)c2c(C)cc(C)cc2C)c(C)c1,True,0.375
template_augmentation,intramolecular_N_B_alkyl,N,cyclohexyl,cyclohexyl,mesityl,mesityl,C2,N(C1CCCCC1)(C1CCCCC1)CCB(c1c(C)cc(C)cc1C)(c1c(C)cc(C)cc1C),Cc1cc(C)c(B(CCN(C2CCCCC2)C2CCCCC2)c2c(C)cc(C)cc2C)c(C)c1,True,0.36
template_augmentation,intramolecular_N_B_alkyl,N,cyclohexyl,cyclohexyl,mesityl,mesityl,C3,N(C1CCCCC1)(C1CCCCC1)CCCB(c1c(C)cc(C)cc1C)(c1c(C)cc(C)cc1C),Cc1cc(C)c(B(CCCN(C2CCCCC2)C2CCCCC2)c2c(C)cc(C)cc2C)c(C)c1,True,0.34615384615384615
template_augmentation,intramolecular_N_B_alkyl,N,cyclohexyl,cyclohexyl,mesityl,mesityl,C4,N(C1CCCCC1)(C1CCCCC1)CCCCB(c1c(C)cc(C)cc1C)(c1c(C)cc(C)cc1C),Cc1cc(C)c(B(CCCCN(C2CCCCC2)C2CCCCC2)c2c(C)cc(C)cc2C)c(C)c1,True,0.36
template_augmentation,intramolecular_N_B_alkyl,N,cyclohexyl,cyclohexyl,mesityl,mesityl,C5,N(C1CCCCC1)(C1CCCCC1)CCCCCB(c1c(C)cc(C)cc1C)(c1c(C)cc(C)cc1C),Cc1cc(C)c(B(CCCCCN(C2CCCCC2)C2CCCCC2)c2c(C)cc(C)cc2C)c(C)c1,True,0.35294117647058826
template_augmentation,intramolecular_N_B_alkyl,N,cyclohexyl,cyclohexyl,mesityl,mesityl,C6,N(C1CCCCC1)(C1CCCCC1)CCCCCCB(c1c(C)cc(C)cc1C)(c1c(C)cc(C)cc1C),Cc1cc(C)c(B(CCCCCCN(C2CCCCC2)C2CCCCC2)c2c(C)cc(C)cc2C)c(C)c1,True,0.35294117647058826
template_augmentation,intramolecular_N_B_alkyl,N,cyclohexyl,cyclohexyl,mesityl,pentafluorophenyl,C1,N(C1CCCCC1)(C1CCCCC1)CB(c1c(C)cc(C)cc1C)(c1c(F)c(F)c(F)c(F)c1F),Cc1cc(C)c(B(CN(C2CCCCC2)C2CCCCC2)c2c(F)c(F)c(F)c(F)c2F)c(C)c1,True,0.43137254901960786
template_augmentation,intramolecular_N_B_alkyl,N,cyclohexyl,cyclohexyl,mesityl,pentafluorophenyl,C2,N(C1CCCCC1)(C1CCCCC1)CCB(c1c(C)cc(C)cc1C)(c1c(F)c(F)c(F)c(F)c1F),Cc1cc(C)c(B(CCN(C2CCCCC2)C2CCCCC2)c2c(F)c(F)c(F)c(F)c2F)c(C)c1,True,0.44680851063829785
template_augmentation,intramolecular_N_B_alkyl,N,cyclohexyl,cyclohexyl,mesityl,pentafluorophenyl,C3,N(C1CCCCC1)(C1CCCCC1)CCCB(c1c(C)cc(C)cc1C)(c1c(F)c(F)c(F)c(F)c1F),Cc1cc(C)c(B(CCCN(C2CCCCC2)C2CCCCC2)c2c(F)c(F)c(F)c(F)c2F)c(C)c1,True,0.46
template_augmentation,intramolecular_N_B_alkyl,N,cyclohexyl,cyclohexyl,mesityl,pentafluorophenyl,C4,N(C1CCCCC1)(C1CCCCC1)CCCCB(c1c(C)cc(C)cc1C)(c1c(F)c(F)c(F)c(F)c1F),Cc1cc(C)c(B(CCCCN(C2CCCCC2)C2CCCCC2)c2c(F)c(F)c(F)c(F)c2F)c(C)c1,True,0.48
template_augmentation,intramolecular_N_B_alkyl,N,cyclohexyl,cyclohexyl,mesityl,pentafluorophenyl,C5,N(C1CCCCC1)(C1CCCCC1)CCCCCB(c1c(C)cc(C)cc1C)(c1c(F)c(F)c(F)c(F)c1F),Cc1cc(C)c(B(CCCCCN(C2CCCCC2)C2CCCCC2)c2c(F)c(F)c(F)c(F)c2F)c(C)c1,True,0.47058823529411764
template_augmentation,intramolecular_N_B_alkyl,N,cyclohexyl,cyclohexyl,mesityl,pentafluorophenyl,C6,N(C1CCCCC1)(C1CCCCC1)CCCCCCB(c1c(C)cc(C)cc1C)(c1c(F)c(F)c(F)c(F)c1F),Cc1cc(C)c(B(CCCCCCN(C2CCCCC2)C2CCCCC2)c2c(F)c(F)c(F)c(F)c2F)c(C)c1,True,0.47058823529411764
template_augmentation,intramolecular_N_B_alkyl,N,cyclohexyl,cyclohexyl,mesityl,pentachlorophenyl,C1,N(C1CCCCC1)(C1CCCCC1)CB(c1c(C)cc(C)cc1C)(c1c(Cl)c(Cl)c(Cl)c(Cl)c1Cl),Cc1cc(C)c(B(CN(C2CCCCC2)C2CCCCC2)c2c(Cl)c(Cl)c(Cl)c(Cl)c2Cl)c(C)c1,True,0.44
template_augmentation,intramolecular_N_B_alkyl,N,cyclohexyl,cyclohexyl,mesityl,pentachlorophenyl,C2,N(C1CCCCC1)(C1CCCCC1)CCB(c1c(C)cc(C)cc1C)(c1c(Cl)c(Cl)c(Cl)c(Cl)c1Cl),Cc1cc(C)c(B(CCN(C2CCCCC2)C2CCCCC2)c2c(Cl)c(Cl)c(Cl)c(Cl)c2Cl)c(C)c1,True,0.44680851063829785
template_augmentation,intramolecular_N_B_alkyl,N,cyclohexyl,cyclohexyl,mesityl,pentachlorophenyl,C3,N(C1CCCCC1)(C1CCCCC1)CCCB(c1c(C)cc(C)cc1C)(c1c(Cl)c(Cl)c(Cl)c(Cl)c1Cl),Cc1cc(C)c(B(CCCN(C2CCCCC2)C2CCCCC2)c2c(Cl)c(Cl)c(Cl)c(Cl)c2Cl)c(C)c1,True,0.46
template_augmentation,intramolecular_N_B_alkyl,N,cyclohexyl,cyclohexyl,mesityl,pentachlorophenyl,C4,N(C1CCCCC1)(C1CCCCC1)CCCCB(c1c(C)cc(C)cc1C)(c1c(Cl)c(Cl)c(Cl)c(Cl)c1Cl),Cc1cc(C)c(B(CCCCN(C2CCCCC2)C2CCCCC2)c2c(Cl)c(Cl)c(Cl)c(Cl)c2Cl)c(C)c1,True,0.48
template_augmentation,intramolecular_N_B_alkyl,N,cyclohexyl,cyclohexyl,mesityl,pentachlorophenyl,C5,N(C1CCCCC1)(C1CCCCC1)CCCCCB(c1c(C)cc(C)cc1C)(c1c(Cl)c(Cl)c(Cl)c(Cl)c1Cl),Cc1cc(C)c(B(CCCCCN(C2CCCCC2)C2CCCCC2)c2c(Cl)c(Cl)c(Cl)c(Cl)c2Cl)c(C)c1,True,0.47058823529411764
template_augmentation,intramolecular_N_B_alkyl,N,cyclohexyl,cyclohexyl,mesityl,pentachlorophenyl,C6,N(C1CCCCC1)(C1CCCCC1)CCCCCCB(c1c(C)cc(C)cc1C)(c1c(Cl)c(Cl)c(Cl)c(Cl)c1Cl),Cc1cc(C)c(B(CCCCCCN(C2CCCCC2)C2CCCCC2)c2c(Cl)c(Cl)c(Cl)c(Cl)c2Cl)c(C)c1,True,0.47058823529411764
template_augmentation,intramolecular_N_B_alkyl,N,cyclohexyl,cyclohexyl,mesityl,bis_cf3_phenyl,C1,N(C1CCCCC1)(C1CCCCC1)CB(c1c(C)cc(C)cc1C)(c1cc(C(F)(F)F)cc(C(F)(F)F)c1),Cc1cc(C)c(B(CN(C2CCCCC2)C2CCCCC2)c2cc(C(F)(F)F)cc(C(F)(F)F)c2)c(C)c1,True,0.3673469387755102
template_augmentation,intramolecular_N_B_alkyl,N,cyclohexyl,cyclohexyl,mesityl,bis_cf3_phenyl,C2,N(C1CCCCC1)(C1CCCCC1)CCB(c1c(C)cc(C)cc1C)(c1cc(C(F)(F)F)cc(C(F)(F)F)c1),Cc1cc(C)c(B(CCN(C2CCCCC2)C2CCCCC2)c2cc(C(F)(F)F)cc(C(F)(F)F)c2)c(C)c1,True,0.35294117647058826
template_augmentation,intramolecular_N_B_alkyl,N,cyclohexyl,cyclohexyl,mesityl,bis_cf3_phenyl,C3,N(C1CCCCC1)(C1CCCCC1)CCCB(c1c(C)cc(C)cc1C)(c1cc(C(F)(F)F)cc(C(F)(F)F)c1),Cc1cc(C)c(B(CCCN(C2CCCCC2)C2CCCCC2)c2cc(C(F)(F)F)cc(C(F)(F)F)c2)c(C)c1,True,0.33962264150943394
template_augmentation,intramolecular_N_B_alkyl,N,cyclohexyl,cyclohexyl,mesityl,bis_cf3_phenyl,C4,N(C1CCCCC1)(C1CCCCC1)CCCCB(c1c(C)cc(C)cc1C)(c1cc(C(F)(F)F)cc(C(F)(F)F)c1),Cc1cc(C)c(B(CCCCN(C2CCCCC2)C2CCCCC2)c2cc(C(F)(F)F)cc(C(F)(F)F)c2)c(C)c1,True,0.3333333333333333
template_augmentation,intramolecular_N_B_alkyl,N,cyclohexyl,cyclohexyl,mesityl,bis_cf3_phenyl,C5,N(C1CCCCC1)(C1CCCCC1)CCCCCB(c1c(C)cc(C)cc1C)(c1cc(C(F)(F)F)cc(C(F)(F)F)c1),Cc1cc(C)c(B(CCCCCN(C2CCCCC2)C2CCCCC2)c2cc(C(F)(F)F)cc(C(F)(F)F)c2)c(C)c1,True,0.32727272727272727
template_augmentation,intramolecular_N_B_alkyl,N,cyclohexyl,cyclohexyl,mesityl,bis_cf3_phenyl,C6,N(C1CCCCC1)(C1CCCCC1)CCCCCCB(c1c(C)cc(C)cc1C)(c1cc(C(F)(F)F)cc(C(F)(F)F)c1),Cc1cc(C)c(B(CCCCCCN(C2CCCCC2)C2CCCCC2)c2cc(C(F)(F)F)cc(C(F)(F)F)c2)c(C)c1,True,0.32727272727272727
template_augmentation,intramolecular_N_B_alkyl,N,cyclohexyl,cyclohexyl,pentafluorophenyl,pentafluorophenyl,C1,N(C1CCCCC1)(C1CCCCC1)CB(c1c(F)c(F)c(F)c(F)c1F)(c1c(F)c(F)c(F)c(F)c1F),Fc1c(F)c(F)c(B(CN(C2CCCCC2)C2CCCCC2)c2c(F)c(F)c(F)c(F)c2F)c(F)c1F,True,0.4
template_augmentation,intramolecular_N_B_alkyl,N,cyclohexyl,cyclohexyl,pentafluorophenyl,pentafluorophenyl,C2,N(C1CCCCC1)(C1CCCCC1)CCB(c1c(F)c(F)c(F)c(F)c1F)(c1c(F)c(F)c(F)c(F)c1F),Fc1c(F)c(F)c(B(CCN(C2CCCCC2)C2CCCCC2)c2c(F)c(F)c(F)c(F)c2F)c(F)c1F,True,0.43902439024390244
template_augmentation,intramolecular_N_B_alkyl,N,cyclohexyl,cyclohexyl,pentafluorophenyl,pentafluorophenyl,C3,N(C1CCCCC1)(C1CCCCC1)CCCB(c1c(F)c(F)c(F)c(F)c1F)(c1c(F)c(F)c(F)c(F)c1F),Fc1c(F)c(F)c(B(CCCN(C2CCCCC2)C2CCCCC2)c2c(F)c(F)c(F)c(F)c2F)c(F)c1F,True,0.4878048780487805
template_augmentation,intramolecular_N_B_alkyl,N,cyclohexyl,cyclohexyl,pentafluorophenyl,pentafluorophenyl,C4,N(C1CCCCC1)(C1CCCCC1)CCCCB(c1c(F)c(F)c(F)c(F)c1F)(c1c(F)c(F)c(F)c(F)c1F),Fc1c(F)c(F)c(B(CCCCN(C2CCCCC2)C2CCCCC2)c2c(F)c(F)c(F)c(F)c2F)c(F)c1F,True,0.47619047619047616
template_augmentation,intramolecular_N_B_alkyl,N,cyclohexyl,cyclohexyl,pentafluorophenyl,pentafluorophenyl,C5,N(C1CCCCC1)(C1CCCCC1)CCCCCB(c1c(F)c(F)c(F)c(F)c1F)(c1c(F)c(F)c(F)c(F)c1F),Fc1c(F)c(F)c(B(CCCCCN(C2CCCCC2)C2CCCCC2)c2c(F)c(F)c(F)c(F)c2F)c(F)c1F,True,0.46511627906976744
template_augmentation,intramolecular_N_B_alkyl,N,cyclohexyl,cyclohexyl,pentafluorophenyl,pentafluorophenyl,C6,N(C1CCCCC1)(C1CCCCC1)CCCCCCB(c1c(F)c(F)c(F)c(F)c1F)(c1c(F)c(F)c(F)c(F)c1F),Fc1c(F)c(F)c(B(CCCCCCN(C2CCCCC2)C2CCCCC2)c2c(F)c(F)c(F)c(F)c2F)c(F)c1F,True,0.46511627906976744
template_augmentation,intramolecular_N_B_alkyl,N,cyclohexyl,cyclohexyl,pentafluorophenyl,pentachlorophenyl,C1,N(C1CCCCC1)(C1CCCCC1)CB(c1c(F)c(F)c(F)c(F)c1F)(c1c(Cl)c(Cl)c(Cl)c(Cl)c1Cl),Fc1c(F)c(F)c(B(CN(C2CCCCC2)C2CCCCC2)c2c(Cl)c(Cl)c(Cl)c(Cl)c2Cl)c(F)c1F,True,0.34146341463414637
template_augmentation,intramolecular_N_B_alkyl,N,cyclohexyl,cyclohexyl,pentafluorophenyl,pentachlorophenyl,C2,N(C1CCCCC1)(C1CCCCC1)CCB(c1c(F)c(F)c(F)c(F)c1F)(c1c(Cl)c(Cl)c(Cl)c(Cl)c1Cl),Fc1c(F)c(F)c(B(CCN(C2CCCCC2)C2CCCCC2)c2c(Cl)c(Cl)c(Cl)c(Cl)c2Cl)c(F)c1F,True,0.3829787234042553
template_augmentation,intramolecular_N_B_alkyl,N,cyclohexyl,cyclohexyl,pentafluorophenyl,pentachlorophenyl,C3,N(C1CCCCC1)(C1CCCCC1)CCCB(c1c(F)c(F)c(F)c(F)c1F)(c1c(Cl)c(Cl)c(Cl)c(Cl)c1Cl),Fc1c(F)c(F)c(B(CCCN(C2CCCCC2)C2CCCCC2)c2c(Cl)c(Cl)c(Cl)c(Cl)c2Cl)c(F)c1F,True,0.425531914893617
template_augmentation,intramolecular_N_B_alkyl,N,cyclohexyl,cyclohexyl,pentafluorophenyl,pentachlorophenyl,C4,N(C1CCCCC1)(C1CCCCC1)CCCCB(c1c(F)c(F)c(F)c(F)c1F)(c1c(Cl)c(Cl)c(Cl)c(Cl)c1Cl),Fc1c(F)c(F)c(B(CCCCN(C2CCCCC2)C2CCCCC2)c2c(Cl)c(Cl)c(Cl)c(Cl)c2Cl)c(F)c1F,True,0.4166666666666667
template_augmentation,intramolecular_N_B_alkyl,N,cyclohexyl,cyclohexyl,pentafluorophenyl,pentachlorophenyl,C5,N(C1CCCCC1)(C1CCCCC1)CCCCCB(c1c(F)c(F)c(F)c(F)c1F)(c1c(Cl)c(Cl)c(Cl)c(Cl)c1Cl),Fc1c(F)c(F)c(B(CCCCCN(C2CCCCC2)C2CCCCC2)c2c(Cl)c(Cl)c(Cl)c(Cl)c2Cl)c(F)c1F,True,0.40816326530612246
template_augmentation,intramolecular_N_B_alkyl,N,cyclohexyl,cyclohexyl,pentafluorophenyl,pentachlorophenyl,C6,N(C1CCCCC1)(C1CCCCC1)CCCCCCB(c1c(F)c(F)c(F)c(F)c1F)(c1c(Cl)c(Cl)c(Cl)c(Cl)c1Cl),Fc1c(F)c(F)c(B(CCCCCCN(C2CCCCC2)C2CCCCC2)c2c(Cl)c(Cl)c(Cl)c(Cl)c2Cl)c(F)c1F,True,0.40816326530612246
template_augmentation,intramolecular_N_B_alkyl,N,cyclohexyl,cyclohexyl,pentafluorophenyl,bis_cf3_phenyl,C1,N(C1CCCCC1)(C1CCCCC1)CB(c1c(F)c(F)c(F)c(F)c1F)(c1cc(C(F)(F)F)cc(C(F)(F)F)c1),Fc1c(F)c(F)c(B(CN(C2CCCCC2)C2CCCCC2)c2cc(C(F)(F)F)cc(C(F)(F)F)c2)c(F)c1F,True,0.3617021276595745
template_augmentation,intramolecular_N_B_alkyl,N,cyclohexyl,cyclohexyl,pentafluorophenyl,bis_cf3_phenyl,C2,N(C1CCCCC1)(C1CCCCC1)CCB(c1c(F)c(F)c(F)c(F)c1F)(c1cc(C(F)(F)F)cc(C(F)(F)F)c1),Fc1c(F)c(F)c(B(CCN(C2CCCCC2)C2CCCCC2)c2cc(C(F)(F)F)cc(C(F)(F)F)c2)c(F)c1F,True,0.3469387755102041
template_augmentation,intramolecular_N_B_alkyl,N,cyclohexyl,cyclohexyl,pentafluorophenyl,bis_cf3_phenyl,C3,N(C1CCCCC1)(C1CCCCC1)CCCB(c1c(F)c(F)c(F)c(F)c1F)(c1cc(C(F)(F)F)cc(C(F)(F)F)c1),Fc1c(F)c(F)c(B(CCCN(C2CCCCC2)C2CCCCC2)c2cc(C(F)(F)F)cc(C(F)(F)F)c2)c(F)c1F,True,0.3584905660377358
template_augmentation,intramolecular_N_B_alkyl,N,cyclohexyl,cyclohexyl,pentafluorophenyl,bis_cf3_phenyl,C4,N(C1CCCCC1)(C1CCCCC1)CCCCB(c1c(F)c(F)c(F)c(F)c1F)(c1cc(C(F)(F)F)cc(C(F)(F)F)c1),Fc1c(F)c(F)c(B(CCCCN(C2CCCCC2)C2CCCCC2)c2cc(C(F)(F)F)cc(C(F)(F)F)c2)c(F)c1F,True,0.35185185185185186
template_augmentation,intramolecular_N_B_alkyl,N,cyclohexyl,cyclohexyl,pentafluorophenyl,bis_cf3_phenyl,C5,N(C1CCCCC1)(C1CCCCC1)CCCCCB(c1c(F)c(F)c(F)c(F)c1F)(c1cc(C(F)(F)F)cc(C(F)(F)F)c1),Fc1c(F)c(F)c(B(CCCCCN(C2CCCCC2)C2CCCCC2)c2cc(C(F)(F)F)cc(C(F)(F)F)c2)c(F)c1F,True,0.34545454545454546
template_augmentation,intramolecular_N_B_alkyl,N,cyclohexyl,cyclohexyl,pentafluorophenyl,bis_cf3_phenyl,C6,N(C1CCCCC1)(C1CCCCC1)CCCCCCB(c1c(F)c(F)c(F)c(F)c1F)(c1cc(C(F)(F)F)cc(C(F)(F)F)c1),Fc1c(F)c(F)c(B(CCCCCCN(C2CCCCC2)C2CCCCC2)c2cc(C(F)(F)F)cc(C(F)(F)F)c2)c(F)c1F,True,0.34545454545454546
template_augmentation,intramolecular_N_B_alkyl,N,cyclohexyl,cyclohexyl,pentachlorophenyl,pentachlorophenyl,C1,N(C1CCCCC1)(C1CCCCC1)CB(c1c(Cl)c(Cl)c(Cl)c(Cl)c1Cl)(c1c(Cl)c(Cl)c(Cl)c(Cl)c1Cl),Clc1c(Cl)c(Cl)c(B(CN(C2CCCCC2)C2CCCCC2)c2c(Cl)c(Cl)c(Cl)c(Cl)c2Cl)c(Cl)c1Cl,True,0.4
template_augmentation,intramolecular_N_B_alkyl,N,cyclohexyl,cyclohexyl,pentachlorophenyl,pentachlorophenyl,C2,N(C1CCCCC1)(C1CCCCC1)CCB(c1c(Cl)c(Cl)c(Cl)c(Cl)c1Cl)(c1c(Cl)c(Cl)c(Cl)c(Cl)c1Cl),Clc1c(Cl)c(Cl)c(B(CCN(C2CCCCC2)C2CCCCC2)c2c(Cl)c(Cl)c(Cl)c(Cl)c2Cl)c(Cl)c1Cl,True,0.43902439024390244
template_augmentation,intramolecular_N_B_alkyl,N,cyclohexyl,cyclohexyl,pentachlorophenyl,pentachlorophenyl,C3,N(C1CCCCC1)(C1CCCCC1)CCCB(c1c(Cl)c(Cl)c(Cl)c(Cl)c1Cl)(c1c(Cl)c(Cl)c(Cl)c(Cl)c1Cl),Clc1c(Cl)c(Cl)c(B(CCCN(C2CCCCC2)C2CCCCC2)c2c(Cl)c(Cl)c(Cl)c(Cl)c2Cl)c(Cl)c1Cl,True,0.4878048780487805
template_augmentation,intramolecular_N_B_alkyl,N,cyclohexyl,cyclohexyl,pentachlorophenyl,pentachlorophenyl,C4,N(C1CCCCC1)(C1CCCCC1)CCCCB(c1c(Cl)c(Cl)c(Cl)c(Cl)c1Cl)(c1c(Cl)c(Cl)c(Cl)c(Cl)c1Cl),Clc1c(Cl)c(Cl)c(B(CCCCN(C2CCCCC2)C2CCCCC2)c2c(Cl)c(Cl)c(Cl)c(Cl)c2Cl)c(Cl)c1Cl,True,0.47619047619047616
template_augmentation,intramolecular_N_B_alkyl,N,cyclohexyl,cyclohexyl,pentachlorophenyl,pentachlorophenyl,C5,N(C1CCCCC1)(C1CCCCC1)CCCCCB(c1c(Cl)c(Cl)c(Cl)c(Cl)c1Cl)(c1c(Cl)c(Cl)c(Cl)c(Cl)c1Cl),Clc1c(Cl)c(Cl)c(B(CCCCCN(C2CCCCC2)C2CCCCC2)c2c(Cl)c(Cl)c(Cl)c(Cl)c2Cl)c(Cl)c1Cl,True,0.46511627906976744
template_augmentation,intramolecular_N_B_alkyl,N,cyclohexyl,cyclohexyl,pentachlorophenyl,pentachlorophenyl,C6,N(C1CCCCC1)(C1CCCCC1)CCCCCCB(c1c(Cl)c(Cl)c(Cl)c(Cl)c1Cl)(c1c(Cl)c(Cl)c(Cl)c(Cl)c1Cl),Clc1c(Cl)c(Cl)c(B(CCCCCCN(C2CCCCC2)C2CCCCC2)c2c(Cl)c(Cl)c(Cl)c(Cl)c2Cl)c(Cl)c1Cl,True,0.46511627906976744
template_augmentation,intramolecular_N_B_alkyl,N,cyclohexyl,cyclohexyl,pentachlorophenyl,bis_cf3_phenyl,C1,N(C1CCCCC1)(C1CCCCC1)CB(c1c(Cl)c(Cl)c(Cl)c(Cl)c1Cl)(c1cc(C(F)(F)F)cc(C(F)(F)F)c1),FC(F)(F)c1cc(B(CN(C2CCCCC2)C2CCCCC2)c2c(Cl)c(Cl)c(Cl)c(Cl)c2Cl)cc(C(F)(F)F)c1,True,0.3541666666666667
template_augmentation,intramolecular_N_B_alkyl,N,cyclohexyl,cyclohexyl,pentachlorophenyl,bis_cf3_phenyl,C2,N(C1CCCCC1)(C1CCCCC1)CCB(c1c(Cl)c(Cl)c(Cl)c(Cl)c1Cl)(c1cc(C(F)(F)F)cc(C(F)(F)F)c1),FC(F)(F)c1cc(B(CCN(C2CCCCC2)C2CCCCC2)c2c(Cl)c(Cl)c(Cl)c(Cl)c2Cl)cc(C(F)(F)F)c1,True,0.34
template_augmentation,intramolecular_N_B_alkyl,N,cyclohexyl,cyclohexyl,pentachlorophenyl,bis_cf3_phenyl,C3,N(C1CCCCC1)(C1CCCCC1)CCCB(c1c(Cl)c(Cl)c(Cl)c(Cl)c1Cl)(c1cc(C(F)(F)F)cc(C(F)(F)F)c1),FC(F)(F)c1cc(B(CCCN(C2CCCCC2)C2CCCCC2)c2c(Cl)c(Cl)c(Cl)c(Cl)c2Cl)cc(C(F)(F)F)c1,True,0.35185185185185186
template_augmentation,intramolecular_N_B_alkyl,N,cyclohexyl,cyclohexyl,pentachlorophenyl,bis_cf3_phenyl,C4,N(C1CCCCC1)(C1CCCCC1)CCCCB(c1c(Cl)c(Cl)c(Cl)c(Cl)c1Cl)(c1cc(C(F)(F)F)cc(C(F)(F)F)c1),FC(F)(F)c1cc(B(CCCCN(C2CCCCC2)C2CCCCC2)c2c(Cl)c(Cl)c(Cl)c(Cl)c2Cl)cc(C(F)(F)F)c1,True,0.34545454545454546
template_augmentation,intramolecular_N_B_alkyl,N,cyclohexyl,cyclohexyl,pentachlorophenyl,bis_cf3_phenyl,C5,N(C1CCCCC1)(C1CCCCC1)CCCCCB(c1c(Cl)c(Cl)c(Cl)c(Cl)c1Cl)(c1cc(C(F)(F)F)cc(C(F)(F)F)c1),FC(F)(F)c1cc(B(CCCCCN(C2CCCCC2)C2CCCCC2)c2c(Cl)c(Cl)c(Cl)c(Cl)c2Cl)cc(C(F)(F)F)c1,True,0.3392857142857143
template_augmentation,intramolecular_N_B_alkyl,N,cyclohexyl,cyclohexyl,pentachlorophenyl,bis_cf3_phenyl,C6,N(C1CCCCC1)(C1CCCCC1)CCCCCCB(c1c(Cl)c(Cl)c(Cl)c(Cl)c1Cl)(c1cc(C(F)(F)F)cc(C(F)(F)F)c1),FC(F)(F)c1cc(B(CCCCCCN(C2CCCCC2)C2CCCCC2)c2c(Cl)c(Cl)c(Cl)c(Cl)c2Cl)cc(C(F)(F)F)c1,True,0.3392857142857143
template_augmentation,intramolecular_N_B_alkyl,N,cyclohexyl,cyclohexyl,bis_cf3_phenyl,bis_cf3_phenyl,C1,N(C1CCCCC1)(C1CCCCC1)CB(c1cc(C(F)(F)F)cc(C(F)(F)F)c1)(c1cc(C(F)(F)F)cc(C(F)(F)F)c1),FC(F)(F)c1cc(B(CN(C2CCCCC2)C2CCCCC2)c2cc(C(F)(F)F)cc(C(F)(F)F)c2)cc(C(F)(F)F)c1,True,0.4146341463414634
template_augmentation,intramolecular_N_B_alkyl,N,cyclohexyl,cyclohexyl,bis_cf3_phenyl,bis_cf3_phenyl,C2,N(C1CCCCC1)(C1CCCCC1)CCB(c1cc(C(F)(F)F)cc(C(F)(F)F)c1)(c1cc(C(F)(F)F)cc(C(F)(F)F)c1),FC(F)(F)c1cc(B(CCN(C2CCCCC2)C2CCCCC2)c2cc(C(F)(F)F)cc(C(F)(F)F)c2)cc(C(F)(F)F)c1,True,0.3953488372093023
template_augmentation,intramolecular_N_B_alkyl,N,cyclohexyl,cyclohexyl,bis_cf3_phenyl,bis_cf3_phenyl,C3,N(C1CCCCC1)(C1CCCCC1)CCCB(c1cc(C(F)(F)F)cc(C(F)(F)F)c1)(c1cc(C(F)(F)F)cc(C(F)(F)F)c1),FC(F)(F)c1cc(B(CCCN(C2CCCCC2)C2CCCCC2)c2cc(C(F)(F)F)cc(C(F)(F)F)c2)cc(C(F)(F)F)c1,True,0.37777777777777777
template_augmentation,intramolecular_N_B_alkyl,N,cyclohexyl,cyclohexyl,bis_cf3_phenyl,bis_cf3_phenyl,C4,N(C1CCCCC1)(C1CCCCC1)CCCCB(c1cc(C(F)(F)F)cc(C(F)(F)F)c1)(c1cc(C(F)(F)F)cc(C(F)(F)F)c1),FC(F)(F)c1cc(B(CCCCN(C2CCCCC2)C2CCCCC2)c2cc(C(F)(F)F)cc(C(F)(F)F)c2)cc(C(F)(F)F)c1,True,0.3695652173913043
template_augmentation,intramolecular_N_B_alkyl,N,cyclohexyl,cyclohexyl,bis_cf3_phenyl,bis_cf3_phenyl,C5,N(C1CCCCC1)(C1CCCCC1)CCCCCB(c1cc(C(F)(F)F)cc(C(F)(F)F)c1)(c1cc(C(F)(F)F)cc(C(F)(F)F)c1),FC(F)(F)c1cc(B(CCCCCN(C2CCCCC2)C2CCCCC2)c2cc(C(F)(F)F)cc(C(F)(F)F)c2)cc(C(F)(F)F)c1,True,0.3617021276595745
template_augmentation,intramolecular_N_B_alkyl,N,cyclohexyl,cyclohexyl,bis_cf3_phenyl,bis_cf3_phenyl,C6,N(C1CCCCC1)(C1CCCCC1)CCCCCCB(c1cc(C(F)(F)F)cc(C(F)(F)F)c1)(c1cc(C(F)(F)F)cc(C(F)(F)F)c1),FC(F)(F)c1cc(B(CCCCCCN(C2CCCCC2)C2CCCCC2)c2cc(C(F)(F)F)cc(C(F)(F)F)c2)cc(C(F)(F)F)c1,True,0.3617021276595745
template_augmentation,intramolecular_N_B_alkyl,N,cyclohexyl,phenyl,phenyl,phenyl,C1,N(C1CCCCC1)(c1ccccc1)CB(c1ccccc1)(c1ccccc1),c1ccc(B(CN(c2ccccc2)C2CCCCC2)c2ccccc2)cc1,True,0.3333333333333333
template_augmentation,intramolecular_N_B_alkyl,N,cyclohexyl,phenyl,phenyl,phenyl,C2,N(C1CCCCC1)(c1ccccc1)CCB(c1ccccc1)(c1ccccc1),c1ccc(B(CCN(c2ccccc2)C2CCCCC2)c2ccccc2)cc1,True,0.3191489361702128
template_augmentation,intramolecular_N_B_alkyl,N,cyclohexyl,phenyl,phenyl,phenyl,C3,N(C1CCCCC1)(c1ccccc1)CCCB(c1ccccc1)(c1ccccc1),c1ccc(B(CCCN(c2ccccc2)C2CCCCC2)c2ccccc2)cc1,True,0.30612244897959184
template_augmentation,intramolecular_N_B_alkyl,N,cyclohexyl,phenyl,phenyl,phenyl,C4,N(C1CCCCC1)(c1ccccc1)CCCCB(c1ccccc1)(c1ccccc1),c1ccc(B(CCCCN(c2ccccc2)C2CCCCC2)c2ccccc2)cc1,True,0.3
template_augmentation,intramolecular_N_B_alkyl,N,cyclohexyl,phenyl,phenyl,phenyl,C5,N(C1CCCCC1)(c1ccccc1)CCCCCB(c1ccccc1)(c1ccccc1),c1ccc(B(CCCCCN(c2ccccc2)C2CCCCC2)c2ccccc2)cc1,True,0.29411764705882354
template_augmentation,intramolecular_N_B_alkyl,N,cyclohexyl,phenyl,phenyl,phenyl,C6,N(C1CCCCC1)(c1ccccc1)CCCCCCB(c1ccccc1)(c1ccccc1),c1ccc(B(CCCCCCN(c2ccccc2)C2CCCCC2)c2ccccc2)cc1,True,0.29411764705882354
template_augmentation,intramolecular_N_B_alkyl,N,cyclohexyl,phenyl,phenyl,p_tolyl,C1,N(C1CCCCC1)(c1ccccc1)CB(c1ccccc1)(c1ccc(C)cc1),Cc1ccc(B(CN(c2ccccc2)C2CCCCC2)c2ccccc2)cc1,True,0.29411764705882354
template_augmentation,intramolecular_N_B_alkyl,N,cyclohexyl,phenyl,phenyl,p_tolyl,C2,N(C1CCCCC1)(c1ccccc1)CCB(c1ccccc1)(c1ccc(C)cc1),Cc1ccc(B(CCN(c2ccccc2)C2CCCCC2)c2ccccc2)cc1,True,0.2830188679245283
template_augmentation,intramolecular_N_B_alkyl,N,cyclohexyl,phenyl,phenyl,p_tolyl,C3,N(C1CCCCC1)(c1ccccc1)CCCB(c1ccccc1)(c1ccc(C)cc1),Cc1ccc(B(CCCN(c2ccccc2)C2CCCCC2)c2ccccc2)cc1,True,0.2727272727272727
template_augmentation,intramolecular_N_B_alkyl,N,cyclohexyl,phenyl,phenyl,p_tolyl,C4,N(C1CCCCC1)(c1ccccc1)CCCCB(c1ccccc1)(c1ccc(C)cc1),Cc1ccc(B(CCCCN(c2ccccc2)C2CCCCC2)c2ccccc2)cc1,True,0.26785714285714285
template_augmentation,intramolecular_N_B_alkyl,N,cyclohexyl,phenyl,phenyl,p_tolyl,C5,N(C1CCCCC1)(c1ccccc1)CCCCCB(c1ccccc1)(c1ccc(C)cc1),Cc1ccc(B(CCCCCN(c2ccccc2)C2CCCCC2)c2ccccc2)cc1,True,0.2631578947368421
template_augmentation,intramolecular_N_B_alkyl,N,cyclohexyl,phenyl,phenyl,p_tolyl,C6,N(C1CCCCC1)(c1ccccc1)CCCCCCB(c1ccccc1)(c1ccc(C)cc1),Cc1ccc(B(CCCCCCN(c2ccccc2)C2CCCCC2)c2ccccc2)cc1,True,0.2631578947368421
template_augmentation,intramolecular_N_B_alkyl,N,cyclohexyl,phenyl,phenyl,mesityl,C1,N(C1CCCCC1)(c1ccccc1)CB(c1ccccc1)(c1c(C)cc(C)cc1C),Cc1cc(C)c(B(CN(c2ccccc2)C2CCCCC2)c2ccccc2)c(C)c1,True,0.38181818181818183
template_augmentation,intramolecular_N_B_alkyl,N,cyclohexyl,phenyl,phenyl,mesityl,C2,N(C1CCCCC1)(c1ccccc1)CCB(c1ccccc1)(c1c(C)cc(C)cc1C),Cc1cc(C)c(B(CCN(c2ccccc2)C2CCCCC2)c2ccccc2)c(C)c1,True,0.3684210526315789
template_augmentation,intramolecular_N_B_alkyl,N,cyclohexyl,phenyl,phenyl,mesityl,C3,N(C1CCCCC1)(c1ccccc1)CCCB(c1ccccc1)(c1c(C)cc(C)cc1C),Cc1cc(C)c(B(CCCN(c2ccccc2)C2CCCCC2)c2ccccc2)c(C)c1,True,0.3559322033898305
template_augmentation,intramolecular_N_B_alkyl,N,cyclohexyl,phenyl,phenyl,mesityl,C4,N(C1CCCCC1)(c1ccccc1)CCCCB(c1ccccc1)(c1c(C)cc(C)cc1C),Cc1cc(C)c(B(CCCCN(c2ccccc2)C2CCCCC2)c2ccccc2)c(C)c1,True,0.35
template_augmentation,intramolecular_N_B_alkyl,N,cyclohexyl,phenyl,phenyl,mesityl,C5,N(C1CCCCC1)(c1ccccc1)CCCCCB(c1ccccc1)(c1c(C)cc(C)cc1C),Cc1cc(C)c(B(CCCCCN(c2ccccc2)C2CCCCC2)c2ccccc2)c(C)c1,True,0.3442622950819672
template_augmentation,intramolecular_N_B_alkyl,N,cyclohexyl,phenyl,phenyl,mesityl,C6,N(C1CCCCC1)(c1ccccc1)CCCCCCB(c1ccccc1)(c1c(C)cc(C)cc1C),Cc1cc(C)c(B(CCCCCCN(c2ccccc2)C2CCCCC2)c2ccccc2)c(C)c1,True,0.3442622950819672
template_augmentation,intramolecular_N_B_alkyl,N,cyclohexyl,phenyl,phenyl,pentafluorophenyl,C1,N(C1CCCCC1)(c1ccccc1)CB(c1ccccc1)(c1c(F)c(F)c(F)c(F)c1F),Fc1c(F)c(F)c(B(CN(c2ccccc2)C2CCCCC2)c2ccccc2)c(F)c1F,True,0.39215686274509803
template_augmentation,intramolecular_N_B_alkyl,N,cyclohexyl,phenyl,phenyl,pentafluorophenyl,C2,N(C1CCCCC1)(c1ccccc1)CCB(c1ccccc1)(c1c(F)c(F)c(F)c(F)c1F),Fc1c(F)c(F)c(B(CCN(c2ccccc2)C2CCCCC2)c2ccccc2)c(F)c1F,True,0.37735849056603776
template_augmentation,intramolecular_N_B_alkyl,N,cyclohexyl,phenyl,phenyl,pentafluorophenyl,C3,N(C1CCCCC1)(c1ccccc1)CCCB(c1ccccc1)(c1c(F)c(F)c(F)c(F)c1F),Fc1c(F)c(F)c(B(CCCN(c2ccccc2)C2CCCCC2)c2ccccc2)c(F)c1F,True,0.39215686274509803
template_augmentation,intramolecular_N_B_alkyl,N,cyclohexyl,phenyl,phenyl,pentafluorophenyl,C4,N(C1CCCCC1)(c1ccccc1)CCCCB(c1ccccc1)(c1c(F)c(F)c(F)c(F)c1F),Fc1c(F)c(F)c(B(CCCCN(c2ccccc2)C2CCCCC2)c2ccccc2)c(F)c1F,True,0.4117647058823529
template_augmentation,intramolecular_N_B_alkyl,N,cyclohexyl,phenyl,phenyl,pentafluorophenyl,C5,N(C1CCCCC1)(c1ccccc1)CCCCCB(c1ccccc1)(c1c(F)c(F)c(F)c(F)c1F),Fc1c(F)c(F)c(B(CCCCCN(c2ccccc2)C2CCCCC2)c2ccccc2)c(F)c1F,True,0.40384615384615385
template_augmentation,intramolecular_N_B_alkyl,N,cyclohexyl,phenyl,phenyl,pentafluorophenyl,C6,N(C1CCCCC1)(c1ccccc1)CCCCCCB(c1ccccc1)(c1c(F)c(F)c(F)c(F)c1F),Fc1c(F)c(F)c(B(CCCCCCN(c2ccccc2)C2CCCCC2)c2ccccc2)c(F)c1F,True,0.40384615384615385
template_augmentation,intramolecular_N_B_alkyl,N,cyclohexyl,phenyl,phenyl,pentachlorophenyl,C1,N(C1CCCCC1)(c1ccccc1)CB(c1ccccc1)(c1c(Cl)c(Cl)c(Cl)c(Cl)c1Cl),Clc1c(Cl)c(Cl)c(B(CN(c2ccccc2)C2CCCCC2)c2ccccc2)c(Cl)c1Cl,True,0.38
template_augmentation,intramolecular_N_B_alkyl,N,cyclohexyl,phenyl,phenyl,pentachlorophenyl,C2,N(C1CCCCC1)(c1ccccc1)CCB(c1ccccc1)(c1c(Cl)c(Cl)c(Cl)c(Cl)c1Cl),Clc1c(Cl)c(Cl)c(B(CCN(c2ccccc2)C2CCCCC2)c2ccccc2)c(Cl)c1Cl,True,0.36538461538461536
template_augmentation,intramolecular_N_B_alkyl,N,cyclohexyl,phenyl,phenyl,pentachlorophenyl,C3,N(C1CCCCC1)(c1ccccc1)CCCB(c1ccccc1)(c1c(Cl)c(Cl)c(Cl)c(Cl)c1Cl),Clc1c(Cl)c(Cl)c(B(CCCN(c2ccccc2)C2CCCCC2)c2ccccc2)c(Cl)c1Cl,True,0.38
template_augmentation,intramolecular_N_B_alkyl,N,cyclohexyl,phenyl,phenyl,pentachlorophenyl,C4,N(C1CCCCC1)(c1ccccc1)CCCCB(c1ccccc1)(c1c(Cl)c(Cl)c(Cl)c(Cl)c1Cl),Clc1c(Cl)c(Cl)c(B(CCCCN(c2ccccc2)C2CCCCC2)c2ccccc2)c(Cl)c1Cl,True,0.4
template_augmentation,intramolecular_N_B_alkyl,N,cyclohexyl,phenyl,phenyl,pentachlorophenyl,C5,N(C1CCCCC1)(c1ccccc1)CCCCCB(c1ccccc1)(c1c(Cl)c(Cl)c(Cl)c(Cl)c1Cl),Clc1c(Cl)c(Cl)c(B(CCCCCN(c2ccccc2)C2CCCCC2)c2ccccc2)c(Cl)c1Cl,True,0.39215686274509803
template_augmentation,intramolecular_N_B_alkyl,N,cyclohexyl,phenyl,phenyl,pentachlorophenyl,C6,N(C1CCCCC1)(c1ccccc1)CCCCCCB(c1ccccc1)(c1c(Cl)c(Cl)c(Cl)c(Cl)c1Cl),Clc1c(Cl)c(Cl)c(B(CCCCCCN(c2ccccc2)C2CCCCC2)c2ccccc2)c(Cl)c1Cl,True,0.39215686274509803
template_augmentation,intramolecular_N_B_alkyl,N,cyclohexyl,phenyl,phenyl,bis_cf3_phenyl,C1,N(C1CCCCC1)(c1ccccc1)CB(c1ccccc1)(c1cc(C(F)(F)F)cc(C(F)(F)F)c1),FC(F)(F)c1cc(B(CN(c2ccccc2)C2CCCCC2)c2ccccc2)cc(C(F)(F)F)c1,True,0.34
template_augmentation,intramolecular_N_B_alkyl,N,cyclohexyl,phenyl,phenyl,bis_cf3_phenyl,C2,N(C1CCCCC1)(c1ccccc1)CCB(c1ccccc1)(c1cc(C(F)(F)F)cc(C(F)(F)F)c1),FC(F)(F)c1cc(B(CCN(c2ccccc2)C2CCCCC2)c2ccccc2)cc(C(F)(F)F)c1,True,0.3269230769230769
template_augmentation,intramolecular_N_B_alkyl,N,cyclohexyl,phenyl,phenyl,bis_cf3_phenyl,C3,N(C1CCCCC1)(c1ccccc1)CCCB(c1ccccc1)(c1cc(C(F)(F)F)cc(C(F)(F)F)c1),FC(F)(F)c1cc(B(CCCN(c2ccccc2)C2CCCCC2)c2ccccc2)cc(C(F)(F)F)c1,True,0.3148148148148148
template_augmentation,intramolecular_N_B_alkyl,N,cyclohexyl,phenyl,phenyl,bis_cf3_phenyl,C4,N(C1CCCCC1)(c1ccccc1)CCCCB(c1ccccc1)(c1cc(C(F)(F)F)cc(C(F)(F)F)c1),FC(F)(F)c1cc(B(CCCCN(c2ccccc2)C2CCCCC2)c2ccccc2)cc(C(F)(F)F)c1,True,0.3090909090909091
template_augmentation,intramolecular_N_B_alkyl,N,cyclohexyl,phenyl,phenyl,bis_cf3_phenyl,C5,N(C1CCCCC1)(c1ccccc1)CCCCCB(c1ccccc1)(c1cc(C(F)(F)F)cc(C(F)(F)F)c1),FC(F)(F)c1cc(B(CCCCCN(c2ccccc2)C2CCCCC2)c2ccccc2)cc(C(F)(F)F)c1,True,0.30357142857142855
template_augmentation,intramolecular_N_B_alkyl,N,cyclohexyl,phenyl,phenyl,bis_cf3_phenyl,C6,N(C1CCCCC1)(c1ccccc1)CCCCCCB(c1ccccc1)(c1cc(C(F)(F)F)cc(C(F)(F)F)c1),FC(F)(F)c1cc(B(CCCCCCN(c2ccccc2)C2CCCCC2)c2ccccc2)cc(C(F)(F)F)c1,True,0.30357142857142855
template_augmentation,intramolecular_N_B_alkyl,N,cyclohexyl,phenyl,p_tolyl,p_tolyl,C1,N(C1CCCCC1)(c1ccccc1)CB(c1ccc(C)cc1)(c1ccc(C)cc1),Cc1ccc(B(CN(c2ccccc2)C2CCCCC2)c2ccc(C)cc2)cc1,True,0.27450980392156865
template_augmentation,intramolecular_N_B_alkyl,N,cyclohexyl,phenyl,p_tolyl,p_tolyl,C2,N(C1CCCCC1)(c1ccccc1)CCB(c1ccc(C)cc1)(c1ccc(C)cc1),Cc1ccc(B(CCN(c2ccccc2)C2CCCCC2)c2ccc(C)cc2)cc1,True,0.2641509433962264
template_augmentation,intramolecular_N_B_alkyl,N,cyclohexyl,phenyl,p_tolyl,p_tolyl,C3,N(C1CCCCC1)(c1ccccc1)CCCB(c1ccc(C)cc1)(c1ccc(C)cc1),Cc1ccc(B(CCCN(c2ccccc2)C2CCCCC2)c2ccc(C)cc2)cc1,True,0.2545454545454545
template_augmentation,intramolecular_N_B_alkyl,N,cyclohexyl,phenyl,p_tolyl,p_tolyl,C4,N(C1CCCCC1)(c1ccccc1)CCCCB(c1ccc(C)cc1)(c1ccc(C)cc1),Cc1ccc(B(CCCCN(c2ccccc2)C2CCCCC2)c2ccc(C)cc2)cc1,True,0.25862068965517243
template_augmentation,intramolecular_N_B_alkyl,N,cyclohexyl,phenyl,p_tolyl,p_tolyl,C5,N(C1CCCCC1)(c1ccccc1)CCCCCB(c1ccc(C)cc1)(c1ccc(C)cc1),Cc1ccc(B(CCCCCN(c2ccccc2)C2CCCCC2)c2ccc(C)cc2)cc1,True,0.2542372881355932
template_augmentation,intramolecular_N_B_alkyl,N,cyclohexyl,phenyl,p_tolyl,p_tolyl,C6,N(C1CCCCC1)(c1ccccc1)CCCCCCB(c1ccc(C)cc1)(c1ccc(C)cc1),Cc1ccc(B(CCCCCCN(c2ccccc2)C2CCCCC2)c2ccc(C)cc2)cc1,True,0.2542372881355932
template_augmentation,intramolecular_N_B_alkyl,N,cyclohexyl,phenyl,p_tolyl,mesityl,C1,N(C1CCCCC1)(c1ccccc1)CB(c1ccc(C)cc1)(c1c(C)cc(C)cc1C),Cc1ccc(B(CN(c2ccccc2)C2CCCCC2)c2c(C)cc(C)cc2C)cc1,True,0.3684210526315789
template_augmentation,intramolecular_N_B_alkyl,N,cyclohexyl,phenyl,p_tolyl,mesityl,C2,N(C1CCCCC1)(c1ccccc1)CCB(c1ccc(C)cc1)(c1c(C)cc(C)cc1C),Cc1ccc(B(CCN(c2ccccc2)C2CCCCC2)c2c(C)cc(C)cc2C)cc1,True,0.3559322033898305
template_augmentation,intramolecular_N_B_alkyl,N,cyclohexyl,phenyl,p_tolyl,mesityl,C3,N(C1CCCCC1)(c1ccccc1)CCCB(c1ccc(C)cc1)(c1c(C)cc(C)cc1C),Cc1ccc(B(CCCN(c2ccccc2)C2CCCCC2)c2c(C)cc(C)cc2C)cc1,True,0.3442622950819672
template_augmentation,intramolecular_N_B_alkyl,N,cyclohexyl,phenyl,p_tolyl,mesityl,C4,N(C1CCCCC1)(c1ccccc1)CCCCB(c1ccc(C)cc1)(c1c(C)cc(C)cc1C),Cc1ccc(B(CCCCN(c2ccccc2)C2CCCCC2)c2c(C)cc(C)cc2C)cc1,True,0.3387096774193548
template_augmentation,intramolecular_N_B_alkyl,N,cyclohexyl,phenyl,p_tolyl,mesityl,C5,N(C1CCCCC1)(c1ccccc1)CCCCCB(c1ccc(C)cc1)(c1c(C)cc(C)cc1C),Cc1ccc(B(CCCCCN(c2ccccc2)C2CCCCC2)c2c(C)cc(C)cc2C)cc1,True,0.3333333333333333
template_augmentation,intramolecular_N_B_alkyl,N,cyclohexyl,phenyl,p_tolyl,mesityl,C6,N(C1CCCCC1)(c1ccccc1)CCCCCCB(c1ccc(C)cc1)(c1c(C)cc(C)cc1C),Cc1ccc(B(CCCCCCN(c2ccccc2)C2CCCCC2)c2c(C)cc(C)cc2C)cc1,True,0.3333333333333333
template_augmentation,intramolecular_N_B_alkyl,N,cyclohexyl,phenyl,p_tolyl,pentafluorophenyl,C1,N(C1CCCCC1)(c1ccccc1)CB(c1ccc(C)cc1)(c1c(F)c(F)c(F)c(F)c1F),Cc1ccc(B(CN(c2ccccc2)C2CCCCC2)c2c(F)c(F)c(F)c(F)c2F)cc1,True,0.35714285714285715
template_augmentation,intramolecular_N_B_alkyl,N,cyclohexyl,phenyl,p_tolyl,pentafluorophenyl,C2,N(C1CCCCC1)(c1ccccc1)CCB(c1ccc(C)cc1)(c1c(F)c(F)c(F)c(F)c1F),Cc1ccc(B(CCN(c2ccccc2)C2CCCCC2)c2c(F)c(F)c(F)c(F)c2F)cc1,True,0.3448275862068966
template_augmentation,intramolecular_N_B_alkyl,N,cyclohexyl,phenyl,p_tolyl,pentafluorophenyl,C3,N(C1CCCCC1)(c1ccccc1)CCCB(c1ccc(C)cc1)(c1c(F)c(F)c(F)c(F)c1F),Cc1ccc(B(CCCN(c2ccccc2)C2CCCCC2)c2c(F)c(F)c(F)c(F)c2F)cc1,True,0.35714285714285715
template_augmentation,intramolecular_N_B_alkyl,N,cyclohexyl,phenyl,p_tolyl,pentafluorophenyl,C4,N(C1CCCCC1)(c1ccccc1)CCCCB(c1ccc(C)cc1)(c1c(F)c(F)c(F)c(F)c1F),Cc1ccc(B(CCCCN(c2ccccc2)C2CCCCC2)c2c(F)c(F)c(F)c(F)c2F)cc1,True,0.375
template_augmentation,intramolecular_N_B_alkyl,N,cyclohexyl,phenyl,p_tolyl,pentafluorophenyl,C5,N(C1CCCCC1)(c1ccccc1)CCCCCB(c1ccc(C)cc1)(c1c(F)c(F)c(F)c(F)c1F),Cc1ccc(B(CCCCCN(c2ccccc2)C2CCCCC2)c2c(F)c(F)c(F)c(F)c2F)cc1,True,0.3684210526315789
template_augmentation,intramolecular_N_B_alkyl,N,cyclohexyl,phenyl,p_tolyl,pentafluorophenyl,C6,N(C1CCCCC1)(c1ccccc1)CCCCCCB(c1ccc(C)cc1)(c1c(F)c(F)c(F)c(F)c1F),Cc1ccc(B(CCCCCCN(c2ccccc2)C2CCCCC2)c2c(F)c(F)c(F)c(F)c2F)cc1,True,0.3684210526315789
template_augmentation,intramolecular_N_B_alkyl,N,cyclohexyl,phenyl,p_tolyl,pentachlorophenyl,C1,N(C1CCCCC1)(c1ccccc1)CB(c1ccc(C)cc1)(c1c(Cl)c(Cl)c(Cl)c(Cl)c1Cl),Cc1ccc(B(CN(c2ccccc2)C2CCCCC2)c2c(Cl)c(Cl)c(Cl)c(Cl)c2Cl)cc1,True,0.34545454545454546
template_augmentation,intramolecular_N_B_alkyl,N,cyclohexyl,phenyl,p_tolyl,pentachlorophenyl,C2,N(C1CCCCC1)(c1ccccc1)CCB(c1ccc(C)cc1)(c1c(Cl)c(Cl)c(Cl)c(Cl)c1Cl),Cc1ccc(B(CCN(c2ccccc2)C2CCCCC2)c2c(Cl)c(Cl)c(Cl)c(Cl)c2Cl)cc1,True,0.3333333333333333
template_augmentation,intramolecular_N_B_alkyl,N,cyclohexyl,phenyl,p_tolyl,pentachlorophenyl,C3,N(C1CCCCC1)(c1ccccc1)CCCB(c1ccc(C)cc1)(c1c(Cl)c(Cl)c(Cl)c(Cl)c1Cl),Cc1ccc(B(CCCN(c2ccccc2)C2CCCCC2)c2c(Cl)c(Cl)c(Cl)c(Cl)c2Cl)cc1,True,0.35714285714285715
template_augmentation,intramolecular_N_B_alkyl,N,cyclohexyl,phenyl,p_tolyl,pentachlorophenyl,C4,N(C1CCCCC1)(c1ccccc1)CCCCB(c1ccc(C)cc1)(c1c(Cl)c(Cl)c(Cl)c(Cl)c1Cl),Cc1ccc(B(CCCCN(c2ccccc2)C2CCCCC2)c2c(Cl)c(Cl)c(Cl)c(Cl)c2Cl)cc1,True,0.36363636363636365
template_augmentation,intramolecular_N_B_alkyl,N,cyclohexyl,phenyl,p_tolyl,pentachlorophenyl,C5,N(C1CCCCC1)(c1ccccc1)CCCCCB(c1ccc(C)cc1)(c1c(Cl)c(Cl)c(Cl)c(Cl)c1Cl),Cc1ccc(B(CCCCCN(c2ccccc2)C2CCCCC2)c2c(Cl)c(Cl)c(Cl)c(Cl)c2Cl)cc1,True,0.35714285714285715
template_augmentation,intramolecular_N_B_alkyl,N,cyclohexyl,phenyl,p_tolyl,pentachlorophenyl,C6,N(C1CCCCC1)(c1ccccc1)CCCCCCB(c1ccc(C)cc1)(c1c(Cl)c(Cl)c(Cl)c(Cl)c1Cl),Cc1ccc(B(CCCCCCN(c2ccccc2)C2CCCCC2)c2c(Cl)c(Cl)c(Cl)c(Cl)c2Cl)cc1,True,0.35714285714285715
template_augmentation,intramolecular_N_B_alkyl,N,cyclohexyl,phenyl,p_tolyl,bis_cf3_phenyl,C1,N(C1CCCCC1)(c1ccccc1)CB(c1ccc(C)cc1)(c1cc(C(F)(F)F)cc(C(F)(F)F)c1),Cc1ccc(B(CN(c2ccccc2)C2CCCCC2)c2cc(C(F)(F)F)cc(C(F)(F)F)c2)cc1,True,0.3333333333333333
template_augmentation,intramolecular_N_B_alkyl,N,cyclohexyl,phenyl,p_tolyl,bis_cf3_phenyl,C2,N(C1CCCCC1)(c1ccccc1)CCB(c1ccc(C)cc1)(c1cc(C(F)(F)F)cc(C(F)(F)F)c1),Cc1ccc(B(CCN(c2ccccc2)C2CCCCC2)c2cc(C(F)(F)F)cc(C(F)(F)F)c2)cc1,True,0.32142857142857145
template_augmentation,intramolecular_N_B_alkyl,N,cyclohexyl,phenyl,p_tolyl,bis_cf3_phenyl,C3,N(C1CCCCC1)(c1ccccc1)CCCB(c1ccc(C)cc1)(c1cc(C(F)(F)F)cc(C(F)(F)F)c1),Cc1ccc(B(CCCN(c2ccccc2)C2CCCCC2)c2cc(C(F)(F)F)cc(C(F)(F)F)c2)cc1,True,0.3103448275862069
template_augmentation,intramolecular_N_B_alkyl,N,cyclohexyl,phenyl,p_tolyl,bis_cf3_phenyl,C4,N(C1CCCCC1)(c1ccccc1)CCCCB(c1ccc(C)cc1)(c1cc(C(F)(F)F)cc(C(F)(F)F)c1),Cc1ccc(B(CCCCN(c2ccccc2)C2CCCCC2)c2cc(C(F)(F)F)cc(C(F)(F)F)c2)cc1,True,0.3050847457627119
template_augmentation,intramolecular_N_B_alkyl,N,cyclohexyl,phenyl,p_tolyl,bis_cf3_phenyl,C5,N(C1CCCCC1)(c1ccccc1)CCCCCB(c1ccc(C)cc1)(c1cc(C(F)(F)F)cc(C(F)(F)F)c1),Cc1ccc(B(CCCCCN(c2ccccc2)C2CCCCC2)c2cc(C(F)(F)F)cc(C(F)(F)F)c2)cc1,True,0.3
template_augmentation,intramolecular_N_B_alkyl,N,cyclohexyl,phenyl,p_tolyl,bis_cf3_phenyl,C6,N(C1CCCCC1)(c1ccccc1)CCCCCCB(c1ccc(C)cc1)(c1cc(C(F)(F)F)cc(C(F)(F)F)c1),Cc1ccc(B(CCCCCCN(c2ccccc2)C2CCCCC2)c2cc(C(F)(F)F)cc(C(F)(F)F)c2)cc1,True,0.3
template_augmentation,intramolecular_N_B_alkyl,N,cyclohexyl,phenyl,mesityl,mesityl,C1,N(C1CCCCC1)(c1ccccc1)CB(c1c(C)cc(C)cc1C)(c1c(C)cc(C)cc1C),Cc1cc(C)c(B(CN(c2ccccc2)C2CCCCC2)c2c(C)cc(C)cc2C)c(C)c1,True,0.40384615384615385
template_augmentation,intramolecular_N_B_alkyl,N,cyclohexyl,phenyl,mesityl,mesityl,C2,N(C1CCCCC1)(c1ccccc1)CCB(c1c(C)cc(C)cc1C)(c1c(C)cc(C)cc1C),Cc1cc(C)c(B(CCN(c2ccccc2)C2CCCCC2)c2c(C)cc(C)cc2C)c(C)c1,True,0.3888888888888889
template_augmentation,intramolecular_N_B_alkyl,N,cyclohexyl,phenyl,mesityl,mesityl,C3,N(C1CCCCC1)(c1ccccc1)CCCB(c1c(C)cc(C)cc1C)(c1c(C)cc(C)cc1C),Cc1cc(C)c(B(CCCN(c2ccccc2)C2CCCCC2)c2c(C)cc(C)cc2C)c(C)c1,True,0.375
template_augmentation,intramolecular_N_B_alkyl,N,cyclohexyl,phenyl,mesityl,mesityl,C4,N(C1CCCCC1)(c1ccccc1)CCCCB(c1c(C)cc(C)cc1C)(c1c(C)cc(C)cc1C),Cc1cc(C)c(B(CCCCN(c2ccccc2)C2CCCCC2)c2c(C)cc(C)cc2C)c(C)c1,True,0.3684210526315789
template_augmentation,intramolecular_N_B_alkyl,N,cyclohexyl,phenyl,mesityl,mesityl,C5,N(C1CCCCC1)(c1ccccc1)CCCCCB(c1c(C)cc(C)cc1C)(c1c(C)cc(C)cc1C),Cc1cc(C)c(B(CCCCCN(c2ccccc2)C2CCCCC2)c2c(C)cc(C)cc2C)c(C)c1,True,0.3620689655172414
template_augmentation,intramolecular_N_B_alkyl,N,cyclohexyl,phenyl,mesityl,mesityl,C6,N(C1CCCCC1)(c1ccccc1)CCCCCCB(c1c(C)cc(C)cc1C)(c1c(C)cc(C)cc1C),Cc1cc(C)c(B(CCCCCCN(c2ccccc2)C2CCCCC2)c2c(C)cc(C)cc2C)c(C)c1,True,0.3620689655172414
template_augmentation,intramolecular_N_B_alkyl,N,cyclohexyl,phenyl,mesityl,pentafluorophenyl,C1,N(C1CCCCC1)(c1ccccc1)CB(c1c(C)cc(C)cc1C)(c1c(F)c(F)c(F)c(F)c1F),Cc1cc(C)c(B(CN(c2ccccc2)C2CCCCC2)c2c(F)c(F)c(F)c(F)c2F)c(C)c1,True,0.3793103448275862
template_augmentation,intramolecular_N_B_alkyl,N,cyclohexyl,phenyl,mesityl,pentafluorophenyl,C2,N(C1CCCCC1)(c1ccccc1)CCB(c1c(C)cc(C)cc1C)(c1c(F)c(F)c(F)c(F)c1F),Cc1cc(C)c(B(CCN(c2ccccc2)C2CCCCC2)c2c(F)c(F)c(F)c(F)c2F)c(C)c1,True,0.39285714285714285
template_augmentation,intramolecular_N_B_alkyl,N,cyclohexyl,phenyl,mesityl,pentafluorophenyl,C3,N(C1CCCCC1)(c1ccccc1)CCCB(c1c(C)cc(C)cc1C)(c1c(F)c(F)c(F)c(F)c1F),Cc1cc(C)c(B(CCCN(c2ccccc2)C2CCCCC2)c2c(F)c(F)c(F)c(F)c2F)c(C)c1,True,0.42857142857142855
template_augmentation,intramolecular_N_B_alkyl,N,cyclohexyl,phenyl,mesityl,pentafluorophenyl,C4,N(C1CCCCC1)(c1ccccc1)CCCCB(c1c(C)cc(C)cc1C)(c1c(F)c(F)c(F)c(F)c1F),Cc1cc(C)c(B(CCCCN(c2ccccc2)C2CCCCC2)c2c(F)c(F)c(F)c(F)c2F)c(C)c1,True,0.44642857142857145
template_augmentation,intramolecular_N_B_alkyl,N,cyclohexyl,phenyl,mesityl,pentafluorophenyl,C5,N(C1CCCCC1)(c1ccccc1)CCCCCB(c1c(C)cc(C)cc1C)(c1c(F)c(F)c(F)c(F)c1F),Cc1cc(C)c(B(CCCCCN(c2ccccc2)C2CCCCC2)c2c(F)c(F)c(F)c(F)c2F)c(C)c1,True,0.43859649122807015
template_augmentation,intramolecular_N_B_alkyl,N,cyclohexyl,phenyl,mesityl,pentafluorophenyl,C6,N(C1CCCCC1)(c1ccccc1)CCCCCCB(c1c(C)cc(C)cc1C)(c1c(F)c(F)c(F)c(F)c1F),Cc1cc(C)c(B(CCCCCCN(c2ccccc2)C2CCCCC2)c2c(F)c(F)c(F)c(F)c2F)c(C)c1,True,0.43859649122807015
template_augmentation,intramolecular_N_B_alkyl,N,cyclohexyl,phenyl,mesityl,pentachlorophenyl,C1,N(C1CCCCC1)(c1ccccc1)CB(c1c(C)cc(C)cc1C)(c1c(Cl)c(Cl)c(Cl)c(Cl)c1Cl),Cc1cc(C)c(B(CN(c2ccccc2)C2CCCCC2)c2c(Cl)c(Cl)c(Cl)c(Cl)c2Cl)c(C)c1,True,0.39285714285714285
template_augmentation,intramolecular_N_B_alkyl,N,cyclohexyl,phenyl,mesityl,pentachlorophenyl,C2,N(C1CCCCC1)(c1ccccc1)CCB(c1c(C)cc(C)cc1C)(c1c(Cl)c(Cl)c(Cl)c(Cl)c1Cl),Cc1cc(C)c(B(CCN(c2ccccc2)C2CCCCC2)c2c(Cl)c(Cl)c(Cl)c(Cl)c2Cl)c(C)c1,True,0.4
template_augmentation,intramolecular_N_B_alkyl,N,cyclohexyl,phenyl,mesityl,pentachlorophenyl,C3,N(C1CCCCC1)(c1ccccc1)CCCB(c1c(C)cc(C)cc1C)(c1c(Cl)c(Cl)c(Cl)c(Cl)c1Cl),Cc1cc(C)c(B(CCCN(c2ccccc2)C2CCCCC2)c2c(Cl)c(Cl)c(Cl)c(Cl)c2Cl)c(C)c1,True,0.43636363636363634
template_augmentation,intramolecular_N_B_alkyl,N,cyclohexyl,phenyl,mesityl,pentachlorophenyl,C4,N(C1CCCCC1)(c1ccccc1)CCCCB(c1c(C)cc(C)cc1C)(c1c(Cl)c(Cl)c(Cl)c(Cl)c1Cl),Cc1cc(C)c(B(CCCCN(c2ccccc2)C2CCCCC2)c2c(Cl)c(Cl)c(Cl)c(Cl)c2Cl)c(C)c1,True,0.45454545454545453
template_augmentation,intramolecular_N_B_alkyl,N,cyclohexyl,phenyl,mesityl,pentachlorophenyl,C5,N(C1CCCCC1)(c1ccccc1)CCCCCB(c1c(C)cc(C)cc1C)(c1c(Cl)c(Cl)c(Cl)c(Cl)c1Cl),Cc1cc(C)c(B(CCCCCN(c2ccccc2)C2CCCCC2)c2c(Cl)c(Cl)c(Cl)c(Cl)c2Cl)c(C)c1,True,0.44642857142857145
template_augmentation,intramolecular_N_B_alkyl,N,cyclohexyl,phenyl,mesityl,pentachlorophenyl,C6,N(C1CCCCC1)(c1ccccc1)CCCCCCB(c1c(C)cc(C)cc1C)(c1c(Cl)c(Cl)c(Cl)c(Cl)c1Cl),Cc1cc(C)c(B(CCCCCCN(c2ccccc2)C2CCCCC2)c2c(Cl)c(Cl)c(Cl)c(Cl)c2Cl)c(C)c1,True,0.44642857142857145
template_augmentation,intramolecular_N_B_alkyl,N,cyclohexyl,phenyl,mesityl,bis_cf3_phenyl,C1,N(C1CCCCC1)(c1ccccc1)CB(c1c(C)cc(C)cc1C)(c1cc(C(F)(F)F)cc(C(F)(F)F)c1),Cc1cc(C)c(B(CN(c2ccccc2)C2CCCCC2)c2cc(C(F)(F)F)cc(C(F)(F)F)c2)c(C)c1,True,0.3387096774193548
template_augmentation,intramolecular_N_B_alkyl,N,cyclohexyl,phenyl,mesityl,bis_cf3_phenyl,C2,N(C1CCCCC1)(c1ccccc1)CCB(c1c(C)cc(C)cc1C)(c1cc(C(F)(F)F)cc(C(F)(F)F)c1),Cc1cc(C)c(B(CCN(c2ccccc2)C2CCCCC2)c2cc(C(F)(F)F)cc(C(F)(F)F)c2)c(C)c1,True,0.328125
template_augmentation,intramolecular_N_B_alkyl,N,cyclohexyl,phenyl,mesityl,bis_cf3_phenyl,C3,N(C1CCCCC1)(c1ccccc1)CCCB(c1c(C)cc(C)cc1C)(c1cc(C(F)(F)F)cc(C(F)(F)F)c1),Cc1cc(C)c(B(CCCN(c2ccccc2)C2CCCCC2)c2cc(C(F)(F)F)cc(C(F)(F)F)c2)c(C)c1,True,0.3181818181818182
template_augmentation,intramolecular_N_B_alkyl,N,cyclohexyl,phenyl,mesityl,bis_cf3_phenyl,C4,N(C1CCCCC1)(c1ccccc1)CCCCB(c1c(C)cc(C)cc1C)(c1cc(C(F)(F)F)cc(C(F)(F)F)c1),Cc1cc(C)c(B(CCCCN(c2ccccc2)C2CCCCC2)c2cc(C(F)(F)F)cc(C(F)(F)F)c2)c(C)c1,True,0.31343283582089554
template_augmentation,intramolecular_N_B_alkyl,N,cyclohexyl,phenyl,mesityl,bis_cf3_phenyl,C5,N(C1CCCCC1)(c1ccccc1)CCCCCB(c1c(C)cc(C)cc1C)(c1cc(C(F)(F)F)cc(C(F)(F)F)c1),Cc1cc(C)c(B(CCCCCN(c2ccccc2)C2CCCCC2)c2cc(C(F)(F)F)cc(C(F)(F)F)c2)c(C)c1,True,0.3088235294117647
template_augmentation,intramolecular_N_B_alkyl,N,cyclohexyl,phenyl,mesityl,bis_cf3_phenyl,C6,N(C1CCCCC1)(c1ccccc1)CCCCCCB(c1c(C)cc(C)cc1C)(c1cc(C(F)(F)F)cc(C(F)(F)F)c1),Cc1cc(C)c(B(CCCCCCN(c2ccccc2)C2CCCCC2)c2cc(C(F)(F)F)cc(C(F)(F)F)c2)c(C)c1,True,0.3088235294117647
template_augmentation,intramolecular_N_B_alkyl,N,cyclohexyl,phenyl,pentafluorophenyl,pentafluorophenyl,C1,N(C1CCCCC1)(c1ccccc1)CB(c1c(F)c(F)c(F)c(F)c1F)(c1c(F)c(F)c(F)c(F)c1F),Fc1c(F)c(F)c(B(CN(c2ccccc2)C2CCCCC2)c2c(F)c(F)c(F)c(F)c2F)c(F)c1F,True,0.4166666666666667
template_augmentation,intramolecular_N_B_alkyl,N,cyclohexyl,phenyl,pentafluorophenyl,pentafluorophenyl,C2,N(C1CCCCC1)(c1ccccc1)CCB(c1c(F)c(F)c(F)c(F)c1F)(c1c(F)c(F)c(F)c(F)c1F),Fc1c(F)c(F)c(B(CCN(c2ccccc2)C2CCCCC2)c2c(F)c(F)c(F)c(F)c2F)c(F)c1F,True,0.40425531914893614
template_augmentation,intramolecular_N_B_alkyl,N,cyclohexyl,phenyl,pentafluorophenyl,pentafluorophenyl,C3,N(C1CCCCC1)(c1ccccc1)CCCB(c1c(F)c(F)c(F)c(F)c1F)(c1c(F)c(F)c(F)c(F)c1F),Fc1c(F)c(F)c(B(CCCN(c2ccccc2)C2CCCCC2)c2c(F)c(F)c(F)c(F)c2F)c(F)c1F,True,0.44680851063829785
template_augmentation,intramolecular_N_B_alkyl,N,cyclohexyl,phenyl,pentafluorophenyl,pentafluorophenyl,C4,N(C1CCCCC1)(c1ccccc1)CCCCB(c1c(F)c(F)c(F)c(F)c1F)(c1c(F)c(F)c(F)c(F)c1F),Fc1c(F)c(F)c(B(CCCCN(c2ccccc2)C2CCCCC2)c2c(F)c(F)c(F)c(F)c2F)c(F)c1F,True,0.46808510638297873
template_augmentation,intramolecular_N_B_alkyl,N,cyclohexyl,phenyl,pentafluorophenyl,pentafluorophenyl,C5,N(C1CCCCC1)(c1ccccc1)CCCCCB(c1c(F)c(F)c(F)c(F)c1F)(c1c(F)c(F)c(F)c(F)c1F),Fc1c(F)c(F)c(B(CCCCCN(c2ccccc2)C2CCCCC2)c2c(F)c(F)c(F)c(F)c2F)c(F)c1F,True,0.4583333333333333
template_augmentation,intramolecular_N_B_alkyl,N,cyclohexyl,phenyl,pentafluorophenyl,pentafluorophenyl,C6,N(C1CCCCC1)(c1ccccc1)CCCCCCB(c1c(F)c(F)c(F)c(F)c1F)(c1c(F)c(F)c(F)c(F)c1F),Fc1c(F)c(F)c(B(CCCCCCN(c2ccccc2)C2CCCCC2)c2c(F)c(F)c(F)c(F)c2F)c(F)c1F,True,0.4583333333333333
template_augmentation,intramolecular_N_B_alkyl,N,cyclohexyl,phenyl,pentafluorophenyl,pentachlorophenyl,C1,N(C1CCCCC1)(c1ccccc1)CB(c1c(F)c(F)c(F)c(F)c1F)(c1c(Cl)c(Cl)c(Cl)c(Cl)c1Cl),Fc1c(F)c(F)c(B(CN(c2ccccc2)C2CCCCC2)c2c(Cl)c(Cl)c(Cl)c(Cl)c2Cl)c(F)c1F,True,0.37735849056603776
template_augmentation,intramolecular_N_B_alkyl,N,cyclohexyl,phenyl,pentafluorophenyl,pentachlorophenyl,C2,N(C1CCCCC1)(c1ccccc1)CCB(c1c(F)c(F)c(F)c(F)c1F)(c1c(Cl)c(Cl)c(Cl)c(Cl)c1Cl),Fc1c(F)c(F)c(B(CCN(c2ccccc2)C2CCCCC2)c2c(Cl)c(Cl)c(Cl)c(Cl)c2Cl)c(F)c1F,True,0.36538461538461536
template_augmentation,intramolecular_N_B_alkyl,N,cyclohexyl,phenyl,pentafluorophenyl,pentachlorophenyl,C3,N(C1CCCCC1)(c1ccccc1)CCCB(c1c(F)c(F)c(F)c(F)c1F)(c1c(Cl)c(Cl)c(Cl)c(Cl)c1Cl),Fc1c(F)c(F)c(B(CCCN(c2ccccc2)C2CCCCC2)c2c(Cl)c(Cl)c(Cl)c(Cl)c2Cl)c(F)c1F,True,0.40384615384615385
template_augmentation,intramolecular_N_B_alkyl,N,cyclohexyl,phenyl,pentafluorophenyl,pentachlorophenyl,C4,N(C1CCCCC1)(c1ccccc1)CCCCB(c1c(F)c(F)c(F)c(F)c1F)(c1c(Cl)c(Cl)c(Cl)c(Cl)c1Cl),Fc1c(F)c(F)c(B(CCCCN(c2ccccc2)C2CCCCC2)c2c(Cl)c(Cl)c(Cl)c(Cl)c2Cl)c(F)c1F,True,0.4230769230769231
template_augmentation,intramolecular_N_B_alkyl,N,cyclohexyl,phenyl,pentafluorophenyl,pentachlorophenyl,C5,N(C1CCCCC1)(c1ccccc1)CCCCCB(c1c(F)c(F)c(F)c(F)c1F)(c1c(Cl)c(Cl)c(Cl)c(Cl)c1Cl),Fc1c(F)c(F)c(B(CCCCCN(c2ccccc2)C2CCCCC2)c2c(Cl)c(Cl)c(Cl)c(Cl)c2Cl)c(F)c1F,True,0.41509433962264153
template_augmentation,intramolecular_N_B_alkyl,N,cyclohexyl,phenyl,pentafluorophenyl,pentachlorophenyl,C6,N(C1CCCCC1)(c1ccccc1)CCCCCCB(c1c(F)c(F)c(F)c(F)c1F)(c1c(Cl)c(Cl)c(Cl)c(Cl)c1Cl),Fc1c(F)c(F)c(B(CCCCCCN(c2ccccc2)C2CCCCC2)c2c(Cl)c(Cl)c(Cl)c(Cl)c2Cl)c(F)c1F,True,0.41509433962264153
template_augmentation,intramolecular_N_B_alkyl,N,cyclohexyl,phenyl,pentafluorophenyl,bis_cf3_phenyl,C1,N(C1CCCCC1)(c1ccccc1)CB(c1c(F)c(F)c(F)c(F)c1F)(c1cc(C(F)(F)F)cc(C(F)(F)F)c1),Fc1c(F)c(F)c(B(CN(c2ccccc2)C2CCCCC2)c2cc(C(F)(F)F)cc(C(F)(F)F)c2)c(F)c1F,True,0.39285714285714285
template_augmentation,intramolecular_N_B_alkyl,N,cyclohexyl,phenyl,pentafluorophenyl,bis_cf3_phenyl,C2,N(C1CCCCC1)(c1ccccc1)CCB(c1c(F)c(F)c(F)c(F)c1F)(c1cc(C(F)(F)F)cc(C(F)(F)F)c1),Fc1c(F)c(F)c(B(CCN(c2ccccc2)C2CCCCC2)c2cc(C(F)(F)F)cc(C(F)(F)F)c2)c(F)c1F,True,0.3793103448275862
template_augmentation,intramolecular_N_B_alkyl,N,cyclohexyl,phenyl,pentafluorophenyl,bis_cf3_phenyl,C3,N(C1CCCCC1)(c1ccccc1)CCCB(c1c(F)c(F)c(F)c(F)c1F)(c1cc(C(F)(F)F)cc(C(F)(F)F)c1),Fc1c(F)c(F)c(B(CCCN(c2ccccc2)C2CCCCC2)c2cc(C(F)(F)F)cc(C(F)(F)F)c2)c(F)c1F,True,0.36666666666666664
template_augmentation,intramolecular_N_B_alkyl,N,cyclohexyl,phenyl,pentafluorophenyl,bis_cf3_phenyl,C4,N(C1CCCCC1)(c1ccccc1)CCCCB(c1c(F)c(F)c(F)c(F)c1F)(c1cc(C(F)(F)F)cc(C(F)(F)F)c1),Fc1c(F)c(F)c(B(CCCCN(c2ccccc2)C2CCCCC2)c2cc(C(F)(F)F)cc(C(F)(F)F)c2)c(F)c1F,True,0.3620689655172414
template_augmentation,intramolecular_N_B_alkyl,N,cyclohexyl,phenyl,pentafluorophenyl,bis_cf3_phenyl,C5,N(C1CCCCC1)(c1ccccc1)CCCCCB(c1c(F)c(F)c(F)c(F)c1F)(c1cc(C(F)(F)F)cc(C(F)(F)F)c1),Fc1c(F)c(F)c(B(CCCCCN(c2ccccc2)C2CCCCC2)c2cc(C(F)(F)F)cc(C(F)(F)F)c2)c(F)c1F,True,0.3559322033898305
template_augmentation,intramolecular_N_B_alkyl,N,cyclohexyl,phenyl,pentafluorophenyl,bis_cf3_phenyl,C6,N(C1CCCCC1)(c1ccccc1)CCCCCCB(c1c(F)c(F)c(F)c(F)c1F)(c1cc(C(F)(F)F)cc(C(F)(F)F)c1),Fc1c(F)c(F)c(B(CCCCCCN(c2ccccc2)C2CCCCC2)c2cc(C(F)(F)F)cc(C(F)(F)F)c2)c(F)c1F,True,0.3559322033898305
template_augmentation,intramolecular_N_B_alkyl,N,cyclohexyl,phenyl,pentachlorophenyl,pentachlorophenyl,C1,N(C1CCCCC1)(c1ccccc1)CB(c1c(Cl)c(Cl)c(Cl)c(Cl)c1Cl)(c1c(Cl)c(Cl)c(Cl)c(Cl)c1Cl),Clc1c(Cl)c(Cl)c(B(CN(c2ccccc2)C2CCCCC2)c2c(Cl)c(Cl)c(Cl)c(Cl)c2Cl)c(Cl)c1Cl,True,0.40425531914893614
template_augmentation,intramolecular_N_B_alkyl,N,cyclohexyl,phenyl,pentachlorophenyl,pentachlorophenyl,C2,N(C1CCCCC1)(c1ccccc1)CCB(c1c(Cl)c(Cl)c(Cl)c(Cl)c1Cl)(c1c(Cl)c(Cl)c(Cl)c(Cl)c1Cl),Clc1c(Cl)c(Cl)c(B(CCN(c2ccccc2)C2CCCCC2)c2c(Cl)c(Cl)c(Cl)c(Cl)c2Cl)c(Cl)c1Cl,True,0.391304347826087
template_augmentation,intramolecular_N_B_alkyl,N,cyclohexyl,phenyl,pentachlorophenyl,pentachlorophenyl,C3,N(C1CCCCC1)(c1ccccc1)CCCB(c1c(Cl)c(Cl)c(Cl)c(Cl)c1Cl)(c1c(Cl)c(Cl)c(Cl)c(Cl)c1Cl),Clc1c(Cl)c(Cl)c(B(CCCN(c2ccccc2)C2CCCCC2)c2c(Cl)c(Cl)c(Cl)c(Cl)c2Cl)c(Cl)c1Cl,True,0.43478260869565216
template_augmentation,intramolecular_N_B_alkyl,N,cyclohexyl,phenyl,pentachlorophenyl,pentachlorophenyl,C4,N(C1CCCCC1)(c1ccccc1)CCCCB(c1c(Cl)c(Cl)c(Cl)c(Cl)c1Cl)(c1c(Cl)c(Cl)c(Cl)c(Cl)c1Cl),Clc1c(Cl)c(Cl)c(B(CCCCN(c2ccccc2)C2CCCCC2)c2c(Cl)c(Cl)c(Cl)c(Cl)c2Cl)c(Cl)c1Cl,True,0.45652173913043476
template_augmentation,intramolecular_N_B_alkyl,N,cyclohexyl,phenyl,pentachlorophenyl,pentachlorophenyl,C5,N(C1CCCCC1)(c1ccccc1)CCCCCB(c1c(Cl)c(Cl)c(Cl)c(Cl)c1Cl)(c1c(Cl)c(Cl)c(Cl)c(Cl)c1Cl),Clc1c(Cl)c(Cl)c(B(CCCCCN(c2ccccc2)C2CCCCC2)c2c(Cl)c(Cl)c(Cl)c(Cl)c2Cl)c(Cl)c1Cl,True,0.44680851063829785
template_augmentation,intramolecular_N_B_alkyl,N,cyclohexyl,phenyl,pentachlorophenyl,pentachlorophenyl,C6,N(C1CCCCC1)(c1ccccc1)CCCCCCB(c1c(Cl)c(Cl)c(Cl)c(Cl)c1Cl)(c1c(Cl)c(Cl)c(Cl)c(Cl)c1Cl),Clc1c(Cl)c(Cl)c(B(CCCCCCN(c2ccccc2)C2CCCCC2)c2c(Cl)c(Cl)c(Cl)c(Cl)c2Cl)c(Cl)c1Cl,True,0.44680851063829785
template_augmentation,intramolecular_N_B_alkyl,N,cyclohexyl,phenyl,pentachlorophenyl,bis_cf3_phenyl,C1,N(C1CCCCC1)(c1ccccc1)CB(c1c(Cl)c(Cl)c(Cl)c(Cl)c1Cl)(c1cc(C(F)(F)F)cc(C(F)(F)F)c1),FC(F)(F)c1cc(B(CN(c2ccccc2)C2CCCCC2)c2c(Cl)c(Cl)c(Cl)c(Cl)c2Cl)cc(C(F)(F)F)c1,True,0.375
template_augmentation,intramolecular_N_B_alkyl,N,cyclohexyl,phenyl,pentachlorophenyl,bis_cf3_phenyl,C2,N(C1CCCCC1)(c1ccccc1)CCB(c1c(Cl)c(Cl)c(Cl)c(Cl)c1Cl)(c1cc(C(F)(F)F)cc(C(F)(F)F)c1),FC(F)(F)c1cc(B(CCN(c2ccccc2)C2CCCCC2)c2c(Cl)c(Cl)c(Cl)c(Cl)c2Cl)cc(C(F)(F)F)c1,True,0.3620689655172414
template_augmentation,intramolecular_N_B_alkyl,N,cyclohexyl,phenyl,pentachlorophenyl,bis_cf3_phenyl,C3,N(C1CCCCC1)(c1ccccc1)CCCB(c1c(Cl)c(Cl)c(Cl)c(Cl)c1Cl)(c1cc(C(F)(F)F)cc(C(F)(F)F)c1),FC(F)(F)c1cc(B(CCCN(c2ccccc2)C2CCCCC2)c2c(Cl)c(Cl)c(Cl)c(Cl)c2Cl)cc(C(F)(F)F)c1,True,0.35
template_augmentation,intramolecular_N_B_alkyl,N,cyclohexyl,phenyl,pentachlorophenyl,bis_cf3_phenyl,C4,N(C1CCCCC1)(c1ccccc1)CCCCB(c1c(Cl)c(Cl)c(Cl)c(Cl)c1Cl)(c1cc(C(F)(F)F)cc(C(F)(F)F)c1),FC(F)(F)c1cc(B(CCCCN(c2ccccc2)C2CCCCC2)c2c(Cl)c(Cl)c(Cl)c(Cl)c2Cl)cc(C(F)(F)F)c1,True,0.3448275862068966
template_augmentation,intramolecular_N_B_alkyl,N,cyclohexyl,phenyl,pentachlorophenyl,bis_cf3_phenyl,C5,N(C1CCCCC1)(c1ccccc1)CCCCCB(c1c(Cl)c(Cl)c(Cl)c(Cl)c1Cl)(c1cc(C(F)(F)F)cc(C(F)(F)F)c1),FC(F)(F)c1cc(B(CCCCCN(c2ccccc2)C2CCCCC2)c2c(Cl)c(Cl)c(Cl)c(Cl)c2Cl)cc(C(F)(F)F)c1,True,0.3389830508474576
template_augmentation,intramolecular_N_B_alkyl,N,cyclohexyl,phenyl,pentachlorophenyl,bis_cf3_phenyl,C6,N(C1CCCCC1)(c1ccccc1)CCCCCCB(c1c(Cl)c(Cl)c(Cl)c(Cl)c1Cl)(c1cc(C(F)(F)F)cc(C(F)(F)F)c1),FC(F)(F)c1cc(B(CCCCCCN(c2ccccc2)C2CCCCC2)c2c(Cl)c(Cl)c(Cl)c(Cl)c2Cl)cc(C(F)(F)F)c1,True,0.3389830508474576
template_augmentation,intramolecular_N_B_alkyl,N,cyclohexyl,phenyl,bis_cf3_phenyl,bis_cf3_phenyl,C1,N(C1CCCCC1)(c1ccccc1)CB(c1cc(C(F)(F)F)cc(C(F)(F)F)c1)(c1cc(C(F)(F)F)cc(C(F)(F)F)c1),FC(F)(F)c1cc(B(CN(c2ccccc2)C2CCCCC2)c2cc(C(F)(F)F)cc(C(F)(F)F)c2)cc(C(F)(F)F)c1,True,0.3541666666666667
template_augmentation,intramolecular_N_B_alkyl,N,cyclohexyl,phenyl,bis_cf3_phenyl,bis_cf3_phenyl,C2,N(C1CCCCC1)(c1ccccc1)CCB(c1cc(C(F)(F)F)cc(C(F)(F)F)c1)(c1cc(C(F)(F)F)cc(C(F)(F)F)c1),FC(F)(F)c1cc(B(CCN(c2ccccc2)C2CCCCC2)c2cc(C(F)(F)F)cc(C(F)(F)F)c2)cc(C(F)(F)F)c1,True,0.34
template_augmentation,intramolecular_N_B_alkyl,N,cyclohexyl,phenyl,bis_cf3_phenyl,bis_cf3_phenyl,C3,N(C1CCCCC1)(c1ccccc1)CCCB(c1cc(C(F)(F)F)cc(C(F)(F)F)c1)(c1cc(C(F)(F)F)cc(C(F)(F)F)c1),FC(F)(F)c1cc(B(CCCN(c2ccccc2)C2CCCCC2)c2cc(C(F)(F)F)cc(C(F)(F)F)c2)cc(C(F)(F)F)c1,True,0.3269230769230769
template_augmentation,intramolecular_N_B_alkyl,N,cyclohexyl,phenyl,bis_cf3_phenyl,bis_cf3_phenyl,C4,N(C1CCCCC1)(c1ccccc1)CCCCB(c1cc(C(F)(F)F)cc(C(F)(F)F)c1)(c1cc(C(F)(F)F)cc(C(F)(F)F)c1),FC(F)(F)c1cc(B(CCCCN(c2ccccc2)C2CCCCC2)c2cc(C(F)(F)F)cc(C(F)(F)F)c2)cc(C(F)(F)F)c1,True,0.32075471698113206
template_augmentation,intramolecular_N_B_alkyl,N,cyclohexyl,phenyl,bis_cf3_phenyl,bis_cf3_phenyl,C5,N(C1CCCCC1)(c1ccccc1)CCCCCB(c1cc(C(F)(F)F)cc(C(F)(F)F)c1)(c1cc(C(F)(F)F)cc(C(F)(F)F)c1),FC(F)(F)c1cc(B(CCCCCN(c2ccccc2)C2CCCCC2)c2cc(C(F)(F)F)cc(C(F)(F)F)c2)cc(C(F)(F)F)c1,True,0.3148148148148148
template_augmentation,intramolecular_N_B_alkyl,N,cyclohexyl,phenyl,bis_cf3_phenyl,bis_cf3_phenyl,C6,N(C1CCCCC1)(c1ccccc1)CCCCCCB(c1cc(C(F)(F)F)cc(C(F)(F)F)c1)(c1cc(C(F)(F)F)cc(C(F)(F)F)c1),FC(F)(F)c1cc(B(CCCCCCN(c2ccccc2)C2CCCCC2)c2cc(C(F)(F)F)cc(C(F)(F)F)c2)cc(C(F)(F)F)c1,True,0.3148148148148148
template_augmentation,intramolecular_N_B_alkyl,N,phenyl,phenyl,phenyl,phenyl,C1,N(c1ccccc1)(c1ccccc1)CB(c1ccccc1)(c1ccccc1),c1ccc(B(CN(c2ccccc2)c2ccccc2)c2ccccc2)cc1,True,0.36363636363636365
template_augmentation,intramolecular_N_B_alkyl,N,phenyl,phenyl,phenyl,phenyl,C2,N(c1ccccc1)(c1ccccc1)CCB(c1ccccc1)(c1ccccc1),c1ccc(B(CCN(c2ccccc2)c2ccccc2)c2ccccc2)cc1,True,0.34285714285714286
template_augmentation,intramolecular_N_B_alkyl,N,phenyl,phenyl,phenyl,phenyl,C3,N(c1ccccc1)(c1ccccc1)CCCB(c1ccccc1)(c1ccccc1),c1ccc(B(CCCN(c2ccccc2)c2ccccc2)c2ccccc2)cc1,True,0.32432432432432434
template_augmentation,intramolecular_N_B_alkyl,N,phenyl,phenyl,phenyl,phenyl,C4,N(c1ccccc1)(c1ccccc1)CCCCB(c1ccccc1)(c1ccccc1),c1ccc(B(CCCCN(c2ccccc2)c2ccccc2)c2ccccc2)cc1,True,0.3157894736842105
template_augmentation,intramolecular_N_B_alkyl,N,phenyl,phenyl,phenyl,phenyl,C5,N(c1ccccc1)(c1ccccc1)CCCCCB(c1ccccc1)(c1ccccc1),c1ccc(B(CCCCCN(c2ccccc2)c2ccccc2)c2ccccc2)cc1,True,0.3076923076923077
template_augmentation,intramolecular_N_B_alkyl,N,phenyl,phenyl,phenyl,phenyl,C6,N(c1ccccc1)(c1ccccc1)CCCCCCB(c1ccccc1)(c1ccccc1),c1ccc(B(CCCCCCN(c2ccccc2)c2ccccc2)c2ccccc2)cc1,True,0.3076923076923077
template_augmentation,intramolecular_N_B_alkyl,N,phenyl,phenyl,phenyl,p_tolyl,C1,N(c1ccccc1)(c1ccccc1)CB(c1ccccc1)(c1ccc(C)cc1),Cc1ccc(B(CN(c2ccccc2)c2ccccc2)c2ccccc2)cc1,True,0.3076923076923077
template_augmentation,intramolecular_N_B_alkyl,N,phenyl,phenyl,phenyl,p_tolyl,C2,N(c1ccccc1)(c1ccccc1)CCB(c1ccccc1)(c1ccc(C)cc1),Cc1ccc(B(CCN(c2ccccc2)c2ccccc2)c2ccccc2)cc1,True,0.2926829268292683
template_augmentation,intramolecular_N_B_alkyl,N,phenyl,phenyl,phenyl,p_tolyl,C3,N(c1ccccc1)(c1ccccc1)CCCB(c1ccccc1)(c1ccc(C)cc1),Cc1ccc(B(CCCN(c2ccccc2)c2ccccc2)c2ccccc2)cc1,True,0.27906976744186046
template_augmentation,intramolecular_N_B_alkyl,N,phenyl,phenyl,phenyl,p_tolyl,C4,N(c1ccccc1)(c1ccccc1)CCCCB(c1ccccc1)(c1ccc(C)cc1),Cc1ccc(B(CCCCN(c2ccccc2)c2ccccc2)c2ccccc2)cc1,True,0.2777777777777778
template_augmentation,intramolecular_N_B_alkyl,N,phenyl,phenyl,phenyl,p_tolyl,C5,N(c1ccccc1)(c1ccccc1)CCCCCB(c1ccccc1)(c1ccc(C)cc1),Cc1ccc(B(CCCCCN(c2ccccc2)c2ccccc2)c2ccccc2)cc1,True,0.2727272727272727
template_augmentation,intramolecular_N_B_alkyl,N,phenyl,phenyl,phenyl,p_tolyl,C6,N(c1ccccc1)(c1ccccc1)CCCCCCB(c1ccccc1)(c1ccc(C)cc1),Cc1ccc(B(CCCCCCN(c2ccccc2)c2ccccc2)c2ccccc2)cc1,True,0.2727272727272727
template_augmentation,intramolecular_N_B_alkyl,N,phenyl,phenyl,phenyl,mesityl,C1,N(c1ccccc1)(c1ccccc1)CB(c1ccccc1)(c1c(C)cc(C)cc1C),Cc1cc(C)c(B(CN(c2ccccc2)c2ccccc2)c2ccccc2)c(C)c1,True,0.36363636363636365
template_augmentation,intramolecular_N_B_alkyl,N,phenyl,phenyl,phenyl,mesityl,C2,N(c1ccccc1)(c1ccccc1)CCB(c1ccccc1)(c1c(C)cc(C)cc1C),Cc1cc(C)c(B(CCN(c2ccccc2)c2ccccc2)c2ccccc2)c(C)c1,True,0.34782608695652173
template_augmentation,intramolecular_N_B_alkyl,N,phenyl,phenyl,phenyl,mesityl,C3,N(c1ccccc1)(c1ccccc1)CCCB(c1ccccc1)(c1c(C)cc(C)cc1C),Cc1cc(C)c(B(CCCN(c2ccccc2)c2ccccc2)c2ccccc2)c(C)c1,True,0.36
template_augmentation,intramolecular_N_B_alkyl,N,phenyl,phenyl,phenyl,mesityl,C4,N(c1ccccc1)(c1ccccc1)CCCCB(c1ccccc1)(c1c(C)cc(C)cc1C),Cc1cc(C)c(B(CCCCN(c2ccccc2)c2ccccc2)c2ccccc2)c(C)c1,True,0.38
template_augmentation,intramolecular_N_B_alkyl,N,phenyl,phenyl,phenyl,mesityl,C5,N(c1ccccc1)(c1ccccc1)CCCCCB(c1ccccc1)(c1c(C)cc(C)cc1C),Cc1cc(C)c(B(CCCCCN(c2ccccc2)c2ccccc2)c2ccccc2)c(C)c1,True,0.37254901960784315
template_augmentation,intramolecular_N_B_alkyl,N,phenyl,phenyl,phenyl,mesityl,C6,N(c1ccccc1)(c1ccccc1)CCCCCCB(c1ccccc1)(c1c(C)cc(C)cc1C),Cc1cc(C)c(B(CCCCCCN(c2ccccc2)c2ccccc2)c2ccccc2)c(C)c1,True,0.37254901960784315
template_augmentation,intramolecular_N_B_alkyl,N,phenyl,phenyl,phenyl,pentafluorophenyl,C1,N(c1ccccc1)(c1ccccc1)CB(c1ccccc1)(c1c(F)c(F)c(F)c(F)c1F),Fc1c(F)c(F)c(B(CN(c2ccccc2)c2ccccc2)c2ccccc2)c(F)c1F,True,0.41025641025641024
template_augmentation,intramolecular_N_B_alkyl,N,phenyl,phenyl,phenyl,pentafluorophenyl,C2,N(c1ccccc1)(c1ccccc1)CCB(c1ccccc1)(c1c(F)c(F)c(F)c(F)c1F),Fc1c(F)c(F)c(B(CCN(c2ccccc2)c2ccccc2)c2ccccc2)c(F)c1F,True,0.425
template_augmentation,intramolecular_N_B_alkyl,N,phenyl,phenyl,phenyl,pentafluorophenyl,C3,N(c1ccccc1)(c1ccccc1)CCCB(c1ccccc1)(c1c(F)c(F)c(F)c(F)c1F),Fc1c(F)c(F)c(B(CCCN(c2ccccc2)c2ccccc2)c2ccccc2)c(F)c1F,True,0.4418604651162791
template_augmentation,intramolecular_N_B_alkyl,N,phenyl,phenyl,phenyl,pentafluorophenyl,C4,N(c1ccccc1)(c1ccccc1)CCCCB(c1ccccc1)(c1c(F)c(F)c(F)c(F)c1F),Fc1c(F)c(F)c(B(CCCCN(c2ccccc2)c2ccccc2)c2ccccc2)c(F)c1F,True,0.46511627906976744
template_augmentation,intramolecular_N_B_alkyl,N,phenyl,phenyl,phenyl,pentafluorophenyl,C5,N(c1ccccc1)(c1ccccc1)CCCCCB(c1ccccc1)(c1c(F)c(F)c(F)c(F)c1F),Fc1c(F)c(F)c(B(CCCCCN(c2ccccc2)c2ccccc2)c2ccccc2)c(F)c1F,True,0.45454545454545453
template_augmentation,intramolecular_N_B_alkyl,N,phenyl,phenyl,phenyl,pentafluorophenyl,C6,N(c1ccccc1)(c1ccccc1)CCCCCCB(c1ccccc1)(c1c(F)c(F)c(F)c(F)c1F),Fc1c(F)c(F)c(B(CCCCCCN(c2ccccc2)c2ccccc2)c2ccccc2)c(F)c1F,True,0.45454545454545453
template_augmentation,intramolecular_N_B_alkyl,N,phenyl,phenyl,phenyl,pentachlorophenyl,C1,N(c1ccccc1)(c1ccccc1)CB(c1ccccc1)(c1c(Cl)c(Cl)c(Cl)c(Cl)c1Cl),Clc1c(Cl)c(Cl)c(B(CN(c2ccccc2)c2ccccc2)c2ccccc2)c(Cl)c1Cl,True,0.41025641025641024
template_augmentation,intramolecular_N_B_alkyl,N,phenyl,phenyl,phenyl,pentachlorophenyl,C2,N(c1ccccc1)(c1ccccc1)CCB(c1ccccc1)(c1c(Cl)c(Cl)c(Cl)c(Cl)c1Cl),Clc1c(Cl)c(Cl)c(B(CCN(c2ccccc2)c2ccccc2)c2ccccc2)c(Cl)c1Cl,True,0.41025641025641024
template_augmentation,intramolecular_N_B_alkyl,N,phenyl,phenyl,phenyl,pentachlorophenyl,C3,N(c1ccccc1)(c1ccccc1)CCCB(c1ccccc1)(c1c(Cl)c(Cl)c(Cl)c(Cl)c1Cl),Clc1c(Cl)c(Cl)c(B(CCCN(c2ccccc2)c2ccccc2)c2ccccc2)c(Cl)c1Cl,True,0.42857142857142855
template_augmentation,intramolecular_N_B_alkyl,N,phenyl,phenyl,phenyl,pentachlorophenyl,C4,N(c1ccccc1)(c1ccccc1)CCCCB(c1ccccc1)(c1c(Cl)c(Cl)c(Cl)c(Cl)c1Cl),Clc1c(Cl)c(Cl)c(B(CCCCN(c2ccccc2)c2ccccc2)c2ccccc2)c(Cl)c1Cl,True,0.4523809523809524
template_augmentation,intramolecular_N_B_alkyl,N,phenyl,phenyl,phenyl,pentachlorophenyl,C5,N(c1ccccc1)(c1ccccc1)CCCCCB(c1ccccc1)(c1c(Cl)c(Cl)c(Cl)c(Cl)c1Cl),Clc1c(Cl)c(Cl)c(B(CCCCCN(c2ccccc2)c2ccccc2)c2ccccc2)c(Cl)c1Cl,True,0.4418604651162791
template_augmentation,intramolecular_N_B_alkyl,N,phenyl,phenyl,phenyl,pentachlorophenyl,C6,N(c1ccccc1)(c1ccccc1)CCCCCCB(c1ccccc1)(c1c(Cl)c(Cl)c(Cl)c(Cl)c1Cl),Clc1c(Cl)c(Cl)c(B(CCCCCCN(c2ccccc2)c2ccccc2)c2ccccc2)c(Cl)c1Cl,True,0.4418604651162791
template_augmentation,intramolecular_N_B_alkyl,N,phenyl,phenyl,phenyl,bis_cf3_phenyl,C1,N(c1ccccc1)(c1ccccc1)CB(c1ccccc1)(c1cc(C(F)(F)F)cc(C(F)(F)F)c1),FC(F)(F)c1cc(B(CN(c2ccccc2)c2ccccc2)c2ccccc2)cc(C(F)(F)F)c1,True,0.40476190476190477
template_augmentation,intramolecular_N_B_alkyl,N,phenyl,phenyl,phenyl,bis_cf3_phenyl,C2,N(c1ccccc1)(c1ccccc1)CCB(c1ccccc1)(c1cc(C(F)(F)F)cc(C(F)(F)F)c1),FC(F)(F)c1cc(B(CCN(c2ccccc2)c2ccccc2)c2ccccc2)cc(C(F)(F)F)c1,True,0.38636363636363635
template_augmentation,intramolecular_N_B_alkyl,N,phenyl,phenyl,phenyl,bis_cf3_phenyl,C3,N(c1ccccc1)(c1ccccc1)CCCB(c1ccccc1)(c1cc(C(F)(F)F)cc(C(F)(F)F)c1),FC(F)(F)c1cc(B(CCCN(c2ccccc2)c2ccccc2)c2ccccc2)cc(C(F)(F)F)c1,True,0.3695652173913043
template_augmentation,intramolecular_N_B_alkyl,N,phenyl,phenyl,phenyl,bis_cf3_phenyl,C4,N(c1ccccc1)(c1ccccc1)CCCCB(c1ccccc1)(c1cc(C(F)(F)F)cc(C(F)(F)F)c1),FC(F)(F)c1cc(B(CCCCN(c2ccccc2)c2ccccc2)c2ccccc2)cc(C(F)(F)F)c1,True,0.3617021276595745
template_augmentation,intramolecular_N_B_alkyl,N,phenyl,phenyl,phenyl,bis_cf3_phenyl,C5,N(c1ccccc1)(c1ccccc1)CCCCCB(c1ccccc1)(c1cc(C(F)(F)F)cc(C(F)(F)F)c1),FC(F)(F)c1cc(B(CCCCCN(c2ccccc2)c2ccccc2)c2ccccc2)cc(C(F)(F)F)c1,True,0.3541666666666667
template_augmentation,intramolecular_N_B_alkyl,N,phenyl,phenyl,phenyl,bis_cf3_phenyl,C6,N(c1ccccc1)(c1ccccc1)CCCCCCB(c1ccccc1)(c1cc(C(F)(F)F)cc(C(F)(F)F)c1),FC(F)(F)c1cc(B(CCCCCCN(c2ccccc2)c2ccccc2)c2ccccc2)cc(C(F)(F)F)c1,True,0.3541666666666667
template_augmentation,intramolecular_N_B_alkyl,N,phenyl,phenyl,p_tolyl,p_tolyl,C1,N(c1ccccc1)(c1ccccc1)CB(c1ccc(C)cc1)(c1ccc(C)cc1),Cc1ccc(B(CN(c2ccccc2)c2ccccc2)c2ccc(C)cc2)cc1,True,0.28205128205128205
template_augmentation,intramolecular_N_B_alkyl,N,phenyl,phenyl,p_tolyl,p_tolyl,C2,N(c1ccccc1)(c1ccccc1)CCB(c1ccc(C)cc1)(c1ccc(C)cc1),Cc1ccc(B(CCN(c2ccccc2)c2ccccc2)c2ccc(C)cc2)cc1,True,0.2682926829268293
template_augmentation,intramolecular_N_B_alkyl,N,phenyl,phenyl,p_tolyl,p_tolyl,C3,N(c1ccccc1)(c1ccccc1)CCCB(c1ccc(C)cc1)(c1ccc(C)cc1),Cc1ccc(B(CCCN(c2ccccc2)c2ccccc2)c2ccc(C)cc2)cc1,True,0.2641509433962264
template_augmentation,intramolecular_N_B_alkyl,N,phenyl,phenyl,p_tolyl,p_tolyl,C4,N(c1ccccc1)(c1ccccc1)CCCCB(c1ccc(C)cc1)(c1ccc(C)cc1),Cc1ccc(B(CCCCN(c2ccccc2)c2ccccc2)c2ccc(C)cc2)cc1,True,0.2830188679245283
template_augmentation,intramolecular_N_B_alkyl,N,phenyl,phenyl,p_tolyl,p_tolyl,C5,N(c1ccccc1)(c1ccccc1)CCCCCB(c1ccc(C)cc1)(c1ccc(C)cc1),Cc1ccc(B(CCCCCN(c2ccccc2)c2ccccc2)c2ccc(C)cc2)cc1,True,0.2777777777777778
template_augmentation,intramolecular_N_B_alkyl,N,phenyl,phenyl,p_tolyl,p_tolyl,C6,N(c1ccccc1)(c1ccccc1)CCCCCCB(c1ccc(C)cc1)(c1ccc(C)cc1),Cc1ccc(B(CCCCCCN(c2ccccc2)c2ccccc2)c2ccc(C)cc2)cc1,True,0.2777777777777778
template_augmentation,intramolecular_N_B_alkyl,N,phenyl,phenyl,p_tolyl,mesityl,C1,N(c1ccccc1)(c1ccccc1)CB(c1ccc(C)cc1)(c1c(C)cc(C)cc1C),Cc1ccc(B(CN(c2ccccc2)c2ccccc2)c2c(C)cc(C)cc2C)cc1,True,0.34782608695652173
template_augmentation,intramolecular_N_B_alkyl,N,phenyl,phenyl,p_tolyl,mesityl,C2,N(c1ccccc1)(c1ccccc1)CCB(c1ccc(C)cc1)(c1c(C)cc(C)cc1C),Cc1ccc(B(CCN(c2ccccc2)c2ccccc2)c2c(C)cc(C)cc2C)cc1,True,0.3333333333333333
template_augmentation,intramolecular_N_B_alkyl,N,phenyl,phenyl,p_tolyl,mesityl,C3,N(c1ccccc1)(c1ccccc1)CCCB(c1ccc(C)cc1)(c1c(C)cc(C)cc1C),Cc1ccc(B(CCCN(c2ccccc2)c2ccccc2)c2c(C)cc(C)cc2C)cc1,True,0.34615384615384615
template_augmentation,intramolecular_N_B_alkyl,N,phenyl,phenyl,p_tolyl,mesityl,C4,N(c1ccccc1)(c1ccccc1)CCCCB(c1ccc(C)cc1)(c1c(C)cc(C)cc1C),Cc1ccc(B(CCCCN(c2ccccc2)c2ccccc2)c2c(C)cc(C)cc2C)cc1,True,0.36538461538461536
template_augmentation,intramolecular_N_B_alkyl,N,phenyl,phenyl,p_tolyl,mesityl,C5,N(c1ccccc1)(c1ccccc1)CCCCCB(c1ccc(C)cc1)(c1c(C)cc(C)cc1C),Cc1ccc(B(CCCCCN(c2ccccc2)c2ccccc2)c2c(C)cc(C)cc2C)cc1,True,0.3584905660377358
template_augmentation,intramolecular_N_B_alkyl,N,phenyl,phenyl,p_tolyl,mesityl,C6,N(c1ccccc1)(c1ccccc1)CCCCCCB(c1ccc(C)cc1)(c1c(C)cc(C)cc1C),Cc1ccc(B(CCCCCCN(c2ccccc2)c2ccccc2)c2c(C)cc(C)cc2C)cc1,True,0.3584905660377358
template_augmentation,intramolecular_N_B_alkyl,N,phenyl,phenyl,p_tolyl,pentafluorophenyl,C1,N(c1ccccc1)(c1ccccc1)CB(c1ccc(C)cc1)(c1c(F)c(F)c(F)c(F)c1F),Cc1ccc(B(CN(c2ccccc2)c2ccccc2)c2c(F)c(F)c(F)c(F)c2F)cc1,True,0.3829787234042553
template_augmentation,intramolecular_N_B_alkyl,N,phenyl,phenyl,p_tolyl,pentafluorophenyl,C2,N(c1ccccc1)(c1ccccc1)CCB(c1ccc(C)cc1)(c1c(F)c(F)c(F)c(F)c1F),Cc1ccc(B(CCN(c2ccccc2)c2ccccc2)c2c(F)c(F)c(F)c(F)c2F)cc1,True,0.37777777777777777
template_augmentation,intramolecular_N_B_alkyl,N,phenyl,phenyl,p_tolyl,pentafluorophenyl,C3,N(c1ccccc1)(c1ccccc1)CCCB(c1ccc(C)cc1)(c1c(F)c(F)c(F)c(F)c1F),Cc1ccc(B(CCCN(c2ccccc2)c2ccccc2)c2c(F)c(F)c(F)c(F)c2F)cc1,True,0.3958333333333333
template_augmentation,intramolecular_N_B_alkyl,N,phenyl,phenyl,p_tolyl,pentafluorophenyl,C4,N(c1ccccc1)(c1ccccc1)CCCCB(c1ccc(C)cc1)(c1c(F)c(F)c(F)c(F)c1F),Cc1ccc(B(CCCCN(c2ccccc2)c2ccccc2)c2c(F)c(F)c(F)c(F)c2F)cc1,True,0.4166666666666667
template_augmentation,intramolecular_N_B_alkyl,N,phenyl,phenyl,p_tolyl,pentafluorophenyl,C5,N(c1ccccc1)(c1ccccc1)CCCCCB(c1ccc(C)cc1)(c1c(F)c(F)c(F)c(F)c1F),Cc1ccc(B(CCCCCN(c2ccccc2)c2ccccc2)c2c(F)c(F)c(F)c(F)c2F)cc1,True,0.40816326530612246
template_augmentation,intramolecular_N_B_alkyl,N,phenyl,phenyl,p_tolyl,pentafluorophenyl,C6,N(c1ccccc1)(c1ccccc1)CCCCCCB(c1ccc(C)cc1)(c1c(F)c(F)c(F)c(F)c1F),Cc1ccc(B(CCCCCCN(c2ccccc2)c2ccccc2)c2c(F)c(F)c(F)c(F)c2F)cc1,True,0.40816326530612246
template_augmentation,intramolecular_N_B_alkyl,N,phenyl,phenyl,p_tolyl,pentachlorophenyl,C1,N(c1ccccc1)(c1ccccc1)CB(c1ccc(C)cc1)(c1c(Cl)c(Cl)c(Cl)c(Cl)c1Cl),Cc1ccc(B(CN(c2ccccc2)c2ccccc2)c2c(Cl)c(Cl)c(Cl)c(Cl)c2Cl)cc1,True,0.3695652173913043
template_augmentation,intramolecular_N_B_alkyl,N,phenyl,phenyl,p_tolyl,pentachlorophenyl,C2,N(c1ccccc1)(c1ccccc1)CCB(c1ccc(C)cc1)(c1c(Cl)c(Cl)c(Cl)c(Cl)c1Cl),Cc1ccc(B(CCN(c2ccccc2)c2ccccc2)c2c(Cl)c(Cl)c(Cl)c(Cl)c2Cl)cc1,True,0.36363636363636365
template_augmentation,intramolecular_N_B_alkyl,N,phenyl,phenyl,p_tolyl,pentachlorophenyl,C3,N(c1ccccc1)(c1ccccc1)CCCB(c1ccc(C)cc1)(c1c(Cl)c(Cl)c(Cl)c(Cl)c1Cl),Cc1ccc(B(CCCN(c2ccccc2)c2ccccc2)c2c(Cl)c(Cl)c(Cl)c(Cl)c2Cl)cc1,True,0.3829787234042553
template_augmentation,intramolecular_N_B_alkyl,N,phenyl,phenyl,p_tolyl,pentachlorophenyl,C4,N(c1ccccc1)(c1ccccc1)CCCCB(c1ccc(C)cc1)(c1c(Cl)c(Cl)c(Cl)c(Cl)c1Cl),Cc1ccc(B(CCCCN(c2ccccc2)c2ccccc2)c2c(Cl)c(Cl)c(Cl)c(Cl)c2Cl)cc1,True,0.40425531914893614
template_augmentation,intramolecular_N_B_alkyl,N,phenyl,phenyl,p_tolyl,pentachlorophenyl,C5,N(c1ccccc1)(c1ccccc1)CCCCCB(c1ccc(C)cc1)(c1c(Cl)c(Cl)c(Cl)c(Cl)c1Cl),Cc1ccc(B(CCCCCN(c2ccccc2)c2ccccc2)c2c(Cl)c(Cl)c(Cl)c(Cl)c2Cl)cc1,True,0.3958333333333333
template_augmentation,intramolecular_N_B_alkyl,N,phenyl,phenyl,p_tolyl,pentachlorophenyl,C6,N(c1ccccc1)(c1ccccc1)CCCCCCB(c1ccc(C)cc1)(c1c(Cl)c(Cl)c(Cl)c(Cl)c1Cl),Cc1ccc(B(CCCCCCN(c2ccccc2)c2ccccc2)c2c(Cl)c(Cl)c(Cl)c(Cl)c2Cl)cc1,True,0.3958333333333333
template_augmentation,intramolecular_N_B_alkyl,N,phenyl,phenyl,p_tolyl,bis_cf3_phenyl,C1,N(c1ccccc1)(c1ccccc1)CB(c1ccc(C)cc1)(c1cc(C(F)(F)F)cc(C(F)(F)F)c1),Cc1ccc(B(CN(c2ccccc2)c2ccccc2)c2cc(C(F)(F)F)cc(C(F)(F)F)c2)cc1,True,0.391304347826087
template_augmentation,intramolecular_N_B_alkyl,N,phenyl,phenyl,p_tolyl,bis_cf3_phenyl,C2,N(c1ccccc1)(c1ccccc1)CCB(c1ccc(C)cc1)(c1cc(C(F)(F)F)cc(C(F)(F)F)c1),Cc1ccc(B(CCN(c2ccccc2)c2ccccc2)c2cc(C(F)(F)F)cc(C(F)(F)F)c2)cc1,True,0.375
template_augmentation,intramolecular_N_B_alkyl,N,phenyl,phenyl,p_tolyl,bis_cf3_phenyl,C3,N(c1ccccc1)(c1ccccc1)CCCB(c1ccc(C)cc1)(c1cc(C(F)(F)F)cc(C(F)(F)F)c1),Cc1ccc(B(CCCN(c2ccccc2)c2ccccc2)c2cc(C(F)(F)F)cc(C(F)(F)F)c2)cc1,True,0.36
template_augmentation,intramolecular_N_B_alkyl,N,phenyl,phenyl,p_tolyl,bis_cf3_phenyl,C4,N(c1ccccc1)(c1ccccc1)CCCCB(c1ccc(C)cc1)(c1cc(C(F)(F)F)cc(C(F)(F)F)c1),Cc1ccc(B(CCCCN(c2ccccc2)c2ccccc2)c2cc(C(F)(F)F)cc(C(F)(F)F)c2)cc1,True,0.35294117647058826
template_augmentation,intramolecular_N_B_alkyl,N,phenyl,phenyl,p_tolyl,bis_cf3_phenyl,C5,N(c1ccccc1)(c1ccccc1)CCCCCB(c1ccc(C)cc1)(c1cc(C(F)(F)F)cc(C(F)(F)F)c1),Cc1ccc(B(CCCCCN(c2ccccc2)c2ccccc2)c2cc(C(F)(F)F)cc(C(F)(F)F)c2)cc1,True,0.34615384615384615
template_augmentation,intramolecular_N_B_alkyl,N,phenyl,phenyl,p_tolyl,bis_cf3_phenyl,C6,N(c1ccccc1)(c1ccccc1)CCCCCCB(c1ccc(C)cc1)(c1cc(C(F)(F)F)cc(C(F)(F)F)c1),Cc1ccc(B(CCCCCCN(c2ccccc2)c2ccccc2)c2cc(C(F)(F)F)cc(C(F)(F)F)c2)cc1,True,0.34615384615384615
template_augmentation,intramolecular_N_B_alkyl,N,phenyl,phenyl,mesityl,mesityl,C1,N(c1ccccc1)(c1ccccc1)CB(c1c(C)cc(C)cc1C)(c1c(C)cc(C)cc1C),Cc1cc(C)c(B(CN(c2ccccc2)c2ccccc2)c2c(C)cc(C)cc2C)c(C)c1,True,0.3902439024390244
template_augmentation,intramolecular_N_B_alkyl,N,phenyl,phenyl,mesityl,mesityl,C2,N(c1ccccc1)(c1ccccc1)CCB(c1c(C)cc(C)cc1C)(c1c(C)cc(C)cc1C),Cc1cc(C)c(B(CCN(c2ccccc2)c2ccccc2)c2c(C)cc(C)cc2C)c(C)c1,True,0.37209302325581395
template_augmentation,intramolecular_N_B_alkyl,N,phenyl,phenyl,mesityl,mesityl,C3,N(c1ccccc1)(c1ccccc1)CCCB(c1c(C)cc(C)cc1C)(c1c(C)cc(C)cc1C),Cc1cc(C)c(B(CCCN(c2ccccc2)c2ccccc2)c2c(C)cc(C)cc2C)c(C)c1,True,0.3829787234042553
template_augmentation,intramolecular_N_B_alkyl,N,phenyl,phenyl,mesityl,mesityl,C4,N(c1ccccc1)(c1ccccc1)CCCCB(c1c(C)cc(C)cc1C)(c1c(C)cc(C)cc1C),Cc1cc(C)c(B(CCCCN(c2ccccc2)c2ccccc2)c2c(C)cc(C)cc2C)c(C)c1,True,0.40425531914893614
template_augmentation,intramolecular_N_B_alkyl,N,phenyl,phenyl,mesityl,mesityl,C5,N(c1ccccc1)(c1ccccc1)CCCCCB(c1c(C)cc(C)cc1C)(c1c(C)cc(C)cc1C),Cc1cc(C)c(B(CCCCCN(c2ccccc2)c2ccccc2)c2c(C)cc(C)cc2C)c(C)c1,True,0.3958333333333333
template_augmentation,intramolecular_N_B_alkyl,N,phenyl,phenyl,mesityl,mesityl,C6,N(c1ccccc1)(c1ccccc1)CCCCCCB(c1c(C)cc(C)cc1C)(c1c(C)cc(C)cc1C),Cc1cc(C)c(B(CCCCCCN(c2ccccc2)c2ccccc2)c2c(C)cc(C)cc2C)c(C)c1,True,0.3958333333333333
template_augmentation,intramolecular_N_B_alkyl,N,phenyl,phenyl,mesityl,pentafluorophenyl,C1,N(c1ccccc1)(c1ccccc1)CB(c1c(C)cc(C)cc1C)(c1c(F)c(F)c(F)c(F)c1F),Cc1cc(C)c(B(CN(c2ccccc2)c2ccccc2)c2c(F)c(F)c(F)c(F)c2F)c(C)c1,True,0.425531914893617
template_augmentation,intramolecular_N_B_alkyl,N,phenyl,phenyl,mesityl,pentafluorophenyl,C2,N(c1ccccc1)(c1ccccc1)CCB(c1c(C)cc(C)cc1C)(c1c(F)c(F)c(F)c(F)c1F),Cc1cc(C)c(B(CCN(c2ccccc2)c2ccccc2)c2c(F)c(F)c(F)c(F)c2F)c(C)c1,True,0.4666666666666667
template_augmentation,intramolecular_N_B_alkyl,N,phenyl,phenyl,mesityl,pentafluorophenyl,C3,N(c1ccccc1)(c1ccccc1)CCCB(c1c(C)cc(C)cc1C)(c1c(F)c(F)c(F)c(F)c1F),Cc1cc(C)c(B(CCCN(c2ccccc2)c2ccccc2)c2c(F)c(F)c(F)c(F)c2F)c(C)c1,True,0.4791666666666667
template_augmentation,intramolecular_N_B_alkyl,N,phenyl,phenyl,mesityl,pentafluorophenyl,C4,N(c1ccccc1)(c1ccccc1)CCCCB(c1c(C)cc(C)cc1C)(c1c(F)c(F)c(F)c(F)c1F),Cc1cc(C)c(B(CCCCN(c2ccccc2)c2ccccc2)c2c(F)c(F)c(F)c(F)c2F)c(C)c1,True,0.5
template_augmentation,intramolecular_N_B_alkyl,N,phenyl,phenyl,mesityl,pentafluorophenyl,C5,N(c1ccccc1)(c1ccccc1)CCCCCB(c1c(C)cc(C)cc1C)(c1c(F)c(F)c(F)c(F)c1F),Cc1cc(C)c(B(CCCCCN(c2ccccc2)c2ccccc2)c2c(F)c(F)c(F)c(F)c2F)c(C)c1,True,0.4897959183673469
template_augmentation,intramolecular_N_B_alkyl,N,phenyl,phenyl,mesityl,pentafluorophenyl,C6,N(c1ccccc1)(c1ccccc1)CCCCCCB(c1c(C)cc(C)cc1C)(c1c(F)c(F)c(F)c(F)c1F),Cc1cc(C)c(B(CCCCCCN(c2ccccc2)c2ccccc2)c2c(F)c(F)c(F)c(F)c2F)c(C)c1,True,0.4897959183673469
template_augmentation,intramolecular_N_B_alkyl,N,phenyl,phenyl,mesityl,pentachlorophenyl,C1,N(c1ccccc1)(c1ccccc1)CB(c1c(C)cc(C)cc1C)(c1c(Cl)c(Cl)c(Cl)c(Cl)c1Cl),Cc1cc(C)c(B(CN(c2ccccc2)c2ccccc2)c2c(Cl)c(Cl)c(Cl)c(Cl)c2Cl)c(C)c1,True,0.43478260869565216
template_augmentation,intramolecular_N_B_alkyl,N,phenyl,phenyl,mesityl,pentachlorophenyl,C2,N(c1ccccc1)(c1ccccc1)CCB(c1c(C)cc(C)cc1C)(c1c(Cl)c(Cl)c(Cl)c(Cl)c1Cl),Cc1cc(C)c(B(CCN(c2ccccc2)c2ccccc2)c2c(Cl)c(Cl)c(Cl)c(Cl)c2Cl)c(C)c1,True,0.4772727272727273
template_augmentation,intramolecular_N_B_alkyl,N,phenyl,phenyl,mesityl,pentachlorophenyl,C3,N(c1ccccc1)(c1ccccc1)CCCB(c1c(C)cc(C)cc1C)(c1c(Cl)c(Cl)c(Cl)c(Cl)c1Cl),Cc1cc(C)c(B(CCCN(c2ccccc2)c2ccccc2)c2c(Cl)c(Cl)c(Cl)c(Cl)c2Cl)c(C)c1,True,0.48936170212765956
template_augmentation,intramolecular_N_B_alkyl,N,phenyl,phenyl,mesityl,pentachlorophenyl,C4,N(c1ccccc1)(c1ccccc1)CCCCB(c1c(C)cc(C)cc1C)(c1c(Cl)c(Cl)c(Cl)c(Cl)c1Cl),Cc1cc(C)c(B(CCCCN(c2ccccc2)c2ccccc2)c2c(Cl)c(Cl)c(Cl)c(Cl)c2Cl)c(C)c1,True,0.5106382978723404
template_augmentation,intramolecular_N_B_alkyl,N,phenyl,phenyl,mesityl,pentachlorophenyl,C5,N(c1ccccc1)(c1ccccc1)CCCCCB(c1c(C)cc(C)cc1C)(c1c(Cl)c(Cl)c(Cl)c(Cl)c1Cl),Cc1cc(C)c(B(CCCCCN(c2ccccc2)c2ccccc2)c2c(Cl)c(Cl)c(Cl)c(Cl)c2Cl)c(C)c1,True,0.5
template_augmentation,intramolecular_N_B_alkyl,N,phenyl,phenyl,mesityl,pentachlorophenyl,C6,N(c1ccccc1)(c1ccccc1)CCCCCCB(c1c(C)cc(C)cc1C)(c1c(Cl)c(Cl)c(Cl)c(Cl)c1Cl),Cc1cc(C)c(B(CCCCCCN(c2ccccc2)c2ccccc2)c2c(Cl)c(Cl)c(Cl)c(Cl)c2Cl)c(C)c1,True,0.5
template_augmentation,intramolecular_N_B_alkyl,N,phenyl,phenyl,mesityl,bis_cf3_phenyl,C1,N(c1ccccc1)(c1ccccc1)CB(c1c(C)cc(C)cc1C)(c1cc(C(F)(F)F)cc(C(F)(F)F)c1),Cc1cc(C)c(B(CN(c2ccccc2)c2ccccc2)c2cc(C(F)(F)F)cc(C(F)(F)F)c2)c(C)c1,True,0.375
template_augmentation,intramolecular_N_B_alkyl,N,phenyl,phenyl,mesityl,bis_cf3_phenyl,C2,N(c1ccccc1)(c1ccccc1)CCB(c1c(C)cc(C)cc1C)(c1cc(C(F)(F)F)cc(C(F)(F)F)c1),Cc1cc(C)c(B(CCN(c2ccccc2)c2ccccc2)c2cc(C(F)(F)F)cc(C(F)(F)F)c2)c(C)c1,True,0.36
template_augmentation,intramolecular_N_B_alkyl,N,phenyl,phenyl,mesityl,bis_cf3_phenyl,C3,N(c1ccccc1)(c1ccccc1)CCCB(c1c(C)cc(C)cc1C)(c1cc(C(F)(F)F)cc(C(F)(F)F)c1),Cc1cc(C)c(B(CCCN(c2ccccc2)c2ccccc2)c2cc(C(F)(F)F)cc(C(F)(F)F)c2)c(C)c1,True,0.34615384615384615
template_augmentation,intramolecular_N_B_alkyl,N,phenyl,phenyl,mesityl,bis_cf3_phenyl,C4,N(c1ccccc1)(c1ccccc1)CCCCB(c1c(C)cc(C)cc1C)(c1cc(C(F)(F)F)cc(C(F)(F)F)c1),Cc1cc(C)c(B(CCCCN(c2ccccc2)c2ccccc2)c2cc(C(F)(F)F)cc(C(F)(F)F)c2)c(C)c1,True,0.33962264150943394
template_augmentation,intramolecular_N_B_alkyl,N,phenyl,phenyl,mesityl,bis_cf3_phenyl,C5,N(c1ccccc1)(c1ccccc1)CCCCCB(c1c(C)cc(C)cc1C)(c1cc(C(F)(F)F)cc(C(F)(F)F)c1),Cc1cc(C)c(B(CCCCCN(c2ccccc2)c2ccccc2)c2cc(C(F)(F)F)cc(C(F)(F)F)c2)c(C)c1,True,0.3333333333333333
template_augmentation,intramolecular_N_B_alkyl,N,phenyl,phenyl,mesityl,bis_cf3_phenyl,C6,N(c1ccccc1)(c1ccccc1)CCCCCCB(c1c(C)cc(C)cc1C)(c1cc(C(F)(F)F)cc(C(F)(F)F)c1),Cc1cc(C)c(B(CCCCCCN(c2ccccc2)c2ccccc2)c2cc(C(F)(F)F)cc(C(F)(F)F)c2)c(C)c1,True,0.3333333333333333
template_augmentation,intramolecular_N_B_alkyl,N,phenyl,phenyl,pentafluorophenyl,pentafluorophenyl,C1,N(c1ccccc1)(c1ccccc1)CB(c1c(F)c(F)c(F)c(F)c1F)(c1c(F)c(F)c(F)c(F)c1F),Fc1c(F)c(F)c(B(CN(c2ccccc2)c2ccccc2)c2c(F)c(F)c(F)c(F)c2F)c(F)c1F,True,0.4444444444444444
template_augmentation,intramolecular_N_B_alkyl,N,phenyl,phenyl,pentafluorophenyl,pentafluorophenyl,C2,N(c1ccccc1)(c1ccccc1)CCB(c1c(F)c(F)c(F)c(F)c1F)(c1c(F)c(F)c(F)c(F)c1F),Fc1c(F)c(F)c(B(CCN(c2ccccc2)c2ccccc2)c2c(F)c(F)c(F)c(F)c2F)c(F)c1F,True,0.5
template_augmentation,intramolecular_N_B_alkyl,N,phenyl,phenyl,pentafluorophenyl,pentafluorophenyl,C3,N(c1ccccc1)(c1ccccc1)CCCB(c1c(F)c(F)c(F)c(F)c1F)(c1c(F)c(F)c(F)c(F)c1F),Fc1c(F)c(F)c(B(CCCN(c2ccccc2)c2ccccc2)c2c(F)c(F)c(F)c(F)c2F)c(F)c1F,True,0.5128205128205128
template_augmentation,intramolecular_N_B_alkyl,N,phenyl,phenyl,pentafluorophenyl,pentafluorophenyl,C4,N(c1ccccc1)(c1ccccc1)CCCCB(c1c(F)c(F)c(F)c(F)c1F)(c1c(F)c(F)c(F)c(F)c1F),Fc1c(F)c(F)c(B(CCCCN(c2ccccc2)c2ccccc2)c2c(F)c(F)c(F)c(F)c2F)c(F)c1F,True,0.5384615384615384
template_augmentation,intramolecular_N_B_alkyl,N,phenyl,phenyl,pentafluorophenyl,pentafluorophenyl,C5,N(c1ccccc1)(c1ccccc1)CCCCCB(c1c(F)c(F)c(F)c(F)c1F)(c1c(F)c(F)c(F)c(F)c1F),Fc1c(F)c(F)c(B(CCCCCN(c2ccccc2)c2ccccc2)c2c(F)c(F)c(F)c(F)c2F)c(F)c1F,True,0.525
template_augmentation,intramolecular_N_B_alkyl,N,phenyl,phenyl,pentafluorophenyl,pentafluorophenyl,C6,N(c1ccccc1)(c1ccccc1)CCCCCCB(c1c(F)c(F)c(F)c(F)c1F)(c1c(F)c(F)c(F)c(F)c1F),Fc1c(F)c(F)c(B(CCCCCCN(c2ccccc2)c2ccccc2)c2c(F)c(F)c(F)c(F)c2F)c(F)c1F,True,0.525
template_augmentation,intramolecular_N_B_alkyl,N,phenyl,phenyl,pentafluorophenyl,pentachlorophenyl,C1,N(c1ccccc1)(c1ccccc1)CB(c1c(F)c(F)c(F)c(F)c1F)(c1c(Cl)c(Cl)c(Cl)c(Cl)c1Cl),Fc1c(F)c(F)c(B(CN(c2ccccc2)c2ccccc2)c2c(Cl)c(Cl)c(Cl)c(Cl)c2Cl)c(F)c1F,True,0.3953488372093023
template_augmentation,intramolecular_N_B_alkyl,N,phenyl,phenyl,pentafluorophenyl,pentachlorophenyl,C2,N(c1ccccc1)(c1ccccc1)CCB(c1c(F)c(F)c(F)c(F)c1F)(c1c(Cl)c(Cl)c(Cl)c(Cl)c1Cl),Fc1c(F)c(F)c(B(CCN(c2ccccc2)c2ccccc2)c2c(Cl)c(Cl)c(Cl)c(Cl)c2Cl)c(F)c1F,True,0.43902439024390244
template_augmentation,intramolecular_N_B_alkyl,N,phenyl,phenyl,pentafluorophenyl,pentachlorophenyl,C3,N(c1ccccc1)(c1ccccc1)CCCB(c1c(F)c(F)c(F)c(F)c1F)(c1c(Cl)c(Cl)c(Cl)c(Cl)c1Cl),Fc1c(F)c(F)c(B(CCCN(c2ccccc2)c2ccccc2)c2c(Cl)c(Cl)c(Cl)c(Cl)c2Cl)c(F)c1F,True,0.45454545454545453
template_augmentation,intramolecular_N_B_alkyl,N,phenyl,phenyl,pentafluorophenyl,pentachlorophenyl,C4,N(c1ccccc1)(c1ccccc1)CCCCB(c1c(F)c(F)c(F)c(F)c1F)(c1c(Cl)c(Cl)c(Cl)c(Cl)c1Cl),Fc1c(F)c(F)c(B(CCCCN(c2ccccc2)c2ccccc2)c2c(Cl)c(Cl)c(Cl)c(Cl)c2Cl)c(F)c1F,True,0.4772727272727273
template_augmentation,intramolecular_N_B_alkyl,N,phenyl,phenyl,pentafluorophenyl,pentachlorophenyl,C5,N(c1ccccc1)(c1ccccc1)CCCCCB(c1c(F)c(F)c(F)c(F)c1F)(c1c(Cl)c(Cl)c(Cl)c(Cl)c1Cl),Fc1c(F)c(F)c(B(CCCCCN(c2ccccc2)c2ccccc2)c2c(Cl)c(Cl)c(Cl)c(Cl)c2Cl)c(F)c1F,True,0.4666666666666667
template_augmentation,intramolecular_N_B_alkyl,N,phenyl,phenyl,pentafluorophenyl,pentachlorophenyl,C6,N(c1ccccc1)(c1ccccc1)CCCCCCB(c1c(F)c(F)c(F)c(F)c1F)(c1c(Cl)c(Cl)c(Cl)c(Cl)c1Cl),Fc1c(F)c(F)c(B(CCCCCCN(c2ccccc2)c2ccccc2)c2c(Cl)c(Cl)c(Cl)c(Cl)c2Cl)c(F)c1F,True,0.4666666666666667
template_augmentation,intramolecular_N_B_alkyl,N,phenyl,phenyl,pentafluorophenyl,bis_cf3_phenyl,C1,N(c1ccccc1)(c1ccccc1)CB(c1c(F)c(F)c(F)c(F)c1F)(c1cc(C(F)(F)F)cc(C(F)(F)F)c1),Fc1c(F)c(F)c(B(CN(c2ccccc2)c2ccccc2)c2cc(C(F)(F)F)cc(C(F)(F)F)c2)c(F)c1F,True,0.37254901960784315
template_augmentation,intramolecular_N_B_alkyl,N,phenyl,phenyl,pentafluorophenyl,bis_cf3_phenyl,C2,N(c1ccccc1)(c1ccccc1)CCB(c1c(F)c(F)c(F)c(F)c1F)(c1cc(C(F)(F)F)cc(C(F)(F)F)c1),Fc1c(F)c(F)c(B(CCN(c2ccccc2)c2ccccc2)c2cc(C(F)(F)F)cc(C(F)(F)F)c2)c(F)c1F,True,0.3584905660377358
template_augmentation,intramolecular_N_B_alkyl,N,phenyl,phenyl,pentafluorophenyl,bis_cf3_phenyl,C3,N(c1ccccc1)(c1ccccc1)CCCB(c1c(F)c(F)c(F)c(F)c1F)(c1cc(C(F)(F)F)cc(C(F)(F)F)c1),Fc1c(F)c(F)c(B(CCCN(c2ccccc2)c2ccccc2)c2cc(C(F)(F)F)cc(C(F)(F)F)c2)c(F)c1F,True,0.37254901960784315
template_augmentation,intramolecular_N_B_alkyl,N,phenyl,phenyl,pentafluorophenyl,bis_cf3_phenyl,C4,N(c1ccccc1)(c1ccccc1)CCCCB(c1c(F)c(F)c(F)c(F)c1F)(c1cc(C(F)(F)F)cc(C(F)(F)F)c1),Fc1c(F)c(F)c(B(CCCCN(c2ccccc2)c2ccccc2)c2cc(C(F)(F)F)cc(C(F)(F)F)c2)c(F)c1F,True,0.39215686274509803
template_augmentation,intramolecular_N_B_alkyl,N,phenyl,phenyl,pentafluorophenyl,bis_cf3_phenyl,C5,N(c1ccccc1)(c1ccccc1)CCCCCB(c1c(F)c(F)c(F)c(F)c1F)(c1cc(C(F)(F)F)cc(C(F)(F)F)c1),Fc1c(F)c(F)c(B(CCCCCN(c2ccccc2)c2ccccc2)c2cc(C(F)(F)F)cc(C(F)(F)F)c2)c(F)c1F,True,0.38461538461538464
template_augmentation,intramolecular_N_B_alkyl,N,phenyl,phenyl,pentafluorophenyl,bis_cf3_phenyl,C6,N(c1ccccc1)(c1ccccc1)CCCCCCB(c1c(F)c(F)c(F)c(F)c1F)(c1cc(C(F)(F)F)cc(C(F)(F)F)c1),Fc1c(F)c(F)c(B(CCCCCCN(c2ccccc2)c2ccccc2)c2cc(C(F)(F)F)cc(C(F)(F)F)c2)c(F)c1F,True,0.38461538461538464
template_augmentation,intramolecular_N_B_alkyl,N,phenyl,phenyl,pentachlorophenyl,pentachlorophenyl,C1,N(c1ccccc1)(c1ccccc1)CB(c1c(Cl)c(Cl)c(Cl)c(Cl)c1Cl)(c1c(Cl)c(Cl)c(Cl)c(Cl)c1Cl),Clc1c(Cl)c(Cl)c(B(CN(c2ccccc2)c2ccccc2)c2c(Cl)c(Cl)c(Cl)c(Cl)c2Cl)c(Cl)c1Cl,True,0.4444444444444444
template_augmentation,intramolecular_N_B_alkyl,N,phenyl,phenyl,pentachlorophenyl,pentachlorophenyl,C2,N(c1ccccc1)(c1ccccc1)CCB(c1c(Cl)c(Cl)c(Cl)c(Cl)c1Cl)(c1c(Cl)c(Cl)c(Cl)c(Cl)c1Cl),Clc1c(Cl)c(Cl)c(B(CCN(c2ccccc2)c2ccccc2)c2c(Cl)c(Cl)c(Cl)c(Cl)c2Cl)c(Cl)c1Cl,True,0.4857142857142857
template_augmentation,intramolecular_N_B_alkyl,N,phenyl,phenyl,pentachlorophenyl,pentachlorophenyl,C3,N(c1ccccc1)(c1ccccc1)CCCB(c1c(Cl)c(Cl)c(Cl)c(Cl)c1Cl)(c1c(Cl)c(Cl)c(Cl)c(Cl)c1Cl),Clc1c(Cl)c(Cl)c(B(CCCN(c2ccccc2)c2ccccc2)c2c(Cl)c(Cl)c(Cl)c(Cl)c2Cl)c(Cl)c1Cl,True,0.5
template_augmentation,intramolecular_N_B_alkyl,N,phenyl,phenyl,pentachlorophenyl,pentachlorophenyl,C4,N(c1ccccc1)(c1ccccc1)CCCCB(c1c(Cl)c(Cl)c(Cl)c(Cl)c1Cl)(c1c(Cl)c(Cl)c(Cl)c(Cl)c1Cl),Clc1c(Cl)c(Cl)c(B(CCCCN(c2ccccc2)c2ccccc2)c2c(Cl)c(Cl)c(Cl)c(Cl)c2Cl)c(Cl)c1Cl,True,0.5263157894736842
template_augmentation,intramolecular_N_B_alkyl,N,phenyl,phenyl,pentachlorophenyl,pentachlorophenyl,C5,N(c1ccccc1)(c1ccccc1)CCCCCB(c1c(Cl)c(Cl)c(Cl)c(Cl)c1Cl)(c1c(Cl)c(Cl)c(Cl)c(Cl)c1Cl),Clc1c(Cl)c(Cl)c(B(CCCCCN(c2ccccc2)c2ccccc2)c2c(Cl)c(Cl)c(Cl)c(Cl)c2Cl)c(Cl)c1Cl,True,0.5128205128205128
template_augmentation,intramolecular_N_B_alkyl,N,phenyl,phenyl,pentachlorophenyl,pentachlorophenyl,C6,N(c1ccccc1)(c1ccccc1)CCCCCCB(c1c(Cl)c(Cl)c(Cl)c(Cl)c1Cl)(c1c(Cl)c(Cl)c(Cl)c(Cl)c1Cl),Clc1c(Cl)c(Cl)c(B(CCCCCCN(c2ccccc2)c2ccccc2)c2c(Cl)c(Cl)c(Cl)c(Cl)c2Cl)c(Cl)c1Cl,True,0.5128205128205128
template_augmentation,intramolecular_N_B_alkyl,N,phenyl,phenyl,pentachlorophenyl,bis_cf3_phenyl,C1,N(c1ccccc1)(c1ccccc1)CB(c1c(Cl)c(Cl)c(Cl)c(Cl)c1Cl)(c1cc(C(F)(F)F)cc(C(F)(F)F)c1),FC(F)(F)c1cc(B(CN(c2ccccc2)c2ccccc2)c2c(Cl)c(Cl)c(Cl)c(Cl)c2Cl)cc(C(F)(F)F)c1,True,0.3695652173913043
template_augmentation,intramolecular_N_B_alkyl,N,phenyl,phenyl,pentachlorophenyl,bis_cf3_phenyl,C2,N(c1ccccc1)(c1ccccc1)CCB(c1c(Cl)c(Cl)c(Cl)c(Cl)c1Cl)(c1cc(C(F)(F)F)cc(C(F)(F)F)c1),FC(F)(F)c1cc(B(CCN(c2ccccc2)c2ccccc2)c2c(Cl)c(Cl)c(Cl)c(Cl)c2Cl)cc(C(F)(F)F)c1,True,0.3541666666666667
template_augmentation,intramolecular_N_B_alkyl,N,phenyl,phenyl,pentachlorophenyl,bis_cf3_phenyl,C3,N(c1ccccc1)(c1ccccc1)CCCB(c1c(Cl)c(Cl)c(Cl)c(Cl)c1Cl)(c1cc(C(F)(F)F)cc(C(F)(F)F)c1),FC(F)(F)c1cc(B(CCCN(c2ccccc2)c2ccccc2)c2c(Cl)c(Cl)c(Cl)c(Cl)c2Cl)cc(C(F)(F)F)c1,True,0.35294117647058826
template_augmentation,intramolecular_N_B_alkyl,N,phenyl,phenyl,pentachlorophenyl,bis_cf3_phenyl,C4,N(c1ccccc1)(c1ccccc1)CCCCB(c1c(Cl)c(Cl)c(Cl)c(Cl)c1Cl)(c1cc(C(F)(F)F)cc(C(F)(F)F)c1),FC(F)(F)c1cc(B(CCCCN(c2ccccc2)c2ccccc2)c2c(Cl)c(Cl)c(Cl)c(Cl)c2Cl)cc(C(F)(F)F)c1,True,0.37254901960784315
template_augmentation,intramolecular_N_B_alkyl,N,phenyl,phenyl,pentachlorophenyl,bis_cf3_phenyl,C5,N(c1ccccc1)(c1ccccc1)CCCCCB(c1c(Cl)c(Cl)c(Cl)c(Cl)c1Cl)(c1cc(C(F)(F)F)cc(C(F)(F)F)c1),FC(F)(F)c1cc(B(CCCCCN(c2ccccc2)c2ccccc2)c2c(Cl)c(Cl)c(Cl)c(Cl)c2Cl)cc(C(F)(F)F)c1,True,0.36538461538461536
template_augmentation,intramolecular_N_B_alkyl,N,phenyl,phenyl,pentachlorophenyl,bis_cf3_phenyl,C6,N(c1ccccc1)(c1ccccc1)CCCCCCB(c1c(Cl)c(Cl)c(Cl)c(Cl)c1Cl)(c1cc(C(F)(F)F)cc(C(F)(F)F)c1),FC(F)(F)c1cc(B(CCCCCCN(c2ccccc2)c2ccccc2)c2c(Cl)c(Cl)c(Cl)c(Cl)c2Cl)cc(C(F)(F)F)c1,True,0.36538461538461536
template_augmentation,intramolecular_N_B_alkyl,N,phenyl,phenyl,bis_cf3_phenyl,bis_cf3_phenyl,C1,N(c1ccccc1)(c1ccccc1)CB(c1cc(C(F)(F)F)cc(C(F)(F)F)c1)(c1cc(C(F)(F)F)cc(C(F)(F)F)c1),FC(F)(F)c1cc(B(CN(c2ccccc2)c2ccccc2)c2cc(C(F)(F)F)cc(C(F)(F)F)c2)cc(C(F)(F)F)c1,True,0.425
template_augmentation,intramolecular_N_B_alkyl,N,phenyl,phenyl,bis_cf3_phenyl,bis_cf3_phenyl,C2,N(c1ccccc1)(c1ccccc1)CCB(c1cc(C(F)(F)F)cc(C(F)(F)F)c1)(c1cc(C(F)(F)F)cc(C(F)(F)F)c1),FC(F)(F)c1cc(B(CCN(c2ccccc2)c2ccccc2)c2cc(C(F)(F)F)cc(C(F)(F)F)c2)cc(C(F)(F)F)c1,True,0.40476190476190477
template_augmentation,intramolecular_N_B_alkyl,N,phenyl,phenyl,bis_cf3_phenyl,bis_cf3_phenyl,C3,N(c1ccccc1)(c1ccccc1)CCCB(c1cc(C(F)(F)F)cc(C(F)(F)F)c1)(c1cc(C(F)(F)F)cc(C(F)(F)F)c1),FC(F)(F)c1cc(B(CCCN(c2ccccc2)c2ccccc2)c2cc(C(F)(F)F)cc(C(F)(F)F)c2)cc(C(F)(F)F)c1,True,0.38636363636363635
template_augmentation,intramolecular_N_B_alkyl,N,phenyl,phenyl,bis_cf3_phenyl,bis_cf3_phenyl,C4,N(c1ccccc1)(c1ccccc1)CCCCB(c1cc(C(F)(F)F)cc(C(F)(F)F)c1)(c1cc(C(F)(F)F)cc(C(F)(F)F)c1),FC(F)(F)c1cc(B(CCCCN(c2ccccc2)c2ccccc2)c2cc(C(F)(F)F)cc(C(F)(F)F)c2)cc(C(F)(F)F)c1,True,0.37777777777777777
template_augmentation,intramolecular_N_B_alkyl,N,phenyl,phenyl,bis_cf3_phenyl,bis_cf3_phenyl,C5,N(c1ccccc1)(c1ccccc1)CCCCCB(c1cc(C(F)(F)F)cc(C(F)(F)F)c1)(c1cc(C(F)(F)F)cc(C(F)(F)F)c1),FC(F)(F)c1cc(B(CCCCCN(c2ccccc2)c2ccccc2)c2cc(C(F)(F)F)cc(C(F)(F)F)c2)cc(C(F)(F)F)c1,True,0.3695652173913043
template_augmentation,intramolecular_N_B_alkyl,N,phenyl,phenyl,bis_cf3_phenyl,bis_cf3_phenyl,C6,N(c1ccccc1)(c1ccccc1)CCCCCCB(c1cc(C(F)(F)F)cc(C(F)(F)F)c1)(c1cc(C(F)(F)F)cc(C(F)(F)F)c1),FC(F)(F)c1cc(B(CCCCCCN(c2ccccc2)c2ccccc2)c2cc(C(F)(F)F)cc(C(F)(F)F)c2)cc(C(F)(F)F)c1,True,0.3695652173913043
