raw_smiles,is_valid,canonical_smiles,isomeric_smiles,failure_reasons,is_unique_valid,generation_count,snn_to_train,novel_vs_train,novel_vs_all_seed,novel_vs_templates,novel_vs_all_reference,stereo_novel_vs_train,stereo_novel_vs_all_reference,chemically_sane,sanity_reasons,formal_charge,heavy_atoms,is_neutral,is_single_component,has_LA,has_LB,LA_types,LB_types,excluded_LB_types,negative_flags,flp_tier,min_LA_LB_bonds,no_negative_flags,is_strict_flp_like,is_novel_flp_like,is_final_candidate
Cc1cc(C)cc(C)cc2C)c(Cl)c(Cl)c(C)c1c(Cl)c(Cl)c(Cl)c1Cl)c(Cl)c(Cl)c(Cl)c(Cl)c(Cl)c(Cl)c(Cl)c(C2N(Cc3cc(C)cc(C)cc1)B(c2c(B(c4c(Cl)c(Cl)c(Cl)c2cccc4)c4c(F)c(F)c(F)c(F)c1cccc,False,,,"['reached_max_length', 'unbalanced_parentheses', 'unmatched_ring_closure', 'parse_failure']",False,0,,True,True,True,True,True,True,False,['invalid_smiles'],,,False,False,False,False,[],[],[],[],invalid,,True,False,False,False
Cc1cc(C)c(P(c3c(F)c3cccccc2N(Cc3cc(C)cc2C(C)(C)cc2C)c2c(F)c(F)c1c(F)c(F)c(F)c2F)C2C3CCC(B(c2c(C)c2c(F)c2F)c(F)c(F)c2F)P(c2c(F)c(F)c(F)c(F)c(F)c3)cc1Cl)c(Cl)c(Cl)c(Cl)c(C,False,,,"['reached_max_length', 'unbalanced_parentheses', 'unmatched_ring_closure', 'parse_failure']",False,0,,True,True,True,True,True,True,False,['invalid_smiles'],,,False,False,False,False,[],[],[],[],invalid,,True,False,False,False
CC1(C)c1,False,,,['parse_failure'],False,0,,True,True,True,True,True,True,False,['invalid_smiles'],,,False,False,False,False,[],[],[],[],invalid,,True,False,False,False
CC(C)(C)P(c1c(Cl)c(Cl)c(Cl)c1Cl)c1Cl,False,,,"['unmatched_ring_closure', 'parse_failure']",False,0,,True,True,True,True,True,True,False,['invalid_smiles'],,,False,False,False,False,[],[],[],[],invalid,,True,False,False,False
Cc1cccc2N(Cc3ccccc3c2-c2c-3cccc1C,False,,,"['unbalanced_parentheses', 'unmatched_ring_closure', 'parse_failure']",False,0,,True,True,True,True,True,True,False,['invalid_smiles'],,,False,False,False,False,[],[],[],[],invalid,,True,False,False,False
Cc1cc(N(C)C,False,,,"['unbalanced_parentheses', 'unmatched_ring_closure', 'parse_failure']",False,0,,True,True,True,True,True,True,False,['invalid_smiles'],,,False,False,False,False,[],[],[],[],invalid,,True,False,False,False
Cc1cccc(C)c1,True,Cc1cccc(C)c1,Cc1cccc(C)c1,[],True,1,0.2631578947368421,True,True,True,True,True,True,False,['too_small'],0.0,8.0,True,True,False,False,[],[],[],[],no_LA_LB,,True,False,False,False
Clc1c(Cl)c(Cl)c(Cl)c2Cl)c2Cl)c(Cl)c(Cl)c1Cl)=C(c1cc(C)cc2C)c(N(c2c(Cl)c2c(Cl)c2Cl)c(Cl)c(Cl)c(Cl)c(Cl)c(Cl)c(Cl)c(Cl)c(Cl)c2Cl)c(Cl)c1Cl,False,,,"['unbalanced_parentheses', 'unmatched_ring_closure', 'parse_failure']",False,0,,True,True,True,True,True,True,False,['invalid_smiles'],,,False,False,False,False,[],[],[],[],invalid,,True,False,False,False
Cc1cc(C)cc2C)c(-c2ccccc(C)c(P(c2ccccn2)c2ccccc12,False,,,"['unbalanced_parentheses', 'parse_failure']",False,0,,True,True,True,True,True,True,False,['invalid_smiles'],,,False,False,False,False,[],[],[],[],invalid,,True,False,False,False
Cc1cc(C(C)(C)B(c2c(Cl)c(C)cc1,False,,,"['unbalanced_parentheses', 'unmatched_ring_closure', 'parse_failure']",False,0,,True,True,True,True,True,True,False,['invalid_smiles'],,,False,False,False,False,[],[],[],[],invalid,,True,False,False,False
Cc1cc(C)c(P(c2cccc3O2)c2c(C)c(P(c3c(F)c(F)c(F)c(F)c(F)c(Cl)c3c(F)c(F)c(F)c(F)c(F)c(F)c2c(C)c1,False,,,"['unbalanced_parentheses', 'unmatched_ring_closure', 'parse_failure']",False,0,,True,True,True,True,True,True,False,['invalid_smiles'],,,False,False,False,False,[],[],[],[],invalid,,True,False,False,False
CC(C)(C)C,True,CC(C)(C)C,CC(C)(C)C,[],True,8,0.15,True,True,True,True,True,True,False,['too_small'],0.0,5.0,True,True,False,False,[],[],[],[],no_LA_LB,,True,False,False,False
CC1(C)CB(c2c(F)c1F)c1F)c1F)c1F,False,,,"['unbalanced_parentheses', 'unmatched_ring_closure', 'parse_failure']",False,0,,True,True,True,True,True,True,False,['invalid_smiles'],,,False,False,False,False,[],[],[],[],invalid,,True,False,False,False
CC(=CCB(c1cccc(P(c3c(Cl)c(Cl)c3Cl)C2CCCC2P(c2c(F)c(F)c(F)c(F)c1)C2B(c2c(F)c3F)C(c3c(Cl)c(Cl)c(Cl)c(Cl)c(Cl)c(Cl)c(Cl)c1Cl,False,,,"['unbalanced_parentheses', 'unmatched_ring_closure', 'parse_failure']",False,0,,True,True,True,True,True,True,False,['invalid_smiles'],,,False,False,False,False,[],[],[],[],invalid,,True,False,False,False
CC1(C)CCCCC2)C2CC(P(c2c(C)cc(C)cc(B(c2cccc2)c2c(Cl)c(C)cc3C)c3c(Cl)c(Cl)c(Cl)c(Cl)c2Cl)c(C)cc(C)c1,False,,,"['unmatched_ring_closure', 'parse_failure']",False,0,,True,True,True,True,True,True,False,['invalid_smiles'],,,False,False,False,False,[],[],[],[],invalid,,True,False,False,False
CC(CB(c2c(F)c(F)c1F,False,,,"['unbalanced_parentheses', 'unmatched_ring_closure', 'parse_failure']",False,0,,True,True,True,True,True,True,False,['invalid_smiles'],,,False,False,False,False,[],[],[],[],invalid,,True,False,False,False
Cc1cccc(-c2c-3cccc2B(c1c(Cl)c(Cl)c(Cl)c(Cl)c(Cl)c(Cl)c(Cl)c(Cl)c(Cl)c3cccc1P(c1c(Cl)c(Cl)c(Cl)c(Cl)c(Cl)c2Cl)c(Cl)c2c(Cl)c2ccccccccc2B(c2c(F)c(F)c(F)c(F)c(F)c(F)c(F)c(F),False,,,"['reached_max_length', 'unbalanced_parentheses', 'unmatched_ring_closure', 'parse_failure']",False,0,,True,True,True,True,True,True,False,['invalid_smiles'],,,False,False,False,False,[],[],[],[],invalid,,True,False,False,False
CC(C)(C)CB(c2c(P(c2c(Cl)c(Cl)c(Cl)c(Cl)c(Cl)c(Cl)c(Cl)c(Cl)c2Cl)c2Cl)c2Cl)c(F)c(F)c2F)n1,False,,,"['unbalanced_parentheses', 'unmatched_ring_closure', 'parse_failure']",False,0,,True,True,True,True,True,True,False,['invalid_smiles'],,,False,False,False,False,[],[],[],[],invalid,,True,False,False,False
CCC1,False,,,"['unmatched_ring_closure', 'parse_failure']",False,0,,True,True,True,True,True,True,False,['invalid_smiles'],,,False,False,False,False,[],[],[],[],invalid,,True,False,False,False
c1cccc2)c2cccc1,False,,,"['unbalanced_parentheses', 'parse_failure']",False,0,,True,True,True,True,True,True,False,['invalid_smiles'],,,False,False,False,False,[],[],[],[],invalid,,True,False,False,False
CC(C)(C)C)c(P(CCB(c1c(C)c(P(c2c(Cl)c(C)cc2C)c2ccccccc(C)c2Cl)n1,False,,,"['unbalanced_parentheses', 'parse_failure']",False,0,,True,True,True,True,True,True,False,['invalid_smiles'],,,False,False,False,False,[],[],[],[],invalid,,True,False,False,False
Cc1ccc(P(c4c(Cl)c1cccccc2)c2cc(C)cc2C)c2c(F)c(F)c(F)c1F,False,,,"['unmatched_ring_closure', 'parse_failure']",False,0,,True,True,True,True,True,True,False,['invalid_smiles'],,,False,False,False,False,[],[],[],[],invalid,,True,False,False,False
Cc1ccc(B(c3c(F)c(F)c(F)c(F)c(F)c2F)c2ccccc(C)cc2C)c(P(c2cccc1,False,,,"['unbalanced_parentheses', 'unmatched_ring_closure', 'parse_failure']",False,0,,True,True,True,True,True,True,False,['invalid_smiles'],,,False,False,False,False,[],[],[],[],invalid,,True,False,False,False
Cc1cc(C)cc(C)cc(C(=CC(C)(C)N1c1cc(C)c1,False,,,"['unbalanced_parentheses', 'parse_failure']",False,0,,True,True,True,True,True,True,False,['invalid_smiles'],,,False,False,False,False,[],[],[],[],invalid,,True,False,False,False
Cc1cc(C)cc(C)c(Cl)c(C)cc(C)c(C)cc2C)c2Cl)c1Cl)c(Cl)c(Cl)c(Cl)c(Cl)c1Cl,False,,,"['unbalanced_parentheses', 'unmatched_ring_closure', 'parse_failure']",False,0,,True,True,True,True,True,True,False,['invalid_smiles'],,,False,False,False,False,[],[],[],[],invalid,,True,False,False,False
COB(OC)c1,False,,,"['unmatched_ring_closure', 'parse_failure']",False,0,,True,True,True,True,True,True,False,['invalid_smiles'],,,False,False,False,False,[],[],[],[],invalid,,True,False,False,False
Cc1cccc(P(c2c(C)cc2C)c2c(F)c(F)c(F)c2F)c(F)c2F)c(F)c1c(F)c(F)c(B(c4cccc3)C[B-]2(c3c(C)c1c(F)c1cc(C)cc(C)cc2C)c2c(F)c(F)c2F)c2F)c2ccccccc3)c3c2Oc2c(F)c(F)c(F)c(F)c1F,False,,,"['unbalanced_parentheses', 'unmatched_ring_closure', 'parse_failure']",False,0,,True,True,True,True,True,True,False,['invalid_smiles'],,,False,False,False,False,[],[],[],[],invalid,,True,False,False,False
Cc1ccc(B(c3c(Cl)c(Cl)c(C(F)(F)F)cc(C)cc(C)cc(C)cc2C)c(B(c3c(Cl)c2Cl)P(c2cc(-c3cc(C)cc1)c1c(F)c(F)c2F)c2c(Cl)c(C)cc2C(C)P(CB(c2c(Cl)c(Cl)c(Cl)c1c(Cl)c(Cl)c2Cl)c(Cl)c(Cl)c,False,,,"['reached_max_length', 'unbalanced_parentheses', 'unmatched_ring_closure', 'parse_failure']",False,0,,True,True,True,True,True,True,False,['invalid_smiles'],,,False,False,False,False,[],[],[],[],invalid,,True,False,False,False
CCN(CC)C(C)(C)C,True,CCN(CC)C(C)(C)C,CCN(CC)C(C)(C)C,[],True,2,0.13513513513513514,True,True,True,True,True,True,False,['too_small'],0.0,9.0,True,True,False,True,[],['LB_amine'],[],[],LB_only,,True,False,False,False
CC1(C)cc2C)c(Cl)c2c(F)c(F)c(F)c1F)c1F)c1F)c1F,False,,,"['unbalanced_parentheses', 'unmatched_ring_closure', 'parse_failure']",False,0,,True,True,True,True,True,True,False,['invalid_smiles'],,,False,False,False,False,[],[],[],[],invalid,,True,False,False,False
Cc1cccc1B(c1ccccc2)cc1C)c1,False,,,"['unbalanced_parentheses', 'unmatched_ring_closure', 'parse_failure']",False,0,,True,True,True,True,True,True,False,['invalid_smiles'],,,False,False,False,False,[],[],[],[],invalid,,True,False,False,False
CC1B(c1c(F)c(F)c(F)c(F)c2c(Cl)c2Cl)C2(c2cccccc1P(c1cc(C(C)(C)cc(C)c1,False,,,"['unbalanced_parentheses', 'unmatched_ring_closure', 'parse_failure']",False,0,,True,True,True,True,True,True,False,['invalid_smiles'],,,False,False,False,False,[],[],[],[],invalid,,True,False,False,False
Cc1cccc1)C(C)(C)B(c1c(C)c1,False,,,['parse_failure'],False,0,,True,True,True,True,True,True,False,['invalid_smiles'],,,False,False,False,False,[],[],[],[],invalid,,True,False,False,False
Cc1cccc3c2-c2c-3ccccccc2)c2c(Cl)c(C)cc(C)c(B(c2cccc3c2oc2c(C)cc2C)cc2C)c(Cl)c(Cl)c(Cl)c1Cl,False,,,"['unbalanced_parentheses', 'unmatched_ring_closure', 'parse_failure']",False,0,,True,True,True,True,True,True,False,['invalid_smiles'],,,False,False,False,False,[],[],[],[],invalid,,True,False,False,False
CC1(C)cc2C)c2c(F)c2F)c2F)c(F)c3F)C2CCCCC1)C2B(c2c(F)c3c(F)c(F)c(F)c(F)c(B(C3CCCC1C(c1cc(C)cc(C)cc2C)c2c(C)c1,False,,,"['unbalanced_parentheses', 'unmatched_ring_closure', 'parse_failure']",False,0,,True,True,True,True,True,True,False,['invalid_smiles'],,,False,False,False,False,[],[],[],[],invalid,,True,False,False,False
CCC1C(c1cc(C)cc(C)cc1C,False,,,"['unbalanced_parentheses', 'unmatched_ring_closure', 'parse_failure']",False,0,,True,True,True,True,True,True,False,['invalid_smiles'],,,False,False,False,False,[],[],[],[],invalid,,True,False,False,False
c1cc1c(Cl)c(Cl)c(B(c2c(B(c3c(C)cc1C)c1,False,,,"['unbalanced_parentheses', 'unmatched_ring_closure', 'parse_failure']",False,0,,True,True,True,True,True,True,False,['invalid_smiles'],,,False,False,False,False,[],[],[],[],invalid,,True,False,False,False
CC(B(c2cccc1,False,,,"['unbalanced_parentheses', 'unmatched_ring_closure', 'parse_failure']",False,0,,True,True,True,True,True,True,False,['invalid_smiles'],,,False,False,False,False,[],[],[],[],invalid,,True,False,False,False
CC(C)C=C(B(c2cccc(C)c3cc(C)cc(C)c1,False,,,"['unbalanced_parentheses', 'unmatched_ring_closure', 'parse_failure']",False,0,,True,True,True,True,True,True,False,['invalid_smiles'],,,False,False,False,False,[],[],[],[],invalid,,True,False,False,False
Cc1cc(C)cc1)C2B(c2ccccc1)c1cccc1P(c1ccccc2)c2c(C)cc(C)c1c(C)cc2C)c(B(c1c(B(c1ccc(c34)P2c2cccc2N3Cc2cccc(B(c2c(Cl)c(Cl)c(Cl)c(Cl)c(C)cc(C)cc(C)c(B(c1c(Cl)c(Cl)c2Cl)c(Cl)c,False,,,"['reached_max_length', 'unbalanced_parentheses', 'unmatched_ring_closure', 'parse_failure']",False,0,,True,True,True,True,True,True,False,['invalid_smiles'],,,False,False,False,False,[],[],[],[],invalid,,True,False,False,False
CN1c2c(C)cc(C)c(P(c3c(Cl)c2Cl)c(Cl)c(Cl)c2C)c(Cl)c(C23CC(C)C,False,,,"['unbalanced_parentheses', 'unmatched_ring_closure', 'parse_failure']",False,0,,True,True,True,True,True,True,False,['invalid_smiles'],,,False,False,False,False,[],[],[],[],invalid,,True,False,False,False
Clc1c(C)c(C)c(P(CCB(c1c(Cl)c(Cl)c1c(F)c(F)c2F)c2F)c2F)n1,False,,,"['unmatched_ring_closure', 'parse_failure']",False,0,,True,True,True,True,True,True,False,['invalid_smiles'],,,False,False,False,False,[],[],[],[],invalid,,True,False,False,False
Cc1cc(C)cc(CB(c1c(F)c(F)c(F)c(F)c(F)c(F)c2F)c2cccccc2P(c2cccc2)c2ccccc1)c1ccc(B(Cc2cc(C)cc(C)cc(C)cc(C)c1,False,,,"['unbalanced_parentheses', 'unmatched_ring_closure', 'parse_failure']",False,0,,True,True,True,True,True,True,False,['invalid_smiles'],,,False,False,False,False,[],[],[],[],invalid,,True,False,False,False
Fc1c(Cl)c2Cl)c(Cl)c(C)cc(C(F)(F)F)c1F,False,,,"['unbalanced_parentheses', 'unmatched_ring_closure', 'parse_failure']",False,0,,True,True,True,True,True,True,False,['invalid_smiles'],,,False,False,False,False,[],[],[],[],invalid,,True,False,False,False
Cc1cc(C)cc(C)cc(C)c2c(C)c(PC(=CCB(c2c(C)c([P+]2(c2cccc(C)cc2C)c(Cl)c(Cl)c2Cl)c(Cl)c2Cl)c1c(F)c(F)c(F)c1F)c1F,False,,,"['unbalanced_parentheses', 'unmatched_ring_closure', 'parse_failure']",False,0,,True,True,True,True,True,True,False,['invalid_smiles'],,,False,False,False,False,[],[],[],[],invalid,,True,False,False,False
Cc1cccc1N(C)C,False,,,"['kekulization_failure', 'sanitization_failure']",False,0,,True,True,True,True,True,True,False,['invalid_smiles'],,,False,False,False,False,[],[],[],[],invalid,,True,False,False,False
Cc1cc(C)cc2C)C2CCCC(C)(C)C2CC(P(c3c(F)c(F)c(F)c(F)c(F)c2F)c(F)c(F)c(F)c2F)c2F)c(F)c1F)c1F)CP(c1c(F)c(F)c(F)c(F)c(F)c(F)c(F)c2ccccccc3cccc1)c1c(Cl)c(Cl)c(Cl)c2Cl)c2Cl)c1c,False,,,"['reached_max_length', 'unbalanced_parentheses', 'unmatched_ring_closure', 'parse_failure']",False,0,,True,True,True,True,True,True,False,['invalid_smiles'],,,False,False,False,False,[],[],[],[],invalid,,True,False,False,False
Cc1cc(C)c1c(C)cc2C)c(-c3ccccc2)c2cccccc2B(c1c(Cl)c(C)cc(C)c1,False,,,"['unmatched_ring_closure', 'parse_failure']",False,0,,True,True,True,True,True,True,False,['invalid_smiles'],,,False,False,False,False,[],[],[],[],invalid,,True,False,False,False
Cc1cc(C)c2cccc5)c5cccc3)c3c(F)c(F)c3F)cccc1)C2B(c2c(Cl)c2c(Cl)c(Cl)c(Cl)c1Cl)c(Cl)c(Cl)c3Cl)c(Cl)c2c(C)c1,False,,,"['unbalanced_parentheses', 'unmatched_ring_closure', 'parse_failure']",False,0,,True,True,True,True,True,True,False,['invalid_smiles'],,,False,False,False,False,[],[],[],[],invalid,,True,False,False,False
Cc1cc(C)c1cccc2)c2c(C)c3c(F)c(F)c(F)c(F)c2cccc2C)c(Cl)c(Cl)c1Cl,False,,,"['unbalanced_parentheses', 'unmatched_ring_closure', 'parse_failure']",False,0,,True,True,True,True,True,True,False,['invalid_smiles'],,,False,False,False,False,[],[],[],[],invalid,,True,False,False,False
Cc1cc(C)cc2C)c(Cl)c(Cl)c(Cl)c1Cl)c(Cl)c(Cl)c(C)cc(C)c1,False,,,"['unbalanced_parentheses', 'unmatched_ring_closure', 'parse_failure']",False,0,,True,True,True,True,True,True,False,['invalid_smiles'],,,False,False,False,False,[],[],[],[],invalid,,True,False,False,False
Cc1ccc(C)cc1C,True,Cc1ccc(C)c(C)c1,Cc1ccc(C)c(C)c1,[],True,1,0.28205128205128205,True,True,True,True,True,True,False,['too_small'],0.0,9.0,True,True,False,False,[],[],[],[],no_LA_LB,,True,False,False,False
CC(C3)C2B(c2cccc2)c2cccc3c2-c2cccc3)cc1)C2B(c2c(F)c1c(Cl)c(Cl)c1cc(C)cc3C)C(c1cc(C)c1,False,,,"['unbalanced_parentheses', 'unmatched_ring_closure', 'parse_failure']",False,0,,True,True,True,True,True,True,False,['invalid_smiles'],,,False,False,False,False,[],[],[],[],invalid,,True,False,False,False
Cc1cc(C)c(Cl)c1Cl,False,,,"['kekulization_failure', 'sanitization_failure']",False,0,,True,True,True,True,True,True,False,['invalid_smiles'],,,False,False,False,False,[],[],[],[],invalid,,True,False,False,False
CC(B(c2c(F)c(F)c1F,False,,,"['unbalanced_parentheses', 'unmatched_ring_closure', 'parse_failure']",False,0,,True,True,True,True,True,True,False,['invalid_smiles'],,,False,False,False,False,[],[],[],[],invalid,,True,False,False,False
Cc1cc(C)c(Cl)c1c(F)c(F)c(F)c(F)c2c(C)c(Cl)c2c(C)cc(C)cc(C)c1,False,,,"['unmatched_ring_closure', 'parse_failure']",False,0,,True,True,True,True,True,True,False,['invalid_smiles'],,,False,False,False,False,[],[],[],[],invalid,,True,False,False,False
CC1C(c1c(F)c2F)c(F)c(F)c1F,False,,,"['unmatched_ring_closure', 'parse_failure']",False,0,,True,True,True,True,True,True,False,['invalid_smiles'],,,False,False,False,False,[],[],[],[],invalid,,True,False,False,False
Fc1c(Cl)c(Cl)c(C)c1,False,,,"['kekulization_failure', 'sanitization_failure']",False,0,,True,True,True,True,True,True,False,['invalid_smiles'],,,False,False,False,False,[],[],[],[],invalid,,True,False,False,False
Cc1cc(C)cc(C)cc(C)cccc2c1-c1c(Cl)c(Cl)c(Cl)c(Cl)c(Cl)c(Cl)c3Cl)c2Cl)c1Cl)c(Cl)c(Cl)c2Cl)c(B(c2c(F)c(F)c(F)c(F)c(B(c1cccc2)c2c(Cl)c(Cl)c(C)cc(C)cc3C)C(B(c2c(F)c(F)c(F)c(F,False,,,"['reached_max_length', 'unbalanced_parentheses', 'unmatched_ring_closure', 'parse_failure']",False,0,,True,True,True,True,True,True,False,['invalid_smiles'],,,False,False,False,False,[],[],[],[],invalid,,True,False,False,False
CC(C)C)c2c(B(c3c(Cl)c(Cl)c(Cl)c(Cl)c(B(CC(C)(C)P(c1c(C)cc2C)c2c(F)c(F)c(Cl)c2Cl)c(Cl)c(Cl)c2Cl)c1cccccc3)C3CCC(C)(C)CCCC(CC)CCCCC1,False,,,"['unmatched_ring_closure', 'parse_failure']",False,0,,True,True,True,True,True,True,False,['invalid_smiles'],,,False,False,False,False,[],[],[],[],invalid,,True,False,False,False
c1cccc1N1C(C)(C)C)cc(C)cc2C)c(C(F)(F)F)ccccc32)c(F)c1F,False,,,"['unbalanced_parentheses', 'unmatched_ring_closure', 'parse_failure']",False,0,,True,True,True,True,True,True,False,['invalid_smiles'],,,False,False,False,False,[],[],[],[],invalid,,True,False,False,False
Clc1c(Cl)c1Cl)c(Cl)c(Cl)c2c(Cl)c(Cl)c2Cl)c1Cl)c(Cl)c3c(Cl)c(Cl)c(Cl)c2c(C)cc(B(C3CCC(B(c2c(F)c(F)c(F)c2F)c2cccc3C)c2c(C)c1,False,,,"['unbalanced_parentheses', 'unmatched_ring_closure', 'parse_failure']",False,0,,True,True,True,True,True,True,False,['invalid_smiles'],,,False,False,False,False,[],[],[],[],invalid,,True,False,False,False
Cc1cccc2P(c2c(F)c1F,False,,,"['unbalanced_parentheses', 'parse_failure']",False,0,,True,True,True,True,True,True,False,['invalid_smiles'],,,False,False,False,False,[],[],[],[],invalid,,True,False,False,False
CCC1)C1CCC2N2CCCCCC1)C2B(c2c(Cl)c2Cl)c1Cl,False,,,"['unbalanced_parentheses', 'unmatched_ring_closure', 'parse_failure']",False,0,,True,True,True,True,True,True,False,['invalid_smiles'],,,False,False,False,False,[],[],[],[],invalid,,True,False,False,False
Cc1cccc(B(CC(c2c(Cl)c(Cl)c2c(C)c1,False,,,"['unbalanced_parentheses', 'parse_failure']",False,0,,True,True,True,True,True,True,False,['invalid_smiles'],,,False,False,False,False,[],[],[],[],invalid,,True,False,False,False
Cc1cc(C)cc(C)cc1C,False,,,"['kekulization_failure', 'sanitization_failure']",False,0,,True,True,True,True,True,True,False,['invalid_smiles'],,,False,False,False,False,[],[],[],[],invalid,,True,False,False,False
CC(C)(C)cc2C)cc1C,False,,,"['unbalanced_parentheses', 'unmatched_ring_closure', 'parse_failure']",False,0,,True,True,True,True,True,True,False,['invalid_smiles'],,,False,False,False,False,[],[],[],[],invalid,,True,False,False,False
CCN(C)cc3C)=C3CCCCB(c2c(F)c(F)c(F)c(F)c(F)c2F)C2CCCCCCCCC(C)C=C2B(c2ccccc2)CCCC1,False,,,"['unbalanced_parentheses', 'unmatched_ring_closure', 'parse_failure']",False,0,,True,True,True,True,True,True,False,['invalid_smiles'],,,False,False,False,False,[],[],[],[],invalid,,True,False,False,False
CC(C)COCC(C)(C)CC(c2c(B(c3c(Cl)c(Cl)c3Cl)c(Cl)c(Cl)c2ccccc23)cccc1,False,,,"['unbalanced_parentheses', 'unmatched_ring_closure', 'parse_failure']",False,0,,True,True,True,True,True,True,False,['invalid_smiles'],,,False,False,False,False,[],[],[],[],invalid,,True,False,False,False
CC=C(CP(c2cccc2)c2c(Cl)c(C)cc(C(C)(C)C,False,,,"['unbalanced_parentheses', 'unmatched_ring_closure', 'parse_failure']",False,0,,True,True,True,True,True,True,False,['invalid_smiles'],,,False,False,False,False,[],[],[],[],invalid,,True,False,False,False
CC(C)(C)P(c2c(F)c1F)c1F,False,,,"['unmatched_ring_closure', 'parse_failure']",False,0,,True,True,True,True,True,True,False,['invalid_smiles'],,,False,False,False,False,[],[],[],[],invalid,,True,False,False,False
Cc1cccc(C)c(P(c2c(Cl)c(Cl)c(Cl)c(Cl)c(C)cc2C)c(Cl)c(Cl)c(Cl)c(Cl)c2Cl)c(Cl)c(C)c(Cl)c1Cl)c(Cl)c(Cl)c(F)c(F)c2F)cc(C)cc2C)c(C2N(Cc3cccc(OB(c2c(Cl)c1Cl)P(c1ccc(C)c1,False,,,"['unbalanced_parentheses', 'unmatched_ring_closure', 'parse_failure']",False,0,,True,True,True,True,True,True,False,['invalid_smiles'],,,False,False,False,False,[],[],[],[],invalid,,True,False,False,False
CC(CB(c2c(F)c(F)c3F)cccc1P(c1c(F)c(Cl)c2Cl)c2Cl)C2C)C(B(c1c(Cl)c(Cl)c1Cl)c1Cl,False,,,"['unmatched_ring_closure', 'parse_failure']",False,0,,True,True,True,True,True,True,False,['invalid_smiles'],,,False,False,False,False,[],[],[],[],invalid,,True,False,False,False
CC1B(c1c(Cl)c(C2C[B-](c3c(F)c2c(Cl)c(Cl)c(Cl)c(Cl)c(Cl)c(Cl)c(Cl)c(Cl)c(B(C3CCCCC2(C)C[B-]2(c2c(Cl)c1Cl,False,,,"['unbalanced_parentheses', 'unmatched_ring_closure', 'parse_failure']",False,0,,True,True,True,True,True,True,False,['invalid_smiles'],,,False,False,False,False,[],[],[],[],invalid,,True,False,False,False
Cc1ccc(P(c2c(Cl)c(Cl)c(Cl)c(Cl)c2cc(C)c1,False,,,"['unbalanced_parentheses', 'parse_failure']",False,0,,True,True,True,True,True,True,False,['invalid_smiles'],,,False,False,False,False,[],[],[],[],invalid,,True,False,False,False
CC(B(c3c(Cl)c(Cl)c(Cl)c(Cl)c(Cl)c(Cl)c(Cl)c(Cl)c(Cl)c(Cl)c(Cl)c(C)cc(C)c([P+]2(c2c(F)c(F)c(F)c3F)c(F)c(F)c(F)c(F)c(F)c(F)c(F)c(F)c3F)CC(c2c(Cl)c2Cl)c2Cl)c(Cl)c2cc(C)cc1C,False,,,"['reached_max_length', 'unbalanced_parentheses', 'unmatched_ring_closure', 'parse_failure']",False,0,,True,True,True,True,True,True,False,['invalid_smiles'],,,False,False,False,False,[],[],[],[],invalid,,True,False,False,False
CC(C)(C)CCCCCC(CB(c2c(F)c(F)c2F)n1,False,,,"['unbalanced_parentheses', 'unmatched_ring_closure', 'parse_failure']",False,0,,True,True,True,True,True,True,False,['invalid_smiles'],,,False,False,False,False,[],[],[],[],invalid,,True,False,False,False
Cc1cccc2)c2c(Cl)c(Cl)c(Cl)c2Cl)c2ccccc1)CB(c2cc(C)cc3C2(C)CB(c2c(Cl)c(Cl)c(Cl)c(Cl)c1Cl)c1ccc(C)c1,False,,,"['unbalanced_parentheses', 'unmatched_ring_closure', 'parse_failure']",False,0,,True,True,True,True,True,True,False,['invalid_smiles'],,,False,False,False,False,[],[],[],[],invalid,,True,False,False,False
Cc1cc1c(F)c(F)c(F)c(F)c1F)c1cccc3cccc1,False,,,"['unbalanced_parentheses', 'unmatched_ring_closure', 'parse_failure']",False,0,,True,True,True,True,True,True,False,['invalid_smiles'],,,False,False,False,False,[],[],[],[],invalid,,True,False,False,False
Cc1ccccc2P(c2cccc32)c(Cl)c(Cl)c(Cl)c2c(Cl)c1Cl)c(C)cc2C)c(Cl)c(Cl)c(Cl)c(B(CCP(C(C)(C)N1c1cccc1)B(c1c(F)c2F)c(F)c(F)c(F)c(F)c(F)c(F)c(F)c(F)c(F)c4cccc2)c2c(C)ccc2B(c2c(C,False,,,"['reached_max_length', 'unbalanced_parentheses', 'unmatched_ring_closure', 'parse_failure']",False,0,,True,True,True,True,True,True,False,['invalid_smiles'],,,False,False,False,False,[],[],[],[],invalid,,True,False,False,False
CCC1(C)C,False,,,"['unmatched_ring_closure', 'parse_failure']",False,0,,True,True,True,True,True,True,False,['invalid_smiles'],,,False,False,False,False,[],[],[],[],invalid,,True,False,False,False
Cc1cccc2)c2ccccc1,False,,,"['unbalanced_parentheses', 'parse_failure']",False,0,,True,True,True,True,True,True,False,['invalid_smiles'],,,False,False,False,False,[],[],[],[],invalid,,True,False,False,False
CN1c2c(F)c1c(F)c(F)c2F)C2C3CCCC1C(c1c(Cl)c1Cl,False,,,"['unmatched_ring_closure', 'parse_failure']",False,0,,True,True,True,True,True,True,False,['invalid_smiles'],,,False,False,False,False,[],[],[],[],invalid,,True,False,False,False
CC1(CC)CCCCC3)c21,False,,,"['unbalanced_parentheses', 'unmatched_ring_closure', 'parse_failure']",False,0,,True,True,True,True,True,True,False,['invalid_smiles'],,,False,False,False,False,[],[],[],[],invalid,,True,False,False,False
CC(C)CC(c2c(C)cc(C)cc(-c2c-3cccccc2cccc1)c1c(C)cc2C)C2CC(P(c2c(Cl)c1cc(C)c2c(Cl)c(Cl)c(Cl)c1Cl)CP(c1c(Cl)c2ccccccc1)P(c1cc(C)c1,False,,,"['unbalanced_parentheses', 'unmatched_ring_closure', 'parse_failure']",False,0,,True,True,True,True,True,True,False,['invalid_smiles'],,,False,False,False,False,[],[],[],[],invalid,,True,False,False,False
Cc1cc(C)c2c1cc(C)c1,False,,,"['unmatched_ring_closure', 'parse_failure']",False,0,,True,True,True,True,True,True,False,['invalid_smiles'],,,False,False,False,False,[],[],[],[],invalid,,True,False,False,False
Cc1cc(CCCC(C)(C)C)cc2C)c2c(F)c2F)c1cc(C(C)(C)[P+]1(C(C)(C)[P+]1(c1c(Cl)c1ccc(P(CCCCC3)C2P(c2ccccc(C(=C(B(c1c(Cl)c(C(=C(B(c2cccccccc2)c2cccc3c2-c2cc(C)cc2C)c(P(c2ccccc1P(,False,,,"['reached_max_length', 'unbalanced_parentheses', 'parse_failure']",False,0,,True,True,True,True,True,True,False,['invalid_smiles'],,,False,False,False,False,[],[],[],[],invalid,,True,False,False,False
Cc1cc(C)cc2C)c(P(C(C)(C)P(c1c(F)c(F)c2F)(c1c(F)c(F)c(F)c(F)c(F)c(F)c(F)c(B(c1c(Cl)c(Cl)c4Cl)c3c(F)c2F)c2F)n1,False,,,"['unbalanced_parentheses', 'unmatched_ring_closure', 'parse_failure']",False,0,,True,True,True,True,True,True,False,['invalid_smiles'],,,False,False,False,False,[],[],[],[],invalid,,True,False,False,False
Cc1cc(C)c(PC(=C(B(c2c(C)c1c(Cl)c(Cl)c(Cl)c(Cl)c2c(F)c(F)c(F)c(F)c(F)c(F)c3F)c3F)cc(C)cc(CB(c1c(Cl)c2c(F)c(F)c(F)c2c(Cl)c1Cl)CCB(c2c(F)c2cccc2)OC1(C)C,False,,,"['unbalanced_parentheses', 'unmatched_ring_closure', 'parse_failure']",False,0,,True,True,True,True,True,True,False,['invalid_smiles'],,,False,False,False,False,[],[],[],[],invalid,,True,False,False,False
Cc1cc(-c3ccccccccc3)c3c(Cl)c(Cl)c2cccc(P(c2cc(C)c(P(c3c(F)c1c(F)c(F)c1c(C)cc2C(C)(C)c(B(c2c(F)c(F)c(F)c(F)c3cccccc1B(Cl)c(Cl)c(Cl)c2c(C)cc(C)cc2C)c(Cl)c(Cl)c(Cl)c(Cl)c(C,False,,,"['reached_max_length', 'unbalanced_parentheses', 'unmatched_ring_closure', 'parse_failure']",False,0,,True,True,True,True,True,True,False,['invalid_smiles'],,,False,False,False,False,[],[],[],[],invalid,,True,False,False,False
CC1(C)c(Cl)c(Cl)c2Cl)c(Cl)c(Cl)c(Cl)c(Cl)c(Cl)c1cc(C)c1,False,,,"['unbalanced_parentheses', 'unmatched_ring_closure', 'parse_failure']",False,0,,True,True,True,True,True,True,False,['invalid_smiles'],,,False,False,False,False,[],[],[],[],invalid,,True,False,False,False
CC(C)(C)C)c([P+]2(c3c(Cl)c(Cl)c(Cl)c1P(c1c(F)c1F)CP(c2ccccc3N(Cc3cccc1B(c1cc(C)cc3C)C(C)(C)B(c1cc(CB(c1c(C)c(Cl)c(Cl)c(Cl)c(Cl)c(Cl)c(Cl)c1c(Cl)c(Cl)c(Cl)c(Cl)c(Cl)c(Cl),False,,,"['reached_max_length', 'unbalanced_parentheses', 'parse_failure']",False,0,,True,True,True,True,True,True,False,['invalid_smiles'],,,False,False,False,False,[],[],[],[],invalid,,True,False,False,False
CC1(C)C,False,,,"['unmatched_ring_closure', 'parse_failure']",False,0,,True,True,True,True,True,True,False,['invalid_smiles'],,,False,False,False,False,[],[],[],[],invalid,,True,False,False,False
Clc1c(Cl)c(Cl)c(Cl)c(Cl)c(Cl)c(Cl)c(Cl)c(Cl)c3Cl)(c3cccc2B(c1c(F)c(F)c2c(Cl)c(Cl)c3Cl)c(C)c1,False,,,"['unmatched_ring_closure', 'parse_failure']",False,0,,True,True,True,True,True,True,False,['invalid_smiles'],,,False,False,False,False,[],[],[],[],invalid,,True,False,False,False
Clc1c(F)c1c(F)c2F)c2F)c(F)c2F)P(c2c(Cl)c(Cl)c1c(C)c1,False,,,"['unbalanced_parentheses', 'parse_failure']",False,0,,True,True,True,True,True,True,False,['invalid_smiles'],,,False,False,False,False,[],[],[],[],invalid,,True,False,False,False
Clc1c(C)c2cccc2c1cc(C(C)(C)C,False,,,"['unbalanced_parentheses', 'parse_failure']",False,0,,True,True,True,True,True,True,False,['invalid_smiles'],,,False,False,False,False,[],[],[],[],invalid,,True,False,False,False
Clc1c(Cl)c(C)c1,True,CC1=CC(Cl)=C1Cl,CC1=CC(Cl)=C1Cl,[],True,1,0.16216216216216217,True,True,True,True,True,True,False,['too_small'],0.0,7.0,True,True,False,False,[],[],[],[],no_LA_LB,,True,False,False,False
Cc1cc(C)cc2C)C(CB(c2c(C)cc1,False,,,"['unbalanced_parentheses', 'parse_failure']",False,0,,True,True,True,True,True,True,False,['invalid_smiles'],,,False,False,False,False,[],[],[],[],invalid,,True,False,False,False
CC(C)(B(c3c(Cl)c1Cl)c3Cl)c(Cl)c3c(F)c1F)c1P(c1cccc4)c23)c(F)c2F)c2F)c(F)c(F)c2F)c2c(Cl)c(Cl)c2Cl)c(Cl)c(C)c(P(c2ccccc1,False,,,"['unbalanced_parentheses', 'unmatched_ring_closure', 'parse_failure']",False,0,,True,True,True,True,True,True,False,['invalid_smiles'],,,False,False,False,False,[],[],[],[],invalid,,True,False,False,False
Cc1ccc(C(F)(F)F)cc(C)cc2C)C2CCC1C[B-]2(c3cccc2)CCCCC1,False,,,"['unbalanced_parentheses', 'unmatched_ring_closure', 'parse_failure']",False,0,,True,True,True,True,True,True,False,['invalid_smiles'],,,False,False,False,False,[],[],[],[],invalid,,True,False,False,False
CC1(C)C,False,,,"['unmatched_ring_closure', 'parse_failure']",False,0,,True,True,True,True,True,True,False,['invalid_smiles'],,,False,False,False,False,[],[],[],[],invalid,,True,False,False,False
Cc1cccc3)c3c(C(=CCB(c2c(C)cc(CCCC2N2CCCC1)C2B(c2c(C)c1,False,,,"['unbalanced_parentheses', 'unmatched_ring_closure', 'parse_failure']",False,0,,True,True,True,True,True,True,False,['invalid_smiles'],,,False,False,False,False,[],[],[],[],invalid,,True,False,False,False
Cc1ccccc3)c3ccccc1BCl,False,,,"['unbalanced_parentheses', 'parse_failure']",False,0,,True,True,True,True,True,True,False,['invalid_smiles'],,,False,False,False,False,[],[],[],[],invalid,,True,False,False,False
Clc1c(Cl)c1Cl)c1Cl)C(c1c(B(c3c(F)c1cccc3)cc2C)c(Cl)c(Cl)c3cc(C)c1c(Cl)c(C)c1,False,,,"['unbalanced_parentheses', 'unmatched_ring_closure', 'parse_failure']",False,0,,True,True,True,True,True,True,False,['invalid_smiles'],,,False,False,False,False,[],[],[],[],invalid,,True,False,False,False
Clc1c(Cl)c1Cl)P(c1cc(C(=C(B(c2cccc2)c2ccccc1)c1c(F)c(F)c(F)c(F)c(Cl)c(Cl)c(Cl)c(Cl)c(C)cc2C)c(-c3cccccccc2cccc(C)cc(C)c([P+]1(c1c(C)c1,False,,,"['unbalanced_parentheses', 'unmatched_ring_closure', 'parse_failure']",False,0,,True,True,True,True,True,True,False,['invalid_smiles'],,,False,False,False,False,[],[],[],[],invalid,,True,False,False,False
Fc1c(F)c(F)c(B(c2c(Cl)c(Cl)c(B(c1c(Cl)c(Cl)c3ccccc(C)c(P(c2cccc1,False,,,"['unbalanced_parentheses', 'unmatched_ring_closure', 'parse_failure']",False,0,,True,True,True,True,True,True,False,['invalid_smiles'],,,False,False,False,False,[],[],[],[],invalid,,True,False,False,False
CC(C)(C)N1C(C)C,False,,,"['unmatched_ring_closure', 'parse_failure']",False,0,,True,True,True,True,True,True,False,['invalid_smiles'],,,False,False,False,False,[],[],[],[],invalid,,True,False,False,False
CCN(CC)(C)C)C(B(c2c(Cl)c1Cl)P(c1c(F)c4F)c4F)c4F)c4F)cc(C)c1,False,,,"['unbalanced_parentheses', 'unmatched_ring_closure', 'parse_failure']",False,0,,True,True,True,True,True,True,False,['invalid_smiles'],,,False,False,False,False,[],[],[],[],invalid,,True,False,False,False
Cc1cc(C)cc(B(c2c(F)c(F)c2F)c(F)c(F)c(F)c1F)c1F,False,,,"['unmatched_ring_closure', 'parse_failure']",False,0,,True,True,True,True,True,True,False,['invalid_smiles'],,,False,False,False,False,[],[],[],[],invalid,,True,False,False,False
CC(C)N(C)CC1(C)C)N1Cc1cc(C)c(Cl)c(C)cc(C)c(P(c4cccc2)P(c2cccc43)c12)C(C)C[B-](c2cccccc2)c(Cl)c2Cl)c2Cl)c2c(F)c(F)c(F)c(F)c1F)c1F,False,,,"['unbalanced_parentheses', 'unmatched_ring_closure', 'parse_failure']",False,0,,True,True,True,True,True,True,False,['invalid_smiles'],,,False,False,False,False,[],[],[],[],invalid,,True,False,False,False
CC(C)(C)CC1(CC)CCCC(C)C)CCC2)c(F)c(F)c(F)c(F)c(F)c(F)c(F)c(F)c(F)c3F)c3F)CCCC2(C)C)c(PC(=C(B(c2c(C)c(Cl)c(C)cc1C)c1,False,,,"['unbalanced_parentheses', 'unmatched_ring_closure', 'parse_failure']",False,0,,True,True,True,True,True,True,False,['invalid_smiles'],,,False,False,False,False,[],[],[],[],invalid,,True,False,False,False
CC1C[B-]2(c2cccc2C)c(Cl)c(Cl)c(Cl)c3Cl)c(C)cc(C)cc1C)B(c2c(Cl)c(Cl)c(C)c2cccc3N(Cc3cccccc2N(Cc3ccccc1)C2B(c1c(C)cc2C)c2c(F)c(B(C(=C(B(c2c(C)cc2C)c2ccccc1)P(c2c(Cl)c(Cl)c,False,,,"['reached_max_length', 'unbalanced_parentheses', 'unmatched_ring_closure', 'parse_failure']",False,0,,True,True,True,True,True,True,False,['invalid_smiles'],,,False,False,False,False,[],[],[],[],invalid,,True,False,False,False
CC1(C)C,False,,,"['unmatched_ring_closure', 'parse_failure']",False,0,,True,True,True,True,True,True,False,['invalid_smiles'],,,False,False,False,False,[],[],[],[],invalid,,True,False,False,False
Cc1cc(C)cc2C(C)(C)N1Cc1ccccc2)cc1C,False,,,"['unbalanced_parentheses', 'parse_failure']",False,0,,True,True,True,True,True,True,False,['invalid_smiles'],,,False,False,False,False,[],[],[],[],invalid,,True,False,False,False
CN(CC)(C)cc(C)c(Cl)c(Cl)c(Cl)c(Cl)c(Cl)c1Cl)c(Cl)c(Cl)c(Cl)c(C)c1,False,,,"['unbalanced_parentheses', 'parse_failure']",False,0,,True,True,True,True,True,True,False,['invalid_smiles'],,,False,False,False,False,[],[],[],[],invalid,,True,False,False,False
CC(CB(c1c(B(c2c(Cl)c(Cl)c2cccc2P(c2c(Cl)c(Cl)c4Cl)c1Cl)c3Cl)c(Cl)c2c(Cl)c(Cl)c2Cl)c(Cl)c1Cl,False,,,"['unbalanced_parentheses', 'unmatched_ring_closure', 'parse_failure']",False,0,,True,True,True,True,True,True,False,['invalid_smiles'],,,False,False,False,False,[],[],[],[],invalid,,True,False,False,False
CCN(CC)C(C)(C)C,True,CCN(CC)C(C)(C)C,CCN(CC)C(C)(C)C,[],False,2,0.13513513513513514,True,True,True,True,True,True,False,['too_small'],0.0,9.0,True,True,False,True,[],['LB_amine'],[],[],LB_only,,True,False,False,False
Cc1cc(C(F)(F)F)cc(C)c1cccc1B(c1c(Cl)c(Cl)c(Cl)c(Cl)c(Cl)c2Cl)C2CCCC3)C2P(c2c(F)c(F)c(B(c2c(C)c(Cl)c(Cl)c(Cl)c(Cl)c(Cl)c1Cl,False,,,"['unbalanced_parentheses', 'unmatched_ring_closure', 'parse_failure']",False,0,,True,True,True,True,True,True,False,['invalid_smiles'],,,False,False,False,False,[],[],[],[],invalid,,True,False,False,False
Cc1ccc(P(c2c(F)c(F)c21,False,,,"['unbalanced_parentheses', 'parse_failure']",False,0,,True,True,True,True,True,True,False,['invalid_smiles'],,,False,False,False,False,[],[],[],[],invalid,,True,False,False,False
Fc1c(Cl)c(Cl)c(Cl)c1c(F)c(F)c(F)c2F)c(F)c3F)c3F)CC(C)(C)[P+]1(C(C)(C)[P+]1(c1ccccc3B(c3c(F)c1F,False,,,"['unmatched_ring_closure', 'parse_failure']",False,0,,True,True,True,True,True,True,False,['invalid_smiles'],,,False,False,False,False,[],[],[],[],invalid,,True,False,False,False
CC(CB(c1c(Cl)c1Cl)c2Cl)c(C)cc1C,False,,,"['unmatched_ring_closure', 'parse_failure']",False,0,,True,True,True,True,True,True,False,['invalid_smiles'],,,False,False,False,False,[],[],[],[],invalid,,True,False,False,False
CC(B(c2cccc(C)c1,False,,,"['unbalanced_parentheses', 'unmatched_ring_closure', 'parse_failure']",False,0,,True,True,True,True,True,True,False,['invalid_smiles'],,,False,False,False,False,[],[],[],[],invalid,,True,False,False,False
Fc1c(Cl)c(Cl)c(Cl)c1Cl,False,,,"['kekulization_failure', 'sanitization_failure']",False,0,,True,True,True,True,True,True,False,['invalid_smiles'],,,False,False,False,False,[],[],[],[],invalid,,True,False,False,False
Cc1cccc4)c23)c(F)c(F)c(F)c(F)c4F)cc(C)c1,False,,,"['unbalanced_parentheses', 'unmatched_ring_closure', 'parse_failure']",False,0,,True,True,True,True,True,True,False,['invalid_smiles'],,,False,False,False,False,[],[],[],[],invalid,,True,False,False,False
Clc1c(F)c(F)c(F)c2F)c2F)P(c2cccc2)c2c(B(c3c(F)c(F)c(F)c(F)c1F)c1c(C)cc(C)c(Cl)c(Cl)c(Cl)c(Cl)c3c(Cl)c(C(F)(F)F)c1F)C(P(c3c(F)c(F)c1F,False,,,"['unmatched_ring_closure', 'parse_failure']",False,0,,True,True,True,True,True,True,False,['invalid_smiles'],,,False,False,False,False,[],[],[],[],invalid,,True,False,False,False
CC1(C)cc(C)cc(C)c1c(F)c(F)c2F)c2c(F)c2F)c2F)c(B(c2c(F)c(F)c(F)c1,False,,,"['unbalanced_parentheses', 'unmatched_ring_closure', 'parse_failure']",False,0,,True,True,True,True,True,True,False,['invalid_smiles'],,,False,False,False,False,[],[],[],[],invalid,,True,False,False,False
CC1(C)c1,False,,,['parse_failure'],False,0,,True,True,True,True,True,True,False,['invalid_smiles'],,,False,False,False,False,[],[],[],[],invalid,,True,False,False,False
Cc1ccc(B(c3c(F)c3F)CCCC2)C2C3CCCCC(CB(c2cccc(B(c2ccc3c2oc2c(F)c(F)c1c(F)c2F)c2F)c2F)C1c1cc(C)cc2C(C)(B(c1c(F)c(F)c2F)c(F)c(F)c2F)(c2cccc2P(c2c(C)c1,False,,,"['unbalanced_parentheses', 'unmatched_ring_closure', 'parse_failure']",False,0,,True,True,True,True,True,True,False,['invalid_smiles'],,,False,False,False,False,[],[],[],[],invalid,,True,False,False,False
CCC(C)(C)CC1(C)COCC(C3)C3CCCCCC2N2CCCCC(C)(C)P(B(c2c(C)c1,False,,,"['unbalanced_parentheses', 'unmatched_ring_closure', 'parse_failure']",False,0,,True,True,True,True,True,True,False,['invalid_smiles'],,,False,False,False,False,[],[],[],[],invalid,,True,False,False,False
CC1(C)CC,False,,,"['unmatched_ring_closure', 'parse_failure']",False,0,,True,True,True,True,True,True,False,['invalid_smiles'],,,False,False,False,False,[],[],[],[],invalid,,True,False,False,False
COB(OC)c1,False,,,"['unmatched_ring_closure', 'parse_failure']",False,0,,True,True,True,True,True,True,False,['invalid_smiles'],,,False,False,False,False,[],[],[],[],invalid,,True,False,False,False
Clc1c(Cl)c(Cl)c(Cl)c(Cl)c(Cl)c(C)cc1)c1cc(C)cc(C)c1,False,,,"['unbalanced_parentheses', 'parse_failure']",False,0,,True,True,True,True,True,True,False,['invalid_smiles'],,,False,False,False,False,[],[],[],[],invalid,,True,False,False,False
CC(C)C)cc(C)cc(CB(c1c(Cl)c2Cl)c(Cl)c(Cl)c1Cl,False,,,"['unmatched_ring_closure', 'parse_failure']",False,0,,True,True,True,True,True,True,False,['invalid_smiles'],,,False,False,False,False,[],[],[],[],invalid,,True,False,False,False
CC(C)(C)N(Cc3ccccc2)cc1C2(C)c1,False,,,"['unmatched_ring_closure', 'parse_failure']",False,0,,True,True,True,True,True,True,False,['invalid_smiles'],,,False,False,False,False,[],[],[],[],invalid,,True,False,False,False
Cc1cc(C)c23)c(Cl)c2Cl)c(Cl)c1cc(C)c1c(F)c(F)c(F)c(F)c1cc(C)cc2C(C)(CC)C(c1c(Cl)c(Cl)c(Cl)c(Cl)c(Cl)c(Cl)c3c(C)cc3C2(C)cc2C)c2c(B(CCC(C)(C)C,False,,,"['unmatched_ring_closure', 'parse_failure']",False,0,,True,True,True,True,True,True,False,['invalid_smiles'],,,False,False,False,False,[],[],[],[],invalid,,True,False,False,False
Cc1cc(C)c(P(CC(C(C)C,False,,,"['unbalanced_parentheses', 'unmatched_ring_closure', 'parse_failure']",False,0,,True,True,True,True,True,True,False,['invalid_smiles'],,,False,False,False,False,[],[],[],[],invalid,,True,False,False,False
Cc1cccc2)c2c(F)c(F)c(F)c(F)c(F)c(F)c3cccc3B(c3cccc(B(c2cccc1)P(c2c(C)c1c(C)c1,False,,,"['unbalanced_parentheses', 'unmatched_ring_closure', 'parse_failure']",False,0,,True,True,True,True,True,True,False,['invalid_smiles'],,,False,False,False,False,[],[],[],[],invalid,,True,False,False,False
Clc1c(Cl)c1c(Cl)c(Cl)c(Cl)c(Cl)c(C)cc(C)cc(C)c1cccc1)c1c(F)c(F)c(F)c(F)c(F)c(F)c(Cl)c(Cl)c1Cl,False,,,"['unbalanced_parentheses', 'parse_failure']",False,0,,True,True,True,True,True,True,False,['invalid_smiles'],,,False,False,False,False,[],[],[],[],invalid,,True,False,False,False
Cc1cccc1B(c1c(F)c(F)c(F)c(F)c(F)c(F)c(F)c(F)c2c(F)c3c(Cl)c(C)cc2C)c2cccc3C)C(C)(C)c(Cl)c1Cl,False,,,"['unbalanced_parentheses', 'unmatched_ring_closure', 'parse_failure']",False,0,,True,True,True,True,True,True,False,['invalid_smiles'],,,False,False,False,False,[],[],[],[],invalid,,True,False,False,False
Cc1cccc2)c2c(F)c(F)c1F,False,,,"['unbalanced_parentheses', 'parse_failure']",False,0,,True,True,True,True,True,True,False,['invalid_smiles'],,,False,False,False,False,[],[],[],[],invalid,,True,False,False,False
Cc1cc(C)cc2C)c(Cl)c(Cl)c(Cl)c(Cl)c1Cl)C2C3CCCC2N2CCCC2(C)cc(C)cc(C)c(P(c4ccccc3)[P+]2(c2cccc2C(C)P(c1c(Cl)c1Cl)c2cccccc(B(c1c(F)c1F)c1F)c1F,False,,,"['unmatched_ring_closure', 'parse_failure']",False,0,,True,True,True,True,True,True,False,['invalid_smiles'],,,False,False,False,False,[],[],[],[],invalid,,True,False,False,False
Cc1cc(N(c2c(C)c1,False,,,"['unbalanced_parentheses', 'unmatched_ring_closure', 'parse_failure']",False,0,,True,True,True,True,True,True,False,['invalid_smiles'],,,False,False,False,False,[],[],[],[],invalid,,True,False,False,False
Cc1ccccc(P(c2c(Cl)c(Cl)c2Cl)c(Cl)c(C)cc1C)c1,False,,,"['unmatched_ring_closure', 'parse_failure']",False,0,,True,True,True,True,True,True,False,['invalid_smiles'],,,False,False,False,False,[],[],[],[],invalid,,True,False,False,False
Cc1ccc(B(c2cccc3)cccc1)c1c(C)c1,False,,,"['unmatched_ring_closure', 'parse_failure']",False,0,,True,True,True,True,True,True,False,['invalid_smiles'],,,False,False,False,False,[],[],[],[],invalid,,True,False,False,False
CC1(C)C2CC(P(c2c(C)cc(C)cc1C)B(c2c(F)c(Cl)c1Cl)c(Cl)c(Cl)c(Cl)c(C23CC(C)(C)CB(c1c(Cl)c(Cl)c3c(Cl)c(Cl)c(Cl)c2c(C)cc1Cl)c2Cl)c2Cl)C2CCCC3)c(Cl)c(C)cc3C2(C)C,False,,,"['unbalanced_parentheses', 'unmatched_ring_closure', 'parse_failure']",False,0,,True,True,True,True,True,True,False,['invalid_smiles'],,,False,False,False,False,[],[],[],[],invalid,,True,False,False,False
Cc1ccccc2)c2ccccc1B(c1c(Cl)c(C2N(Cc3cccc3c2oc2c(F)c(F)c(F)c1F,False,,,"['unbalanced_parentheses', 'unmatched_ring_closure', 'parse_failure']",False,0,,True,True,True,True,True,True,False,['invalid_smiles'],,,False,False,False,False,[],[],[],[],invalid,,True,False,False,False
CCN(CC)C(c1c(Cl)c2c(C)cc2C)c(B(c2cccc2)c2c(Cl)c(Cl)c2Cl)CCB(c2c(C)c1,False,,,"['unbalanced_parentheses', 'unmatched_ring_closure', 'parse_failure']",False,0,,True,True,True,True,True,True,False,['invalid_smiles'],,,False,False,False,False,[],[],[],[],invalid,,True,False,False,False
Cc1ccc2B(c2cccc(c34)P2c2cccc2P(c2c(C)cc1,False,,,"['unbalanced_parentheses', 'unmatched_ring_closure', 'parse_failure']",False,0,,True,True,True,True,True,True,False,['invalid_smiles'],,,False,False,False,False,[],[],[],[],invalid,,True,False,False,False
Cc1cc(C)cc(C)cc1Cl,False,,,"['kekulization_failure', 'sanitization_failure']",False,0,,True,True,True,True,True,True,False,['invalid_smiles'],,,False,False,False,False,[],[],[],[],invalid,,True,False,False,False
CCN(CC)C(C)(C)N1c1cc(C)cc2C)c(P(c2c(F)c(F)c(F)c(F)c(F)c(F)c(F)c(Cl)c1Cl)C2CCCCCCCCB(c2ccccc4)c4cccc2)c(F)c(B(Cc2cc(CB(c2cccc1B(c1cccc1,False,,,"['unbalanced_parentheses', 'unmatched_ring_closure', 'parse_failure']",False,0,,True,True,True,True,True,True,False,['invalid_smiles'],,,False,False,False,False,[],[],[],[],invalid,,True,False,False,False
Clc1c(F)c(F)c1F)=C(c2ccccc3B(c3cccc2)c(Cl)c(Cl)c1Cl)=C(c2c(Cl)c(C)cc2C)c2c(Cl)c1Cl,False,,,"['unbalanced_parentheses', 'unmatched_ring_closure', 'parse_failure']",False,0,,True,True,True,True,True,True,False,['invalid_smiles'],,,False,False,False,False,[],[],[],[],invalid,,True,False,False,False
CC(C)(C)N1c1cccc1,False,,,"['unmatched_ring_closure', 'parse_failure']",False,0,,True,True,True,True,True,True,False,['invalid_smiles'],,,False,False,False,False,[],[],[],[],invalid,,True,False,False,False
Cc1cc(C)cc2C)c(Cl)c(Cl)c(BP(c2c(Cl)c(Cl)c(Cl)c(Cl)c(Cl)c(Cl)c2c(F)c(F)c(F)c(F)c1cc(CCCCC2)C2CCCC2)C(C)C,False,,,['parse_failure'],False,0,,True,True,True,True,True,True,False,['invalid_smiles'],,,False,False,False,False,[],[],[],[],invalid,,True,False,False,False
CC=C(B(c2cccc1)C(C)(C)N1c1cc(C)c1,False,,,"['unbalanced_parentheses', 'unmatched_ring_closure', 'parse_failure']",False,0,,True,True,True,True,True,True,False,['invalid_smiles'],,,False,False,False,False,[],[],[],[],invalid,,True,False,False,False
CC(C)(C)C)CCCC(CCP(C(C)C1CCCCC1(C)cc(C)c1c(Cl)c1Cl)c(C=C(CP(c1c(Cl)c2c(C)cc2B(c2c(F)c1F)(c2c(P(c5cccc2c1cccc2C)c2c(C)c1,False,,,"['unbalanced_parentheses', 'unmatched_ring_closure', 'parse_failure']",False,0,,True,True,True,True,True,True,False,['invalid_smiles'],,,False,False,False,False,[],[],[],[],invalid,,True,False,False,False
CC(C)CCCC1,False,,,"['unmatched_ring_closure', 'parse_failure']",False,0,,True,True,True,True,True,True,False,['invalid_smiles'],,,False,False,False,False,[],[],[],[],invalid,,True,False,False,False
Fc1c(F)c2cccc3N(Cc2ccccc3B(c3c(C)cc(C)c1,False,,,"['unbalanced_parentheses', 'unmatched_ring_closure', 'parse_failure']",False,0,,True,True,True,True,True,True,False,['invalid_smiles'],,,False,False,False,False,[],[],[],[],invalid,,True,False,False,False
Clc1c(F)c(F)c2F)c2F)c(F)c3F)c3F)cc(C)cc3C)=C3CCC(C)C,False,,,"['unbalanced_parentheses', 'unmatched_ring_closure', 'parse_failure']",False,0,,True,True,True,True,True,True,False,['invalid_smiles'],,,False,False,False,False,[],[],[],[],invalid,,True,False,False,False
Fc1c(F)c(F)c(F)c(F)c(F)c1c(F)c(F)c(B(c2cccc1)C(C)(C)C2CCCC1C[B-]2(c3c(Cl)c(Cl)c1c(Cl)c(Cl)c(Cl)c(Cl)c(Cl)c(Cl)c2Cl)C(C)(C)N1Cc1cccc2N(Cc3cccc(B(C3CCCC3C(c3cccc2N(Cc3cccc,False,,,"['reached_max_length', 'unbalanced_parentheses', 'unmatched_ring_closure', 'parse_failure']",False,0,,True,True,True,True,True,True,False,['invalid_smiles'],,,False,False,False,False,[],[],[],[],invalid,,True,False,False,False
Cc1ccc(B(C(=C(B(c1c(Cl)c(Cl)c(C)cc(C)cc(C)cc(C)c(B(C3CCCCC3)c(Cl)c(Cl)c2Cl)c(Cl)c(Cl)c(Cl)c(Cl)c(Cl)c(Cl)c(Cl)c(Cl)c(Cl)c(C(F)(F)F)cc(C)cc(C)c1,False,,,"['unbalanced_parentheses', 'unmatched_ring_closure', 'parse_failure']",False,0,,True,True,True,True,True,True,False,['invalid_smiles'],,,False,False,False,False,[],[],[],[],invalid,,True,False,False,False
Cc1cc(C)c3c(Cl)c2Cl)c(Cl)c1Cl)c(Cl)c(Cl)c2c(Cl)c(Cl)c(C(N2CCCC3C(c3c(C)c1,False,,,"['unbalanced_parentheses', 'unmatched_ring_closure', 'parse_failure']",False,0,,True,True,True,True,True,True,False,['invalid_smiles'],,,False,False,False,False,[],[],[],[],invalid,,True,False,False,False
Cc1cccccc3B(c3c(Cl)c2Cl)c(Cl)c(Cl)c(C(C)(C)N1c1cc(C(=CCB(c1cccc2)c2cccccc1,False,,,"['unbalanced_parentheses', 'unmatched_ring_closure', 'parse_failure']",False,0,,True,True,True,True,True,True,False,['invalid_smiles'],,,False,False,False,False,[],[],[],[],invalid,,True,False,False,False
CC(C)(B(c2ccccc1B(c1cc(C)cc(C)cc(C(F)(F)F)c3F)CCCCC2)C(C)(C)C,False,,,"['unbalanced_parentheses', 'unmatched_ring_closure', 'parse_failure']",False,0,,True,True,True,True,True,True,False,['invalid_smiles'],,,False,False,False,False,[],[],[],[],invalid,,True,False,False,False
CC(=C(B(c2c(F)c(F)c(F)c(F)c2c(Cl)c3cccccc2)CCCCC3)c2c(F)c2F)c2F)c2F)n1,False,,,"['unbalanced_parentheses', 'unmatched_ring_closure', 'parse_failure']",False,0,,True,True,True,True,True,True,False,['invalid_smiles'],,,False,False,False,False,[],[],[],[],invalid,,True,False,False,False
CCN(CC)(C)C,False,,,"['sanitization_failure', 'valence_problem']",False,0,,True,True,True,True,True,True,False,['invalid_smiles'],,,False,False,False,False,[],[],[],[],invalid,,True,False,False,False
Cc1cc(C)cc2C)c2c(C)cc(C)c1c(C)c(P(c3c(C)c(Cl)c(B(c3c(C)c1c(Cl)c(Cl)c(C)cc2C)c2c(Cl)c1c(F)c(F)c(B(c2c(Cl)c(Cl)c2Cl)c(Cl)c1c(F)c(F)c2F)C1c1cc(C)c1,False,,,"['unbalanced_parentheses', 'unmatched_ring_closure', 'parse_failure']",False,0,,True,True,True,True,True,True,False,['invalid_smiles'],,,False,False,False,False,[],[],[],[],invalid,,True,False,False,False
CC1(CC)C(C)(C)B(c1c(C)cc4C)c4cccc3c2-c2c(Cl)c2c(F)c3F)c3)cc2C)c(P(c3cccc1P(C(C)(C)C=C2B(c2c(F)c4c(Cl)c(B(c2c(Cl)c2Cl)c(Cl)c(Cl)c(Cl)c1Cl)c3Cl)c(C)cc1C,False,,,"['unmatched_ring_closure', 'parse_failure']",False,0,,True,True,True,True,True,True,False,['invalid_smiles'],,,False,False,False,False,[],[],[],[],invalid,,True,False,False,False
Cc1cc(C)cc(B(CCP(CCCCC1)C1CCCC2(C)c(P(c3c(Cl)c(Cl)c2c(F)c1c(Cl)c1Cl,False,,,"['unbalanced_parentheses', 'unmatched_ring_closure', 'parse_failure']",False,0,,True,True,True,True,True,True,False,['invalid_smiles'],,,False,False,False,False,[],[],[],[],invalid,,True,False,False,False
Clc1c(Cl)c(Cl)c(Cl)c(Cl)c1Cl)c(Cl)c(Cl)c(C)cc(C)cc2C)c(C)cc1C,False,,,"['unbalanced_parentheses', 'unmatched_ring_closure', 'parse_failure']",False,0,,True,True,True,True,True,True,False,['invalid_smiles'],,,False,False,False,False,[],[],[],[],invalid,,True,False,False,False
Fc1c(F)c2F)c(F)c(F)c(F)c1)C2(c2c(F)c2F)C2CCCCB(c1c(Cl)c(Cl)c1cccc2B(c2c(F)c(F)c2ccccc2B(c1c(F)c(F)c(F)c(F)c(F)c2F)c2F)C2C3CCC(=C(B(c3cccc2c1Oc1c(Cl)c(C)c(Cl)c(Cl)c(Cl)c1,False,,,"['reached_max_length', 'unbalanced_parentheses', 'unmatched_ring_closure', 'parse_failure']",False,0,,True,True,True,True,True,True,False,['invalid_smiles'],,,False,False,False,False,[],[],[],[],invalid,,True,False,False,False
Fc1c(F)c1F)C(P(c3cccccc2)c2c(Cl)c(C)c1,False,,,"['unmatched_ring_closure', 'parse_failure']",False,0,,True,True,True,True,True,True,False,['invalid_smiles'],,,False,False,False,False,[],[],[],[],invalid,,True,False,False,False
CC(C(C)(C)P(CB(c2c(F)c(F)c(F)c(F)c3c(Cl)c(C2N(Cc1ccc(C)cc(C)cc2C(C)C,False,,,"['unbalanced_parentheses', 'unmatched_ring_closure', 'parse_failure']",False,0,,True,True,True,True,True,True,False,['invalid_smiles'],,,False,False,False,False,[],[],[],[],invalid,,True,False,False,False
Cc1cc(C)cc(C)c(Cl)c(Cl)c(Cl)c2ccccc4)c4c(Cl)c(Cl)c3Cl)c(Cl)c1Cl,False,,,"['unbalanced_parentheses', 'unmatched_ring_closure', 'parse_failure']",False,0,,True,True,True,True,True,True,False,['invalid_smiles'],,,False,False,False,False,[],[],[],[],invalid,,True,False,False,False
CC(CCP(c1c(F)c1c(C)c1c(Cl)c(Cl)c(Cl)c(Cl)c2Cl)c(Cl)c(Cl)c(Cl)c2ccccc3B(c3c(F)c1c(Cl)c(C)c1c(F)c(F)c(C)c1,False,,,"['unbalanced_parentheses', 'parse_failure']",False,0,,True,True,True,True,True,True,False,['invalid_smiles'],,,False,False,False,False,[],[],[],[],invalid,,True,False,False,False
CC(C)N1Cc1cc(C(F)(F)F)c3F)c3cc(C)c(B(c4c(Cl)c(Cl)c(Cl)c(Cl)c(Cl)c(Cl)c2c(C)c1,False,,,"['unbalanced_parentheses', 'unmatched_ring_closure', 'parse_failure']",False,0,,True,True,True,True,True,True,False,['invalid_smiles'],,,False,False,False,False,[],[],[],[],invalid,,True,False,False,False
Cc1ccccc2)c2cccc2)c2c(Cl)c3c(C(=CCB(c1c(F)c1F)c1c(Cl)c2c(F)c4F)c4c(F)c3F)c3F)cc(B(c2c(F)c(F)c(F)c(F)c(F)c(F)c(F)c4c(Cl)c(Cl)c(Cl)c(Cl)c2cc(C)cc2C)c2c(Cl)c(Cl)c2Cl)CP(c2c,False,,,"['reached_max_length', 'unbalanced_parentheses', 'unmatched_ring_closure', 'parse_failure']",False,0,,True,True,True,True,True,True,False,['invalid_smiles'],,,False,False,False,False,[],[],[],[],invalid,,True,False,False,False
CCN(CC)C(C)(C)C1CCCCC3)C2B(c1c(F)c(F)c(F)c(F)c(F)c(F)c1cc(C)c1,False,,,"['unmatched_ring_closure', 'parse_failure']",False,0,,True,True,True,True,True,True,False,['invalid_smiles'],,,False,False,False,False,[],[],[],[],invalid,,True,False,False,False
Bc1cc(C)cc2C)c2c(Cl)c(C(F)(F)F)cccc2)c2c(F)c(F)c(F)c(F)c(F)c2ccccc2)c2c(F)c2F)P(c1ccc(C)cc2C)c2c(P(c2c(F)c(F)c(F)c(F)c(F)c(B(CCP(c2cc(C)c3cccc1)C2B(c2cccc1)C2B(c2c(Cl)c(,False,,,"['reached_max_length', 'unbalanced_parentheses', 'unmatched_ring_closure', 'parse_failure']",False,0,,True,True,True,True,True,True,False,['invalid_smiles'],,,False,False,False,False,[],[],[],[],invalid,,True,False,False,False
Cc1cccc2)c2c(F)c(F)c(F)c([P+]2(c2c(C)cc2C)c2c(F)c(F)c([P+]2(c2c(Cl)c(Cl)c2Cl)c1Cl,False,,,"['unbalanced_parentheses', 'unmatched_ring_closure', 'parse_failure']",False,0,,True,True,True,True,True,True,False,['invalid_smiles'],,,False,False,False,False,[],[],[],[],invalid,,True,False,False,False
Clc1c(F)c(F)c1F)c1F)c1F)=C(c1c(Cl)c(Cl)c(Cl)c2c(C)c(P(c3c(Cl)c(Cl)c2c(F)c(F)c(F)c(B(c1cccccc2)c2cccc5)c5cccc(P(c4cccc4cccccc1N(C)C,False,,,"['unbalanced_parentheses', 'unmatched_ring_closure', 'parse_failure']",False,0,,True,True,True,True,True,True,False,['invalid_smiles'],,,False,False,False,False,[],[],[],[],invalid,,True,False,False,False
Cc1cc(C)c1,True,CC1=CC(C)=C1,CC1=CC(C)=C1,[],True,20,0.13043478260869565,True,True,True,True,True,True,False,['too_small'],0.0,6.0,True,True,False,False,[],[],[],[],no_LA_LB,,True,False,False,False
Fc1c(Cl)c(Cl)c2c(Cl)c3Cl)c2Cl)c(Cl)c(Cl)c1Cl,False,,,"['unbalanced_parentheses', 'unmatched_ring_closure', 'parse_failure']",False,0,,True,True,True,True,True,True,False,['invalid_smiles'],,,False,False,False,False,[],[],[],[],invalid,,True,False,False,False
Cc1cc(C)cc(C)c(Cl)c1Cl)c3Cl)c(Cl)c3cccc(P(c2c(Cl)c(Cl)c3Cl)c(Cl)c(Cl)c(Cl)c2Cl)P(c1c(F)c1c(F)c3ccccccc2)c2c(F)c2cccccccc2)c2c(C)c1,False,,,"['unbalanced_parentheses', 'unmatched_ring_closure', 'parse_failure']",False,0,,True,True,True,True,True,True,False,['invalid_smiles'],,,False,False,False,False,[],[],[],[],invalid,,True,False,False,False
CC(C)C,True,CC(C)C,CC(C)C,[],True,9,0.1111111111111111,True,True,True,True,True,True,False,['too_small'],0.0,4.0,True,True,False,False,[],[],[],[],no_LA_LB,,True,False,False,False
Cc1cccccc2)cc(C)c(Cl)c2Cl)CP(C(C)(C)P(c1c(F)c(F)c(F)c(F)c(F)c(F)c(F)c(F)c(F)c(F)c1F)c1cc(C(C)(C)[P+]2(c3cccccc4)c4c(Cl)c(C)cc(C(N2CCCC3)c(Cl)c(Cl)c(Cl)c(Cl)c1Cl)c(Cl)c2c,False,,,"['reached_max_length', 'unmatched_ring_closure', 'parse_failure']",False,0,,True,True,True,True,True,True,False,['invalid_smiles'],,,False,False,False,False,[],[],[],[],invalid,,True,False,False,False
Cc1cc(C)cc2C)c2c(C)cc2C)c(Cl)c(C)cc2C)c(N(c2c(C)c1,False,,,"['unbalanced_parentheses', 'unmatched_ring_closure', 'parse_failure']",False,0,,True,True,True,True,True,True,False,['invalid_smiles'],,,False,False,False,False,[],[],[],[],invalid,,True,False,False,False
Fc1c(Cl)c2Cl)c1Cl,False,,,"['unbalanced_parentheses', 'unmatched_ring_closure', 'parse_failure']",False,0,,True,True,True,True,True,True,False,['invalid_smiles'],,,False,False,False,False,[],[],[],[],invalid,,True,False,False,False
Cc1cccc1)N1C(C)(C)P(CB(c2cccccc2B(c2c(F)c(F)c(F)c(F)c(F)c(F)c(F)c2F)c2F)c(F)c(F)c(F)c(F)c2F)C2(C)CB(c2c(Cl)c2Cl)c2c(F)c(F)c(F)c(F)c(F)c(F)c(F)c(F)c(F)c(F)c(F)c(F)c1c(F)c,False,,,"['reached_max_length', 'unbalanced_parentheses', 'parse_failure']",False,0,,True,True,True,True,True,True,False,['invalid_smiles'],,,False,False,False,False,[],[],[],[],invalid,,True,False,False,False
CC(CB(c1cc(N(c2c(F)c2F)c(F)c2F)C2CCCC1C(c1c(F)c(F)c(F)c(F)c(F)c(F)c(F)c(F)c(F)c(F)c(F)c1F)(c1c(Cl)c1Cl,False,,,"['unbalanced_parentheses', 'parse_failure']",False,0,,True,True,True,True,True,True,False,['invalid_smiles'],,,False,False,False,False,[],[],[],[],invalid,,True,False,False,False
Cc1ccc(C)cc2C)c(Cl)c2Cl)n1,False,,,"['unbalanced_parentheses', 'parse_failure']",False,0,,True,True,True,True,True,True,False,['invalid_smiles'],,,False,False,False,False,[],[],[],[],invalid,,True,False,False,False
Cc1cc(C)c(P(c2c(C)cc(C(C)C)N1C(C)(C)C)cc2C)c2Cl)c(Cl)c(Cl)c2Cl)n1,False,,,"['unbalanced_parentheses', 'unmatched_ring_closure', 'parse_failure']",False,0,,True,True,True,True,True,True,False,['invalid_smiles'],,,False,False,False,False,[],[],[],[],invalid,,True,False,False,False
Cc1cc(C)c1,True,CC1=CC(C)=C1,CC1=CC(C)=C1,[],False,20,0.13043478260869565,True,True,True,True,True,True,False,['too_small'],0.0,6.0,True,True,False,False,[],[],[],[],no_LA_LB,,True,False,False,False
Cc1ccc(C)cc(C)c(Cl)c(C)cc2C)c2c(C)c1,False,,,"['unbalanced_parentheses', 'parse_failure']",False,0,,True,True,True,True,True,True,False,['invalid_smiles'],,,False,False,False,False,[],[],[],[],invalid,,True,False,False,False
Cc1ccccc2P(c2c(Cl)c(B(c2c(F)c(F)c(F)c(B(c2c(B(c2c(F)c(F)c(F)c(F)c(B(c3c(C)cc(C)c1,False,,,"['unbalanced_parentheses', 'unmatched_ring_closure', 'parse_failure']",False,0,,True,True,True,True,True,True,False,['invalid_smiles'],,,False,False,False,False,[],[],[],[],invalid,,True,False,False,False
CC(CB(c2cccc1P(c1c(C)cc(C)cc2C)cc2C)c2ccccc3C2(C)C,False,,,"['unbalanced_parentheses', 'unmatched_ring_closure', 'parse_failure']",False,0,,True,True,True,True,True,True,False,['invalid_smiles'],,,False,False,False,False,[],[],[],[],invalid,,True,False,False,False
Clc1c(F)c(F)c(F)c(F)c(F)c(F)c2F)c(F)c(F)c(F)c(F)c(F)c(F)c(F)c(F)c1F)c1P(c1c(Cl)c(C)cc(C)cc2C)cc1)c1cccc3c2oc2c(C)cc2C)c(P(CCB(c2c(P(c2c(F)c(F)c(F)c2F)c2F)c2F)c2c(C)cc2C),False,,,"['reached_max_length', 'unbalanced_parentheses', 'unmatched_ring_closure', 'parse_failure']",False,0,,True,True,True,True,True,True,False,['invalid_smiles'],,,False,False,False,False,[],[],[],[],invalid,,True,False,False,False
CC1(C)cc2C)c2c(Cl)c2c(F)c2F)c2F)c2F)P(c1c(Cl)c2Cl)c(Cl)c3cccc1C)c1,False,,,"['unbalanced_parentheses', 'unmatched_ring_closure', 'parse_failure']",False,0,,True,True,True,True,True,True,False,['invalid_smiles'],,,False,False,False,False,[],[],[],[],invalid,,True,False,False,False
CC(C)(C)CB(c1cc(C)cc(C(F)(F)F)c3)c3c(F)c(F)c(F)c(F)c(F)c1F,False,,,"['kekulization_failure', 'sanitization_failure']",False,0,,True,True,True,True,True,True,False,['invalid_smiles'],,,False,False,False,False,[],[],[],[],invalid,,True,False,False,False
CCCCCCC3)c12)C(C)(C)c3cc(C)c2c(Cl)c(Cl)c(Cl)c4cccc(B(c4cccc2P(c2ccc(OB(c2c(C)cc3C)=C3CCCCC1(C)CCC2)c(Cl)c(C2N(Cc1cc(C)c1cccc2)c2c(C)c(P(c2c(F)c(F)c3c(F)c(F)c(F)c(F)c2F)c,False,,,"['reached_max_length', 'unbalanced_parentheses', 'unmatched_ring_closure', 'parse_failure']",False,0,,True,True,True,True,True,True,False,['invalid_smiles'],,,False,False,False,False,[],[],[],[],invalid,,True,False,False,False
Cc1cccc3c2oc2c(Cl)c(Cl)c(Cl)c(Cl)c(Cl)c(Cl)c(Cl)c3Cl)c3cccc3B(c3cccc3C)C(C)(C)N1c1cc(C)cc3C2(C)c(Cl)c(C)c1,False,,,"['unbalanced_parentheses', 'unmatched_ring_closure', 'parse_failure']",False,0,,True,True,True,True,True,True,False,['invalid_smiles'],,,False,False,False,False,[],[],[],[],invalid,,True,False,False,False
Cc1cc(C(F)(F)F)c1F)c1F)c1F,False,,,"['unbalanced_parentheses', 'parse_failure']",False,0,,True,True,True,True,True,True,False,['invalid_smiles'],,,False,False,False,False,[],[],[],[],invalid,,True,False,False,False
Cc1ccc(c34)P2c2c(C)c1,False,,,"['unmatched_ring_closure', 'parse_failure']",False,0,,True,True,True,True,True,True,False,['invalid_smiles'],,,False,False,False,False,[],[],[],[],invalid,,True,False,False,False
CC1(CC)C(B(c3c(C(=C(B(c2c(C)cc(C)cc2C)c(Cl)c(Cl)c(Cl)c(Cl)c(Cl)c(Cl)c(Cl)c(Cl)c(Cl)c(Cl)c2Cl)c(Cl)c(Cl)c2Cl)c2Cl)c2Cl)n1,False,,,"['unbalanced_parentheses', 'unmatched_ring_closure', 'parse_failure']",False,0,,True,True,True,True,True,True,False,['invalid_smiles'],,,False,False,False,False,[],[],[],[],invalid,,True,False,False,False
Clc1c(Cl)c1c(F)c(F)c(F)c(F)c(F)c4F)c4c(F)c(F)c(F)c(F)c([P+]2(c2cccccc2)cc1,False,,,"['unmatched_ring_closure', 'parse_failure']",False,0,,True,True,True,True,True,True,False,['invalid_smiles'],,,False,False,False,False,[],[],[],[],invalid,,True,False,False,False
CC(CCP(C(C)(C)C)cc(C)c1,False,,,"['unbalanced_parentheses', 'unmatched_ring_closure', 'parse_failure']",False,0,,True,True,True,True,True,True,False,['invalid_smiles'],,,False,False,False,False,[],[],[],[],invalid,,True,False,False,False
Clc1c(F)c(F)c(F)c1cc(C)c(Cl)c(C)c1cc(C)cc2C)c2c(Cl)c(Cl)c1Cl,False,,,"['unbalanced_parentheses', 'parse_failure']",False,0,,True,True,True,True,True,True,False,['invalid_smiles'],,,False,False,False,False,[],[],[],[],invalid,,True,False,False,False
Fc1c(Cl)c(C)cc2C)cc(C)c(P(CCC(C)(C)C,False,,,"['unbalanced_parentheses', 'unmatched_ring_closure', 'parse_failure']",False,0,,True,True,True,True,True,True,False,['invalid_smiles'],,,False,False,False,False,[],[],[],[],invalid,,True,False,False,False
CC1(C)OB(c2c(Cl)c1Cl,False,,,"['unbalanced_parentheses', 'unmatched_ring_closure', 'parse_failure']",False,0,,True,True,True,True,True,True,False,['invalid_smiles'],,,False,False,False,False,[],[],[],[],invalid,,True,False,False,False
Fc1c(Cl)c(Cl)c(Cl)c3ccccc1,False,,,"['unmatched_ring_closure', 'parse_failure']",False,0,,True,True,True,True,True,True,False,['invalid_smiles'],,,False,False,False,False,[],[],[],[],invalid,,True,False,False,False
Cc1cc(C)cc1,False,,,"['kekulization_failure', 'sanitization_failure']",False,0,,True,True,True,True,True,True,False,['invalid_smiles'],,,False,False,False,False,[],[],[],[],invalid,,True,False,False,False
Cc1ccccc4cccc2C(C)C[B-]2(c3c(C)cc(C)cc2C)c(Cl)c(Cl)c(Cl)c(Cl)c(Cl)c2c(C)cc3C2(C)C,False,,,"['unmatched_ring_closure', 'parse_failure']",False,0,,True,True,True,True,True,True,False,['invalid_smiles'],,,False,False,False,False,[],[],[],[],invalid,,True,False,False,False
Cc1ccc(c34)P2c2ccccc3)C=C(B(c2c(F)c(F)c(F)c3F)C(C)(B(c2cccc(C)cc(-c3cccc3B(c3c(F)c(F)c(F)c(F)c(F)c(F)c(F)c(F)c(F)c(F)c(F)c(F)c(F)c(F)c(F)c(F)c(F)c(B(c2c(Cl)c(Cl)c(Cl)c(C,False,,,"['reached_max_length', 'unbalanced_parentheses', 'unmatched_ring_closure', 'parse_failure']",False,0,,True,True,True,True,True,True,False,['invalid_smiles'],,,False,False,False,False,[],[],[],[],invalid,,True,False,False,False
Cc1cc(C)cc(B(C2=C3CCC(C)(C)C,False,,,"['unbalanced_parentheses', 'unmatched_ring_closure', 'parse_failure']",False,0,,True,True,True,True,True,True,False,['invalid_smiles'],,,False,False,False,False,[],[],[],[],invalid,,True,False,False,False
CC(C)(C)cc(C)cc(C)cc(C)cc(C)cc1)N1C(C)(C)C,False,,,"['unbalanced_parentheses', 'parse_failure']",False,0,,True,True,True,True,True,True,False,['invalid_smiles'],,,False,False,False,False,[],[],[],[],invalid,,True,False,False,False
Fc1c(F)c(F)c(F)c(C2N(Cc3ccccc3)C=C2B(c2c(F)c(F)c(F)c(F)c(F)c1F,False,,,"['unbalanced_parentheses', 'unmatched_ring_closure', 'parse_failure']",False,0,,True,True,True,True,True,True,False,['invalid_smiles'],,,False,False,False,False,[],[],[],[],invalid,,True,False,False,False
CC(C)(C)C)CCCCC2N2CCCC(C)(C)C)cc2C)c2cc(-c3cccc2)c2c(C)c(Cl)c(Cl)c(Cl)c(C)cc3C)C(c3c(F)c(F)c2ccccc2N(Cc1cc(C)cc2C)c2c(B(C2=C3CCC(B(c1c(C)c(Cl)c(Cl)c(C2N(Cc3cccccc1B(c1cc,False,,,"['reached_max_length', 'unbalanced_parentheses', 'unmatched_ring_closure', 'parse_failure']",False,0,,True,True,True,True,True,True,False,['invalid_smiles'],,,False,False,False,False,[],[],[],[],invalid,,True,False,False,False
Clc1c(F)c(F)c(F)c1F)CP(c1c(C)cc(C)cc(B(c2cccc1)c1c(Cl)c(Cl)c(Cl)c(C)c1c(F)c(F)c(B(c4c(F)c(F)c(F)c2F)C2C3CCCC1)C2(c2c(F)c(F)c(F)c(F)c(F)c(F)c4F)cccc3B(c3c(Cl)c(Cl)c3Cl)c(,False,,,"['reached_max_length', 'unbalanced_parentheses', 'unmatched_ring_closure', 'parse_failure']",False,0,,True,True,True,True,True,True,False,['invalid_smiles'],,,False,False,False,False,[],[],[],[],invalid,,True,False,False,False
CC1(C)c1,False,,,['parse_failure'],False,0,,True,True,True,True,True,True,False,['invalid_smiles'],,,False,False,False,False,[],[],[],[],invalid,,True,False,False,False
CC(C)C,True,CC(C)C,CC(C)C,[],False,9,0.1111111111111111,True,True,True,True,True,True,False,['too_small'],0.0,4.0,True,True,False,False,[],[],[],[],no_LA_LB,,True,False,False,False
Fc1c(C)c(Cl)c2C)c(Cl)c(Cl)c(Cl)c(Cl)c(Cl)c2c(P(c2c(F)c2F)c2F)c2F)c2c(Cl)c(Cl)c(Cl)c2Cl)c(Cl)c(Cl)c(Cl)c(Cl)c(C)c1,False,,,"['unbalanced_parentheses', 'parse_failure']",False,0,,True,True,True,True,True,True,False,['invalid_smiles'],,,False,False,False,False,[],[],[],[],invalid,,True,False,False,False
Fc1c(Cl)c2c(F)c(F)c(F)c(F)c(F)c(F)c(F)c(F)c3F)c3F)c3F)CC(C)C)B(c1c(F)c(F)c1F)c1F)(c1c(C)cc2C)cc2C)c(Cl)c(Cl)c3c(F)c1c(F)c(F)c(F)c(F)c1F)=C(c1cc(C)c1,False,,,"['unbalanced_parentheses', 'unmatched_ring_closure', 'parse_failure']",False,0,,True,True,True,True,True,True,False,['invalid_smiles'],,,False,False,False,False,[],[],[],[],invalid,,True,False,False,False
ClB(c1cc(C)cc2C(C)(C)N1c1cc(C)c2c(F)c(F)c(F)c(F)c(F)c(F)c1c(F)c2F)C2(c2cccc2)c2cccc3C2(C)C)cc(C(F)(F)F)c3F)c3F)c3cccccc3)c3c(F)c(F)c(F)c2F)c2F)c2c(F)c3)c3c(F)c(F)c1F,False,,,"['unbalanced_parentheses', 'unmatched_ring_closure', 'parse_failure']",False,0,,True,True,True,True,True,True,False,['invalid_smiles'],,,False,False,False,False,[],[],[],[],invalid,,True,False,False,False
CC1(C)C[B-](c2c(Cl)c(Cl)c(Cl)c1c(F)c(F)c(F)c2F)c2F)c2F)P(c1c(C)c(Cl)c1Cl,False,,,"['unbalanced_parentheses', 'parse_failure']",False,0,,True,True,True,True,True,True,False,['invalid_smiles'],,,False,False,False,False,[],[],[],[],invalid,,True,False,False,False
Cc1ccc(C)cc1,True,Cc1ccc(C)cc1,Cc1ccc(C)cc1,[],True,1,0.2222222222222222,True,True,True,True,True,True,False,['too_small'],0.0,8.0,True,True,False,False,[],[],[],[],no_LA_LB,,True,False,False,False
Cc1ccccc2cccc2)c2c(F)c(F)c1F)c1cccc23)c(C)cc1C)c1,False,,,"['unbalanced_parentheses', 'unmatched_ring_closure', 'parse_failure']",False,0,,True,True,True,True,True,True,False,['invalid_smiles'],,,False,False,False,False,[],[],[],[],invalid,,True,False,False,False
CC(C)(C)cc3C2(C)C,False,,,"['unmatched_ring_closure', 'parse_failure']",False,0,,True,True,True,True,True,True,False,['invalid_smiles'],,,False,False,False,False,[],[],[],[],invalid,,True,False,False,False
Cc1cccccccccc3)C3CCCCCCC2)c(F)c(F)c(F)c(F)c(F)c2F)c(F)c(F)c1F)CP(c1ccccc2)OC1(C)C)CCC2N2CCCC32)c(F)c(F)c3F)c3)c3c(Cl)c1Cl)c1Cl,False,,,"['unbalanced_parentheses', 'parse_failure']",False,0,,True,True,True,True,True,True,False,['invalid_smiles'],,,False,False,False,False,[],[],[],[],invalid,,True,False,False,False
CC(C)(C)C)cc(C(F)(F)F)c3F)c3cc(C)cc2C)c2c(F)c(F)c(F)c(F)c(F)c(F)c(F)c2F)c2F)c2F)C2CCCC2)cc1C)c1,False,,,"['unbalanced_parentheses', 'unmatched_ring_closure', 'parse_failure']",False,0,,True,True,True,True,True,True,False,['invalid_smiles'],,,False,False,False,False,[],[],[],[],invalid,,True,False,False,False
Clc1c(C)cc2C)c(Cl)c(Cl)c2Cl)c(B(c1cc1c(Cl)c(Cl)c(Cl)c(Cl)c(Cl)c(C(C)(C)[P+]2(c2c(F)c(F)c(F)c(F)c(F)c(F)c(F)c(F)c2F)c(F)c1F)c1F)c1cc(C)c(Cl)c2Cl)CCP1c1cccc1)c1c(Cl)c1Cl)C,False,,,"['reached_max_length', 'unbalanced_parentheses', 'unmatched_ring_closure', 'parse_failure']",False,0,,True,True,True,True,True,True,False,['invalid_smiles'],,,False,False,False,False,[],[],[],[],invalid,,True,False,False,False
Cc1cccc3c4c(Cl)c2cccc2-3)c21,False,,,"['unbalanced_parentheses', 'unmatched_ring_closure', 'parse_failure']",False,0,,True,True,True,True,True,True,False,['invalid_smiles'],,,False,False,False,False,[],[],[],[],invalid,,True,False,False,False
c1cc(C)cc4C)c4cccc4cccc3c2-c2c(C)cc1,False,,,"['unbalanced_parentheses', 'unmatched_ring_closure', 'parse_failure']",False,0,,True,True,True,True,True,True,False,['invalid_smiles'],,,False,False,False,False,[],[],[],[],invalid,,True,False,False,False
Cc1cccc2)c2c(B(c2c(Cl)c(Cl)c(Cl)c(Cl)c(Cl)c(Cl)c2cccc2B2OCC(C)(C)cc2C)c2c(B(CCP(CCB(c2c(F)c(F)c1F,False,,,"['unbalanced_parentheses', 'unmatched_ring_closure', 'parse_failure']",False,0,,True,True,True,True,True,True,False,['invalid_smiles'],,,False,False,False,False,[],[],[],[],invalid,,True,False,False,False
CC(C)C)C(CB(c1c(Cl)c(Cl)c(C(=CC(C)(C)P(c1ccc(C)c1,False,,,"['unbalanced_parentheses', 'unmatched_ring_closure', 'parse_failure']",False,0,,True,True,True,True,True,True,False,['invalid_smiles'],,,False,False,False,False,[],[],[],[],invalid,,True,False,False,False
CC(C)(C)P(B(c2c(F)c1F)c1F)(c1c(F)c(F)c2F)c2ccccc3c2oc2c(Cl)c(Cl)c1c(Cl)c(Cl)c(Cl)c(Cl)c3c(F)c1c(Cl)c(Cl)c(Cl)c(Cl)c4Cl)c(Cl)c(Cl)c(Cl)c3Cl)c(Cl)c(Cl)c(Cl)c(Cl)c2c(F)c(F),False,,,"['reached_max_length', 'unbalanced_parentheses', 'unmatched_ring_closure', 'parse_failure']",False,0,,True,True,True,True,True,True,False,['invalid_smiles'],,,False,False,False,False,[],[],[],[],invalid,,True,False,False,False
Cc1cc(C(C)(C)C,False,,,"['unbalanced_parentheses', 'unmatched_ring_closure', 'parse_failure']",False,0,,True,True,True,True,True,True,False,['invalid_smiles'],,,False,False,False,False,[],[],[],[],invalid,,True,False,False,False
c1cc(C)c(Cl)c2Cl)c(C)cc1C,False,,,"['unbalanced_parentheses', 'unmatched_ring_closure', 'parse_failure']",False,0,,True,True,True,True,True,True,False,['invalid_smiles'],,,False,False,False,False,[],[],[],[],invalid,,True,False,False,False
CC(C)C=C2B(c2ccc3B(c3c(C(F)(F)F)c3cc(C)c(P(c2c(F)c(F)c3cccc2O1)C(C)(C)N1C(C)(CC)CCC2N2CCCCC3C(c3c(F)c(F)c(F)c(F)c(F)c4F)c4c(F)c(F)c(F)c(F)c2F)c(F)c(F)c(F)c(F)c(F)c(F)c(F,False,,,"['reached_max_length', 'unbalanced_parentheses', 'unmatched_ring_closure', 'parse_failure']",False,0,,True,True,True,True,True,True,False,['invalid_smiles'],,,False,False,False,False,[],[],[],[],invalid,,True,False,False,False
CC1(C)C,False,,,"['unmatched_ring_closure', 'parse_failure']",False,0,,True,True,True,True,True,True,False,['invalid_smiles'],,,False,False,False,False,[],[],[],[],invalid,,True,False,False,False
Cc1ccc(B3c4c(F)c(F)c(F)c2F)c2F)c(F)c1F)c1F)c1F,False,,,"['unbalanced_parentheses', 'unmatched_ring_closure', 'parse_failure']",False,0,,True,True,True,True,True,True,False,['invalid_smiles'],,,False,False,False,False,[],[],[],[],invalid,,True,False,False,False
CC(=CCB(c1c(F)c(BP(c2c(F)c(F)c(F)c1F,False,,,"['unbalanced_parentheses', 'unmatched_ring_closure', 'parse_failure']",False,0,,True,True,True,True,True,True,False,['invalid_smiles'],,,False,False,False,False,[],[],[],[],invalid,,True,False,False,False
CCN(CC)(C)C)n(B(c3c(Cl)c1Cl,False,,,"['unbalanced_parentheses', 'unmatched_ring_closure', 'parse_failure']",False,0,,True,True,True,True,True,True,False,['invalid_smiles'],,,False,False,False,False,[],[],[],[],invalid,,True,False,False,False
CN1c2c(Cl)c(Cl)c(Cl)c2c(Cl)c2Cl)c1c(Cl)c1cccc2)c2c(Cl)c3cccc3)c3c(Cl)c1Cl)c(Cl)c(Cl)c(C2N(Cc3cccc3)c3c(Cl)c(Cl)c(Cl)c(Cl)c(Cl)c(Cl)c1ccc(P(c3c(Cl)c2c(F)c(B(c2c(F)c(C23CC,False,,,"['reached_max_length', 'unbalanced_parentheses', 'unmatched_ring_closure', 'parse_failure']",False,0,,True,True,True,True,True,True,False,['invalid_smiles'],,,False,False,False,False,[],[],[],[],invalid,,True,False,False,False
Cc1cccc2N(c2cccc(B(c2ccccc3)C[B-]2(c2c(Cl)c(Cl)c(Cl)c(Cl)c(Cl)c(Cl)c(Cl)c2Cl)c(Cl)c(C)cc2C)c2c(C)c(P(c2cccc2B(c2c(Cl)c(Cl)c(Cl)c(Cl)c(Cl)c2Cl)c(Cl)c1Cl,False,,,"['unbalanced_parentheses', 'unmatched_ring_closure', 'parse_failure']",False,0,,True,True,True,True,True,True,False,['invalid_smiles'],,,False,False,False,False,[],[],[],[],invalid,,True,False,False,False
Cc1cc(C)c(Cl)c(Cl)c(C2N(Cc3cccc1P(c1c(F)c(F)c(F)c2ccccc1B(c1c(F)c(F)c(F)c(F)c(F)c(F)c2cccc3cccc2)c(Cl)c2Cl)c(Cl)c(Cl)c(Cl)c(C)c1c(Cl)c(B(c4c(Cl)c(Cl)c3Cl)c(Cl)c1c(Cl)c2c,False,,,"['reached_max_length', 'unbalanced_parentheses', 'unmatched_ring_closure', 'parse_failure']",False,0,,True,True,True,True,True,True,False,['invalid_smiles'],,,False,False,False,False,[],[],[],[],invalid,,True,False,False,False
Cc1ccccccc3C2(C)C,False,,,"['unmatched_ring_closure', 'parse_failure']",False,0,,True,True,True,True,True,True,False,['invalid_smiles'],,,False,False,False,False,[],[],[],[],invalid,,True,False,False,False
CC(B(c3c(Cl)c(Cl)c(Cl)c(C)c1,False,,,"['unbalanced_parentheses', 'unmatched_ring_closure', 'parse_failure']",False,0,,True,True,True,True,True,True,False,['invalid_smiles'],,,False,False,False,False,[],[],[],[],invalid,,True,False,False,False
Cc1cc(C)cc1,False,,,"['kekulization_failure', 'sanitization_failure']",False,0,,True,True,True,True,True,True,False,['invalid_smiles'],,,False,False,False,False,[],[],[],[],invalid,,True,False,False,False
Cc1cc(C)cc1,False,,,"['kekulization_failure', 'sanitization_failure']",False,0,,True,True,True,True,True,True,False,['invalid_smiles'],,,False,False,False,False,[],[],[],[],invalid,,True,False,False,False
Cc1cc(C(C)CCC[P+]2(c3c(Cl)c(Cl)c3c(Cl)c1Cl)c(Cl)ccccc1B(Cl)c(Cl)c(Cl)c(C)cc1C,False,,,"['unbalanced_parentheses', 'unmatched_ring_closure', 'parse_failure']",False,0,,True,True,True,True,True,True,False,['invalid_smiles'],,,False,False,False,False,[],[],[],[],invalid,,True,False,False,False
CC1(C)OB(c2c(C)cc3C)c2cccc3c2Oc2cccc3)C[B-]2(c2c(C)c1,False,,,"['unmatched_ring_closure', 'parse_failure']",False,0,,True,True,True,True,True,True,False,['invalid_smiles'],,,False,False,False,False,[],[],[],[],invalid,,True,False,False,False
CC(=CCB(c2c(Cl)c2c(Cl)c(Cl)c(C)cc2C)c(Cl)c1cccccc2)c(C)cc2C)c(Cl)c(Cl)c1Cl)c(Cl)c3Cl)c2Cl)c(Cl)c(Cl)c(Cl)c(Cl)c2cccc23)c(Cl)c(Cl)c(Cl)c2Cl)c(Cl)c1Cl,False,,,"['unbalanced_parentheses', 'unmatched_ring_closure', 'parse_failure']",False,0,,True,True,True,True,True,True,False,['invalid_smiles'],,,False,False,False,False,[],[],[],[],invalid,,True,False,False,False
CC(C)P(c2c(C)cc(C(F)(F)F)c(F)c(F)c(F)c1F)c1F)C(c1c(Cl)c3Cl)c(Cl)c(Cl)c3Cl)c2c(F)c(F)c3F)c3c(Cl)c(Cl)c(Cl)c(B(c3ccccc3)ccccc2B(c2ccccc3N(Cc1cc(C)cc(B2c3ccccc1)c1c(Cl)c(Cl,False,,,"['reached_max_length', 'unbalanced_parentheses', 'unmatched_ring_closure', 'parse_failure']",False,0,,True,True,True,True,True,True,False,['invalid_smiles'],,,False,False,False,False,[],[],[],[],invalid,,True,False,False,False
Cc1ccc(OB(c2c(C)cc(-c3cccc3)c(Cl)c1Cl)c(Cl)c(Cl)c(C)c(P(c4cccc(C)c(P(c2cccc2)c2c(F)c(F)c2c(Cl)c(Cl)c(Cl)c1c(Cl)c(Cl)c(Cl)c3c(Cl)c(Cl)c2c(C)c([P+]1(c1c(Cl)c(Cl)c(Cl)c(Cl),False,,,"['reached_max_length', 'unbalanced_parentheses', 'unmatched_ring_closure', 'parse_failure']",False,0,,True,True,True,True,True,True,False,['invalid_smiles'],,,False,False,False,False,[],[],[],[],invalid,,True,False,False,False
Fc1c(F)c(F)c(F)c(F)c(F)c(F)c(F)c(Cl)c3c(F)c(F)c2F)c2F)c2F)c(F)c(F)c(F)c(F)c(F)c(F)c(F)c(F)c(F)c(F)c(Cl)c(Cl)c1P(c1c(Cl)c(Cl)c(Cl)c2Cl)c1c(Cl)c2Cl)N2CCCC3)c2c(F)c(F)c(F)c,False,,,"['reached_max_length', 'unbalanced_parentheses', 'unmatched_ring_closure', 'parse_failure']",False,0,,True,True,True,True,True,True,False,['invalid_smiles'],,,False,False,False,False,[],[],[],[],invalid,,True,False,False,False
Cc1cc(C)cc(C)cc3C)c2c(B(c2c(F)c(F)c(F)c(F)c(F)c(F)c(F)c(F)c2F)c2c(C)cc2C)c([P+]2(c2cccc3)cccc1,False,,,"['unmatched_ring_closure', 'parse_failure']",False,0,,True,True,True,True,True,True,False,['invalid_smiles'],,,False,False,False,False,[],[],[],[],invalid,,True,False,False,False
Cc1cccccc3C)c3ccccc1B(c1ccccc2)c2cccc1,False,,,"['unbalanced_parentheses', 'parse_failure']",False,0,,True,True,True,True,True,True,False,['invalid_smiles'],,,False,False,False,False,[],[],[],[],invalid,,True,False,False,False
Fc1c(Cl)c(Cl)c(C)c1,False,,,"['kekulization_failure', 'sanitization_failure']",False,0,,True,True,True,True,True,True,False,['invalid_smiles'],,,False,False,False,False,[],[],[],[],invalid,,True,False,False,False
CC(B(c3c(F)c(F)c(F)c2F)c2F)c(Cl)c(Cl)c2c(C)c(Cl)c(C)c2c(F)c(F)c3F)c3F)c3c(Cl)c(Cl)c(Cl)c(C)cc3C2(C)C,False,,,"['unbalanced_parentheses', 'unmatched_ring_closure', 'parse_failure']",False,0,,True,True,True,True,True,True,False,['invalid_smiles'],,,False,False,False,False,[],[],[],[],invalid,,True,False,False,False
Clc1c(Cl)c(Cl)c1Cl,True,ClC1=C(Cl)C(Cl)=C1Cl,ClC1=C(Cl)C(Cl)=C1Cl,[],True,1,0.14285714285714285,True,True,True,True,True,True,False,['too_small'],0.0,8.0,True,True,False,False,[],[],[],[],no_LA_LB,,True,False,False,False
CC(=C(B(c2cccc(P(c2c(F)c(F)c3F)c3c(Cl)c(Cl)c(Cl)c2Cl)c1Cl)c1c(Cl)c(Cl)c2cccc1)N1CCCC2)c(F)c(F)c(F)c2F)c2c(C)cc(C)c(Cl)c(Cl)c1c(Cl)c2Cl)c2Cl)c1cc(C)c(P(c2c(F)c(F)c2c(Cl)c,False,,,"['reached_max_length', 'unbalanced_parentheses', 'unmatched_ring_closure', 'parse_failure']",False,0,,True,True,True,True,True,True,False,['invalid_smiles'],,,False,False,False,False,[],[],[],[],invalid,,True,False,False,False
Cc1cc(C)c(P(c2c(F)c(F)c(F)c(F)c3F)c3F)c3)cc2C)c(Cl)c(Cl)c2Cl)C2CCCC(B(c4cccc2)c2cc(C)c1,False,,,"['unbalanced_parentheses', 'unmatched_ring_closure', 'parse_failure']",False,0,,True,True,True,True,True,True,False,['invalid_smiles'],,,False,False,False,False,[],[],[],[],invalid,,True,False,False,False
Clc1c(F)c(F)c(F)c(B(c3ccccc(B(c2c(C)cc2C(C)(C)N1C(C)P(B(c2cccc3c2-c2ccccc2P(C2C[B-]2(c2c(Cl)c(Cl)c(Cl)c(Cl)c(Cl)c(Cl)c(Cl)c2Cl)c(C2N(Cc3ccccc2)c(Cl)c(Cl)c2ccccc3)C[B-]2(,False,,,"['reached_max_length', 'unbalanced_parentheses', 'parse_failure']",False,0,,True,True,True,True,True,True,False,['invalid_smiles'],,,False,False,False,False,[],[],[],[],invalid,,True,False,False,False
Cc1ccccn2)c2c(B(c2c(Cl)c(Cl)c(C)cc2C)c(C(=CCB(c2c(Cl)c2Cl)c(Cl)c(Cl)c(Cl)c2Cl)c2c(B(c2cccc2-3)c2c(F)c(F)c(B(c2c(F)c(F)c(F)c(F)c(F)c(F)c1F,False,,,"['unbalanced_parentheses', 'unmatched_ring_closure', 'parse_failure']",False,0,,True,True,True,True,True,True,False,['invalid_smiles'],,,False,False,False,False,[],[],[],[],invalid,,True,False,False,False
CC(=C(B(c2c(F)c(F)c(F)c2c(F)c(F)c(F)c(F)c(F)c3c2oc2c(Cl)c(Cl)c(C2N(Cc3cc(C)c3cccccc3)C3CCCCC3)C2P(c2cccc1B(c2c(F)c1F,False,,,"['unbalanced_parentheses', 'parse_failure']",False,0,,True,True,True,True,True,True,False,['invalid_smiles'],,,False,False,False,False,[],[],[],[],invalid,,True,False,False,False
CC1(C)C)B(c2c(B(c1cc(C)cc(C)c2Cl)c(Cl)c3ccccc4)c23)c(Cl)c4Cl)c(Cl)c(C(F)(F)F)c3cc(C)cc1C,False,,,"['unbalanced_parentheses', 'unmatched_ring_closure', 'parse_failure']",False,0,,True,True,True,True,True,True,False,['invalid_smiles'],,,False,False,False,False,[],[],[],[],invalid,,True,False,False,False
c1cc(C)cc(C)cc(C)cc(C)cc2C)c(PC(=C(B(c4c(F)c(F)c(F)c(F)c(F)c(F)c2c(F)c(F)c(F)c(F)c(F)c2cccc3B(c3c(Cl)c(Cl)c(Cl)c(Cl)c(Cl)c(Cl)c(Cl)c(Cl)c(Cl)c(Cl)c1Cl)c(Cl)c(Cl)c(Cl)c1C,False,,,"['reached_max_length', 'unbalanced_parentheses', 'unmatched_ring_closure', 'parse_failure']",False,0,,True,True,True,True,True,True,False,['invalid_smiles'],,,False,False,False,False,[],[],[],[],invalid,,True,False,False,False
Cc1cc(C)c([P+]2(c2c(Cl)c3c(F)c1F,False,,,"['unbalanced_parentheses', 'unmatched_ring_closure', 'parse_failure']",False,0,,True,True,True,True,True,True,False,['invalid_smiles'],,,False,False,False,False,[],[],[],[],invalid,,True,False,False,False
Clc1c(F)c(F)c(F)c(F)c(F)c(F)c1F,True,FC1=C(F)C(F)=C(F)C(Cl)=C(F)C(F)=C1F,FC1=C(F)C(F)=C(F)C(Cl)=C(F)C(F)=C1F,[],True,2,0.16666666666666666,True,True,True,True,True,True,True,[],0.0,16.0,True,True,False,False,[],[],[],[],no_LA_LB,,True,False,False,False
Clc1c(F)c(F)c(F)c(F)c(F)c(F)c3ccccc3)C=C2B(c2c(Cl)c1Cl)c(Cl)c(Cl)c(Cl)c2Cl)c(Cl)c(Cl)c(Cl)c(Cl)c1Cl)c3Cl)(c3ccccc2C(C)(C)C)B(c2c(F)c(F)c(F)c(F)c1F)c1F)c1F)=C(c1c(F)c2ccc,False,,,"['reached_max_length', 'unbalanced_parentheses', 'unmatched_ring_closure', 'parse_failure']",False,0,,True,True,True,True,True,True,False,['invalid_smiles'],,,False,False,False,False,[],[],[],[],invalid,,True,False,False,False
Cc1cccc43)c12)C(C)(C)cc(C)c1cccc1,False,,,"['unbalanced_parentheses', 'unmatched_ring_closure', 'parse_failure']",False,0,,True,True,True,True,True,True,False,['invalid_smiles'],,,False,False,False,False,[],[],[],[],invalid,,True,False,False,False
CC(C)(C)C)N1Cc1cc(C)c1,False,,,"['unbalanced_parentheses', 'unmatched_ring_closure', 'parse_failure']",False,0,,True,True,True,True,True,True,False,['invalid_smiles'],,,False,False,False,False,[],[],[],[],invalid,,True,False,False,False
CC1(C)C=C2B(c2c(F)c(F)c(F)c2F)n1,False,,,"['unmatched_ring_closure', 'parse_failure']",False,0,,True,True,True,True,True,True,False,['invalid_smiles'],,,False,False,False,False,[],[],[],[],invalid,,True,False,False,False
Cc1cccc3)cccc2C)c2cccc1P(c1c(F)c(F)c(F)c(F)c(F)c(F)c(F)c(F)c1F,False,,,"['unbalanced_parentheses', 'unmatched_ring_closure', 'parse_failure']",False,0,,True,True,True,True,True,True,False,['invalid_smiles'],,,False,False,False,False,[],[],[],[],invalid,,True,False,False,False
Cc1cccc2)c2cccc(P(CCB(c2cccc2C)c2c(C)c1c(Cl)c(Cl)c(Cl)c(Cl)c(Cl)c3c(Cl)c2Cl)C2CC(P(c2cccccc3cccc1P(c1cc(C)c1,False,,,"['unbalanced_parentheses', 'unmatched_ring_closure', 'parse_failure']",False,0,,True,True,True,True,True,True,False,['invalid_smiles'],,,False,False,False,False,[],[],[],[],invalid,,True,False,False,False
CC(C)(C)C)C(c3c(C(F)(F)F)cc(C)cc2C)c2P2CCB(c3c(F)c(F)c(F)c(F)c(F)c(F)c(F)c(F)c(F)c(F)c(F)c3F)c(F)c(F)c(F)c(F)c(C)cccc(C)cc1)c1c(F)c(F)c(Cl)c(C)c(P(c2c(Cl)c(Cl)c(Cl)c(Cl),False,,,"['reached_max_length', 'unmatched_ring_closure', 'parse_failure']",False,0,,True,True,True,True,True,True,False,['invalid_smiles'],,,False,False,False,False,[],[],[],[],invalid,,True,False,False,False
Cc1cc(C)cc2C)C2CCCC2)cc1,False,,,"['unbalanced_parentheses', 'unmatched_ring_closure', 'parse_failure']",False,0,,True,True,True,True,True,True,False,['invalid_smiles'],,,False,False,False,False,[],[],[],[],invalid,,True,False,False,False
Cc1cc(C)cc(C)c1,True,Cc1cc(C)cc(C)c1,Cc1cc(C)cc(C)c1,[],True,2,0.25,True,True,True,True,True,True,False,['too_small'],0.0,9.0,True,True,False,False,[],[],[],[],no_LA_LB,,True,False,False,False
Cc1cccccc2P(c2c(F)c(F)c(F)c(F)c(F)c(F)c(F)c(F)c(Cl)c(Cl)c(Cl)c1Cl)c1Cl)C1c1cc(C)cc(C(F)(F)F)c3F)c3c(Cl)c(Cl)c1c(F)c(F)c(F)c1F,False,,,"['unbalanced_parentheses', 'unmatched_ring_closure', 'parse_failure']",False,0,,True,True,True,True,True,True,False,['invalid_smiles'],,,False,False,False,False,[],[],[],[],invalid,,True,False,False,False
Fc1c(Cl)c(Cl)c(Cl)c(Cl)c(Cl)c2Cl)c(Cl)c3c(C)cc(C)c1,False,,,"['unbalanced_parentheses', 'unmatched_ring_closure', 'parse_failure']",False,0,,True,True,True,True,True,True,False,['invalid_smiles'],,,False,False,False,False,[],[],[],[],invalid,,True,False,False,False
CC1(C)C,False,,,"['unmatched_ring_closure', 'parse_failure']",False,0,,True,True,True,True,True,True,False,['invalid_smiles'],,,False,False,False,False,[],[],[],[],invalid,,True,False,False,False
CN1c2c(Cl)c2Cl)C1c1ccc(P(c2c(Cl)c2c(F)c(B(c1cc(C)cc1C,False,,,"['unbalanced_parentheses', 'unmatched_ring_closure', 'parse_failure']",False,0,,True,True,True,True,True,True,False,['invalid_smiles'],,,False,False,False,False,[],[],[],[],invalid,,True,False,False,False
Cc1cc(C)c1,True,CC1=CC(C)=C1,CC1=CC(C)=C1,[],False,20,0.13043478260869565,True,True,True,True,True,True,False,['too_small'],0.0,6.0,True,True,False,False,[],[],[],[],no_LA_LB,,True,False,False,False
Cc1cc(C)cc1C)B(c2c(C)c1,False,,,"['unmatched_ring_closure', 'parse_failure']",False,0,,True,True,True,True,True,True,False,['invalid_smiles'],,,False,False,False,False,[],[],[],[],invalid,,True,False,False,False
CCC(C)(C)C,True,CCC(C)(C)C,CCC(C)(C)C,[],True,2,0.15384615384615385,True,True,True,True,True,True,False,['too_small'],0.0,6.0,True,True,False,False,[],[],[],[],no_LA_LB,,True,False,False,False
CC1C[B-](c3cccc4)c4cccc2)N2CCCCC3)c(Cl)c3Cl)c(Cl)c(Cl)c3Cl)c4ccccccc3c2oc2c(F)c(F)c(F)c(F)c(F)c(F)c(F)c(F)c(F)c(F)c(F)c(F)c(F)c1c(Cl)c2ccccc2)cc1C)c1,False,,,"['unbalanced_parentheses', 'unmatched_ring_closure', 'parse_failure']",False,0,,True,True,True,True,True,True,False,['invalid_smiles'],,,False,False,False,False,[],[],[],[],invalid,,True,False,False,False
Cc1ccccc2)c2cccc(P(CCCCCB(c2c(F)c2F)c(B(CCP(c1c(F)c2F)c2F)C2CC(P(c3c(Cl)c(Cl)c(Cl)c1c(F)c(F)c(F)c(F)c(F)c(F)c(F)c2cc(-c2c-3cccc2)cc1,False,,,"['unbalanced_parentheses', 'parse_failure']",False,0,,True,True,True,True,True,True,False,['invalid_smiles'],,,False,False,False,False,[],[],[],[],invalid,,True,False,False,False
CC(CB(c1cc(CCC(C)(C)C)cc(C)c1c(Cl)c(Cl)c(Cl)cc(C)cc1C,False,,,"['unbalanced_parentheses', 'unmatched_ring_closure', 'parse_failure']",False,0,,True,True,True,True,True,True,False,['invalid_smiles'],,,False,False,False,False,[],[],[],[],invalid,,True,False,False,False
Cc1cc(C)c1,True,CC1=CC(C)=C1,CC1=CC(C)=C1,[],False,20,0.13043478260869565,True,True,True,True,True,True,False,['too_small'],0.0,6.0,True,True,False,False,[],[],[],[],no_LA_LB,,True,False,False,False
Cc1cc(N(c2cccc(B(c1c(Cl)c(Cl)c(C2CCCCCC3)c12)C(C)P(B(c3c(F)c2F)c2F)c(F)c(F)c(F)c(F)c(F)c(F)c1F,False,,,"['unbalanced_parentheses', 'unmatched_ring_closure', 'parse_failure']",False,0,,True,True,True,True,True,True,False,['invalid_smiles'],,,False,False,False,False,[],[],[],[],invalid,,True,False,False,False
Cc1cc(C)c(Cl)c2c(C)cc(C)c(Cl)c(C)cc(C)cc(-c3c(Cl)c(Cl)c(Cl)c(Cl)c(Cl)c2Cl)c3cccccc3C)=C3CCCC3)c2c(Cl)c(Cl)c(Cl)c1Cl,False,,,"['unbalanced_parentheses', 'unmatched_ring_closure', 'parse_failure']",False,0,,True,True,True,True,True,True,False,['invalid_smiles'],,,False,False,False,False,[],[],[],[],invalid,,True,False,False,False
CC(=CC(C)P(c2c(F)c(F)c(F)c2F)c(F)c(F)c(F)c(F)c(F)c(F)c(F)c(F)c(F)c(F)c(F)c(F)c2F)c2c(F)c(F)c4F)c4F)c4F)c4c(Cl)c2cccc2P(c2cc(C)c1,False,,,"['unbalanced_parentheses', 'unmatched_ring_closure', 'parse_failure']",False,0,,True,True,True,True,True,True,False,['invalid_smiles'],,,False,False,False,False,[],[],[],[],invalid,,True,False,False,False
Fc1c(F)c(F)c(F)c(F)c(F)c(F)c(F)c(F)c(F)c(F)c(F)c(F)c1F,True,Fc1c(F)c(F)c(F)c(F)c(F)c(F)c(F)c(F)c(F)c(F)c(F)c(F)c1F,Fc1c(F)c(F)c(F)c(F)c(F)c(F)c(F)c(F)c(F)c(F)c(F)c(F)c1F,[],True,1,0.2631578947368421,True,True,True,True,True,True,True,[],0.0,28.0,True,True,False,False,[],[],[],[],no_LA_LB,,True,False,False,False
Cc1cccc3C)C(B(c3c(C(F)(F)F)c3F)c3F)cccc3C2(C)C[B-]2(c2ccccc1,False,,,"['unmatched_ring_closure', 'parse_failure']",False,0,,True,True,True,True,True,True,False,['invalid_smiles'],,,False,False,False,False,[],[],[],[],invalid,,True,False,False,False
Fc1c(Cl)c(C)c(P(c4c(ccc(OB(c2cccc3)c3cccc2)c(Cl)c1c(Cl)c2ccccc4)cccc(C)cc3C)c(B(c2ccccc2C)c(Cl)c(Cl)c3Cl)c2c(F)c(F)c(F)c(F)c(F)c4c(F)c(F)c(F)c(F)c1c(C)c1,False,,,"['unbalanced_parentheses', 'unmatched_ring_closure', 'parse_failure']",False,0,,True,True,True,True,True,True,False,['invalid_smiles'],,,False,False,False,False,[],[],[],[],invalid,,True,False,False,False
CC(C)C,True,CC(C)C,CC(C)C,[],False,9,0.1111111111111111,True,True,True,True,True,True,False,['too_small'],0.0,4.0,True,True,False,False,[],[],[],[],no_LA_LB,,True,False,False,False
Fc1c(F)c(F)c(F)c(F)c(F)c(F)c3F)cc(C)cc(C)cc(C)cc2C)c(Cl)c(Cl)c(Cl)c(Cl)c(Cl)c1Cl)c3Cl)c(Cl)c(Cl)c(Cl)c(Cl)c2Cl)c1Cl)c(Cl)c(Cl)c1Cl,False,,,"['unbalanced_parentheses', 'parse_failure']",False,0,,True,True,True,True,True,True,False,['invalid_smiles'],,,False,False,False,False,[],[],[],[],invalid,,True,False,False,False
Cc1cccc3c2oc2c(C)c1,False,,,"['unmatched_ring_closure', 'parse_failure']",False,0,,True,True,True,True,True,True,False,['invalid_smiles'],,,False,False,False,False,[],[],[],[],invalid,,True,False,False,False
Cc1cccc3)cccc(B2c3cccc3C)C(C)C,False,,,"['unbalanced_parentheses', 'unmatched_ring_closure', 'parse_failure']",False,0,,True,True,True,True,True,True,False,['invalid_smiles'],,,False,False,False,False,[],[],[],[],invalid,,True,False,False,False
CC(C)(C)C,True,CC(C)(C)C,CC(C)(C)C,[],False,8,0.15,True,True,True,True,True,True,False,['too_small'],0.0,5.0,True,True,False,False,[],[],[],[],no_LA_LB,,True,False,False,False
c1cc(CCC(C)C)N1c1ccccc4)c4c(F)c(F)c(F)c1F)c1cc(C(C)(C)N1Cc1cc(C)cc(C)cc2C(C)(C)B(c1c(Cl)c(Cl)c1Cl,False,,,"['unmatched_ring_closure', 'parse_failure']",False,0,,True,True,True,True,True,True,False,['invalid_smiles'],,,False,False,False,False,[],[],[],[],invalid,,True,False,False,False
Cc1ccccc2B(c2cccc1,False,,,"['unbalanced_parentheses', 'parse_failure']",False,0,,True,True,True,True,True,True,False,['invalid_smiles'],,,False,False,False,False,[],[],[],[],invalid,,True,False,False,False
CC(C3)C2P(c2c(Cl)c(Cl)c(Cl)c2Cl)c(Cl)c1Cl)P(c2c(F)c(F)c(F)c(F)c(F)c(F)c(F)c(F)c(F)c(F)c(F)c4F)cc(C)c1,False,,,"['unbalanced_parentheses', 'unmatched_ring_closure', 'parse_failure']",False,0,,True,True,True,True,True,True,False,['invalid_smiles'],,,False,False,False,False,[],[],[],[],invalid,,True,False,False,False
CC(=CCB(c2c(Cl)c(Cl)c(B(c3c(C)c2c(F)c1F)c1c(Cl)c1ccc(B(c1c(F)c1F,False,,,"['unbalanced_parentheses', 'unmatched_ring_closure', 'parse_failure']",False,0,,True,True,True,True,True,True,False,['invalid_smiles'],,,False,False,False,False,[],[],[],[],invalid,,True,False,False,False
Cc1cc(C(C)(C)cc2B(c2c(F)c(B(c2cccc2B(c2c(Cl)c2c(F)c3cccc3c2-c2c(Cl)c(Cl)c(Cl)c2c(Cl)c(Cl)c(Cl)c2C)c(N(c2c(C)cc(CCC(C(C)(C)c(Cl)c(Cl)c2c(Cl)c(Cl)c2c(C)c1,False,,,"['unbalanced_parentheses', 'unmatched_ring_closure', 'parse_failure']",False,0,,True,True,True,True,True,True,False,['invalid_smiles'],,,False,False,False,False,[],[],[],[],invalid,,True,False,False,False
CCN(CC)CC(CB(c2c(F)c(F)c(F)c(F)c3F)c3)c3cccccc2)c2c(F)c(F)c(F)c(F)c(F)c3)c2c(Cl)c1cc(C)cc(C)c(P(c2ccccccc2c1cccc4)c23)cccc2)c2cccc5)c5cccc23)c(Cl)c(Cl)c3c(F)c(F)c1cc(C)c,False,,,"['reached_max_length', 'unbalanced_parentheses', 'unmatched_ring_closure', 'parse_failure']",False,0,,True,True,True,True,True,True,False,['invalid_smiles'],,,False,False,False,False,[],[],[],[],invalid,,True,False,False,False
Cc1cc(C(F)(F)F)cc(CCCC(C)P(B(c2c(C)c(C)cc2C)c2c(F)c(F)c1F,False,,,"['unbalanced_parentheses', 'unmatched_ring_closure', 'parse_failure']",False,0,,True,True,True,True,True,True,False,['invalid_smiles'],,,False,False,False,False,[],[],[],[],invalid,,True,False,False,False
Clc1c(Cl)c1Cl)C2C3CCC(B(c1cc(C)c2Cl)c1Cl,False,,,"['unmatched_ring_closure', 'parse_failure']",False,0,,True,True,True,True,True,True,False,['invalid_smiles'],,,False,False,False,False,[],[],[],[],invalid,,True,False,False,False
Cc1cc(C)c1,True,CC1=CC(C)=C1,CC1=CC(C)=C1,[],False,20,0.13043478260869565,True,True,True,True,True,True,False,['too_small'],0.0,6.0,True,True,False,False,[],[],[],[],no_LA_LB,,True,False,False,False
CC1(C)cc(C)c(Cl)c(Cl)c(Cl)c(Cl)c(Cl)c2Cl)c2Cl)c1Cl,False,,,"['unbalanced_parentheses', 'parse_failure']",False,0,,True,True,True,True,True,True,False,['invalid_smiles'],,,False,False,False,False,[],[],[],[],invalid,,True,False,False,False
Cc1cccc2)C1,False,,,"['unbalanced_parentheses', 'unmatched_ring_closure', 'parse_failure']",False,0,,True,True,True,True,True,True,False,['invalid_smiles'],,,False,False,False,False,[],[],[],[],invalid,,True,False,False,False
Cc1ccc(P(c2c(Cl)c2cccc5)c24)CC3)c(F)c(F)c(F)c(F)c2F)c2cccc2cccc2)c2c(Cl)c(Cl)c3Cl)C2CCCC2N2CCCC2B(c2c(C)c1,False,,,"['unbalanced_parentheses', 'unmatched_ring_closure', 'parse_failure']",False,0,,True,True,True,True,True,True,False,['invalid_smiles'],,,False,False,False,False,[],[],[],[],invalid,,True,False,False,False
Cc1ccccccccccc1B(c2cccccn2)c2c(Cl)c3Cl)c3Cl)[P+]2(c3c(Cl)c1Cl)c(B(c2cccc3)cc2C)c(Cl)c3Cl)C2)c(F)c2c(F)c(F)c(F)c(F)c(F)c1ccc(P(c2ccccc3c2Oc2cccc1P(c1cc(C)cc(C)cc(C)cc(C)c,False,,,"['reached_max_length', 'unbalanced_parentheses', 'unmatched_ring_closure', 'parse_failure']",False,0,,True,True,True,True,True,True,False,['invalid_smiles'],,,False,False,False,False,[],[],[],[],invalid,,True,False,False,False
Cc1cc(C)cc1,False,,,"['kekulization_failure', 'sanitization_failure']",False,0,,True,True,True,True,True,True,False,['invalid_smiles'],,,False,False,False,False,[],[],[],[],invalid,,True,False,False,False
Cc1cc(C)c(B(CCC(CB(c2c(F)c(F)c2F)c2F)c2c(Cl)c(Cl)c(Cl)c1Cl,False,,,"['unbalanced_parentheses', 'parse_failure']",False,0,,True,True,True,True,True,True,False,['invalid_smiles'],,,False,False,False,False,[],[],[],[],invalid,,True,False,False,False
Cc1ccc(P(c5cccc3C)C(C)P(c1cc(CB(c1cc(C)cc(C)c1c(F)c2F)c2F)C2CCC1C(c1c(Cl)c2c(F)c1F)c1F)C(C)(C)C2CCCCC2)c(F)c(F)c(F)c2F)n1,False,,,"['unbalanced_parentheses', 'unmatched_ring_closure', 'parse_failure']",False,0,,True,True,True,True,True,True,False,['invalid_smiles'],,,False,False,False,False,[],[],[],[],invalid,,True,False,False,False
Cc1cc(C)cc(C)c1ccccc32)c(Cl)c(C)cc2C)c(Cl)c(Cl)c(C)c1,False,,,"['unbalanced_parentheses', 'unmatched_ring_closure', 'parse_failure']",False,0,,True,True,True,True,True,True,False,['invalid_smiles'],,,False,False,False,False,[],[],[],[],invalid,,True,False,False,False
CC(C)(C)CB(c1cc(C)c(Cl)c(C)cc2C)c(B(C2=CC(C)P(c2c(C)cc2C)c2c(C)c1c(Cl)c(Cl)c(Cl)c(Cl)c(Cl)c(Cl)c4Cl)c(Cl)c(Cl)c(Cl)c(Cl)c2Cl)c1ccc(B(c3c(Cl)c(Cl)c(Cl)c(C)cc(-c2c(F)c2F)c,False,,,"['reached_max_length', 'unbalanced_parentheses', 'unmatched_ring_closure', 'parse_failure']",False,0,,True,True,True,True,True,True,False,['invalid_smiles'],,,False,False,False,False,[],[],[],[],invalid,,True,False,False,False
CC=C(B(c2cccc2c1cccc32)c(F)c(F)c2F)C1c1cc(CB(c1c(Cl)c2Cl)c(B(c1c(Cl)c(Cl)c(C)c(P(c2c(C)cc2C)c(Cl)c1Cl,False,,,"['unbalanced_parentheses', 'unmatched_ring_closure', 'parse_failure']",False,0,,True,True,True,True,True,True,False,['invalid_smiles'],,,False,False,False,False,[],[],[],[],invalid,,True,False,False,False
Cc1ccc(C)cc2C)c2c(F)c(F)c(F)c(F)c(F)c(F)c1cccc1)c1c(F)c(F)c(F)c(F)c(B(c1cccccccc2P(c2ccccc21,False,,,"['unbalanced_parentheses', 'unmatched_ring_closure', 'parse_failure']",False,0,,True,True,True,True,True,True,False,['invalid_smiles'],,,False,False,False,False,[],[],[],[],invalid,,True,False,False,False
COB(OC)c1,False,,,"['unmatched_ring_closure', 'parse_failure']",False,0,,True,True,True,True,True,True,False,['invalid_smiles'],,,False,False,False,False,[],[],[],[],invalid,,True,False,False,False
CC=C(CP(c1ccccc2B2Oc3cccc(P(CCCC2)C(C)(C)[P+]2(c3c(F)c(F)c2F)c1F)c1F)c1ccc(B2c3cccc12,False,,,"['unbalanced_parentheses', 'unmatched_ring_closure', 'parse_failure']",False,0,,True,True,True,True,True,True,False,['invalid_smiles'],,,False,False,False,False,[],[],[],[],invalid,,True,False,False,False
CC1(C)C)cc(C)c1,False,,,"['unbalanced_parentheses', 'parse_failure']",False,0,,True,True,True,True,True,True,False,['invalid_smiles'],,,False,False,False,False,[],[],[],[],invalid,,True,False,False,False
Cc1cc(CB(c2c(F)c(F)c(F)c1F,False,,,"['unbalanced_parentheses', 'unmatched_ring_closure', 'parse_failure']",False,0,,True,True,True,True,True,True,False,['invalid_smiles'],,,False,False,False,False,[],[],[],[],invalid,,True,False,False,False
COB(OC)c1,False,,,"['unmatched_ring_closure', 'parse_failure']",False,0,,True,True,True,True,True,True,False,['invalid_smiles'],,,False,False,False,False,[],[],[],[],invalid,,True,False,False,False
ClB(c1c(Cl)c(Cl)c(Cl)c3Cl)c(Cl)c(Cl)c(Cl)c(Cl)c2Cl)c(Cl)c(Cl)c(C)c(Cl)c(Cl)c(Cl)c(Cl)c(Cl)c(Cl)c(Cl)c(Cl)c(Cl)c(Cl)c(Cl)c(C)c2ccccc2c1-c1c(F)c2F)c(F)c(F)c(F)c(F)c(B(c2cc,False,,,"['reached_max_length', 'unmatched_ring_closure', 'parse_failure']",False,0,,True,True,True,True,True,True,False,['invalid_smiles'],,,False,False,False,False,[],[],[],[],invalid,,True,False,False,False
CC(C3)C3CCC(C)(C)C)cc1,False,,,"['unbalanced_parentheses', 'unmatched_ring_closure', 'parse_failure']",False,0,,True,True,True,True,True,True,False,['invalid_smiles'],,,False,False,False,False,[],[],[],[],invalid,,True,False,False,False
CN(CC)(C)CB(c1c(F)c(F)c2c(F)c(F)c(F)c(F)c(F)c([P+]1(c1c(F)c2F)c2F)N2CCCC2)c2c(Cl)c(Cl)c(Cl)c(Cl)c2c(Cl)c(Cl)c1Cl)CCP1c1cc(C)c1,False,,,"['unbalanced_parentheses', 'unmatched_ring_closure', 'parse_failure']",False,0,,True,True,True,True,True,True,False,['invalid_smiles'],,,False,False,False,False,[],[],[],[],invalid,,True,False,False,False
Clc1c(F)c(F)c(F)c1c(C)cc1C)c1cccc2)cc1C)c1c(C)cc(C)c1cc(C)cc(-c2c(F)c(F)c(F)c(F)c(F)c(F)c(F)c(F)c(F)c(B(C(=CC(C)(C)P(c2c(Cl)c(Cl)c(Cl)c(Cl)c2c(F)c(F)c1F,False,,,"['unbalanced_parentheses', 'parse_failure']",False,0,,True,True,True,True,True,True,False,['invalid_smiles'],,,False,False,False,False,[],[],[],[],invalid,,True,False,False,False
c1cccc4cccc2B(c1cc(CCC(B(c1c(Cl)c3c(Cl)c(Cl)c3Cl)c1c(Cl)c(Cl)c(C)c(Cl)c(Cl)c1c(Cl)c(Cl)c(Cl)c1Cl)=C(c2c(F)c(F)c(B(c2c(Cl)c(Cl)c(Cl)c(Cl)c(Cl)c1c(Cl)c1Cl,False,,,"['unbalanced_parentheses', 'unmatched_ring_closure', 'parse_failure']",False,0,,True,True,True,True,True,True,False,['invalid_smiles'],,,False,False,False,False,[],[],[],[],invalid,,True,False,False,False
Clc1c(Cl)c(Cl)c3Cl)CP(c1cccc3)ccccc(B(c1c(F)c(F)c(F)c1F)c1F)c1F)c1F)c1F)c1,False,,,"['unbalanced_parentheses', 'unmatched_ring_closure', 'parse_failure']",False,0,,True,True,True,True,True,True,False,['invalid_smiles'],,,False,False,False,False,[],[],[],[],invalid,,True,False,False,False
Cc1cc(C)c1,True,CC1=CC(C)=C1,CC1=CC(C)=C1,[],False,20,0.13043478260869565,True,True,True,True,True,True,False,['too_small'],0.0,6.0,True,True,False,False,[],[],[],[],no_LA_LB,,True,False,False,False
CC(C)C,True,CC(C)C,CC(C)C,[],False,9,0.1111111111111111,True,True,True,True,True,True,False,['too_small'],0.0,4.0,True,True,False,False,[],[],[],[],no_LA_LB,,True,False,False,False
Cc1cccc(C(F)(F)F)c1F)c1,False,,,"['unbalanced_parentheses', 'unmatched_ring_closure', 'parse_failure']",False,0,,True,True,True,True,True,True,False,['invalid_smiles'],,,False,False,False,False,[],[],[],[],invalid,,True,False,False,False
Cc1ccccc2O1)C(C)(C)P(c1c(Cl)c2c(Cl)c(Cl)c1c(Cl)c(Cl)c(Cl)c2Cl)c2c(C)cc2C)c(Cl)c(C)c(P(c3c(Cl)c(Cl)c2cccc3)C=C2B(c2cc(C)c1,False,,,"['unmatched_ring_closure', 'parse_failure']",False,0,,True,True,True,True,True,True,False,['invalid_smiles'],,,False,False,False,False,[],[],[],[],invalid,,True,False,False,False
Fc1c(B(c3c(F)c(F)c(F)c(F)c2c(F)c(F)c(F)c(F)c(F)c(F)c2F)c2F)c(F)c(F)c2F)C2CCCCCC(C)(C)P(c2c(F)c(F)c(F)c(F)c3)ccccc(B3c4cccccc3)C=C2B(c1c(Cl)c(C)cc2C)c2c(Cl)c(Cl)c(Cl)c3Cl,False,,,"['reached_max_length', 'unbalanced_parentheses', 'unmatched_ring_closure', 'parse_failure']",False,0,,True,True,True,True,True,True,False,['invalid_smiles'],,,False,False,False,False,[],[],[],[],invalid,,True,False,False,False
c1cc1c(C)cc(C)c(C)c1,False,,,"['unmatched_ring_closure', 'parse_failure']",False,0,,True,True,True,True,True,True,False,['invalid_smiles'],,,False,False,False,False,[],[],[],[],invalid,,True,False,False,False
Cc1cccc2-3)c2cc(C(CB(c1c(F)c(F)c(F)c(F)c(F)c(F)c(F)c2F)c1F)c1F,False,,,"['unmatched_ring_closure', 'parse_failure']",False,0,,True,True,True,True,True,True,False,['invalid_smiles'],,,False,False,False,False,[],[],[],[],invalid,,True,False,False,False
CCN(CC)CCCCC3C(c3c(Cl)c2cccccc(P(C2=C3CCC(C)(C)C)n(B(c3cccc1B(c2ccccc2)c2c(Cl)c(Cl)c2c(C)cc1C,False,,,"['unbalanced_parentheses', 'parse_failure']",False,0,,True,True,True,True,True,True,False,['invalid_smiles'],,,False,False,False,False,[],[],[],[],invalid,,True,False,False,False
CC(C)CO2)c2c(F)c(F)c2F)c(F)c(F)c2F)c2F)c(F)c2cccc21,False,,,"['unbalanced_parentheses', 'unmatched_ring_closure', 'parse_failure']",False,0,,True,True,True,True,True,True,False,['invalid_smiles'],,,False,False,False,False,[],[],[],[],invalid,,True,False,False,False
Cc1cc(C)c1cccccc1B(Cl)c(C(N2CCCC2P(c2c(F)c(F)c(F)c2F)C1c1cccc2)C1,False,,,"['unbalanced_parentheses', 'unmatched_ring_closure', 'parse_failure']",False,0,,True,True,True,True,True,True,False,['invalid_smiles'],,,False,False,False,False,[],[],[],[],invalid,,True,False,False,False
Cc1cccc2)c2c(B(c2c(C)c(Cl)c(C23CC(C)(C)C)N1Cc1cc(C)cc(C)cc(C)c(P(c2cccc2)P(c1c(F)c1F)=C(c1c(F)c(F)c(F)c(F)c(F)c(F)c(F)c(F)c(F)c(F)c(F)c(F)c2F)c1F,False,,,"['unbalanced_parentheses', 'unmatched_ring_closure', 'parse_failure']",False,0,,True,True,True,True,True,True,False,['invalid_smiles'],,,False,False,False,False,[],[],[],[],invalid,,True,False,False,False
Fc1c(F)c(F)c(F)c(F)c2c(F)c(F)c(F)c(F)c(F)c1F,False,,,"['unmatched_ring_closure', 'parse_failure']",False,0,,True,True,True,True,True,True,False,['invalid_smiles'],,,False,False,False,False,[],[],[],[],invalid,,True,False,False,False
CC1(C)C1CCCC2)cc1C,False,,,"['unbalanced_parentheses', 'unmatched_ring_closure', 'parse_failure']",False,0,,True,True,True,True,True,True,False,['invalid_smiles'],,,False,False,False,False,[],[],[],[],invalid,,True,False,False,False
CC1(C)C)C(c1c(F)c(F)c(F)c(F)c(F)c(F)c(B(c2c(Cl)c(C(=CCB(c3c(F)c(F)c(Cl)c1Cl,False,,,"['unbalanced_parentheses', 'unmatched_ring_closure', 'parse_failure']",False,0,,True,True,True,True,True,True,False,['invalid_smiles'],,,False,False,False,False,[],[],[],[],invalid,,True,False,False,False
c1ccc(P(c2c(F)c(F)c(F)c(F)c(F)c2F)c2c(C)c(P(C(C)C)N1c1cccc1,False,,,"['unbalanced_parentheses', 'unmatched_ring_closure', 'parse_failure']",False,0,,True,True,True,True,True,True,False,['invalid_smiles'],,,False,False,False,False,[],[],[],[],invalid,,True,False,False,False
Cc1ccc(OB(c2c(Cl)c(Cl)c3c(F)c(F)c(F)c(F)c(F)c(F)c2F)C2CCCCC2B(c2c(Cl)c(Cl)c1Cl)C2(c2c(Cl)c(Cl)c(Cl)c2Cl)C2(C)C1CCCCC(C)(C)P(CB(c1cc(C)c1,False,,,"['unbalanced_parentheses', 'unmatched_ring_closure', 'parse_failure']",False,0,,True,True,True,True,True,True,False,['invalid_smiles'],,,False,False,False,False,[],[],[],[],invalid,,True,False,False,False
CC1(C)CCCCCB(c1cc(C)c1,False,,,"['unbalanced_parentheses', 'unmatched_ring_closure', 'parse_failure']",False,0,,True,True,True,True,True,True,False,['invalid_smiles'],,,False,False,False,False,[],[],[],[],invalid,,True,False,False,False
Fc1c(F)c(F)c(F)c1F,False,,,"['kekulization_failure', 'sanitization_failure']",False,0,,True,True,True,True,True,True,False,['invalid_smiles'],,,False,False,False,False,[],[],[],[],invalid,,True,False,False,False
Clc1c(B(c4c(C)c1,False,,,"['unbalanced_parentheses', 'unmatched_ring_closure', 'parse_failure']",False,0,,True,True,True,True,True,True,False,['invalid_smiles'],,,False,False,False,False,[],[],[],[],invalid,,True,False,False,False
Cc1cc(C)cc(C(F)(F)F)c3c(F)c2F)c2c(Cl)c(Cl)c(Cl)c(Cl)c(Cl)c(Cl)c(Cl)c2c(C)cc(C)cc1C2(C)C)cc2C)c(B(c1c(Cl)c(C)cc3C)c2cccc2C)c(C)c1c(F)c(F)c(F)c(F)c2c(B(c2ccccc2)c2c(F)c(F),False,,,"['reached_max_length', 'unbalanced_parentheses', 'unmatched_ring_closure', 'parse_failure']",False,0,,True,True,True,True,True,True,False,['invalid_smiles'],,,False,False,False,False,[],[],[],[],invalid,,True,False,False,False
CC(B(c3c(F)c(F)c1cccccc1N1C(C)(C)COCC(CCP(c1c(Cl)c1cccc1,False,,,"['unbalanced_parentheses', 'unmatched_ring_closure', 'parse_failure']",False,0,,True,True,True,True,True,True,False,['invalid_smiles'],,,False,False,False,False,[],[],[],[],invalid,,True,False,False,False
Cc1ccccc43)c12)C(C)(C)P(B(c3c(Cl)c2cccc2N(Cc2cccc3C)=C3CCCC(C3)C3CCCC3)c(C)c(Cl)c(Cl)c2Cl)c(Cl)c(Cl)c1Cl)c1Cl)c(Cl)c2c1N(Cc3cccccc3c2CCC(CB(c2c(C)cc2C)c(C)c1,False,,,"['unbalanced_parentheses', 'unmatched_ring_closure', 'parse_failure']",False,0,,True,True,True,True,True,True,False,['invalid_smiles'],,,False,False,False,False,[],[],[],[],invalid,,True,False,False,False
Fc1c(F)c(F)c2c(F)c(F)c(F)c(F)c([P+]2(c3c(Cl)c2Cl)c1Cl,False,,,"['unbalanced_parentheses', 'unmatched_ring_closure', 'parse_failure']",False,0,,True,True,True,True,True,True,False,['invalid_smiles'],,,False,False,False,False,[],[],[],[],invalid,,True,False,False,False
CC(=C(B(c1c(F)c2F)c2c(C)c2c(C)cc2C)c2cccc2P(c2c(Cl)c(C2N(Cc2cccc3ccccc3)c3c(C(F)(F)F)c3c(C)c1,False,,,"['unbalanced_parentheses', 'unmatched_ring_closure', 'parse_failure']",False,0,,True,True,True,True,True,True,False,['invalid_smiles'],,,False,False,False,False,[],[],[],[],invalid,,True,False,False,False
Cc1cc(C)c1c(F)c(F)c(F)c(F)c2F)c2F)c2c(Cl)c(Cl)c(Cl)c(Cl)c2Cl)c(Cl)c(Cl)c(Cl)c2c(F)c(F)c(F)c(F)c(F)c(F)c2F)c(B(c4c(C)cc2C)c2cccc(C)cc(C(=C(B(c2c(Cl)c2Cl)c(Cl)c1c(Cl)c2Cl),False,,,"['reached_max_length', 'unbalanced_parentheses', 'unmatched_ring_closure', 'parse_failure']",False,0,,True,True,True,True,True,True,False,['invalid_smiles'],,,False,False,False,False,[],[],[],[],invalid,,True,False,False,False
CC(C(C)(C)C)C(C)P(CB(c1cc(C)c(P(c2c(Cl)c(Cl)c(Cl)c(Cl)c(Cl)c3Cl)[P+]2(c3c(Cl)c(Cl)c(Cl)c(Cl)c(B2c3cccc2)c2c(C)cc(C(F)(F)F)cc(C)c(C)c(Cl)c(Cl)c(Cl)c(Cl)c(Cl)c2Cl)c(Cl)c1C,False,,,"['reached_max_length', 'unbalanced_parentheses', 'unmatched_ring_closure', 'parse_failure']",False,0,,True,True,True,True,True,True,False,['invalid_smiles'],,,False,False,False,False,[],[],[],[],invalid,,True,False,False,False
CC(C)(C)P(c2cccc2O1)C(CCP(c1c(B(c2c(F)c(F)c2F)c2F)c(B(c2c(Cl)c2Cl)c(C2CCCCC1(C)C)C(c1c(F)c(F)c(F)c(F)c(F)c(F)c(F)c(F)c1F)c1F)c1F)c1cc(C)c(Cl)c1Cl)P(c1cc(C)cc(C)cc2C)c2c(,False,,,"['reached_max_length', 'unbalanced_parentheses', 'parse_failure']",False,0,,True,True,True,True,True,True,False,['invalid_smiles'],,,False,False,False,False,[],[],[],[],invalid,,True,False,False,False
CCN(CC)CC,True,CCN(CC)CC,CCN(CC)CC,[],True,1,0.15151515151515152,True,True,True,True,True,True,False,['too_small'],0.0,7.0,True,True,False,True,[],['LB_amine'],[],[],LB_only,,True,False,False,False
CC1(C)C,False,,,"['unmatched_ring_closure', 'parse_failure']",False,0,,True,True,True,True,True,True,False,['invalid_smiles'],,,False,False,False,False,[],[],[],[],invalid,,True,False,False,False
c1ccccc2)c2c(Cl)c1Cl,False,,,"['unbalanced_parentheses', 'parse_failure']",False,0,,True,True,True,True,True,True,False,['invalid_smiles'],,,False,False,False,False,[],[],[],[],invalid,,True,False,False,False
Cc1cc(C)cc(C)c1,True,Cc1cc(C)cc(C)c1,Cc1cc(C)cc(C)c1,[],False,2,0.25,True,True,True,True,True,True,False,['too_small'],0.0,9.0,True,True,False,False,[],[],[],[],no_LA_LB,,True,False,False,False
COB(OC)c1,False,,,"['unmatched_ring_closure', 'parse_failure']",False,0,,True,True,True,True,True,True,False,['invalid_smiles'],,,False,False,False,False,[],[],[],[],invalid,,True,False,False,False
Cc1ccc(C(C)(C)CCCC2(C)C=C2B(c2c(C)c1,False,,,"['unbalanced_parentheses', 'unmatched_ring_closure', 'parse_failure']",False,0,,True,True,True,True,True,True,False,['invalid_smiles'],,,False,False,False,False,[],[],[],[],invalid,,True,False,False,False
CC(C)(C)C)c(N(C)cc1C,False,,,"['unmatched_ring_closure', 'parse_failure']",False,0,,True,True,True,True,True,True,False,['invalid_smiles'],,,False,False,False,False,[],[],[],[],invalid,,True,False,False,False
Clc1c(Cl)c1Cl)c2Cl)n1,False,,,"['unbalanced_parentheses', 'unmatched_ring_closure', 'parse_failure']",False,0,,True,True,True,True,True,True,False,['invalid_smiles'],,,False,False,False,False,[],[],[],[],invalid,,True,False,False,False
Cc1cccc3B(c3c(C(C)(C)cc1C)c1,False,,,"['unbalanced_parentheses', 'unmatched_ring_closure', 'parse_failure']",False,0,,True,True,True,True,True,True,False,['invalid_smiles'],,,False,False,False,False,[],[],[],[],invalid,,True,False,False,False
Cc1ccccccc2C)c2c(Cl)c1Cl,False,,,"['unbalanced_parentheses', 'parse_failure']",False,0,,True,True,True,True,True,True,False,['invalid_smiles'],,,False,False,False,False,[],[],[],[],invalid,,True,False,False,False
Cc1ccc(-c2cccccc2)c2c(C)c2c(F)c(F)c(Cl)c(Cl)c1Cl)c(Cl)c(Cl)c(Cl)c(Cl)c(Cl)c(Cl)c(Cl)c2Cl)c2Cl)c(Cl)c2Cl)c(Cl)c3Cl)c1Cl)c(C)cc1)P(c1c(C)cc(C)c1,False,,,"['unbalanced_parentheses', 'unmatched_ring_closure', 'parse_failure']",False,0,,True,True,True,True,True,True,False,['invalid_smiles'],,,False,False,False,False,[],[],[],[],invalid,,True,False,False,False
Fc1c(Cl)c(C)c(Cl)c(Cl)c2ccccc2B(c2ccccccc2)c(Cl)c2c(Cl)c(C)c1cc(C)c(P(c2cccc3)cc1C)c1c(Cl)c(Cl)c(Cl)c(Cl)c2ccccc4)c4c(Cl)c(Cl)c(Cl)c(Cl)c(Cl)c(Cl)c(Cl)c(C2CCCC3)c(F)c(F),False,,,"['reached_max_length', 'unbalanced_parentheses', 'parse_failure']",False,0,,True,True,True,True,True,True,False,['invalid_smiles'],,,False,False,False,False,[],[],[],[],invalid,,True,False,False,False
CC(C)(C)P(c2cccccc2)c2c(F)c1F,False,,,"['unmatched_ring_closure', 'parse_failure']",False,0,,True,True,True,True,True,True,False,['invalid_smiles'],,,False,False,False,False,[],[],[],[],invalid,,True,False,False,False
Cc1ccccc2)c(F)c3c(Cl)c3Cl)c(Cl)c(Cl)c(Cl)c(Cl)c(Cl)c(Cl)c(Cl)c2Cl)c2c(F)c2F)C2(c2c(C)cc2C)c(P(CC(c3c(F)c(F)c(F)c2c(C)c1,False,,,"['unbalanced_parentheses', 'unmatched_ring_closure', 'parse_failure']",False,0,,True,True,True,True,True,True,False,['invalid_smiles'],,,False,False,False,False,[],[],[],[],invalid,,True,False,False,False
Cc1cccc1,False,,,"['kekulization_failure', 'sanitization_failure']",False,0,,True,True,True,True,True,True,False,['invalid_smiles'],,,False,False,False,False,[],[],[],[],invalid,,True,False,False,False
Cc1cc(C)c(Cl)c(Cl)c2c(B(c1cc(C)c(C)cc(C)cc1C,False,,,"['unbalanced_parentheses', 'unmatched_ring_closure', 'parse_failure']",False,0,,True,True,True,True,True,True,False,['invalid_smiles'],,,False,False,False,False,[],[],[],[],invalid,,True,False,False,False
Cc1ccccc(C)cc(C)c([B-]2(c2c(C)c1c(Cl)c(Cl)c(Cl)c2Cl)c1Cl,False,,,"['unbalanced_parentheses', 'unmatched_ring_closure', 'parse_failure']",False,0,,True,True,True,True,True,True,False,['invalid_smiles'],,,False,False,False,False,[],[],[],[],invalid,,True,False,False,False
Cc1cc(C)cc2C)c(P(c2cccc2N(Cc1ccc(B(c2cccc2)c2c(C)cc1C)B(c1cc(C)cc1Cl)c(Cl)c1c(Cl)c(Cl)c4Cl)c(Cl)c(Cl)c2c(C)cc(C)cc(CB(c1cc(C)cc(C)c([P+]2(c2cc(C)c1,False,,,"['unbalanced_parentheses', 'unmatched_ring_closure', 'parse_failure']",False,0,,True,True,True,True,True,True,False,['invalid_smiles'],,,False,False,False,False,[],[],[],[],invalid,,True,False,False,False
c1cc(C)cc1C,False,,,"['kekulization_failure', 'sanitization_failure']",False,0,,True,True,True,True,True,True,False,['invalid_smiles'],,,False,False,False,False,[],[],[],[],invalid,,True,False,False,False
Clc1c(Cl)c1Cl)c1Cl,False,,,"['unbalanced_parentheses', 'unmatched_ring_closure', 'parse_failure']",False,0,,True,True,True,True,True,True,False,['invalid_smiles'],,,False,False,False,False,[],[],[],[],invalid,,True,False,False,False
Cc1ccc(P(c2ccccc1)P(c2c(C)c(P(c2c(F)c(F)c(F)c(F)c(F)c(F)c(F)c(F)c(F)c(F)c3c(C)c1,False,,,"['unbalanced_parentheses', 'unmatched_ring_closure', 'parse_failure']",False,0,,True,True,True,True,True,True,False,['invalid_smiles'],,,False,False,False,False,[],[],[],[],invalid,,True,False,False,False
Cc1cc(C)cc(C)c1c(C)c1,False,,,"['unmatched_ring_closure', 'parse_failure']",False,0,,True,True,True,True,True,True,False,['invalid_smiles'],,,False,False,False,False,[],[],[],[],invalid,,True,False,False,False
c1cccccc1,False,,,"['kekulization_failure', 'sanitization_failure']",False,0,,True,True,True,True,True,True,False,['invalid_smiles'],,,False,False,False,False,[],[],[],[],invalid,,True,False,False,False
CC1(C)C2CCC1,False,,,"['unmatched_ring_closure', 'parse_failure']",False,0,,True,True,True,True,True,True,False,['invalid_smiles'],,,False,False,False,False,[],[],[],[],invalid,,True,False,False,False
Cc1ccc(C)c(Cl)c(Cl)c2cccc3c2-c2c(C)c1,False,,,"['unmatched_ring_closure', 'parse_failure']",False,0,,True,True,True,True,True,True,False,['invalid_smiles'],,,False,False,False,False,[],[],[],[],invalid,,True,False,False,False
CN1c2c(Cl)c(Cl)c(Cl)c2c(F)c(F)c2F)N2CCCCCC2)c(F)c(F)c3F)c3c2-c2c-3cccc1B(c1c(Cl)c(Cl)c(C)c1,False,,,"['unbalanced_parentheses', 'unmatched_ring_closure', 'parse_failure']",False,0,,True,True,True,True,True,True,False,['invalid_smiles'],,,False,False,False,False,[],[],[],[],invalid,,True,False,False,False
CC1(C)CCCCCC3C(c3c(Cl)c1P(C(C)(C)C)c(P(c2c(Cl)c(C)cc2B(c1c(F)c(F)c(F)c(F)c(F)c2c(C)cc2C)c(Cl)c(Cl)c(Cl)c(Cl)c(C2N(Cc3cc(C)cc2C)c(P(CCB(c1cccc2)c2c(F)c(F)c(F)c(F)c(F)c2F),False,,,"['reached_max_length', 'unbalanced_parentheses', 'unmatched_ring_closure', 'parse_failure']",False,0,,True,True,True,True,True,True,False,['invalid_smiles'],,,False,False,False,False,[],[],[],[],invalid,,True,False,False,False
CC(C)(C)N1c1cc(C)cc1,False,,,"['unmatched_ring_closure', 'parse_failure']",False,0,,True,True,True,True,True,True,False,['invalid_smiles'],,,False,False,False,False,[],[],[],[],invalid,,True,False,False,False
CC1(C)CCCC2N2CCCC3=C2P(c2c(C)cc2C)c(Cl)c(Cl)c(B(c2c(F)c2c(Cl)c(Cl)c(Cl)c(Cl)c(Cl)c(Cl)c(Cl)c(C)c1,False,,,"['unbalanced_parentheses', 'unmatched_ring_closure', 'parse_failure']",False,0,,True,True,True,True,True,True,False,['invalid_smiles'],,,False,False,False,False,[],[],[],[],invalid,,True,False,False,False
CC(C(C)(B(c1ccc(C)c(Cl)c(Cl)c(Cl)c(Cl)c(Cl)c(Cl)c(Cl)c2c(Cl)c(Cl)c(Cl)c1Cl,False,,,"['unbalanced_parentheses', 'unmatched_ring_closure', 'parse_failure']",False,0,,True,True,True,True,True,True,False,['invalid_smiles'],,,False,False,False,False,[],[],[],[],invalid,,True,False,False,False
Bc1cc(C(C)P(B(c3c(C)c(B(c1cc(N(c2c(F)c2F)c2F)c2F)c2F)c2F)C2CCCC(C)C,False,,,"['unbalanced_parentheses', 'unmatched_ring_closure', 'parse_failure']",False,0,,True,True,True,True,True,True,False,['invalid_smiles'],,,False,False,False,False,[],[],[],[],invalid,,True,False,False,False
COB(OC)c1,False,,,"['unmatched_ring_closure', 'parse_failure']",False,0,,True,True,True,True,True,True,False,['invalid_smiles'],,,False,False,False,False,[],[],[],[],invalid,,True,False,False,False
CC(=C(B(c2ccccc2C)c2Cl)P(c1c(Cl)c(Cl)c(Cl)c3c(Cl)c1c(F)c([P+]2(c2ccccc3C)C(C)(C)C,False,,,"['unbalanced_parentheses', 'unmatched_ring_closure', 'parse_failure']",False,0,,True,True,True,True,True,True,False,['invalid_smiles'],,,False,False,False,False,[],[],[],[],invalid,,True,False,False,False
CC(C)CCC2)C(C)(C)cc(C(F)(F)F)cc(C)cc(C)c(Cl)c(Cl)c(Cl)c(C23CC(C)(C)c(Cl)c(Cl)c(Cl)c(Cl)c(C)cc(C)c(P(c2c(Cl)c1cc(C)cc(C)c(PC(=C(B(c4c(F)c(F)c(F)c1,False,,,"['unbalanced_parentheses', 'unmatched_ring_closure', 'parse_failure']",False,0,,True,True,True,True,True,True,False,['invalid_smiles'],,,False,False,False,False,[],[],[],[],invalid,,True,False,False,False
Cc1cccc(B(c1c(F)c(F)c(F)c(B(c3c(C)cc(C)cc(C)c1,False,,,"['unbalanced_parentheses', 'unmatched_ring_closure', 'parse_failure']",False,0,,True,True,True,True,True,True,False,['invalid_smiles'],,,False,False,False,False,[],[],[],[],invalid,,True,False,False,False
Clc1c(Cl)c3Cl)CCB(c1ccccccc4-c4cccc3c2Oc2c(Cl)c(Cl)c(Cl)c(Cl)c1cccc3cccccc2)c2c(Cl)c(Cl)c(Cl)c(Cl)c(Cl)c(B(c4cccc2ccccc3cccc3cccc3)c3c(C(F)(F)F)cc(C(=CCB(c1c(F)c(F)c(F)c,False,,,"['reached_max_length', 'unbalanced_parentheses', 'unmatched_ring_closure', 'parse_failure']",False,0,,True,True,True,True,True,True,False,['invalid_smiles'],,,False,False,False,False,[],[],[],[],invalid,,True,False,False,False
Cc1ccccccc2)c2cccccc2B2OCC(CB(c2c(Cl)c(Cl)c(Cl)c2c(Cl)cccc2N(Cc3cc(C(F)(F)F)cccc2B2OCC(C)N1c1cc(C)cc(C)c(N(c2cccc1)c1c(F)c(B(c2ccc3c2CCCCC2B(c2cccc2B(c2cccc3c2oc2c(F)c2F,False,,,"['reached_max_length', 'unbalanced_parentheses', 'unmatched_ring_closure', 'parse_failure']",False,0,,True,True,True,True,True,True,False,['invalid_smiles'],,,False,False,False,False,[],[],[],[],invalid,,True,False,False,False
Cc1cccc3N(Cc3ccccc2c1Oc1c(Cl)c2c(C)c(P(c4ccccc2)C1,False,,,"['unbalanced_parentheses', 'unmatched_ring_closure', 'parse_failure']",False,0,,True,True,True,True,True,True,False,['invalid_smiles'],,,False,False,False,False,[],[],[],[],invalid,,True,False,False,False
Clc1c(F)c(F)c(F)c3F)c(F)c2c(Cl)c2Cl)c(Cl)c2Cl)c1Cl,False,,,"['unbalanced_parentheses', 'unmatched_ring_closure', 'parse_failure']",False,0,,True,True,True,True,True,True,False,['invalid_smiles'],,,False,False,False,False,[],[],[],[],invalid,,True,False,False,False
CC(C)(C)COCC(C)(C)C,True,CC(C)(C)COCC(C)(C)C,CC(C)(C)COCC(C)(C)C,[],True,1,0.13793103448275862,True,True,True,True,True,True,True,[],0.0,11.0,True,True,False,False,[],[],[],[],no_LA_LB,,True,False,False,False
Cc1ccc(P(c4c(Cl)c1Cl)c(Cl)c(Cl)c(B(c3c(c2P2CCB(c2c(Cl)c(Cl)c(C(F)(F)F)cc(C)cc4C)c2c(B(c1c(Cl)c(C2C[B-]2(c2c(F)c(F)c2F)c2F)C1c1cccc2B(c1cc(C)c(Cl)c1Cl,False,,,"['unbalanced_parentheses', 'unmatched_ring_closure', 'parse_failure']",False,0,,True,True,True,True,True,True,False,['invalid_smiles'],,,False,False,False,False,[],[],[],[],invalid,,True,False,False,False
Cc1cc(C)cc2C)c2c(C)c(B(c2cccc2C)c23)c(C)c(Cl)c(Cl)c(Cl)c(Cl)c(Cl)c(Cl)c(Cl)c1Cl)c(Cl)c(Cl)c(Cl)c(Cl)c2Cl)c(Cl)c(Cl)c2ccccc(c34)P2c2c(C)cc(B(c2ccccc(B(c3cccc3O2)cc1C,False,,,"['unmatched_ring_closure', 'parse_failure']",False,0,,True,True,True,True,True,True,False,['invalid_smiles'],,,False,False,False,False,[],[],[],[],invalid,,True,False,False,False
CC1(C)cc(C)cc1)C(C)(C)N(C)C,False,,,"['unbalanced_parentheses', 'parse_failure']",False,0,,True,True,True,True,True,True,False,['invalid_smiles'],,,False,False,False,False,[],[],[],[],invalid,,True,False,False,False
Cc1cccc2N(Cc1cc(C)c1,False,,,"['unbalanced_parentheses', 'unmatched_ring_closure', 'parse_failure']",False,0,,True,True,True,True,True,True,False,['invalid_smiles'],,,False,False,False,False,[],[],[],[],invalid,,True,False,False,False
CCN(CC)(C)P(c1c(F)c(F)c2F)c2F)c2c(Cl)c(Cl)c(Cl)c(Cl)c2Cl)c(Cl)c(Cl)c(Cl)c2cccc1)c1c(F)c(F)c(F)c(Cl)c(Cl)c(Cl)c(Cl)c2cccccc2)c2c(F)c3F)c3c(F)c(F)c(F)c(F)c(F)c2F)c2c(Cl)c1,False,,,"['reached_max_length', 'unbalanced_parentheses', 'parse_failure']",False,0,,True,True,True,True,True,True,False,['invalid_smiles'],,,False,False,False,False,[],[],[],[],invalid,,True,False,False,False
Cc1cc(C)cc1,False,,,"['kekulization_failure', 'sanitization_failure']",False,0,,True,True,True,True,True,True,False,['invalid_smiles'],,,False,False,False,False,[],[],[],[],invalid,,True,False,False,False
Clc1c(Cl)c(Cl)c(C)c1,False,,,"['kekulization_failure', 'sanitization_failure']",False,0,,True,True,True,True,True,True,False,['invalid_smiles'],,,False,False,False,False,[],[],[],[],invalid,,True,False,False,False
c1cccc1,False,,,"['kekulization_failure', 'sanitization_failure']",False,0,,True,True,True,True,True,True,False,['invalid_smiles'],,,False,False,False,False,[],[],[],[],invalid,,True,False,False,False
Cc1cc(C)ccccc2B2OCC(C)(C)P(c1c(Cl)c(Cl)c(Cl)c(Cl)c(C)c1,False,,,"['unbalanced_parentheses', 'unmatched_ring_closure', 'parse_failure']",False,0,,True,True,True,True,True,True,False,['invalid_smiles'],,,False,False,False,False,[],[],[],[],invalid,,True,False,False,False
CC(C)C,True,CC(C)C,CC(C)C,[],False,9,0.1111111111111111,True,True,True,True,True,True,False,['too_small'],0.0,4.0,True,True,False,False,[],[],[],[],no_LA_LB,,True,False,False,False
CC1(C)COCC(C)P(CB(c2ccccc2)c(Cl)c(Cl)c(Cl)c(Cl)c3Cl)c1Cl,False,,,"['unmatched_ring_closure', 'parse_failure']",False,0,,True,True,True,True,True,True,False,['invalid_smiles'],,,False,False,False,False,[],[],[],[],invalid,,True,False,False,False
CN1c2c(F)c(F)c(F)c(F)c(F)c([B-]2(c3c(F)c(F)c(F)c(F)c4F)c4F)cc(C)cc(C)cc(-c3cccc1P(C(CB(c2cccc32)c(F)c3c(C)cc(C(F)(F)F)cc(C)cc2C)c2c(F)c(F)c2F)n1,False,,,"['unbalanced_parentheses', 'unmatched_ring_closure', 'parse_failure']",False,0,,True,True,True,True,True,True,False,['invalid_smiles'],,,False,False,False,False,[],[],[],[],invalid,,True,False,False,False
Cc1cc(C)c3cccc2C)c2c(Cl)c(Cl)c(Cl)c1Cl)c(Cl)c1Cl)P(c2cccc3)C[B-]2(c3c(C)c(P(c4cccc1)c1cccc1,False,,,"['unbalanced_parentheses', 'unmatched_ring_closure', 'parse_failure']",False,0,,True,True,True,True,True,True,False,['invalid_smiles'],,,False,False,False,False,[],[],[],[],invalid,,True,False,False,False
CCN(CC)C(C)(C)C1CCCCC1C(N1CCCC3C(c3c(Cl)c(Cl)c(Cl)c1Cl,False,,,"['unbalanced_parentheses', 'parse_failure']",False,0,,True,True,True,True,True,True,False,['invalid_smiles'],,,False,False,False,False,[],[],[],[],invalid,,True,False,False,False
Cc1cccccc2)C1,False,,,"['unbalanced_parentheses', 'unmatched_ring_closure', 'parse_failure']",False,0,,True,True,True,True,True,True,False,['invalid_smiles'],,,False,False,False,False,[],[],[],[],invalid,,True,False,False,False
CC1(C)C)c2c(Cl)c1Cl)c2Cl)c(Cl)c(Cl)c(Cl)c(Cl)c2C)c2c(Cl)c(Cl)c1cc(C)cc(C)c(Cl)c(Cl)c3Cl)c1Cl)c(B(c2c(C)cc2C)c(C)c(Cl)c(Cl)c(Cl)c1Cl,False,,,"['unbalanced_parentheses', 'unmatched_ring_closure', 'parse_failure']",False,0,,True,True,True,True,True,True,False,['invalid_smiles'],,,False,False,False,False,[],[],[],[],invalid,,True,False,False,False
Cc1ccccc2)c2cccc2-3)c2c(C)c(Cl)c(Cl)c(Cl)c1c(Cl)c2Cl)C(c3ccccc2)c2c(C)cc(B2c3cccc3)c3c(F)c1F,False,,,"['unbalanced_parentheses', 'unmatched_ring_closure', 'parse_failure']",False,0,,True,True,True,True,True,True,False,['invalid_smiles'],,,False,False,False,False,[],[],[],[],invalid,,True,False,False,False
Cc1cc(C)c1,True,CC1=CC(C)=C1,CC1=CC(C)=C1,[],False,20,0.13043478260869565,True,True,True,True,True,True,False,['too_small'],0.0,6.0,True,True,False,False,[],[],[],[],no_LA_LB,,True,False,False,False
CC(C3)C2P(c2cccccc2B(c2c(Cl)c(C)c1,False,,,"['unbalanced_parentheses', 'unmatched_ring_closure', 'parse_failure']",False,0,,True,True,True,True,True,True,False,['invalid_smiles'],,,False,False,False,False,[],[],[],[],invalid,,True,False,False,False
CC(C)(CC)C(C)CB(c2c(C)c1,False,,,"['unbalanced_parentheses', 'unmatched_ring_closure', 'parse_failure']",False,0,,True,True,True,True,True,True,False,['invalid_smiles'],,,False,False,False,False,[],[],[],[],invalid,,True,False,False,False
CC1(C)C,False,,,"['unmatched_ring_closure', 'parse_failure']",False,0,,True,True,True,True,True,True,False,['invalid_smiles'],,,False,False,False,False,[],[],[],[],invalid,,True,False,False,False
Cc1cccc3)c3ccccccc4)c23)c(C)c(N(c2c(F)c(Cl)c2Cl)c(C)c1,False,,,"['unbalanced_parentheses', 'unmatched_ring_closure', 'parse_failure']",False,0,,True,True,True,True,True,True,False,['invalid_smiles'],,,False,False,False,False,[],[],[],[],invalid,,True,False,False,False
CC1(CC)c2c(Cl)c(Cl)c2c(Cl)c1cccc2)cc1C,False,,,"['unbalanced_parentheses', 'unmatched_ring_closure', 'parse_failure']",False,0,,True,True,True,True,True,True,False,['invalid_smiles'],,,False,False,False,False,[],[],[],[],invalid,,True,False,False,False
Clc1c(F)c2F)c2c(F)c(F)c2F)C2(c2c(Cl)c(Cl)c(Cl)c(Cl)c(Cl)c(Cl)c1Cl)c(Cl)c(Cl)cccc3C2(C)C,False,,,"['unbalanced_parentheses', 'unmatched_ring_closure', 'parse_failure']",False,0,,True,True,True,True,True,True,False,['invalid_smiles'],,,False,False,False,False,[],[],[],[],invalid,,True,False,False,False
Cc1cccccc3O2)c2c(F)c(F)c1)C2B(c2c(F)c(F)c1F,False,,,"['unbalanced_parentheses', 'unmatched_ring_closure', 'parse_failure']",False,0,,True,True,True,True,True,True,False,['invalid_smiles'],,,False,False,False,False,[],[],[],[],invalid,,True,False,False,False
CC(C)C2CCCC(B(c2ccccc2)c2c(F)c(B(Cc2ccccc2)CCC2)c(Cl)c2Cl)c(C)c(Cl)c(Cl)ccccc3)c21,False,,,"['unbalanced_parentheses', 'unmatched_ring_closure', 'parse_failure']",False,0,,True,True,True,True,True,True,False,['invalid_smiles'],,,False,False,False,False,[],[],[],[],invalid,,True,False,False,False
Cc1ccccc1B(Cl)c(Cl)c(Cl)c2Cl)c1Cl)c(Cl)c2Cl)c(Cl)c(Cl)c1Cl,False,,,"['unbalanced_parentheses', 'parse_failure']",False,0,,True,True,True,True,True,True,False,['invalid_smiles'],,,False,False,False,False,[],[],[],[],invalid,,True,False,False,False
Fc1c(F)c2F)c(F)c(F)c(F)c(F)c2F)c2c(F)c(F)c(F)c(F)c1F)c1F,False,,,"['unbalanced_parentheses', 'unmatched_ring_closure', 'parse_failure']",False,0,,True,True,True,True,True,True,False,['invalid_smiles'],,,False,False,False,False,[],[],[],[],invalid,,True,False,False,False
Cc1cccc2)c2c(F)c4F)c4F)cc(C)c1c(Cl)c1Cl)c1Cl,False,,,"['unbalanced_parentheses', 'parse_failure']",False,0,,True,True,True,True,True,True,False,['invalid_smiles'],,,False,False,False,False,[],[],[],[],invalid,,True,False,False,False
CC1(C)CCCC(=C(B(c2cccc3)cc1C,False,,,"['unbalanced_parentheses', 'unmatched_ring_closure', 'parse_failure']",False,0,,True,True,True,True,True,True,False,['invalid_smiles'],,,False,False,False,False,[],[],[],[],invalid,,True,False,False,False
Cc1ccccc3C)C(C)(C)C,False,,,"['unbalanced_parentheses', 'unmatched_ring_closure', 'parse_failure']",False,0,,True,True,True,True,True,True,False,['invalid_smiles'],,,False,False,False,False,[],[],[],[],invalid,,True,False,False,False
c1cccc1B(c1c(Cl)c(Cl)c(C2N(Cc3cccc4)c4ccccc2)c2c(F)c(F)c(F)c1F,False,,,"['unbalanced_parentheses', 'unmatched_ring_closure', 'parse_failure']",False,0,,True,True,True,True,True,True,False,['invalid_smiles'],,,False,False,False,False,[],[],[],[],invalid,,True,False,False,False
Bc1cc(C)c2c(B(C(=CCB(c1cc(-c3ccccc1,False,,,"['unbalanced_parentheses', 'unmatched_ring_closure', 'parse_failure']",False,0,,True,True,True,True,True,True,False,['invalid_smiles'],,,False,False,False,False,[],[],[],[],invalid,,True,False,False,False
c1ccccc2P(c2c(Cl)c(Cl)c(C2CC(P(c3c(F)c(F)c(F)c(F)c1F,False,,,"['unbalanced_parentheses', 'unmatched_ring_closure', 'parse_failure']",False,0,,True,True,True,True,True,True,False,['invalid_smiles'],,,False,False,False,False,[],[],[],[],invalid,,True,False,False,False
CC(CB(c2cccc(P(c2c(Cl)c2Cl)c3c(F)c(F)c(F)c2F)c(F)c(F)c1)CB(c1c(C)cc3C)c3cccc2-3)c2c(Cl)c(Cl)c(Cl)c(Cl)c(Cl)c(Cl)c(Cl)c(Cl)c1Cl)P(c2c(Cl)c(Cl)c4Cl)c2c(C)cc1C)c1c(Cl)c(Cl),False,,,"['reached_max_length', 'unbalanced_parentheses', 'unmatched_ring_closure', 'parse_failure']",False,0,,True,True,True,True,True,True,False,['invalid_smiles'],,,False,False,False,False,[],[],[],[],invalid,,True,False,False,False
Cc1cc(C(C)P(c1cccc2B(c2c(Cl)c1Cl,False,,,"['unbalanced_parentheses', 'unmatched_ring_closure', 'parse_failure']",False,0,,True,True,True,True,True,True,False,['invalid_smiles'],,,False,False,False,False,[],[],[],[],invalid,,True,False,False,False
Cc1cc(C)c1,True,CC1=CC(C)=C1,CC1=CC(C)=C1,[],False,20,0.13043478260869565,True,True,True,True,True,True,False,['too_small'],0.0,6.0,True,True,False,False,[],[],[],[],no_LA_LB,,True,False,False,False
Cc1ccccc5)c5ccccc2B(c2c(Cl)c1Cl)c(Cl)c2Cl)c(Cl)c2c(F)c(F)c(F)c(F)c(F)c2c(B(c2c(B(c3cccc2-3)c2c(B(c3c(Cl)c(C)cc(C)cc(C)c1,False,,,"['unbalanced_parentheses', 'unmatched_ring_closure', 'parse_failure']",False,0,,True,True,True,True,True,True,False,['invalid_smiles'],,,False,False,False,False,[],[],[],[],invalid,,True,False,False,False
CC1C(c1c(Cl)c3Cl)CCB(c2c(C)c1,False,,,"['unbalanced_parentheses', 'unmatched_ring_closure', 'parse_failure']",False,0,,True,True,True,True,True,True,False,['invalid_smiles'],,,False,False,False,False,[],[],[],[],invalid,,True,False,False,False
CN1c2c(Cl)c(Cl)c(Cl)c(B(c3c(C)c1,False,,,"['unbalanced_parentheses', 'unmatched_ring_closure', 'parse_failure']",False,0,,True,True,True,True,True,True,False,['invalid_smiles'],,,False,False,False,False,[],[],[],[],invalid,,True,False,False,False
CC(CC)c2c(Cl)c(Cl)c(Cl)c(Cl)c1Cl)c(Cl)c2cc(-c3cccc1,False,,,"['unmatched_ring_closure', 'parse_failure']",False,0,,True,True,True,True,True,True,False,['invalid_smiles'],,,False,False,False,False,[],[],[],[],invalid,,True,False,False,False
CC1(CC)C(C)CO2)cc1,False,,,"['unbalanced_parentheses', 'unmatched_ring_closure', 'parse_failure']",False,0,,True,True,True,True,True,True,False,['invalid_smiles'],,,False,False,False,False,[],[],[],[],invalid,,True,False,False,False
Cc1cccc3)[P+]2(c3c(F)c(F)c2F)c2c(Cl)c(Cl)c(Cl)c2c(C)cc3C)C(c1c(Cl)c1c(F)c2c1ccccc2B(c2cccc1B(c1cc(CCC(C)(C)cc(C)cc(C)cc(C)c(Cl)c(Cl)c2Cl)c(Cl)c(Cl)c(Cl)c1Cl)c1Cl,False,,,"['unmatched_ring_closure', 'parse_failure']",False,0,,True,True,True,True,True,True,False,['invalid_smiles'],,,False,False,False,False,[],[],[],[],invalid,,True,False,False,False
CC(C)C)N1CCCC(B(c3c(F)c2F)c2cccc(B(CCP(CCB(c2c(Cl)c2c(Cl)c3Cl)c2Cl)c(Cl)c1Cl)C(C)(C)C,False,,,"['unbalanced_parentheses', 'unmatched_ring_closure', 'parse_failure']",False,0,,True,True,True,True,True,True,False,['invalid_smiles'],,,False,False,False,False,[],[],[],[],invalid,,True,False,False,False
CC(=C(B(c4cccc3B(c3cc(CCCC2N2CCCC2)C(C)(C)cc2C)c(Cl)c(Cl)c(Cl)c(Cl)c(Cl)c(Cl)c1cc(C(C)C,False,,,"['unbalanced_parentheses', 'unmatched_ring_closure', 'parse_failure']",False,0,,True,True,True,True,True,True,False,['invalid_smiles'],,,False,False,False,False,[],[],[],[],invalid,,True,False,False,False
Cc1cc(C)cc2C)c2ccccc1,False,,,"['unbalanced_parentheses', 'parse_failure']",False,0,,True,True,True,True,True,True,False,['invalid_smiles'],,,False,False,False,False,[],[],[],[],invalid,,True,False,False,False
Cc1cccc3C)C(C)(CC)CCCC3C(c3c(F)c3)c3c(Cl)c2Cl)n1,False,,,"['unbalanced_parentheses', 'unmatched_ring_closure', 'parse_failure']",False,0,,True,True,True,True,True,True,False,['invalid_smiles'],,,False,False,False,False,[],[],[],[],invalid,,True,False,False,False
Cc1cc(C)c(P(C(C)C2CCCC2(C)c1,False,,,"['unbalanced_parentheses', 'parse_failure']",False,0,,True,True,True,True,True,True,False,['invalid_smiles'],,,False,False,False,False,[],[],[],[],invalid,,True,False,False,False
Cc1cccc1N(C)C,False,,,"['kekulization_failure', 'sanitization_failure']",False,0,,True,True,True,True,True,True,False,['invalid_smiles'],,,False,False,False,False,[],[],[],[],invalid,,True,False,False,False
CC1(C)CO2)c2cccc1B(Cl)c(Cl)c(Cl)c(Cl)c2c(F)c(F)c(F)c(F)c(B(c1c(Cl)c(Cl)c(Cl)c(Cl)c(C(C)(C)B(c1cc(C)c1,False,,,"['unbalanced_parentheses', 'unmatched_ring_closure', 'parse_failure']",False,0,,True,True,True,True,True,True,False,['invalid_smiles'],,,False,False,False,False,[],[],[],[],invalid,,True,False,False,False
Cc1cc(C)cc2C)c2c(F)c(F)c(F)c(F)c(F)c1F)CP(c1ccc(C)cc(C(C)(CC)C(B(c4c(Cl)c(Cl)c3Cl)c(C(=C(c1ccccccc1)P(c2c(C)cc2C)c(Cl)c(Cl)c(Cl)c(Cl)c(Cl)c2Cl)c2c(C)c1c(Cl)c3cccc(B(C(=C,False,,,"['reached_max_length', 'unbalanced_parentheses', 'unmatched_ring_closure', 'parse_failure']",False,0,,True,True,True,True,True,True,False,['invalid_smiles'],,,False,False,False,False,[],[],[],[],invalid,,True,False,False,False
CC(C)(C)c(Cl)c(Cl)c1Cl)c2Cl)c3Cl)c(Cl)c(Cl)c(Cl)c2c(F)c(F)c(F)c(F)c1F,False,,,"['unbalanced_parentheses', 'unmatched_ring_closure', 'parse_failure']",False,0,,True,True,True,True,True,True,False,['invalid_smiles'],,,False,False,False,False,[],[],[],[],invalid,,True,False,False,False
Cc1cccc3)c3c(F)c(F)c(F)c(F)c(F)c1c(Cl)c2Cl)c1c(C)cc(C)cc(C(C)P(c1cc(C)cc(C(F)(F)F)cccc3N(Cc3ccccc1N(Cc3cccc1B(Cl)c(Cl)cccc2)c2cccc2B2Oc3cccc2)c(F)c(F)c(F)c1F)c1c(Cl)c2Cl,False,,,"['reached_max_length', 'unbalanced_parentheses', 'unmatched_ring_closure', 'parse_failure']",False,0,,True,True,True,True,True,True,False,['invalid_smiles'],,,False,False,False,False,[],[],[],[],invalid,,True,False,False,False
Cc1ccccccc2B(c2cccc4cccc2)c2c(F)c(F)c(F)c(F)c2c(C)c(P(c3ccccc21,False,,,"['unbalanced_parentheses', 'unmatched_ring_closure', 'parse_failure']",False,0,,True,True,True,True,True,True,False,['invalid_smiles'],,,False,False,False,False,[],[],[],[],invalid,,True,False,False,False
CC1(C)cc(C)cc1C,True,CC1=CC(C)(C)C(C)=C1,CC1=CC(C)(C)C(C)=C1,[],True,1,0.15384615384615385,True,True,True,True,True,True,False,['too_small'],0.0,9.0,True,True,False,False,[],[],[],[],no_LA_LB,,True,False,False,False
Cc1cccc2B(c2cccccc3ccccc3C2(C)C,False,,,"['unbalanced_parentheses', 'unmatched_ring_closure', 'parse_failure']",False,0,,True,True,True,True,True,True,False,['invalid_smiles'],,,False,False,False,False,[],[],[],[],invalid,,True,False,False,False
CC(C)C)c(B(c1c(C)cc2C)c2cccc2cccc3c2-c2c-3ccccc2)c2c(C)c(Cl)c(C2N(Cc3ccccc3c2oc2c(P(CCB(c2cccc2B(c2c(P(c3c(Cl)c(Cl)c2Cl)c(C23CC(C)(C)P(CB(c1c(F)c2F)c(F)c2F)C2CCCC3)c21,False,,,"['unbalanced_parentheses', 'unmatched_ring_closure', 'parse_failure']",False,0,,True,True,True,True,True,True,False,['invalid_smiles'],,,False,False,False,False,[],[],[],[],invalid,,True,False,False,False
Cc1cccc2)OC1(C)C2CCCCCB(c3cccc3B(c3c(F)c1c(Cl)c(Cl)c(Cl)c3c(F)c(F)c(F)c(F)c(F)c(F)c(F)c(F)c(F)c(F)c(F)c(F)c(F)c(F)c(F)c(F)c(F)c(F)c2F)c2cccc2)cc1C)B(c1c(Cl)c(Cl)c(Cl)c(C,False,,,"['reached_max_length', 'unmatched_ring_closure', 'parse_failure']",False,0,,True,True,True,True,True,True,False,['invalid_smiles'],,,False,False,False,False,[],[],[],[],invalid,,True,False,False,False
Fc1c(Cl)c2Cl)c2Cl)Cl,False,,,"['unbalanced_parentheses', 'unmatched_ring_closure', 'parse_failure']",False,0,,True,True,True,True,True,True,False,['invalid_smiles'],,,False,False,False,False,[],[],[],[],invalid,,True,False,False,False
Cc1cc(C)cc2C)c(P(c2c(Cl)c2Cl)c1cc(C(F)(F)F)c3c(C)cc(C)c2c(C)c1,False,,,"['unmatched_ring_closure', 'parse_failure']",False,0,,True,True,True,True,True,True,False,['invalid_smiles'],,,False,False,False,False,[],[],[],[],invalid,,True,False,False,False
Fc1c(C)c1ccccccc2)c2c(F)c3F)cc(C)cc2C)c2P2CCCCB(c2cccccc3c2-c2c-3cccccccccc2)cc1C,False,,,"['unbalanced_parentheses', 'unmatched_ring_closure', 'parse_failure']",False,0,,True,True,True,True,True,True,False,['invalid_smiles'],,,False,False,False,False,[],[],[],[],invalid,,True,False,False,False
Cc1cc(C)c1,True,CC1=CC(C)=C1,CC1=CC(C)=C1,[],False,20,0.13043478260869565,True,True,True,True,True,True,False,['too_small'],0.0,6.0,True,True,False,False,[],[],[],[],no_LA_LB,,True,False,False,False
CC(C)(C)cc2C)c(P(C(C)C[B-]2(c2cccc1)c1c(Cl)c(Cl)c(Cl)c(Cl)c(Cl)c1c(C)cc(-c3cccc2)cc1,False,,,"['unbalanced_parentheses', 'unmatched_ring_closure', 'parse_failure']",False,0,,True,True,True,True,True,True,False,['invalid_smiles'],,,False,False,False,False,[],[],[],[],invalid,,True,False,False,False
CCN(C)cc2C)c(P(c3c(Cl)c1Cl,False,,,"['unbalanced_parentheses', 'unmatched_ring_closure', 'parse_failure']",False,0,,True,True,True,True,True,True,False,['invalid_smiles'],,,False,False,False,False,[],[],[],[],invalid,,True,False,False,False
Cc1cccc3B(c3c(Cl)c(Cl)c2cccccc3c2oc2c(Cl)c(B(c1c(F)c(F)c2F)c2F)c2F)c2F)c(F)c(F)c(F)c(F)c(F)c(F)c(F)c(F)c(F)c(F)c(F)c2F)c(F)c(F)c2F)c2c(F)c(F)c(F)c(F)c(F)c(F)c(F)c(F)c(F),False,,,"['reached_max_length', 'unbalanced_parentheses', 'unmatched_ring_closure', 'parse_failure']",False,0,,True,True,True,True,True,True,False,['invalid_smiles'],,,False,False,False,False,[],[],[],[],invalid,,True,False,False,False
Cc1ccccc1B(Cl)c(Cl)c3c(F)c(F)c(F)c(F)c(F)c(F)c(F)c2F)C2(c2c(C)cc2C)C2CCCC(B(c2c(B(CCP(c1ccc(B(CCP(c1c(F)c(F)c(F)c(F)c1F,False,,,"['unbalanced_parentheses', 'unmatched_ring_closure', 'parse_failure']",False,0,,True,True,True,True,True,True,False,['invalid_smiles'],,,False,False,False,False,[],[],[],[],invalid,,True,False,False,False
c1cc(C)cc2B(c2c(F)c2F)c2F)c2cccc3)cccc3B(c3c(Cl)c(Cl)c1Cl)C2(c2c(C)cc(C)c1,False,,,"['unbalanced_parentheses', 'unmatched_ring_closure', 'parse_failure']",False,0,,True,True,True,True,True,True,False,['invalid_smiles'],,,False,False,False,False,[],[],[],[],invalid,,True,False,False,False
CC(C)CB(c1c(Cl)c2ccccc2)c(Cl)c3Cl)c(Cl)c4Cl)c(Cl)c1c(Cl)c(Cl)c3c(Cl)c(Cl)c(Cl)c(Cl)c2c(F)c(F)c2F)c2F)c2F)c2F)c2F)c2F)C2CCCC(C)(C)CCCC3=C2P(c2c(B(c2c(C)cc(-c2c(F)c1c(F)c2,False,,,"['reached_max_length', 'unbalanced_parentheses', 'unmatched_ring_closure', 'parse_failure']",False,0,,True,True,True,True,True,True,False,['invalid_smiles'],,,False,False,False,False,[],[],[],[],invalid,,True,False,False,False
Cc1cccc3B(c3cccc3B(c3c(C)c1c(F)c(F)c(B(c2c(F)c(F)c(F)c(F)c(F)c(F)c(F)c4F)cc(C)cc4C)c2c(Cl)c(C)c1cc(C)c(B(c3c(C)c(P(c2c(Cl)c(Cl)c1c(C)c1c(Cl)c(Cl)c(Cl)c(Cl)c(Cl)c(Cl)c1Cl,False,,,"['reached_max_length', 'unbalanced_parentheses', 'unmatched_ring_closure', 'parse_failure']",False,0,,True,True,True,True,True,True,False,['invalid_smiles'],,,False,False,False,False,[],[],[],[],invalid,,True,False,False,False
CC1C(c1c(Cl)c(Cl)c1Cl)=C(c2cccc2c1N(C)CCCC2)C2CCCC3)c(Cl)c1Cl)C2CCCC2)c(F)c(F)c(F)c(F)c2F)c2F)cccc2)CCC2)c(F)c(F)c(F)c(F)c(F)c(F)c(F)c(F)c(F)c4cccccccccccccc1)C(C)(C)C1C,False,,,"['reached_max_length', 'unbalanced_parentheses', 'unmatched_ring_closure', 'parse_failure']",False,0,,True,True,True,True,True,True,False,['invalid_smiles'],,,False,False,False,False,[],[],[],[],invalid,,True,False,False,False
CC1(C)C)cc2C)c(P(c2c(F)c(F)c(F)c(F)c(B(c2c(C)cc2C)c(Cl)c1Cl)c1Cl)c(Cl)c(Cl)c(Cl)c(C)c1,False,,,"['unbalanced_parentheses', 'parse_failure']",False,0,,True,True,True,True,True,True,False,['invalid_smiles'],,,False,False,False,False,[],[],[],[],invalid,,True,False,False,False
Cc1cccc2P(c2ccccc2)c2c(F)c(F)c(F)c1F,True,Cc1cccc2c3cccccc(c(F)c(F)c(F)c1F)p32,Cc1cccc2c3cccccc(c(F)c(F)c(F)c1F)p32,[],True,1,0.2653061224489796,True,True,True,True,True,True,True,[],0.0,22.0,True,True,False,False,[],[],['LB_other_P'],[],no_LA_LB,,True,False,False,False
CCC(C)(C)C)c2Cl)C2)c(F)c(F)c(F)c(F)c(F)c1F)CP(c1c(F)c(F)c(F)c(F)c2c(P(c2c(F)c3F)c3F)CC(c3c(F)c(F)c2c(F)c2F)c2cccc3O2)c2c(F)c(F)c(F)c(B(c3c(Cl)c(Cl)c1c(Cl)c2Cl)c1Cl,False,,,"['unbalanced_parentheses', 'unmatched_ring_closure', 'parse_failure']",False,0,,True,True,True,True,True,True,False,['invalid_smiles'],,,False,False,False,False,[],[],[],[],invalid,,True,False,False,False
Fc1c(F)c3c(Cl)cc(C)cc1,False,,,"['unmatched_ring_closure', 'parse_failure']",False,0,,True,True,True,True,True,True,False,['invalid_smiles'],,,False,False,False,False,[],[],[],[],invalid,,True,False,False,False
Cc1cccc2C)C2CCCC2N2CCC1,False,,,"['unbalanced_parentheses', 'parse_failure']",False,0,,True,True,True,True,True,True,False,['invalid_smiles'],,,False,False,False,False,[],[],[],[],invalid,,True,False,False,False
CCN(C)C)CCCC2B(c2c(Cl)c2ccccc2B2Oc3ccccc3O2)c2c(C)cc1)c1ccc(B(c4cccc1B(Cl)c1Cl,False,,,"['unmatched_ring_closure', 'parse_failure']",False,0,,True,True,True,True,True,True,False,['invalid_smiles'],,,False,False,False,False,[],[],[],[],invalid,,True,False,False,False
Cc1cc(C)cc2C)c(Cl)c3c(C(F)(F)c2F)c(F)c(F)c(F)c1F,False,,,"['unbalanced_parentheses', 'unmatched_ring_closure', 'parse_failure']",False,0,,True,True,True,True,True,True,False,['invalid_smiles'],,,False,False,False,False,[],[],[],[],invalid,,True,False,False,False
Cc1cc(C)cc(C)c(B(c2c(F)c(F)c(F)c(F)c(F)c3c(Cl)c(Cl)c(Cl)c(Cl)c(Cl)c2Cl)c(C(=CCB(c2c(Cl)c(Cl)c(Cl)c2Cl)c1cc(C)c(N(c2c(F)c2F)n1,False,,,"['unbalanced_parentheses', 'unmatched_ring_closure', 'parse_failure']",False,0,,True,True,True,True,True,True,False,['invalid_smiles'],,,False,False,False,False,[],[],[],[],invalid,,True,False,False,False
CCCC3=C2P(c2c(F)c2F)c2F)c2c(F)c(F)c(F)c(F)c(F)c(F)c(F)c(F)c1F)c1cc(C)cc(CCC(B(c3c(C)cc1C)B(c1c(F)c(F)c(F)c(F)c1F)c1F)c1F)(c2c(F)c(F)c(F)c(F)c(F)c(Cl)c2Cl)c(Cl)c(Cl)c(Cl),False,,,"['reached_max_length', 'unbalanced_parentheses', 'unmatched_ring_closure', 'parse_failure']",False,0,,True,True,True,True,True,True,False,['invalid_smiles'],,,False,False,False,False,[],[],[],[],invalid,,True,False,False,False
CC1(CC)C(c1c(B(c2cc(C)cc(C)cc(C)cc(C)cc(C)cc(C)c(Cl)c(C)cc1,False,,,"['unbalanced_parentheses', 'unmatched_ring_closure', 'parse_failure']",False,0,,True,True,True,True,True,True,False,['invalid_smiles'],,,False,False,False,False,[],[],[],[],invalid,,True,False,False,False
CC(C)(C)cc(C(F)(F)c(F)c(F)c(F)c(F)c(F)c(F)c(F)c(F)c(F)c1c(Cl)c(Cl)c(Cl)c(Cl)c(Cl)c4c(F)c1,False,,,"['unbalanced_parentheses', 'unmatched_ring_closure', 'parse_failure']",False,0,,True,True,True,True,True,True,False,['invalid_smiles'],,,False,False,False,False,[],[],[],[],invalid,,True,False,False,False
CC1(C)OB(c2c(Cl)c2Cl)c2Cl)c(Cl)c(C)cc(C)c1,False,,,"['unbalanced_parentheses', 'unmatched_ring_closure', 'parse_failure']",False,0,,True,True,True,True,True,True,False,['invalid_smiles'],,,False,False,False,False,[],[],[],[],invalid,,True,False,False,False
CN(CC)(C)[P+]1(C(C)(C)N1Cc1ccc(B(c1cc(C)c(Cl)c1Cl)c(Cl)c(C)c1,False,,,"['unbalanced_parentheses', 'parse_failure']",False,0,,True,True,True,True,True,True,False,['invalid_smiles'],,,False,False,False,False,[],[],[],[],invalid,,True,False,False,False
Fc1c(F)c1F)c1F,False,,,"['unbalanced_parentheses', 'unmatched_ring_closure', 'parse_failure']",False,0,,True,True,True,True,True,True,False,['invalid_smiles'],,,False,False,False,False,[],[],[],[],invalid,,True,False,False,False
CCCC2)C2CCCCC2)C2CCCCC32)c(F)c2F)c(F)c1c(Cl)c(Cl)c(Cl)cc(B(c1cc(C)cc2C)c2c(Cl)c(Cl)c(Cl)c(C(F)(F)c2F)c2cccc1)P(c1cc(C)cc(CCCCCCC(CCP(CCB(c2cccc21,False,,,"['unbalanced_parentheses', 'unmatched_ring_closure', 'parse_failure']",False,0,,True,True,True,True,True,True,False,['invalid_smiles'],,,False,False,False,False,[],[],[],[],invalid,,True,False,False,False
Clc1c(Cl)c(Cl)c(C)cc(-c3ccccc2)c2cccc4)c4c(F)c(F)c(F)c(F)c(F)c(F)c(B(c3ccccc23)c(Cl)c(C)c1,False,,,"['unmatched_ring_closure', 'parse_failure']",False,0,,True,True,True,True,True,True,False,['invalid_smiles'],,,False,False,False,False,[],[],[],[],invalid,,True,False,False,False
CCC(C)C)C(B(c2c(F)c(F)c(F)c(F)c2c(F)c(F)c(F)c2F)c(F)c(F)c(F)c(F)c1c(Cl)c2Cl)c(C)c1,False,,,"['unbalanced_parentheses', 'parse_failure']",False,0,,True,True,True,True,True,True,False,['invalid_smiles'],,,False,False,False,False,[],[],[],[],invalid,,True,False,False,False
CC1B(c1c(F)c(F)c(F)c(F)c(F)c1F,False,,,"['unbalanced_parentheses', 'unmatched_ring_closure', 'parse_failure']",False,0,,True,True,True,True,True,True,False,['invalid_smiles'],,,False,False,False,False,[],[],[],[],invalid,,True,False,False,False
CC(C)C,True,CC(C)C,CC(C)C,[],False,9,0.1111111111111111,True,True,True,True,True,True,False,['too_small'],0.0,4.0,True,True,False,False,[],[],[],[],no_LA_LB,,True,False,False,False
CC(C)C=C2B(c2c(Cl)c2cccc1)c1cccc2P(C2=CC(C)C)B(c1c(F)c(F)c(F)c2cccc3)c3c(Cl)c(Cl)c(B(c2c(Cl)c2Cl)c(C)c1,False,,,"['unbalanced_parentheses', 'parse_failure']",False,0,,True,True,True,True,True,True,False,['invalid_smiles'],,,False,False,False,False,[],[],[],[],invalid,,True,False,False,False
CC(CCP(c1c(C)cc1,False,,,"['unbalanced_parentheses', 'parse_failure']",False,0,,True,True,True,True,True,True,False,['invalid_smiles'],,,False,False,False,False,[],[],[],[],invalid,,True,False,False,False
Cc1cccc2)c2c(F)c2F)c2F)c(F)c(F)c(Cl)c(Cl)c(C)c1,False,,,"['unbalanced_parentheses', 'parse_failure']",False,0,,True,True,True,True,True,True,False,['invalid_smiles'],,,False,False,False,False,[],[],[],[],invalid,,True,False,False,False
Cc1cccccc2)c(Cl)c(Cl)c1Cl,False,,,"['unbalanced_parentheses', 'unmatched_ring_closure', 'parse_failure']",False,0,,True,True,True,True,True,True,False,['invalid_smiles'],,,False,False,False,False,[],[],[],[],invalid,,True,False,False,False
Cc1cc(CCC(C)(C)C,False,,,"['unbalanced_parentheses', 'unmatched_ring_closure', 'parse_failure']",False,0,,True,True,True,True,True,True,False,['invalid_smiles'],,,False,False,False,False,[],[],[],[],invalid,,True,False,False,False
CC(B(c2c(F)c1F,False,,,"['unbalanced_parentheses', 'unmatched_ring_closure', 'parse_failure']",False,0,,True,True,True,True,True,True,False,['invalid_smiles'],,,False,False,False,False,[],[],[],[],invalid,,True,False,False,False
Cc1ccccc2P(c2c(C)c2cccc3)c3c(F)c(F)c1c(F)c(F)c(F)c1F)c1F,False,,,"['unbalanced_parentheses', 'unmatched_ring_closure', 'parse_failure']",False,0,,True,True,True,True,True,True,False,['invalid_smiles'],,,False,False,False,False,[],[],[],[],invalid,,True,False,False,False
Cc1cc(N(c2c(F)c(F)c(F)c(F)c(F)c2F)c2F)c2F)c(C)cc(C(F)(F)c(F)c(F)c(F)c4F)cccc(C)cc(C)cc(-c3cccccc3)c3c(Cl)c(Cl)c(Cl)c(Cl)c2Cl)c(Cl)c(Cl)c(Cl)c(C)cc2C)c(Cl)c2Cl)c(Cl)c1Cl),False,,,"['reached_max_length', 'unbalanced_parentheses', 'unmatched_ring_closure', 'parse_failure']",False,0,,True,True,True,True,True,True,False,['invalid_smiles'],,,False,False,False,False,[],[],[],[],invalid,,True,False,False,False
Clc1c(Cl)c1cccc2)cc1C,False,,,"['unbalanced_parentheses', 'unmatched_ring_closure', 'parse_failure']",False,0,,True,True,True,True,True,True,False,['invalid_smiles'],,,False,False,False,False,[],[],[],[],invalid,,True,False,False,False
COB(OC)c1,False,,,"['unmatched_ring_closure', 'parse_failure']",False,0,,True,True,True,True,True,True,False,['invalid_smiles'],,,False,False,False,False,[],[],[],[],invalid,,True,False,False,False
CC(C)P(c1c(Cl)c(C)cc2C)c2c(Cl)c(Cl)c1Cl,False,,,"['kekulization_failure', 'sanitization_failure']",False,0,,True,True,True,True,True,True,False,['invalid_smiles'],,,False,False,False,False,[],[],[],[],invalid,,True,False,False,False
Cc1ccccc2)c2cccc(OB(c2c(C)cc1C,False,,,"['unbalanced_parentheses', 'unmatched_ring_closure', 'parse_failure']",False,0,,True,True,True,True,True,True,False,['invalid_smiles'],,,False,False,False,False,[],[],[],[],invalid,,True,False,False,False
c1cc(C)cc(C)c(C)cc1C)c1,False,,,"['unbalanced_parentheses', 'unmatched_ring_closure', 'parse_failure']",False,0,,True,True,True,True,True,True,False,['invalid_smiles'],,,False,False,False,False,[],[],[],[],invalid,,True,False,False,False
Cc1cc(C)cc(C)cc2C3(C)C,False,,,"['unmatched_ring_closure', 'parse_failure']",False,0,,True,True,True,True,True,True,False,['invalid_smiles'],,,False,False,False,False,[],[],[],[],invalid,,True,False,False,False
Cc1cccc3C)C(C)C1CCCCC(B(c1c(F)c(F)c(F)c(F)c(F)c(F)c(F)c(F)c(F)c(F)c(F)c(F)c(F)c(F)c(F)c(F)c(F)c1F)=C(c1cc(C)cc1,False,,,"['unbalanced_parentheses', 'unmatched_ring_closure', 'parse_failure']",False,0,,True,True,True,True,True,True,False,['invalid_smiles'],,,False,False,False,False,[],[],[],[],invalid,,True,False,False,False
CC1(C)COCC(C)C)C(CCP(c1cc(C)cc2C)c2cc(C)cc2C)c(P(c3c(F)c(F)c(F)c(F)c(F)c(F)c(F)c(F)c(F)c(F)c2F)c2c(Cl)c2Cl)C(c3c(F)c(F)c1F)c1c(Cl)c2Cl)n1,False,,,"['unbalanced_parentheses', 'unmatched_ring_closure', 'parse_failure']",False,0,,True,True,True,True,True,True,False,['invalid_smiles'],,,False,False,False,False,[],[],[],[],invalid,,True,False,False,False
Cc1ccccc2O1)C(C)(CC)(C)C)cc2C)c(Cl)c(Cl)c(Cl)c1Cl)c(Cl)c(Cl)c2Cl)c(C)cc(C(C)cc(C)cc2C)C2CCCCC3C(c3c(Cl)c2c(Cl)c(Cl)c(Cl)c(C)c3cccc2)c2c(B(c2cccc(B(c2c(C)cc2C)c2cc(C)cc(C,False,,,"['reached_max_length', 'unbalanced_parentheses', 'unmatched_ring_closure', 'parse_failure']",False,0,,True,True,True,True,True,True,False,['invalid_smiles'],,,False,False,False,False,[],[],[],[],invalid,,True,False,False,False
CC(C(C)(C)c1,False,,,"['unbalanced_parentheses', 'unmatched_ring_closure', 'parse_failure']",False,0,,True,True,True,True,True,True,False,['invalid_smiles'],,,False,False,False,False,[],[],[],[],invalid,,True,False,False,False
Cc1cccccc21,False,,,"['unmatched_ring_closure', 'parse_failure']",False,0,,True,True,True,True,True,True,False,['invalid_smiles'],,,False,False,False,False,[],[],[],[],invalid,,True,False,False,False
CC(CCP(c1c(Cl)c(C)c(N(c2c(F)c(F)c2F)c2F)c2F)c2F)c(F)c(F)c(F)c(F)c(F)c(F)c(F)c2F)c2F)[P+]2(c3cccc2B(c2c(C)cc(B(c2c(F)c(F)c(F)c(F)c(F)c(F)c(F)c(F)c(F)c(F)c2cccc2c1Oc1c(Cl),False,,,"['reached_max_length', 'unbalanced_parentheses', 'unmatched_ring_closure', 'parse_failure']",False,0,,True,True,True,True,True,True,False,['invalid_smiles'],,,False,False,False,False,[],[],[],[],invalid,,True,False,False,False
Fc1c(F)c(F)c(Cl)c(Cl)c(Cl)c1Cl)c(Cl)c(Cl)c2c(C)cc(C)c(C)cc1,False,,,"['unbalanced_parentheses', 'unmatched_ring_closure', 'parse_failure']",False,0,,True,True,True,True,True,True,False,['invalid_smiles'],,,False,False,False,False,[],[],[],[],invalid,,True,False,False,False
CC(C)(C)P(c1ccc(C)cc2C)c2c(F)c(F)c(F)c(F)c(Cl)c(Cl)c(Cl)c(Cl)c(Cl)c1Cl,False,,,"['kekulization_failure', 'sanitization_failure']",False,0,,True,True,True,True,True,True,False,['invalid_smiles'],,,False,False,False,False,[],[],[],[],invalid,,True,False,False,False
Fc1c(F)c(F)c(F)c(F)c4F)c4F)cccc2N(Cc3ccccc2N(Cc3ccccc3B(c3c(C)c1,False,,,"['unbalanced_parentheses', 'parse_failure']",False,0,,True,True,True,True,True,True,False,['invalid_smiles'],,,False,False,False,False,[],[],[],[],invalid,,True,False,False,False
Fc1c(F)c2F)N2CCCC3C(c3c(C)cc(C)cc2C)c(Cl)c2c(B(c1c(C)c1,False,,,"['unbalanced_parentheses', 'unmatched_ring_closure', 'parse_failure']",False,0,,True,True,True,True,True,True,False,['invalid_smiles'],,,False,False,False,False,[],[],[],[],invalid,,True,False,False,False
COB(OC)c1,False,,,"['unmatched_ring_closure', 'parse_failure']",False,0,,True,True,True,True,True,True,False,['invalid_smiles'],,,False,False,False,False,[],[],[],[],invalid,,True,False,False,False
Cc1cc(C)c(Cl)c(C)c1,True,Cc1cc(C)c(Cl)c(C)c1,Cc1cc(C)c(Cl)c(C)c1,[],True,1,0.375,True,True,True,True,True,True,True,[],0.0,10.0,True,True,False,False,[],[],[],[],no_LA_LB,,True,False,False,False
CC=C(CP(c1c(F)c(F)c2ccccc3)[P+]2(c2cccccc2)c2c(C)c([B-]2(c2ccccc4cccc2)c(Cl)c1Cl)c(Cl)c(Cl)c(Cl)c(C)c1c(F)c3)cc1C,False,,,"['unmatched_ring_closure', 'parse_failure']",False,0,,True,True,True,True,True,True,False,['invalid_smiles'],,,False,False,False,False,[],[],[],[],invalid,,True,False,False,False
CC1(C)C)n(B(c2c(Cl)c2Cl)c(Cl)c(Cl)c2Cl)c3c(C)cc2C)c2c(Cl)c(Cl)c4cccc3c2oc2c(Cl)c1Cl,False,,,"['unbalanced_parentheses', 'unmatched_ring_closure', 'parse_failure']",False,0,,True,True,True,True,True,True,False,['invalid_smiles'],,,False,False,False,False,[],[],[],[],invalid,,True,False,False,False
Cc1cccc12,False,,,"['unmatched_ring_closure', 'parse_failure']",False,0,,True,True,True,True,True,True,False,['invalid_smiles'],,,False,False,False,False,[],[],[],[],invalid,,True,False,False,False
Clc1c(F)c(F)c(F)c(B(c3c(F)c(F)c(F)c(F)c(F)c(F)c2F)P(c2cccc1)c1cccc2)c2c(F)c1F)=C(c1c(B(c3ccccc2c1Oc1c(F)c(F)c(F)c(F)c2c(Cl)c(C2N(Cc3ccccc2)c2ccccccc3N(Cc2cccc1)c1cc(C)cc,False,,,"['reached_max_length', 'unbalanced_parentheses', 'unmatched_ring_closure', 'parse_failure']",False,0,,True,True,True,True,True,True,False,['invalid_smiles'],,,False,False,False,False,[],[],[],[],invalid,,True,False,False,False
CC(C)(CC)(C)C,False,,,"['sanitization_failure', 'valence_problem']",False,0,,True,True,True,True,True,True,False,['invalid_smiles'],,,False,False,False,False,[],[],[],[],invalid,,True,False,False,False
CC1(C)C[B-]2(c3c(F)c3F)c3c(F)c2F)(c1c(Cl)c(Cl)c(Cl)c(Cl)c(C)c2c(F)c(F)c1c(F)c(B(c2c(F)c1F)c1F,False,,,"['unbalanced_parentheses', 'unmatched_ring_closure', 'parse_failure']",False,0,,True,True,True,True,True,True,False,['invalid_smiles'],,,False,False,False,False,[],[],[],[],invalid,,True,False,False,False
CC(C)(C)B(c1c(B(c3ccccc2)c2c1cc(C)cc(-c2cccc3)c3c(C)cc(C)c3c(F)c3c(C)c2c(C)c(Cl)c(Cl)c2Cl)c(Cl)c(C)cc1C)c1,False,,,"['unmatched_ring_closure', 'parse_failure']",False,0,,True,True,True,True,True,True,False,['invalid_smiles'],,,False,False,False,False,[],[],[],[],invalid,,True,False,False,False
Fc1c(F)c(F)c(Cl)c(Cl)c(Cl)c(C)c1,True,CC1=CC(F)=C(F)C(F)=C(Cl)C(Cl)=C1Cl,CC1=CC(F)=C(F)C(F)=C(Cl)C(Cl)=C1Cl,[],True,1,0.20930232558139536,True,True,True,True,True,True,True,[],0.0,15.0,True,True,False,False,[],[],[],[],no_LA_LB,,True,False,False,False
Cc1cc(C)c(N(c2c(C)c1,False,,,"['unbalanced_parentheses', 'unmatched_ring_closure', 'parse_failure']",False,0,,True,True,True,True,True,True,False,['invalid_smiles'],,,False,False,False,False,[],[],[],[],invalid,,True,False,False,False
Cc1ccc(B(CCCC(C)c(B(c2c(Cl)c1Cl)c2c(C)c1c(Cl)c2Cl)CP(CCB(c2c(F)c(F)c(F)c(F)c1F)CP(c1ccccc3)C=C2B(c2c(F)c(F)c(F)c(F)c(F)c(F)c(F)c(F)c(F)c1F)c1F)c1F,False,,,"['unbalanced_parentheses', 'unmatched_ring_closure', 'parse_failure']",False,0,,True,True,True,True,True,True,False,['invalid_smiles'],,,False,False,False,False,[],[],[],[],invalid,,True,False,False,False
Cc1cc(C)c2ccc3N(Cc3cccccc3)cc1C,False,,,"['unmatched_ring_closure', 'parse_failure']",False,0,,True,True,True,True,True,True,False,['invalid_smiles'],,,False,False,False,False,[],[],[],[],invalid,,True,False,False,False
CC(C)(C)C,True,CC(C)(C)C,CC(C)(C)C,[],False,8,0.15,True,True,True,True,True,True,False,['too_small'],0.0,5.0,True,True,False,False,[],[],[],[],no_LA_LB,,True,False,False,False
CC=C(B(c3c(F)c(F)c(F)c2c(F)c(F)c(F)c(F)c(C)cc2C)c([P+]2(c2cccccc2)CCC[P+]1(c1c(Cl)c(Cl)c(Cl)c(Cl)c2Cl)c(Cl)c(Cl)c(Cl)c(Cl)c(C)cc4C)c4c(F)c(F)c1F,False,,,"['unbalanced_parentheses', 'unmatched_ring_closure', 'parse_failure']",False,0,,True,True,True,True,True,True,False,['invalid_smiles'],,,False,False,False,False,[],[],[],[],invalid,,True,False,False,False
CC1(CC)CCCCC3C(c3c(F)c(F)c2F)c(F)c(F)c4F)cc(-c3c(Cl)c(Cl)c(C)cc2C)c2ccc(C)cc(C)c1,False,,,"['unbalanced_parentheses', 'unmatched_ring_closure', 'parse_failure']",False,0,,True,True,True,True,True,True,False,['invalid_smiles'],,,False,False,False,False,[],[],[],[],invalid,,True,False,False,False
Clc1c(F)c(F)c(F)c(F)c(F)c(F)c1cc(N(c2c(F)c2F)C2CC(P(c3cc(C)c(B(c1c(F)c(F)c(F)c(F)c3F)c3F)c3F)c2F)C2CCCC3)C2P(c2c(F)c(F)c(F)c([P+]1(c1cccccc3c2-c2c(Cl)c1cc(C)c1,False,,,"['unbalanced_parentheses', 'unmatched_ring_closure', 'parse_failure']",False,0,,True,True,True,True,True,True,False,['invalid_smiles'],,,False,False,False,False,[],[],[],[],invalid,,True,False,False,False
Cc1cccccc1B(c1ccccc1,False,,,"['unbalanced_parentheses', 'parse_failure']",False,0,,True,True,True,True,True,True,False,['invalid_smiles'],,,False,False,False,False,[],[],[],[],invalid,,True,False,False,False
Cc1ccc(B3c4cccc3C)C(C)(C)B(c1c(Cl)c(Cl)c3Cl)c2Cl)c(C(F)(F)F)cc(C)c1,False,,,"['unbalanced_parentheses', 'unmatched_ring_closure', 'parse_failure']",False,0,,True,True,True,True,True,True,False,['invalid_smiles'],,,False,False,False,False,[],[],[],[],invalid,,True,False,False,False
CCN(CC)C(C)C)N1CCCCCCCB(c2c(C)cc2C)c2cccc2B(c2c(Cl)c2c(Cl)c(Cl)c(Cl)c(Cl)c1Cl)c(C)c(P(c4cccc1B(Cl)c(Cl)c2Cl)CCP1c1ccc(c34)P2c2ccccc2)c2ccccc3N(Cc3cccccc1,False,,,"['unmatched_ring_closure', 'parse_failure']",False,0,,True,True,True,True,True,True,False,['invalid_smiles'],,,False,False,False,False,[],[],[],[],invalid,,True,False,False,False
c1cc(C)c(PC(=CCB(c2c(B(c2c(Cl)c3Cl)c(C)c1,False,,,"['unbalanced_parentheses', 'unmatched_ring_closure', 'parse_failure']",False,0,,True,True,True,True,True,True,False,['invalid_smiles'],,,False,False,False,False,[],[],[],[],invalid,,True,False,False,False
Cc1cc(C)cc(C)c(Cl)c21,False,,,"['unmatched_ring_closure', 'parse_failure']",False,0,,True,True,True,True,True,True,False,['invalid_smiles'],,,False,False,False,False,[],[],[],[],invalid,,True,False,False,False
CC1(CC)c2Cl)c2c(Cl)c(C=C(CP(c2c(F)c(F)c(F)c(F)c(F)c2cccc2)c2cccc1B(Cl)c(Cl)c1Cl,False,,,"['unbalanced_parentheses', 'unmatched_ring_closure', 'parse_failure']",False,0,,True,True,True,True,True,True,False,['invalid_smiles'],,,False,False,False,False,[],[],[],[],invalid,,True,False,False,False
Fc1c(F)c1F)c1F)c1F)=C(c2ccccc2)P(c2c(C)c(P(C2CCCC2)c2ccc3)c3c(F)c2c(C)cc2B(c2c(Cl)c2c(B(c3cccc3)c3c2CCCC2)C(C)C)cc2C)c(P(C2=C3CCCC2N2CCCCCC1(C)OB(c2c(F)c(F)c(F)c1P(c1ccc,False,,,"['reached_max_length', 'unbalanced_parentheses', 'unmatched_ring_closure', 'parse_failure']",False,0,,True,True,True,True,True,True,False,['invalid_smiles'],,,False,False,False,False,[],[],[],[],invalid,,True,False,False,False
Clc1c(F)c2F)P(c1c(Cl)c1Cl,False,,,"['unmatched_ring_closure', 'parse_failure']",False,0,,True,True,True,True,True,True,False,['invalid_smiles'],,,False,False,False,False,[],[],[],[],invalid,,True,False,False,False
Clc1c(F)c(B(c2c(C)cc(C)c(Cl)c(Cl)c(Cl)c2Cl)c(Cl)c(C)c1,False,,,"['unbalanced_parentheses', 'parse_failure']",False,0,,True,True,True,True,True,True,False,['invalid_smiles'],,,False,False,False,False,[],[],[],[],invalid,,True,False,False,False
CC(B(c1c(Cl)c2Cl)c2Cl)C2C3CCCC(C)C)CCCCB(c2c(Cl)c(Cl)c(Cl)c(Cl)c2Cl)c(Cl)c(Cl)c(Cl)c(C=C(CP(c1c(Cl)c(Cl)c(Cl)c2c(Cl)c1Cl)CP(c1c(F)c(F)c(F)c(F)c1c(F)c(B(C(=CCB(c2cccc1B(c,False,,,"['reached_max_length', 'unbalanced_parentheses', 'unmatched_ring_closure', 'parse_failure']",False,0,,True,True,True,True,True,True,False,['invalid_smiles'],,,False,False,False,False,[],[],[],[],invalid,,True,False,False,False
CCN(CC)CCCCC(B(c2c(F)c2F)c(F)c(F)c2F)c2c(F)c(F)c2F)c2c(F)c(F)c(F)c1c(C)cc2C)c(P(c3c(Cl)c2Cl)c(Cl)c(Cl)c(Cl)c(Cl)c2Cl)c1Cl,False,,,"['unbalanced_parentheses', 'unmatched_ring_closure', 'parse_failure']",False,0,,True,True,True,True,True,True,False,['invalid_smiles'],,,False,False,False,False,[],[],[],[],invalid,,True,False,False,False
Fc1c(Cl)c(C)cc(-c2ccccc3)C=C(CP(c1ccccc3)c3c(F)c3c(Cl)c1Cl,False,,,"['unbalanced_parentheses', 'unmatched_ring_closure', 'parse_failure']",False,0,,True,True,True,True,True,True,False,['invalid_smiles'],,,False,False,False,False,[],[],[],[],invalid,,True,False,False,False
COB(OC)c1,False,,,"['unmatched_ring_closure', 'parse_failure']",False,0,,True,True,True,True,True,True,False,['invalid_smiles'],,,False,False,False,False,[],[],[],[],invalid,,True,False,False,False
Clc1c(Cl)cccccc1)c1c(F)c1F)C(c3ccccc2cccc2)c2c(F)c(F)c(F)c(F)c(F)c(F)c2F)n1,False,,,"['unbalanced_parentheses', 'unmatched_ring_closure', 'parse_failure']",False,0,,True,True,True,True,True,True,False,['invalid_smiles'],,,False,False,False,False,[],[],[],[],invalid,,True,False,False,False
CN1c2c(C)cc1,False,,,"['unmatched_ring_closure', 'parse_failure']",False,0,,True,True,True,True,True,True,False,['invalid_smiles'],,,False,False,False,False,[],[],[],[],invalid,,True,False,False,False
Fc1c(Cl)c2c(F)c(F)c(F)c(F)c4F)c4F)c4F)c4F)c4c(Cl)c(Cl)c(Cl)c(Cl)c(Cl)c(Cl)c(Cl)c(Cl)c1Cl)c1cccc3c2-c2cccc2C)c(Cl)c(Cl)c(C(C)C1CCCCP(c1cc(C)cc2C)c2c(C)cc(C)cc(C)cc(C)c2Cl,False,,,"['reached_max_length', 'unbalanced_parentheses', 'unmatched_ring_closure', 'parse_failure']",False,0,,True,True,True,True,True,True,False,['invalid_smiles'],,,False,False,False,False,[],[],[],[],invalid,,True,False,False,False
Cc1ccc(c34)P2c2cccccccc1C,False,,,"['unmatched_ring_closure', 'parse_failure']",False,0,,True,True,True,True,True,True,False,['invalid_smiles'],,,False,False,False,False,[],[],[],[],invalid,,True,False,False,False
Clc1c(F)c(F)c(F)c(B(c3cccc4)c4c(F)c(F)c(F)c(F)c(F)c(F)c(F)c(F)c2F)c2c(Cl)c2Cl)c(Cl)c2Cl)P(c2c(F)c(F)c(F)c(F)c(F)c(F)c(F)c1c(Cl)c(Cl)c(Cl)c(Cl)c1Cl)c2Cl)c(Cl)c(C)cc2C)c2c,False,,,"['reached_max_length', 'unbalanced_parentheses', 'unmatched_ring_closure', 'parse_failure']",False,0,,True,True,True,True,True,True,False,['invalid_smiles'],,,False,False,False,False,[],[],[],[],invalid,,True,False,False,False
Cc1ccccccccc1)N1C(C)(C)c(P(c5cccc3N(Cc2cccc2)cc1C)c1cc(C)c(Cl)c(Cl)c(Cl)c(Cl)c(Cl)c3Cl)c(Cl)c(Cl)c(Cl)c(Cl)c1Cl,False,,,"['unbalanced_parentheses', 'unmatched_ring_closure', 'parse_failure']",False,0,,True,True,True,True,True,True,False,['invalid_smiles'],,,False,False,False,False,[],[],[],[],invalid,,True,False,False,False
Cc1cccc3)c3c(Cl)c(Cl)c1P(c1c(Cl)c(Cl)c1Cl,False,,,['parse_failure'],False,0,,True,True,True,True,True,True,False,['invalid_smiles'],,,False,False,False,False,[],[],[],[],invalid,,True,False,False,False
Cc1ccccc1B(c2c(Cl)c(C)c1,False,,,"['unbalanced_parentheses', 'unmatched_ring_closure', 'parse_failure']",False,0,,True,True,True,True,True,True,False,['invalid_smiles'],,,False,False,False,False,[],[],[],[],invalid,,True,False,False,False
Fc1c(F)c(F)c(F)c(F)c3c(C(F)(F)F)cc(C)cc(C)cc(C)cc(C)c(Cl)c3c(Cl)c(Cl)c(Cl)c3Cl)c(C)cc1C)c1,False,,,"['unbalanced_parentheses', 'unmatched_ring_closure', 'parse_failure']",False,0,,True,True,True,True,True,True,False,['invalid_smiles'],,,False,False,False,False,[],[],[],[],invalid,,True,False,False,False
Fc1c(Cl)c(C(=C(B(c3c(F)c(F)c2F)C2CCC1C(N1CCCC2B(c2c(F)c(F)c(B(c3c(C(F)(F)F)c3)c3c(Cl)c3Cl)c1Cl)C(c3cccc3N(Cc3cccc1,False,,,"['unbalanced_parentheses', 'unmatched_ring_closure', 'parse_failure']",False,0,,True,True,True,True,True,True,False,['invalid_smiles'],,,False,False,False,False,[],[],[],[],invalid,,True,False,False,False
CC1(C)cc(C)c1,False,,,"['kekulization_failure', 'sanitization_failure']",False,0,,True,True,True,True,True,True,False,['invalid_smiles'],,,False,False,False,False,[],[],[],[],invalid,,True,False,False,False
CC1(C)OB(c2ccccc2)c2c(F)c(F)c(F)c2F)c2F)c2F)P(c1c(Cl)c2Cl)c3Cl)c(Cl)c(C)c(B(c3c(Cl)c2Cl)P(c2ccccc1B(c1c(F)c3ccccc2)OC1(C)C,False,,,"['unbalanced_parentheses', 'unmatched_ring_closure', 'parse_failure']",False,0,,True,True,True,True,True,True,False,['invalid_smiles'],,,False,False,False,False,[],[],[],[],invalid,,True,False,False,False
Cc1ccccc3B(c3c(Cl)c2Cl)C2C)C(C)(C)N1C(C)(C)N1Cc1cc(C(N2CCC1C(c1c(C)c2c(Cl)c2c(C)c(B(c2c(Cl)c(Cl)c(Cl)c(Cl)c(Cl)c(Cl)c3cccc32)c(Cl)c2Cl)c3c(C)cc(C)c1,False,,,"['unbalanced_parentheses', 'unmatched_ring_closure', 'parse_failure']",False,0,,True,True,True,True,True,True,False,['invalid_smiles'],,,False,False,False,False,[],[],[],[],invalid,,True,False,False,False
Cc1ccc2B(c2c(Cl)c2c(F)c2F)c2F)c2c(Cl)c2cccc1)c1c(F)c(F)c(F)c(F)c(F)c(F)c(F)c(F)c(F)c(F)c2F)n1,False,,,"['unbalanced_parentheses', 'parse_failure']",False,0,,True,True,True,True,True,True,False,['invalid_smiles'],,,False,False,False,False,[],[],[],[],invalid,,True,False,False,False
Cc1cc(C)c1,True,CC1=CC(C)=C1,CC1=CC(C)=C1,[],False,20,0.13043478260869565,True,True,True,True,True,True,False,['too_small'],0.0,6.0,True,True,False,False,[],[],[],[],no_LA_LB,,True,False,False,False
Cc1cc(C)c([B-]2(c3c(Cl)c(C)cc2C)c(P(c4ccccc1)c1c(F)c(F)c(F)c(F)c(F)c(F)c(F)c(F)c3c(Cl)c(Cl)c(Cl)c2c(Cl)c(Cl)c(C)c(P(c3c(C)cc2C)c2c(Cl)c(Cl)c1c(Cl)c1Cl)c(Cl)c(Cl)c(Cl)c(C,False,,,"['reached_max_length', 'unbalanced_parentheses', 'unmatched_ring_closure', 'parse_failure']",False,0,,True,True,True,True,True,True,False,['invalid_smiles'],,,False,False,False,False,[],[],[],[],invalid,,True,False,False,False
Cc1cccc1B(c1c(C)c1,False,,,"['unbalanced_parentheses', 'parse_failure']",False,0,,True,True,True,True,True,True,False,['invalid_smiles'],,,False,False,False,False,[],[],[],[],invalid,,True,False,False,False
CC(C)C,True,CC(C)C,CC(C)C,[],False,9,0.1111111111111111,True,True,True,True,True,True,False,['too_small'],0.0,4.0,True,True,False,False,[],[],[],[],no_LA_LB,,True,False,False,False
CC(C3)C3CCCCC3C(c3c(C)c1,False,,,"['unbalanced_parentheses', 'unmatched_ring_closure', 'parse_failure']",False,0,,True,True,True,True,True,True,False,['invalid_smiles'],,,False,False,False,False,[],[],[],[],invalid,,True,False,False,False
CN1c2c(F)c2F)c2F)c(B(c2c(B(CCP(c1c(Cl)cc(C)cc(C)cc1)c1c(Cl)c(Cl)c(Cl)c3Cl)c(Cl)c2Cl)c(C2N(Cc3cccccccccccc2B2Oc3cc(C)cc2C)c(B(c2c(F)c(F)c(F)c2F)C2CC(P(c4ccccc3)C[B-]2(c2c,False,,,"['reached_max_length', 'unbalanced_parentheses', 'unmatched_ring_closure', 'parse_failure']",False,0,,True,True,True,True,True,True,False,['invalid_smiles'],,,False,False,False,False,[],[],[],[],invalid,,True,False,False,False
Cc1cc(C)c(Cl)c(Cl)c(C)cc(C(F)(F)F)c3cccc1B(c1c(Cl)c(Cl)c(C)c(Cl)c2Cl)c2Cl)c2c(F)c(F)c(F)c1F)c1ccccc(OB(c2c(B(c2c(C)cc2C)c(C2CCCCC(C)(CC)CC(c3c(Cl)c(Cl)c1Cl)c2Cl)c(C)cc(C,False,,,"['reached_max_length', 'unbalanced_parentheses', 'parse_failure']",False,0,,True,True,True,True,True,True,False,['invalid_smiles'],,,False,False,False,False,[],[],[],[],invalid,,True,False,False,False
Cc1ccccc4cccc4)c4cccc2)c2c(Cl)c(Cl)c(Cl)c(Cl)c(B(c2cc(CB(c1c(C)cc2C)c2c(C)c1,False,,,"['unbalanced_parentheses', 'unmatched_ring_closure', 'parse_failure']",False,0,,True,True,True,True,True,True,False,['invalid_smiles'],,,False,False,False,False,[],[],[],[],invalid,,True,False,False,False
Cc1ccc(B(C3CCC(C)(C)C,False,,,"['unbalanced_parentheses', 'unmatched_ring_closure', 'parse_failure']",False,0,,True,True,True,True,True,True,False,['invalid_smiles'],,,False,False,False,False,[],[],[],[],invalid,,True,False,False,False
Cc1ccc(P(c2c(F)c(F)c(F)c2F)c(F)c(F)c(F)c(F)c(F)c2F)n1,False,,,"['unmatched_ring_closure', 'parse_failure']",False,0,,True,True,True,True,True,True,False,['invalid_smiles'],,,False,False,False,False,[],[],[],[],invalid,,True,False,False,False
Cc1cccc1,False,,,"['kekulization_failure', 'sanitization_failure']",False,0,,True,True,True,True,True,True,False,['invalid_smiles'],,,False,False,False,False,[],[],[],[],invalid,,True,False,False,False
Cc1cccc2)c2cccc(B(CCP(C(C)(C)C,False,,,"['unbalanced_parentheses', 'unmatched_ring_closure', 'parse_failure']",False,0,,True,True,True,True,True,True,False,['invalid_smiles'],,,False,False,False,False,[],[],[],[],invalid,,True,False,False,False
Clc1c(F)c1F,False,,,"['kekulization_failure', 'sanitization_failure']",False,0,,True,True,True,True,True,True,False,['invalid_smiles'],,,False,False,False,False,[],[],[],[],invalid,,True,False,False,False
ClB(c1c(Cl)c(Cl)c(Cl)c2Cl)c2c(Cl)c(Cl)c1Cl,False,,,"['kekulization_failure', 'sanitization_failure']",False,0,,True,True,True,True,True,True,False,['invalid_smiles'],,,False,False,False,False,[],[],[],[],invalid,,True,False,False,False
CC(C)CO2)c2c(C)c1c(B(c2c(Cl)c(Cl)c2c(Cl)c2c1cc(C)c1,False,,,"['unbalanced_parentheses', 'unmatched_ring_closure', 'parse_failure']",False,0,,True,True,True,True,True,True,False,['invalid_smiles'],,,False,False,False,False,[],[],[],[],invalid,,True,False,False,False
CC(=CCB(c2c(Cl)c1Cl)c1Cl)c3Cl)c(B(c2c(C)cc1,False,,,"['unbalanced_parentheses', 'unmatched_ring_closure', 'parse_failure']",False,0,,True,True,True,True,True,True,False,['invalid_smiles'],,,False,False,False,False,[],[],[],[],invalid,,True,False,False,False
CN1c2c(F)c(B(c2c(F)c(F)c(F)c1F,False,,,"['unbalanced_parentheses', 'parse_failure']",False,0,,True,True,True,True,True,True,False,['invalid_smiles'],,,False,False,False,False,[],[],[],[],invalid,,True,False,False,False
Cc1ccc(P(c2c(Cl)c3Cl)c2c(Cl)c2Cl)n1,False,,,"['unmatched_ring_closure', 'parse_failure']",False,0,,True,True,True,True,True,True,False,['invalid_smiles'],,,False,False,False,False,[],[],[],[],invalid,,True,False,False,False
Cc1cc(C)cc(C)cc2C)c(P(c2cc(C)cc1C)c1,False,,,"['unmatched_ring_closure', 'parse_failure']",False,0,,True,True,True,True,True,True,False,['invalid_smiles'],,,False,False,False,False,[],[],[],[],invalid,,True,False,False,False
Cc1cccc4)cccc1)C2B(c2c(F)c(F)c(F)c(F)c(F)c4F)cccc2)c2c1-c1c(F)c(Cl)c(Cl)c(Cl)c1Cl)c(Cl)c1Cl)c(Cl)c2Cl)C2(c2cccc2B(c2c(B(c3c(Cl)c1Cl)C2CCCC2N2CCCC2(C)C)c(Cl)c(Cl)c(Cl)c1C,False,,,"['reached_max_length', 'unbalanced_parentheses', 'unmatched_ring_closure', 'parse_failure']",False,0,,True,True,True,True,True,True,False,['invalid_smiles'],,,False,False,False,False,[],[],[],[],invalid,,True,False,False,False
Clc1c(F)c1F)c1F,False,,,"['unbalanced_parentheses', 'unmatched_ring_closure', 'parse_failure']",False,0,,True,True,True,True,True,True,False,['invalid_smiles'],,,False,False,False,False,[],[],[],[],invalid,,True,False,False,False
CC1(C)C)c2c(P(c2c(F)c(F)c(F)c(F)c(F)c2F)c(F)c(F)c(B(c2c(C)c(Cl)c(Cl)c(Cl)c(C(CB(c1c(F)c1F,False,,,"['unbalanced_parentheses', 'unmatched_ring_closure', 'parse_failure']",False,0,,True,True,True,True,True,True,False,['invalid_smiles'],,,False,False,False,False,[],[],[],[],invalid,,True,False,False,False
Cc1cccc2)c2c(C)cc(C)c(Cl)c1P(c1cc(C)cc4C)c4c(C)c(P(c3c(F)c3F)c(F)c(F)c(F)c(F)c(F)c(F)c(B(c3c(F)c1F)c1F,False,,,"['unbalanced_parentheses', 'unmatched_ring_closure', 'parse_failure']",False,0,,True,True,True,True,True,True,False,['invalid_smiles'],,,False,False,False,False,[],[],[],[],invalid,,True,False,False,False
Clc1c(F)c(F)c(F)c(F)c(F)c2F)c(F)c(F)c(F)c(F)c1F)C(C)(C)C,False,,,"['unbalanced_parentheses', 'unmatched_ring_closure', 'parse_failure']",False,0,,True,True,True,True,True,True,False,['invalid_smiles'],,,False,False,False,False,[],[],[],[],invalid,,True,False,False,False
CCCCC(C)C2C)C2CCCC2B(c2cccc1B(c1cc(C)cc2C)c(P(c4cccc2)c(Cl)c(C)c1,False,,,"['unbalanced_parentheses', 'unmatched_ring_closure', 'parse_failure']",False,0,,True,True,True,True,True,True,False,['invalid_smiles'],,,False,False,False,False,[],[],[],[],invalid,,True,False,False,False
ClB(c1cccc1)c1c(F)c(F)c(P(c5ccccc3)c3c(Cl)c2ccccccc3)C[B-](c1c(Cl)c(Cl)c(Cl)c(C)c1,False,,,"['unbalanced_parentheses', 'unmatched_ring_closure', 'parse_failure']",False,0,,True,True,True,True,True,True,False,['invalid_smiles'],,,False,False,False,False,[],[],[],[],invalid,,True,False,False,False
Cc1cc(C)cc2C)c(Cl)c(Cl)c1Cl)c(F)c(F)c(F)c(F)c1F)c1F,False,,,"['unbalanced_parentheses', 'unmatched_ring_closure', 'parse_failure']",False,0,,True,True,True,True,True,True,False,['invalid_smiles'],,,False,False,False,False,[],[],[],[],invalid,,True,False,False,False
CC1(C)C)C(C)(C)C)cc2C)cc1C,False,,,"['unbalanced_parentheses', 'unmatched_ring_closure', 'parse_failure']",False,0,,True,True,True,True,True,True,False,['invalid_smiles'],,,False,False,False,False,[],[],[],[],invalid,,True,False,False,False
COB(OC)c1,False,,,"['unmatched_ring_closure', 'parse_failure']",False,0,,True,True,True,True,True,True,False,['invalid_smiles'],,,False,False,False,False,[],[],[],[],invalid,,True,False,False,False
Cc1cc(C(F)(F)F)c1c(F)c(F)c2F)n1,False,,,"['unbalanced_parentheses', 'unmatched_ring_closure', 'parse_failure']",False,0,,True,True,True,True,True,True,False,['invalid_smiles'],,,False,False,False,False,[],[],[],[],invalid,,True,False,False,False
Fc1c(Cl)c(Cl)c(Cl)c(Cl)c(Cl)c(Cl)c(Cl)c1ccc(OB(c2c(B(c2cccc3ccccn2)c2c(B(c2c(C)cc(C)c1,False,,,"['unbalanced_parentheses', 'unmatched_ring_closure', 'parse_failure']",False,0,,True,True,True,True,True,True,False,['invalid_smiles'],,,False,False,False,False,[],[],[],[],invalid,,True,False,False,False
Fc1c(Cl)c(Cl)c2cccccc2C)c2c1cc(C)cc3C2(C)C,False,,,"['unbalanced_parentheses', 'unmatched_ring_closure', 'parse_failure']",False,0,,True,True,True,True,True,True,False,['invalid_smiles'],,,False,False,False,False,[],[],[],[],invalid,,True,False,False,False
CC(C)(C)CO2)c2cccc1)B(c2c(C)c1,False,,,"['unbalanced_parentheses', 'unmatched_ring_closure', 'parse_failure']",False,0,,True,True,True,True,True,True,False,['invalid_smiles'],,,False,False,False,False,[],[],[],[],invalid,,True,False,False,False
Cc1ccccc2)c2c(Cl)c(C)c1,False,,,"['unbalanced_parentheses', 'parse_failure']",False,0,,True,True,True,True,True,True,False,['invalid_smiles'],,,False,False,False,False,[],[],[],[],invalid,,True,False,False,False
CC(C)(C)cc(B2c3cccc(B2c3ccccc3c2-c2c-3cccc1)CB(c2c(F)c3F)ccccc3C)=C3CCCCC3)C3CCC(C)(C)P(c2c(Cl)c(Cl)c1Cl,False,,,"['unmatched_ring_closure', 'parse_failure']",False,0,,True,True,True,True,True,True,False,['invalid_smiles'],,,False,False,False,False,[],[],[],[],invalid,,True,False,False,False
COB(OC)c1,False,,,"['unmatched_ring_closure', 'parse_failure']",False,0,,True,True,True,True,True,True,False,['invalid_smiles'],,,False,False,False,False,[],[],[],[],invalid,,True,False,False,False
Cc1cc(C)c1,True,CC1=CC(C)=C1,CC1=CC(C)=C1,[],False,20,0.13043478260869565,True,True,True,True,True,True,False,['too_small'],0.0,6.0,True,True,False,False,[],[],[],[],no_LA_LB,,True,False,False,False
CN(CC)(C)P(c2c(F)c(F)c(F)c1ccccc32)c(Cl)c(Cl)c2Cl)c(Cl)c(C)cc2C)c2c(C)c1,False,,,"['unbalanced_parentheses', 'unmatched_ring_closure', 'parse_failure']",False,0,,True,True,True,True,True,True,False,['invalid_smiles'],,,False,False,False,False,[],[],[],[],invalid,,True,False,False,False
Bc1cc(C)cc2C)c(P(C2C[B-]2(c3ccccc1)c1c(C)c1,False,,,"['unbalanced_parentheses', 'unmatched_ring_closure', 'parse_failure']",False,0,,True,True,True,True,True,True,False,['invalid_smiles'],,,False,False,False,False,[],[],[],[],invalid,,True,False,False,False
CC1(C)CB(c1cc(C)cc2C(C)(C)C)cc(C)c1,False,,,"['unmatched_ring_closure', 'parse_failure']",False,0,,True,True,True,True,True,True,False,['invalid_smiles'],,,False,False,False,False,[],[],[],[],invalid,,True,False,False,False
Cc1ccc(C)c(Cl)c(B(c2cccc1N1C(C)P(CB(c1c(Cl)c(C(F)(F)F)c(F)c(F)c2F)C2CCCC3C(c3c(F)c(Cl)c(Cl)c(Cl)c(Cl)c(Cl)c1Cl)C2CCCC3)c(C)cc(C)cc2C(C)(C)C)C(C)(C)c(P(c4c(Cl)c(C(F)(F)F),False,,,"['reached_max_length', 'unbalanced_parentheses', 'unmatched_ring_closure', 'parse_failure']",False,0,,True,True,True,True,True,True,False,['invalid_smiles'],,,False,False,False,False,[],[],[],[],invalid,,True,False,False,False
CC1(C)C)C(CB(c2c(Cl)c1Cl)c1cccc1,False,,,"['unmatched_ring_closure', 'parse_failure']",False,0,,True,True,True,True,True,True,False,['invalid_smiles'],,,False,False,False,False,[],[],[],[],invalid,,True,False,False,False
CC(CCP(c1c(F)c(F)c(F)c(F)c(F)c2F)P(c2ccccc4)c4c(F)c(F)c(F)c(F)c(F)c(F)c(F)c3F)cccccc3)c3c(Cl)c(Cl)c1ccccc(C)c1,False,,,"['unbalanced_parentheses', 'unmatched_ring_closure', 'parse_failure']",False,0,,True,True,True,True,True,True,False,['invalid_smiles'],,,False,False,False,False,[],[],[],[],invalid,,True,False,False,False
Cc1cccccc1,False,,,"['kekulization_failure', 'sanitization_failure']",False,0,,True,True,True,True,True,True,False,['invalid_smiles'],,,False,False,False,False,[],[],[],[],invalid,,True,False,False,False
Cc1cc(C(C)C=C2B(c2c(F)c2F)c2c(F)c(F)c(F)c2F)c2F)c2F)n1,False,,,"['unbalanced_parentheses', 'unmatched_ring_closure', 'parse_failure']",False,0,,True,True,True,True,True,True,False,['invalid_smiles'],,,False,False,False,False,[],[],[],[],invalid,,True,False,False,False
Cc1ccccc2)c2ccccc5)c5ccccc2B(c2c(B(c2ccccc2)cc1,False,,,['parse_failure'],False,0,,True,True,True,True,True,True,False,['invalid_smiles'],,,False,False,False,False,[],[],[],[],invalid,,True,False,False,False
c1cccc1C)c1,False,,,"['unbalanced_parentheses', 'unmatched_ring_closure', 'parse_failure']",False,0,,True,True,True,True,True,True,False,['invalid_smiles'],,,False,False,False,False,[],[],[],[],invalid,,True,False,False,False
Cc1ccc(-c3ccccc3)c3cccc3)[P+]2(c2c(F)c2c(Cl)c(Cl)c2cccc3cccc2N3Cc2cccc2cccc23)c(Cl)c(C)c(Cl)c(Cl)c(Cl)c(Cl)c2Cl)c(Cl)c(Cl)c(Cl)c(Cl)c(Cl)c(Cl)c(Cl)c3Cl)(c3c(F)c(F)c(F)c1,False,,,"['reached_max_length', 'unbalanced_parentheses', 'unmatched_ring_closure', 'parse_failure']",False,0,,True,True,True,True,True,True,False,['invalid_smiles'],,,False,False,False,False,[],[],[],[],invalid,,True,False,False,False
CC(=C(B(c2c(F)c(F)c(F)c(F)c1F)CP(c2c(Cl)c(Cl)c(C)c(P(CCB(c2c(Cl)c(Cl)c(Cl)c2Cl)c(Cl)c(Cl)c(Cl)c(Cl)c2c(Cl)c3Cl)c(Cl)c(Cl)c1c(Cl)c(Cl)c(Cl)c2Cl)c(Cl)c(Cl)c(Cl)c2c(Cl)c(Cl,False,,,"['reached_max_length', 'unbalanced_parentheses', 'unmatched_ring_closure', 'parse_failure']",False,0,,True,True,True,True,True,True,False,['invalid_smiles'],,,False,False,False,False,[],[],[],[],invalid,,True,False,False,False
Cc1cc(C(=C(B(c4c(Cl)c2c(Cl)c(Cl)c(Cl)c(Cl)c(Cl)c2)c2c(C)c2c(F)c1F)c1F)c1)C2(c2cccc1)P(c1ccc2)c2c(F)c(F)c(F)c(F)c(F)c(F)c2c(F)c(F)c(Cl)c1Cl)c(Cl)c(B(c2cccc1,False,,,"['unbalanced_parentheses', 'unmatched_ring_closure', 'parse_failure']",False,0,,True,True,True,True,True,True,False,['invalid_smiles'],,,False,False,False,False,[],[],[],[],invalid,,True,False,False,False
CC(C)(C)cc(-c3ccccc2)c2c(C)c2Cl)P(c1ccc(C)cc(B(c2c(Cl)c(Cl)c(Cl)c(Cl)c(Cl)c1c(F)c(F)c2c(Cl)c2Cl)n1,False,,,"['unbalanced_parentheses', 'unmatched_ring_closure', 'parse_failure']",False,0,,True,True,True,True,True,True,False,['invalid_smiles'],,,False,False,False,False,[],[],[],[],invalid,,True,False,False,False
Clc1c(Cl)c(Cl)c(Cl)c(Cl)c(Cl)c(Cl)c(Cl)c(Cl)c2Cl)c(C)cc(-c3ccccc2)c2cc(C)c1,False,,,"['unbalanced_parentheses', 'unmatched_ring_closure', 'parse_failure']",False,0,,True,True,True,True,True,True,False,['invalid_smiles'],,,False,False,False,False,[],[],[],[],invalid,,True,False,False,False
Clc1c(Cl)c(Cl)c2Cl)P(c1c(C)c1,False,,,"['unmatched_ring_closure', 'parse_failure']",False,0,,True,True,True,True,True,True,False,['invalid_smiles'],,,False,False,False,False,[],[],[],[],invalid,,True,False,False,False
Cc1cc(C)c(P(C(C)(C)N(Cc3cccc2)C1,False,,,"['unbalanced_parentheses', 'unmatched_ring_closure', 'parse_failure']",False,0,,True,True,True,True,True,True,False,['invalid_smiles'],,,False,False,False,False,[],[],[],[],invalid,,True,False,False,False
CN1c2c(C)cc(C)c1,False,,,"['unmatched_ring_closure', 'parse_failure']",False,0,,True,True,True,True,True,True,False,['invalid_smiles'],,,False,False,False,False,[],[],[],[],invalid,,True,False,False,False
CC1(C)C)n(B(c4c(Cl)c(B(c4c(C)c1,False,,,"['unbalanced_parentheses', 'parse_failure']",False,0,,True,True,True,True,True,True,False,['invalid_smiles'],,,False,False,False,False,[],[],[],[],invalid,,True,False,False,False
CC1(C)C)C(C)(C)N1C(C)C)C(C)C)cc(C)c(Cl)c1Cl)c(C)cc2C)c2cccc3c4c(C)c1,False,,,"['unbalanced_parentheses', 'unmatched_ring_closure', 'parse_failure']",False,0,,True,True,True,True,True,True,False,['invalid_smiles'],,,False,False,False,False,[],[],[],[],invalid,,True,False,False,False
Cc1cccc2cccc12,False,,,"['kekulization_failure', 'sanitization_failure']",False,0,,True,True,True,True,True,True,False,['invalid_smiles'],,,False,False,False,False,[],[],[],[],invalid,,True,False,False,False
Bc1ccccc3)c3c(F)c(F)c(F)c(F)c(F)c(F)c(F)c(F)c(F)c1F,False,,,"['unbalanced_parentheses', 'parse_failure']",False,0,,True,True,True,True,True,True,False,['invalid_smiles'],,,False,False,False,False,[],[],[],[],invalid,,True,False,False,False
Cc1ccccc2c1-c1c(F)c(F)c(F)c1F,False,,,"['unmatched_ring_closure', 'parse_failure']",False,0,,True,True,True,True,True,True,False,['invalid_smiles'],,,False,False,False,False,[],[],[],[],invalid,,True,False,False,False
CC(C)(C)C,True,CC(C)(C)C,CC(C)(C)C,[],False,8,0.15,True,True,True,True,True,True,False,['too_small'],0.0,5.0,True,True,False,False,[],[],[],[],no_LA_LB,,True,False,False,False
c1cc(C)cc(C)cc(C)c(P(C2CC(P(c2c(C)c(-c2ccccc2-3)c21,False,,,"['unbalanced_parentheses', 'unmatched_ring_closure', 'parse_failure']",False,0,,True,True,True,True,True,True,False,['invalid_smiles'],,,False,False,False,False,[],[],[],[],invalid,,True,False,False,False
Fc1c(F)c(F)c(F)c(F)c(F)c(F)c(P(c2c(C)cc1Cl,False,,,"['unbalanced_parentheses', 'unmatched_ring_closure', 'parse_failure']",False,0,,True,True,True,True,True,True,False,['invalid_smiles'],,,False,False,False,False,[],[],[],[],invalid,,True,False,False,False
Cc1cc(C)c(B(C2=C3CCCCCC2)C(C)C,False,,,"['unbalanced_parentheses', 'unmatched_ring_closure', 'parse_failure']",False,0,,True,True,True,True,True,True,False,['invalid_smiles'],,,False,False,False,False,[],[],[],[],invalid,,True,False,False,False
CC(B(c3ccccc3N(Cc3ccccc1B1Oc2c(C)c1,False,,,"['unbalanced_parentheses', 'unmatched_ring_closure', 'parse_failure']",False,0,,True,True,True,True,True,True,False,['invalid_smiles'],,,False,False,False,False,[],[],[],[],invalid,,True,False,False,False
CC1(C)cc(C)cc(-c3cccc1)C(C)CCCCC32)c(Cl)c(Cl)c2Oc2c(F)c(F)c(F)c2F)c2F)c2c(Cl)c2ccccccc1B(c1c(Cl)c4Cl)c1Cl,False,,,"['unbalanced_parentheses', 'unmatched_ring_closure', 'parse_failure']",False,0,,True,True,True,True,True,True,False,['invalid_smiles'],,,False,False,False,False,[],[],[],[],invalid,,True,False,False,False
CC(CB(c1c(Cl)c3c(Cl)c4Cl)c(Cl)c3Cl)c(Cl)c(Cl)c(Cl)c(Cl)c(Cl)c(Cl)c2Cl)n1,False,,,"['unbalanced_parentheses', 'unmatched_ring_closure', 'parse_failure']",False,0,,True,True,True,True,True,True,False,['invalid_smiles'],,,False,False,False,False,[],[],[],[],invalid,,True,False,False,False
CC1(C)C)C(C)(C)N1c1cc(C)c1c(Cl)c(Cl)c(Cl)c1cc(C)c(Cl)c(Cl)c(Cl)c(Cl)c(Cl)c(Cl)c1Cl,False,,,"['unbalanced_parentheses', 'parse_failure']",False,0,,True,True,True,True,True,True,False,['invalid_smiles'],,,False,False,False,False,[],[],[],[],invalid,,True,False,False,False
Fc1c(F)c(F)c(F)c(F)c3F)C2CC(P(c3cccc1B1Oc2c(Cl)c(Cl)c(Cl)c(Cl)c(Cl)c(Cl)c(Cl)c(Cl)c(Cl)c1c(Cl)c(B(c1c(Cl)c(Cl)c(Cl)c2c(Cl)c(C)c1,False,,,"['unbalanced_parentheses', 'unmatched_ring_closure', 'parse_failure']",False,0,,True,True,True,True,True,True,False,['invalid_smiles'],,,False,False,False,False,[],[],[],[],invalid,,True,False,False,False
CC1(C)cc2C(C)P(CB(c3c(F)c(F)c(F)c(F)c(F)c(Cl)c(Cl)c(C)cc3C)C(C)(CC)C(C)(C)N(Cc3cccc32)c(F)c1ccc(B(c4c(ccc(C(CB(c2cccc23)c(C)cc1C,False,,,"['unbalanced_parentheses', 'unmatched_ring_closure', 'parse_failure']",False,0,,True,True,True,True,True,True,False,['invalid_smiles'],,,False,False,False,False,[],[],[],[],invalid,,True,False,False,False
Cc1cc(C)cc2C)C(C)C,False,,,"['unbalanced_parentheses', 'unmatched_ring_closure', 'parse_failure']",False,0,,True,True,True,True,True,True,False,['invalid_smiles'],,,False,False,False,False,[],[],[],[],invalid,,True,False,False,False
CC(B(c2cccc2P(C2=CC(C(C)C,False,,,"['unbalanced_parentheses', 'unmatched_ring_closure', 'parse_failure']",False,0,,True,True,True,True,True,True,False,['invalid_smiles'],,,False,False,False,False,[],[],[],[],invalid,,True,False,False,False
Cc1ccc2C)c(Cl)c2Cl)c(Cl)c(C=C(CP(c1c(Cl)c(Cl)c(C)cc(C)c1,False,,,"['unbalanced_parentheses', 'unmatched_ring_closure', 'parse_failure']",False,0,,True,True,True,True,True,True,False,['invalid_smiles'],,,False,False,False,False,[],[],[],[],invalid,,True,False,False,False
ClB(c1cccc43)c12)C(C)(C)N(Cc1cc(C)c(Cl)c(Cl)c2Cl)c(Cl)c2c(C)cc3C)C(C)N1c1cc1c(C)cc(C)cc(C)cc(B(c2c(F)c(F)c(F)c(F)c(F)c(F)c(F)c1F,False,,,"['unmatched_ring_closure', 'parse_failure']",False,0,,True,True,True,True,True,True,False,['invalid_smiles'],,,False,False,False,False,[],[],[],[],invalid,,True,False,False,False
CC(C)cc2C)c(P(C(C)(C)B(c2c(B(c3cccccc1B(Cl)c3c(F)c(F)c2F)P(c2c(F)c2F)n1,False,,,"['unbalanced_parentheses', 'unmatched_ring_closure', 'parse_failure']",False,0,,True,True,True,True,True,True,False,['invalid_smiles'],,,False,False,False,False,[],[],[],[],invalid,,True,False,False,False
Cc1cc(CB(c1cc(C(C)(C)C)N1C(C)(C)N1C(C)(C)C,False,,,"['unbalanced_parentheses', 'parse_failure']",False,0,,True,True,True,True,True,True,False,['invalid_smiles'],,,False,False,False,False,[],[],[],[],invalid,,True,False,False,False
CC(C3)C2P(c2c(Cl)c(Cl)c(Cl)c(Cl)c(Cl)c(Cl)c(Cl)c(Cl)c(Cl)c1Cl)c2cccc3)C=C2B(c2c(F)c(F)c(F)c1F)c1F,False,,,"['unbalanced_parentheses', 'unmatched_ring_closure', 'parse_failure']",False,0,,True,True,True,True,True,True,False,['invalid_smiles'],,,False,False,False,False,[],[],[],[],invalid,,True,False,False,False
Cc1cccc2)N2CCCCC(C(C)C2CCCC(C)(C)B(c2c(B(c2c(Cl)c(Cl)c(C)cc(C)c1c(Cl)c3Cl)c2cccc32)c(Cl)c2Cl)c2cccc1,False,,,"['unmatched_ring_closure', 'parse_failure']",False,0,,True,True,True,True,True,True,False,['invalid_smiles'],,,False,False,False,False,[],[],[],[],invalid,,True,False,False,False
Cc1cc(C)cc(C)cc1C)c1c(Cl)c(C(=CC(C)(C)CC1(C)OB(c2c(F)c1F)c1c(Cl)c(Cl)c2Cl)c1c(F)c(F)c(F)c(F)c(F)c2F)c(F)c2F)c2F)c(F)c4F)ccccc2C)c(Cl)c2Cl)c3Cl)c(Cl)c(Cl)c(Cl)c(Cl)c(Cl)c,False,,,"['reached_max_length', 'unbalanced_parentheses', 'unmatched_ring_closure', 'parse_failure']",False,0,,True,True,True,True,True,True,False,['invalid_smiles'],,,False,False,False,False,[],[],[],[],invalid,,True,False,False,False
CC(C)C)c2c(F)c1cccc2P(C2CCCC(C)CC,False,,,"['unmatched_ring_closure', 'parse_failure']",False,0,,True,True,True,True,True,True,False,['invalid_smiles'],,,False,False,False,False,[],[],[],[],invalid,,True,False,False,False
Cc1ccccc3)C=C2B(c2c(C)cc2B(c2c(P(c2c(Cl)c(Cl)c1ccccccc1)c1c(F)c(F)c1c(F)c3F)C(C)C)CC,False,,,"['unmatched_ring_closure', 'parse_failure']",False,0,,True,True,True,True,True,True,False,['invalid_smiles'],,,False,False,False,False,[],[],[],[],invalid,,True,False,False,False
Cc1cc(-c3cccc2)c2c(Cl)c(Cl)c(Cl)c(C)cc3C2(C)C)cc1)c1ccccc2C)c(-c3c(Cl)c3Cl)c(Cl)c(Cl)c21,False,,,"['unbalanced_parentheses', 'unmatched_ring_closure', 'parse_failure']",False,0,,True,True,True,True,True,True,False,['invalid_smiles'],,,False,False,False,False,[],[],[],[],invalid,,True,False,False,False
CC(C)(C)C,True,CC(C)(C)C,CC(C)(C)C,[],False,8,0.15,True,True,True,True,True,True,False,['too_small'],0.0,5.0,True,True,False,False,[],[],[],[],no_LA_LB,,True,False,False,False
CC1(C)C,False,,,"['unmatched_ring_closure', 'parse_failure']",False,0,,True,True,True,True,True,True,False,['invalid_smiles'],,,False,False,False,False,[],[],[],[],invalid,,True,False,False,False
CCC1C[B-]2(c3c(Cl)c2c(F)c(F)c4F)c4F)c4F)c4c(F)c2F)C2CCCCCCCC2)C2C3CCCC3)c(Cl)c1Cl,False,,,"['unbalanced_parentheses', 'unmatched_ring_closure', 'parse_failure']",False,0,,True,True,True,True,True,True,False,['invalid_smiles'],,,False,False,False,False,[],[],[],[],invalid,,True,False,False,False
Cc1cc(C)c(Cl)c(Cl)c(F)c(F)c2c(Cl)c(Cl)c(Cl)c(Cl)cccccccccccc1)CB(c3c(F)c(F)c(F)c(F)c(F)c(F)c(F)c(F)c(F)c(F)c1F)CP(CC(c3c(C)cc(C)cc2C)c(Cl)c(C)c(Cl)c(Cl)c(C)cc2C)c23)c(Cl,False,,,"['reached_max_length', 'unbalanced_parentheses', 'unmatched_ring_closure', 'parse_failure']",False,0,,True,True,True,True,True,True,False,['invalid_smiles'],,,False,False,False,False,[],[],[],[],invalid,,True,False,False,False
CC(B(c2c(F)c(F)c(F)c(F)c(F)c(Cl)c2C)c2c(Cl)c(Cl)c(Cl)c2Cl)c(Cl)c(B(c2ccccccc3C)c3c(F)c(F)c(F)c(F)c(F)c(F)c2F)c2F)c2F)c(B(c2ccccc(B(c4cccccc23)ccccc21,False,,,"['unbalanced_parentheses', 'unmatched_ring_closure', 'parse_failure']",False,0,,True,True,True,True,True,True,False,['invalid_smiles'],,,False,False,False,False,[],[],[],[],invalid,,True,False,False,False
CC(C3)C2P(c2cc(C)c1,False,,,"['unbalanced_parentheses', 'unmatched_ring_closure', 'parse_failure']",False,0,,True,True,True,True,True,True,False,['invalid_smiles'],,,False,False,False,False,[],[],[],[],invalid,,True,False,False,False
Cc1cc(C)cc2C)c(P(c3ccccccc2)cc1C)c1,False,,,"['unbalanced_parentheses', 'unmatched_ring_closure', 'parse_failure']",False,0,,True,True,True,True,True,True,False,['invalid_smiles'],,,False,False,False,False,[],[],[],[],invalid,,True,False,False,False
Cc1cccc2cccc3)C3CCCC1,False,,,"['unbalanced_parentheses', 'unmatched_ring_closure', 'parse_failure']",False,0,,True,True,True,True,True,True,False,['invalid_smiles'],,,False,False,False,False,[],[],[],[],invalid,,True,False,False,False
Cc1cc(C)cc2C)c(Cl)c3Cl)c(Cl)c(C)cc(C(C)(C)C,False,,,"['unbalanced_parentheses', 'unmatched_ring_closure', 'parse_failure']",False,0,,True,True,True,True,True,True,False,['invalid_smiles'],,,False,False,False,False,[],[],[],[],invalid,,True,False,False,False
Cc1ccccc1,True,Cc1ccccc1,Cc1ccccc1,[],True,3,0.2702702702702703,True,True,True,True,True,True,False,['too_small'],0.0,7.0,True,True,False,False,[],[],[],[],no_LA_LB,,True,False,False,False
CCN(CC)CCCCCC2N2CCCCC2(C)C,False,,,"['unmatched_ring_closure', 'parse_failure']",False,0,,True,True,True,True,True,True,False,['invalid_smiles'],,,False,False,False,False,[],[],[],[],invalid,,True,False,False,False
Fc1c(F)c(F)c(B(c3c(Cl)c(Cl)c(C)cc(C)ccccc2)c2ccccc3N(Cc1cccccc2)c(Cl)c(Cl)c(Cl)c(Cl)c2Cl)C1c1cc(C)c1ccc(P(c4c(Cl)c(Cl)c(Cl)c(Cl)c2c(F)c(F)c(F)c3F)CCCC2)C2CCC1(C)CC1(C)C),False,,,"['reached_max_length', 'unbalanced_parentheses', 'unmatched_ring_closure', 'parse_failure']",False,0,,True,True,True,True,True,True,False,['invalid_smiles'],,,False,False,False,False,[],[],[],[],invalid,,True,False,False,False
COB(OC)c1,False,,,"['unmatched_ring_closure', 'parse_failure']",False,0,,True,True,True,True,True,True,False,['invalid_smiles'],,,False,False,False,False,[],[],[],[],invalid,,True,False,False,False
CC1(C)C,False,,,"['unmatched_ring_closure', 'parse_failure']",False,0,,True,True,True,True,True,True,False,['invalid_smiles'],,,False,False,False,False,[],[],[],[],invalid,,True,False,False,False
CC(C3)C2P(c2c(Cl)c2Cl)c(Cl)c2Cl)c2Cl)CCP1c1cc(C)c1,False,,,"['unbalanced_parentheses', 'unmatched_ring_closure', 'parse_failure']",False,0,,True,True,True,True,True,True,False,['invalid_smiles'],,,False,False,False,False,[],[],[],[],invalid,,True,False,False,False
Cc1cccc2)c2c(F)c(F)c(F)c(F)c(F)c(F)c2F)c(F)c(F)c(F)c2F)P(c2c(C)c(C)cc2C)c2cccc23)c(C23CC(C)(C)C)C(C)(C)P(c1cc(C(F)(F)F)cc(C)c(Cl)c(Cl)c(Cl)c1Cl,False,,,"['unbalanced_parentheses', 'unmatched_ring_closure', 'parse_failure']",False,0,,True,True,True,True,True,True,False,['invalid_smiles'],,,False,False,False,False,[],[],[],[],invalid,,True,False,False,False
Cc1cc(C)c1,True,CC1=CC(C)=C1,CC1=CC(C)=C1,[],False,20,0.13043478260869565,True,True,True,True,True,True,False,['too_small'],0.0,6.0,True,True,False,False,[],[],[],[],no_LA_LB,,True,False,False,False
Cc1cccc1)P(c2cccccccc1)C2B(c2c(P(c2c(F)c(F)c(F)c(F)c(F)c(F)c(F)c3c(Cl)c(Cl)c(C)c(C)cc2C)c(Cl)c1Cl,False,,,"['unbalanced_parentheses', 'unmatched_ring_closure', 'parse_failure']",False,0,,True,True,True,True,True,True,False,['invalid_smiles'],,,False,False,False,False,[],[],[],[],invalid,,True,False,False,False
CC(C)C)B(c1c(Cl)c2Cl)c3Cl)c(Cl)c(Cl)c(Cl)c(Cl)c1Cl)c(Cl)c(Cl)c2Cl)c1Cl)c(Cl)c(Cl)c(Cl)c2Cl)CP(c1cccc2-3)c2c(F)c2F)c2F)c2F)c(F)c(F)c(F)c(F)c(F)c(F)c1c(Cl)c(C)cc(B(c2c(Cl),False,,,"['reached_max_length', 'unbalanced_parentheses', 'unmatched_ring_closure', 'parse_failure']",False,0,,True,True,True,True,True,True,False,['invalid_smiles'],,,False,False,False,False,[],[],[],[],invalid,,True,False,False,False
CC1(C)C)B(c1c(F)c(F)c(F)c(F)c(F)c(F)c(F)c(F)c1F)(c1c(Cl)c2c(Cl)c(Cl)c1Cl,False,,,"['unmatched_ring_closure', 'parse_failure']",False,0,,True,True,True,True,True,True,False,['invalid_smiles'],,,False,False,False,False,[],[],[],[],invalid,,True,False,False,False
CC1B(c1ccccc3)c(Cl)c(Cl)c3Cl)C(C)C)c(P(C2=C3CCC(C)N1c1cc(C)cc(C(C)(B(c2c(C)c1c(Cl)c(Cl)c2Cl)c1Cl,False,,,"['unbalanced_parentheses', 'unmatched_ring_closure', 'parse_failure']",False,0,,True,True,True,True,True,True,False,['invalid_smiles'],,,False,False,False,False,[],[],[],[],invalid,,True,False,False,False
Cc1cccc3O2)c2c(F)c(F)c1ccccc3)c(Cl)c(Cl)c(Cl)c(Cl)c(Cl)c2Cl)N2CCCC(C)(C)C)CC1(C)CCCC2)c2c(C)cc2C)c2cccc3)c3cccc2)c2cccccc3)C[B-]2(c2c(F)c1F,False,,,"['unbalanced_parentheses', 'unmatched_ring_closure', 'parse_failure']",False,0,,True,True,True,True,True,True,False,['invalid_smiles'],,,False,False,False,False,[],[],[],[],invalid,,True,False,False,False
Cc1cc(C)cc(C)cc3C2(C)cc4C)c4cccc(B(c1cc(C)cc(C)c1,False,,,"['unbalanced_parentheses', 'unmatched_ring_closure', 'parse_failure']",False,0,,True,True,True,True,True,True,False,['invalid_smiles'],,,False,False,False,False,[],[],[],[],invalid,,True,False,False,False
CC1(CC)c2c(F)c(F)c2F)c(F)c(F)c(F)c(F)c(F)c(F)c1F)c1)CB(c1c(F)c2F)c2F)c2F)c2F)c(F)c3F)c3F)c3)c3c(Cl)c(Cl)c(Cl)c3ccccc1)c1c(F)c(F)c(F)c(F)c(F)c(F)c(F)c(F)c1c(Cl)c(Cl)c(Cl),False,,,"['reached_max_length', 'unbalanced_parentheses', 'unmatched_ring_closure', 'parse_failure']",False,0,,True,True,True,True,True,True,False,['invalid_smiles'],,,False,False,False,False,[],[],[],[],invalid,,True,False,False,False
Cc1ccc(P(c3ccccccccc2)c2c(Cl)c2C)c2c(F)c(F)c2F)c(F)c2ccccc2P(C2=C3CCC(C)CCCC1)C2(C)C,False,,,"['unbalanced_parentheses', 'unmatched_ring_closure', 'parse_failure']",False,0,,True,True,True,True,True,True,False,['invalid_smiles'],,,False,False,False,False,[],[],[],[],invalid,,True,False,False,False
Fc1c(F)c(F)c(F)c(F)c(F)c(F)c(F)c1F,False,,,"['kekulization_failure', 'sanitization_failure']",False,0,,True,True,True,True,True,True,False,['invalid_smiles'],,,False,False,False,False,[],[],[],[],invalid,,True,False,False,False
CC1B(c1c(F)c(B(c1c(F)c(F)c2F)c2F)c(F)c(F)c(F)c4F)cccccccc2)cc1C)c1,False,,,"['unbalanced_parentheses', 'unmatched_ring_closure', 'parse_failure']",False,0,,True,True,True,True,True,True,False,['invalid_smiles'],,,False,False,False,False,[],[],[],[],invalid,,True,False,False,False
CC(C)(C)C,True,CC(C)(C)C,CC(C)(C)C,[],False,8,0.15,True,True,True,True,True,True,False,['too_small'],0.0,5.0,True,True,False,False,[],[],[],[],no_LA_LB,,True,False,False,False
Cc1cccc3C)c3cccc(C)c1cccc32)c(C)cc(C)c1,False,,,"['unbalanced_parentheses', 'unmatched_ring_closure', 'parse_failure']",False,0,,True,True,True,True,True,True,False,['invalid_smiles'],,,False,False,False,False,[],[],[],[],invalid,,True,False,False,False
Cc1cccc1,False,,,"['kekulization_failure', 'sanitization_failure']",False,0,,True,True,True,True,True,True,False,['invalid_smiles'],,,False,False,False,False,[],[],[],[],invalid,,True,False,False,False
c1cc(C)c1,True,CC1=CC=C1,CC1=CC=C1,[],True,1,0.12121212121212122,True,True,True,True,True,True,False,['too_small'],0.0,5.0,True,True,False,False,[],[],[],[],no_LA_LB,,True,False,False,False
CC1(C)C)cc3C)C(B(c2c(Cl)c(B(c2cccc2)c2c(F)c4F)c4c(F)c2F)P(c2ccccc3B(c3c(Cl)c2c(Cl)c(Cl)c(Cl)c2c(Cl)c(Cl)c1c(F)c(F)c(F)c2F)c(F)c2F)n1,False,,,"['unbalanced_parentheses', 'unmatched_ring_closure', 'parse_failure']",False,0,,True,True,True,True,True,True,False,['invalid_smiles'],,,False,False,False,False,[],[],[],[],invalid,,True,False,False,False
Cc1cc(C)cc1,False,,,"['kekulization_failure', 'sanitization_failure']",False,0,,True,True,True,True,True,True,False,['invalid_smiles'],,,False,False,False,False,[],[],[],[],invalid,,True,False,False,False
CC=C(CP(c1c(F)c2F)c2F)c2F)c2ccccccc3c2CCCC(B(c2c(Cl)c(Cl)c2Cl)c(C)cc(C)c1,False,,,"['unmatched_ring_closure', 'parse_failure']",False,0,,True,True,True,True,True,True,False,['invalid_smiles'],,,False,False,False,False,[],[],[],[],invalid,,True,False,False,False
CC1(C)OB(c2c(C)cc2C)c(Cl)c(Cl)c2Cl)c(C)cc2C)c(Cl)c(C(F)(F)F)c3)c3c(F)c(F)c(F)c2F)c(F)c(B(c2cccccccc3C)c3c(F)c(F)c2F)N2CCCC(C)CCCC2(C)COCC(C3)C2B(c2c(F)c2F)c(F)c(F)c1c(Cl,False,,,"['reached_max_length', 'unbalanced_parentheses', 'unmatched_ring_closure', 'parse_failure']",False,0,,True,True,True,True,True,True,False,['invalid_smiles'],,,False,False,False,False,[],[],[],[],invalid,,True,False,False,False
Cc1ccc(C)cc(C)cc(C)cc(C)cc2C)c(Cl)c(Cl)c(C(F)(F)F)cccc2)c2ccccc3)c3cccc1)c1c(F)c(F)c(F)c(F)c(F)c(F)c1c(C)cc2C)c(B(c2c(C)c1,False,,,"['unbalanced_parentheses', 'unmatched_ring_closure', 'parse_failure']",False,0,,True,True,True,True,True,True,False,['invalid_smiles'],,,False,False,False,False,[],[],[],[],invalid,,True,False,False,False
CCC(C)C)cc3C)c3c(C)cc2C(C)(CC)C(c3c(F)c1F)c1F)CP(c1c(Cl)c1c(F)c(F)c(F)c(F)c(F)c3c(Cl)c2Cl)c3c(C)cc1C,False,,,"['unbalanced_parentheses', 'unmatched_ring_closure', 'parse_failure']",False,0,,True,True,True,True,True,True,False,['invalid_smiles'],,,False,False,False,False,[],[],[],[],invalid,,True,False,False,False
Fc1c(Cl)c1Cl)c2cccc3c2-c2c-3cccccc3)c3c(F)c(F)c2c(Cl)c(C)c(P(c2c(Cl)c(Cl)c(Cl)c(Cl)c(Cl)c(Cl)c(Cl)c3Cl)c(Cl)c2Cl)c(Cl)c2c(B(c3c(Cl)c1c(F)c1F)c1F,False,,,"['unbalanced_parentheses', 'unmatched_ring_closure', 'parse_failure']",False,0,,True,True,True,True,True,True,False,['invalid_smiles'],,,False,False,False,False,[],[],[],[],invalid,,True,False,False,False
Cc1cccc2B(c2c(Cl)c(Cl)c1Cl)c2Cl)CCP1c1cccc2)c2c(C)c1,False,,,"['unbalanced_parentheses', 'unmatched_ring_closure', 'parse_failure']",False,0,,True,True,True,True,True,True,False,['invalid_smiles'],,,False,False,False,False,[],[],[],[],invalid,,True,False,False,False
CC(C)(C)C,True,CC(C)(C)C,CC(C)(C)C,[],False,8,0.15,True,True,True,True,True,True,False,['too_small'],0.0,5.0,True,True,False,False,[],[],[],[],no_LA_LB,,True,False,False,False
Cc1cccc2C)c(C)c1,False,,,"['unbalanced_parentheses', 'unmatched_ring_closure', 'parse_failure']",False,0,,True,True,True,True,True,True,False,['invalid_smiles'],,,False,False,False,False,[],[],[],[],invalid,,True,False,False,False
CCCCC2P(c2ccccc3)cc1)N1Cc1cc(C)cc2C)c(P(c2ccccc(B2c3cccccc2)cc1C)c1,False,,,"['unbalanced_parentheses', 'unmatched_ring_closure', 'parse_failure']",False,0,,True,True,True,True,True,True,False,['invalid_smiles'],,,False,False,False,False,[],[],[],[],invalid,,True,False,False,False
CCN(CC)CCCCC3)c12)C(C)(C)P(c2cccc2)c2c(Cl)c1Cl,False,,,"['unbalanced_parentheses', 'unmatched_ring_closure', 'parse_failure']",False,0,,True,True,True,True,True,True,False,['invalid_smiles'],,,False,False,False,False,[],[],[],[],invalid,,True,False,False,False
CC(C)(C)C)B(c1cc(C)c1,False,,,['parse_failure'],False,0,,True,True,True,True,True,True,False,['invalid_smiles'],,,False,False,False,False,[],[],[],[],invalid,,True,False,False,False
Cc1cc(C)cc(C)c(P(c3c(C)cc2C)c2c(Cl)c(C)cc3C)c3cccc2)cc1C,False,,,"['unbalanced_parentheses', 'unmatched_ring_closure', 'parse_failure']",False,0,,True,True,True,True,True,True,False,['invalid_smiles'],,,False,False,False,False,[],[],[],[],invalid,,True,False,False,False
Cc1cc(C)c1,True,CC1=CC(C)=C1,CC1=CC(C)=C1,[],False,20,0.13043478260869565,True,True,True,True,True,True,False,['too_small'],0.0,6.0,True,True,False,False,[],[],[],[],no_LA_LB,,True,False,False,False
Cc1cccc2)c2c(F)c1,False,,,"['unbalanced_parentheses', 'parse_failure']",False,0,,True,True,True,True,True,True,False,['invalid_smiles'],,,False,False,False,False,[],[],[],[],invalid,,True,False,False,False
CC1(C)C,False,,,"['unmatched_ring_closure', 'parse_failure']",False,0,,True,True,True,True,True,True,False,['invalid_smiles'],,,False,False,False,False,[],[],[],[],invalid,,True,False,False,False
Cc1cccc(OB(c2cccccc1,False,,,"['unbalanced_parentheses', 'unmatched_ring_closure', 'parse_failure']",False,0,,True,True,True,True,True,True,False,['invalid_smiles'],,,False,False,False,False,[],[],[],[],invalid,,True,False,False,False
Cc1cccc2B(c2c(C)cc2C)c2c(P(c4ccccc1C,False,,,"['unbalanced_parentheses', 'unmatched_ring_closure', 'parse_failure']",False,0,,True,True,True,True,True,True,False,['invalid_smiles'],,,False,False,False,False,[],[],[],[],invalid,,True,False,False,False
CC(B(c3c(C)c(Cl)c(Cl)c1Cl,False,,,"['unbalanced_parentheses', 'unmatched_ring_closure', 'parse_failure']",False,0,,True,True,True,True,True,True,False,['invalid_smiles'],,,False,False,False,False,[],[],[],[],invalid,,True,False,False,False
CC(B(c3c(F)c(F)c2F)c2F)c(F)c(F)c(F)c2F)c(B2c3cccc3B(c3c(C(CB(c2c(C)cc(C)cc2C)c(C2N(Cc3cc(C)c1,False,,,"['unbalanced_parentheses', 'unmatched_ring_closure', 'parse_failure']",False,0,,True,True,True,True,True,True,False,['invalid_smiles'],,,False,False,False,False,[],[],[],[],invalid,,True,False,False,False
Cc1cc(C(N2CCCC(C)(C)P(B(c3cccccc3O2)c2c(C)c1,False,,,"['unbalanced_parentheses', 'unmatched_ring_closure', 'parse_failure']",False,0,,True,True,True,True,True,True,False,['invalid_smiles'],,,False,False,False,False,[],[],[],[],invalid,,True,False,False,False
Clc1c(F)c1F,False,,,"['kekulization_failure', 'sanitization_failure']",False,0,,True,True,True,True,True,True,False,['invalid_smiles'],,,False,False,False,False,[],[],[],[],invalid,,True,False,False,False
Cc1ccc(B2c3cccc2)c2c(F)c(F)c(F)c1F)c1F)c1cccc3cccc2B(c2c(C)c(B(c4c(C)cc2C)c(Cl)c2Cl)c(Cl)c2cccc1,False,,,"['unbalanced_parentheses', 'unmatched_ring_closure', 'parse_failure']",False,0,,True,True,True,True,True,True,False,['invalid_smiles'],,,False,False,False,False,[],[],[],[],invalid,,True,False,False,False
Cc1cccc5)c24)CC3)c2c(C)c1,False,,,"['unbalanced_parentheses', 'unmatched_ring_closure', 'parse_failure']",False,0,,True,True,True,True,True,True,False,['invalid_smiles'],,,False,False,False,False,[],[],[],[],invalid,,True,False,False,False
Cc1cccc1)B(c1c(F)c(B(c3c(F)c2F)c(F)c3F)c(F)c(F)c(F)c(F)c(F)c(F)c(F)c(F)c(F)c(F)c(F)c3cc(C)c(Cl)c(Cl)c3Cl)c3Cl)c1Cl)c(Cl)c(Cl)c(Cl)c(Cl)c2Cl)c(Cl)c(Cl)c1Cl,False,,,"['unbalanced_parentheses', 'unmatched_ring_closure', 'parse_failure']",False,0,,True,True,True,True,True,True,False,['invalid_smiles'],,,False,False,False,False,[],[],[],[],invalid,,True,False,False,False
CC(=C(B(c2c(Cl)c(C)c1,False,,,"['unbalanced_parentheses', 'unmatched_ring_closure', 'parse_failure']",False,0,,True,True,True,True,True,True,False,['invalid_smiles'],,,False,False,False,False,[],[],[],[],invalid,,True,False,False,False
CC(=CCB(c1c(F)c(F)c3ccccc4-c4cccc1)P(c1ccc(B(c2ccccc4)c4c(F)c(F)c(F)c(F)c2F)P(c1cccc4)c4cccc23)cccc3c2-c2c-3cccc1B(c1c(Cl)c2Cl)c2Cl)N2CCCC2)c2cccc3)c(Cl)c2Cl)c(Cl)c1c(Cl,False,,,"['reached_max_length', 'unbalanced_parentheses', 'unmatched_ring_closure', 'parse_failure']",False,0,,True,True,True,True,True,True,False,['invalid_smiles'],,,False,False,False,False,[],[],[],[],invalid,,True,False,False,False
Cc1ccccc4ccccccc1)c1cc(C)cc1C,False,,,"['unbalanced_parentheses', 'unmatched_ring_closure', 'parse_failure']",False,0,,True,True,True,True,True,True,False,['invalid_smiles'],,,False,False,False,False,[],[],[],[],invalid,,True,False,False,False
CC1(C)OB(c2cccccc2)c2c1-c1c(F)c(F)c(F)c(F)c(F)c(F)c(Cl)c(Cl)c(Cl)c(Cl)c2Cl)n1,False,,,"['unbalanced_parentheses', 'parse_failure']",False,0,,True,True,True,True,True,True,False,['invalid_smiles'],,,False,False,False,False,[],[],[],[],invalid,,True,False,False,False
CC(C)cc(C)cc(C)cc1)C(C)(C)N1Cc1cc(C)cc(C)c1,False,,,"['unbalanced_parentheses', 'parse_failure']",False,0,,True,True,True,True,True,True,False,['invalid_smiles'],,,False,False,False,False,[],[],[],[],invalid,,True,False,False,False
c1cccc2)c2ccccc2)c2c(C)c(P(C2=C3CCC(C)(C)C,False,,,"['unmatched_ring_closure', 'parse_failure']",False,0,,True,True,True,True,True,True,False,['invalid_smiles'],,,False,False,False,False,[],[],[],[],invalid,,True,False,False,False
Cc1ccccc2)c(Cl)c(C2N(Cc3cc(C(F)(F)F)cc(C)c1,False,,,"['unbalanced_parentheses', 'unmatched_ring_closure', 'parse_failure']",False,0,,True,True,True,True,True,True,False,['invalid_smiles'],,,False,False,False,False,[],[],[],[],invalid,,True,False,False,False
Cc1cccc2B2Oc3cccc(B(c2c(B(c1c(Cl)c(Cl)c(C)cc2C)c(P(c2c(Cl)c2c(C)cc1C,False,,,"['unbalanced_parentheses', 'unmatched_ring_closure', 'parse_failure']",False,0,,True,True,True,True,True,True,False,['invalid_smiles'],,,False,False,False,False,[],[],[],[],invalid,,True,False,False,False
Clc1c(F)c(F)c1F,True,FC1=C(F)C(Cl)=C1F,FC1=C(F)C(Cl)=C1F,[],True,1,0.16666666666666666,True,True,True,True,True,True,False,['too_small'],0.0,8.0,True,True,False,False,[],[],[],[],no_LA_LB,,True,False,False,False
CC1B(c1cc(CB(c1c(F)c(F)c(F)c(F)c3F)c3F)c3F)c3cccccccc2C)c2c(Cl)c(Cl)c(C2C[B-]2(c2cccc2c1Oc1c(F)c(F)c(F)c(F)c(F)c2F)c2F)c2F)c2c(F)c(F)c1F,False,,,"['unbalanced_parentheses', 'parse_failure']",False,0,,True,True,True,True,True,True,False,['invalid_smiles'],,,False,False,False,False,[],[],[],[],invalid,,True,False,False,False
Clc1c(Cl)c(Cl)c1c(Cl)c(Cl)c1cc(C)cc3C2(C)C,False,,,"['unmatched_ring_closure', 'parse_failure']",False,0,,True,True,True,True,True,True,False,['invalid_smiles'],,,False,False,False,False,[],[],[],[],invalid,,True,False,False,False
CC1(C)C1CCC2P(c2cccc2ccccc3c2-c2cccc2)c2c(C)c(C)cc(C)cc(C(C)CC,False,,,"['unbalanced_parentheses', 'unmatched_ring_closure', 'parse_failure']",False,0,,True,True,True,True,True,True,False,['invalid_smiles'],,,False,False,False,False,[],[],[],[],invalid,,True,False,False,False
Cc1ccccc3N(Cc2cccc3C)c2cccc1)c1c(Cl)c1P(c1c(Cl)c(Cl)c2Cl)c1Cl)c(Cl)c(Cl)c(Cl)c(Cl)c2Cl)c(Cl)c(C(N2CCCC(C)CCCCCC(C)C,False,,,"['unbalanced_parentheses', 'unmatched_ring_closure', 'parse_failure']",False,0,,True,True,True,True,True,True,False,['invalid_smiles'],,,False,False,False,False,[],[],[],[],invalid,,True,False,False,False
Cc1cc(C)c(P(c4cccc3B(c3c(Cl)c(B(c1cccc2)c2c(C)c2P2CCB(c2c(B(c3c(Cl)c1Cl)c(C)cc(-c3ccccc32)c(Cl)c(Cl)c(C)cc1C)c1,False,,,"['unbalanced_parentheses', 'unmatched_ring_closure', 'parse_failure']",False,0,,True,True,True,True,True,True,False,['invalid_smiles'],,,False,False,False,False,[],[],[],[],invalid,,True,False,False,False
CC(C)C)C(C)C)cc1)c1c(F)c1F,False,,,"['unbalanced_parentheses', 'unmatched_ring_closure', 'parse_failure']",False,0,,True,True,True,True,True,True,False,['invalid_smiles'],,,False,False,False,False,[],[],[],[],invalid,,True,False,False,False
Cc1cc(C)c1,True,CC1=CC(C)=C1,CC1=CC(C)=C1,[],False,20,0.13043478260869565,True,True,True,True,True,True,False,['too_small'],0.0,6.0,True,True,False,False,[],[],[],[],no_LA_LB,,True,False,False,False
Cc1cc(C)c(P(C(CB(c2c(P(C2=C3CCCC2)C(C)(C)C)cc(C)c(Cl)c3Cl)[P+]2(c2ccccc4)c4c(C)cc(C)c1ccc(B2c3ccccc(C)c(P(CCCC2N2CCCC3)c12)C(C)(C)C,False,,,"['unbalanced_parentheses', 'unmatched_ring_closure', 'parse_failure']",False,0,,True,True,True,True,True,True,False,['invalid_smiles'],,,False,False,False,False,[],[],[],[],invalid,,True,False,False,False
Cc1cc(C(=C(B(c2c(F)c3F)cc(C)cc(C)cc2C(C)(C)B(c1cc(C)cc2C)c(P(c2c(Cl)c(Cl)c1c(F)c(F)c(F)c(F)c(F)c(F)c(F)c(F)c(F)c(F)c3ccccc1)c1ccccc1)c1c(Cl)c(C)cc1,False,,,"['unbalanced_parentheses', 'parse_failure']",False,0,,True,True,True,True,True,True,False,['invalid_smiles'],,,False,False,False,False,[],[],[],[],invalid,,True,False,False,False
Fc1c(Cl)c3Cl)c(Cl)c3Cl)c(C)cc(C)c(P(c2c(Cl)c(Cl)c(C)cc(C)cc1)c1c(F)c(F)c2F)c(F)c(F)c(F)c2F)c2F)c2F)C2C)C(C)(C)cc(C)c(Cl)c(Cl)c(Cl)c(C)c2c(Cl)c(Cl)c(Cl)ccc2)P(c1c(C)cc(C),False,,,"['reached_max_length', 'unbalanced_parentheses', 'parse_failure']",False,0,,True,True,True,True,True,True,False,['invalid_smiles'],,,False,False,False,False,[],[],[],[],invalid,,True,False,False,False
Cc1ccc(c34)P2c2ccccccc2)c2c(C)cc(C(=C(B(c1c(Cl)c2Cl)c(Cl)c2Cl)c(Cl)c(B(c2c(Cl)c(Cl)c(C)c(P(C2CCCC(C)(C)N1c1cc(C)cc1,False,,,"['unbalanced_parentheses', 'unmatched_ring_closure', 'parse_failure']",False,0,,True,True,True,True,True,True,False,['invalid_smiles'],,,False,False,False,False,[],[],[],[],invalid,,True,False,False,False
Cc1cccccccc2)c(Cl)c(C)c(B(c3c(Cl)c(Cl)c3Cl)c(Cl)c(Cl)c2Cl)c(Cl)c(Cl)c(Cl)c(Cl)c(C)c(N(C)c1,False,,,['parse_failure'],False,0,,True,True,True,True,True,True,False,['invalid_smiles'],,,False,False,False,False,[],[],[],[],invalid,,True,False,False,False
Fc1c(Cl)c2Cl)c(C)cc4C)c4c(Cl)c(Cl)c2Cl)c(Cl)c3c(C)cc2C)c2c(F)c2c(Cl)c(Cl)c2Cl)c(Cl)c(Cl)c2Cl)c(Cl)c(Cl)c(Cl)c(Cl)c2c(C)cc2C)c2c(Cl)c2c(F)c2cccc(OB(c2c(F)c(F)c1F)c1F)(c1c,False,,,"['reached_max_length', 'unbalanced_parentheses', 'unmatched_ring_closure', 'parse_failure']",False,0,,True,True,True,True,True,True,False,['invalid_smiles'],,,False,False,False,False,[],[],[],[],invalid,,True,False,False,False
Cc1cccc5)c24)CC3)c21,False,,,"['unbalanced_parentheses', 'unmatched_ring_closure', 'parse_failure']",False,0,,True,True,True,True,True,True,False,['invalid_smiles'],,,False,False,False,False,[],[],[],[],invalid,,True,False,False,False
CC(C3)C2P(c2c(C)cc2C)c2c(Cl)c(Cl)c(Cl)c2Cl)c2Cl)c(Cl)c(Cl)c(Cl)c2Cl)c1Cl)c(Cl)c(Cl)c1P(c1c(F)c(F)c(F)c(B(c2ccccc3B(c3c(C)c(N(c2c(F)c(F)c(F)c2c(Cl)c(C)cc(C)cc2C)c2cccc3C),False,,,"['reached_max_length', 'unmatched_ring_closure', 'parse_failure']",False,0,,True,True,True,True,True,True,False,['invalid_smiles'],,,False,False,False,False,[],[],[],[],invalid,,True,False,False,False
Cc1cccccc32)c(Cl)c(Cl)c(C)cc2C)c2c(C)cc(C)cc(C)c1,False,,,"['unbalanced_parentheses', 'unmatched_ring_closure', 'parse_failure']",False,0,,True,True,True,True,True,True,False,['invalid_smiles'],,,False,False,False,False,[],[],[],[],invalid,,True,False,False,False
Fc1c(Cl)c3Cl)c2Cl)c(Cl)c(Cl)c2c(C)c(B(c1c(F)c(F)c(Cl)c(C(F)(F)F)cccc(B(c1c(C)cc2B(c2ccccc3N(Cc3cccc2)c2c(C)cc2C)c(Cl)c(Cl)c(Cl)c(Cl)c3c(C)c(-c3cccccc1B(c1cccc2)c(C)cc(C(,False,,,"['reached_max_length', 'unbalanced_parentheses', 'unmatched_ring_closure', 'parse_failure']",False,0,,True,True,True,True,True,True,False,['invalid_smiles'],,,False,False,False,False,[],[],[],[],invalid,,True,False,False,False
CC1(C)C)c(Cl)c1Cl,False,,,"['unbalanced_parentheses', 'parse_failure']",False,0,,True,True,True,True,True,True,False,['invalid_smiles'],,,False,False,False,False,[],[],[],[],invalid,,True,False,False,False
Bc1cccc3N(Cc3cccccccc23)c(Cl)c2Cl)C2(c2c(F)c(F)c(F)c(F)c3F)c3c(C)cc(C)c(P(C(C)(C)[P+]2(c3cccc1BCl,False,,,"['unbalanced_parentheses', 'unmatched_ring_closure', 'parse_failure']",False,0,,True,True,True,True,True,True,False,['invalid_smiles'],,,False,False,False,False,[],[],[],[],invalid,,True,False,False,False
CC(C)(C)N1CCCC2N2CCC1C[B-]2(c2ccccc(OB(c2c(F)c(F)c(F)c(F)c(F)c(F)c(F)c(F)c(F)c(F)c1F)c1c(Cl)c1Cl)c2Cl)N2CCCCP(c1c(Cl)c(Cl)c1Cl,False,,,"['unbalanced_parentheses', 'unmatched_ring_closure', 'parse_failure']",False,0,,True,True,True,True,True,True,False,['invalid_smiles'],,,False,False,False,False,[],[],[],[],invalid,,True,False,False,False
CC1(C)C2CCCC1C[B-]2(c2c(Cl)c2cccc1C,False,,,"['unbalanced_parentheses', 'unmatched_ring_closure', 'parse_failure']",False,0,,True,True,True,True,True,True,False,['invalid_smiles'],,,False,False,False,False,[],[],[],[],invalid,,True,False,False,False
CC(CC)C(C)COCC(C)C,True,CCC(C)C(C)COCC(C)C,CCC(C)C(C)COCC(C)C,[],True,1,0.13157894736842105,True,True,True,True,True,True,True,[],0.0,12.0,True,True,False,False,[],[],[],[],no_LA_LB,,True,False,False,False
Clc1c(Cl)c(C)cc(CB(c1c(C)c2c1-c1c(F)c(F)c(F)c(F)c(F)c(F)c1c(F)c2F)c2F)N2CCCC3=C2P(c2cccc2)CCCCC3C(c3cccc2B(c1c(F)c(F)c21,False,,,"['unbalanced_parentheses', 'unmatched_ring_closure', 'parse_failure']",False,0,,True,True,True,True,True,True,False,['invalid_smiles'],,,False,False,False,False,[],[],[],[],invalid,,True,False,False,False
Cc1cc(C)cc2C)c2c(C)cc(C)cc(B(c3c(C)cc2C)c(B(c2c(F)c(F)c(F)c(F)c(F)c(F)c3)c3c(Cl)c(Cl)c(Cl)C2CCCC3C(c3cccc1,False,,,"['unbalanced_parentheses', 'unmatched_ring_closure', 'parse_failure']",False,0,,True,True,True,True,True,True,False,['invalid_smiles'],,,False,False,False,False,[],[],[],[],invalid,,True,False,False,False
Cc1cc(C)c1,True,CC1=CC(C)=C1,CC1=CC(C)=C1,[],False,20,0.13043478260869565,True,True,True,True,True,True,False,['too_small'],0.0,6.0,True,True,False,False,[],[],[],[],no_LA_LB,,True,False,False,False
Clc1c(F)c(F)c2F)c2c(Cl)c2Cl)CP(c1cc(C)cc(C)cc1)C2B(c2c(C)c(Cl)c(Cl)c2Cl)c1Cl)c(Cl)c3Cl)c2Cl)N2CCCC2)C(CB(c1cc(CB(c2c(C)cc1C,False,,,"['unbalanced_parentheses', 'unmatched_ring_closure', 'parse_failure']",False,0,,True,True,True,True,True,True,False,['invalid_smiles'],,,False,False,False,False,[],[],[],[],invalid,,True,False,False,False
Cc1ccc(OB(c2cc(C)c1,False,,,"['unbalanced_parentheses', 'unmatched_ring_closure', 'parse_failure']",False,0,,True,True,True,True,True,True,False,['invalid_smiles'],,,False,False,False,False,[],[],[],[],invalid,,True,False,False,False
Cc1cc(C(F)(F)F)c1F,True,CC1=CC(C(F)(F)F)=C1F,CC1=CC(C(F)(F)F)=C1F,[],True,1,0.18421052631578946,True,True,True,True,True,True,True,[],0.0,10.0,True,True,False,False,[],[],[],[],no_LA_LB,,True,False,False,False
Cc1cc(C)c23)c(Cl)c(Cl)c2Cl)c(Cl)c2Cl)c(Cl)c(Cl)c1Cl)c2Cl)c(Cl)c(Cl)c(Cl)c(Cl)c2Cl)c(Cl)c(Cl)c(Cl)c(Cl)c(Cl)c(Cl)c(Cl)c2Cl)CCB(c1ccccc2B(c2c(F)c(F)c(F)c(F)c3F)c3F)c3F)ccc,False,,,"['reached_max_length', 'unbalanced_parentheses', 'unmatched_ring_closure', 'parse_failure']",False,0,,True,True,True,True,True,True,False,['invalid_smiles'],,,False,False,False,False,[],[],[],[],invalid,,True,False,False,False
Cc1cc(C)cc1,False,,,"['kekulization_failure', 'sanitization_failure']",False,0,,True,True,True,True,True,True,False,['invalid_smiles'],,,False,False,False,False,[],[],[],[],invalid,,True,False,False,False
Cc1cccc1C,False,,,"['kekulization_failure', 'sanitization_failure']",False,0,,True,True,True,True,True,True,False,['invalid_smiles'],,,False,False,False,False,[],[],[],[],invalid,,True,False,False,False
CC(C)(C)C)C(C)(C)cc2C3(C)C)CCC[P+]2(c3c(F)c(F)c(F)c1F,False,,,"['unbalanced_parentheses', 'unmatched_ring_closure', 'parse_failure']",False,0,,True,True,True,True,True,True,False,['invalid_smiles'],,,False,False,False,False,[],[],[],[],invalid,,True,False,False,False
Cc1cc(C(C)P(c2c(F)c(F)c(F)c(F)c(P(c3cccc1)c1c(C)cc(C)cc1C,False,,,"['unbalanced_parentheses', 'unmatched_ring_closure', 'parse_failure']",False,0,,True,True,True,True,True,True,False,['invalid_smiles'],,,False,False,False,False,[],[],[],[],invalid,,True,False,False,False
Fc1c(Cl)c(Cl)c(Cl)c(Cl)c(Cl)c(Cl)c(Cl)c(Cl)c(Cl)c2c(C)c1c(C)c1,False,,,"['unmatched_ring_closure', 'parse_failure']",False,0,,True,True,True,True,True,True,False,['invalid_smiles'],,,False,False,False,False,[],[],[],[],invalid,,True,False,False,False
Cc1cc(C(C)(C)N1CCC2N2CCCCC2)c(Cl)c2Cl)P(c1c(F)c(F)c2cccc5)c24)CC3)c(Cl)c(Cl)c(C)cc(C)cc2C)c2c(C)cc2C)c2c(Cl)c(Cl)c(Cl)c2c(Cl)c(C)c1,False,,,"['unbalanced_parentheses', 'unmatched_ring_closure', 'parse_failure']",False,0,,True,True,True,True,True,True,False,['invalid_smiles'],,,False,False,False,False,[],[],[],[],invalid,,True,False,False,False
Fc1c(Cl)c(Cl)c(C)cc4C)c2c(F)c2F)c2F)c(F)c(F)c2F)c(F)c(Cl)c(Cl)c(Cl)c(Cl)c(Cl)c(C)cc3C)=C3CCCC1(C)CC,False,,,"['unbalanced_parentheses', 'unmatched_ring_closure', 'parse_failure']",False,0,,True,True,True,True,True,True,False,['invalid_smiles'],,,False,False,False,False,[],[],[],[],invalid,,True,False,False,False
Clc1c(F)c(F)c(F)c(F)c(F)c1F)c1ccc(C(CB(c2c(Cl)c(Cl)c(Cl)c2c(C)c1,False,,,"['unbalanced_parentheses', 'parse_failure']",False,0,,True,True,True,True,True,True,False,['invalid_smiles'],,,False,False,False,False,[],[],[],[],invalid,,True,False,False,False
Cc1ccc(C)cc2C)c2c(F)c(F)c(F)c(F)c(F)c2F)C2CC(P(c2c(F)c(F)c2F)P(c2c(C)c1ccc(OB(c2c(C)cc3C)C(C)C)C(B(c2c(C)c1,False,,,"['unbalanced_parentheses', 'unmatched_ring_closure', 'parse_failure']",False,0,,True,True,True,True,True,True,False,['invalid_smiles'],,,False,False,False,False,[],[],[],[],invalid,,True,False,False,False
Cc1cc(C)c1,True,CC1=CC(C)=C1,CC1=CC(C)=C1,[],False,20,0.13043478260869565,True,True,True,True,True,True,False,['too_small'],0.0,6.0,True,True,False,False,[],[],[],[],no_LA_LB,,True,False,False,False
Cc1cccc1)c1cccccc2cccc2N(Cc2cccccc(B(c2c(C)c1c(F)c3cccc1,False,,,"['unbalanced_parentheses', 'unmatched_ring_closure', 'parse_failure']",False,0,,True,True,True,True,True,True,False,['invalid_smiles'],,,False,False,False,False,[],[],[],[],invalid,,True,False,False,False
CC(C)(C)c1,False,,,"['unmatched_ring_closure', 'parse_failure']",False,0,,True,True,True,True,True,True,False,['invalid_smiles'],,,False,False,False,False,[],[],[],[],invalid,,True,False,False,False
Fc1c(Cl)c(Cl)c(Cl)c(C)cc(C)c(PC(=C(B(c2cccc3c2CCCC2)C(CC)CCC[P+]2(c2c(F)c(F)c(F)c(F)c(F)c(F)c2cccc2B2OCC(C)P(c2cc(C)c(Cl)c(C=C(Pc1ccccc4cccc2)c2c(F)c(F)c(F)c(F)c(F)c1F)C,False,,,"['reached_max_length', 'unbalanced_parentheses', 'unmatched_ring_closure', 'parse_failure']",False,0,,True,True,True,True,True,True,False,['invalid_smiles'],,,False,False,False,False,[],[],[],[],invalid,,True,False,False,False
CCN(CC)C(B(c1c(F)c1c(F)c(F)c(F)c(F)c(F)c(F)c(F)c(F)c(F)c(F)c(F)c2cccccc1,False,,,"['unbalanced_parentheses', 'unmatched_ring_closure', 'parse_failure']",False,0,,True,True,True,True,True,True,False,['invalid_smiles'],,,False,False,False,False,[],[],[],[],invalid,,True,False,False,False
CC(C)(C)CC,True,CCC(C)(C)C,CCC(C)(C)C,[],False,2,0.15384615384615385,True,True,True,True,True,True,False,['too_small'],0.0,6.0,True,True,False,False,[],[],[],[],no_LA_LB,,True,False,False,False
Cc1cc(N(c2c(Cl)c(Cl)c(Cl)c(Cl)c(C)c1,False,,,"['unbalanced_parentheses', 'unmatched_ring_closure', 'parse_failure']",False,0,,True,True,True,True,True,True,False,['invalid_smiles'],,,False,False,False,False,[],[],[],[],invalid,,True,False,False,False
Cc1ccc(B(c3c(Cl)c(Cl)c(B(c1c(C)c1,False,,,"['unbalanced_parentheses', 'unmatched_ring_closure', 'parse_failure']",False,0,,True,True,True,True,True,True,False,['invalid_smiles'],,,False,False,False,False,[],[],[],[],invalid,,True,False,False,False
CCN(CC)CCCCB(c1c(Cl)c(Cl)c(Cl)c(Cl)c1Cl)CCP1c1cccc3B(c3c(F)c(F)c(F)c2F)c2F)P(c2c(Cl)c(Cl)c(Cl)c(Cl)c2Cl)c2c(F)c(F)c2cccc(B(c3ccccc21,False,,,"['unbalanced_parentheses', 'unmatched_ring_closure', 'parse_failure']",False,0,,True,True,True,True,True,True,False,['invalid_smiles'],,,False,False,False,False,[],[],[],[],invalid,,True,False,False,False
Clc1c(Cl)c1c(C)c1,False,,,"['unmatched_ring_closure', 'parse_failure']",False,0,,True,True,True,True,True,True,False,['invalid_smiles'],,,False,False,False,False,[],[],[],[],invalid,,True,False,False,False
CC1C(c1ccc(c34)P2c2cccc3O2)c2c(Cl)c(Cl)c(Cl)c(Cl)c(Cl)c3Cl)c(Cl)c3c(Cl)c1Cl,False,,,"['unbalanced_parentheses', 'unmatched_ring_closure', 'parse_failure']",False,0,,True,True,True,True,True,True,False,['invalid_smiles'],,,False,False,False,False,[],[],[],[],invalid,,True,False,False,False
CC(C)(C)N1c1cccc2)c(Cl)c2c(F)c(F)c2F)c2F)c2F)n1,False,,,"['unbalanced_parentheses', 'unmatched_ring_closure', 'parse_failure']",False,0,,True,True,True,True,True,True,False,['invalid_smiles'],,,False,False,False,False,[],[],[],[],invalid,,True,False,False,False
CC(CC)C(B(c2ccccccc32)c(Cl)c(Cl)c1c(C)cc(C)c1ccccc1N(Cc3cccc1,False,,,"['unbalanced_parentheses', 'parse_failure']",False,0,,True,True,True,True,True,True,False,['invalid_smiles'],,,False,False,False,False,[],[],[],[],invalid,,True,False,False,False
Cc1cc(C)c1cc(C)cc(C)cc1,False,,,"['unmatched_ring_closure', 'parse_failure']",False,0,,True,True,True,True,True,True,False,['invalid_smiles'],,,False,False,False,False,[],[],[],[],invalid,,True,False,False,False
Cc1cccc2)N2CCCC2)c2c(C)cc(C)cc(C)c(P(c2c(Cl)c(Cl)c(Cl)c1Cl)CCB(c1cccc2C)c(Cl)c(Cl)c(C)c1,False,,,"['unbalanced_parentheses', 'parse_failure']",False,0,,True,True,True,True,True,True,False,['invalid_smiles'],,,False,False,False,False,[],[],[],[],invalid,,True,False,False,False
Clc1c(Cl)c(C)cc(C)cc(C)c1,True,CC1=CC(C)=CC(Cl)=C(Cl)C(C)=C1,CC1=CC(C)=CC(Cl)=C(Cl)C(C)=C1,[],True,1,0.14634146341463414,True,True,True,True,True,True,True,[],0.0,13.0,True,True,False,False,[],[],[],[],no_LA_LB,,True,False,False,False
Cc1cc(C)cc2C)C2CCCC1(C)C)cc2C)c(Cl)c(Cl)c(Cl)c2c(F)c3F)c3F)c3c(C)cc(C)cc(C)cc(C(CB(c2c(C)cc(C)cc1C,False,,,"['unbalanced_parentheses', 'unmatched_ring_closure', 'parse_failure']",False,0,,True,True,True,True,True,True,False,['invalid_smiles'],,,False,False,False,False,[],[],[],[],invalid,,True,False,False,False
CC1(C)CB(c1c(F)c(F)c(F)c2F)c(F)c(F)c(F)c(F)c(F)c1cccc1)c1c(c2P2CCCC(C)(C)C)c(C)cc(C)c(B(c1c(Cl)c(Cl)c2Cl)c2cc(C)c1,False,,,"['unmatched_ring_closure', 'parse_failure']",False,0,,True,True,True,True,True,True,False,['invalid_smiles'],,,False,False,False,False,[],[],[],[],invalid,,True,False,False,False
CC(B(c4ccccc2P(c2c(Cl)c3Cl)ccccc4)ccccc2)cc1,False,,,"['unmatched_ring_closure', 'parse_failure']",False,0,,True,True,True,True,True,True,False,['invalid_smiles'],,,False,False,False,False,[],[],[],[],invalid,,True,False,False,False
CN1c2c(F)c(F)c(F)c(F)c(F)c(F)c(B(c1c(F)c4F)c4F)c4F)cc(C)c(B(c3c(F)c(F)c1F)C(CCP(c1cc(C(F)(F)c(Cl)c(Cl)c2c(Cl)c2c(F)c(F)c(F)c(F)c(F)c(F)c(F)c(F)c(F)c(F)c(F)c2c(Cl)c(Cl)c3,False,,,"['reached_max_length', 'unbalanced_parentheses', 'unmatched_ring_closure', 'parse_failure']",False,0,,True,True,True,True,True,True,False,['invalid_smiles'],,,False,False,False,False,[],[],[],[],invalid,,True,False,False,False
CC(C)(C)C)C(B(c2c(F)c(F)c(F)c2c(Cl)c(B(c2c(C)c(P(c2ccccc1)CB(c2cccc1,False,,,"['unbalanced_parentheses', 'unmatched_ring_closure', 'parse_failure']",False,0,,True,True,True,True,True,True,False,['invalid_smiles'],,,False,False,False,False,[],[],[],[],invalid,,True,False,False,False
CC1CCCC2)C(C)(C)N1c1cc(C)cc1C)c1,False,,,"['unbalanced_parentheses', 'unmatched_ring_closure', 'parse_failure']",False,0,,True,True,True,True,True,True,False,['invalid_smiles'],,,False,False,False,False,[],[],[],[],invalid,,True,False,False,False
Cc1cc1c(F)c(F)c2F)c(F)c(F)c(F)c2c(F)c(F)c(F)c(F)c1c(B(c2c(Cl)c(Cl)c(Cl)c(Cl)c3Cl)(c3c(Cl)c(Cl)c2Cl)c(Cl)c(Cl)c(C)cc2C)c2c(C)c(Cl)c2Cl)C2CCC1)C2B(c2c(Cl)c3Cl)c(Cl)c1Cl)c(,False,,,"['reached_max_length', 'unbalanced_parentheses', 'unmatched_ring_closure', 'parse_failure']",False,0,,True,True,True,True,True,True,False,['invalid_smiles'],,,False,False,False,False,[],[],[],[],invalid,,True,False,False,False
Cc1cc(C(F)(F)F)c3F)CCC[P+]2(c3ccccccc2cccc1)c1ccc(B2c3ccccc1B(c1c(Cl)c(Cl)c1Cl,False,,,"['unbalanced_parentheses', 'unmatched_ring_closure', 'parse_failure']",False,0,,True,True,True,True,True,True,False,['invalid_smiles'],,,False,False,False,False,[],[],[],[],invalid,,True,False,False,False
Cc1cc(C)cc(C)cc(C)cc2C)c(Cl)c1Cl,False,,,"['unbalanced_parentheses', 'unmatched_ring_closure', 'parse_failure']",False,0,,True,True,True,True,True,True,False,['invalid_smiles'],,,False,False,False,False,[],[],[],[],invalid,,True,False,False,False
Cc1cccccccccc2N(Cc3cc(C)cc(C)cc2C)c(C)c1,False,,,"['unmatched_ring_closure', 'parse_failure']",False,0,,True,True,True,True,True,True,False,['invalid_smiles'],,,False,False,False,False,[],[],[],[],invalid,,True,False,False,False
CC(C)(C)C,True,CC(C)(C)C,CC(C)(C)C,[],False,8,0.15,True,True,True,True,True,True,False,['too_small'],0.0,5.0,True,True,False,False,[],[],[],[],no_LA_LB,,True,False,False,False
FC(F)(F)F)cc(C)cc2C)c2c(Cl)c(Cl)c2Cl)c(C)cc(C)cc3C)c3c2-c2c-3cccc1B(c1c(F)c(F)c(F)c(F)c(F)c2F)c2c(Cl)c(Cl)c2Cl)c(Cl)c(Cl)c1c(Cl)c(Cl)c(Cl)c(Cl)c1Cl)c(C(F)(F)F)c3c(Cl)c(C,False,,,"['reached_max_length', 'unbalanced_parentheses', 'parse_failure']",False,0,,True,True,True,True,True,True,False,['invalid_smiles'],,,False,False,False,False,[],[],[],[],invalid,,True,False,False,False
CC(C)(C)N1c1cc(C)c1,False,,,"['unmatched_ring_closure', 'parse_failure']",False,0,,True,True,True,True,True,True,False,['invalid_smiles'],,,False,False,False,False,[],[],[],[],invalid,,True,False,False,False
CN1c2c(F)c1F)C(C)C,False,,,"['unbalanced_parentheses', 'unmatched_ring_closure', 'parse_failure']",False,0,,True,True,True,True,True,True,False,['invalid_smiles'],,,False,False,False,False,[],[],[],[],invalid,,True,False,False,False
Cc1cccc4)c4ccccc4)c23)c(Cl)c(Cl)c(Cl)c(Cl)c(C)cc(C)cc2C)c2cccc(P(c2c(F)c1cc(C)cc(C)c(C)cc(C)cc2C)c2c(Cl)c(Cl)c(Cl)c(C23CC(C)C)c(Cl)c2ccccccc1)P(c1c(Cl)c(Cl)c(Cl)c(Cl)c(C,False,,,"['reached_max_length', 'unbalanced_parentheses', 'unmatched_ring_closure', 'parse_failure']",False,0,,True,True,True,True,True,True,False,['invalid_smiles'],,,False,False,False,False,[],[],[],[],invalid,,True,False,False,False
Cc1ccc(B(c2c(F)c(F)c(F)c(F)c(F)c(F)c(F)c(F)c(F)c(F)c(F)c(F)c(F)c3)cc2C)c2cccccc3B(c3c(Cl)c(Cl)c2Cl)c(C2N(Cc3cccc1)c1cc1c(Cl)c(Cl)c(Cl)c(Cl)c1Cl,False,,,"['unbalanced_parentheses', 'unmatched_ring_closure', 'parse_failure']",False,0,,True,True,True,True,True,True,False,['invalid_smiles'],,,False,False,False,False,[],[],[],[],invalid,,True,False,False,False
CC1(C)C,False,,,"['unmatched_ring_closure', 'parse_failure']",False,0,,True,True,True,True,True,True,False,['invalid_smiles'],,,False,False,False,False,[],[],[],[],invalid,,True,False,False,False
COB(OC)c1,False,,,"['unmatched_ring_closure', 'parse_failure']",False,0,,True,True,True,True,True,True,False,['invalid_smiles'],,,False,False,False,False,[],[],[],[],invalid,,True,False,False,False
Cc1cccc32)c(Cl)c2Cl)c2c(F)c(F)c(F)c(F)c(F)c(F)c(F)c(F)c(F)c(F)c2F)c2F)c(F)c1cc(CB(c1c(Cl)c(Cl)c(Cl)c(Cl)c(Cl)c2ccccccc1,False,,,"['unbalanced_parentheses', 'unmatched_ring_closure', 'parse_failure']",False,0,,True,True,True,True,True,True,False,['invalid_smiles'],,,False,False,False,False,[],[],[],[],invalid,,True,False,False,False
CC1(C)CB(c2cccccc2B2Oc3cccc1,False,,,"['unbalanced_parentheses', 'unmatched_ring_closure', 'parse_failure']",False,0,,True,True,True,True,True,True,False,['invalid_smiles'],,,False,False,False,False,[],[],[],[],invalid,,True,False,False,False
Fc1c(F)c2F)c(F)c(F)c(F)c(F)c(F)c(F)c(F)c(F)c(F)c(F)c(F)c(F)c2F)C1c1ccc(c34)P2c2c(F)c(F)c1F)c1c(Cl)c(C)c(Cl)c4c(Cl)c1Cl)c2Cl)P(c1c(Cl)c2Cl)c(Cl)c(Cl)c2Cl)C2CCCC3C(c3cccc(,False,,,"['reached_max_length', 'unbalanced_parentheses', 'unmatched_ring_closure', 'parse_failure']",False,0,,True,True,True,True,True,True,False,['invalid_smiles'],,,False,False,False,False,[],[],[],[],invalid,,True,False,False,False
Cc1cc(C)c(-c3cc(C)cc(C)cccc2B(c1c(F)c(F)c2F)c2F)P(c1ccccc21,False,,,"['unbalanced_parentheses', 'unmatched_ring_closure', 'parse_failure']",False,0,,True,True,True,True,True,True,False,['invalid_smiles'],,,False,False,False,False,[],[],[],[],invalid,,True,False,False,False
CC(C3)C3CCCC(CCP(CCCC2)C(C)(C)CCCC2)c2ccccc2)N2CCCC2)c(F)c1F)=C(c1c(Cl)c2cccc(C)c1,False,,,"['unbalanced_parentheses', 'unmatched_ring_closure', 'parse_failure']",False,0,,True,True,True,True,True,True,False,['invalid_smiles'],,,False,False,False,False,[],[],[],[],invalid,,True,False,False,False
Cc1cc(C)cc(-c3cccc2-3)c2c(Cl)c(Cl)c(Cl)c(Cl)c(Cl)c1Cl)c(Cl)c(Cl)c2Cl)c(Cl)c(Cl)c(Cl)c(Cl)c(Cl)c2Cl)c3cccc2)cc(C(F)(F)F)c3F)c3F)C2CCCC2(C)c1,False,,,"['unbalanced_parentheses', 'unmatched_ring_closure', 'parse_failure']",False,0,,True,True,True,True,True,True,False,['invalid_smiles'],,,False,False,False,False,[],[],[],[],invalid,,True,False,False,False
Cc1cc(C)c(P(c3c(Cl)c(C)cc2C)cc(C)cc1C)c1cccccc3B(c3cccccc2)OC1(C)CO2)cc1)c1c(F)c1F,False,,,"['unbalanced_parentheses', 'unmatched_ring_closure', 'parse_failure']",False,0,,True,True,True,True,True,True,False,['invalid_smiles'],,,False,False,False,False,[],[],[],[],invalid,,True,False,False,False
c1cccc3)c3c(F)c(F)c(B(c3c(Cl)c(Cl)c(Cl)c(Cl)c(Cl)c2Cl)c(Cl)c2Cl)c2cc(C)c1,False,,,"['unbalanced_parentheses', 'unmatched_ring_closure', 'parse_failure']",False,0,,True,True,True,True,True,True,False,['invalid_smiles'],,,False,False,False,False,[],[],[],[],invalid,,True,False,False,False
CC(C)(C)c1,False,,,"['unmatched_ring_closure', 'parse_failure']",False,0,,True,True,True,True,True,True,False,['invalid_smiles'],,,False,False,False,False,[],[],[],[],invalid,,True,False,False,False
c1cccc1)N1Cc1cc(C)c1,False,,,"['unbalanced_parentheses', 'unmatched_ring_closure', 'parse_failure']",False,0,,True,True,True,True,True,True,False,['invalid_smiles'],,,False,False,False,False,[],[],[],[],invalid,,True,False,False,False
CC(C)C)c(Cl)c(Cl)c2Cl)c(Cl)c(Cl)c1cc(C)cc2C)c(Cl)c(Cl)c(C)cc(C)c(Cl)c(Cl)c(Cl)c(Cl)c(C)c1,False,,,"['unbalanced_parentheses', 'parse_failure']",False,0,,True,True,True,True,True,True,False,['invalid_smiles'],,,False,False,False,False,[],[],[],[],invalid,,True,False,False,False
Cc1ccc(C(C)(C)cc(C)c(P(c2c(C)cc(-c2c-3ccccc3B(c3c(Cl)c2cccccc5)c24)CC3)C2P(c2c(C)cc2C(C)(C)N1CCCC(C)(C)C1CCCC3)c(Cl)c1Cl)c(Cl)c2Cl)C2(C)cc(C)c3cccccc3)ccccc3)c3c(C(C)(C),False,,,"['reached_max_length', 'unbalanced_parentheses', 'unmatched_ring_closure', 'parse_failure']",False,0,,True,True,True,True,True,True,False,['invalid_smiles'],,,False,False,False,False,[],[],[],[],invalid,,True,False,False,False
CC1B(c1c(C)c1,False,,,"['unbalanced_parentheses', 'unmatched_ring_closure', 'parse_failure']",False,0,,True,True,True,True,True,True,False,['invalid_smiles'],,,False,False,False,False,[],[],[],[],invalid,,True,False,False,False
Cc1cc(C)cc(C)cc(C)cc2C(C)C)B(c2cccc2)c2c(F)c(F)c2F)c(F)c(F)c3c(Cl)c(Cl)c(C)c1,False,,,"['unbalanced_parentheses', 'unmatched_ring_closure', 'parse_failure']",False,0,,True,True,True,True,True,True,False,['invalid_smiles'],,,False,False,False,False,[],[],[],[],invalid,,True,False,False,False
Cc1cc(C)cc(C)cc(C)c1,True,CC1=CC(C)=CC(C)=CC(C)=C1,CC1=CC(C)=CC(C)=CC(C)=C1,[],True,3,0.13043478260869565,True,True,True,True,True,True,True,[],0.0,12.0,True,True,False,False,[],[],[],[],no_LA_LB,,True,False,False,False
Cc1cc(C(C)(C)C=C(B(c1c(Cl)c(Cl)c(Cl)c3Cl)c(Cl)c(B(c3cccc3ccccc2N(Cc2cccc1)B(c1c(Cl)c(Cl)c(Cl)c1c(F)c(F)c(F)c(F)c(Cl)c(C)c(Cl)c(Cl)c2cccc3C)C(B(c3cccc43)c12)C(C)CB(c2c(C),False,,,"['reached_max_length', 'unbalanced_parentheses', 'unmatched_ring_closure', 'parse_failure']",False,0,,True,True,True,True,True,True,False,['invalid_smiles'],,,False,False,False,False,[],[],[],[],invalid,,True,False,False,False
CC1(C)COCC(CC)C(c1cccc1)P(c2cccc23)c(Cl)c2c(Cl)c2c(C)c(Cl)c(Cl)c2Cl)n1,False,,,"['unbalanced_parentheses', 'unmatched_ring_closure', 'parse_failure']",False,0,,True,True,True,True,True,True,False,['invalid_smiles'],,,False,False,False,False,[],[],[],[],invalid,,True,False,False,False
Cc1cccc2)c2c(Cl)c(Cl)c1Cl)c2Cl)CP(CCCC1,False,,,"['unbalanced_parentheses', 'unmatched_ring_closure', 'parse_failure']",False,0,,True,True,True,True,True,True,False,['invalid_smiles'],,,False,False,False,False,[],[],[],[],invalid,,True,False,False,False
Cc1ccccc1,True,Cc1ccccc1,Cc1ccccc1,[],False,3,0.2702702702702703,True,True,True,True,True,True,False,['too_small'],0.0,7.0,True,True,False,False,[],[],[],[],no_LA_LB,,True,False,False,False
CC1(C)C)C(C)C[B-]2(c2cccc3B(c3c(F)c(F)c(F)c(F)c(F)c(Cl)c(Cl)c(Cl)c2c(F)c(F)c(F)c(F)c(F)c1F,False,,,"['unbalanced_parentheses', 'unmatched_ring_closure', 'parse_failure']",False,0,,True,True,True,True,True,True,False,['invalid_smiles'],,,False,False,False,False,[],[],[],[],invalid,,True,False,False,False
Fc1c(Cl)c(Cl)c2Cl)c(C)c(B(c3cccc2)cc1C,False,,,"['unmatched_ring_closure', 'parse_failure']",False,0,,True,True,True,True,True,True,False,['invalid_smiles'],,,False,False,False,False,[],[],[],[],invalid,,True,False,False,False
Fc1c(F)c(F)c(F)c(F)c(F)c1ccc(c34)P2c2c(Cl)c3cccc1P(C1CCCC2(C)c(Cl)c(Cl)c(Cl)c(C2N(Cc2cccc4)c4c(Cl)c(Cl)c(Cl)c(C)cc2C)c2c(F)c(F)c2F)C2CCC1,False,,,"['unmatched_ring_closure', 'parse_failure']",False,0,,True,True,True,True,True,True,False,['invalid_smiles'],,,False,False,False,False,[],[],[],[],invalid,,True,False,False,False
CCN(C)C)c(P(CCC(C)C)C(c1c(Cl)c(C2N(Cc3ccccc(B(c2c(Cl)c(Cl)c2Cl)c(Cl)c(Cl)c1Cl)c2Cl)c2Cl)c3cccc2)c2c(C)ccccccc3c2CCCCCC1C(c1cc(C)c1,False,,,"['unbalanced_parentheses', 'unmatched_ring_closure', 'parse_failure']",False,0,,True,True,True,True,True,True,False,['invalid_smiles'],,,False,False,False,False,[],[],[],[],invalid,,True,False,False,False
CC(C)C)cc4C)c2c(Cl)c(Cl)c(Cl)c(Cl)c(Cl)c(C)c1,False,,,"['unbalanced_parentheses', 'unmatched_ring_closure', 'parse_failure']",False,0,,True,True,True,True,True,True,False,['invalid_smiles'],,,False,False,False,False,[],[],[],[],invalid,,True,False,False,False
CC(CCP(c1ccc(P(C(=C(B(c2c(Cl)c(Cl)c1c(Cl)c1Cl,False,,,"['unbalanced_parentheses', 'unmatched_ring_closure', 'parse_failure']",False,0,,True,True,True,True,True,True,False,['invalid_smiles'],,,False,False,False,False,[],[],[],[],invalid,,True,False,False,False
c1cc(C)cc(CB(c2c(C)c(P(C(C)(C)C,False,,,"['unbalanced_parentheses', 'unmatched_ring_closure', 'parse_failure']",False,0,,True,True,True,True,True,True,False,['invalid_smiles'],,,False,False,False,False,[],[],[],[],invalid,,True,False,False,False
CC(B(c2c(Cl)c(Cl)c(Cl)c(Cl)c1c(F)c(F)c(F)c(F)c(F)c(F)c2F)c21,False,,,"['unbalanced_parentheses', 'unmatched_ring_closure', 'parse_failure']",False,0,,True,True,True,True,True,True,False,['invalid_smiles'],,,False,False,False,False,[],[],[],[],invalid,,True,False,False,False
Clc1c(F)c(F)c(F)c(F)c(F)c(F)c1F,True,FC1=C(F)C(F)=C(F)C(Cl)=C(F)C(F)=C1F,FC1=C(F)C(F)=C(F)C(Cl)=C(F)C(F)=C1F,[],False,2,0.16666666666666666,True,True,True,True,True,True,True,[],0.0,16.0,True,True,False,False,[],[],[],[],no_LA_LB,,True,False,False,False
CC1(C)OB(c2c(F)c(F)c(F)c(Cl)c3cc(C(C)(C)B(c2cccc2ccccc2)OC1(C)CCC[P+]2(c3c(C)c1,False,,,"['unbalanced_parentheses', 'unmatched_ring_closure', 'parse_failure']",False,0,,True,True,True,True,True,True,False,['invalid_smiles'],,,False,False,False,False,[],[],[],[],invalid,,True,False,False,False
Cc1cccccc2)cc1C2(C)CCCC2N2CCCCCCC(B(c2cccccc2)c(Cl)c(Cl)c(Cl)c1Cl,False,,,"['unmatched_ring_closure', 'parse_failure']",False,0,,True,True,True,True,True,True,False,['invalid_smiles'],,,False,False,False,False,[],[],[],[],invalid,,True,False,False,False
Fc1c(C)cc(C)c(N(C)c1,False,,,"['unbalanced_parentheses', 'parse_failure']",False,0,,True,True,True,True,True,True,False,['invalid_smiles'],,,False,False,False,False,[],[],[],[],invalid,,True,False,False,False
CC(B(c2c(Cl)c(Cl)c2Cl)c(Cl)c(Cl)c1cccccc3c2CCCC2)c2cccccc2)c(F)c(F)c(F)c(F)c(F)c(F)c(F)c(F)c(F)c(F)c(F)c1F)(c1cc(C(F)(F)F)c(F)c2F)c(F)c2F)c2F)c(B(c3cccc4)c4c(Cl)c(Cl)c(C,False,,,"['reached_max_length', 'unbalanced_parentheses', 'unmatched_ring_closure', 'parse_failure']",False,0,,True,True,True,True,True,True,False,['invalid_smiles'],,,False,False,False,False,[],[],[],[],invalid,,True,False,False,False
CC(C)(C)C[B-](c1c(Cl)c(Cl)c(Cl)c(Cl)c(Cl)c(Cl)c(Cl)c(Cl)c1ccccccc2)cc1C,False,,,"['unmatched_ring_closure', 'parse_failure']",False,0,,True,True,True,True,True,True,False,['invalid_smiles'],,,False,False,False,False,[],[],[],[],invalid,,True,False,False,False
CC(C)(C)N1c1cc(C)cc2C)c2c(Cl)c(Cl)c(Cl)c(Cl)c2c(F)c3c2-c2c-3cccc1,False,,,"['unbalanced_parentheses', 'unmatched_ring_closure', 'parse_failure']",False,0,,True,True,True,True,True,True,False,['invalid_smiles'],,,False,False,False,False,[],[],[],[],invalid,,True,False,False,False
Cc1cc(C)cc(CCCC(=CC(c3c(Cl)c1c(F)c2F)c2F)(c1c(F)c(F)c(F)c(F)c1c(Cl)c(Cl)c2Cl)c2c(Cl)c(Cl)c(Cl)c(Cl)CCP1c1ccc(-c3cccc1)c1c(F)c1F)C(c1c(F)c(F)c(F)c(F)c2c(Cl)c1Cl)c2Cl)C(C),False,,,"['reached_max_length', 'unbalanced_parentheses', 'unmatched_ring_closure', 'parse_failure']",False,0,,True,True,True,True,True,True,False,['invalid_smiles'],,,False,False,False,False,[],[],[],[],invalid,,True,False,False,False
CC(=C(B(c1c(C)cc(C)cc1C,False,,,"['unbalanced_parentheses', 'parse_failure']",False,0,,True,True,True,True,True,True,False,['invalid_smiles'],,,False,False,False,False,[],[],[],[],invalid,,True,False,False,False
Cc1cc(C)c(P(c4cccccccc3)[P+]1(C(CB(c1c(Cl)c(Cl)c1Cl)c(Cl)c(Cl)c(C)cc(C)cc(C)c(Cl)c1Cl,False,,,"['unbalanced_parentheses', 'unmatched_ring_closure', 'parse_failure']",False,0,,True,True,True,True,True,True,False,['invalid_smiles'],,,False,False,False,False,[],[],[],[],invalid,,True,False,False,False
Fc1c(F)c1cc(CB(c2cccccc2P(c2c(C)cc4C)c2c(F)c(B2c3ccccccc23)c(C)c(P(c2c(C)cc1C)c1,False,,,"['unbalanced_parentheses', 'unmatched_ring_closure', 'parse_failure']",False,0,,True,True,True,True,True,True,False,['invalid_smiles'],,,False,False,False,False,[],[],[],[],invalid,,True,False,False,False
CC(C)(CC)C(C)(C)C)cc(-c2c(Cl)c1cc(C)c(P(CCCC3)c(Cl)c(B(c3c(F)c1F)c1F,False,,,"['unbalanced_parentheses', 'unmatched_ring_closure', 'parse_failure']",False,0,,True,True,True,True,True,True,False,['invalid_smiles'],,,False,False,False,False,[],[],[],[],invalid,,True,False,False,False
Clc1c(Cl)c2Cl)c(B(c1c(Cl)c(Cl)c2c(F)c1c(F)c(F)c(F)c(B(c2cccc(B(c2c(B(c3cccc3c2oc2c(F)c(F)c(F)c(F)c(F)c(F)c(F)c2F)c2F)c2c(F)c(F)c(F)c2F)c1cc(C)c(Cl)c2Cl)C(CC)CCCCCCC2)C(C,False,,,"['reached_max_length', 'unbalanced_parentheses', 'parse_failure']",False,0,,True,True,True,True,True,True,False,['invalid_smiles'],,,False,False,False,False,[],[],[],[],invalid,,True,False,False,False
Cc1cc(C)cc2C)c(B(CCCCC2)c(Cl)c2Cl)c(Cl)c(Cl)c(C)cc(C)cc2C)C2CCCC2(C)c(P(c2c(F)c(F)c(F)c(F)c(F)c2c(B(c2c(F)c(F)c(F)c(F)c(F)c(F)c(F)c(C(C)(C)[P+]2(c3c(C(=CCB(c1c(C)cc(B(c2,False,,,"['reached_max_length', 'unbalanced_parentheses', 'unmatched_ring_closure', 'parse_failure']",False,0,,True,True,True,True,True,True,False,['invalid_smiles'],,,False,False,False,False,[],[],[],[],invalid,,True,False,False,False
Cc1cccc2)c2cc(C)cc(C)cccccccc12,False,,,"['unbalanced_parentheses', 'unmatched_ring_closure', 'parse_failure']",False,0,,True,True,True,True,True,True,False,['invalid_smiles'],,,False,False,False,False,[],[],[],[],invalid,,True,False,False,False
CC1(C)C)C(c1c(F)c(F)c2F)c(F)c(F)c(F)c(F)c(F)c(F)c(F)c1F)(c2c(F)c1F)c1cc(C)cc2C)c(P(c3cccc21,False,,,"['unbalanced_parentheses', 'unmatched_ring_closure', 'parse_failure']",False,0,,True,True,True,True,True,True,False,['invalid_smiles'],,,False,False,False,False,[],[],[],[],invalid,,True,False,False,False
CC1(C)C)cc(CB(c2c(C)cc(B(c2c(F)c3)c3c(C)cc(C)c(P(c3c(Cl)c2Cl)c(C)c(P(c4cccc1P(C1CCCC2)C(C)CB(c3c(F)c2F)c2F)c(F)c(P(c3c(Cl)c(Cl)c2c(C)cc2C)c(Cl)c(Cl)c1Cl)C1c1ccccc1,False,,,"['unbalanced_parentheses', 'unmatched_ring_closure', 'parse_failure']",False,0,,True,True,True,True,True,True,False,['invalid_smiles'],,,False,False,False,False,[],[],[],[],invalid,,True,False,False,False
CCC1C(N1CCC2)c(Cl)c(Cl)c(B(c2c(Cl)c2C)c(Cl)c(Cl)c1Cl,False,,,"['unbalanced_parentheses', 'unmatched_ring_closure', 'parse_failure']",False,0,,True,True,True,True,True,True,False,['invalid_smiles'],,,False,False,False,False,[],[],[],[],invalid,,True,False,False,False
Cc1cc(C)c1,True,CC1=CC(C)=C1,CC1=CC(C)=C1,[],False,20,0.13043478260869565,True,True,True,True,True,True,False,['too_small'],0.0,6.0,True,True,False,False,[],[],[],[],no_LA_LB,,True,False,False,False
CC1(C)C)c(Cl)c2c(F)c(F)c(F)c(F)c(F)c1F,False,,,"['unbalanced_parentheses', 'unmatched_ring_closure', 'parse_failure']",False,0,,True,True,True,True,True,True,False,['invalid_smiles'],,,False,False,False,False,[],[],[],[],invalid,,True,False,False,False
CC=C(CP(c1c(F)c1F,False,,,"['unbalanced_parentheses', 'parse_failure']",False,0,,True,True,True,True,True,True,False,['invalid_smiles'],,,False,False,False,False,[],[],[],[],invalid,,True,False,False,False
Cc1cc(C)c1c(C)cc(C)cc(C(=C(B(c3c(Cl)c(C)cc4C)c4c(ccc(P(c4c(F)c(P(CCB(c2cccc2P(c2c(C)c1cc(C)cc(C(F)(F)F)c3F)c3c(Cl)c3c(C)c1,False,,,"['unbalanced_parentheses', 'unmatched_ring_closure', 'parse_failure']",False,0,,True,True,True,True,True,True,False,['invalid_smiles'],,,False,False,False,False,[],[],[],[],invalid,,True,False,False,False
CCN(C)CB(c2cccccccc2)C1,False,,,"['unmatched_ring_closure', 'parse_failure']",False,0,,True,True,True,True,True,True,False,['invalid_smiles'],,,False,False,False,False,[],[],[],[],invalid,,True,False,False,False
CC(C)(CC)(C)C)cc3C)C(c3c(Cl)c2Cl)n1,False,,,"['unbalanced_parentheses', 'unmatched_ring_closure', 'parse_failure']",False,0,,True,True,True,True,True,True,False,['invalid_smiles'],,,False,False,False,False,[],[],[],[],invalid,,True,False,False,False
Fc1c(Cl)c(Cl)c(Cl)c2Cl)c1Cl,False,,,"['unbalanced_parentheses', 'unmatched_ring_closure', 'parse_failure']",False,0,,True,True,True,True,True,True,False,['invalid_smiles'],,,False,False,False,False,[],[],[],[],invalid,,True,False,False,False
c1cc(C)c(N(c2c(C)cc1)c1cc(C)cc1C)c1c(F)c(F)c(F)c2cccc21,False,,,"['unmatched_ring_closure', 'parse_failure']",False,0,,True,True,True,True,True,True,False,['invalid_smiles'],,,False,False,False,False,[],[],[],[],invalid,,True,False,False,False
Clc1c(B(c2ccccc2N(Cc3cccc3)ccccccc4)cccccc2P(C2=CC(C)(C)cc(C)cc2C)c(Cl)c1Cl)c(Cl)c(Cl)c2c(Cl)c(Cl)c(Cl)c(Cl)c(Cl)c(Cl)c(C)cc(C)c(Cl)c(C)cc(C)c(Cl)c(Cl)c2c(Cl)c(Cl)cccccc,False,,,"['reached_max_length', 'unmatched_ring_closure', 'parse_failure']",False,0,,True,True,True,True,True,True,False,['invalid_smiles'],,,False,False,False,False,[],[],[],[],invalid,,True,False,False,False
Cc1ccc(P(C(C)(C)C)cc(C)cc2C)c2c(F)c(F)c1F)c1F)c1F)=C(c2c(Cl)c(Cl)c(Cl)c3Cl)c(Cl)c(C(F)(F)F)cc(C)cc1,False,,,"['unbalanced_parentheses', 'unmatched_ring_closure', 'parse_failure']",False,0,,True,True,True,True,True,True,False,['invalid_smiles'],,,False,False,False,False,[],[],[],[],invalid,,True,False,False,False
Bc1cc(C)cc(C)c(Cl)c(Cl)c(Cl)c(Cl)c2Cl)CP(c1c(Cl)c(Cl)c(C2N(Cc3ccccc3cc(C)c(Cl)c(Cl)c(Cl)c(C2N(Cc3cccc(C)c(P(C2=C3CCCC2)c(C)c1,False,,,"['unbalanced_parentheses', 'unmatched_ring_closure', 'parse_failure']",False,0,,True,True,True,True,True,True,False,['invalid_smiles'],,,False,False,False,False,[],[],[],[],invalid,,True,False,False,False
Cc1cc(C)cc2C)c2c(F)c(F)c4F)cccc43)c12)C(C)(C)cc2C)c([B-](c2ccccc1)C(C)(C)C,False,,,"['unbalanced_parentheses', 'unmatched_ring_closure', 'parse_failure']",False,0,,True,True,True,True,True,True,False,['invalid_smiles'],,,False,False,False,False,[],[],[],[],invalid,,True,False,False,False
c1cccc2N(Cc1cccccc3)cccc(B(c4c(C)c(Cl)c(Cl)c2Cl)c1Cl,False,,,"['unbalanced_parentheses', 'unmatched_ring_closure', 'parse_failure']",False,0,,True,True,True,True,True,True,False,['invalid_smiles'],,,False,False,False,False,[],[],[],[],invalid,,True,False,False,False
Clc1c(F)c(F)c(F)c(F)c(F)c3ccccn2)c2c(F)c(F)c(F)c(F)c1F)c1F,False,,,"['unbalanced_parentheses', 'unmatched_ring_closure', 'parse_failure']",False,0,,True,True,True,True,True,True,False,['invalid_smiles'],,,False,False,False,False,[],[],[],[],invalid,,True,False,False,False
Cc1cc(C)c1c(Cl)c(Cl)c2Cl)c2Cl)c(Cl)c(B(c2c(C)c1,False,,,"['unmatched_ring_closure', 'parse_failure']",False,0,,True,True,True,True,True,True,False,['invalid_smiles'],,,False,False,False,False,[],[],[],[],invalid,,True,False,False,False
CC1(C)CCCCP(CCC(C)(C)P(c1cccc2)c2cccc(C)c1,False,,,"['unbalanced_parentheses', 'unmatched_ring_closure', 'parse_failure']",False,0,,True,True,True,True,True,True,False,['invalid_smiles'],,,False,False,False,False,[],[],[],[],invalid,,True,False,False,False
CC(C)C,True,CC(C)C,CC(C)C,[],False,9,0.1111111111111111,True,True,True,True,True,True,False,['too_small'],0.0,4.0,True,True,False,False,[],[],[],[],no_LA_LB,,True,False,False,False
c1cc(C)c2P2CCB(c2c(Cl)c(Cl)c(Cl)c1Cl)c(Cl)c(C)cc1C,False,,,"['unmatched_ring_closure', 'parse_failure']",False,0,,True,True,True,True,True,True,False,['invalid_smiles'],,,False,False,False,False,[],[],[],[],invalid,,True,False,False,False
CCC1C(c1c(Cl)c(Cl)c(C)cc3C2(C)cc(C)cc2C)c2cccc1,False,,,"['unmatched_ring_closure', 'parse_failure']",False,0,,True,True,True,True,True,True,False,['invalid_smiles'],,,False,False,False,False,[],[],[],[],invalid,,True,False,False,False
Cc1ccccc2P(c2c(C)c(Cl)c(C)cc2C)c2cccc3c2-c2c-3ccccc2)c2c(Cl)c(Cl)c1Cl)c2cccc1B(c1c(Cl)c(Cl)c2Cl)N2CCCCP(c1c(Cl)c2c(Cl)c(B(c4c(F)c(F)c(F)c(F)c4F)cc(C)cc(-c3c(Cl)c(Cl)c(Cl,False,,,"['reached_max_length', 'unbalanced_parentheses', 'unmatched_ring_closure', 'parse_failure']",False,0,,True,True,True,True,True,True,False,['invalid_smiles'],,,False,False,False,False,[],[],[],[],invalid,,True,False,False,False
CC(C)(C)CB(c1c(Cl)c3Cl)c(C)cc(C)c2c(C)cc3C2(C)C,False,,,"['unmatched_ring_closure', 'parse_failure']",False,0,,True,True,True,True,True,True,False,['invalid_smiles'],,,False,False,False,False,[],[],[],[],invalid,,True,False,False,False
CC1(C)CCCC3C(c3c(Cl)c(Cl)c1Cl,False,,,"['unbalanced_parentheses', 'parse_failure']",False,0,,True,True,True,True,True,True,False,['invalid_smiles'],,,False,False,False,False,[],[],[],[],invalid,,True,False,False,False
CC(C)C)cc(C)cc2C)cc(C)c(C)cccc2)cc1C)c1,False,,,"['unbalanced_parentheses', 'parse_failure']",False,0,,True,True,True,True,True,True,False,['invalid_smiles'],,,False,False,False,False,[],[],[],[],invalid,,True,False,False,False
Cc1ccc2)c2c(B(c1cc(C)cc(C)c1,False,,,"['unbalanced_parentheses', 'unmatched_ring_closure', 'parse_failure']",False,0,,True,True,True,True,True,True,False,['invalid_smiles'],,,False,False,False,False,[],[],[],[],invalid,,True,False,False,False
Cc1cccccc1,False,,,"['kekulization_failure', 'sanitization_failure']",False,0,,True,True,True,True,True,True,False,['invalid_smiles'],,,False,False,False,False,[],[],[],[],invalid,,True,False,False,False
Cc1cc(C)cc(C)cc2C)cc3C)c2ccccc2)c2c(F)c(F)c(F)c(F)c(F)c2F)c2F)c2cccc1)C(CB(c2c(Cl)c2c(Cl)c(Cl)c(Cl)c1Cl,False,,,"['unbalanced_parentheses', 'unmatched_ring_closure', 'parse_failure']",False,0,,True,True,True,True,True,True,False,['invalid_smiles'],,,False,False,False,False,[],[],[],[],invalid,,True,False,False,False
Fc1c(Cl)c(Cl)c(Cl)c2c(C)cc2C)c(P(CC(C3)C2P(c2cccccc3B(c3cccc3)cc2C)c(Cl)c(Cl)c(Cl)c(Cl)c(Cl)c3Cl)c2Oc2c(F)c(F)c(F)c(F)c(F)c2F)C1c1cccc2cccc2B(c2c(F)c(F)c2c(Cl)c(C)cc2C)c,False,,,"['reached_max_length', 'unbalanced_parentheses', 'unmatched_ring_closure', 'parse_failure']",False,0,,True,True,True,True,True,True,False,['invalid_smiles'],,,False,False,False,False,[],[],[],[],invalid,,True,False,False,False
Cc1cccc(P(c2cccc1N(Cc3cccccc(C(=CCB(c1c(Cl)c(Cl)c3ccccc2cccc12,False,,,"['unbalanced_parentheses', 'unmatched_ring_closure', 'parse_failure']",False,0,,True,True,True,True,True,True,False,['invalid_smiles'],,,False,False,False,False,[],[],[],[],invalid,,True,False,False,False
c1cccc2B(c2c(C)c1,False,,,"['unbalanced_parentheses', 'parse_failure']",False,0,,True,True,True,True,True,True,False,['invalid_smiles'],,,False,False,False,False,[],[],[],[],invalid,,True,False,False,False
Fc1c(F)c(F)c(F)c2F)c2cccc1)c1c(Cl)c(Cl)c(Cl)c(Cl)c1Cl,False,,,"['unbalanced_parentheses', 'parse_failure']",False,0,,True,True,True,True,True,True,False,['invalid_smiles'],,,False,False,False,False,[],[],[],[],invalid,,True,False,False,False
COB(OC)c1cccc2c1-c1c(F)c(F)c21,True,COB(OC)c1cccc2c3c(F)c(F)c-3c12,COB(OC)c1cccc2c3c(F)c(F)c-3c12,[],True,1,0.35,True,True,True,True,True,True,True,[],0.0,17.0,True,True,True,False,"['LA_B_aryl', 'LA_B_tricoordinate']",[],[],[],LA_only,,True,False,False,False
CC1(C)cc3C)c2cccc3C)C(CB(c2c(F)c(F)c3c(Cl)c(Cl)c2Cl)c2Cl)c(Cl)c(C)cc(C)cc(C)cc(C)cc1C,False,,,"['unbalanced_parentheses', 'unmatched_ring_closure', 'parse_failure']",False,0,,True,True,True,True,True,True,False,['invalid_smiles'],,,False,False,False,False,[],[],[],[],invalid,,True,False,False,False
CC(C)(C)cc(C(=CCB(c2c(F)c(F)c(F)c3c(Cl)c1c(Cl)c(Cl)c2Cl)c(Cl)c(Cl)c(Cl)c(Cl)c(Cl)c(Cl)c2Cl)c(Cl)c(Cl)c2c(Cl)c(Cl)c(Cl)c(Cl)c1Cl)P(c1c(Cl)c2Cl)c(Cl)c(Cl)c(Cl)c(C2N(Cc3ccc,False,,,"['reached_max_length', 'unbalanced_parentheses', 'unmatched_ring_closure', 'parse_failure']",False,0,,True,True,True,True,True,True,False,['invalid_smiles'],,,False,False,False,False,[],[],[],[],invalid,,True,False,False,False
Cc1cc(C)cc(C)c(Cl)c(Cl)c1P(c1cc(C)c(Cl)c2Cl)c(Cl)c(Cl)c(Cl)c(Cl)c(Cl)c2c(Cl)c(Cl)c1Cl,True,CC1=CC(C)=C(Cl)C(Cl)=C(P2C(Cl)=C(Cl)C(Cl)=C(Cl)C(Cl)=C3C(Cl)=C(Cl)C(C)=CC2=C(Cl)C(Cl)=C3Cl)C(C)=C1,CC1=CC(C)=C(Cl)C(Cl)=C(P2C(Cl)=C(Cl)C(Cl)=C(Cl)C(Cl)=C3C(Cl)=C(Cl)C(C)=CC2=C(Cl)C(Cl)=C3Cl)C(C)=C1,[],True,1,0.11290322580645161,True,True,True,True,True,True,True,[],0.0,39.0,True,True,False,True,[],['LB_phosphine'],[],[],LB_only,,True,False,False,False
Cc1cccc1B(c1c(F)c(B(c2c(F)c(F)c(F)c(F)c2F)c(F)c(F)c(F)c([B-]2(c3c(Cl)c(Cl)c(Cl)c(Cl)c1c(Cl)c2Cl)c(Cl)c2Cl)c(Cl)c1Cl)c(Cl)c(B(c1cc(C)c(B2c3cccc2)cc1C,False,,,"['unbalanced_parentheses', 'unmatched_ring_closure', 'parse_failure']",False,0,,True,True,True,True,True,True,False,['invalid_smiles'],,,False,False,False,False,[],[],[],[],invalid,,True,False,False,False
Fc1c(Cl)c2c(C)c2Cl)c2c(F)c(F)c(F)c(F)c(F)c(F)c(F)c(F)c1F)c1F,False,,,"['unbalanced_parentheses', 'unmatched_ring_closure', 'parse_failure']",False,0,,True,True,True,True,True,True,False,['invalid_smiles'],,,False,False,False,False,[],[],[],[],invalid,,True,False,False,False
Clc1c(Cl)c(Cl)c(Cl)c2Cl)P(c2c(C)c1,False,,,['parse_failure'],False,0,,True,True,True,True,True,True,False,['invalid_smiles'],,,False,False,False,False,[],[],[],[],invalid,,True,False,False,False
Cc1ccccccc3)c3c(Cl)c(Cl)c2Cl)c(Cl)c(Cl)c(Cl)c(Cl)c(Cl)c3c(F)c(F)c2F)c2c(F)c(F)c2c(Cl)c(Cl)c(Cl)c(C)cc1)c1c(Cl)c(Cl)c(C)c1c(Cl)c21,False,,,"['unbalanced_parentheses', 'unmatched_ring_closure', 'parse_failure']",False,0,,True,True,True,True,True,True,False,['invalid_smiles'],,,False,False,False,False,[],[],[],[],invalid,,True,False,False,False
Cc1cccc3c2-c2c-3cccc3c2oc2c(F)c(F)c(F)c(F)c1F,False,,,"['unmatched_ring_closure', 'parse_failure']",False,0,,True,True,True,True,True,True,False,['invalid_smiles'],,,False,False,False,False,[],[],[],[],invalid,,True,False,False,False
CCC1)C2B(c2cccc2)c2ccccc2)c2c(F)c(F)c(F)c(F)c(F)c(F)c(F)c(F)c(F)c2F)c2c(B(c3cccc2P(c2cccc5)c5cccc23)c(C)cc1,False,,,"['unbalanced_parentheses', 'unmatched_ring_closure', 'parse_failure']",False,0,,True,True,True,True,True,True,False,['invalid_smiles'],,,False,False,False,False,[],[],[],[],invalid,,True,False,False,False
Cc1cc(C)cc4C)c2cccc3ccccc1,False,,,"['unbalanced_parentheses', 'unmatched_ring_closure', 'parse_failure']",False,0,,True,True,True,True,True,True,False,['invalid_smiles'],,,False,False,False,False,[],[],[],[],invalid,,True,False,False,False
Fc1c(C)cc2C)c(Cl)c(Cl)c2c(C)c1,False,,,"['unbalanced_parentheses', 'parse_failure']",False,0,,True,True,True,True,True,True,False,['invalid_smiles'],,,False,False,False,False,[],[],[],[],invalid,,True,False,False,False
Cc1ccccc2)cc1)CB(c2c(C)cc2C)c(P(CCCC(C)N1c1ccccc2P(C2CCCC(B(c3c(Cl)c2c(Cl)c(Cl)c1Cl,False,,,"['unbalanced_parentheses', 'unmatched_ring_closure', 'parse_failure']",False,0,,True,True,True,True,True,True,False,['invalid_smiles'],,,False,False,False,False,[],[],[],[],invalid,,True,False,False,False
Clc1c(Cl)c(Cl)c(C(F)(F)F)c3F)c3c(Cl)c2Cl)c1c(F)c1F)C(c3c(Cl)c(C)c(Cl)c3Cl)c4Cl)c2c(C)c1c(F)c(F)c(F)c(F)c(F)c(F)c(F)c(F)c(F)c(F)c(F)c(F)c(F)c(F)c(F)c(B(c2c(Cl)c1c(C)c(Cl),False,,,"['reached_max_length', 'unbalanced_parentheses', 'unmatched_ring_closure', 'parse_failure']",False,0,,True,True,True,True,True,True,False,['invalid_smiles'],,,False,False,False,False,[],[],[],[],invalid,,True,False,False,False
Cc1cc(C)cc2C)c(N(c2cccc1,False,,,"['unbalanced_parentheses', 'parse_failure']",False,0,,True,True,True,True,True,True,False,['invalid_smiles'],,,False,False,False,False,[],[],[],[],invalid,,True,False,False,False
Fc1c(Cl)c(Cl)c(C)c23)ccccc4cccccc4)c4cccc1)C(C)P(B(c2cccc(C(F)(F)F)c1F,False,,,"['unbalanced_parentheses', 'unmatched_ring_closure', 'parse_failure']",False,0,,True,True,True,True,True,True,False,['invalid_smiles'],,,False,False,False,False,[],[],[],[],invalid,,True,False,False,False
c1cc(C)c(P(C2=CC(c3c(C)c(P(CCB(c1cccccc1C)c1,False,,,"['unbalanced_parentheses', 'unmatched_ring_closure', 'parse_failure']",False,0,,True,True,True,True,True,True,False,['invalid_smiles'],,,False,False,False,False,[],[],[],[],invalid,,True,False,False,False
Cc1cccccc5)c5cccc(B2c3cccc3)C=C(CP(c2c(B(c2c(F)c(F)c(F)c21,False,,,"['unbalanced_parentheses', 'parse_failure']",False,0,,True,True,True,True,True,True,False,['invalid_smiles'],,,False,False,False,False,[],[],[],[],invalid,,True,False,False,False
Cc1cc(C)cc2C)c(B(c2c(F)c(B(Cc2ccccc3c2CCCC(C)(C)[P+]1(c1c(F)c(F)c(F)c(F)c2F)c(F)c(F)c2F)C2CCCC2)c(Cl)c2Cl)C(C)(C)[P+]2(c3c(Cl)c(Cl)c(Cl)c(Cl)c2Cl)c2c(C)cc(C)c(P(c4cccc3),False,,,"['reached_max_length', 'unbalanced_parentheses', 'unmatched_ring_closure', 'parse_failure']",False,0,,True,True,True,True,True,True,False,['invalid_smiles'],,,False,False,False,False,[],[],[],[],invalid,,True,False,False,False
Cc1cccc2)c2c(Cl)c3Cl)cccc1B(c1cc(C)cc(C)cc4C)c2c(B(c2ccccc2-3)c2c(C)cc(C)c1,False,,,"['unbalanced_parentheses', 'unmatched_ring_closure', 'parse_failure']",False,0,,True,True,True,True,True,True,False,['invalid_smiles'],,,False,False,False,False,[],[],[],[],invalid,,True,False,False,False
Cc1cc(C)cc(C)cc(C)cc3C)C(B(c1c(C)cc1C)c1,False,,,"['unmatched_ring_closure', 'parse_failure']",False,0,,True,True,True,True,True,True,False,['invalid_smiles'],,,False,False,False,False,[],[],[],[],invalid,,True,False,False,False
Cc1ccccc1,True,Cc1ccccc1,Cc1ccccc1,[],False,3,0.2702702702702703,True,True,True,True,True,True,False,['too_small'],0.0,7.0,True,True,False,False,[],[],[],[],no_LA_LB,,True,False,False,False
CC=C(B(c4ccccc2cccccc3c4cccc3)c3cc(C(F)(F)F)cc(C)cc4C)c2c(C)cc2C)c2c(F)c(F)c1c(Cl)c(Cl)c2Cl)N2CCCCB(c1c(Cl)c(Cl)c1Cl)c3Cl)c(Cl)c(Cl)c(Cl)c(Cl)c(Cl)c2C)c2c(F)c(F)c1F,False,,,"['unbalanced_parentheses', 'unmatched_ring_closure', 'parse_failure']",False,0,,True,True,True,True,True,True,False,['invalid_smiles'],,,False,False,False,False,[],[],[],[],invalid,,True,False,False,False
Clc1c(Cl)c(Cl)c1c(Cl)c(Cl)c(C)c(Cl)c(Cl)c(Cl)c1c(F)c(F)c(F)c(F)c2F)c2F)c(F)c(F)c(F)c(B(c2c(Cl)c(Cl)c(Cl)c(C)cc(C)cc(C)cc2C)c2c(F)c3F)c3F)c3)ccccc2)c(Cl)c1cccc3c2Oc2c(F)c,False,,,"['reached_max_length', 'unbalanced_parentheses', 'parse_failure']",False,0,,True,True,True,True,True,True,False,['invalid_smiles'],,,False,False,False,False,[],[],[],[],invalid,,True,False,False,False
c1cc(C)c3c(C)c1,False,,,"['unmatched_ring_closure', 'parse_failure']",False,0,,True,True,True,True,True,True,False,['invalid_smiles'],,,False,False,False,False,[],[],[],[],invalid,,True,False,False,False
Fc1c(C)cc(-c3cccc2B2Oc3cc(C)c(P(c4c(F)c3c(Cl)c2Cl)c2cccc1B(c1c(F)c(F)c2F)c2F)c(F)c(F)c(F)c2F)c2F)c(F)c1F)c1F,False,,,"['unbalanced_parentheses', 'unmatched_ring_closure', 'parse_failure']",False,0,,True,True,True,True,True,True,False,['invalid_smiles'],,,False,False,False,False,[],[],[],[],invalid,,True,False,False,False
Fc1c(Cl)c2Cl)c(Cl)c2Cl)P(c2c(C)cc(C)c3c(C)cc(C)c(Cl)c(Cl)c1Cl,False,,,"['unbalanced_parentheses', 'unmatched_ring_closure', 'parse_failure']",False,0,,True,True,True,True,True,True,False,['invalid_smiles'],,,False,False,False,False,[],[],[],[],invalid,,True,False,False,False
c1ccc(C)c1,False,,,"['kekulization_failure', 'sanitization_failure']",False,0,,True,True,True,True,True,True,False,['invalid_smiles'],,,False,False,False,False,[],[],[],[],invalid,,True,False,False,False
Clc1c(Cl)c(Cl)c2c(C)c(N(c2c(C)cc(C)c(Cl)c(C2C[B-](c2c(Cl)c(Cl)c(Cl)c(Cl)c(Cl)c(Cl)c2c(F)c(F)c(F)c2F)c2F)c(F)c2c(B(c2c(F)c(B(c2c(C)c(P(c5ccccc2O1)C(C)(C)c(BP(c2c(F)c(F)c(,False,,,"['reached_max_length', 'unbalanced_parentheses', 'unmatched_ring_closure', 'parse_failure']",False,0,,True,True,True,True,True,True,False,['invalid_smiles'],,,False,False,False,False,[],[],[],[],invalid,,True,False,False,False
Cc1cccc1B(Cl)c(Cl)c2c(F)c3c(F)c2F)c2F)c2F)c(F)c1,False,,,"['unbalanced_parentheses', 'unmatched_ring_closure', 'parse_failure']",False,0,,True,True,True,True,True,True,False,['invalid_smiles'],,,False,False,False,False,[],[],[],[],invalid,,True,False,False,False
Fc1c(Cl)c2Cl)c1c(F)c(F)c(F)c4c(F)c2F)c2F)c(F)c2ccccc2B(c1c(F)c(F)c(F)c(F)c(F)c(F)c4cccc2)OC1(C)CB(c1cc(-c3cccc(B(c1c(Cl)c(Cl)c1ccc(P(c4c(Cl)c2Cl)P(c2c(F)c(F)c(F)c2F)c(F),False,,,"['reached_max_length', 'unbalanced_parentheses', 'unmatched_ring_closure', 'parse_failure']",False,0,,True,True,True,True,True,True,False,['invalid_smiles'],,,False,False,False,False,[],[],[],[],invalid,,True,False,False,False
CC(C)(C)C)c(Cl)c(Cl)c1c(Cl)c(Cl)c1c(Cl)c3Cl)c2cc(C(C)C)c(Cl)c(Cl)c2Cl)c(Cl)c(Cl)c(Cl)c(Cl)c(Cl)c3Cl)(c3c(Cl)c(Cl)c(Cl)c1Cl)CP(c1cc(C)cc(C)c1c(Cl)c(Cl)c2Cl)c(C)c2c(C)cc1C,False,,,"['reached_max_length', 'unbalanced_parentheses', 'unmatched_ring_closure', 'parse_failure']",False,0,,True,True,True,True,True,True,False,['invalid_smiles'],,,False,False,False,False,[],[],[],[],invalid,,True,False,False,False
CC(C)C)n(B(c1c(Cl)c(Cl)c1Cl)c(Cl)c(Cl)c(Cl)c(C)cc2C)c(Cl)c(C)c1,False,,,"['unbalanced_parentheses', 'unmatched_ring_closure', 'parse_failure']",False,0,,True,True,True,True,True,True,False,['invalid_smiles'],,,False,False,False,False,[],[],[],[],invalid,,True,False,False,False
CN1c2c(Cl)c(Cl)c(Cl)c(Cl)c(C)cc1C)c1,False,,,"['unbalanced_parentheses', 'unmatched_ring_closure', 'parse_failure']",False,0,,True,True,True,True,True,True,False,['invalid_smiles'],,,False,False,False,False,[],[],[],[],invalid,,True,False,False,False
Fc1c(Cl)c(Cl)c2c(Cl)c1Cl)C2)c(Cl)c2Cl)c2Cl)c(C)cc(C)c(P(c2c(F)c(F)c(F)c2F)c(F)c(F)c1F,False,,,"['unbalanced_parentheses', 'unmatched_ring_closure', 'parse_failure']",False,0,,True,True,True,True,True,True,False,['invalid_smiles'],,,False,False,False,False,[],[],[],[],invalid,,True,False,False,False
Cc1cc(C(F)(F)F)cc(C)c1,True,Cc1cc(C)cc(C(F)(F)F)c1,Cc1cc(C)cc(C(F)(F)F)c1,[],True,1,0.34375,True,True,True,True,True,True,True,[],0.0,12.0,True,True,False,False,[],[],[],[],no_LA_LB,,True,False,False,False
Fc1c(F)c1F)c1F,False,,,"['unbalanced_parentheses', 'unmatched_ring_closure', 'parse_failure']",False,0,,True,True,True,True,True,True,False,['invalid_smiles'],,,False,False,False,False,[],[],[],[],invalid,,True,False,False,False
CC(C)(C)C)cc2C)C2CCCC1C[B-]2(c2c(B(CC(C)C)CCCC1C(c1c(Cl)c(Cl)c(C)c(Cl)c(Cl)c(Cl)c(Cl)c(Cl)c1Cl)c(C)cc(C)cc2C)C2CC(P(c4c(F)c(F)c(F)c(F)c(F)c(F)c3F)c3F)cc(C)c1,False,,,"['unbalanced_parentheses', 'unmatched_ring_closure', 'parse_failure']",False,0,,True,True,True,True,True,True,False,['invalid_smiles'],,,False,False,False,False,[],[],[],[],invalid,,True,False,False,False
CC(=C(B(c3c(F)c(F)c(F)c(F)c(F)c(F)c(F)c1c(B(C3CCCC2)c(Cl)c(C)cc2B(c2c(Cl)c(C)cc2C(C)(C)C,False,,,"['unbalanced_parentheses', 'unmatched_ring_closure', 'parse_failure']",False,0,,True,True,True,True,True,True,False,['invalid_smiles'],,,False,False,False,False,[],[],[],[],invalid,,True,False,False,False
CC(C3)C3CCCC3=C2P(c2c(P(c2c(F)c(F)c2c(C)c1,False,,,"['unbalanced_parentheses', 'unmatched_ring_closure', 'parse_failure']",False,0,,True,True,True,True,True,True,False,['invalid_smiles'],,,False,False,False,False,[],[],[],[],invalid,,True,False,False,False
Cc1cc(C)cc1)C(C)(C)CO2)c2c(C)c1,False,,,"['unbalanced_parentheses', 'unmatched_ring_closure', 'parse_failure']",False,0,,True,True,True,True,True,True,False,['invalid_smiles'],,,False,False,False,False,[],[],[],[],invalid,,True,False,False,False
Cc1cccc1P(c1c(Cl)c2Cl)c(Cl)c(Cl)c(B(c2c(C)c(N(c2cccc2P(c2c(Cl)c2Cl)c2c(C)c([B-]2(c3c(F)c(F)c(F)c(F)c(F)c(F)c(F)c(F)c1F)c1F,False,,,"['unbalanced_parentheses', 'unmatched_ring_closure', 'parse_failure']",False,0,,True,True,True,True,True,True,False,['invalid_smiles'],,,False,False,False,False,[],[],[],[],invalid,,True,False,False,False
CC(CB(c1c(C)cc2C)c2ccccc2c1-c1c(Cl)c2Cl)c(Cl)c(B(c1c(F)c(F)c(F)c(F)c(F)c(F)c(F)c(F)c(B(c2c(F)c(F)c(F)c(F)c(F)c(F)c(F)c(F)c(F)c(B(c2c(F)c(F)c(F)c(F)c(F)c(F)c(F)c(F)c(F)c(,False,,,"['reached_max_length', 'unbalanced_parentheses', 'parse_failure']",False,0,,True,True,True,True,True,True,False,['invalid_smiles'],,,False,False,False,False,[],[],[],[],invalid,,True,False,False,False
Cc1cc(N(c2c(F)c(F)c(F)c(F)c(F)c2F)n1,False,,,"['unbalanced_parentheses', 'parse_failure']",False,0,,True,True,True,True,True,True,False,['invalid_smiles'],,,False,False,False,False,[],[],[],[],invalid,,True,False,False,False
Cc1cccc3)c3ccccc2)c(Cl)c(Cl)c(Cl)c(Cl)c(Cl)c2c(C)c1cc(C)c(Cl)c(Cl)c(Cl)c(C)c1,False,,,"['unbalanced_parentheses', 'unmatched_ring_closure', 'parse_failure']",False,0,,True,True,True,True,True,True,False,['invalid_smiles'],,,False,False,False,False,[],[],[],[],invalid,,True,False,False,False
CC(C)(C)cc1)c1c(Cl)c(C)cc(C)cc2C)c2Cl)C(C)CB(c1c(B(c2cccc(C)cc2C)c(P(c2c(F)c(F)c2c(Cl)c(Cl)c2Cl)Cl,False,,,"['unmatched_ring_closure', 'parse_failure']",False,0,,True,True,True,True,True,True,False,['invalid_smiles'],,,False,False,False,False,[],[],[],[],invalid,,True,False,False,False
Cc1ccc2B(c2c(F)c(F)c(F)c(F)c(B(c2c(F)c2c(F)c(F)c(F)c(F)c(F)c(F)c(F)c(F)c(F)c(F)c(F)c(F)c(F)c(F)c(Cl)c(Cl)c(C)cc(C)c2cccc23)c(Cl)c(C)cc(C)cc1)c1c(F)c2c(C)cc(C)cc3C2(C)C,False,,,"['unbalanced_parentheses', 'unmatched_ring_closure', 'parse_failure']",False,0,,True,True,True,True,True,True,False,['invalid_smiles'],,,False,False,False,False,[],[],[],[],invalid,,True,False,False,False
Fc1c(F)c1F)c1)C2(c2c(C)c1,False,,,"['unbalanced_parentheses', 'parse_failure']",False,0,,True,True,True,True,True,True,False,['invalid_smiles'],,,False,False,False,False,[],[],[],[],invalid,,True,False,False,False
Cc1cccc1)c1cc(C)c1,False,,,"['unbalanced_parentheses', 'parse_failure']",False,0,,True,True,True,True,True,True,False,['invalid_smiles'],,,False,False,False,False,[],[],[],[],invalid,,True,False,False,False
Fc1c(Cl)c1Cl)c(C)c(C)cc3C2(C)C[B-]2(c2c(F)c1F)CP(c2cccc2-3)c2c(C)c(Cl)c(Cl)c(Cl)c2cccc2)CCCC2)c(Cl)c2c(C)c1c(Cl)c(Cl)c(C(F)(F)F)c3cccc(C)c1,False,,,"['unbalanced_parentheses', 'unmatched_ring_closure', 'parse_failure']",False,0,,True,True,True,True,True,True,False,['invalid_smiles'],,,False,False,False,False,[],[],[],[],invalid,,True,False,False,False
Clc1c(Cl)c(Cl)c2C)c2c(F)c3F)c3F)c3F)CCCC2(C)C,False,,,"['unbalanced_parentheses', 'unmatched_ring_closure', 'parse_failure']",False,0,,True,True,True,True,True,True,False,['invalid_smiles'],,,False,False,False,False,[],[],[],[],invalid,,True,False,False,False
CC1C[B-]2(c3c(Cl)c2Cl)c1Cl,False,,,"['unmatched_ring_closure', 'parse_failure']",False,0,,True,True,True,True,True,True,False,['invalid_smiles'],,,False,False,False,False,[],[],[],[],invalid,,True,False,False,False
CC(C)(C)C)c(P(CCCCC2N2CCCCCC(C)(C)c1,False,,,"['unbalanced_parentheses', 'unmatched_ring_closure', 'parse_failure']",False,0,,True,True,True,True,True,True,False,['invalid_smiles'],,,False,False,False,False,[],[],[],[],invalid,,True,False,False,False
Clc1c(Cl)c1Cl)C(C)(C)N1c1cc(C)cc(C)cc1C,False,,,"['unbalanced_parentheses', 'unmatched_ring_closure', 'parse_failure']",False,0,,True,True,True,True,True,True,False,['invalid_smiles'],,,False,False,False,False,[],[],[],[],invalid,,True,False,False,False
CC(=CCB(c2cccccc3C2(C)c(Cl)c(Cl)c1Cl)c1c(F)c(B(c1ccc2)c2c(F)c(F)c2cccc2N(Cc2ccccccc2B(c2c(Cl)c3Cl)CCB(c1c(Cl)c(Cl)c(Cl)c(Cl)c2Cl)c(Cl)c(Cl)c(Cl)c(Cl)c2Cl)c(Cl)c(C)cc2C)c,False,,,"['reached_max_length', 'unbalanced_parentheses', 'parse_failure']",False,0,,True,True,True,True,True,True,False,['invalid_smiles'],,,False,False,False,False,[],[],[],[],invalid,,True,False,False,False
CC1(C)C)cc2C)c(Cl)c1c(F)c(F)c4F)c4c(F)c(F)c(F)c(F)c(F)c3F)c3F)c3)c3c(Cl)c(Cl)c(Cl)c1Cl,False,,,"['unbalanced_parentheses', 'unmatched_ring_closure', 'parse_failure']",False,0,,True,True,True,True,True,True,False,['invalid_smiles'],,,False,False,False,False,[],[],[],[],invalid,,True,False,False,False
CC1(CC)CCCC3)c(Cl)c2Cl)c(Cl)c(Cl)c1Cl)c(Cl)c(Cl)c2Cl)c(Cl)c(Cl)c(Cl)c(Cl)c(Cl)c1c(F)c(F)c1cc(C)cc(C)cc2C)c(PC(=C(B(c2cccc3B(c3cc(C)c(P(c2c(Cl)c(Cl)c(Cl)c(Cl)c(Cl)c2Cl)c3,False,,,"['reached_max_length', 'unbalanced_parentheses', 'parse_failure']",False,0,,True,True,True,True,True,True,False,['invalid_smiles'],,,False,False,False,False,[],[],[],[],invalid,,True,False,False,False
Fc1c(F)c(F)c(F)c2F)c2c(Cl)c(Cl)c2Cl)C2C3CCCC32)c(F)c1,False,,,"['unbalanced_parentheses', 'unmatched_ring_closure', 'parse_failure']",False,0,,True,True,True,True,True,True,False,['invalid_smiles'],,,False,False,False,False,[],[],[],[],invalid,,True,False,False,False
Fc1c(C)c(B(c1c(C)c1,False,,,"['unbalanced_parentheses', 'unmatched_ring_closure', 'parse_failure']",False,0,,True,True,True,True,True,True,False,['invalid_smiles'],,,False,False,False,False,[],[],[],[],invalid,,True,False,False,False
Cc1cccc3c2Oc2cccc4-c4cccc2)c2c(Cl)c(Cl)c2cccc2)c2ccccc1)c1c(Cl)c3Cl)C1c1cc(C)c(Cl)c1c(Cl)c1Cl,False,,,"['unbalanced_parentheses', 'unmatched_ring_closure', 'parse_failure']",False,0,,True,True,True,True,True,True,False,['invalid_smiles'],,,False,False,False,False,[],[],[],[],invalid,,True,False,False,False
Cc1cc(C)c(Cl)c(Cl)c(Cl)c(Cl)c(Cl)c4Cl)c(Cl)c(Cl)c1Cl,False,,,"['unbalanced_parentheses', 'unmatched_ring_closure', 'parse_failure']",False,0,,True,True,True,True,True,True,False,['invalid_smiles'],,,False,False,False,False,[],[],[],[],invalid,,True,False,False,False
CC1B(c1c(F)c(F)c(F)c4F)c4c(Cl)c3Cl)c(Cl)c(Cl)c1Cl)c(C)c1,False,,,"['unbalanced_parentheses', 'unmatched_ring_closure', 'parse_failure']",False,0,,True,True,True,True,True,True,False,['invalid_smiles'],,,False,False,False,False,[],[],[],[],invalid,,True,False,False,False
Cc1cc(C)c1c(Cl)c(Cl)c3cccccc2)c2c(Cl)c(Cl)c(Cl)c2Cl)c21,False,,,"['unbalanced_parentheses', 'unmatched_ring_closure', 'parse_failure']",False,0,,True,True,True,True,True,True,False,['invalid_smiles'],,,False,False,False,False,[],[],[],[],invalid,,True,False,False,False
Cc1ccccc1)C2B(c2c(F)c(F)c2ccccc2)c2cccc3)C=C2B(c1c(F)c1F,False,,,"['unbalanced_parentheses', 'unmatched_ring_closure', 'parse_failure']",False,0,,True,True,True,True,True,True,False,['invalid_smiles'],,,False,False,False,False,[],[],[],[],invalid,,True,False,False,False
Cc1cc(C)cc(C)cc(C)c1,True,CC1=CC(C)=CC(C)=CC(C)=C1,CC1=CC(C)=CC(C)=CC(C)=C1,[],False,3,0.13043478260869565,True,True,True,True,True,True,True,[],0.0,12.0,True,True,False,False,[],[],[],[],no_LA_LB,,True,False,False,False
Cc1ccccc2)c2c(F)c(F)c2F)c2F)c(F)c(F)c(F)c(F)c(F)c(F)c(F)c(F)c(F)c(F)c(F)c(F)c(F)c(F)c([P+]2(c2cccc1,False,,,"['unbalanced_parentheses', 'parse_failure']",False,0,,True,True,True,True,True,True,False,['invalid_smiles'],,,False,False,False,False,[],[],[],[],invalid,,True,False,False,False
CC1(C)CC(c2cc(C)cc(C)c1,False,,,"['unbalanced_parentheses', 'unmatched_ring_closure', 'parse_failure']",False,0,,True,True,True,True,True,True,False,['invalid_smiles'],,,False,False,False,False,[],[],[],[],invalid,,True,False,False,False
Cc1ccc(B(c2c(F)c2F)C2CCCC2)c2c(C)c(P(C2=C3CCC(C)COCC(CC)C(c1c(Cl)c(Cl)c(Cl)c(Cl)c(Cl)c(Cl)c(Cl)c(C)cc3C)c3cccc3B(c3c(C)c2c(B(c2cccc2)c2c(F)c(F)c(F)c(F)c(F)c(F)c2ccccc2)c,False,,,"['reached_max_length', 'unbalanced_parentheses', 'unmatched_ring_closure', 'parse_failure']",False,0,,True,True,True,True,True,True,False,['invalid_smiles'],,,False,False,False,False,[],[],[],[],invalid,,True,False,False,False
Cc1cc(C(C)CO2)c2c(Cl)c(Cl)c(Cl)c1Cl,True,CC1=CC2=C(OCC2C)C(Cl)=C(Cl)C(Cl)=C1Cl,CC1=CC2=C(OCC2C)C(Cl)=C(Cl)C(Cl)=C1Cl,[],True,1,0.1875,True,True,True,True,True,True,True,[],0.0,17.0,True,True,False,False,[],[],[],[],no_LA_LB,,True,False,False,False
Cc1cc(C)cc2C)c(P(CCC(C)(C)c(P(C(=C(B(c1c(F)c(F)c1F)CP(c1cccc2B(c2ccccc1,False,,,"['unbalanced_parentheses', 'unmatched_ring_closure', 'parse_failure']",False,0,,True,True,True,True,True,True,False,['invalid_smiles'],,,False,False,False,False,[],[],[],[],invalid,,True,False,False,False
CC=C(B(c2c(Cl)c(Cl)c(C(C)C2C3CCC(C)(C)N1Cc1cccc2)cc1,False,,,"['unbalanced_parentheses', 'unmatched_ring_closure', 'parse_failure']",False,0,,True,True,True,True,True,True,False,['invalid_smiles'],,,False,False,False,False,[],[],[],[],invalid,,True,False,False,False
CC(C)(C)P(CB(c2c(F)c(F)c(F)c(F)c(F)c(F)c(F)c2F)c2ccccc3B(c3c(Cl)c(Cl)c2c(B(c1c(Cl)c(Cl)c(Cl)c(Cl)c3Cl)c(Cl)c(Cl)c4ccccc2N(c2c(F)c(F)c(F)c(B(c2c(C)c(Cl)c(Cl)c1ccc(OB(c2c(,False,,,"['reached_max_length', 'unbalanced_parentheses', 'unmatched_ring_closure', 'parse_failure']",False,0,,True,True,True,True,True,True,False,['invalid_smiles'],,,False,False,False,False,[],[],[],[],invalid,,True,False,False,False
CCN(C)C)cc(C)c(Cl)c3c(Cl)c(Cl)c(Cl)c2Cl)c(C)cc1)c1c(F)c(F)c(F)c(F)c3c(Cl)c2Cl)c(C)cc(C)c(P(c4c(Cl)c(Cl)c(Cl)c1c(C)cccc2)cc1C2(C)C)N1Cc1cc(C)cc(-c3cccc2)cc(C)cc2C)c(B(c4c,False,,,"['reached_max_length', 'unbalanced_parentheses', 'unmatched_ring_closure', 'parse_failure']",False,0,,True,True,True,True,True,True,False,['invalid_smiles'],,,False,False,False,False,[],[],[],[],invalid,,True,False,False,False
Fc1c(F)c(F)c(F)c(F)c(F)c(F)c4cccc2ccccc3)c3cccc2)c2c(Cl)c1c(Cl)c1Cl)P(c1c(Cl)c1Cl)P(c1c(Cl)c(Cl)c(Cl)c(C2N(Cc3cccc2B(c2c(B(c2c(F)c(F)c(F)c(F)c2c(C)c1,False,,,"['unbalanced_parentheses', 'unmatched_ring_closure', 'parse_failure']",False,0,,True,True,True,True,True,True,False,['invalid_smiles'],,,False,False,False,False,[],[],[],[],invalid,,True,False,False,False
Fc1c(Cl)c(B(c2c(C)c1c(F)c(F)c2F)n1,False,,,"['unbalanced_parentheses', 'unmatched_ring_closure', 'parse_failure']",False,0,,True,True,True,True,True,True,False,['invalid_smiles'],,,False,False,False,False,[],[],[],[],invalid,,True,False,False,False
CC(C(C)(C)C)cc(CB(c2ccccc(B(c2c(Cl)c1cccc2B(c2cccc(C)c1,False,,,"['unbalanced_parentheses', 'parse_failure']",False,0,,True,True,True,True,True,True,False,['invalid_smiles'],,,False,False,False,False,[],[],[],[],invalid,,True,False,False,False
Cc1cc(C)c1ccccc(B(c1c(Cl)c(C)c1,False,,,"['unbalanced_parentheses', 'parse_failure']",False,0,,True,True,True,True,True,True,False,['invalid_smiles'],,,False,False,False,False,[],[],[],[],invalid,,True,False,False,False
CC(C)C,True,CC(C)C,CC(C)C,[],False,9,0.1111111111111111,True,True,True,True,True,True,False,['too_small'],0.0,4.0,True,True,False,False,[],[],[],[],no_LA_LB,,True,False,False,False
Cc1cccc2cccc3B(c3c(Cl)c(BP(c2ccccc2)c(F)c(F)c(F)c(F)c(F)c3F)C(P(c2c(Cl)c(C)c2c(Cl)c(C(C)CB(c1c(Cl)c(Cl)c1Cl)C2CCCC2N2CCC1(C)C)CCCC32)c(Cl)c(Cl)c(Cl)c(Cl)c2cccc2cccc2-3)c,False,,,"['reached_max_length', 'unbalanced_parentheses', 'unmatched_ring_closure', 'parse_failure']",False,0,,True,True,True,True,True,True,False,['invalid_smiles'],,,False,False,False,False,[],[],[],[],invalid,,True,False,False,False
Fc1c(F)c2F)C2CC(P(c4cccc(B(c3cc(C)c1,False,,,"['unbalanced_parentheses', 'unmatched_ring_closure', 'parse_failure']",False,0,,True,True,True,True,True,True,False,['invalid_smiles'],,,False,False,False,False,[],[],[],[],invalid,,True,False,False,False
Cc1cc(C)cc(C)cc(C)c1,True,CC1=CC(C)=CC(C)=CC(C)=C1,CC1=CC(C)=CC(C)=CC(C)=C1,[],False,3,0.13043478260869565,True,True,True,True,True,True,True,[],0.0,12.0,True,True,False,False,[],[],[],[],no_LA_LB,,True,False,False,False
CC(C3)C2P(c2c(Cl)c(Cl)c2Cl)c(Cl)c(Cl)c(Cl)c2Cl)c2ccccccc2)c2c(F)c(F)c(F)c(F)c(F)c(F)c2F)C2CCCCCCB(c1cccc1)P(c2c(C)c1,False,,,"['unbalanced_parentheses', 'unmatched_ring_closure', 'parse_failure']",False,0,,True,True,True,True,True,True,False,['invalid_smiles'],,,False,False,False,False,[],[],[],[],invalid,,True,False,False,False
CC(=C(B(c1cc(C)cc2C)c([B-]2(c3c(F)c(F)c(F)c(F)c1F,False,,,"['unbalanced_parentheses', 'unmatched_ring_closure', 'parse_failure']",False,0,,True,True,True,True,True,True,False,['invalid_smiles'],,,False,False,False,False,[],[],[],[],invalid,,True,False,False,False
CC1(C)cc2C)C2CCCCC3)c2cccc2)c(Cl)c(Cl)c1cccc1B(c1cccc3)c3c2-c2c(F)c(F)c2F)c2F)c2F)c(F)c2c(B(c2cc(C)cc2C)c2c(F)c(F)c(F)c(F)c(F)c(F)c(F)c3cccc4)c4c(Cl)c2c(C)cc1)c1ccccc2)c,False,,,"['reached_max_length', 'unbalanced_parentheses', 'unmatched_ring_closure', 'parse_failure']",False,0,,True,True,True,True,True,True,False,['invalid_smiles'],,,False,False,False,False,[],[],[],[],invalid,,True,False,False,False
CC(=CCB(c1c(F)c(F)c(F)c(F)c2F)C2CCC1C(N1CCC2)c(C(F)(F)F)c3F)c3F)c3)c3c(F)c2F)C2CCC1CCC2)C(C)(C)cc(C)cc1,False,,,"['unbalanced_parentheses', 'unmatched_ring_closure', 'parse_failure']",False,0,,True,True,True,True,True,True,False,['invalid_smiles'],,,False,False,False,False,[],[],[],[],invalid,,True,False,False,False
CCN(CC)(C)cc2C)c2c(F)c(F)c(F)c(F)c1c(F)c(F)c(F)c(F)c(F)c(F)c(F)c3F)c3F)c3F)C(C)(C)N1C(C)CB(c2c(Cl)c(Cl)c(Cl)c(Cl)c(Cl)c1P(c1cc(C)c1,False,,,"['unbalanced_parentheses', 'unmatched_ring_closure', 'parse_failure']",False,0,,True,True,True,True,True,True,False,['invalid_smiles'],,,False,False,False,False,[],[],[],[],invalid,,True,False,False,False
Cc1cc(C)c(P(CCB(c1cccccc3N(Cc3cccccccc2O1)C(C)CCCC2)C(C)N1Cc1cc(C)c(C)cc(C)c1,False,,,"['unbalanced_parentheses', 'parse_failure']",False,0,,True,True,True,True,True,True,False,['invalid_smiles'],,,False,False,False,False,[],[],[],[],invalid,,True,False,False,False
Cc1ccc(P(CCC(C)C,False,,,"['unbalanced_parentheses', 'unmatched_ring_closure', 'parse_failure']",False,0,,True,True,True,True,True,True,False,['invalid_smiles'],,,False,False,False,False,[],[],[],[],invalid,,True,False,False,False
CN1c2c(C)c(P(C(=CCB(c2ccccc4)c23)c(F)c(F)c(F)c(F)c(F)c(F)c1F)c1F)c1F)c1F,False,,,"['unbalanced_parentheses', 'unmatched_ring_closure', 'parse_failure']",False,0,,True,True,True,True,True,True,False,['invalid_smiles'],,,False,False,False,False,[],[],[],[],invalid,,True,False,False,False
CC(=C(B(c2cc(C)c1,False,,,"['unbalanced_parentheses', 'unmatched_ring_closure', 'parse_failure']",False,0,,True,True,True,True,True,True,False,['invalid_smiles'],,,False,False,False,False,[],[],[],[],invalid,,True,False,False,False
CC1(C)C)cc(CB(c3c(c2P2CCCCCC3)c(Cl)c2Cl)c(Cl)c2Cl)c1Cl)c3Cl)c(Cl)c2c(C)cc(C)cc3C)c(N(c2cccccc1B1Oc2c(F)c2F)c2cccc1B(c1c(F)c(F)c1F)(c1c(Cl)c(C)c1,False,,,"['unbalanced_parentheses', 'unmatched_ring_closure', 'parse_failure']",False,0,,True,True,True,True,True,True,False,['invalid_smiles'],,,False,False,False,False,[],[],[],[],invalid,,True,False,False,False
Cc1cc(C)cc(C)c(Cl)c(Cl)c(Cl)c(Cl)c(F)c(F)c(F)c(F)c(F)c(F)c(F)c1F,False,,,"['kekulization_failure', 'sanitization_failure']",False,0,,True,True,True,True,True,True,False,['invalid_smiles'],,,False,False,False,False,[],[],[],[],invalid,,True,False,False,False
Cc1ccc(P(c2c(F)c(F)c(F)c(F)c(F)c(F)c2F)c2F)C2CCCCC2)c(F)c(F)c(F)c(F)c3c(F)c(F)c(F)c(B(c4c(Cl)c(Cl)c(Cl)c(Cl)c(Cl)c(Cl)c(C)c(N(c2cccc2C)c(Cl)c(Cl)c1Cl)c(Cl)c3c(Cl)c(Cl)c3,False,,,"['reached_max_length', 'unbalanced_parentheses', 'unmatched_ring_closure', 'parse_failure']",False,0,,True,True,True,True,True,True,False,['invalid_smiles'],,,False,False,False,False,[],[],[],[],invalid,,True,False,False,False
Cc1cc(N(c2cccc1,False,,,"['unbalanced_parentheses', 'unmatched_ring_closure', 'parse_failure']",False,0,,True,True,True,True,True,True,False,['invalid_smiles'],,,False,False,False,False,[],[],[],[],invalid,,True,False,False,False
Cc1cc(C)c1,True,CC1=CC(C)=C1,CC1=CC(C)=C1,[],False,20,0.13043478260869565,True,True,True,True,True,True,False,['too_small'],0.0,6.0,True,True,False,False,[],[],[],[],no_LA_LB,,True,False,False,False
Fc1c(Cl)c2Cl)c(Cl)c(Cl)c2cccc2)c2c(C)cc(C)cc(C)cc(C)cc2C3(C)CB(c1cc(C(F)(F)F)c(F)c(F)c(F)c(F)c2F)c2F)c2F)c2F)c2c(F)c(F)c(Cl)c3c(Cl)c2Cl)P(c2c(C)cc2C)c(Cl)c(Cl)c(Cl)c(Cl),False,,,"['reached_max_length', 'unbalanced_parentheses', 'unmatched_ring_closure', 'parse_failure']",False,0,,True,True,True,True,True,True,False,['invalid_smiles'],,,False,False,False,False,[],[],[],[],invalid,,True,False,False,False
Cc1cc(C)c1cccc3)C3CCCC(C)(C)C,False,,,"['unbalanced_parentheses', 'parse_failure']",False,0,,True,True,True,True,True,True,False,['invalid_smiles'],,,False,False,False,False,[],[],[],[],invalid,,True,False,False,False
c1ccccc3)cc1,False,,,"['unbalanced_parentheses', 'unmatched_ring_closure', 'parse_failure']",False,0,,True,True,True,True,True,True,False,['invalid_smiles'],,,False,False,False,False,[],[],[],[],invalid,,True,False,False,False
Fc1c(Cl)c(Cl)c(Cl)c(C)c1,True,Cc1cc(F)c(Cl)c(Cl)c1Cl,Cc1cc(F)c(Cl)c(Cl)c1Cl,[],True,1,0.32432432432432434,True,True,True,True,True,True,True,[],0.0,11.0,True,True,False,False,[],[],[],[],no_LA_LB,,True,False,False,False
CC(C)(C)C1CC(C)(C)N1C(C)(C)CB(c2c(F)c(F)c(F)c2F)c(F)c(F)c(F)c(F)c(F)c2F)c(F)c(F)c2F)c(F)c(F)c(B2c3ccccc2-3)c2c(C)c([P+]1(c1ccc(C)cc(C)cc2C)c2cccc2P(c2cccc2)c2c(F)c4F)c4c,False,,,"['reached_max_length', 'unbalanced_parentheses', 'unmatched_ring_closure', 'parse_failure']",False,0,,True,True,True,True,True,True,False,['invalid_smiles'],,,False,False,False,False,[],[],[],[],invalid,,True,False,False,False
Cc1cc(C)c1,True,CC1=CC(C)=C1,CC1=CC(C)=C1,[],False,20,0.13043478260869565,True,True,True,True,True,True,False,['too_small'],0.0,6.0,True,True,False,False,[],[],[],[],no_LA_LB,,True,False,False,False
CC1CCC2)C2CC(P(c2c(F)c(F)c2F)[P+]2(c2cccc2)c2c(C)c23)c(Cl)c3c(Cl)c(Cl)c1Cl,False,,,"['unbalanced_parentheses', 'unmatched_ring_closure', 'parse_failure']",False,0,,True,True,True,True,True,True,False,['invalid_smiles'],,,False,False,False,False,[],[],[],[],invalid,,True,False,False,False
CC(C)(C)cc2C)c2ccccccc3C)c3ccccc2)c2cccc3c2-c2c-3ccccc1C)c1,False,,,"['unbalanced_parentheses', 'parse_failure']",False,0,,True,True,True,True,True,True,False,['invalid_smiles'],,,False,False,False,False,[],[],[],[],invalid,,True,False,False,False
CC(=C(B(c2c(Cl)c(Cl)c1c(F)c(F)c(F)c2F)c2F)c2c(F)c(F)c(F)c(F)c(F)c(F)c(F)c(F)c(F)c1F)=C(c1c(C)cc(C(C)CCCCC3C(c3c(F)c1F)c1F,False,,,"['unbalanced_parentheses', 'unmatched_ring_closure', 'parse_failure']",False,0,,True,True,True,True,True,True,False,['invalid_smiles'],,,False,False,False,False,[],[],[],[],invalid,,True,False,False,False
Cc1cc(C(F)(F)F)cccc3B(c3cccc2P(C2=C3CCCC2)C2C)C2CC(P(c2c(C)c(Cl)c1Cl)c(C2CCCC3C(c3c(C)cc4C)c4ccccc3C)C(B(c1c(Cl)c(Cl)c(Cl)c(Cl)c1Cl)c2Cl)c(Cl)c(Cl)c(Cl)c(Cl)c(Cl)c2Cl)c1,False,,,"['reached_max_length', 'unmatched_ring_closure', 'parse_failure']",False,0,,True,True,True,True,True,True,False,['invalid_smiles'],,,False,False,False,False,[],[],[],[],invalid,,True,False,False,False
Cc1cc(C)cc2C)c(P(c2c(F)c(F)c3)c3cccc2B(c1c(C)cc(-c3cccc(c34)P2c2c(Cl)c(Cl)c2c(F)c(F)c(F)c(F)c2F)c2F)c2c(C)cc(-c3cccc3ccccc1B(c1cccc1,False,,,"['unbalanced_parentheses', 'unmatched_ring_closure', 'parse_failure']",False,0,,True,True,True,True,True,True,False,['invalid_smiles'],,,False,False,False,False,[],[],[],[],invalid,,True,False,False,False
Cc1cccc3)c3c(C(CB(c2c(F)c2F)P(c1c(F)c1F,False,,,"['unbalanced_parentheses', 'unmatched_ring_closure', 'parse_failure']",False,0,,True,True,True,True,True,True,False,['invalid_smiles'],,,False,False,False,False,[],[],[],[],invalid,,True,False,False,False
CC(C)P(c1c(F)c(F)c(F)c(F)c(F)c(F)c(F)c(F)c3c(F)c2F)c2c(B(c3c(F)c(Cl)c(Cl)c(Cl)c(Cl)c(Cl)c(Cl)c1Cl,False,,,"['unbalanced_parentheses', 'parse_failure']",False,0,,True,True,True,True,True,True,False,['invalid_smiles'],,,False,False,False,False,[],[],[],[],invalid,,True,False,False,False
Cc1ccccc2B(c1c(F)c(F)c(Cl)c(C)c1,False,,,"['unbalanced_parentheses', 'unmatched_ring_closure', 'parse_failure']",False,0,,True,True,True,True,True,True,False,['invalid_smiles'],,,False,False,False,False,[],[],[],[],invalid,,True,False,False,False
Cc1cc(C)cc1,False,,,"['kekulization_failure', 'sanitization_failure']",False,0,,True,True,True,True,True,True,False,['invalid_smiles'],,,False,False,False,False,[],[],[],[],invalid,,True,False,False,False
Clc1c(Cl)c(Cl)c2cccc2)c2c(Cl)c(Cl)c(Cl)c(Cl)c4Cl)c2c(F)c(F)c(F)c(F)c(F)c1F)c1F,False,,,"['unbalanced_parentheses', 'unmatched_ring_closure', 'parse_failure']",False,0,,True,True,True,True,True,True,False,['invalid_smiles'],,,False,False,False,False,[],[],[],[],invalid,,True,False,False,False
CC(C3)C2P(c2c(Cl)c(Cl)c(Cl)c(Cl)c(Cl)c(Cl)c(Cl)c(Cl)c(C)c(Cl)c2Cl)c(Cl)c(Cl)c1c(Cl)c(Cl)c(B(c2cccccccc2)cc(C)cc2C)c(Cl)c(Cl)c(Cl)c(Cl)c2Cl)n1,False,,,"['unbalanced_parentheses', 'unmatched_ring_closure', 'parse_failure']",False,0,,True,True,True,True,True,True,False,['invalid_smiles'],,,False,False,False,False,[],[],[],[],invalid,,True,False,False,False
Cc1ccccccc(B(c2c(Cl)c(Cl)c(C)c(C(CB(c2ccccc1,False,,,"['unbalanced_parentheses', 'parse_failure']",False,0,,True,True,True,True,True,True,False,['invalid_smiles'],,,False,False,False,False,[],[],[],[],invalid,,True,False,False,False
CC(B(c2c(C)c1,False,,,"['unbalanced_parentheses', 'unmatched_ring_closure', 'parse_failure']",False,0,,True,True,True,True,True,True,False,['invalid_smiles'],,,False,False,False,False,[],[],[],[],invalid,,True,False,False,False
Cc1cc(CCCCCCCC(C)(C)c(P(C(C)(C)C)c(P(c3cccc2)c(F)c(F)c(F)c(F)c2c(C)cc1,False,,,"['unbalanced_parentheses', 'unmatched_ring_closure', 'parse_failure']",False,0,,True,True,True,True,True,True,False,['invalid_smiles'],,,False,False,False,False,[],[],[],[],invalid,,True,False,False,False
Cc1cc(C)cc3C2(C)C)c(P(c2cccc2B(c2c(F)c(F)c1F,False,,,"['unbalanced_parentheses', 'unmatched_ring_closure', 'parse_failure']",False,0,,True,True,True,True,True,True,False,['invalid_smiles'],,,False,False,False,False,[],[],[],[],invalid,,True,False,False,False
Fc1c(Cl)c(Cl)c(C)cc(C)cc(C)cc(C)c1,False,,,"['kekulization_failure', 'sanitization_failure']",False,0,,True,True,True,True,True,True,False,['invalid_smiles'],,,False,False,False,False,[],[],[],[],invalid,,True,False,False,False
Cc1ccc(B(C(=C(B(c2c(Cl)c(Cl)c(Cl)c2Cl)c(Cl)c(Cl)c2cccc3cc(C)c1,False,,,"['unbalanced_parentheses', 'unmatched_ring_closure', 'parse_failure']",False,0,,True,True,True,True,True,True,False,['invalid_smiles'],,,False,False,False,False,[],[],[],[],invalid,,True,False,False,False
CC=C(B(c1cc(C)cc(C)c1,False,,,"['unbalanced_parentheses', 'parse_failure']",False,0,,True,True,True,True,True,True,False,['invalid_smiles'],,,False,False,False,False,[],[],[],[],invalid,,True,False,False,False
Cc1cccc3B(c3cccc2P(c2c(Cl)c(Cl)c(Cl)c(B(c3ccccc4cccc3)c3c(Cl)c1c(F)c(F)c2F)c2cccc2)c2c(Cl)c1Cl,False,,,"['unbalanced_parentheses', 'unmatched_ring_closure', 'parse_failure']",False,0,,True,True,True,True,True,True,False,['invalid_smiles'],,,False,False,False,False,[],[],[],[],invalid,,True,False,False,False
CC(C)CB(c2c(Cl)c1c(F)c(F)c(F)c(F)c2c(Cl)c(Cl)c(Cl)c(C(=C(B(c3c(Cl)c2Cl)c1ccccccc2P(c2cccc2)c2c(F)c(F)c(F)c1F)CP(c1ccccc(B(c2cccc3)cc2C)C2CCCC3)c(Cl)c(Cl)c(C(F)(F)F)c(F)c,False,,,"['reached_max_length', 'unbalanced_parentheses', 'unmatched_ring_closure', 'parse_failure']",False,0,,True,True,True,True,True,True,False,['invalid_smiles'],,,False,False,False,False,[],[],[],[],invalid,,True,False,False,False
Fc1c(F)c(B(c2cccc3C)c2c(F)c1cc(C)cc(C)c(P(c2c(Cl)c(Cl)c(Cl)c(C)c1,False,,,"['unbalanced_parentheses', 'unmatched_ring_closure', 'parse_failure']",False,0,,True,True,True,True,True,True,False,['invalid_smiles'],,,False,False,False,False,[],[],[],[],invalid,,True,False,False,False
Cc1cc(C)cc2C)c(Cl)c(Cl)c1c(C)c2cccc2)c2c(F)c(F)c(F)c(F)c(F)c(F)c2F)c(F)c(F)c(F)c3F)c3c(F)c1F)=C(c1c(F)c(F)c3F)c2c(B(Cc2cccc1B(c1c(F)c(F)c(F)c2cccc2)c2c(Cl)c(Cl)c(C)c(P(c,False,,,"['reached_max_length', 'unbalanced_parentheses', 'unmatched_ring_closure', 'parse_failure']",False,0,,True,True,True,True,True,True,False,['invalid_smiles'],,,False,False,False,False,[],[],[],[],invalid,,True,False,False,False
CC(C)(C)N1c1cc(C)cc2C)C2CCCC(C)(C)C)N1c1cccc2B(c1c(Cl)c(Cl)c4c(F)c2c(F)c(F)c3F)c3c(F)c(F)c(F)c(F)c1F,False,,,"['unbalanced_parentheses', 'unmatched_ring_closure', 'parse_failure']",False,0,,True,True,True,True,True,True,False,['invalid_smiles'],,,False,False,False,False,[],[],[],[],invalid,,True,False,False,False
Fc1c(F)c(F)c(F)c(F)c(F)c(F)c(F)c(B(CCC(=C(B(c3c(C(C)(C)c1,False,,,"['unbalanced_parentheses', 'unmatched_ring_closure', 'parse_failure']",False,0,,True,True,True,True,True,True,False,['invalid_smiles'],,,False,False,False,False,[],[],[],[],invalid,,True,False,False,False
c1cccc2ccccc3)ccccc2)cc1C,False,,,"['unbalanced_parentheses', 'unmatched_ring_closure', 'parse_failure']",False,0,,True,True,True,True,True,True,False,['invalid_smiles'],,,False,False,False,False,[],[],[],[],invalid,,True,False,False,False
Clc1c(Cl)c(Cl)c(Cl)c1Cl)c(C)cc(C)c2c(F)c(F)c(F)c(F)c(F)c(F)c(F)c2F)c2c(Cl)c(Cl)c(Cl)c3cccc1,False,,,"['unbalanced_parentheses', 'unmatched_ring_closure', 'parse_failure']",False,0,,True,True,True,True,True,True,False,['invalid_smiles'],,,False,False,False,False,[],[],[],[],invalid,,True,False,False,False
CC1(C)C1CC(C)C,False,,,['parse_failure'],False,0,,True,True,True,True,True,True,False,['invalid_smiles'],,,False,False,False,False,[],[],[],[],invalid,,True,False,False,False
CC(C)(B(c2c(C)cc(C)c(Cl)c3Cl)c(Cl)c(Cl)c(Cl)c(C)cc(C)c(N(c2cc(-c2cccc4)cccc1,False,,,"['unbalanced_parentheses', 'unmatched_ring_closure', 'parse_failure']",False,0,,True,True,True,True,True,True,False,['invalid_smiles'],,,False,False,False,False,[],[],[],[],invalid,,True,False,False,False
CC(C)(C)C)N1C(C)(C)c1,False,,,"['unbalanced_parentheses', 'parse_failure']",False,0,,True,True,True,True,True,True,False,['invalid_smiles'],,,False,False,False,False,[],[],[],[],invalid,,True,False,False,False
Cc1cc(C)cc(C)cc(C)cc(C)c1c(F)c(F)c(F)c(F)c(F)c(F)c(F)c(F)c(F)c(F)c(B(c3ccccc2)c2ccccc(OB(c2c(F)c(F)c(F)c(F)c1F)c1F,False,,,"['unbalanced_parentheses', 'unmatched_ring_closure', 'parse_failure']",False,0,,True,True,True,True,True,True,False,['invalid_smiles'],,,False,False,False,False,[],[],[],[],invalid,,True,False,False,False
CC(=C(B(c1c(F)c(F)c2F)c2c(Cl)c1Cl,False,,,"['unbalanced_parentheses', 'parse_failure']",False,0,,True,True,True,True,True,True,False,['invalid_smiles'],,,False,False,False,False,[],[],[],[],invalid,,True,False,False,False
CC1(C)c(P(C(C)(B(c2c(F)c1F)c1F,False,,,"['unbalanced_parentheses', 'unmatched_ring_closure', 'parse_failure']",False,0,,True,True,True,True,True,True,False,['invalid_smiles'],,,False,False,False,False,[],[],[],[],invalid,,True,False,False,False
Cc1cc(C)c1,True,CC1=CC(C)=C1,CC1=CC(C)=C1,[],False,20,0.13043478260869565,True,True,True,True,True,True,False,['too_small'],0.0,6.0,True,True,False,False,[],[],[],[],no_LA_LB,,True,False,False,False
Cc1cc(C)cc2C)c([P+]2(c2cccc3O2)c2c(Cl)c(Cl)c(Cl)c(Cl)c(Cl)c(B2c3cccc1)c1c(C)c(P(c2c(Cl)c(Cl)c(Cl)c(Cl)ccccc1B1Oc2cccc2C)c(P(c4c(Cl)c(Cl)c(Cl)c2c(Cl)c1Cl,False,,,"['unbalanced_parentheses', 'unmatched_ring_closure', 'parse_failure']",False,0,,True,True,True,True,True,True,False,['invalid_smiles'],,,False,False,False,False,[],[],[],[],invalid,,True,False,False,False
Cc1ccc(B(c1c(Cl)c(C)cc1,False,,,"['unbalanced_parentheses', 'unmatched_ring_closure', 'parse_failure']",False,0,,True,True,True,True,True,True,False,['invalid_smiles'],,,False,False,False,False,[],[],[],[],invalid,,True,False,False,False
Cc1cccc2cccc(P(CC(C)(C)c1,False,,,"['unbalanced_parentheses', 'unmatched_ring_closure', 'parse_failure']",False,0,,True,True,True,True,True,True,False,['invalid_smiles'],,,False,False,False,False,[],[],[],[],invalid,,True,False,False,False
Cc1cccc3C)C(c1cc(C)cc(C)cc2C)c2c(C)cc2C)c(P(c2ccccccc2)c2c(F)c(F)c(F)c(F)c1F)=C(c1ccccc4)c23)c(Cl)c(Cl)c2c(F)c(F)c(F)c(F)c(F)c(BP(c2c(F)c(F)c1F,False,,,"['unbalanced_parentheses', 'unmatched_ring_closure', 'parse_failure']",False,0,,True,True,True,True,True,True,False,['invalid_smiles'],,,False,False,False,False,[],[],[],[],invalid,,True,False,False,False
Cc1cc(C)cc1C)c1,False,,,"['unbalanced_parentheses', 'unmatched_ring_closure', 'parse_failure']",False,0,,True,True,True,True,True,True,False,['invalid_smiles'],,,False,False,False,False,[],[],[],[],invalid,,True,False,False,False
CC1(C)C)c(P(c3c(F)c1c(Cl)c(Cl)c(Cl)c(Cl)c(Cl)c2c(Cl)c2)c2cccccc1B(c1cc(C)c2c(Cl)c(B2c3cccccc(C(=C(B(c2cc(C)cc(C(F)(F)F)cccc1)C2B(c2c(C)cc1C,False,,,"['unbalanced_parentheses', 'parse_failure']",False,0,,True,True,True,True,True,True,False,['invalid_smiles'],,,False,False,False,False,[],[],[],[],invalid,,True,False,False,False
CCC(C(C)(C)C,False,,,"['unbalanced_parentheses', 'parse_failure']",False,0,,True,True,True,True,True,True,False,['invalid_smiles'],,,False,False,False,False,[],[],[],[],invalid,,True,False,False,False
Cc1cccc2P(c2c(Cl)c(Cl)c(Cl)c2Cl)c1Cl,False,,,"['unmatched_ring_closure', 'parse_failure']",False,0,,True,True,True,True,True,True,False,['invalid_smiles'],,,False,False,False,False,[],[],[],[],invalid,,True,False,False,False
Cc1cc(C)cc1C,False,,,"['kekulization_failure', 'sanitization_failure']",False,0,,True,True,True,True,True,True,False,['invalid_smiles'],,,False,False,False,False,[],[],[],[],invalid,,True,False,False,False
Clc1c(F)c3F)cccc2ccc(B(c2c(F)c(F)c(Cl)c(C(=CCB(c2cccc3c2-c2c-3cccc2)cc1C)c1,False,,,"['unbalanced_parentheses', 'unmatched_ring_closure', 'parse_failure']",False,0,,True,True,True,True,True,True,False,['invalid_smiles'],,,False,False,False,False,[],[],[],[],invalid,,True,False,False,False
CC(C)(C)c1c(Cl)c1Cl)c(B(CCCC(C3)C2B(c2cccccc3)c3c(C)c(P(C(=C(B(c3cccccc1)c1c(Cl)c2)c2ccc3c2-c2cc(C)c1,False,,,"['unbalanced_parentheses', 'unmatched_ring_closure', 'parse_failure']",False,0,,True,True,True,True,True,True,False,['invalid_smiles'],,,False,False,False,False,[],[],[],[],invalid,,True,False,False,False
Bc1cccc1,False,,,"['kekulization_failure', 'sanitization_failure']",False,0,,True,True,True,True,True,True,False,['invalid_smiles'],,,False,False,False,False,[],[],[],[],invalid,,True,False,False,False
ClB(c1c(F)c(F)c1F)c1c(F)c(B(CCP(c1cc(C)c(Cl)c(Cl)c(Cl)c(C2N(Cc3cccc2)c(Cl)c(Cl)c(Cl)c1Cl,False,,,"['unbalanced_parentheses', 'unmatched_ring_closure', 'parse_failure']",False,0,,True,True,True,True,True,True,False,['invalid_smiles'],,,False,False,False,False,[],[],[],[],invalid,,True,False,False,False
Cc1cc(C)cc(C)c(Cl)c(Cl)c(Cl)c1c(F)c(F)c1F,False,,,"['unmatched_ring_closure', 'parse_failure']",False,0,,True,True,True,True,True,True,False,['invalid_smiles'],,,False,False,False,False,[],[],[],[],invalid,,True,False,False,False
CC(=C(B(c2cccccc2O1)C(C)(C)N1Cc1cc(C(F)(F)F)c(F)c(F)c(F)c1c(F)c(F)c(B(c4c(Cl)c(C)c([P+]2(c2c(F)c(F)c(F)c2F)P(c2c(B(c2c(Cl)c(Cl)c3Cl)c(Cl)c3Cl)c(C)cc2C)C2CCCCB(c1c(Cl)c1C,False,,,"['reached_max_length', 'unbalanced_parentheses', 'unmatched_ring_closure', 'parse_failure']",False,0,,True,True,True,True,True,True,False,['invalid_smiles'],,,False,False,False,False,[],[],[],[],invalid,,True,False,False,False
Cc1ccc2)c(F)c(B(c3c(F)c(F)c(F)c2F)c(F)c(F)c(F)c(F)c(F)c4F)cccc2ccccc3)c3c(Cl)c(Cl)c(Cl)c2Cl)c(Cl)c(Cl)c(Cl)c(Cl)c1c(Cl)c(Cl)c(B(c3c(Cl)c(Cl)c(Cl)c(Cl)c2C)c([P+]2(c2c(F)c,False,,,"['reached_max_length', 'unmatched_ring_closure', 'parse_failure']",False,0,,True,True,True,True,True,True,False,['invalid_smiles'],,,False,False,False,False,[],[],[],[],invalid,,True,False,False,False
CC1(C)c1,False,,,['parse_failure'],False,0,,True,True,True,True,True,True,False,['invalid_smiles'],,,False,False,False,False,[],[],[],[],invalid,,True,False,False,False
